# https://github.com/mikedh/trimesh
v -0.04697043 0.05087178 0.01599962
v -0.04870687 0.05038602 0.01599917
v -0.05051518 0.04494698 0.01599977
v -0.04782232 0.04261529 0.01599962
v -0.04636647 0.04246508 0.01599962
v -0.04271731 0.04513086 0.01599917
v -0.04246511 0.04697041 0.01599962
v 0.05072156 0.04551457 0.01599962
v 0.05087178 0.04697043 0.01599962
v 0.04482822 0.04287712 0.01599977
v -0.05008251 0.04913896 0.01599962
v -0.04373527 0.04364258 0.01599962
v -0.05072159 0.04782230 0.01599962
v -0.05087181 0.04636645 0.01599962
v -0.04551457 0.05072156 0.01599962
v -0.04295086 0.04870684 0.01599917
v 0.04782230 0.05072159 0.01599962
v 0.04636645 0.05087181 0.01599962
v 0.05008248 0.04419791 0.01599962
v -0.04419791 0.05008248 0.01599962
v 0.04246508 0.04636647 0.01599962
v 0.04282185 0.04494708 0.01599962
v 0.04325437 0.04913899 0.01599962
v 0.04261529 0.04782232 0.01599962
v 0.05038602 0.04870687 0.01599917
v 0.04913896 0.05008252 0.01599962
v 0.04551457 -0.05072155 0.01599962
v 0.04697043 -0.05087177 0.01599962
v 0.04246495 -0.04697043 0.01599977
v 0.05072159 -0.04782230 0.01599962
v 0.05087181 -0.04636645 0.01599962
v 0.05038605 -0.04463001 0.01599917
v 0.04870687 -0.05038602 0.01599917
v 0.04419791 -0.05008248 0.01599962
v 0.04364258 0.04373528 0.01599962
v 0.04463002 0.05038605 0.01599917
v 0.04657494 0.04242971 0.01599917
v 0.04870683 0.04295086 0.01599917
v 0.04494708 -0.04282185 0.01599962
v 0.04373527 -0.04364258 0.01599962
v -0.04636645 -0.05087181 0.01599962
v -0.04463002 -0.05038605 0.01599917
v -0.05087193 -0.04697044 0.01599977
v -0.04782230 -0.05072158 0.01599962
v -0.04325437 -0.04913899 0.01599962
v -0.04261529 -0.04782232 0.01599962
v 0.04295086 -0.04870683 0.01599917
v -0.04697041 -0.04246511 0.01599962
v -0.04870683 -0.04295086 0.01599917
v -0.04282185 -0.04494708 0.01599962
v -0.04364258 -0.04373527 0.01599962
v 0.04636647 -0.04246508 0.01599962
v 0.04271731 -0.04513086 0.01599917
v -0.04246508 -0.04636647 0.01599962
v 0.04913899 -0.04325437 0.01599962
v 0.04782232 -0.04261529 0.01599962
v 0.05008251 -0.04913895 0.01599962
v -0.05038602 -0.04870686 0.01599917
v -0.04913896 -0.05008251 0.01599962
v -0.04513086 -0.04271731 0.01599917
v -0.05008248 -0.04419791 0.01599962
v -0.05072156 -0.04551457 0.01599962
v -0.04494708 0.04282185 0.01599962
v -0.04946467 0.04348146 0.01599917
v -0.04697041 -0.04246511 0.01599962
v -0.04676859 -0.04212673 0.01629935
v -0.04870683 -0.04295086 0.01599917
v -0.04870683 -0.04295086 0.01599917
v -0.04676859 -0.04212673 0.01629935
v -0.04864006 -0.04260641 0.01629967
v -0.04870683 -0.04295086 0.01599917
v -0.04864006 -0.04260641 0.01629967
v -0.04991046 -0.04352573 0.01629967
v -0.04870683 -0.04295086 0.01599917
v -0.04991046 -0.04352573 0.01629967
v -0.05008248 -0.04419791 0.01599962
v -0.05008248 -0.04419791 0.01599962
v -0.04991046 -0.04352573 0.01629967
v -0.05097050 -0.04520921 0.01629935
v -0.05008248 -0.04419791 0.01599962
v -0.05097050 -0.04520921 0.01629935
v -0.05072156 -0.04551457 0.01599962
v -0.05072156 -0.04551457 0.01599962
v -0.05097050 -0.04520921 0.01629935
v -0.05087193 -0.04697044 0.01599977
v -0.05087193 -0.04697044 0.01599977
v -0.05097050 -0.04520921 0.01629935
v -0.05115984 -0.04713187 0.01629967
v -0.05087193 -0.04697044 0.01599977
v -0.05115984 -0.04713187 0.01629967
v -0.05038602 -0.04870686 0.01599917
v -0.05038602 -0.04870686 0.01599917
v -0.05115984 -0.04713187 0.01629967
v -0.05055161 -0.04902604 0.01629935
v -0.05038602 -0.04870686 0.01599917
v -0.05055161 -0.04902604 0.01629935
v -0.04913896 -0.05008251 0.01599962
v -0.04913896 -0.05008251 0.01599962
v -0.05055161 -0.04902604 0.01629935
v -0.04920044 -0.05040696 0.01629967
v -0.04913896 -0.05008251 0.01599962
v -0.04920044 -0.05040696 0.01629967
v -0.04782230 -0.05072158 0.01599962
v -0.04782230 -0.05072158 0.01599962
v -0.04920044 -0.05040696 0.01629967
v -0.04776915 -0.05104749 0.01629967
v -0.04782230 -0.05072158 0.01599962
v -0.04776915 -0.05104749 0.01629967
v -0.04636645 -0.05087181 0.01599962
v -0.04636645 -0.05087181 0.01599962
v -0.04776915 -0.05104749 0.01629967
v -0.04620502 -0.05115987 0.01629967
v -0.04636645 -0.05087181 0.01599962
v -0.04620502 -0.05115987 0.01629967
v -0.04463002 -0.05038605 0.01599917
v -0.04463002 -0.05038605 0.01599917
v -0.04620502 -0.05115987 0.01629967
v -0.04431083 -0.05055163 0.01629935
v -0.04463002 -0.05038605 0.01599917
v -0.04431083 -0.05055163 0.01629935
v -0.04325437 -0.04913899 0.01599962
v -0.04325437 -0.04913899 0.01599962
v -0.04431083 -0.05055163 0.01629935
v -0.04268509 -0.04885257 0.01629935
v -0.04325437 -0.04913899 0.01599962
v -0.04268509 -0.04885257 0.01629935
v -0.04261529 -0.04782232 0.01599962
v -0.04261529 -0.04782232 0.01599962
v -0.04268509 -0.04885257 0.01629935
v -0.04216478 -0.04699201 0.01629967
v -0.04261529 -0.04782232 0.01599962
v -0.04216478 -0.04699201 0.01629967
v -0.04246508 -0.04636647 0.01599962
v -0.04246508 -0.04636647 0.01599962
v -0.04216478 -0.04699201 0.01629967
v -0.04243486 -0.04502097 0.01629935
v -0.04246508 -0.04636647 0.01599962
v -0.04243486 -0.04502097 0.01629935
v -0.04282185 -0.04494708 0.01599962
v -0.04282185 -0.04494708 0.01599962
v -0.04243486 -0.04502097 0.01629935
v -0.04364258 -0.04373527 0.01599962
v -0.04364258 -0.04373527 0.01599962
v -0.04243486 -0.04502097 0.01629935
v -0.04352569 -0.04342643 0.01629967
v -0.04364258 -0.04373527 0.01599962
v -0.04352569 -0.04342643 0.01629967
v -0.04513086 -0.04271731 0.01599917
v -0.04513086 -0.04271731 0.01599917
v -0.04352569 -0.04342643 0.01629967
v -0.04482404 -0.04254707 0.01629967
v -0.04513086 -0.04271731 0.01599917
v -0.04482404 -0.04254707 0.01629967
v -0.04676859 -0.04212673 0.01629935
v -0.04513086 -0.04271731 0.01599917
v -0.04676859 -0.04212673 0.01629935
v -0.04697041 -0.04246511 0.01599962
v -0.04697043 0.05087178 0.01599962
v -0.04713187 0.05115984 0.01629967
v -0.04870687 0.05038602 0.01599917
v -0.04870687 0.05038602 0.01599917
v -0.04713187 0.05115984 0.01629967
v -0.04902604 0.05055161 0.01629935
v -0.04870687 0.05038602 0.01599917
v -0.04902604 0.05055161 0.01629935
v -0.05008251 0.04913896 0.01599962
v -0.05008251 0.04913896 0.01599962
v -0.04902604 0.05055161 0.01629935
v -0.05040696 0.04920044 0.01629967
v -0.05008251 0.04913896 0.01599962
v -0.05040696 0.04920044 0.01629967
v -0.05072159 0.04782230 0.01599962
v -0.05072159 0.04782230 0.01599962
v -0.05040696 0.04920044 0.01629967
v -0.05104749 0.04776915 0.01629967
v -0.05072159 0.04782230 0.01599962
v -0.05104749 0.04776915 0.01629967
v -0.05087181 0.04636645 0.01599962
v -0.05087181 0.04636645 0.01599962
v -0.05104749 0.04776915 0.01629967
v -0.05115987 0.04620502 0.01629967
v -0.05087181 0.04636645 0.01599962
v -0.05115987 0.04620502 0.01629967
v -0.05051518 0.04494698 0.01599977
v -0.05051518 0.04494698 0.01599977
v -0.05115987 0.04620502 0.01629967
v -0.05055163 0.04431083 0.01629935
v -0.05051518 0.04494698 0.01599977
v -0.05055163 0.04431083 0.01629935
v -0.04946467 0.04348146 0.01599917
v -0.04946467 0.04348146 0.01599917
v -0.05055163 0.04431083 0.01629935
v -0.04885257 0.04268509 0.01629935
v -0.04946467 0.04348146 0.01599917
v -0.04885257 0.04268509 0.01629935
v -0.04782232 0.04261529 0.01599962
v -0.04782232 0.04261529 0.01599962
v -0.04885257 0.04268509 0.01629935
v -0.04699201 0.04216478 0.01629967
v -0.04782232 0.04261529 0.01599962
v -0.04699201 0.04216478 0.01629967
v -0.04636647 0.04246508 0.01599962
v -0.04636647 0.04246508 0.01599962
v -0.04699201 0.04216478 0.01629967
v -0.04502097 0.04243486 0.01629935
v -0.04636647 0.04246508 0.01599962
v -0.04502097 0.04243486 0.01629935
v -0.04494708 0.04282185 0.01599962
v -0.04494708 0.04282185 0.01599962
v -0.04502097 0.04243486 0.01629935
v -0.04373527 0.04364258 0.01599962
v -0.04373527 0.04364258 0.01599962
v -0.04502097 0.04243486 0.01629935
v -0.04342643 0.04352569 0.01629967
v -0.04373527 0.04364258 0.01599962
v -0.04342643 0.04352569 0.01629967
v -0.04271731 0.04513086 0.01599917
v -0.04271731 0.04513086 0.01599917
v -0.04342643 0.04352569 0.01629967
v -0.04254707 0.04482404 0.01629967
v -0.04271731 0.04513086 0.01599917
v -0.04254707 0.04482404 0.01629967
v -0.04212673 0.04676859 0.01629935
v -0.04271731 0.04513086 0.01599917
v -0.04212673 0.04676859 0.01629935
v -0.04246511 0.04697041 0.01599962
v -0.04246511 0.04697041 0.01599962
v -0.04212673 0.04676859 0.01629935
v -0.04295086 0.04870684 0.01599917
v -0.04295086 0.04870684 0.01599917
v -0.04212673 0.04676859 0.01629935
v -0.04260641 0.04864006 0.01629967
v -0.04295086 0.04870684 0.01599917
v -0.04260641 0.04864006 0.01629967
v -0.04352573 0.04991046 0.01629967
v -0.04295086 0.04870684 0.01599917
v -0.04352573 0.04991046 0.01629967
v -0.04419791 0.05008248 0.01599962
v -0.04419791 0.05008248 0.01599962
v -0.04352573 0.04991046 0.01629967
v -0.04520921 0.05097050 0.01629935
v -0.04419791 0.05008248 0.01599962
v -0.04520921 0.05097050 0.01629935
v -0.04551457 0.05072156 0.01599962
v -0.04551457 0.05072156 0.01599962
v -0.04520921 0.05097050 0.01629935
v -0.04697043 0.05087178 0.01599962
v -0.04697043 0.05087178 0.01599962
v -0.04520921 0.05097050 0.01629935
v -0.04713187 0.05115984 0.01629967
v 0.04636645 0.05087181 0.01599962
v 0.04620502 0.05115987 0.01629967
v 0.04463002 0.05038605 0.01599917
v 0.04463002 0.05038605 0.01599917
v 0.04620502 0.05115987 0.01629967
v 0.04431083 0.05055163 0.01629935
v 0.04463002 0.05038605 0.01599917
v 0.04431083 0.05055163 0.01629935
v 0.04325437 0.04913899 0.01599962
v 0.04325437 0.04913899 0.01599962
v 0.04431083 0.05055163 0.01629935
v 0.04268509 0.04885257 0.01629935
v 0.04325437 0.04913899 0.01599962
v 0.04268509 0.04885257 0.01629935
v 0.04261529 0.04782232 0.01599962
v 0.04261529 0.04782232 0.01599962
v 0.04268509 0.04885257 0.01629935
v 0.04216478 0.04699201 0.01629967
v 0.04261529 0.04782232 0.01599962
v 0.04216478 0.04699201 0.01629967
v 0.04246508 0.04636647 0.01599962
v 0.04246508 0.04636647 0.01599962
v 0.04216478 0.04699201 0.01629967
v 0.04243486 0.04502097 0.01629935
v 0.04246508 0.04636647 0.01599962
v 0.04243486 0.04502097 0.01629935
v 0.04282185 0.04494708 0.01599962
v 0.04282185 0.04494708 0.01599962
v 0.04243486 0.04502097 0.01629935
v 0.04364258 0.04373528 0.01599962
v 0.04364258 0.04373528 0.01599962
v 0.04243486 0.04502097 0.01629935
v 0.04352569 0.04342643 0.01629967
v 0.04364258 0.04373528 0.01599962
v 0.04352569 0.04342643 0.01629967
v 0.04482822 0.04287712 0.01599977
v 0.04482822 0.04287712 0.01599977
v 0.04352569 0.04342643 0.01629967
v 0.04482404 0.04254707 0.01629967
v 0.04482822 0.04287712 0.01599977
v 0.04482404 0.04254707 0.01629967
v 0.04657494 0.04242971 0.01599917
v 0.04657494 0.04242971 0.01599917
v 0.04482404 0.04254707 0.01629967
v 0.04676859 0.04212673 0.01629935
v 0.04657494 0.04242971 0.01599917
v 0.04676859 0.04212673 0.01629935
v 0.04870683 0.04295086 0.01599917
v 0.04870683 0.04295086 0.01599917
v 0.04676859 0.04212673 0.01629935
v 0.04864006 0.04260641 0.01629967
v 0.04870683 0.04295086 0.01599917
v 0.04864006 0.04260641 0.01629967
v 0.04991046 0.04352573 0.01629967
v 0.04870683 0.04295086 0.01599917
v 0.04991046 0.04352573 0.01629967
v 0.05008248 0.04419791 0.01599962
v 0.05008248 0.04419791 0.01599962
v 0.04991046 0.04352573 0.01629967
v 0.05097050 0.04520921 0.01629935
v 0.05008248 0.04419791 0.01599962
v 0.05097050 0.04520921 0.01629935
v 0.05072156 0.04551457 0.01599962
v 0.05072156 0.04551457 0.01599962
v 0.05097050 0.04520921 0.01629935
v 0.05087178 0.04697043 0.01599962
v 0.05087178 0.04697043 0.01599962
v 0.05097050 0.04520921 0.01629935
v 0.05115984 0.04713187 0.01629967
v 0.05087178 0.04697043 0.01599962
v 0.05115984 0.04713187 0.01629967
v 0.05038602 0.04870687 0.01599917
v 0.05038602 0.04870687 0.01599917
v 0.05115984 0.04713187 0.01629967
v 0.05055161 0.04902604 0.01629935
v 0.05038602 0.04870687 0.01599917
v 0.05055161 0.04902604 0.01629935
v 0.04913896 0.05008252 0.01599962
v 0.04913896 0.05008252 0.01599962
v 0.05055161 0.04902604 0.01629935
v 0.04920044 0.05040696 0.01629967
v 0.04913896 0.05008252 0.01599962
v 0.04920044 0.05040696 0.01629967
v 0.04782230 0.05072159 0.01599962
v 0.04782230 0.05072159 0.01599962
v 0.04920044 0.05040696 0.01629967
v 0.04776915 0.05104749 0.01629967
v 0.04782230 0.05072159 0.01599962
v 0.04776915 0.05104749 0.01629967
v 0.04636645 0.05087181 0.01599962
v 0.04636645 0.05087181 0.01599962
v 0.04776915 0.05104749 0.01629967
v 0.04620502 0.05115987 0.01629967
v 0.04636647 -0.04246508 0.01599962
v 0.04502097 -0.04243485 0.01629935
v 0.04494708 -0.04282185 0.01599962
v 0.04494708 -0.04282185 0.01599962
v 0.04502097 -0.04243485 0.01629935
v 0.04373527 -0.04364258 0.01599962
v 0.04373527 -0.04364258 0.01599962
v 0.04502097 -0.04243485 0.01629935
v 0.04342643 -0.04352569 0.01629967
v 0.04373527 -0.04364258 0.01599962
v 0.04342643 -0.04352569 0.01629967
v 0.04271731 -0.04513086 0.01599917
v 0.04271731 -0.04513086 0.01599917
v 0.04342643 -0.04352569 0.01629967
v 0.04254707 -0.04482404 0.01629967
v 0.04271731 -0.04513086 0.01599917
v 0.04254707 -0.04482404 0.01629967
v 0.04212673 -0.04676859 0.01629935
v 0.04271731 -0.04513086 0.01599917
v 0.04212673 -0.04676859 0.01629935
v 0.04246495 -0.04697043 0.01599977
v 0.04246495 -0.04697043 0.01599977
v 0.04212673 -0.04676859 0.01629935
v 0.04295086 -0.04870683 0.01599917
v 0.04295086 -0.04870683 0.01599917
v 0.04212673 -0.04676859 0.01629935
v 0.04260641 -0.04864005 0.01629967
v 0.04295086 -0.04870683 0.01599917
v 0.04260641 -0.04864005 0.01629967
v 0.04352573 -0.04991046 0.01629967
v 0.04295086 -0.04870683 0.01599917
v 0.04352573 -0.04991046 0.01629967
v 0.04419791 -0.05008248 0.01599962
v 0.04419791 -0.05008248 0.01599962
v 0.04352573 -0.04991046 0.01629967
v 0.04520921 -0.05097050 0.01629935
v 0.04419791 -0.05008248 0.01599962
v 0.04520921 -0.05097050 0.01629935
v 0.04551457 -0.05072155 0.01599962
v 0.04551457 -0.05072155 0.01599962
v 0.04520921 -0.05097050 0.01629935
v 0.04697043 -0.05087177 0.01599962
v 0.04697043 -0.05087177 0.01599962
v 0.04520921 -0.05097050 0.01629935
v 0.04713187 -0.05115984 0.01629967
v 0.04697043 -0.05087177 0.01599962
v 0.04713187 -0.05115984 0.01629967
v 0.04870687 -0.05038602 0.01599917
v 0.04870687 -0.05038602 0.01599917
v 0.04713187 -0.05115984 0.01629967
v 0.04902604 -0.05055161 0.01629935
v 0.04870687 -0.05038602 0.01599917
v 0.04902604 -0.05055161 0.01629935
v 0.05008251 -0.04913895 0.01599962
v 0.05008251 -0.04913895 0.01599962
v 0.04902604 -0.05055161 0.01629935
v 0.05040696 -0.04920044 0.01629967
v 0.05008251 -0.04913895 0.01599962
v 0.05040696 -0.04920044 0.01629967
v 0.05072159 -0.04782230 0.01599962
v 0.05072159 -0.04782230 0.01599962
v 0.05040696 -0.04920044 0.01629967
v 0.05104749 -0.04776915 0.01629967
v 0.05072159 -0.04782230 0.01599962
v 0.05104749 -0.04776915 0.01629967
v 0.05087181 -0.04636645 0.01599962
v 0.05087181 -0.04636645 0.01599962
v 0.05104749 -0.04776915 0.01629967
v 0.05115987 -0.04620502 0.01629967
v 0.05087181 -0.04636645 0.01599962
v 0.05115987 -0.04620502 0.01629967
v 0.05038605 -0.04463001 0.01599917
v 0.05038605 -0.04463001 0.01599917
v 0.05115987 -0.04620502 0.01629967
v 0.05055163 -0.04431083 0.01629935
v 0.05038605 -0.04463001 0.01599917
v 0.05055163 -0.04431083 0.01629935
v 0.04913899 -0.04325437 0.01599962
v 0.04913899 -0.04325437 0.01599962
v 0.05055163 -0.04431083 0.01629935
v 0.04885257 -0.04268509 0.01629935
v 0.04913899 -0.04325437 0.01599962
v 0.04885257 -0.04268509 0.01629935
v 0.04782232 -0.04261529 0.01599962
v 0.04782232 -0.04261529 0.01599962
v 0.04885257 -0.04268509 0.01629935
v 0.04699201 -0.04216478 0.01629967
v 0.04782232 -0.04261529 0.01599962
v 0.04699201 -0.04216478 0.01629967
v 0.04636647 -0.04246508 0.01599962
v 0.04636647 -0.04246508 0.01599962
v 0.04699201 -0.04216478 0.01629967
v 0.04502097 -0.04243485 0.01629935
v -0.04431083 -0.05055163 0.01629935
v -0.04501738 -0.05323721 0.01629979
v -0.04329346 -0.05251405 0.01629979
v -0.04195418 -0.05153162 0.01629979
v -0.04268509 -0.04885257 0.01629935
v -0.04057519 -0.04962598 0.01629979
v -0.04216478 -0.04699201 0.01629967
v -0.03993113 -0.04736361 0.01629979
v -0.04243486 -0.04502097 0.01629935
v -0.04002106 -0.04549634 0.01629979
v -0.04048618 -0.04390182 0.01629979
v -0.04352569 -0.04342643 0.01629967
v -0.04180526 -0.04195422 0.01629979
v -0.04482404 -0.04254707 0.01629967
v -0.04371091 -0.04057522 0.01629979
v -0.04676859 -0.04212673 0.01629935
v -0.04597328 -0.03993116 0.01629979
v -0.04784054 -0.04002109 0.01629979
v -0.04864006 -0.04260641 0.01629967
v -0.04943506 -0.04048621 0.01629979
v -0.04991046 -0.04352573 0.01629967
v -0.05138267 -0.04180528 0.01629979
v -0.05097050 -0.04520921 0.01629935
v -0.05276167 -0.04371094 0.01629979
v -0.05340573 -0.04597328 0.01629979
v -0.05115984 -0.04713187 0.01629967
v -0.05323718 -0.04831951 0.01629979
v -0.05055161 -0.04902604 0.01629935
v -0.05251402 -0.05004341 0.01629979
v -0.05153159 -0.05138270 0.01629979
v -0.04920044 -0.05040696 0.01629967
v -0.04962595 -0.05276170 0.01629979
v -0.04776915 -0.05104749 0.01629967
v -0.04736361 -0.05340576 0.01629979
v -0.04620502 -0.05115987 0.01629967
v -0.04699201 0.04216478 0.01629967
v -0.04736361 0.03993113 0.01629979
v -0.04502097 0.04243486 0.01629935
v -0.04549634 0.04002106 0.01629979
v -0.04390182 0.04048618 0.01629979
v -0.04342643 0.04352569 0.01629967
v -0.04195422 0.04180526 0.01629979
v -0.04254707 0.04482404 0.01629967
v -0.04057522 0.04371091 0.01629979
v -0.04212673 0.04676859 0.01629935
v -0.03993116 0.04597328 0.01629979
v -0.04002109 0.04784054 0.01629979
v -0.04260641 0.04864006 0.01629967
v -0.04048621 0.04943506 0.01629979
v -0.04352573 0.04991046 0.01629967
v -0.04180528 0.05138267 0.01629979
v -0.04520921 0.05097050 0.01629935
v -0.04371094 0.05276167 0.01629979
v -0.04597328 0.05340573 0.01629979
v -0.04713187 0.05115984 0.01629967
v -0.04831951 0.05323718 0.01629979
v -0.04902604 0.05055161 0.01629935
v -0.05004342 0.05251402 0.01629979
v -0.05138270 0.05153159 0.01629979
v -0.05040696 0.04920044 0.01629967
v -0.05276170 0.04962595 0.01629979
v -0.05104749 0.04776915 0.01629967
v -0.05340576 0.04736361 0.01629979
v -0.05115987 0.04620502 0.01629967
v -0.05323721 0.04501738 0.01629979
v -0.05055163 0.04431083 0.01629935
v -0.05251405 0.04329346 0.01629979
v -0.05153162 0.04195418 0.01629979
v -0.04885257 0.04268509 0.01629935
v -0.04962598 0.04057519 0.01629979
v 0.04676859 0.04212673 0.01629935
v 0.04597328 0.03993116 0.01629979
v 0.04784054 0.04002109 0.01629979
v 0.04864006 0.04260641 0.01629967
v 0.04943506 0.04048621 0.01629979
v 0.04991046 0.04352573 0.01629967
v 0.05138267 0.04180528 0.01629979
v 0.05097050 0.04520921 0.01629935
v 0.05276167 0.04371094 0.01629979
v 0.05340573 0.04597328 0.01629979
v 0.05115984 0.04713187 0.01629967
v 0.05323718 0.04831951 0.01629979
v 0.05055161 0.04902604 0.01629935
v 0.05251402 0.05004342 0.01629979
v 0.05153159 0.05138270 0.01629979
v 0.04920044 0.05040696 0.01629967
v 0.04962595 0.05276170 0.01629979
v 0.04776915 0.05104749 0.01629967
v 0.04736361 0.05340576 0.01629979
v 0.04620502 0.05115987 0.01629967
v 0.04501738 0.05323721 0.01629979
v 0.04431083 0.05055163 0.01629935
v 0.04329346 0.05251405 0.01629979
v 0.04195418 0.05153162 0.01629979
v 0.04268509 0.04885257 0.01629935
v 0.04057519 0.04962598 0.01629979
v 0.04216478 0.04699201 0.01629967
v 0.03993113 0.04736361 0.01629979
v 0.04243486 0.04502097 0.01629935
v 0.04002106 0.04549634 0.01629979
v 0.04048618 0.04390183 0.01629979
v 0.04352569 0.04342643 0.01629967
v 0.04180526 0.04195422 0.01629979
v 0.04482404 0.04254707 0.01629967
v 0.04371091 0.04057522 0.01629979
v 0.04502097 -0.04243485 0.01629935
v 0.04390182 -0.04048618 0.01629979
v 0.04342643 -0.04352569 0.01629967
v 0.04195422 -0.04180526 0.01629979
v 0.04254707 -0.04482404 0.01629967
v 0.04057522 -0.04371091 0.01629979
v 0.04212673 -0.04676859 0.01629935
v 0.03993116 -0.04597328 0.01629979
v 0.04002109 -0.04784054 0.01629979
v 0.04260641 -0.04864005 0.01629967
v 0.04048621 -0.04943505 0.01629979
v 0.04352573 -0.04991046 0.01629967
v 0.04180528 -0.05138267 0.01629979
v 0.04520921 -0.05097050 0.01629935
v 0.04371094 -0.05276167 0.01629979
v 0.04597328 -0.05340573 0.01629979
v 0.04713187 -0.05115984 0.01629967
v 0.04831951 -0.05323718 0.01629979
v 0.04902604 -0.05055161 0.01629935
v 0.05004342 -0.05251402 0.01629979
v 0.05138270 -0.05153159 0.01629979
v 0.05040696 -0.04920044 0.01629967
v 0.05276170 -0.04962595 0.01629979
v 0.05104749 -0.04776915 0.01629967
v 0.05340576 -0.04736361 0.01629979
v 0.05115987 -0.04620502 0.01629967
v 0.05323721 -0.04501738 0.01629979
v 0.05055163 -0.04431083 0.01629935
v 0.05251405 -0.04329346 0.01629979
v 0.05153162 -0.04195418 0.01629979
v 0.04885257 -0.04268509 0.01629935
v 0.04962598 -0.04057519 0.01629979
v 0.04699201 -0.04216478 0.01629967
v 0.04736361 -0.03993112 0.01629979
v 0.04549634 -0.04002106 0.01629979
v -0.04597328 -0.03993116 0.01629979
v -0.04729417 -0.03992326 0.02499703
v -0.04784054 -0.04002109 0.01629979
v -0.04784054 -0.04002109 0.01629979
v -0.04729417 -0.03992326 0.02499703
v -0.04943506 -0.04048621 0.01629979
v -0.04943506 -0.04048621 0.01629979
v -0.04729417 -0.03992326 0.02499703
v -0.04897703 -0.04032561 0.02499968
v -0.04943506 -0.04048621 0.01629979
v -0.04897703 -0.04032561 0.02499968
v -0.05058295 -0.04113982 0.02499703
v -0.04943506 -0.04048621 0.01629979
v -0.05058295 -0.04113982 0.02499703
v -0.05138267 -0.04180528 0.01629979
v -0.05138267 -0.04180528 0.01629979
v -0.05058295 -0.04113982 0.02499703
v -0.05223777 -0.04281207 0.02499703
v -0.05138267 -0.04180528 0.01629979
v -0.05223777 -0.04281207 0.02499703
v -0.05276167 -0.04371094 0.01629979
v -0.05276167 -0.04371094 0.01629979
v -0.05223777 -0.04281207 0.02499703
v -0.05301127 -0.04435985 0.02499968
v -0.05276167 -0.04371094 0.01629979
v -0.05301127 -0.04435985 0.02499968
v -0.05340573 -0.04597328 0.01629979
v -0.05340573 -0.04597328 0.01629979
v -0.05301127 -0.04435985 0.02499968
v -0.05341981 -0.04611338 0.02499704
v -0.05340573 -0.04597328 0.01629979
v -0.05341981 -0.04611338 0.02499704
v -0.05323718 -0.04831951 0.01629979
v -0.05323718 -0.04831951 0.01629979
v -0.05341981 -0.04611338 0.02499704
v -0.05320249 -0.04845598 0.02499703
v -0.05323718 -0.04831951 0.01629979
v -0.05320249 -0.04845598 0.02499703
v -0.05251402 -0.05004341 0.01629979
v -0.05251402 -0.05004341 0.01629979
v -0.05320249 -0.04845598 0.02499703
v -0.05251402 -0.05004341 0.02499968
v -0.05251402 -0.05004341 0.01629979
v -0.05251402 -0.05004341 0.02499968
v -0.05153159 -0.05138270 0.01629979
v -0.05153159 -0.05138270 0.01629979
v -0.05251402 -0.05004341 0.02499968
v -0.05143334 -0.05148354 0.02499703
v -0.05153159 -0.05138270 0.01629979
v -0.05143334 -0.05148354 0.02499703
v -0.04962595 -0.05276170 0.01629979
v -0.04962595 -0.05276170 0.01629979
v -0.05143334 -0.05148354 0.02499703
v -0.04949912 -0.05282285 0.02499703
v -0.04962595 -0.05276170 0.01629979
v -0.04949912 -0.05282285 0.02499703
v -0.04736361 -0.05340576 0.01629979
v -0.04736361 -0.05340576 0.01629979
v -0.04949912 -0.05282285 0.02499703
v -0.04722351 -0.05341984 0.02499704
v -0.04736361 -0.05340576 0.01629979
v -0.04722351 -0.05341984 0.02499704
v -0.04501738 -0.05323721 0.01629979
v -0.04501738 -0.05323721 0.01629979
v -0.04722351 -0.05341984 0.02499704
v -0.04488090 -0.05320252 0.02499703
v -0.04501738 -0.05323721 0.01629979
v -0.04488090 -0.05320252 0.02499703
v -0.04329346 -0.05251405 0.01629979
v -0.04329346 -0.05251405 0.01629979
v -0.04488090 -0.05320252 0.02499703
v -0.04329346 -0.05251405 0.02499968
v -0.04329346 -0.05251405 0.01629979
v -0.04329346 -0.05251405 0.02499968
v -0.04195418 -0.05153162 0.01629979
v -0.04195418 -0.05153162 0.01629979
v -0.04329346 -0.05251405 0.02499968
v -0.04185335 -0.05143335 0.02499703
v -0.04195418 -0.05153162 0.01629979
v -0.04185335 -0.05143335 0.02499703
v -0.04057519 -0.04962598 0.01629979
v -0.04057519 -0.04962598 0.01629979
v -0.04185335 -0.05143335 0.02499703
v -0.04082283 -0.05004341 0.02499968
v -0.04057519 -0.04962598 0.01629979
v -0.04082283 -0.05004341 0.02499968
v -0.04011599 -0.04838743 0.02499703
v -0.04057519 -0.04962598 0.01629979
v -0.04011599 -0.04838743 0.02499703
v -0.03993113 -0.04736361 0.01629979
v -0.03993113 -0.04736361 0.01629979
v -0.04011599 -0.04838743 0.02499703
v -0.03992323 -0.04604270 0.02499703
v -0.03993113 -0.04736361 0.01629979
v -0.03992323 -0.04604270 0.02499703
v -0.04002106 -0.04549634 0.01629979
v -0.04002106 -0.04549634 0.01629979
v -0.03992323 -0.04604270 0.02499703
v -0.04048618 -0.04390182 0.01629979
v -0.04048618 -0.04390182 0.01629979
v -0.03992323 -0.04604270 0.02499703
v -0.04054403 -0.04377345 0.02499703
v -0.04048618 -0.04390182 0.01629979
v -0.04054403 -0.04377345 0.02499703
v -0.04180526 -0.04195422 0.01629979
v -0.04180526 -0.04195422 0.01629979
v -0.04054403 -0.04377345 0.02499703
v -0.04190352 -0.04185338 0.02499703
v -0.04180526 -0.04195422 0.01629979
v -0.04190352 -0.04185338 0.02499703
v -0.04371091 -0.04057522 0.01629979
v -0.04371091 -0.04057522 0.01629979
v -0.04190352 -0.04185338 0.02499703
v -0.04329346 -0.04082286 0.02499968
v -0.04371091 -0.04057522 0.01629979
v -0.04329346 -0.04082286 0.02499968
v -0.04494945 -0.04011602 0.02499703
v -0.04371091 -0.04057522 0.01629979
v -0.04494945 -0.04011602 0.02499703
v -0.04597328 -0.03993116 0.01629979
v -0.04597328 -0.03993116 0.01629979
v -0.04494945 -0.04011602 0.02499703
v -0.04729417 -0.03992326 0.02499703
v -0.04597328 0.05340573 0.01629979
v -0.04611338 0.05341981 0.02499703
v -0.04831951 0.05323718 0.01629979
v -0.04831951 0.05323718 0.01629979
v -0.04611338 0.05341981 0.02499703
v -0.04845598 0.05320250 0.02499702
v -0.04831951 0.05323718 0.01629979
v -0.04845598 0.05320250 0.02499702
v -0.05004342 0.05251402 0.01629979
v -0.05004342 0.05251402 0.01629979
v -0.04845598 0.05320250 0.02499702
v -0.05004342 0.05251402 0.02499967
v -0.05004342 0.05251402 0.01629979
v -0.05004342 0.05251402 0.02499967
v -0.05138270 0.05153159 0.01629979
v -0.05138270 0.05153159 0.01629979
v -0.05004342 0.05251402 0.02499967
v -0.05148354 0.05143334 0.02499702
v -0.05138270 0.05153159 0.01629979
v -0.05148354 0.05143334 0.02499702
v -0.05276170 0.04962595 0.01629979
v -0.05276170 0.04962595 0.01629979
v -0.05148354 0.05143334 0.02499702
v -0.05282285 0.04949912 0.02499702
v -0.05276170 0.04962595 0.01629979
v -0.05282285 0.04949912 0.02499702
v -0.05340576 0.04736361 0.01629979
v -0.05340576 0.04736361 0.01629979
v -0.05282285 0.04949912 0.02499702
v -0.05341984 0.04722351 0.02499703
v -0.05340576 0.04736361 0.01629979
v -0.05341984 0.04722351 0.02499703
v -0.05323721 0.04501738 0.01629979
v -0.05323721 0.04501738 0.01629979
v -0.05341984 0.04722351 0.02499703
v -0.05320252 0.04488090 0.02499702
v -0.05323721 0.04501738 0.01629979
v -0.05320252 0.04488090 0.02499702
v -0.05251405 0.04329346 0.01629979
v -0.05251405 0.04329346 0.01629979
v -0.05320252 0.04488090 0.02499702
v -0.05251405 0.04329346 0.02499967
v -0.05251405 0.04329346 0.01629979
v -0.05251405 0.04329346 0.02499967
v -0.05153162 0.04195418 0.01629979
v -0.05153162 0.04195418 0.01629979
v -0.05251405 0.04329346 0.02499967
v -0.05143336 0.04185335 0.02499702
v -0.05153162 0.04195418 0.01629979
v -0.05143336 0.04185335 0.02499702
v -0.04962598 0.04057519 0.01629979
v -0.04962598 0.04057519 0.01629979
v -0.05143336 0.04185335 0.02499702
v -0.05004341 0.04082283 0.02499967
v -0.04962598 0.04057519 0.01629979
v -0.05004341 0.04082283 0.02499967
v -0.04838743 0.04011600 0.02499702
v -0.04962598 0.04057519 0.01629979
v -0.04838743 0.04011600 0.02499702
v -0.04736361 0.03993113 0.01629979
v -0.04736361 0.03993113 0.01629979
v -0.04838743 0.04011600 0.02499702
v -0.04604270 0.03992323 0.02499702
v -0.04736361 0.03993113 0.01629979
v -0.04604270 0.03992323 0.02499702
v -0.04549634 0.04002106 0.01629979
v -0.04549634 0.04002106 0.01629979
v -0.04604270 0.03992323 0.02499702
v -0.04390182 0.04048618 0.01629979
v -0.04390182 0.04048618 0.01629979
v -0.04604270 0.03992323 0.02499702
v -0.04377345 0.04054403 0.02499702
v -0.04390182 0.04048618 0.01629979
v -0.04377345 0.04054403 0.02499702
v -0.04195422 0.04180526 0.01629979
v -0.04195422 0.04180526 0.01629979
v -0.04377345 0.04054403 0.02499702
v -0.04185338 0.04190352 0.02499702
v -0.04195422 0.04180526 0.01629979
v -0.04185338 0.04190352 0.02499702
v -0.04057522 0.04371091 0.01629979
v -0.04057522 0.04371091 0.01629979
v -0.04185338 0.04190352 0.02499702
v -0.04082286 0.04329347 0.02499967
v -0.04057522 0.04371091 0.01629979
v -0.04082286 0.04329347 0.02499967
v -0.04011602 0.04494945 0.02499702
v -0.04057522 0.04371091 0.01629979
v -0.04011602 0.04494945 0.02499702
v -0.03993116 0.04597328 0.01629979
v -0.03993116 0.04597328 0.01629979
v -0.04011602 0.04494945 0.02499702
v -0.03992326 0.04729417 0.02499702
v -0.03993116 0.04597328 0.01629979
v -0.03992326 0.04729417 0.02499702
v -0.04002109 0.04784054 0.01629979
v -0.04002109 0.04784054 0.01629979
v -0.03992326 0.04729417 0.02499702
v -0.04048621 0.04943506 0.01629979
v -0.04048621 0.04943506 0.01629979
v -0.03992326 0.04729417 0.02499702
v -0.04032561 0.04897703 0.02499967
v -0.04048621 0.04943506 0.01629979
v -0.04032561 0.04897703 0.02499967
v -0.04113982 0.05058295 0.02499702
v -0.04048621 0.04943506 0.01629979
v -0.04113982 0.05058295 0.02499702
v -0.04180528 0.05138267 0.01629979
v -0.04180528 0.05138267 0.01629979
v -0.04113982 0.05058295 0.02499702
v -0.04281207 0.05223777 0.02499702
v -0.04180528 0.05138267 0.01629979
v -0.04281207 0.05223777 0.02499702
v -0.04371094 0.05276167 0.01629979
v -0.04371094 0.05276167 0.01629979
v -0.04281207 0.05223777 0.02499702
v -0.04435985 0.05301127 0.02499967
v -0.04371094 0.05276167 0.01629979
v -0.04435985 0.05301127 0.02499967
v -0.04597328 0.05340573 0.01629979
v -0.04597328 0.05340573 0.01629979
v -0.04435985 0.05301127 0.02499967
v -0.04611338 0.05341981 0.02499703
v 0.04736361 0.05340576 0.01629979
v 0.04722351 0.05341984 0.02499703
v 0.04501738 0.05323721 0.01629979
v 0.04501738 0.05323721 0.01629979
v 0.04722351 0.05341984 0.02499703
v 0.04488090 0.05320253 0.02499702
v 0.04501738 0.05323721 0.01629979
v 0.04488090 0.05320253 0.02499702
v 0.04329346 0.05251405 0.01629979
v 0.04329346 0.05251405 0.01629979
v 0.04488090 0.05320253 0.02499702
v 0.04329346 0.05251405 0.02499967
v 0.04329346 0.05251405 0.01629979
v 0.04329346 0.05251405 0.02499967
v 0.04195418 0.05153162 0.01629979
v 0.04195418 0.05153162 0.01629979
v 0.04329346 0.05251405 0.02499967
v 0.04185335 0.05143336 0.02499702
v 0.04195418 0.05153162 0.01629979
v 0.04185335 0.05143336 0.02499702
v 0.04057519 0.04962598 0.01629979
v 0.04057519 0.04962598 0.01629979
v 0.04185335 0.05143336 0.02499702
v 0.04082283 0.05004341 0.02499967
v 0.04057519 0.04962598 0.01629979
v 0.04082283 0.05004341 0.02499967
v 0.04011599 0.04838744 0.02499702
v 0.04057519 0.04962598 0.01629979
v 0.04011599 0.04838744 0.02499702
v 0.03993113 0.04736361 0.01629979
v 0.03993113 0.04736361 0.01629979
v 0.04011599 0.04838744 0.02499702
v 0.03992323 0.04604271 0.02499702
v 0.03993113 0.04736361 0.01629979
v 0.03992323 0.04604271 0.02499702
v 0.04002106 0.04549634 0.01629979
v 0.04002106 0.04549634 0.01629979
v 0.03992323 0.04604271 0.02499702
v 0.04048618 0.04390183 0.01629979
v 0.04048618 0.04390183 0.01629979
v 0.03992323 0.04604271 0.02499702
v 0.04054403 0.04377346 0.02499702
v 0.04048618 0.04390183 0.01629979
v 0.04054403 0.04377346 0.02499702
v 0.04180526 0.04195422 0.01629979
v 0.04180526 0.04195422 0.01629979
v 0.04054403 0.04377346 0.02499702
v 0.04190352 0.04185338 0.02499702
v 0.04180526 0.04195422 0.01629979
v 0.04190352 0.04185338 0.02499702
v 0.04371091 0.04057522 0.01629979
v 0.04371091 0.04057522 0.01629979
v 0.04190352 0.04185338 0.02499702
v 0.04329346 0.04082286 0.02499967
v 0.04371091 0.04057522 0.01629979
v 0.04329346 0.04082286 0.02499967
v 0.04494945 0.04011603 0.02499702
v 0.04371091 0.04057522 0.01629979
v 0.04494945 0.04011603 0.02499702
v 0.04597328 0.03993116 0.01629979
v 0.04597328 0.03993116 0.01629979
v 0.04494945 0.04011603 0.02499702
v 0.04729417 0.03992326 0.02499702
v 0.04597328 0.03993116 0.01629979
v 0.04729417 0.03992326 0.02499702
v 0.04784054 0.04002109 0.01629979
v 0.04784054 0.04002109 0.01629979
v 0.04729417 0.03992326 0.02499702
v 0.04943506 0.04048621 0.01629979
v 0.04943506 0.04048621 0.01629979
v 0.04729417 0.03992326 0.02499702
v 0.04897703 0.04032561 0.02499967
v 0.04943506 0.04048621 0.01629979
v 0.04897703 0.04032561 0.02499967
v 0.05058295 0.04113982 0.02499702
v 0.04943506 0.04048621 0.01629979
v 0.05058295 0.04113982 0.02499702
v 0.05138267 0.04180528 0.01629979
v 0.05138267 0.04180528 0.01629979
v 0.05058295 0.04113982 0.02499702
v 0.05223777 0.04281207 0.02499702
v 0.05138267 0.04180528 0.01629979
v 0.05223777 0.04281207 0.02499702
v 0.05276167 0.04371094 0.01629979
v 0.05276167 0.04371094 0.01629979
v 0.05223777 0.04281207 0.02499702
v 0.05301127 0.04435985 0.02499967
v 0.05276167 0.04371094 0.01629979
v 0.05301127 0.04435985 0.02499967
v 0.05340573 0.04597328 0.01629979
v 0.05340573 0.04597328 0.01629979
v 0.05301127 0.04435985 0.02499967
v 0.05341981 0.04611338 0.02499703
v 0.05340573 0.04597328 0.01629979
v 0.05341981 0.04611338 0.02499703
v 0.05323718 0.04831951 0.01629979
v 0.05323718 0.04831951 0.01629979
v 0.05341981 0.04611338 0.02499703
v 0.05320249 0.04845598 0.02499702
v 0.05323718 0.04831951 0.01629979
v 0.05320249 0.04845598 0.02499702
v 0.05251402 0.05004342 0.01629979
v 0.05251402 0.05004342 0.01629979
v 0.05320249 0.04845598 0.02499702
v 0.05251402 0.05004342 0.02499967
v 0.05251402 0.05004342 0.01629979
v 0.05251402 0.05004342 0.02499967
v 0.05153159 0.05138270 0.01629979
v 0.05153159 0.05138270 0.01629979
v 0.05251402 0.05004342 0.02499967
v 0.05143334 0.05148354 0.02499702
v 0.05153159 0.05138270 0.01629979
v 0.05143334 0.05148354 0.02499702
v 0.04962595 0.05276170 0.01629979
v 0.04962595 0.05276170 0.01629979
v 0.05143334 0.05148354 0.02499702
v 0.04949912 0.05282285 0.02499702
v 0.04962595 0.05276170 0.01629979
v 0.04949912 0.05282285 0.02499702
v 0.04736361 0.05340576 0.01629979
v 0.04736361 0.05340576 0.01629979
v 0.04949912 0.05282285 0.02499702
v 0.04722351 0.05341984 0.02499703
v 0.04736361 -0.03993112 0.01629979
v 0.04604270 -0.03992322 0.02499703
v 0.04549634 -0.04002106 0.01629979
v 0.04549634 -0.04002106 0.01629979
v 0.04604270 -0.03992322 0.02499703
v 0.04390182 -0.04048618 0.01629979
v 0.04390182 -0.04048618 0.01629979
v 0.04604270 -0.03992322 0.02499703
v 0.04377345 -0.04054403 0.02499703
v 0.04390182 -0.04048618 0.01629979
v 0.04377345 -0.04054403 0.02499703
v 0.04195422 -0.04180526 0.01629979
v 0.04195422 -0.04180526 0.01629979
v 0.04377345 -0.04054403 0.02499703
v 0.04185338 -0.04190352 0.02499703
v 0.04195422 -0.04180526 0.01629979
v 0.04185338 -0.04190352 0.02499703
v 0.04057522 -0.04371091 0.01629979
v 0.04057522 -0.04371091 0.01629979
v 0.04185338 -0.04190352 0.02499703
v 0.04082286 -0.04329346 0.02499968
v 0.04057522 -0.04371091 0.01629979
v 0.04082286 -0.04329346 0.02499968
v 0.04011602 -0.04494945 0.02499703
v 0.04057522 -0.04371091 0.01629979
v 0.04011602 -0.04494945 0.02499703
v 0.03993116 -0.04597328 0.01629979
v 0.03993116 -0.04597328 0.01629979
v 0.04011602 -0.04494945 0.02499703
v 0.03992326 -0.04729417 0.02499703
v 0.03993116 -0.04597328 0.01629979
v 0.03992326 -0.04729417 0.02499703
v 0.04002109 -0.04784054 0.01629979
v 0.04002109 -0.04784054 0.01629979
v 0.03992326 -0.04729417 0.02499703
v 0.04048621 -0.04943505 0.01629979
v 0.04048621 -0.04943505 0.01629979
v 0.03992326 -0.04729417 0.02499703
v 0.04032561 -0.04897703 0.02499968
v 0.04048621 -0.04943505 0.01629979
v 0.04032561 -0.04897703 0.02499968
v 0.04113982 -0.05058295 0.02499703
v 0.04048621 -0.04943505 0.01629979
v 0.04113982 -0.05058295 0.02499703
v 0.04180528 -0.05138267 0.01629979
v 0.04180528 -0.05138267 0.01629979
v 0.04113982 -0.05058295 0.02499703
v 0.04281207 -0.05223777 0.02499703
v 0.04180528 -0.05138267 0.01629979
v 0.04281207 -0.05223777 0.02499703
v 0.04371094 -0.05276167 0.01629979
v 0.04371094 -0.05276167 0.01629979
v 0.04281207 -0.05223777 0.02499703
v 0.04435985 -0.05301127 0.02499968
v 0.04371094 -0.05276167 0.01629979
v 0.04435985 -0.05301127 0.02499968
v 0.04597328 -0.05340573 0.01629979
v 0.04597328 -0.05340573 0.01629979
v 0.04435985 -0.05301127 0.02499968
v 0.04611338 -0.05341981 0.02499704
v 0.04597328 -0.05340573 0.01629979
v 0.04611338 -0.05341981 0.02499704
v 0.04831951 -0.05323718 0.01629979
v 0.04831951 -0.05323718 0.01629979
v 0.04611338 -0.05341981 0.02499704
v 0.04845598 -0.05320249 0.02499703
v 0.04831951 -0.05323718 0.01629979
v 0.04845598 -0.05320249 0.02499703
v 0.05004342 -0.05251402 0.01629979
v 0.05004342 -0.05251402 0.01629979
v 0.04845598 -0.05320249 0.02499703
v 0.05004342 -0.05251402 0.02499968
v 0.05004342 -0.05251402 0.01629979
v 0.05004342 -0.05251402 0.02499968
v 0.05138270 -0.05153159 0.01629979
v 0.05138270 -0.05153159 0.01629979
v 0.05004342 -0.05251402 0.02499968
v 0.05148354 -0.05143333 0.02499703
v 0.05138270 -0.05153159 0.01629979
v 0.05148354 -0.05143333 0.02499703
v 0.05276170 -0.04962595 0.01629979
v 0.05276170 -0.04962595 0.01629979
v 0.05148354 -0.05143333 0.02499703
v 0.05282285 -0.04949912 0.02499703
v 0.05276170 -0.04962595 0.01629979
v 0.05282285 -0.04949912 0.02499703
v 0.05340576 -0.04736361 0.01629979
v 0.05340576 -0.04736361 0.01629979
v 0.05282285 -0.04949912 0.02499703
v 0.05341984 -0.04722351 0.02499704
v 0.05340576 -0.04736361 0.01629979
v 0.05341984 -0.04722351 0.02499704
v 0.05323721 -0.04501738 0.01629979
v 0.05323721 -0.04501738 0.01629979
v 0.05341984 -0.04722351 0.02499704
v 0.05320252 -0.04488090 0.02499703
v 0.05323721 -0.04501738 0.01629979
v 0.05320252 -0.04488090 0.02499703
v 0.05251405 -0.04329346 0.01629979
v 0.05251405 -0.04329346 0.01629979
v 0.05320252 -0.04488090 0.02499703
v 0.05251405 -0.04329346 0.02499968
v 0.05251405 -0.04329346 0.01629979
v 0.05251405 -0.04329346 0.02499968
v 0.05153162 -0.04195418 0.01629979
v 0.05153162 -0.04195418 0.01629979
v 0.05251405 -0.04329346 0.02499968
v 0.05143336 -0.04185335 0.02499703
v 0.05153162 -0.04195418 0.01629979
v 0.05143336 -0.04185335 0.02499703
v 0.04962598 -0.04057519 0.01629979
v 0.04962598 -0.04057519 0.01629979
v 0.05143336 -0.04185335 0.02499703
v 0.05004341 -0.04082283 0.02499968
v 0.04962598 -0.04057519 0.01629979
v 0.05004341 -0.04082283 0.02499968
v 0.04838743 -0.04011599 0.02499703
v 0.04962598 -0.04057519 0.01629979
v 0.04838743 -0.04011599 0.02499703
v 0.04736361 -0.03993112 0.01629979
v 0.04736361 -0.03993112 0.01629979
v 0.04838743 -0.04011599 0.02499703
v 0.04604270 -0.03992322 0.02499703
v -0.04729417 -0.03992326 0.02499703
v -0.04805853 -0.03968843 0.02529898
v -0.04897703 -0.04032561 0.02499968
v -0.04897703 -0.04032561 0.02499968
v -0.04805853 -0.03968843 0.02529898
v -0.05058295 -0.04113982 0.02499703
v -0.05058295 -0.04113982 0.02499703
v -0.04805853 -0.03968843 0.02529898
v -0.05081546 -0.04093764 0.02529948
v -0.05058295 -0.04113982 0.02499703
v -0.05081546 -0.04093764 0.02529948
v -0.05223777 -0.04281207 0.02499703
v -0.05223777 -0.04281207 0.02499703
v -0.05081546 -0.04093764 0.02529948
v -0.05252544 -0.04270159 0.02529953
v -0.05223777 -0.04281207 0.02499703
v -0.05252544 -0.04270159 0.02529953
v -0.05301127 -0.04435985 0.02499968
v -0.05301127 -0.04435985 0.02499968
v -0.05252544 -0.04270159 0.02529953
v -0.05352893 -0.04494406 0.02529948
v -0.05301127 -0.04435985 0.02499968
v -0.05352893 -0.04494406 0.02529948
v -0.05341981 -0.04611338 0.02499704
v -0.05341981 -0.04611338 0.02499704
v -0.05352893 -0.04494406 0.02529948
v -0.05370487 -0.04739449 0.02529938
v -0.05341981 -0.04611338 0.02499704
v -0.05370487 -0.04739449 0.02529938
v -0.05320249 -0.04845598 0.02499703
v -0.05320249 -0.04845598 0.02499703
v -0.05370487 -0.04739449 0.02529938
v -0.05303227 -0.04975731 0.02529944
v -0.05320249 -0.04845598 0.02499703
v -0.05303227 -0.04975731 0.02529944
v -0.05251402 -0.05004341 0.02499968
v -0.05251402 -0.05004341 0.02499968
v -0.05303227 -0.04975731 0.02529944
v -0.05143334 -0.05148354 0.02499703
v -0.05143334 -0.05148354 0.02499703
v -0.05303227 -0.04975731 0.02529944
v -0.05159202 -0.05174759 0.02529944
v -0.05143334 -0.05148354 0.02499703
v -0.05159202 -0.05174759 0.02529944
v -0.04949912 -0.05282285 0.02499703
v -0.04949912 -0.05282285 0.02499703
v -0.05159202 -0.05174759 0.02529944
v -0.04955789 -0.05312521 0.02529938
v -0.04949912 -0.05282285 0.02499703
v -0.04955789 -0.05312521 0.02529938
v -0.04722351 -0.05341984 0.02499704
v -0.04722351 -0.05341984 0.02499704
v -0.04955789 -0.05312521 0.02529938
v -0.04717532 -0.05372413 0.02529944
v -0.04722351 -0.05341984 0.02499704
v -0.04717532 -0.05372413 0.02529944
v -0.04488090 -0.05320252 0.02499703
v -0.04488090 -0.05320252 0.02499703
v -0.04717532 -0.05372413 0.02529944
v -0.04473155 -0.05347199 0.02529944
v -0.04488090 -0.05320252 0.02499703
v -0.04473155 -0.05347199 0.02529944
v -0.04329346 -0.05251405 0.02499968
v -0.04329346 -0.05251405 0.02499968
v -0.04473155 -0.05347199 0.02529944
v -0.04252136 -0.05239930 0.02529953
v -0.04329346 -0.05251405 0.02499968
v -0.04252136 -0.05239930 0.02529953
v -0.04185335 -0.05143335 0.02499703
v -0.04185335 -0.05143335 0.02499703
v -0.04252136 -0.05239930 0.02529953
v -0.04081142 -0.05063533 0.02529950
v -0.04185335 -0.05143335 0.02499703
v -0.04081142 -0.05063533 0.02529950
v -0.04082283 -0.05004341 0.02499968
v -0.04082283 -0.05004341 0.02499968
v -0.04081142 -0.05063533 0.02529950
v -0.04011599 -0.04838743 0.02499703
v -0.04011599 -0.04838743 0.02499703
v -0.04081142 -0.05063533 0.02529950
v -0.03980793 -0.04839284 0.02529948
v -0.04011599 -0.04838743 0.02499703
v -0.03980793 -0.04839284 0.02529948
v -0.03992323 -0.04604270 0.02499703
v -0.03992323 -0.04604270 0.02499703
v -0.03980793 -0.04839284 0.02529948
v -0.03963186 -0.04594242 0.02529950
v -0.03992323 -0.04604270 0.02499703
v -0.03963186 -0.04594242 0.02529950
v -0.04054403 -0.04377345 0.02499703
v -0.04054403 -0.04377345 0.02499703
v -0.03963186 -0.04594242 0.02529950
v -0.03937197 -0.04583745 0.02530228
v -0.04054403 -0.04377345 0.02499703
v -0.03937197 -0.04583745 0.02530228
v -0.04093758 -0.04252139 0.02529953
v -0.04054403 -0.04377345 0.02499703
v -0.04093758 -0.04252139 0.02529953
v -0.04190352 -0.04185338 0.02499703
v -0.04190352 -0.04185338 0.02499703
v -0.04093758 -0.04252139 0.02529953
v -0.04270155 -0.04081144 0.02529953
v -0.04190352 -0.04185338 0.02499703
v -0.04270155 -0.04081144 0.02529953
v -0.04329346 -0.04082286 0.02499968
v -0.04329346 -0.04082286 0.02499968
v -0.04270155 -0.04081144 0.02529953
v -0.04494945 -0.04011602 0.02499703
v -0.04494945 -0.04011602 0.02499703
v -0.04270155 -0.04081144 0.02529953
v -0.04494402 -0.03980789 0.02529954
v -0.04494945 -0.04011602 0.02499703
v -0.04494402 -0.03980789 0.02529954
v -0.04729417 -0.03992326 0.02499703
v -0.04729417 -0.03992326 0.02499703
v -0.04494402 -0.03980789 0.02529954
v -0.04805853 -0.03968843 0.02529898
v -0.03937197 -0.04583745 0.02530228
v -0.03916696 -0.04935559 0.02530503
v -0.03880315 -0.04931328 0.02556069
v -0.03937197 -0.04583745 0.02530228
v -0.03880315 -0.04931328 0.02556069
v -0.03899093 -0.04588172 0.02555895
v -0.03429292 -0.06377594 0.02545276
v -0.03276122 -0.06599178 0.02562559
v -0.03420728 -0.06367129 0.02573356
v -0.03314284 -0.06583321 0.02535728
v -0.03276122 -0.06599178 0.02562559
v -0.03429292 -0.06377594 0.02545276
v -0.03371922 -0.06533089 0.02530270
v -0.03314284 -0.06583321 0.02535728
v -0.03429292 -0.06377594 0.02545276
v -0.03612281 -0.06047908 0.02533590
v -0.03371922 -0.06533089 0.02530270
v -0.03429292 -0.06377594 0.02545276
v -0.03612281 -0.06047908 0.02533590
v -0.03429292 -0.06377594 0.02545276
v -0.03592401 -0.06029479 0.02570953
v -0.03592401 -0.06029479 0.02570953
v -0.03429292 -0.06377594 0.02545276
v -0.03420728 -0.06367129 0.02573356
v -0.03761522 -0.05694470 0.02530567
v -0.03612281 -0.06047908 0.02533590
v -0.03731763 -0.05672039 0.02555451
v -0.03731763 -0.05672039 0.02555451
v -0.03612281 -0.06047908 0.02533590
v -0.03592401 -0.06029479 0.02570953
v -0.03846644 -0.05321659 0.02532721
v -0.03761522 -0.05694470 0.02530567
v -0.03731763 -0.05672039 0.02555451
v -0.03846644 -0.05321659 0.02532721
v -0.03731763 -0.05672039 0.02555451
v -0.03819928 -0.05323480 0.02568213
v -0.03916696 -0.04935559 0.02530503
v -0.03846644 -0.05321659 0.02532721
v -0.03880315 -0.04931328 0.02556069
v -0.03880315 -0.04931328 0.02556069
v -0.03846644 -0.05321659 0.02532721
v -0.03819928 -0.05323480 0.02568213
v -0.04588126 -0.03896325 0.02571048
v -0.04925824 -0.03880397 0.02557604
v -0.04588283 -0.03907268 0.02546700
v -0.04588283 -0.03907268 0.02546700
v -0.04925824 -0.03880397 0.02557604
v -0.04936287 -0.03915347 0.02530637
v -0.04588283 -0.03907268 0.02546700
v -0.04936287 -0.03915347 0.02530637
v -0.04487550 -0.03940617 0.02531865
v -0.06379560 -0.03434319 0.02538916
v -0.06590737 -0.03305146 0.02537370
v -0.06544190 -0.03364502 0.02529922
v -0.06379560 -0.03434319 0.02538916
v -0.06594955 -0.03278839 0.02564866
v -0.06590737 -0.03305146 0.02537370
v -0.06366034 -0.03421150 0.02574083
v -0.06594955 -0.03278839 0.02564866
v -0.06379560 -0.03434319 0.02538916
v -0.05305105 -0.03850396 0.02532415
v -0.04936287 -0.03915347 0.02530637
v -0.04925824 -0.03880397 0.02557604
v -0.05305105 -0.03850396 0.02532415
v -0.04925824 -0.03880397 0.02557604
v -0.05307467 -0.03822623 0.02570023
v -0.05881349 -0.03700592 0.02530719
v -0.05305105 -0.03850396 0.02532415
v -0.05677366 -0.03730048 0.02555464
v -0.05677366 -0.03730048 0.02555464
v -0.05305105 -0.03850396 0.02532415
v -0.05307467 -0.03822623 0.02570023
v -0.06032891 -0.03595323 0.02555099
v -0.05881349 -0.03700592 0.02530719
v -0.05677366 -0.03730048 0.02555464
v -0.06032891 -0.03595323 0.02555099
v -0.05677366 -0.03730048 0.02555464
v -0.05881758 -0.03648717 0.02579967
v -0.06544190 -0.03364502 0.02529922
v -0.05881349 -0.03700592 0.02530719
v -0.06379560 -0.03434319 0.02538916
v -0.06379560 -0.03434319 0.02538916
v -0.05881349 -0.03700592 0.02530719
v -0.06032891 -0.03595323 0.02555099
v -0.06379560 -0.03434319 0.02538916
v -0.06032891 -0.03595323 0.02555099
v -0.06366034 -0.03421150 0.02574083
v -0.04845598 0.05320250 0.02499702
v -0.04739449 0.05370487 0.02529938
v -0.04975731 0.05303227 0.02529944
v -0.04845598 0.05320250 0.02499702
v -0.04975731 0.05303227 0.02529944
v -0.05004342 0.05251402 0.02499967
v -0.05004342 0.05251402 0.02499967
v -0.04975731 0.05303227 0.02529944
v -0.05148354 0.05143334 0.02499702
v -0.05148354 0.05143334 0.02499702
v -0.04975731 0.05303227 0.02529944
v -0.05174759 0.05159202 0.02529944
v -0.05148354 0.05143334 0.02499702
v -0.05174759 0.05159202 0.02529944
v -0.05282285 0.04949912 0.02499702
v -0.05282285 0.04949912 0.02499702
v -0.05174759 0.05159202 0.02529944
v -0.05312521 0.04955789 0.02529938
v -0.05282285 0.04949912 0.02499702
v -0.05312521 0.04955789 0.02529938
v -0.05341984 0.04722351 0.02499703
v -0.05341984 0.04722351 0.02499703
v -0.05312521 0.04955789 0.02529938
v -0.05372413 0.04717532 0.02529944
v -0.05341984 0.04722351 0.02499703
v -0.05372413 0.04717532 0.02529944
v -0.05320252 0.04488090 0.02499702
v -0.05320252 0.04488090 0.02499702
v -0.05372413 0.04717532 0.02529944
v -0.05347199 0.04473155 0.02529944
v -0.05320252 0.04488090 0.02499702
v -0.05347199 0.04473155 0.02529944
v -0.05251405 0.04329346 0.02499967
v -0.05251405 0.04329346 0.02499967
v -0.05347199 0.04473155 0.02529944
v -0.05239930 0.04252136 0.02529953
v -0.05251405 0.04329346 0.02499967
v -0.05239930 0.04252136 0.02529953
v -0.05143336 0.04185335 0.02499702
v -0.05143336 0.04185335 0.02499702
v -0.05239930 0.04252136 0.02529953
v -0.05063533 0.04081142 0.02529950
v -0.05143336 0.04185335 0.02499702
v -0.05063533 0.04081142 0.02529950
v -0.05004341 0.04082283 0.02499967
v -0.05004341 0.04082283 0.02499967
v -0.05063533 0.04081142 0.02529950
v -0.04838743 0.04011600 0.02499702
v -0.04838743 0.04011600 0.02499702
v -0.05063533 0.04081142 0.02529950
v -0.04839284 0.03980793 0.02529948
v -0.04838743 0.04011600 0.02499702
v -0.04839284 0.03980793 0.02529948
v -0.04604270 0.03992323 0.02499702
v -0.04604270 0.03992323 0.02499702
v -0.04839284 0.03980793 0.02529948
v -0.04594242 0.03963186 0.02529950
v -0.04604270 0.03992323 0.02499702
v -0.04594242 0.03963186 0.02529950
v -0.04377345 0.04054403 0.02499702
v -0.04377345 0.04054403 0.02499702
v -0.04594242 0.03963186 0.02529950
v -0.04583745 0.03937198 0.02530228
v -0.04377345 0.04054403 0.02499702
v -0.04583745 0.03937198 0.02530228
v -0.04252139 0.04093758 0.02529953
v -0.04377345 0.04054403 0.02499702
v -0.04252139 0.04093758 0.02529953
v -0.04185338 0.04190352 0.02499702
v -0.04185338 0.04190352 0.02499702
v -0.04252139 0.04093758 0.02529953
v -0.04081144 0.04270155 0.02529953
v -0.04185338 0.04190352 0.02499702
v -0.04081144 0.04270155 0.02529953
v -0.04082286 0.04329347 0.02499967
v -0.04082286 0.04329347 0.02499967
v -0.04081144 0.04270155 0.02529953
v -0.04011602 0.04494945 0.02499702
v -0.04011602 0.04494945 0.02499702
v -0.04081144 0.04270155 0.02529953
v -0.03980789 0.04494402 0.02529954
v -0.04011602 0.04494945 0.02499702
v -0.03980789 0.04494402 0.02529954
v -0.03992326 0.04729417 0.02499702
v -0.03992326 0.04729417 0.02499702
v -0.03980789 0.04494402 0.02529954
v -0.03968843 0.04805853 0.02529898
v -0.03992326 0.04729417 0.02499702
v -0.03968843 0.04805853 0.02529898
v -0.04032561 0.04897703 0.02499967
v -0.04032561 0.04897703 0.02499967
v -0.03968843 0.04805853 0.02529898
v -0.04113982 0.05058295 0.02499702
v -0.04113982 0.05058295 0.02499702
v -0.03968843 0.04805853 0.02529898
v -0.04093764 0.05081546 0.02529948
v -0.04113982 0.05058295 0.02499702
v -0.04093764 0.05081546 0.02529948
v -0.04281207 0.05223777 0.02499702
v -0.04281207 0.05223777 0.02499702
v -0.04093764 0.05081546 0.02529948
v -0.04270159 0.05252544 0.02529953
v -0.04281207 0.05223777 0.02499702
v -0.04270159 0.05252544 0.02529953
v -0.04435985 0.05301127 0.02499967
v -0.04435985 0.05301127 0.02499967
v -0.04270159 0.05252544 0.02529953
v -0.04494406 0.05352893 0.02529948
v -0.04435985 0.05301127 0.02499967
v -0.04494406 0.05352893 0.02529948
v -0.04611338 0.05341981 0.02499703
v -0.04611338 0.05341981 0.02499703
v -0.04494406 0.05352893 0.02529948
v -0.04739449 0.05370487 0.02529938
v -0.04611338 0.05341981 0.02499703
v -0.04739449 0.05370487 0.02529938
v -0.04845598 0.05320250 0.02499702
v -0.04583745 0.03937198 0.02530228
v -0.04935559 0.03916696 0.02530503
v -0.04931328 0.03880315 0.02556069
v -0.04583745 0.03937198 0.02530228
v -0.04931328 0.03880315 0.02556069
v -0.04588173 0.03899093 0.02555895
v -0.06377594 0.03429292 0.02545276
v -0.06599034 0.03276268 0.02562560
v -0.06367194 0.03420691 0.02573384
v -0.06583321 0.03314284 0.02535728
v -0.06599034 0.03276268 0.02562560
v -0.06377594 0.03429292 0.02545276
v -0.06533090 0.03371922 0.02530270
v -0.06583321 0.03314284 0.02535728
v -0.06377594 0.03429292 0.02545276
v -0.06047908 0.03612281 0.02533590
v -0.06533090 0.03371922 0.02530270
v -0.06377594 0.03429292 0.02545276
v -0.06047908 0.03612281 0.02533590
v -0.06377594 0.03429292 0.02545276
v -0.06029479 0.03592401 0.02570952
v -0.06029479 0.03592401 0.02570952
v -0.06377594 0.03429292 0.02545276
v -0.06367194 0.03420691 0.02573384
v -0.05694470 0.03761522 0.02530567
v -0.06047908 0.03612281 0.02533590
v -0.05672039 0.03731764 0.02555451
v -0.05672039 0.03731764 0.02555451
v -0.06047908 0.03612281 0.02533590
v -0.06029479 0.03592401 0.02570952
v -0.05321659 0.03846644 0.02532721
v -0.05694470 0.03761522 0.02530567
v -0.05672039 0.03731764 0.02555451
v -0.05321659 0.03846644 0.02532721
v -0.05672039 0.03731764 0.02555451
v -0.05323480 0.03819928 0.02568213
v -0.04935559 0.03916696 0.02530503
v -0.05321659 0.03846644 0.02532721
v -0.04931328 0.03880315 0.02556069
v -0.04931328 0.03880315 0.02556069
v -0.05321659 0.03846644 0.02532721
v -0.05323480 0.03819928 0.02568213
v -0.03896325 0.04588126 0.02571047
v -0.03880111 0.04929591 0.02557485
v -0.03907268 0.04588283 0.02546700
v -0.03907268 0.04588283 0.02546700
v -0.03880111 0.04929591 0.02557485
v -0.03915347 0.04936287 0.02530637
v -0.03907268 0.04588283 0.02546700
v -0.03915347 0.04936287 0.02530637
v -0.03941055 0.04486895 0.02531687
v -0.03434319 0.06379560 0.02538916
v -0.03305146 0.06590737 0.02537370
v -0.03364502 0.06544190 0.02529922
v -0.03434319 0.06379560 0.02538916
v -0.03278989 0.06594604 0.02565077
v -0.03305146 0.06590737 0.02537370
v -0.03420209 0.06368453 0.02572509
v -0.03278989 0.06594604 0.02565077
v -0.03434319 0.06379560 0.02538916
v -0.03850396 0.05305105 0.02532415
v -0.03915347 0.04936287 0.02530637
v -0.03880111 0.04929591 0.02557485
v -0.03850396 0.05305105 0.02532415
v -0.03880111 0.04929591 0.02557485
v -0.03822636 0.05307421 0.02570011
v -0.03700592 0.05881350 0.02530719
v -0.03850396 0.05305105 0.02532415
v -0.03730048 0.05677366 0.02555464
v -0.03730048 0.05677366 0.02555464
v -0.03850396 0.05305105 0.02532415
v -0.03822636 0.05307421 0.02570011
v -0.03595323 0.06032891 0.02555098
v -0.03700592 0.05881350 0.02530719
v -0.03730048 0.05677366 0.02555464
v -0.03595323 0.06032891 0.02555098
v -0.03730048 0.05677366 0.02555464
v -0.03648717 0.05881758 0.02579966
v -0.03364502 0.06544190 0.02529922
v -0.03700592 0.05881350 0.02530719
v -0.03434319 0.06379560 0.02538916
v -0.03434319 0.06379560 0.02538916
v -0.03700592 0.05881350 0.02530719
v -0.03595323 0.06032891 0.02555098
v -0.03434319 0.06379560 0.02538916
v -0.03595323 0.06032891 0.02555098
v -0.03420209 0.06368453 0.02572509
v 0.05320249 0.04845598 0.02499702
v 0.05370487 0.04739449 0.02529938
v 0.05303227 0.04975731 0.02529944
v 0.05320249 0.04845598 0.02499702
v 0.05303227 0.04975731 0.02529944
v 0.05251402 0.05004342 0.02499967
v 0.05251402 0.05004342 0.02499967
v 0.05303227 0.04975731 0.02529944
v 0.05143334 0.05148354 0.02499702
v 0.05143334 0.05148354 0.02499702
v 0.05303227 0.04975731 0.02529944
v 0.05159202 0.05174759 0.02529944
v 0.05143334 0.05148354 0.02499702
v 0.05159202 0.05174759 0.02529944
v 0.04949912 0.05282285 0.02499702
v 0.04949912 0.05282285 0.02499702
v 0.05159202 0.05174759 0.02529944
v 0.04955789 0.05312521 0.02529938
v 0.04949912 0.05282285 0.02499702
v 0.04955789 0.05312521 0.02529938
v 0.04722351 0.05341984 0.02499703
v 0.04722351 0.05341984 0.02499703
v 0.04955789 0.05312521 0.02529938
v 0.04717532 0.05372413 0.02529944
v 0.04722351 0.05341984 0.02499703
v 0.04717532 0.05372413 0.02529944
v 0.04488090 0.05320253 0.02499702
v 0.04488090 0.05320253 0.02499702
v 0.04717532 0.05372413 0.02529944
v 0.04473155 0.05347199 0.02529944
v 0.04488090 0.05320253 0.02499702
v 0.04473155 0.05347199 0.02529944
v 0.04329346 0.05251405 0.02499967
v 0.04329346 0.05251405 0.02499967
v 0.04473155 0.05347199 0.02529944
v 0.04252136 0.05239931 0.02529953
v 0.04329346 0.05251405 0.02499967
v 0.04252136 0.05239931 0.02529953
v 0.04185335 0.05143336 0.02499702
v 0.04185335 0.05143336 0.02499702
v 0.04252136 0.05239931 0.02529953
v 0.04081142 0.05063533 0.02529950
v 0.04185335 0.05143336 0.02499702
v 0.04081142 0.05063533 0.02529950
v 0.04082283 0.05004341 0.02499967
v 0.04082283 0.05004341 0.02499967
v 0.04081142 0.05063533 0.02529950
v 0.04011599 0.04838744 0.02499702
v 0.04011599 0.04838744 0.02499702
v 0.04081142 0.05063533 0.02529950
v 0.03980793 0.04839284 0.02529948
v 0.04011599 0.04838744 0.02499702
v 0.03980793 0.04839284 0.02529948
v 0.03992323 0.04604271 0.02499702
v 0.03992323 0.04604271 0.02499702
v 0.03980793 0.04839284 0.02529948
v 0.03963186 0.04594243 0.02529950
v 0.03992323 0.04604271 0.02499702
v 0.03963186 0.04594243 0.02529950
v 0.04054403 0.04377346 0.02499702
v 0.04054403 0.04377346 0.02499702
v 0.03963186 0.04594243 0.02529950
v 0.03937197 0.04583745 0.02530228
v 0.04054403 0.04377346 0.02499702
v 0.03937197 0.04583745 0.02530228
v 0.04093758 0.04252139 0.02529953
v 0.04054403 0.04377346 0.02499702
v 0.04093758 0.04252139 0.02529953
v 0.04190352 0.04185338 0.02499702
v 0.04190352 0.04185338 0.02499702
v 0.04093758 0.04252139 0.02529953
v 0.04270155 0.04081144 0.02529953
v 0.04190352 0.04185338 0.02499702
v 0.04270155 0.04081144 0.02529953
v 0.04329346 0.04082286 0.02499967
v 0.04329346 0.04082286 0.02499967
v 0.04270155 0.04081144 0.02529953
v 0.04494945 0.04011603 0.02499702
v 0.04494945 0.04011603 0.02499702
v 0.04270155 0.04081144 0.02529953
v 0.04494402 0.03980789 0.02529954
v 0.04494945 0.04011603 0.02499702
v 0.04494402 0.03980789 0.02529954
v 0.04729417 0.03992326 0.02499702
v 0.04729417 0.03992326 0.02499702
v 0.04494402 0.03980789 0.02529954
v 0.04805853 0.03968843 0.02529898
v 0.04729417 0.03992326 0.02499702
v 0.04805853 0.03968843 0.02529898
v 0.04897703 0.04032561 0.02499967
v 0.04897703 0.04032561 0.02499967
v 0.04805853 0.03968843 0.02529898
v 0.05058295 0.04113982 0.02499702
v 0.05058295 0.04113982 0.02499702
v 0.04805853 0.03968843 0.02529898
v 0.05081546 0.04093765 0.02529948
v 0.05058295 0.04113982 0.02499702
v 0.05081546 0.04093765 0.02529948
v 0.05223777 0.04281207 0.02499702
v 0.05223777 0.04281207 0.02499702
v 0.05081546 0.04093765 0.02529948
v 0.05252544 0.04270159 0.02529953
v 0.05223777 0.04281207 0.02499702
v 0.05252544 0.04270159 0.02529953
v 0.05301127 0.04435985 0.02499967
v 0.05301127 0.04435985 0.02499967
v 0.05252544 0.04270159 0.02529953
v 0.05352893 0.04494406 0.02529948
v 0.05301127 0.04435985 0.02499967
v 0.05352893 0.04494406 0.02529948
v 0.05341981 0.04611338 0.02499703
v 0.05341981 0.04611338 0.02499703
v 0.05352893 0.04494406 0.02529948
v 0.05370487 0.04739449 0.02529938
v 0.05341981 0.04611338 0.02499703
v 0.05370487 0.04739449 0.02529938
v 0.05320249 0.04845598 0.02499702
v 0.03937197 0.04583745 0.02530228
v 0.03916696 0.04935559 0.02530503
v 0.03880315 0.04931328 0.02556069
v 0.03937197 0.04583745 0.02530228
v 0.03880315 0.04931328 0.02556069
v 0.03899093 0.04588173 0.02555895
v 0.03429292 0.06377594 0.02545276
v 0.03276268 0.06599034 0.02562559
v 0.03420691 0.06367195 0.02573384
v 0.03314284 0.06583321 0.02535728
v 0.03276268 0.06599034 0.02562559
v 0.03429292 0.06377594 0.02545276
v 0.03371922 0.06533090 0.02530270
v 0.03314284 0.06583321 0.02535728
v 0.03429292 0.06377594 0.02545276
v 0.03612281 0.06047908 0.02533590
v 0.03371922 0.06533090 0.02530270
v 0.03429292 0.06377594 0.02545276
v 0.03612281 0.06047908 0.02533590
v 0.03429292 0.06377594 0.02545276
v 0.03592401 0.06029479 0.02570952
v 0.03592401 0.06029479 0.02570952
v 0.03429292 0.06377594 0.02545276
v 0.03420691 0.06367195 0.02573384
v 0.03761522 0.05694470 0.02530567
v 0.03612281 0.06047908 0.02533590
v 0.03731763 0.05672039 0.02555451
v 0.03731763 0.05672039 0.02555451
v 0.03612281 0.06047908 0.02533590
v 0.03592401 0.06029479 0.02570952
v 0.03846644 0.05321659 0.02532721
v 0.03761522 0.05694470 0.02530567
v 0.03731763 0.05672039 0.02555451
v 0.03846644 0.05321659 0.02532721
v 0.03731763 0.05672039 0.02555451
v 0.03819928 0.05323480 0.02568212
v 0.03916696 0.04935559 0.02530503
v 0.03846644 0.05321659 0.02532721
v 0.03880315 0.04931328 0.02556069
v 0.03880315 0.04931328 0.02556069
v 0.03846644 0.05321659 0.02532721
v 0.03819928 0.05323480 0.02568212
v 0.04588126 0.03896325 0.02571047
v 0.04925824 0.03880397 0.02557604
v 0.04588283 0.03907268 0.02546700
v 0.04588283 0.03907268 0.02546700
v 0.04925824 0.03880397 0.02557604
v 0.04936287 0.03915347 0.02530637
v 0.04588283 0.03907268 0.02546700
v 0.04936287 0.03915347 0.02530637
v 0.04487551 0.03940616 0.02531865
v 0.06379560 0.03434320 0.02538916
v 0.06590872 0.03301461 0.02540317
v 0.06546555 0.03357338 0.02530539
v 0.06379560 0.03434320 0.02538916
v 0.06594604 0.03278989 0.02565078
v 0.06590872 0.03301461 0.02540317
v 0.06366034 0.03421150 0.02574082
v 0.06594604 0.03278989 0.02565078
v 0.06379560 0.03434320 0.02538916
v 0.05305105 0.03850396 0.02532415
v 0.04936287 0.03915347 0.02530637
v 0.04925824 0.03880397 0.02557604
v 0.05305105 0.03850396 0.02532415
v 0.04925824 0.03880397 0.02557604
v 0.05307467 0.03822623 0.02570022
v 0.05881349 0.03700592 0.02530719
v 0.05305105 0.03850396 0.02532415
v 0.05677366 0.03730048 0.02555464
v 0.05677366 0.03730048 0.02555464
v 0.05305105 0.03850396 0.02532415
v 0.05307467 0.03822623 0.02570022
v 0.06032891 0.03595323 0.02555099
v 0.05881349 0.03700592 0.02530719
v 0.05677366 0.03730048 0.02555464
v 0.06032891 0.03595323 0.02555099
v 0.05677366 0.03730048 0.02555464
v 0.05881758 0.03648718 0.02579966
v 0.06546555 0.03357338 0.02530539
v 0.05881349 0.03700592 0.02530719
v 0.06379560 0.03434320 0.02538916
v 0.06032891 0.03595323 0.02555099
v 0.06379560 0.03434320 0.02538916
v 0.06032891 0.03595323 0.02555099
v 0.06366034 0.03421150 0.02574082
v 0.05320252 -0.04488090 0.02499703
v 0.05347199 -0.04473155 0.02529944
v 0.05251405 -0.04329346 0.02499968
v 0.05251405 -0.04329346 0.02499968
v 0.05347199 -0.04473155 0.02529944
v 0.05239930 -0.04252136 0.02529953
v 0.05251405 -0.04329346 0.02499968
v 0.05239930 -0.04252136 0.02529953
v 0.05143336 -0.04185335 0.02499703
v 0.05143336 -0.04185335 0.02499703
v 0.05239930 -0.04252136 0.02529953
v 0.05063533 -0.04081142 0.02529950
v 0.05143336 -0.04185335 0.02499703
v 0.05063533 -0.04081142 0.02529950
v 0.05004341 -0.04082283 0.02499968
v 0.05004341 -0.04082283 0.02499968
v 0.05063533 -0.04081142 0.02529950
v 0.04838743 -0.04011599 0.02499703
v 0.04838743 -0.04011599 0.02499703
v 0.05063533 -0.04081142 0.02529950
v 0.04839284 -0.03980793 0.02529948
v 0.04838743 -0.04011599 0.02499703
v 0.04839284 -0.03980793 0.02529948
v 0.04604270 -0.03992322 0.02499703
v 0.04604270 -0.03992322 0.02499703
v 0.04839284 -0.03980793 0.02529948
v 0.04594242 -0.03963186 0.02529950
v 0.04604270 -0.03992322 0.02499703
v 0.04594242 -0.03963186 0.02529950
v 0.04377345 -0.04054403 0.02499703
v 0.04377345 -0.04054403 0.02499703
v 0.04594242 -0.03963186 0.02529950
v 0.04583745 -0.03937197 0.02530228
v 0.04377345 -0.04054403 0.02499703
v 0.04583745 -0.03937197 0.02530228
v 0.04252139 -0.04093758 0.02529953
v 0.04377345 -0.04054403 0.02499703
v 0.04252139 -0.04093758 0.02529953
v 0.04185338 -0.04190352 0.02499703
v 0.04185338 -0.04190352 0.02499703
v 0.04252139 -0.04093758 0.02529953
v 0.04081144 -0.04270155 0.02529953
v 0.04185338 -0.04190352 0.02499703
v 0.04081144 -0.04270155 0.02529953
v 0.04082286 -0.04329346 0.02499968
v 0.04082286 -0.04329346 0.02499968
v 0.04081144 -0.04270155 0.02529953
v 0.04011602 -0.04494945 0.02499703
v 0.04011602 -0.04494945 0.02499703
v 0.04081144 -0.04270155 0.02529953
v 0.03980789 -0.04494402 0.02529954
v 0.04011602 -0.04494945 0.02499703
v 0.03980789 -0.04494402 0.02529954
v 0.03992326 -0.04729417 0.02499703
v 0.03992326 -0.04729417 0.02499703
v 0.03980789 -0.04494402 0.02529954
v 0.03968843 -0.04805853 0.02529898
v 0.03992326 -0.04729417 0.02499703
v 0.03968843 -0.04805853 0.02529898
v 0.04032561 -0.04897703 0.02499968
v 0.04032561 -0.04897703 0.02499968
v 0.03968843 -0.04805853 0.02529898
v 0.04113982 -0.05058295 0.02499703
v 0.04113982 -0.05058295 0.02499703
v 0.03968843 -0.04805853 0.02529898
v 0.04093764 -0.05081546 0.02529948
v 0.04113982 -0.05058295 0.02499703
v 0.04093764 -0.05081546 0.02529948
v 0.04281207 -0.05223777 0.02499703
v 0.04281207 -0.05223777 0.02499703
v 0.04093764 -0.05081546 0.02529948
v 0.04270159 -0.05252544 0.02529953
v 0.04281207 -0.05223777 0.02499703
v 0.04270159 -0.05252544 0.02529953
v 0.04435985 -0.05301127 0.02499968
v 0.04435985 -0.05301127 0.02499968
v 0.04270159 -0.05252544 0.02529953
v 0.04494406 -0.05352893 0.02529948
v 0.04435985 -0.05301127 0.02499968
v 0.04494406 -0.05352893 0.02529948
v 0.04611338 -0.05341981 0.02499704
v 0.04611338 -0.05341981 0.02499704
v 0.04494406 -0.05352893 0.02529948
v 0.04739449 -0.05370487 0.02529938
v 0.04611338 -0.05341981 0.02499704
v 0.04739449 -0.05370487 0.02529938
v 0.04845598 -0.05320249 0.02499703
v 0.04845598 -0.05320249 0.02499703
v 0.04739449 -0.05370487 0.02529938
v 0.04975731 -0.05303226 0.02529944
v 0.04845598 -0.05320249 0.02499703
v 0.04975731 -0.05303226 0.02529944
v 0.05004342 -0.05251402 0.02499968
v 0.05004342 -0.05251402 0.02499968
v 0.04975731 -0.05303226 0.02529944
v 0.05148354 -0.05143333 0.02499703
v 0.05148354 -0.05143333 0.02499703
v 0.04975731 -0.05303226 0.02529944
v 0.05174759 -0.05159202 0.02529944
v 0.05148354 -0.05143333 0.02499703
v 0.05174759 -0.05159202 0.02529944
v 0.05282285 -0.04949912 0.02499703
v 0.05282285 -0.04949912 0.02499703
v 0.05174759 -0.05159202 0.02529944
v 0.05312521 -0.04955789 0.02529938
v 0.05282285 -0.04949912 0.02499703
v 0.05312521 -0.04955789 0.02529938
v 0.05341984 -0.04722351 0.02499704
v 0.05341984 -0.04722351 0.02499704
v 0.05312521 -0.04955789 0.02529938
v 0.05372413 -0.04717532 0.02529944
v 0.05341984 -0.04722351 0.02499704
v 0.05372413 -0.04717532 0.02529944
v 0.05320252 -0.04488090 0.02499703
v 0.05320252 -0.04488090 0.02499703
v 0.05372413 -0.04717532 0.02529944
v 0.05347199 -0.04473155 0.02529944
v 0.04583745 -0.03937197 0.02530228
v 0.04935559 -0.03916695 0.02530503
v 0.04931328 -0.03880315 0.02556069
v 0.04583745 -0.03937197 0.02530228
v 0.04931328 -0.03880315 0.02556069
v 0.04588173 -0.03899093 0.02555895
v 0.06377594 -0.03429292 0.02545276
v 0.06601376 -0.03272870 0.02567914
v 0.06367194 -0.03420691 0.02573385
v 0.06603265 -0.03287028 0.02543501
v 0.06601376 -0.03272870 0.02567914
v 0.06377594 -0.03429292 0.02545276
v 0.06533090 -0.03371922 0.02530270
v 0.06578172 -0.03324876 0.02532892
v 0.06377594 -0.03429292 0.02545276
v 0.06377594 -0.03429292 0.02545276
v 0.06578172 -0.03324876 0.02532892
v 0.06603265 -0.03287028 0.02543501
v 0.06047908 -0.03612281 0.02533590
v 0.06533090 -0.03371922 0.02530270
v 0.06377594 -0.03429292 0.02545276
v 0.06047908 -0.03612281 0.02533590
v 0.06377594 -0.03429292 0.02545276
v 0.06029479 -0.03592400 0.02570953
v 0.06029479 -0.03592400 0.02570953
v 0.06377594 -0.03429292 0.02545276
v 0.06367194 -0.03420691 0.02573385
v 0.05694470 -0.03761522 0.02530567
v 0.06047908 -0.03612281 0.02533590
v 0.05672039 -0.03731763 0.02555451
v 0.05672039 -0.03731763 0.02555451
v 0.06047908 -0.03612281 0.02533590
v 0.06029479 -0.03592400 0.02570953
v 0.05321659 -0.03846644 0.02532721
v 0.05694470 -0.03761522 0.02530567
v 0.05672039 -0.03731763 0.02555451
v 0.05321659 -0.03846644 0.02532721
v 0.05672039 -0.03731763 0.02555451
v 0.05323480 -0.03819928 0.02568213
v 0.04935559 -0.03916695 0.02530503
v 0.05321659 -0.03846644 0.02532721
v 0.04931328 -0.03880315 0.02556069
v 0.04931328 -0.03880315 0.02556069
v 0.05321659 -0.03846644 0.02532721
v 0.05323480 -0.03819928 0.02568213
v 0.03896209 -0.04587557 0.02571719
v 0.03880017 -0.04929600 0.02557604
v 0.03907268 -0.04588283 0.02546700
v 0.03907268 -0.04588283 0.02546700
v 0.03880017 -0.04929600 0.02557604
v 0.03915347 -0.04936287 0.02530637
v 0.03907268 -0.04588283 0.02546700
v 0.03915347 -0.04936287 0.02530637
v 0.03940616 -0.04487551 0.02531865
v 0.03434319 -0.06379560 0.02538916
v 0.03305146 -0.06590737 0.02537370
v 0.03364502 -0.06544189 0.02529922
v 0.03434319 -0.06379560 0.02538916
v 0.03278989 -0.06594604 0.02565078
v 0.03305146 -0.06590737 0.02537370
v 0.03420209 -0.06368453 0.02572510
v 0.03278989 -0.06594604 0.02565078
v 0.03434319 -0.06379560 0.02538916
v 0.03850396 -0.05305105 0.02532415
v 0.03915347 -0.04936287 0.02530637
v 0.03880017 -0.04929600 0.02557604
v 0.03850396 -0.05305105 0.02532415
v 0.03880017 -0.04929600 0.02557604
v 0.03822636 -0.05307421 0.02570012
v 0.03700592 -0.05881349 0.02530719
v 0.03850396 -0.05305105 0.02532415
v 0.03730122 -0.05676428 0.02555727
v 0.03730122 -0.05676428 0.02555727
v 0.03850396 -0.05305105 0.02532415
v 0.03822636 -0.05307421 0.02570012
v 0.03595323 -0.06032891 0.02555099
v 0.03700592 -0.05881349 0.02530719
v 0.03730122 -0.05676428 0.02555727
v 0.03595323 -0.06032891 0.02555099
v 0.03730122 -0.05676428 0.02555727
v 0.03648717 -0.05881758 0.02579967
v 0.03364502 -0.06544189 0.02529922
v 0.03700592 -0.05881349 0.02530719
v 0.03434319 -0.06379560 0.02538916
v 0.03434319 -0.06379560 0.02538916
v 0.03700592 -0.05881349 0.02530719
v 0.03595323 -0.06032891 0.02555099
v 0.03434319 -0.06379560 0.02538916
v 0.03595323 -0.06032891 0.02555099
v 0.03420209 -0.06368453 0.02572510
v 0.07465575 0.01125257 -0.00000000
v 0.07528790 0.00564201 -0.00000000
v 0.00000000 0.00000000 0.00000000
v -0.07549902 -0.00000013 0.00000000
v -0.07528790 0.00564198 -0.00000000
v 0.01125251 0.07465576 -0.00000000
v 0.01680003 0.07360612 -0.00000000
v 0.02225377 0.07214479 -0.00000000
v 0.02758287 0.07028006 -0.00000000
v 0.06238016 0.04253018 -0.00000000
v 0.06538408 0.03774949 -0.00000000
v 0.00564193 -0.07528791 0.00000000
v 0.00000004 -0.07552542 0.00000000
v 0.03275775 0.06802229 -0.00000000
v 0.03774950 0.06538407 -0.00000000
v -0.07465576 0.01125248 -0.00000000
v 0.07528790 -0.00564202 0.00000000
v 0.07465576 -0.01125243 0.00000000
v -0.06538407 0.03774950 -0.00000000
v -0.06238022 0.04253009 -0.00000000
v 0.03774964 -0.06538399 0.00000000
v 0.03275782 -0.06802225 0.00000000
v -0.07360610 0.01680009 -0.00000000
v 0.04707292 -0.05902746 0.00000000
v 0.04253011 -0.06238021 0.00000000
v 0.02758284 -0.07028007 0.00000000
v -0.05902748 -0.04707290 0.00000000
v -0.06238021 -0.04253011 0.00000000
v -0.01680011 0.07360610 -0.00000000
v -0.01125257 0.07465575 -0.00000000
v 0.07360609 -0.01680017 0.00000000
v 0.07214482 -0.02225369 0.00000000
v -0.03275782 0.06802225 -0.00000000
v -0.02758287 0.07028007 -0.00000000
v -0.05135235 -0.05534471 0.00000000
v -0.05534467 -0.05135240 0.00000000
v -0.06538405 -0.03774953 0.00000000
v 0.02225384 -0.07214477 0.00000000
v 0.01680013 -0.07360609 0.00000000
v -0.03275777 -0.06802227 0.00000000
v -0.03774957 -0.06538402 0.00000000
v -0.07360609 -0.01680013 0.00000000
v -0.07465573 -0.01125264 0.00000000
v 0.07549902 -0.00000003 0.00000000
v -0.07528790 -0.00564207 0.00000000
v -0.01125242 -0.07465576 0.00000000
v -0.01680009 -0.07360610 0.00000000
v 0.06802225 0.03275782 -0.00000000
v 0.07028003 0.02758295 -0.00000000
v -0.04707288 0.05902749 -0.00000000
v -0.04253013 0.06238020 -0.00000000
v -0.05534469 0.05135238 -0.00000000
v -0.05135239 0.05534469 -0.00000000
v -0.02225382 0.07214478 -0.00000000
v -0.07028004 -0.02758291 0.00000000
v -0.07214481 -0.02225372 0.00000000
v -0.07028006 0.02758288 -0.00000000
v -0.06802227 0.03275777 -0.00000000
v -0.02225376 -0.07214479 0.00000000
v -0.02758286 -0.07028006 0.00000000
v -0.06802227 -0.03275780 0.00000000
v -0.04707287 -0.05902750 0.00000000
v 0.07214482 0.02225369 -0.00000000
v 0.04253010 0.06238021 -0.00000000
v 0.04707284 0.05902752 -0.00000000
v 0.05135237 0.05534470 -0.00000000
v -0.00564210 -0.07528790 0.00000000
v 0.05902754 -0.04707282 0.00000000
v 0.05534471 -0.05135235 0.00000000
v 0.05534467 0.05135239 -0.00000000
v -0.03774958 0.06538402 -0.00000000
v 0.05135240 -0.05534467 0.00000000
v -0.07214481 0.02225372 -0.00000000
v 0.06538407 -0.03774949 0.00000000
v 0.06238023 -0.04253007 0.00000000
v 0.05902749 0.04707289 -0.00000000
v -0.05902753 0.04707284 -0.00000000
v 0.06802227 -0.03275777 0.00000000
v -0.04253007 -0.06238024 0.00000000
v 0.03288008 -0.06791354 0.01781641
v 0.03275782 -0.06802225 0.00000000
v 0.03774964 -0.06538399 0.00000000
v -0.02207037 -0.07214603 0.01796084
v -0.02225376 -0.07214479 0.00000000
v -0.01677251 -0.07356489 0.01784911
v 0.07360609 0.01680013 -0.00000000
v 0.07028006 -0.02758287 0.00000000
v -0.00564208 0.07528790 -0.00000000
v 0.03787513 -0.06525049 0.01796089
v -0.00000002 0.07549902 -0.00000000
v 0.00564202 0.07528790 -0.00000000
v 0.00048622 -0.07552165 0.01626706
v 0.00000004 -0.07552542 0.00000000
v 0.00564193 -0.07528791 0.00000000
v 0.07526029 -0.00543242 0.01781910
v 0.07549902 -0.00000003 0.00000000
v 0.07544314 0.00024306 0.01796821
v 0.01107113 0.07462963 0.01796086
v 0.01125251 0.07465576 -0.00000000
v 0.00551267 0.07525793 0.01778334
v 0.05141839 -0.05522946 0.01778340
v 0.05135240 -0.05534467 0.00000000
v 0.05532278 -0.05130790 0.01784907
v 0.06541319 -0.03761991 0.01778350
v 0.06238023 -0.04253007 0.00000000
v 0.06538407 -0.03774949 0.00000000
v 0.01125267 -0.07465573 0.00000000
v -0.07352730 -0.01694357 0.01781635
v -0.07214481 -0.02225372 0.00000000
v -0.07204251 -0.02243873 0.01781914
v 0.04717719 -0.05887668 0.01796089
v 0.04707292 -0.05902746 0.00000000
v 0.05141839 -0.05522946 0.01778340
v 0.05135240 -0.05534467 0.00000000
v -0.04456633 -0.03921645 0.02568147
v -0.04588126 -0.03896325 0.02571048
v -0.04588283 -0.03907268 0.02546700
v -0.04456633 -0.03921645 0.02568147
v -0.04588283 -0.03907268 0.02546700
v -0.04487550 -0.03940617 0.02531865
v -0.04334557 -0.03968972 0.02560092
v -0.04456633 -0.03921645 0.02568147
v -0.04487550 -0.03940617 0.02531865
v -0.04334557 -0.03968972 0.02560092
v -0.04487550 -0.03940617 0.02531865
v -0.04348628 -0.03999034 0.02530697
v -0.04220134 -0.04034361 0.02568276
v -0.04334557 -0.03968972 0.02560092
v -0.04233195 -0.04049367 0.02537830
v -0.04233195 -0.04049367 0.02537830
v -0.04334557 -0.03968972 0.02560092
v -0.04348628 -0.03999034 0.02530697
v -0.04119184 -0.04120022 0.02561603
v -0.04220134 -0.04034361 0.02568276
v -0.04233195 -0.04049367 0.02537830
v -0.04119184 -0.04120022 0.02561603
v -0.04233195 -0.04049367 0.02537830
v -0.04144292 -0.04143232 0.02530716
v -0.04144292 -0.04143232 0.02530716
v -0.04233195 -0.04049367 0.02537830
v -0.04348628 -0.03999034 0.02530697
v -0.04033633 -0.04221221 0.02568228
v -0.04119184 -0.04120022 0.02561603
v -0.04052088 -0.04229344 0.02537830
v -0.04052088 -0.04229344 0.02537830
v -0.04119184 -0.04120022 0.02561603
v -0.04144292 -0.04143232 0.02530716
v -0.03967830 -0.04336820 0.02560201
v -0.04033633 -0.04221221 0.02568228
v -0.04052088 -0.04229344 0.02537830
v -0.03967830 -0.04336820 0.02560201
v -0.04052088 -0.04229344 0.02537830
v -0.03999635 -0.04347418 0.02530710
v -0.03999635 -0.04347418 0.02530710
v -0.04052088 -0.04229344 0.02537830
v -0.04144292 -0.04143232 0.02530716
v -0.03921321 -0.04457916 0.02568083
v -0.03967830 -0.04336820 0.02560201
v -0.03941373 -0.04459419 0.02537830
v -0.03941373 -0.04459419 0.02537830
v -0.03967830 -0.04336820 0.02560201
v -0.03999635 -0.04347418 0.02530710
v -0.03899093 -0.04588172 0.02555895
v -0.03921321 -0.04457916 0.02568083
v -0.03941373 -0.04459419 0.02537830
v -0.03899093 -0.04588172 0.02555895
v -0.03941373 -0.04459419 0.02537830
v -0.03937197 -0.04583745 0.02530228
v -0.03937197 -0.04583745 0.02530228
v -0.03941373 -0.04459419 0.02537830
v -0.03999635 -0.04347418 0.02530710
v -0.03921645 0.04456633 0.02568147
v -0.03896325 0.04588126 0.02571047
v -0.03907268 0.04588283 0.02546700
v -0.03921645 0.04456633 0.02568147
v -0.03907268 0.04588283 0.02546700
v -0.03941055 0.04486895 0.02531687
v -0.03968972 0.04334557 0.02560092
v -0.03921645 0.04456633 0.02568147
v -0.03941055 0.04486895 0.02531687
v -0.03968972 0.04334557 0.02560092
v -0.03941055 0.04486895 0.02531687
v -0.03999051 0.04348052 0.02530803
v -0.04034361 0.04220134 0.02568275
v -0.03968972 0.04334557 0.02560092
v -0.04049367 0.04233195 0.02537830
v -0.04049367 0.04233195 0.02537830
v -0.03968972 0.04334557 0.02560092
v -0.03999051 0.04348052 0.02530803
v -0.04120030 0.04119230 0.02561544
v -0.04034361 0.04220134 0.02568275
v -0.04049367 0.04233195 0.02537830
v -0.04120030 0.04119230 0.02561544
v -0.04049367 0.04233195 0.02537830
v -0.04143233 0.04144292 0.02530716
v -0.04143233 0.04144292 0.02530716
v -0.04049367 0.04233195 0.02537830
v -0.03999051 0.04348052 0.02530803
v -0.04221221 0.04033633 0.02568227
v -0.04120030 0.04119230 0.02561544
v -0.04229344 0.04052088 0.02537830
v -0.04229344 0.04052088 0.02537830
v -0.04120030 0.04119230 0.02561544
v -0.04143233 0.04144292 0.02530716
v -0.04336820 0.03967830 0.02560201
v -0.04221221 0.04033633 0.02568227
v -0.04229344 0.04052088 0.02537830
v -0.04336820 0.03967830 0.02560201
v -0.04229344 0.04052088 0.02537830
v -0.04347418 0.03999635 0.02530710
v -0.04347418 0.03999635 0.02530710
v -0.04229344 0.04052088 0.02537830
v -0.04143233 0.04144292 0.02530716
v -0.04457916 0.03921321 0.02568082
v -0.04336820 0.03967830 0.02560201
v -0.04459419 0.03941374 0.02537830
v -0.04459419 0.03941374 0.02537830
v -0.04336820 0.03967830 0.02560201
v -0.04347418 0.03999635 0.02530710
v -0.04588173 0.03899093 0.02555895
v -0.04457916 0.03921321 0.02568082
v -0.04459419 0.03941374 0.02537830
v -0.04588173 0.03899093 0.02555895
v -0.04459419 0.03941374 0.02537830
v -0.04583745 0.03937198 0.02530228
v -0.04583745 0.03937198 0.02530228
v -0.04459419 0.03941374 0.02537830
v -0.04347418 0.03999635 0.02530710
v -0.03897561 -0.04565095 0.06824220
v -0.03899093 -0.04588172 0.02555895
v -0.03875817 -0.04922286 0.05997647
v -0.03875817 -0.04922286 0.05997647
v -0.03899093 -0.04588172 0.02555895
v -0.03880315 -0.04931328 0.02556069
v -0.03875817 -0.04922286 0.05997647
v -0.03880315 -0.04931328 0.02556069
v -0.03856166 -0.05109642 0.05575850
v -0.03819928 -0.05323480 0.02568213
v -0.03776748 -0.05502063 0.04715046
v -0.03809555 -0.05362805 0.05025591
v -0.03819928 -0.05323480 0.02568213
v -0.03809555 -0.05362805 0.05025591
v -0.03880315 -0.04931328 0.02556069
v -0.03880315 -0.04931328 0.02556069
v -0.03809555 -0.05362805 0.05025591
v -0.03856166 -0.05109642 0.05575850
v -0.03592401 -0.06029479 0.02570953
v -0.03672043 -0.05833643 0.04055052
v -0.03731763 -0.05672039 0.02555451
v -0.03731763 -0.05672039 0.02555451
v -0.03672043 -0.05833643 0.04055052
v -0.03819928 -0.05323480 0.02568213
v -0.03819928 -0.05323480 0.02568213
v -0.03672043 -0.05833643 0.04055052
v -0.03776748 -0.05502063 0.04715046
v -0.03276122 -0.06599178 0.02562559
v -0.03364254 -0.06459748 0.02803310
v -0.03420728 -0.06367129 0.02573356
v -0.03420728 -0.06367129 0.02573356
v -0.03364254 -0.06459748 0.02803310
v -0.03592401 -0.06029479 0.02570953
v -0.03592401 -0.06029479 0.02570953
v -0.03364254 -0.06459748 0.02803310
v -0.03555997 -0.06109217 0.03498526
v -0.03592401 -0.06029479 0.02570953
v -0.03555997 -0.06109217 0.03498526
v -0.03672043 -0.05833643 0.04055052
v -0.04487550 -0.03940617 0.02531865
v -0.04494402 -0.03980789 0.02529954
v -0.04348628 -0.03999034 0.02530697
v -0.04270155 -0.04081144 0.02529953
v -0.04144292 -0.04143232 0.02530716
v -0.04348628 -0.03999034 0.02530697
v -0.04270155 -0.04081144 0.02529953
v -0.04348628 -0.03999034 0.02530697
v -0.04494402 -0.03980789 0.02529954
v -0.05159202 -0.05174759 0.02529944
v -0.05403441 -0.04998653 0.02528599
v -0.05015014 -0.05388260 0.02528599
v -0.05159202 -0.05174759 0.02529944
v -0.05015014 -0.05388260 0.02528599
v -0.04955789 -0.05312521 0.02529938
v -0.05303227 -0.04975731 0.02529944
v -0.05403441 -0.04998653 0.02528599
v -0.06072038 -0.04159376 0.02529252
v -0.06072038 -0.04159376 0.02529252
v -0.05303227 -0.04975731 0.02529944
v -0.05370487 -0.04739449 0.02529938
v -0.05352893 -0.04494406 0.02529948
v -0.06544190 -0.03364502 0.02529922
v -0.05252544 -0.04270159 0.02529953
v -0.04093758 -0.04252139 0.02529953
v -0.03999635 -0.04347418 0.02530710
v -0.04144292 -0.04143232 0.02530716
v -0.04093758 -0.04252139 0.02529953
v -0.04144292 -0.04143232 0.02530716
v -0.04270155 -0.04081144 0.02529953
v -0.04494402 -0.03980789 0.02529954
v -0.04487550 -0.03940617 0.02531865
v -0.04805853 -0.03968843 0.02529898
v -0.04805853 -0.03968843 0.02529898
v -0.04487550 -0.03940617 0.02531865
v -0.04936287 -0.03915347 0.02530637
v -0.04805853 -0.03968843 0.02529898
v -0.04936287 -0.03915347 0.02530637
v -0.05081546 -0.04093764 0.02529948
v -0.05305105 -0.03850396 0.02532415
v -0.05081546 -0.04093764 0.02529948
v -0.05305105 -0.03850396 0.02532415
v -0.05252544 -0.04270159 0.02529953
v -0.03937197 -0.04583745 0.02530228
v -0.03999635 -0.04347418 0.02530710
v -0.04081142 -0.05063533 0.02529950
v -0.03846644 -0.05321659 0.02532721
v -0.03916696 -0.04935559 0.02530503
v -0.03980793 -0.04839284 0.02529948
v -0.03963186 -0.04594242 0.02529950
v -0.03937197 -0.04583745 0.02530228
v -0.04252136 -0.05239930 0.02529953
v -0.03761522 -0.05694470 0.02530567
v -0.04081142 -0.05063533 0.02529950
v -0.04081142 -0.05063533 0.02529950
v -0.03761522 -0.05694470 0.02530567
v -0.03846644 -0.05321659 0.02532721
v -0.04130389 -0.06091739 0.02529348
v -0.03371922 -0.06533089 0.02530270
v -0.03612281 -0.06047908 0.02533590
v -0.03612281 -0.06047908 0.02533590
v -0.03761522 -0.05694470 0.02530567
v -0.04130389 -0.06091739 0.02529348
v -0.04130389 -0.06091739 0.02529348
v -0.04473155 -0.05347199 0.02529944
v -0.04595461 -0.05745073 0.02529199
v -0.04717532 -0.05372413 0.02529944
v -0.05015014 -0.05388260 0.02528599
v -0.05015014 -0.05388260 0.02528599
v -0.04717532 -0.05372413 0.02529944
v -0.04955789 -0.05312521 0.02529938
v -0.05252544 -0.04270159 0.02529953
v -0.05881349 -0.03700592 0.02530719
v -0.06544190 -0.03364502 0.02529922
v -0.06594955 -0.03278839 0.02564866
v -0.06366034 -0.03421150 0.02574083
v -0.06267958 -0.03475770 0.03174496
v -0.05881758 -0.03648717 0.02579967
v -0.05882172 -0.03652510 0.03931730
v -0.06267958 -0.03475770 0.03174496
v -0.06267958 -0.03475770 0.03174496
v -0.06366034 -0.03421150 0.02574083
v -0.06032891 -0.03595323 0.02555099
v -0.06267958 -0.03475770 0.03174496
v -0.06032891 -0.03595323 0.02555099
v -0.05881758 -0.03648717 0.02579967
v -0.05307467 -0.03822623 0.02570023
v -0.05592911 -0.03751185 0.04553200
v -0.05677366 -0.03730048 0.02555464
v -0.05677366 -0.03730048 0.02555464
v -0.05592911 -0.03751185 0.04553200
v -0.05881758 -0.03648717 0.02579967
v -0.05881758 -0.03648717 0.02579967
v -0.05592911 -0.03751185 0.04553200
v -0.05882172 -0.03652510 0.03931730
v -0.04925824 -0.03880397 0.02557604
v -0.04914090 -0.03877607 0.06042301
v -0.05270446 -0.03829771 0.05220100
v -0.04925824 -0.03880397 0.02557604
v -0.05270446 -0.03829771 0.05220100
v -0.05307467 -0.03822623 0.02570023
v -0.05270446 -0.03829771 0.05220100
v -0.04589226 -0.03895093 0.06772589
v -0.04914090 -0.03877607 0.06042301
v -0.04588126 -0.03896325 0.02571048
v -0.04925824 -0.03880397 0.02557604
v -0.04577551 0.03896774 0.06789983
v -0.04588173 0.03899093 0.02555895
v -0.04922336 0.03875829 0.05997565
v -0.04922336 0.03875829 0.05997565
v -0.04588173 0.03899093 0.02555895
v -0.04931328 0.03880315 0.02556069
v -0.04922336 0.03875829 0.05997565
v -0.04931328 0.03880315 0.02556069
v -0.05109643 0.03856166 0.05575847
v -0.05323480 0.03819928 0.02568213
v -0.05502063 0.03776748 0.04715046
v -0.05362805 0.03809555 0.05025591
v -0.05323480 0.03819928 0.02568213
v -0.05362805 0.03809555 0.05025591
v -0.04931328 0.03880315 0.02556069
v -0.04931328 0.03880315 0.02556069
v -0.05362805 0.03809555 0.05025591
v -0.05109643 0.03856166 0.05575847
v -0.06029479 0.03592401 0.02570952
v -0.05833759 0.03672041 0.04053699
v -0.05672039 0.03731764 0.02555451
v -0.05672039 0.03731764 0.02555451
v -0.05833759 0.03672041 0.04053699
v -0.05323480 0.03819928 0.02568213
v -0.05323480 0.03819928 0.02568213
v -0.05833759 0.03672041 0.04053699
v -0.05502063 0.03776748 0.04715046
v -0.06599034 0.03276268 0.02562560
v -0.06494838 0.03343172 0.02741095
v -0.06367194 0.03420691 0.02573384
v -0.06494838 0.03343172 0.02741095
v -0.06329243 0.03439799 0.03066745
v -0.06367194 0.03420691 0.02573384
v -0.06367194 0.03420691 0.02573384
v -0.06329243 0.03439799 0.03066745
v -0.06029479 0.03592401 0.02570952
v -0.06029479 0.03592401 0.02570952
v -0.06329243 0.03439799 0.03066745
v -0.06121378 0.03548630 0.03461634
v -0.06029479 0.03592401 0.02570952
v -0.06121378 0.03548630 0.03461634
v -0.05833759 0.03672041 0.04053699
v -0.04270159 0.05252544 0.02529953
v -0.03364502 0.06544190 0.02529922
v -0.04494406 0.05352893 0.02529948
v -0.04159376 0.06072038 0.02529252
v -0.04739449 0.05370487 0.02529938
v -0.03850396 0.05305105 0.02532415
v -0.03700592 0.05881350 0.02530719
v -0.04270159 0.05252544 0.02529953
v -0.04252139 0.04093758 0.02529953
v -0.04583745 0.03937198 0.02530228
v -0.04347418 0.03999635 0.02530710
v -0.05239930 0.04252136 0.02529953
v -0.05694470 0.03761522 0.02530567
v -0.05063533 0.04081142 0.02529950
v -0.05312521 0.04955789 0.02529938
v -0.05388260 0.05015014 0.02528599
v -0.05372413 0.04717532 0.02529944
v -0.05372413 0.04717532 0.02529944
v -0.05388260 0.05015014 0.02528599
v -0.05745073 0.04595462 0.02529199
v -0.05174759 0.05159202 0.02529944
v -0.04998653 0.05403441 0.02528599
v -0.05388260 0.05015014 0.02528599
v -0.05174759 0.05159202 0.02529944
v -0.05388260 0.05015014 0.02528599
v -0.05312521 0.04955789 0.02529938
v -0.04975731 0.05303227 0.02529944
v -0.04998653 0.05403441 0.02528599
v -0.04159376 0.06072038 0.02529252
v -0.04975731 0.05303227 0.02529944
v -0.03364502 0.06544190 0.02529922
v -0.03980789 0.04494402 0.02529954
v -0.03999051 0.04348052 0.02530803
v -0.03941055 0.04486895 0.02531687
v -0.04081144 0.04270155 0.02529953
v -0.04143233 0.04144292 0.02530716
v -0.03850396 0.05305105 0.02532415
v -0.04270159 0.05252544 0.02529953
v -0.04093764 0.05081546 0.02529948
v -0.04093764 0.05081546 0.02529948
v -0.03915347 0.04936287 0.02530637
v -0.03968843 0.04805853 0.02529898
v -0.03915347 0.04936287 0.02530637
v -0.03968843 0.04805853 0.02529898
v -0.03941055 0.04486895 0.02531687
v -0.03941055 0.04486895 0.02531687
v -0.03968843 0.04805853 0.02529898
v -0.03980789 0.04494402 0.02529954
v -0.04081144 0.04270155 0.02529953
v -0.03999051 0.04348052 0.02530803
v -0.03980789 0.04494402 0.02529954
v -0.04081144 0.04270155 0.02529953
v -0.04143233 0.04144292 0.02530716
v -0.03999051 0.04348052 0.02530803
v -0.04252139 0.04093758 0.02529953
v -0.04347418 0.03999635 0.02530710
v -0.04143233 0.04144292 0.02530716
v -0.06091739 0.04130390 0.02529348
v -0.06533090 0.03371922 0.02530270
v -0.06047908 0.03612281 0.02533590
v -0.06047908 0.03612281 0.02533590
v -0.05694470 0.03761522 0.02530567
v -0.06091739 0.04130390 0.02529348
v -0.06091739 0.04130390 0.02529348
v -0.05347199 0.04473155 0.02529944
v -0.05694470 0.03761522 0.02530567
v -0.05321659 0.03846644 0.02532721
v -0.05063533 0.04081142 0.02529950
v -0.05063533 0.04081142 0.02529950
v -0.05321659 0.03846644 0.02532721
v -0.04935559 0.03916696 0.02530503
v -0.04839284 0.03980793 0.02529948
v -0.04594242 0.03963186 0.02529950
v -0.04583745 0.03937198 0.02530228
v -0.03471141 0.06278947 0.03159875
v -0.03278989 0.06594604 0.02565077
v -0.03420209 0.06368453 0.02572509
v -0.03648717 0.05881758 0.02579966
v -0.03652510 0.05882172 0.03931730
v -0.03471141 0.06278947 0.03159875
v -0.03471141 0.06278947 0.03159875
v -0.03420209 0.06368453 0.02572509
v -0.03595323 0.06032891 0.02555098
v -0.03471141 0.06278947 0.03159875
v -0.03595323 0.06032891 0.02555098
v -0.03648717 0.05881758 0.02579966
v -0.03822636 0.05307421 0.02570011
v -0.03812156 0.05348222 0.05056217
v -0.03751141 0.05592887 0.04554219
v -0.03730048 0.05677366 0.02555464
v -0.03730048 0.05677366 0.02555464
v -0.03751141 0.05592887 0.04554219
v -0.03648717 0.05881758 0.02579966
v -0.03648717 0.05881758 0.02579966
v -0.03751141 0.05592887 0.04554219
v -0.03652510 0.05882172 0.03931730
v -0.03880111 0.04929591 0.02557485
v -0.03877550 0.04914575 0.06041408
v -0.03849049 0.05160486 0.05460618
v -0.03880111 0.04929591 0.02557485
v -0.03849049 0.05160486 0.05460618
v -0.03812156 0.05348222 0.05056217
v -0.03812156 0.05348222 0.05056217
v -0.03822636 0.05307421 0.02570011
v -0.03880111 0.04929591 0.02557485
v -0.03896061 0.04570890 0.06819393
v -0.03877550 0.04914575 0.06041408
v -0.03896325 0.04588126 0.02571047
v -0.03880111 0.04929591 0.02557485
v 0.04456633 0.03921646 0.02568147
v 0.04588126 0.03896325 0.02571047
v 0.04588283 0.03907268 0.02546700
v 0.04456633 0.03921646 0.02568147
v 0.04588283 0.03907268 0.02546700
v 0.04487551 0.03940616 0.02531865
v 0.04334557 0.03968972 0.02560092
v 0.04456633 0.03921646 0.02568147
v 0.04487551 0.03940616 0.02531865
v 0.04334557 0.03968972 0.02560092
v 0.04487551 0.03940616 0.02531865
v 0.04348628 0.03999034 0.02530697
v 0.04220134 0.04034361 0.02568275
v 0.04334557 0.03968972 0.02560092
v 0.04233195 0.04049367 0.02537830
v 0.04233195 0.04049367 0.02537830
v 0.04334557 0.03968972 0.02560092
v 0.04348628 0.03999034 0.02530697
v 0.04119230 0.04120030 0.02561544
v 0.04220134 0.04034361 0.02568275
v 0.04233195 0.04049367 0.02537830
v 0.04119230 0.04120030 0.02561544
v 0.04233195 0.04049367 0.02537830
v 0.04144292 0.04143233 0.02530716
v 0.04144292 0.04143233 0.02530716
v 0.04233195 0.04049367 0.02537830
v 0.04348628 0.03999034 0.02530697
v 0.04033633 0.04221222 0.02568227
v 0.04119230 0.04120030 0.02561544
v 0.04052088 0.04229344 0.02537830
v 0.04052088 0.04229344 0.02537830
v 0.04119230 0.04120030 0.02561544
v 0.04144292 0.04143233 0.02530716
v 0.03967830 0.04336820 0.02560201
v 0.04033633 0.04221222 0.02568227
v 0.04052088 0.04229344 0.02537830
v 0.03967830 0.04336820 0.02560201
v 0.04052088 0.04229344 0.02537830
v 0.03999635 0.04347418 0.02530710
v 0.03999635 0.04347418 0.02530710
v 0.04052088 0.04229344 0.02537830
v 0.04144292 0.04143233 0.02530716
v 0.03921321 0.04457917 0.02568082
v 0.03967830 0.04336820 0.02560201
v 0.03941373 0.04459420 0.02537830
v 0.03941373 0.04459420 0.02537830
v 0.03967830 0.04336820 0.02560201
v 0.03999635 0.04347418 0.02530710
v 0.03899093 0.04588173 0.02555895
v 0.03921321 0.04457917 0.02568082
v 0.03941373 0.04459420 0.02537830
v 0.03899093 0.04588173 0.02555895
v 0.03941373 0.04459420 0.02537830
v 0.03937197 0.04583745 0.02530228
v 0.03937197 0.04583745 0.02530228
v 0.03941373 0.04459420 0.02537830
v 0.03999635 0.04347418 0.02530710
v 0.03921645 -0.04456633 0.02568147
v 0.03896209 -0.04587557 0.02571719
v 0.03907268 -0.04588283 0.02546700
v 0.03921645 -0.04456633 0.02568147
v 0.03907268 -0.04588283 0.02546700
v 0.03940616 -0.04487551 0.02531865
v 0.03968972 -0.04334557 0.02560092
v 0.03921645 -0.04456633 0.02568147
v 0.03940616 -0.04487551 0.02531865
v 0.03968972 -0.04334557 0.02560092
v 0.03940616 -0.04487551 0.02531865
v 0.03999182 -0.04348731 0.02530613
v 0.04034361 -0.04220134 0.02568276
v 0.03968972 -0.04334557 0.02560092
v 0.04049367 -0.04233195 0.02537830
v 0.04049367 -0.04233195 0.02537830
v 0.03968972 -0.04334557 0.02560092
v 0.03999182 -0.04348731 0.02530613
v 0.04120030 -0.04119230 0.02561544
v 0.04034361 -0.04220134 0.02568276
v 0.04049367 -0.04233195 0.02537830
v 0.04120030 -0.04119230 0.02561544
v 0.04049367 -0.04233195 0.02537830
v 0.04143434 -0.04143819 0.02530804
v 0.04143434 -0.04143819 0.02530804
v 0.04049367 -0.04233195 0.02537830
v 0.03999182 -0.04348731 0.02530613
v 0.04221221 -0.04033633 0.02568228
v 0.04120030 -0.04119230 0.02561544
v 0.04229344 -0.04052088 0.02537830
v 0.04229344 -0.04052088 0.02537830
v 0.04120030 -0.04119230 0.02561544
v 0.04143434 -0.04143819 0.02530804
v 0.04336820 -0.03967830 0.02560201
v 0.04221221 -0.04033633 0.02568228
v 0.04229344 -0.04052088 0.02537830
v 0.04336820 -0.03967830 0.02560201
v 0.04229344 -0.04052088 0.02537830
v 0.04347418 -0.03999634 0.02530710
v 0.04347418 -0.03999634 0.02530710
v 0.04229344 -0.04052088 0.02537830
v 0.04143434 -0.04143819 0.02530804
v 0.04457916 -0.03921320 0.02568083
v 0.04336820 -0.03967830 0.02560201
v 0.04459419 -0.03941373 0.02537830
v 0.04459419 -0.03941373 0.02537830
v 0.04336820 -0.03967830 0.02560201
v 0.04347418 -0.03999634 0.02530710
v 0.04588173 -0.03899093 0.02555895
v 0.04457916 -0.03921320 0.02568083
v 0.04459419 -0.03941373 0.02537830
v 0.04588173 -0.03899093 0.02555895
v 0.04459419 -0.03941373 0.02537830
v 0.04583745 -0.03937197 0.02530228
v 0.04583745 -0.03937197 0.02530228
v 0.04459419 -0.03941373 0.02537830
v 0.04347418 -0.03999634 0.02530710
v 0.03897611 0.04564695 0.06825491
v 0.03899093 0.04588173 0.02555895
v 0.03875829 0.04922337 0.05997565
v 0.03875829 0.04922337 0.05997565
v 0.03899093 0.04588173 0.02555895
v 0.03880315 0.04931328 0.02556069
v 0.03875829 0.04922337 0.05997565
v 0.03880315 0.04931328 0.02556069
v 0.03856166 0.05109643 0.05575847
v 0.03819928 0.05323480 0.02568212
v 0.03776748 0.05502063 0.04715045
v 0.03809555 0.05362806 0.05025591
v 0.03819928 0.05323480 0.02568212
v 0.03809555 0.05362806 0.05025591
v 0.03880315 0.04931328 0.02556069
v 0.03880315 0.04931328 0.02556069
v 0.03809555 0.05362806 0.05025591
v 0.03856166 0.05109643 0.05575847
v 0.03592401 0.06029479 0.02570952
v 0.03672961 0.05831084 0.04060663
v 0.03731763 0.05672039 0.02555451
v 0.03731763 0.05672039 0.02555451
v 0.03672961 0.05831084 0.04060663
v 0.03819928 0.05323480 0.02568212
v 0.03819928 0.05323480 0.02568212
v 0.03672961 0.05831084 0.04060663
v 0.03776748 0.05502063 0.04715045
v 0.03276268 0.06599034 0.02562559
v 0.03343172 0.06494838 0.02741095
v 0.03420691 0.06367195 0.02573384
v 0.03343172 0.06494838 0.02741095
v 0.03439799 0.06329243 0.03066745
v 0.03420691 0.06367195 0.02573384
v 0.03420691 0.06367195 0.02573384
v 0.03439799 0.06329243 0.03066745
v 0.03592401 0.06029479 0.02570952
v 0.03592401 0.06029479 0.02570952
v 0.03439799 0.06329243 0.03066745
v 0.03557249 0.06106635 0.03505006
v 0.03592401 0.06029479 0.02570952
v 0.03557249 0.06106635 0.03505006
v 0.03672961 0.05831084 0.04060663
v 0.05252544 0.04270159 0.02529953
v 0.06374202 0.03672311 0.02529354
v 0.05352893 0.04494406 0.02529948
v 0.06072038 0.04159376 0.02529252
v 0.05370487 0.04739449 0.02529938
v 0.04955789 0.05312521 0.02529938
v 0.05015014 0.05388260 0.02528599
v 0.04717532 0.05372413 0.02529944
v 0.04717532 0.05372413 0.02529944
v 0.05015014 0.05388260 0.02528599
v 0.04595461 0.05745073 0.02529199
v 0.05159202 0.05174759 0.02529944
v 0.05403441 0.04998653 0.02528599
v 0.05015014 0.05388260 0.02528599
v 0.05159202 0.05174759 0.02529944
v 0.05015014 0.05388260 0.02528599
v 0.04955789 0.05312521 0.02529938
v 0.05303227 0.04975731 0.02529944
v 0.05403441 0.04998653 0.02528599
v 0.06072038 0.04159376 0.02529252
v 0.05303227 0.04975731 0.02529944
v 0.04252136 0.05239931 0.02529953
v 0.03761522 0.05694470 0.02530567
v 0.04081142 0.05063533 0.02529950
v 0.04130389 0.06091739 0.02529348
v 0.03371922 0.06533090 0.02530270
v 0.03612281 0.06047908 0.02533590
v 0.03612281 0.06047908 0.02533590
v 0.03761522 0.05694470 0.02530567
v 0.04130389 0.06091739 0.02529348
v 0.04130389 0.06091739 0.02529348
v 0.04473155 0.05347199 0.02529944
v 0.05252544 0.04270159 0.02529953
v 0.05081546 0.04093765 0.02529948
v 0.05305105 0.03850396 0.02532415
v 0.05305105 0.03850396 0.02532415
v 0.05081546 0.04093765 0.02529948
v 0.04936287 0.03915347 0.02530637
v 0.04805853 0.03968843 0.02529898
v 0.04936287 0.03915347 0.02530637
v 0.04805853 0.03968843 0.02529898
v 0.04487551 0.03940616 0.02531865
v 0.04487551 0.03940616 0.02531865
v 0.04805853 0.03968843 0.02529898
v 0.04494402 0.03980789 0.02529954
v 0.04093758 0.04252139 0.02529953
v 0.03999635 0.04347418 0.02530710
v 0.04144292 0.04143233 0.02530716
v 0.04093758 0.04252139 0.02529953
v 0.04144292 0.04143233 0.02530716
v 0.04270155 0.04081144 0.02529953
v 0.03937197 0.04583745 0.02530228
v 0.03999635 0.04347418 0.02530710
v 0.03761522 0.05694470 0.02530567
v 0.03846644 0.05321659 0.02532721
v 0.04081142 0.05063533 0.02529950
v 0.04081142 0.05063533 0.02529950
v 0.03846644 0.05321659 0.02532721
v 0.03916696 0.04935559 0.02530503
v 0.03980793 0.04839284 0.02529948
v 0.03963186 0.04594243 0.02529950
v 0.03937197 0.04583745 0.02530228
v 0.05252544 0.04270159 0.02529953
v 0.05881349 0.03700592 0.02530719
v 0.05881349 0.03700592 0.02530719
v 0.06546555 0.03357338 0.02530539
v 0.06374202 0.03672311 0.02529354
v 0.04494402 0.03980789 0.02529954
v 0.04348628 0.03999034 0.02530697
v 0.04487551 0.03940616 0.02531865
v 0.04270155 0.04081144 0.02529953
v 0.04144292 0.04143233 0.02530716
v 0.04348628 0.03999034 0.02530697
v 0.04270155 0.04081144 0.02529953
v 0.04348628 0.03999034 0.02530697
v 0.04494402 0.03980789 0.02529954
v 0.06594604 0.03278989 0.02565078
v 0.06366034 0.03421150 0.02574082
v 0.06266365 0.03476414 0.03176681
v 0.05881758 0.03648718 0.02579966
v 0.05882172 0.03652510 0.03931730
v 0.06266365 0.03476414 0.03176681
v 0.06266365 0.03476414 0.03176681
v 0.06366034 0.03421150 0.02574082
v 0.06032891 0.03595323 0.02555099
v 0.06266365 0.03476414 0.03176681
v 0.06032891 0.03595323 0.02555099
v 0.05881758 0.03648718 0.02579966
v 0.05307467 0.03822623 0.02570022
v 0.05583107 0.03754673 0.04556030
v 0.05677366 0.03730048 0.02555464
v 0.05677366 0.03730048 0.02555464
v 0.05583107 0.03754673 0.04556030
v 0.05881758 0.03648718 0.02579966
v 0.05881758 0.03648718 0.02579966
v 0.05583107 0.03754673 0.04556030
v 0.05882172 0.03652510 0.03931730
v 0.04925824 0.03880397 0.02557604
v 0.04866201 0.03881872 0.06124399
v 0.05253863 0.03832606 0.05251026
v 0.04925824 0.03880397 0.02557604
v 0.05253863 0.03832606 0.05251026
v 0.05307467 0.03822623 0.02570022
v 0.05307467 0.03822623 0.02570022
v 0.05253863 0.03832606 0.05251026
v 0.05583107 0.03754673 0.04556030
v 0.04589226 0.03895093 0.06772589
v 0.04866201 0.03881872 0.06124399
v 0.04588126 0.03896325 0.02571047
v 0.04925824 0.03880397 0.02557604
v 0.04577551 -0.03896774 0.06789983
v 0.04588173 -0.03899093 0.02555895
v 0.04922336 -0.03875829 0.05997565
v 0.04922336 -0.03875829 0.05997565
v 0.04588173 -0.03899093 0.02555895
v 0.04931328 -0.03880315 0.02556069
v 0.04922336 -0.03875829 0.05997565
v 0.04931328 -0.03880315 0.02556069
v 0.05109643 -0.03856166 0.05575848
v 0.05323480 -0.03819928 0.02568213
v 0.05502063 -0.03776748 0.04715046
v 0.05362805 -0.03809555 0.05025591
v 0.05323480 -0.03819928 0.02568213
v 0.05362805 -0.03809555 0.05025591
v 0.04931328 -0.03880315 0.02556069
v 0.04931328 -0.03880315 0.02556069
v 0.05362805 -0.03809555 0.05025591
v 0.05109643 -0.03856166 0.05575848
v 0.06029479 -0.03592400 0.02570953
v 0.05833759 -0.03672039 0.04053718
v 0.05672039 -0.03731763 0.02555451
v 0.05672039 -0.03731763 0.02555451
v 0.05833759 -0.03672039 0.04053718
v 0.05323480 -0.03819928 0.02568213
v 0.05323480 -0.03819928 0.02568213
v 0.05833759 -0.03672039 0.04053718
v 0.05502063 -0.03776748 0.04715046
v 0.06601376 -0.03272870 0.02567914
v 0.06494838 -0.03343172 0.02741096
v 0.06367194 -0.03420691 0.02573385
v 0.06494838 -0.03343172 0.02741096
v 0.06329243 -0.03439799 0.03066745
v 0.06367194 -0.03420691 0.02573385
v 0.06367194 -0.03420691 0.02573385
v 0.06329243 -0.03439799 0.03066745
v 0.06029479 -0.03592400 0.02570953
v 0.06029479 -0.03592400 0.02570953
v 0.06329243 -0.03439799 0.03066745
v 0.06106633 -0.03557249 0.03505066
v 0.06029479 -0.03592400 0.02570953
v 0.06106633 -0.03557249 0.03505066
v 0.05833759 -0.03672039 0.04053718
v 0.05312521 -0.04955789 0.02529938
v 0.05388260 -0.05015014 0.02528599
v 0.05372413 -0.04717532 0.02529944
v 0.05372413 -0.04717532 0.02529944
v 0.05388260 -0.05015014 0.02528599
v 0.05745073 -0.04595461 0.02529199
v 0.05174759 -0.05159202 0.02529944
v 0.04998653 -0.05403441 0.02528599
v 0.05388260 -0.05015014 0.02528599
v 0.05174759 -0.05159202 0.02529944
v 0.05388260 -0.05015014 0.02528599
v 0.05312521 -0.04955789 0.02529938
v 0.03850396 -0.05305105 0.02532415
v 0.03700592 -0.05881349 0.02530719
v 0.04270159 -0.05252544 0.02529953
v 0.05239930 -0.04252136 0.02529953
v 0.05694470 -0.03761522 0.02530567
v 0.05063533 -0.04081142 0.02529950
v 0.04975731 -0.05303226 0.02529944
v 0.04998653 -0.05403441 0.02528599
v 0.04159376 -0.06072038 0.02529252
v 0.04159376 -0.06072038 0.02529252
v 0.04975731 -0.05303226 0.02529944
v 0.04739449 -0.05370487 0.02529938
v 0.04270159 -0.05252544 0.02529953
v 0.03364502 -0.06544189 0.02529922
v 0.04494406 -0.05352893 0.02529948
v 0.06091739 -0.04130389 0.02529348
v 0.06533090 -0.03371922 0.02530270
v 0.06047908 -0.03612281 0.02533590
v 0.06047908 -0.03612281 0.02533590
v 0.05694470 -0.03761522 0.02530567
v 0.06091739 -0.04130389 0.02529348
v 0.06091739 -0.04130389 0.02529348
v 0.05347199 -0.04473155 0.02529944
v 0.04583745 -0.03937197 0.02530228
v 0.04347418 -0.03999634 0.02530710
v 0.04252139 -0.04093758 0.02529953
v 0.05694470 -0.03761522 0.02530567
v 0.05321659 -0.03846644 0.02532721
v 0.05063533 -0.04081142 0.02529950
v 0.05063533 -0.04081142 0.02529950
v 0.05321659 -0.03846644 0.02532721
v 0.04935559 -0.03916695 0.02530503
v 0.04839284 -0.03980793 0.02529948
v 0.04594242 -0.03963186 0.02529950
v 0.04583745 -0.03937197 0.02530228
v 0.03364502 -0.06544189 0.02529922
v 0.04252139 -0.04093758 0.02529953
v 0.04347418 -0.03999634 0.02530710
v 0.04143434 -0.04143819 0.02530804
v 0.04143434 -0.04143819 0.02530804
v 0.04081144 -0.04270155 0.02529953
v 0.04143434 -0.04143819 0.02530804
v 0.03999182 -0.04348731 0.02530613
v 0.04081144 -0.04270155 0.02529953
v 0.03999182 -0.04348731 0.02530613
v 0.03980789 -0.04494402 0.02529954
v 0.03850396 -0.05305105 0.02532415
v 0.04270159 -0.05252544 0.02529953
v 0.04093764 -0.05081546 0.02529948
v 0.04093764 -0.05081546 0.02529948
v 0.03915347 -0.04936287 0.02530637
v 0.03968843 -0.04805853 0.02529898
v 0.03915347 -0.04936287 0.02530637
v 0.03968843 -0.04805853 0.02529898
v 0.03940616 -0.04487551 0.02531865
v 0.03940616 -0.04487551 0.02531865
v 0.03968843 -0.04805853 0.02529898
v 0.03980789 -0.04494402 0.02529954
v 0.03980789 -0.04494402 0.02529954
v 0.03999182 -0.04348731 0.02530613
v 0.03940616 -0.04487551 0.02531865
v 0.03466404 -0.06286775 0.03146463
v 0.03278989 -0.06594604 0.02565078
v 0.03420209 -0.06368453 0.02572510
v 0.03466404 -0.06286775 0.03146463
v 0.03648717 -0.05881758 0.02579967
v 0.03644635 -0.05904279 0.03885742
v 0.03466404 -0.06286775 0.03146463
v 0.03420209 -0.06368453 0.02572510
v 0.03595323 -0.06032891 0.02555099
v 0.03466404 -0.06286775 0.03146463
v 0.03595323 -0.06032891 0.02555099
v 0.03648717 -0.05881758 0.02579967
v 0.03730122 -0.05676428 0.02555727
v 0.03822636 -0.05307421 0.02570012
v 0.03750547 -0.05594993 0.04549314
v 0.03812156 -0.05348222 0.05056218
v 0.03730122 -0.05676428 0.02555727
v 0.03750547 -0.05594993 0.04549314
v 0.03644635 -0.05904279 0.03885742
v 0.03730122 -0.05676428 0.02555727
v 0.03644635 -0.05904279 0.03885742
v 0.03648717 -0.05881758 0.02579967
v 0.03881649 -0.04873094 0.06116695
v 0.03849049 -0.05160486 0.05460618
v 0.03880017 -0.04929600 0.02557604
v 0.03880017 -0.04929600 0.02557604
v 0.03849049 -0.05160486 0.05460618
v 0.03812156 -0.05348222 0.05056218
v 0.03812156 -0.05348222 0.05056218
v 0.03822636 -0.05307421 0.02570012
v 0.03880017 -0.04929600 0.02557604
v 0.03896209 -0.04587557 0.02571719
v 0.03896061 -0.04570889 0.06819393
v 0.03881649 -0.04873094 0.06116695
v 0.03880017 -0.04929600 0.02557604
v -0.02772704 0.07016668 0.01796086
v -0.02758287 0.07028007 -0.00000000
v -0.03285482 0.06793163 0.01778344
v 0.05887671 0.04717714 0.01796089
v 0.05902749 0.04707289 -0.00000000
v 0.05522944 0.05141841 0.01778341
v -0.05909565 0.04690261 0.01796089
v -0.05902753 0.04707284 -0.00000000
v -0.06241894 0.04240305 0.01778342
v 0.00048622 -0.07552165 0.01626706
v 0.00564193 -0.07528791 0.00000000
v 0.00586357 -0.07521555 0.01796483
v 0.06243543 -0.04235525 0.01796086
v -0.03897561 -0.04565095 0.06824220
v -0.03916895 -0.04464567 0.07056027
v -0.03921321 -0.04457916 0.02568083
v -0.04456633 -0.03921645 0.02568147
v -0.04465861 -0.03915685 0.07056525
v -0.04589226 -0.03895093 0.06772589
v -0.04456633 -0.03921645 0.02568147
v -0.04589226 -0.03895093 0.06772589
v -0.04588126 -0.03896325 0.02571048
v -0.04465861 -0.03915685 0.07056525
v -0.04456633 -0.03921645 0.02568147
v -0.04334557 -0.03968972 0.02560092
v -0.04465861 -0.03915685 0.07056525
v -0.04334557 -0.03968972 0.02560092
v -0.04298751 -0.03985096 0.07342426
v -0.04181368 -0.04061451 0.07544567
v -0.04298751 -0.03985096 0.07342426
v -0.04220134 -0.04034361 0.02568276
v -0.04220134 -0.04034361 0.02568276
v -0.04298751 -0.03985096 0.07342426
v -0.04334557 -0.03968972 0.02560092
v -0.04090287 -0.04147903 0.07574029
v -0.04181368 -0.04061451 0.07544567
v -0.04119184 -0.04120022 0.02561603
v -0.04119184 -0.04120022 0.02561603
v -0.04181368 -0.04061451 0.07544567
v -0.04220134 -0.04034361 0.02568276
v -0.04033633 -0.04221221 0.02568228
v -0.04008853 -0.04255587 0.07428012
v -0.04119184 -0.04120022 0.02561603
v -0.04119184 -0.04120022 0.02561603
v -0.04008853 -0.04255587 0.07428012
v -0.04090287 -0.04147903 0.07574029
v -0.03967830 -0.04336820 0.02560201
v -0.03945285 -0.04385984 0.07182244
v -0.04033633 -0.04221221 0.02568228
v -0.04033633 -0.04221221 0.02568228
v -0.03945285 -0.04385984 0.07182244
v -0.04008853 -0.04255587 0.07428012
v -0.03921321 -0.04457916 0.02568083
v -0.03916895 -0.04464567 0.07056027
v -0.03967830 -0.04336820 0.02560201
v -0.03967830 -0.04336820 0.02560201
v -0.03916895 -0.04464567 0.07056027
v -0.03945285 -0.04385984 0.07182244
v -0.03899093 -0.04588172 0.02555895
v -0.03897561 -0.04565095 0.06824220
v -0.03921321 -0.04457916 0.02568083
v -0.04577551 0.03896774 0.06789983
v -0.04478864 0.03913645 0.07016558
v -0.04457916 0.03921321 0.02568082
v -0.03921645 0.04456633 0.02568147
v -0.03923977 0.04439237 0.07099553
v -0.03896061 0.04570890 0.06819393
v -0.03921645 0.04456633 0.02568147
v -0.03896061 0.04570890 0.06819393
v -0.03896325 0.04588126 0.02571047
v -0.03923977 0.04439237 0.07099553
v -0.03921645 0.04456633 0.02568147
v -0.03968972 0.04334557 0.02560092
v -0.03923977 0.04439237 0.07099553
v -0.03968972 0.04334557 0.02560092
v -0.03996791 0.04272346 0.07403363
v -0.04034361 0.04220134 0.02568275
v -0.03996791 0.04272346 0.07403363
v -0.03968972 0.04334557 0.02560092
v -0.04174805 0.04066143 0.07556397
v -0.04085777 0.04152921 0.07571283
v -0.04120030 0.04119230 0.02561544
v -0.04085777 0.04152921 0.07571283
v -0.03996791 0.04272346 0.07403363
v -0.04120030 0.04119230 0.02561544
v -0.04120030 0.04119230 0.02561544
v -0.03996791 0.04272346 0.07403363
v -0.04034361 0.04220134 0.02568275
v -0.04310368 0.03978126 0.07338261
v -0.04174805 0.04066143 0.07556397
v -0.04221221 0.04033633 0.02568227
v -0.04221221 0.04033633 0.02568227
v -0.04174805 0.04066143 0.07556397
v -0.04120030 0.04119230 0.02561544
v -0.04336820 0.03967830 0.02560201
v -0.04385984 0.03945286 0.07182244
v -0.04221221 0.04033633 0.02568227
v -0.04221221 0.04033633 0.02568227
v -0.04385984 0.03945286 0.07182244
v -0.04310368 0.03978126 0.07338261
v -0.04457916 0.03921321 0.02568082
v -0.04478864 0.03913645 0.07016558
v -0.04336820 0.03967830 0.02560201
v -0.04336820 0.03967830 0.02560201
v -0.04478864 0.03913645 0.07016558
v -0.04385984 0.03945286 0.07182244
v -0.04588173 0.03899093 0.02555895
v -0.03888956 -0.04596528 0.06801701
v -0.03916895 -0.04464567 0.07056027
v -0.03897561 -0.04565095 0.06824220
v -0.03875817 -0.04922286 0.05997647
v -0.03888956 -0.04596528 0.06801701
v -0.03897561 -0.04565095 0.06824220
v -0.03555997 -0.06109217 0.03498526
v -0.03364254 -0.06459748 0.02803310
v -0.03435399 -0.06337066 0.03069138
v -0.03276122 -0.06599178 0.02562559
v -0.03435399 -0.06337066 0.03069138
v -0.03364254 -0.06459748 0.02803310
v -0.03856166 -0.05109642 0.05575850
v -0.03809555 -0.05362805 0.05025591
v -0.03822842 -0.05265582 0.05277997
v -0.03822842 -0.05265582 0.05277997
v -0.03869977 -0.04905489 0.06089792
v -0.03856166 -0.05109642 0.05575850
v -0.03856166 -0.05109642 0.05575850
v -0.03869977 -0.04905489 0.06089792
v -0.03875817 -0.04922286 0.05997647
v -0.03875817 -0.04922286 0.05997647
v -0.03869977 -0.04905489 0.06089792
v -0.03888956 -0.04596528 0.06801701
v -0.03672043 -0.05833643 0.04055052
v -0.03744836 -0.05595821 0.04564608
v -0.03776748 -0.05502063 0.04715046
v -0.03776748 -0.05502063 0.04715046
v -0.03744836 -0.05595821 0.04564608
v -0.03809555 -0.05362805 0.05025591
v -0.03261665 -0.06611813 0.02557931
v -0.03435399 -0.06337066 0.03069138
v -0.03276122 -0.06599178 0.02562559
v -0.03809555 -0.05362805 0.05025591
v -0.03744836 -0.05595821 0.04564608
v -0.03822842 -0.05265582 0.05277997
v -0.03314284 -0.06583321 0.02535728
v -0.03325126 -0.06596693 0.02510929
v -0.03276122 -0.06599178 0.02562559
v -0.03261665 -0.06611813 0.02557931
v -0.03276122 -0.06599178 0.02562559
v -0.03325126 -0.06596693 0.02510929
v -0.03371922 -0.06533089 0.02530270
v -0.03365183 -0.06555571 0.02525399
v -0.03314284 -0.06583321 0.02535728
v -0.03314284 -0.06583321 0.02535728
v -0.03365183 -0.06555571 0.02525399
v -0.03325126 -0.06596693 0.02510929
v -0.03325126 -0.06596693 0.02510929
v -0.03365183 -0.06555571 0.02525399
v -0.03682982 -0.06397939 0.02517013
v -0.03365183 -0.06555571 0.02525399
v -0.03371922 -0.06533089 0.02530270
v -0.04130389 -0.06091739 0.02529348
v -0.06595530 -0.03330608 0.02507502
v -0.06392826 -0.03699420 0.02510323
v -0.06565847 -0.03359331 0.02522408
v -0.04162017 -0.06108802 0.02500996
v -0.03682982 -0.06397939 0.02517013
v -0.04130389 -0.06091739 0.02529348
v -0.04162017 -0.06108802 0.02500996
v -0.04130389 -0.06091739 0.02529348
v -0.04605656 -0.05773788 0.02510639
v -0.05023460 -0.05421112 0.02502512
v -0.04605656 -0.05773788 0.02510639
v -0.05015014 -0.05388260 0.02528599
v -0.05023460 -0.05421112 0.02502512
v -0.05015014 -0.05388260 0.02528599
v -0.05416553 -0.05029982 0.02501003
v -0.05403441 -0.04998653 0.02528599
v -0.05416553 -0.05029982 0.02501003
v -0.05403441 -0.04998653 0.02528599
v -0.05781273 -0.04605126 0.02501903
v -0.05781273 -0.04605126 0.02501903
v -0.05403441 -0.04998653 0.02528599
v -0.05761546 -0.04590953 0.02525287
v -0.05781273 -0.04605126 0.02501903
v -0.05761546 -0.04590953 0.02525287
v -0.06104665 -0.04164986 0.02503572
v -0.06104665 -0.04164986 0.02503572
v -0.05761546 -0.04590953 0.02525287
v -0.06072038 -0.04159376 0.02529252
v -0.06104665 -0.04164986 0.02503572
v -0.06072038 -0.04159376 0.02529252
v -0.06392826 -0.03699420 0.02510323
v -0.04605656 -0.05773788 0.02510639
v -0.04130389 -0.06091739 0.02529348
v -0.04595461 -0.05745073 0.02529199
v -0.04605656 -0.05773788 0.02510639
v -0.04595461 -0.05745073 0.02529199
v -0.05015014 -0.05388260 0.02528599
v -0.06392826 -0.03699420 0.02510323
v -0.06072038 -0.04159376 0.02529252
v -0.06544190 -0.03364502 0.02529922
v -0.06565847 -0.03359331 0.02522408
v -0.03682982 -0.06397939 0.02517013
v -0.03365183 -0.06555571 0.02525399
v -0.04130389 -0.06091739 0.02529348
v -0.05761546 -0.04590953 0.02525287
v -0.05403441 -0.04998653 0.02528599
v -0.06072038 -0.04159376 0.02529252
v -0.06595530 -0.03330608 0.02507502
v -0.06590737 -0.03305146 0.02537370
v -0.06611009 -0.03264019 0.02556657
v -0.06611009 -0.03264019 0.02556657
v -0.06590737 -0.03305146 0.02537370
v -0.06594955 -0.03278839 0.02564866
v -0.06565847 -0.03359331 0.02522408
v -0.06544190 -0.03364502 0.02529922
v -0.06590737 -0.03305146 0.02537370
v -0.06565847 -0.03359331 0.02522408
v -0.06590737 -0.03305146 0.02537370
v -0.06595530 -0.03330608 0.02507502
v -0.05117365 -0.03854740 0.05562357
v -0.05270446 -0.03829771 0.05220100
v -0.04914090 -0.03877607 0.06042301
v -0.06267958 -0.03475770 0.03174496
v -0.05882172 -0.03652510 0.03931730
v -0.06076558 -0.03569513 0.03552411
v -0.06334657 -0.03432441 0.03085287
v -0.06611009 -0.03264019 0.02556657
v -0.06267958 -0.03475770 0.03174496
v -0.06334657 -0.03432441 0.03085287
v -0.06267958 -0.03475770 0.03174496
v -0.06076558 -0.03569513 0.03552411
v -0.04589226 -0.03895093 0.06772589
v -0.04601464 -0.03887719 0.06792666
v -0.04914090 -0.03877607 0.06042301
v -0.05270446 -0.03829771 0.05220100
v -0.05117365 -0.03854740 0.05562357
v -0.05261560 -0.03823700 0.05286780
v -0.05117365 -0.03854740 0.05562357
v -0.04914090 -0.03877607 0.06042301
v -0.05261560 -0.03823700 0.05286780
v -0.06611009 -0.03264019 0.02556657
v -0.06594955 -0.03278839 0.02564866
v -0.06267958 -0.03475770 0.03174496
v -0.06081576 -0.03561286 0.03579701
v -0.06334657 -0.03432441 0.03085287
v -0.06076558 -0.03569513 0.03552411
v -0.06081576 -0.03561286 0.03579701
v -0.06076558 -0.03569513 0.03552411
v -0.05838040 -0.03664101 0.04064242
v -0.05838040 -0.03664101 0.04064242
v -0.06076558 -0.03569513 0.03552411
v -0.05882172 -0.03652510 0.03931730
v -0.05838040 -0.03664101 0.04064242
v -0.05882172 -0.03652510 0.03931730
v -0.05592911 -0.03751185 0.04553200
v -0.05592911 -0.03751185 0.04553200
v -0.05270446 -0.03829771 0.05220100
v -0.05261560 -0.03823700 0.05286780
v -0.04589226 -0.03895093 0.06772589
v -0.04465861 -0.03915685 0.07056525
v -0.04601464 -0.03887719 0.06792666
v -0.04478864 0.03913645 0.07016558
v -0.04577551 0.03896774 0.06789983
v -0.04601272 0.03888484 0.06791313
v -0.04601272 0.03888484 0.06791313
v -0.04453323 0.03913810 0.07097847
v -0.04478864 0.03913645 0.07016558
v -0.06091976 0.03560557 0.03548165
v -0.06329243 0.03439799 0.03066745
v -0.06399155 0.03395256 0.02962500
v -0.06599034 0.03276268 0.02562560
v -0.06329243 0.03439799 0.03066745
v -0.06494838 0.03343172 0.02741095
v -0.05362805 0.03809555 0.05025591
v -0.05257848 0.03823693 0.05297070
v -0.05109643 0.03856166 0.05575847
v -0.04922336 0.03875829 0.05997565
v -0.04601272 0.03888484 0.06791313
v -0.04577551 0.03896774 0.06789983
v -0.05257848 0.03823693 0.05297070
v -0.04905853 0.03870047 0.06088589
v -0.05109643 0.03856166 0.05575847
v -0.05109643 0.03856166 0.05575847
v -0.04905853 0.03870047 0.06088589
v -0.04922336 0.03875829 0.05997565
v -0.04922336 0.03875829 0.05997565
v -0.04905853 0.03870047 0.06088589
v -0.04601272 0.03888484 0.06791313
v -0.06611748 0.03262153 0.02557292
v -0.06399155 0.03395256 0.02962500
v -0.06329243 0.03439799 0.03066745
v -0.06611748 0.03262153 0.02557292
v -0.06329243 0.03439799 0.03066745
v -0.06599034 0.03276268 0.02562560
v -0.06329243 0.03439799 0.03066745
v -0.06091976 0.03560557 0.03548165
v -0.06121378 0.03548630 0.03461634
v -0.06121378 0.03548630 0.03461634
v -0.06091976 0.03560557 0.03548165
v -0.05833759 0.03672041 0.04053699
v -0.05833759 0.03672041 0.04053699
v -0.05594882 0.03745184 0.04566251
v -0.05502063 0.03776748 0.04715046
v -0.05502063 0.03776748 0.04715046
v -0.05594882 0.03745184 0.04566251
v -0.05362805 0.03809555 0.05025591
v -0.05362805 0.03809555 0.05025591
v -0.05594882 0.03745184 0.04566251
v -0.05257848 0.03823693 0.05297070
v -0.06583321 0.03314284 0.02535728
v -0.06596682 0.03326416 0.02509558
v -0.06599034 0.03276268 0.02562560
v -0.06611748 0.03262153 0.02557292
v -0.06599034 0.03276268 0.02562560
v -0.06596682 0.03326416 0.02509558
v -0.06533090 0.03371922 0.02530270
v -0.06558359 0.03364399 0.02524485
v -0.06583321 0.03314284 0.02535728
v -0.06583321 0.03314284 0.02535728
v -0.06558359 0.03364399 0.02524485
v -0.06596682 0.03326416 0.02509558
v -0.06558359 0.03364399 0.02524485
v -0.06533090 0.03371922 0.02530270
v -0.06091739 0.04130390 0.02529348
v -0.06378773 0.03714948 0.02517364
v -0.06596682 0.03326416 0.02509558
v -0.06558359 0.03364399 0.02524485
v -0.03332404 0.06595173 0.02506582
v -0.03693507 0.06395475 0.02511017
v -0.03359332 0.06565847 0.02522408
v -0.06103620 0.04167897 0.02502547
v -0.06378773 0.03714948 0.02517364
v -0.06091739 0.04130390 0.02529348
v -0.06103620 0.04167897 0.02502547
v -0.06091739 0.04130390 0.02529348
v -0.05781740 0.04600600 0.02507301
v -0.05423329 0.05021655 0.02501920
v -0.05781740 0.04600600 0.02507301
v -0.05388260 0.05015014 0.02528599
v -0.05423329 0.05021655 0.02501920
v -0.05388260 0.05015014 0.02528599
v -0.05029973 0.05416562 0.02501002
v -0.05029973 0.05416562 0.02501002
v -0.05388260 0.05015014 0.02528599
v -0.04998653 0.05403441 0.02528599
v -0.05029973 0.05416562 0.02501002
v -0.04998653 0.05403441 0.02528599
v -0.04609332 0.05776515 0.02503570
v -0.04609332 0.05776515 0.02503570
v -0.04998653 0.05403441 0.02528599
v -0.04590953 0.05761546 0.02525287
v -0.04609332 0.05776515 0.02503570
v -0.04590953 0.05761546 0.02525287
v -0.04170543 0.06102129 0.02501932
v -0.04170543 0.06102129 0.02501932
v -0.04590953 0.05761546 0.02525287
v -0.04159376 0.06072038 0.02529252
v -0.04170543 0.06102129 0.02501932
v -0.04159376 0.06072038 0.02529252
v -0.03693507 0.06395475 0.02511017
v -0.05781740 0.04600600 0.02507301
v -0.06091739 0.04130390 0.02529348
v -0.05745073 0.04595462 0.02529199
v -0.05781740 0.04600600 0.02507301
v -0.05745073 0.04595462 0.02529199
v -0.05388260 0.05015014 0.02528599
v -0.03693507 0.06395475 0.02511017
v -0.04159376 0.06072038 0.02529252
v -0.03364502 0.06544190 0.02529922
v -0.03693507 0.06395475 0.02511017
v -0.03364502 0.06544190 0.02529922
v -0.03359332 0.06565847 0.02522408
v -0.06378773 0.03714948 0.02517364
v -0.04590953 0.05761546 0.02525287
v -0.04998653 0.05403441 0.02528599
v -0.04159376 0.06072038 0.02529252
v -0.03332404 0.06595173 0.02506582
v -0.03305146 0.06590737 0.02537370
v -0.03263305 0.06611208 0.02557221
v -0.03263305 0.06611208 0.02557221
v -0.03305146 0.06590737 0.02537370
v -0.03278989 0.06594604 0.02565077
v -0.03359332 0.06565847 0.02522408
v -0.03364502 0.06544190 0.02529922
v -0.03305146 0.06590737 0.02537370
v -0.03359332 0.06565847 0.02522408
v -0.03305146 0.06590737 0.02537370
v -0.03332404 0.06595173 0.02506582
v -0.03471141 0.06278947 0.03159875
v -0.03652510 0.05882172 0.03931730
v -0.03569513 0.06076558 0.03552409
v -0.03560170 0.06084650 0.03572600
v -0.03428387 0.06339431 0.03077689
v -0.03471141 0.06278947 0.03159875
v -0.03263305 0.06611208 0.02557221
v -0.03471141 0.06278947 0.03159875
v -0.03428387 0.06339431 0.03077689
v -0.03896061 0.04570890 0.06819393
v -0.03888019 0.04598601 0.06798923
v -0.03877550 0.04914575 0.06041408
v -0.03812156 0.05348222 0.05056217
v -0.03849049 0.05160486 0.05460618
v -0.03822441 0.05266289 0.05277717
v -0.03849049 0.05160486 0.05460618
v -0.03877550 0.04914575 0.06041408
v -0.03822441 0.05266289 0.05277717
v -0.03263305 0.06611208 0.02557221
v -0.03278989 0.06594604 0.02565077
v -0.03471141 0.06278947 0.03159875
v -0.03560170 0.06084650 0.03572600
v -0.03471141 0.06278947 0.03159875
v -0.03569513 0.06076558 0.03552409
v -0.03560170 0.06084650 0.03572600
v -0.03569513 0.06076558 0.03552409
v -0.03663818 0.05838499 0.04063800
v -0.03663818 0.05838499 0.04063800
v -0.03569513 0.06076558 0.03552409
v -0.03652510 0.05882172 0.03931730
v -0.03663818 0.05838499 0.04063800
v -0.03652510 0.05882172 0.03931730
v -0.03751141 0.05592887 0.04554219
v -0.03751141 0.05592887 0.04554219
v -0.03812156 0.05348222 0.05056217
v -0.03822441 0.05266289 0.05277717
v -0.03923977 0.04439237 0.07099553
v -0.03888019 0.04598601 0.06798923
v -0.03896061 0.04570890 0.06819393
v 0.03897611 0.04564695 0.06825491
v 0.03916884 0.04464615 0.07055921
v 0.03921321 0.04457917 0.02568082
v 0.04456633 0.03921646 0.02568147
v 0.04465648 0.03915550 0.07059356
v 0.04589226 0.03895093 0.06772589
v 0.04456633 0.03921646 0.02568147
v 0.04589226 0.03895093 0.06772589
v 0.04588126 0.03896325 0.02571047
v 0.04465648 0.03915550 0.07059356
v 0.04456633 0.03921646 0.02568147
v 0.04334557 0.03968972 0.02560092
v 0.04465648 0.03915550 0.07059356
v 0.04334557 0.03968972 0.02560092
v 0.04298751 0.03985097 0.07342425
v 0.04181636 0.04061221 0.07544555
v 0.04298751 0.03985097 0.07342425
v 0.04220134 0.04034361 0.02568275
v 0.04220134 0.04034361 0.02568275
v 0.04298751 0.03985097 0.07342425
v 0.04334557 0.03968972 0.02560092
v 0.04089470 0.04148679 0.07574625
v 0.04181636 0.04061221 0.07544555
v 0.04119230 0.04120030 0.02561544
v 0.04119230 0.04120030 0.02561544
v 0.04181636 0.04061221 0.07544555
v 0.04220134 0.04034361 0.02568275
v 0.04033633 0.04221222 0.02568227
v 0.04008853 0.04255588 0.07428012
v 0.04119230 0.04120030 0.02561544
v 0.04119230 0.04120030 0.02561544
v 0.04008853 0.04255588 0.07428012
v 0.04089470 0.04148679 0.07574625
v 0.03967830 0.04336820 0.02560201
v 0.03945285 0.04385985 0.07182244
v 0.04033633 0.04221222 0.02568227
v 0.04033633 0.04221222 0.02568227
v 0.03945285 0.04385985 0.07182244
v 0.04008853 0.04255588 0.07428012
v 0.03921321 0.04457917 0.02568082
v 0.03916884 0.04464615 0.07055921
v 0.03967830 0.04336820 0.02560201
v 0.03967830 0.04336820 0.02560201
v 0.03916884 0.04464615 0.07055921
v 0.03945285 0.04385985 0.07182244
v 0.03899093 0.04588173 0.02555895
v 0.03897611 0.04564695 0.06825491
v 0.03921321 0.04457917 0.02568082
v 0.04577551 -0.03896774 0.06789983
v 0.04478864 -0.03913644 0.07016558
v 0.04457916 -0.03921320 0.02568083
v 0.03921645 -0.04456633 0.02568147
v 0.03923974 -0.04439247 0.07099531
v 0.03896061 -0.04570889 0.06819393
v 0.03921645 -0.04456633 0.02568147
v 0.03896061 -0.04570889 0.06819393
v 0.03896209 -0.04587557 0.02571719
v 0.03923974 -0.04439247 0.07099531
v 0.03921645 -0.04456633 0.02568147
v 0.03968972 -0.04334557 0.02560092
v 0.03923974 -0.04439247 0.07099531
v 0.03968972 -0.04334557 0.02560092
v 0.03996791 -0.04272346 0.07403363
v 0.04034361 -0.04220134 0.02568276
v 0.03996791 -0.04272346 0.07403363
v 0.03968972 -0.04334557 0.02560092
v 0.04174824 -0.04066129 0.07556373
v 0.04085778 -0.04152919 0.07571284
v 0.04120030 -0.04119230 0.02561544
v 0.04085778 -0.04152919 0.07571284
v 0.03996791 -0.04272346 0.07403363
v 0.04120030 -0.04119230 0.02561544
v 0.04120030 -0.04119230 0.02561544
v 0.03996791 -0.04272346 0.07403363
v 0.04034361 -0.04220134 0.02568276
v 0.04309346 -0.03978657 0.07341147
v 0.04174824 -0.04066129 0.07556373
v 0.04221221 -0.04033633 0.02568228
v 0.04221221 -0.04033633 0.02568228
v 0.04174824 -0.04066129 0.07556373
v 0.04120030 -0.04119230 0.02561544
v 0.04336820 -0.03967830 0.02560201
v 0.04385984 -0.03945285 0.07182244
v 0.04221221 -0.04033633 0.02568228
v 0.04221221 -0.04033633 0.02568228
v 0.04385984 -0.03945285 0.07182244
v 0.04309346 -0.03978657 0.07341147
v 0.04457916 -0.03921320 0.02568083
v 0.04478864 -0.03913644 0.07016558
v 0.04336820 -0.03967830 0.02560201
v 0.04336820 -0.03967830 0.02560201
v 0.04478864 -0.03913644 0.07016558
v 0.04385984 -0.03945285 0.07182244
v 0.04588173 -0.03899093 0.02555895
v 0.03889036 0.04596329 0.06801810
v 0.03916884 0.04464615 0.07055921
v 0.03897611 0.04564695 0.06825491
v 0.03557249 0.06106635 0.03505006
v 0.03439799 0.06329243 0.03066745
v 0.03410650 0.06373298 0.03010411
v 0.03276268 0.06599034 0.02562559
v 0.03439799 0.06329243 0.03066745
v 0.03343172 0.06494838 0.02741095
v 0.03809555 0.05362806 0.05025591
v 0.03822630 0.05264754 0.05281054
v 0.03856166 0.05109643 0.05575847
v 0.03875829 0.04922337 0.05997565
v 0.03889036 0.04596329 0.06801810
v 0.03897611 0.04564695 0.06825491
v 0.03822630 0.05264754 0.05281054
v 0.03869882 0.04906200 0.06088311
v 0.03856166 0.05109643 0.05575847
v 0.03856166 0.05109643 0.05575847
v 0.03869882 0.04906200 0.06088311
v 0.03875829 0.04922337 0.05997565
v 0.03875829 0.04922337 0.05997565
v 0.03869882 0.04906200 0.06088311
v 0.03889036 0.04596329 0.06801810
v 0.03262193 0.06611726 0.02557221
v 0.03410650 0.06373298 0.03010411
v 0.03439799 0.06329243 0.03066745
v 0.03262193 0.06611726 0.02557221
v 0.03439799 0.06329243 0.03066745
v 0.03276268 0.06599034 0.02562559
v 0.03672961 0.05831084 0.04060663
v 0.03744834 0.05595888 0.04564391
v 0.03776748 0.05502063 0.04715045
v 0.03776748 0.05502063 0.04715045
v 0.03744834 0.05595888 0.04564391
v 0.03809555 0.05362806 0.05025591
v 0.03809555 0.05362806 0.05025591
v 0.03744834 0.05595888 0.04564391
v 0.03822630 0.05264754 0.05281054
v 0.03314284 0.06583321 0.02535728
v 0.03325053 0.06596694 0.02510978
v 0.03276268 0.06599034 0.02562559
v 0.03262193 0.06611726 0.02557221
v 0.03276268 0.06599034 0.02562559
v 0.03325053 0.06596694 0.02510978
v 0.03371922 0.06533090 0.02530270
v 0.03365183 0.06555572 0.02525399
v 0.03314284 0.06583321 0.02535728
v 0.03314284 0.06583321 0.02535728
v 0.03365183 0.06555572 0.02525399
v 0.03325053 0.06596694 0.02510978
v 0.03325053 0.06596694 0.02510978
v 0.03365183 0.06555572 0.02525399
v 0.03686028 0.06379034 0.02525059
v 0.06597339 0.03324635 0.02510547
v 0.06395746 0.03693169 0.02510946
v 0.06569770 0.03356394 0.02521324
v 0.06374202 0.03672311 0.02529354
v 0.06546555 0.03357338 0.02530539
v 0.06569770 0.03356394 0.02521324
v 0.03365183 0.06555572 0.02525399
v 0.03371922 0.06533090 0.02530270
v 0.04130389 0.06091739 0.02529348
v 0.03692431 0.06403250 0.02501597
v 0.03325053 0.06596694 0.02510978
v 0.03686028 0.06379034 0.02525059
v 0.03692431 0.06403250 0.02501597
v 0.03686028 0.06379034 0.02525059
v 0.04162145 0.06106612 0.02503561
v 0.04162145 0.06106612 0.02503561
v 0.03686028 0.06379034 0.02525059
v 0.04130389 0.06091739 0.02529348
v 0.04162145 0.06106612 0.02503561
v 0.04130389 0.06091739 0.02529348
v 0.04601630 0.05777715 0.02510072
v 0.05025682 0.05420546 0.02501000
v 0.04601630 0.05777715 0.02510072
v 0.05015014 0.05388260 0.02528599
v 0.05025682 0.05420546 0.02501000
v 0.05015014 0.05388260 0.02528599
v 0.05421083 0.05023677 0.02502555
v 0.05421083 0.05023677 0.02502555
v 0.05015014 0.05388260 0.02528599
v 0.05403441 0.04998653 0.02528599
v 0.05421083 0.05023677 0.02502555
v 0.05403441 0.04998653 0.02528599
v 0.05775015 0.04612236 0.02502521
v 0.05775015 0.04612236 0.02502521
v 0.05403441 0.04998653 0.02528599
v 0.05761546 0.04590953 0.02525287
v 0.05775015 0.04612236 0.02502521
v 0.05761546 0.04590953 0.02525287
v 0.06105491 0.04166857 0.02501005
v 0.06105491 0.04166857 0.02501005
v 0.05761546 0.04590953 0.02525287
v 0.06072038 0.04159376 0.02529252
v 0.06105491 0.04166857 0.02501005
v 0.06072038 0.04159376 0.02529252
v 0.06395746 0.03693169 0.02510946
v 0.04601630 0.05777715 0.02510072
v 0.04130389 0.06091739 0.02529348
v 0.04595461 0.05745073 0.02529199
v 0.04601630 0.05777715 0.02510072
v 0.04595461 0.05745073 0.02529199
v 0.05015014 0.05388260 0.02528599
v 0.06395746 0.03693169 0.02510946
v 0.06072038 0.04159376 0.02529252
v 0.06374202 0.03672311 0.02529354
v 0.06395746 0.03693169 0.02510946
v 0.06374202 0.03672311 0.02529354
v 0.06569770 0.03356394 0.02521324
v 0.03686028 0.06379034 0.02525059
v 0.03365183 0.06555572 0.02525399
v 0.04130389 0.06091739 0.02529348
v 0.05761546 0.04590953 0.02525287
v 0.05403441 0.04998653 0.02528599
v 0.06072038 0.04159376 0.02529252
v 0.06610134 0.03263790 0.02559632
v 0.06590872 0.03301461 0.02540317
v 0.06594604 0.03278989 0.02565078
v 0.06590872 0.03301461 0.02540317
v 0.06597339 0.03324635 0.02510547
v 0.06569770 0.03356394 0.02521324
v 0.06610134 0.03263790 0.02559632
v 0.06597339 0.03324635 0.02510547
v 0.06590872 0.03301461 0.02540317
v 0.06590872 0.03301461 0.02540317
v 0.06569770 0.03356394 0.02521324
v 0.06546555 0.03357338 0.02530539
v 0.05117365 0.03854741 0.05562357
v 0.05253863 0.03832606 0.05251026
v 0.04866201 0.03881872 0.06124399
v 0.06266365 0.03476414 0.03176681
v 0.06076558 0.03569513 0.03552409
v 0.06337391 0.03430886 0.03080593
v 0.06266365 0.03476414 0.03176681
v 0.05882172 0.03652510 0.03931730
v 0.06076558 0.03569513 0.03552409
v 0.04589226 0.03895093 0.06772589
v 0.04602095 0.03887513 0.06791940
v 0.05007833 0.03862727 0.05850985
v 0.05357457 0.03804787 0.05074908
v 0.05117365 0.03854741 0.05562357
v 0.05007833 0.03862727 0.05850985
v 0.04866201 0.03881872 0.06124399
v 0.04589226 0.03895093 0.06772589
v 0.05007833 0.03862727 0.05850985
v 0.04866201 0.03881872 0.06124399
v 0.05007833 0.03862727 0.05850985
v 0.05117365 0.03854741 0.05562357
v 0.06337391 0.03430886 0.03080593
v 0.06594604 0.03278989 0.02565078
v 0.06266365 0.03476414 0.03176681
v 0.06610134 0.03263790 0.02559632
v 0.06594604 0.03278989 0.02565078
v 0.06337391 0.03430886 0.03080593
v 0.06084517 0.03559897 0.03573896
v 0.06337391 0.03430886 0.03080593
v 0.06076558 0.03569513 0.03552409
v 0.06084517 0.03559897 0.03573896
v 0.06076558 0.03569513 0.03552409
v 0.05762689 0.03692268 0.04219588
v 0.05762689 0.03692268 0.04219588
v 0.06076558 0.03569513 0.03552409
v 0.05882172 0.03652510 0.03931730
v 0.05762689 0.03692268 0.04219588
v 0.05882172 0.03652510 0.03931730
v 0.05583107 0.03754673 0.04556030
v 0.05357457 0.03804787 0.05074908
v 0.05583107 0.03754673 0.04556030
v 0.05253863 0.03832606 0.05251026
v 0.05357457 0.03804787 0.05074908
v 0.05253863 0.03832606 0.05251026
v 0.05117365 0.03854741 0.05562357
v 0.05583107 0.03754673 0.04556030
v 0.05357457 0.03804787 0.05074908
v 0.05762689 0.03692268 0.04219588
v 0.04589226 0.03895093 0.06772589
v 0.04465648 0.03915550 0.07059356
v 0.04602095 0.03887513 0.06791940
v 0.04478864 -0.03913644 0.07016558
v 0.04577551 -0.03896774 0.06789983
v 0.04626845 -0.03885697 0.06736569
v 0.04626845 -0.03885697 0.06736569
v 0.04453369 -0.03913805 0.07097738
v 0.04478864 -0.03913644 0.07016558
v 0.06106633 -0.03557249 0.03505066
v 0.06329243 -0.03439799 0.03066745
v 0.06415458 -0.03385442 0.02931647
v 0.06601376 -0.03272870 0.02567914
v 0.06329243 -0.03439799 0.03066745
v 0.06494838 -0.03343172 0.02741096
v 0.05362805 -0.03809555 0.05025591
v 0.05271083 -0.03820468 0.05270289
v 0.05109643 -0.03856166 0.05575848
v 0.04922336 -0.03875829 0.05997565
v 0.04626845 -0.03885697 0.06736569
v 0.04577551 -0.03896774 0.06789983
v 0.05271083 -0.03820468 0.05270289
v 0.04905209 -0.03869912 0.06090757
v 0.05109643 -0.03856166 0.05575848
v 0.05109643 -0.03856166 0.05575848
v 0.04905209 -0.03869912 0.06090757
v 0.04922336 -0.03875829 0.05997565
v 0.04922336 -0.03875829 0.05997565
v 0.04905209 -0.03869912 0.06090757
v 0.04626845 -0.03885697 0.06736569
v 0.06601376 -0.03272870 0.02567914
v 0.06415458 -0.03385442 0.02931647
v 0.06329243 -0.03439799 0.03066745
v 0.05833759 -0.03672039 0.04053718
v 0.05594754 -0.03745168 0.04566752
v 0.05502063 -0.03776748 0.04715046
v 0.05502063 -0.03776748 0.04715046
v 0.05594754 -0.03745168 0.04566752
v 0.05362805 -0.03809555 0.05025591
v 0.05362805 -0.03809555 0.05025591
v 0.05594754 -0.03745168 0.04566752
v 0.05271083 -0.03820468 0.05270289
v 0.06533090 -0.03371922 0.02530270
v 0.06555572 -0.03365183 0.02525399
v 0.06578172 -0.03324876 0.02532892
v 0.06578172 -0.03324876 0.02532892
v 0.06555572 -0.03365183 0.02525399
v 0.06582134 -0.03355055 0.02508556
v 0.06578172 -0.03324876 0.02532892
v 0.06582134 -0.03355055 0.02508556
v 0.06603265 -0.03287028 0.02543501
v 0.06582134 -0.03355055 0.02508556
v 0.06555572 -0.03365183 0.02525399
v 0.06379034 -0.03686028 0.02525059
v 0.06555572 -0.03365183 0.02525399
v 0.06533090 -0.03371922 0.02530270
v 0.06091739 -0.04130389 0.02529348
v 0.03330195 -0.06595548 0.02507789
v 0.03702420 -0.06393874 0.02507730
v 0.03359332 -0.06565847 0.02522408
v 0.06406488 -0.03684747 0.02503135
v 0.06582134 -0.03355055 0.02508556
v 0.06379034 -0.03686028 0.02525059
v 0.06406488 -0.03684747 0.02503135
v 0.06379034 -0.03686028 0.02525059
v 0.06110931 -0.04157662 0.02501910
v 0.06110931 -0.04157662 0.02501910
v 0.06379034 -0.03686028 0.02525059
v 0.06091739 -0.04130389 0.02529348
v 0.06110931 -0.04157662 0.02501910
v 0.06091739 -0.04130389 0.02529348
v 0.05771287 -0.04609603 0.02510149
v 0.05414579 -0.05030688 0.02502554
v 0.05771287 -0.04609603 0.02510149
v 0.05388260 -0.05015014 0.02528599
v 0.05414579 -0.05030688 0.02502554
v 0.05388260 -0.05015014 0.02528599
v 0.05030728 -0.05414365 0.02502517
v 0.05030728 -0.05414365 0.02502517
v 0.05388260 -0.05015014 0.02528599
v 0.04998653 -0.05403441 0.02528599
v 0.05030728 -0.05414365 0.02502517
v 0.04998653 -0.05403441 0.02528599
v 0.04611304 -0.05777162 0.02501005
v 0.04611304 -0.05777162 0.02501005
v 0.04998653 -0.05403441 0.02528599
v 0.04590953 -0.05761545 0.02525287
v 0.04611304 -0.05777162 0.02501005
v 0.04590953 -0.05761545 0.02525287
v 0.04159995 -0.06109000 0.02502558
v 0.04159995 -0.06109000 0.02502558
v 0.04590953 -0.05761545 0.02525287
v 0.04159376 -0.06072038 0.02529252
v 0.04159995 -0.06109000 0.02502558
v 0.04159376 -0.06072038 0.02529252
v 0.03702420 -0.06393874 0.02507730
v 0.05771287 -0.04609603 0.02510149
v 0.06091739 -0.04130389 0.02529348
v 0.05745073 -0.04595461 0.02529199
v 0.05771287 -0.04609603 0.02510149
v 0.05745073 -0.04595461 0.02529199
v 0.05388260 -0.05015014 0.02528599
v 0.03702420 -0.06393874 0.02507730
v 0.04159376 -0.06072038 0.02529252
v 0.03364502 -0.06544189 0.02529922
v 0.03702420 -0.06393874 0.02507730
v 0.03364502 -0.06544189 0.02529922
v 0.03359332 -0.06565847 0.02522408
v 0.06379034 -0.03686028 0.02525059
v 0.06555572 -0.03365183 0.02525399
v 0.06091739 -0.04130389 0.02529348
v 0.04590953 -0.05761545 0.02525287
v 0.04998653 -0.05403441 0.02528599
v 0.04159376 -0.06072038 0.02529252
v 0.03330195 -0.06595548 0.02507789
v 0.03305146 -0.06590737 0.02537370
v 0.03260117 -0.06612493 0.02559615
v 0.03260117 -0.06612493 0.02559615
v 0.03305146 -0.06590737 0.02537370
v 0.03278989 -0.06594604 0.02565078
v 0.03359332 -0.06565847 0.02522408
v 0.03364502 -0.06544189 0.02529922
v 0.03305146 -0.06590737 0.02537370
v 0.03359332 -0.06565847 0.02522408
v 0.03305146 -0.06590737 0.02537370
v 0.03330195 -0.06595548 0.02507789
v 0.03569513 -0.06076558 0.03552409
v 0.03466404 -0.06286775 0.03146463
v 0.03644635 -0.05904279 0.03885742
v 0.03558593 -0.06087136 0.03569719
v 0.03430652 -0.06334538 0.03089190
v 0.03466404 -0.06286775 0.03146463
v 0.03260117 -0.06612493 0.02559615
v 0.03466404 -0.06286775 0.03146463
v 0.03430652 -0.06334538 0.03089190
v 0.03896061 -0.04570889 0.06819393
v 0.03890620 -0.04571545 0.06859170
v 0.03881649 -0.04873094 0.06116695
v 0.03881649 -0.04873094 0.06116695
v 0.03890620 -0.04571545 0.06859170
v 0.03866574 -0.04881296 0.06157961
v 0.03812156 -0.05348222 0.05056218
v 0.03849049 -0.05160486 0.05460618
v 0.03823368 -0.05263568 0.05282321
v 0.03849049 -0.05160486 0.05460618
v 0.03881649 -0.04873094 0.06116695
v 0.03823368 -0.05263568 0.05282321
v 0.03823368 -0.05263568 0.05282321
v 0.03881649 -0.04873094 0.06116695
v 0.03866574 -0.04881296 0.06157961
v 0.03260117 -0.06612493 0.02559615
v 0.03278989 -0.06594604 0.02565078
v 0.03466404 -0.06286775 0.03146463
v 0.03558593 -0.06087136 0.03569719
v 0.03466404 -0.06286775 0.03146463
v 0.03569513 -0.06076558 0.03552409
v 0.03558593 -0.06087136 0.03569719
v 0.03569513 -0.06076558 0.03552409
v 0.03662931 -0.05839641 0.04063168
v 0.03662931 -0.05839641 0.04063168
v 0.03569513 -0.06076558 0.03552409
v 0.03644635 -0.05904279 0.03885742
v 0.03662931 -0.05839641 0.04063168
v 0.03644635 -0.05904279 0.03885742
v 0.03750547 -0.05594993 0.04549314
v 0.03750547 -0.05594993 0.04549314
v 0.03812156 -0.05348222 0.05056218
v 0.03823368 -0.05263568 0.05282321
v 0.03923974 -0.04439247 0.07099531
v 0.03890620 -0.04571545 0.06859170
v 0.03896061 -0.04570889 0.06819393
v 0.00048622 -0.07552165 0.01626706
v 0.00000002 -0.07538016 0.01855324
v -0.00550358 -0.07525623 0.01774509
v 0.00000002 -0.07538016 0.01855324
v 0.00048622 -0.07552165 0.01626706
v 0.00586357 -0.07521555 0.01796483
v 0.03747361 -0.06490614 0.02134212
v 0.03702420 -0.06393874 0.02507730
v 0.03217273 -0.06748074 0.02224189
v 0.03702420 -0.06393874 0.02507730
v 0.03747361 -0.06490614 0.02134212
v 0.04159995 -0.06109000 0.02502558
v 0.04221926 -0.06192425 0.02134212
v 0.04159995 -0.06109000 0.02502558
v 0.04221926 -0.06192425 0.02134212
v 0.04611304 -0.05777162 0.02501005
v 0.04672882 -0.05859604 0.02134212
v 0.04611304 -0.05777162 0.02501005
v 0.04672882 -0.05859604 0.02134212
v 0.05097705 -0.05494015 0.02134212
v 0.05030728 -0.05414365 0.02502517
v 0.05494018 -0.05097701 0.02134212
v 0.05847631 -0.04663303 0.02207823
v 0.05414579 -0.05030688 0.02502554
v 0.05494018 -0.05097701 0.02134212
v 0.05414579 -0.05030688 0.02502554
v 0.05097705 -0.05494015 0.02134212
v 0.05030728 -0.05414365 0.02502517
v 0.06490617 -0.03747356 0.02134211
v 0.06110931 -0.04157662 0.02501910
v 0.06192428 -0.04221922 0.02134211
v 0.06192428 -0.04221922 0.02134211
v 0.06110931 -0.04157662 0.02501910
v 0.05847631 -0.04663303 0.02207823
v 0.06738276 -0.03246517 0.02210099
v 0.06582134 -0.03355055 0.02508556
v 0.06490617 -0.03747356 0.02134211
v 0.06490617 -0.03747356 0.02134211
v 0.06582134 -0.03355055 0.02508556
v 0.06406488 -0.03684747 0.02503135
v 0.06406488 -0.03684747 0.02503135
v 0.07148421 -0.02199642 0.02208717
v 0.06920114 -0.02711006 0.02369343
v 0.06976638 -0.02738125 0.02134211
v 0.06976638 -0.02738125 0.02134211
v 0.06920114 -0.02711006 0.02369343
v 0.06738276 -0.03246517 0.02210099
v 0.06750522 0.03220670 0.02208926
v 0.06920156 0.02710983 0.02369245
v 0.06976636 0.02738130 0.02134211
v 0.06976636 0.02738130 0.02134211
v 0.06920156 0.02710983 0.02369245
v 0.07147522 0.02201643 0.02209830
v 0.06597339 0.03324635 0.02510547
v 0.06750522 0.03220670 0.02208926
v 0.06477750 0.03747157 0.02191396
v 0.06105491 0.04166857 0.02501005
v 0.06477750 0.03747157 0.02191396
v 0.06192425 0.04221926 0.02134211
v 0.06105491 0.04166857 0.02501005
v 0.06192425 0.04221926 0.02134211
v 0.05859604 0.04672882 0.02134211
v 0.05775015 0.04612236 0.02502521
v 0.04662808 0.05848026 0.02207814
v 0.05025682 0.05420546 0.02501000
v 0.05097701 0.05494018 0.02134211
v 0.05097701 0.05494018 0.02134211
v 0.05025682 0.05420546 0.02501000
v 0.05494015 0.05097705 0.02134211
v 0.05421083 0.05023677 0.02502555
v 0.05494015 0.05097705 0.02134211
v 0.05421083 0.05023677 0.02502555
v 0.05859604 0.04672882 0.02134211
v 0.05775015 0.04612236 0.02502521
v 0.03747356 0.06490617 0.02134211
v 0.03692431 0.06403250 0.02501597
v 0.04221922 0.06192428 0.02134211
v 0.04221922 0.06192428 0.02134211
v 0.03692431 0.06403250 0.02501597
v 0.04162145 0.06106612 0.02503561
v 0.04221922 0.06192428 0.02134211
v 0.04162145 0.06106612 0.02503561
v 0.04662808 0.05848026 0.02207814
v 0.03747356 0.06490617 0.02134211
v 0.03230264 0.06743635 0.02218201
v 0.03692431 0.06403250 0.02501597
v -0.03747959 0.06474699 0.02199674
v -0.04221926 0.06192425 0.02134211
v -0.04170543 0.06102129 0.02501932
v -0.04170543 0.06102129 0.02501932
v -0.04221926 0.06192425 0.02134211
v -0.04672882 0.05859605 0.02134211
v -0.04609332 0.05776515 0.02503570
v -0.04609332 0.05776515 0.02503570
v -0.04672882 0.05859605 0.02134211
v -0.05029973 0.05416562 0.02501002
v -0.05097705 0.05494015 0.02134211
v -0.05029973 0.05416562 0.02501002
v -0.05097705 0.05494015 0.02134211
v -0.05494018 0.05097701 0.02134211
v -0.05423329 0.05021655 0.02501920
v -0.05423329 0.05021655 0.02501920
v -0.05494018 0.05097701 0.02134211
v -0.05859607 0.04672878 0.02134211
v -0.05781740 0.04600600 0.02507301
v -0.06752510 0.03251834 0.02134211
v -0.06690352 0.03232441 0.02373072
v -0.06468831 0.03756638 0.02201260
v -0.06192428 0.04221922 0.02134211
v -0.06468831 0.03756638 0.02201260
v -0.06103620 0.04167897 0.02502547
v -0.06192428 0.04221922 0.02134211
v -0.06103620 0.04167897 0.02502547
v -0.05859607 0.04672878 0.02134211
v -0.05781740 0.04600600 0.02507301
v -0.06690352 0.03232441 0.02373072
v -0.06752510 0.03251834 0.02134211
v -0.06968274 0.02728589 0.02191513
v -0.07482964 0.00007265 0.02193418
v -0.07473761 -0.00560083 0.02134211
v -0.07403531 -0.00629034 0.02374004
v -0.07473761 -0.00560083 0.02134211
v -0.07398385 -0.01128811 0.02188966
v -0.07403531 -0.00629034 0.02374004
v -0.06477133 -0.03740083 0.02207729
v -0.06192425 -0.04221926 0.02134211
v -0.06104665 -0.04164986 0.02503572
v -0.06104665 -0.04164986 0.02503572
v -0.06192425 -0.04221926 0.02134211
v -0.05781273 -0.04605126 0.02501903
v -0.05859604 -0.04672882 0.02134211
v -0.05781273 -0.04605126 0.02501903
v -0.05859604 -0.04672882 0.02134211
v -0.05416553 -0.05029982 0.02501003
v -0.05494015 -0.05097705 0.02134212
v -0.05416553 -0.05029982 0.02501003
v -0.05494015 -0.05097705 0.02134212
v -0.05097701 -0.05494018 0.02134212
v -0.05023460 -0.05421112 0.02502512
v -0.03756469 -0.06471656 0.02191457
v -0.04162017 -0.06108802 0.02500996
v -0.04221922 -0.06192428 0.02134212
v -0.04221922 -0.06192428 0.02134212
v -0.04162017 -0.06108802 0.02500996
v -0.04660814 -0.05854896 0.02191232
v -0.05097701 -0.05494018 0.02134212
v -0.04660814 -0.05854896 0.02191232
v -0.05023460 -0.05421112 0.02502512
v 0.00003613 -0.07479274 0.02208329
v 0.00000002 -0.07538016 0.01855324
v 0.00569614 -0.07461946 0.02190672
v 0.00569614 -0.07461946 0.02190672
v 0.00000002 -0.07538016 0.01855324
v 0.00586357 -0.07521555 0.01796483
v 0.00569614 -0.07461946 0.02190672
v 0.00586357 -0.07521555 0.01796483
v 0.01106148 -0.07398358 0.02201456
v 0.01106148 -0.07398358 0.02201456
v 0.00586357 -0.07521555 0.01796483
v 0.01140159 -0.07458788 0.01781639
v 0.01106148 -0.07398358 0.02201456
v 0.01140159 -0.07458788 0.01781639
v 0.01652059 -0.07295466 0.02204019
v 0.01695951 -0.07351548 0.01796087
v 0.01652059 -0.07295466 0.02204019
v 0.01695951 -0.07351548 0.01796087
v 0.02198946 -0.07152767 0.02192600
v 0.02198946 -0.07152767 0.02192600
v 0.01695951 -0.07351548 0.01796087
v 0.02236325 -0.07206960 0.01778338
v 0.02198946 -0.07152767 0.02192600
v 0.02236325 -0.07206960 0.01778338
v 0.02728579 -0.06965988 0.02198252
v 0.02768647 -0.07019689 0.01778344
v 0.02728579 -0.06965988 0.02198252
v 0.02768647 -0.07019689 0.01778344
v 0.03217273 -0.06748074 0.02224189
v 0.03288008 -0.06791354 0.01781641
v 0.03217273 -0.06748074 0.02224189
v 0.03288008 -0.06791354 0.01781641
v 0.03747361 -0.06490614 0.02134212
v 0.03747361 -0.06490614 0.02134212
v 0.03288008 -0.06791354 0.01781641
v 0.03787513 -0.06525049 0.01796089
v 0.03747361 -0.06490614 0.02134212
v 0.03787513 -0.06525049 0.01796089
v 0.04221926 -0.06192425 0.02134212
v 0.04221926 -0.06192425 0.02134212
v 0.03787513 -0.06525049 0.01796089
v 0.04261255 -0.06227611 0.01778340
v 0.04221926 -0.06192425 0.02134212
v 0.04261255 -0.06227611 0.01778340
v 0.04672882 -0.05859604 0.02134212
v 0.04717719 -0.05887668 0.01796089
v 0.04672882 -0.05859604 0.02134212
v 0.04717719 -0.05887668 0.01796089
v 0.05097705 -0.05494015 0.02134212
v 0.05097705 -0.05494015 0.02134212
v 0.04717719 -0.05887668 0.01796089
v 0.05141839 -0.05522946 0.01778340
v 0.05097705 -0.05494015 0.02134212
v 0.05141839 -0.05522946 0.01778340
v 0.05494018 -0.05097701 0.02134212
v 0.05532278 -0.05130790 0.01784907
v 0.05494018 -0.05097701 0.02134212
v 0.05532278 -0.05130790 0.01784907
v 0.05847631 -0.04663303 0.02207823
v 0.05847631 -0.04663303 0.02207823
v 0.05532278 -0.05130790 0.01784907
v 0.05902327 -0.04701690 0.01776549
v 0.05847631 -0.04663303 0.02207823
v 0.05902327 -0.04701690 0.01776549
v 0.06192428 -0.04221922 0.02134211
v 0.06192428 -0.04221922 0.02134211
v 0.05902327 -0.04701690 0.01776549
v 0.06243543 -0.04235525 0.01796086
v 0.06192428 -0.04221922 0.02134211
v 0.06243543 -0.04235525 0.01796086
v 0.06490617 -0.03747356 0.02134211
v 0.06490617 -0.03747356 0.02134211
v 0.06243543 -0.04235525 0.01796086
v 0.06541319 -0.03761991 0.01778350
v 0.06490617 -0.03747356 0.02134211
v 0.06541319 -0.03761991 0.01778350
v 0.06738276 -0.03246517 0.02210099
v 0.06738276 -0.03246517 0.02210099
v 0.06541319 -0.03761991 0.01778350
v 0.06798821 -0.03272177 0.01784914
v 0.06738276 -0.03246517 0.02210099
v 0.06798821 -0.03272177 0.01784914
v 0.06976638 -0.02738125 0.02134211
v 0.06976638 -0.02738125 0.02134211
v 0.06798821 -0.03272177 0.01784914
v 0.07026007 -0.02751406 0.01788849
v 0.06976638 -0.02738125 0.02134211
v 0.07026007 -0.02751406 0.01788849
v 0.07148421 -0.02199642 0.02208717
v 0.07148421 -0.02199642 0.02208717
v 0.07026007 -0.02751406 0.01788849
v 0.07214437 -0.02212092 0.01778338
v 0.07148421 -0.02199642 0.02208717
v 0.07214437 -0.02212092 0.01778338
v 0.07298436 -0.01654726 0.02190621
v 0.07298436 -0.01654726 0.02190621
v 0.07214437 -0.02212092 0.01778338
v 0.07359572 -0.01666775 0.01778344
v 0.07298436 -0.01654726 0.02190621
v 0.07359572 -0.01666775 0.01778344
v 0.07395563 -0.01123549 0.02202259
v 0.07463481 -0.01109018 0.01781638
v 0.07395563 -0.01123549 0.02202259
v 0.07463481 -0.01109018 0.01781638
v 0.07459017 -0.00569149 0.02201527
v 0.07526029 -0.00543242 0.01781910
v 0.07459017 -0.00569149 0.02201527
v 0.07526029 -0.00543242 0.01781910
v 0.07483154 -0.00006318 0.02192561
v 0.07483154 -0.00006318 0.02192561
v 0.07526029 -0.00543242 0.01781910
v 0.07544314 0.00024306 0.01796821
v 0.07483154 -0.00006318 0.02192561
v 0.07544314 0.00024306 0.01796821
v 0.07460246 0.00555961 0.02200207
v 0.07460246 0.00555961 0.02200207
v 0.07544314 0.00024306 0.01796821
v 0.07523138 0.00579559 0.01781636
v 0.07460246 0.00555961 0.02200207
v 0.07523138 0.00579559 0.01781636
v 0.07396704 0.01108259 0.02208335
v 0.07457730 0.01141828 0.01796090
v 0.07396704 0.01108259 0.02208335
v 0.07457730 0.01141828 0.01796090
v 0.07294749 0.01669710 0.02191716
v 0.07294749 0.01669710 0.02191716
v 0.07457730 0.01141828 0.01796090
v 0.07353930 0.01691494 0.01778343
v 0.07294749 0.01669710 0.02191716
v 0.07353930 0.01691494 0.01778343
v 0.07147522 0.02201643 0.02209830
v 0.07206963 0.02236322 0.01778337
v 0.07147522 0.02201643 0.02209830
v 0.07206963 0.02236322 0.01778337
v 0.06976636 0.02738130 0.02134211
v 0.06976636 0.02738130 0.02134211
v 0.07206963 0.02236322 0.01778337
v 0.07018073 0.02771306 0.01781637
v 0.06976636 0.02738130 0.02134211
v 0.07018073 0.02771306 0.01781637
v 0.06750522 0.03220670 0.02208926
v 0.06750522 0.03220670 0.02208926
v 0.07018073 0.02771306 0.01781637
v 0.06789847 0.03289302 0.01796087
v 0.06750522 0.03220670 0.02208926
v 0.06789847 0.03289302 0.01796087
v 0.06477750 0.03747157 0.02191396
v 0.06477750 0.03747157 0.02191396
v 0.06789847 0.03289302 0.01796087
v 0.06533511 0.03774169 0.01784912
v 0.06477750 0.03747157 0.02191396
v 0.06533511 0.03774169 0.01784912
v 0.06192425 0.04221926 0.02134211
v 0.06192425 0.04221926 0.02134211
v 0.06533511 0.03774169 0.01784912
v 0.06232550 0.04254253 0.01776544
v 0.06192425 0.04221926 0.02134211
v 0.06232550 0.04254253 0.01776544
v 0.05859604 0.04672882 0.02134211
v 0.05887671 0.04717714 0.01796089
v 0.05859604 0.04672882 0.02134211
v 0.05887671 0.04717714 0.01796089
v 0.05494015 0.05097705 0.02134211
v 0.05494015 0.05097705 0.02134211
v 0.05887671 0.04717714 0.01796089
v 0.05522944 0.05141841 0.01778341
v 0.05494015 0.05097705 0.02134211
v 0.05522944 0.05141841 0.01778341
v 0.05097701 0.05494018 0.02134211
v 0.05123141 0.05539018 0.01786010
v 0.05097701 0.05494018 0.02134211
v 0.05123141 0.05539018 0.01786010
v 0.04662808 0.05848026 0.02207814
v 0.04662808 0.05848026 0.02207814
v 0.05123141 0.05539018 0.01786010
v 0.04704687 0.05899495 0.01780403
v 0.04662808 0.05848026 0.02207814
v 0.04704687 0.05899495 0.01780403
v 0.04221922 0.06192428 0.02134211
v 0.04221922 0.06192428 0.02134211
v 0.04704687 0.05899495 0.01780403
v 0.04245853 0.06237607 0.01788847
v 0.04221922 0.06192428 0.02134211
v 0.04245853 0.06237607 0.01788847
v 0.03747356 0.06490617 0.02134211
v 0.03747356 0.06490617 0.02134211
v 0.04245853 0.06237607 0.01788847
v 0.03771098 0.06535285 0.01784911
v 0.03747356 0.06490617 0.02134211
v 0.03771098 0.06535285 0.01784911
v 0.03230264 0.06743635 0.02218201
v 0.03230264 0.06743635 0.02218201
v 0.03771098 0.06535285 0.01784911
v 0.03270425 0.06800566 0.01776548
v 0.03230264 0.06743635 0.02218201
v 0.03270425 0.06800566 0.01776548
v 0.02740612 0.06961098 0.02199286
v 0.02740018 0.07029496 0.01796084
v 0.02740612 0.06961098 0.02199286
v 0.02740018 0.07029496 0.01796084
v 0.02211022 0.07149071 0.02192512
v 0.02211022 0.07149071 0.02192512
v 0.02740018 0.07029496 0.01796084
v 0.02212094 0.07214436 0.01778337
v 0.02211022 0.07149071 0.02192512
v 0.02212094 0.07214436 0.01778337
v 0.01665310 0.07292793 0.02202356
v 0.01663663 0.07359737 0.01781635
v 0.01665310 0.07292793 0.02202356
v 0.01663663 0.07359737 0.01781635
v 0.01120465 0.07395031 0.02207556
v 0.01107113 0.07462963 0.01796086
v 0.01120465 0.07395031 0.02207556
v 0.01107113 0.07462963 0.01796086
v 0.00554029 0.07462889 0.02191614
v 0.00554029 0.07462889 0.02191614
v 0.01107113 0.07462963 0.01796086
v 0.00551267 0.07525793 0.01778334
v 0.00554029 0.07462889 0.02191614
v 0.00551267 0.07525793 0.01778334
v 0.00014376 0.07480111 0.02203456
v 0.00014376 0.07480111 0.02203456
v 0.00551267 0.07525793 0.01778334
v -0.00017563 0.07544614 0.01796085
v 0.00014376 0.07480111 0.02203456
v -0.00017563 0.07544614 0.01796085
v -0.00538768 0.07460095 0.02207230
v -0.00538768 0.07460095 0.02207230
v -0.00017563 0.07544614 0.01796085
v -0.00568649 0.07522047 0.01806659
v -0.00538768 0.07460095 0.02207230
v -0.00568649 0.07522047 0.01806659
v -0.01135935 0.07390237 0.02219298
v -0.01123320 0.07461621 0.01780723
v -0.01135935 0.07390237 0.02219298
v -0.01123320 0.07461621 0.01780723
v -0.01678317 0.07293211 0.02189909
v -0.01688012 0.07355100 0.01774805
v -0.01678317 0.07293211 0.02189909
v -0.01688012 0.07355100 0.01774805
v -0.02200727 0.07149086 0.02203832
v -0.02239097 0.07205548 0.01781627
v -0.02200727 0.07149086 0.02203832
v -0.02239097 0.07205548 0.01781627
v -0.02750931 0.06949622 0.02231379
v -0.02750931 0.06949622 0.02231379
v -0.02239097 0.07205548 0.01781627
v -0.02772704 0.07016668 0.01796086
v -0.02750931 0.06949622 0.02231379
v -0.02772704 0.07016668 0.01796086
v -0.03218693 0.06750125 0.02214439
v -0.03218693 0.06750125 0.02214439
v -0.02772704 0.07016668 0.01796086
v -0.03285482 0.06793163 0.01778344
v -0.03218693 0.06750125 0.02214439
v -0.03285482 0.06793163 0.01778344
v -0.03747959 0.06474699 0.02199674
v -0.03747959 0.06474699 0.02199674
v -0.03285482 0.06793163 0.01778344
v -0.03786340 0.06526647 0.01781639
v -0.03747959 0.06474699 0.02199674
v -0.03786340 0.06526647 0.01781639
v -0.04221926 0.06192425 0.02134211
v -0.04221926 0.06192425 0.02134211
v -0.03786340 0.06526647 0.01781639
v -0.04267675 0.06222793 0.01781918
v -0.04221926 0.06192425 0.02134211
v -0.04267675 0.06222793 0.01781918
v -0.04672882 0.05859605 0.02134211
v -0.04722804 0.05883229 0.01796826
v -0.04672882 0.05859605 0.02134211
v -0.04722804 0.05883229 0.01796826
v -0.05097705 0.05494015 0.02134211
v -0.05097705 0.05494015 0.02134211
v -0.04722804 0.05883229 0.01796826
v -0.05141840 0.05522946 0.01778340
v -0.05097705 0.05494015 0.02134211
v -0.05141840 0.05522946 0.01778340
v -0.05494018 0.05097701 0.02134211
v -0.05541884 0.05120646 0.01781636
v -0.05494018 0.05097701 0.02134211
v -0.05541884 0.05120646 0.01781636
v -0.05859607 0.04672878 0.02134211
v -0.05909565 0.04690261 0.01796089
v -0.05859607 0.04672878 0.02134211
v -0.05909565 0.04690261 0.01796089
v -0.06192428 0.04221922 0.02134211
v -0.06192428 0.04221922 0.02134211
v -0.05909565 0.04690261 0.01796089
v -0.06241894 0.04240305 0.01778342
v -0.06192428 0.04221922 0.02134211
v -0.06241894 0.04240305 0.01778342
v -0.06468831 0.03756638 0.02201260
v -0.06468831 0.03756638 0.02201260
v -0.06241894 0.04240305 0.01778342
v -0.06540149 0.03762145 0.01786017
v -0.06468831 0.03756638 0.02201260
v -0.06540149 0.03762145 0.01786017
v -0.06752510 0.03251834 0.02134211
v -0.06752510 0.03251834 0.02134211
v -0.06540149 0.03762145 0.01786017
v -0.06794584 0.03279500 0.01797572
v -0.06752510 0.03251834 0.02134211
v -0.06794584 0.03279500 0.01797572
v -0.06968274 0.02728589 0.02191513
v -0.07027961 0.02748570 0.01774802
v -0.06968274 0.02728589 0.02191513
v -0.07027961 0.02748570 0.01774802
v -0.07143957 0.02217610 0.02202974
v -0.07143957 0.02217610 0.02202974
v -0.07027961 0.02748570 0.01774802
v -0.07214830 0.02209007 0.01781630
v -0.07143957 0.02217610 0.02202974
v -0.07214830 0.02209007 0.01781630
v -0.07289488 0.01678850 0.02203386
v -0.07289488 0.01678850 0.02203386
v -0.07214830 0.02209007 0.01781630
v -0.07359363 0.01661714 0.01796087
v -0.07289488 0.01678850 0.02203386
v -0.07359363 0.01661714 0.01796087
v -0.07397468 0.01128548 0.02192824
v -0.07397468 0.01128548 0.02192824
v -0.07359363 0.01661714 0.01796087
v -0.07461260 0.01122817 0.01784914
v -0.07397468 0.01128548 0.02192824
v -0.07461260 0.01122817 0.01784914
v -0.07460878 0.00548985 0.02200370
v -0.07525884 0.00554931 0.01774799
v -0.07460878 0.00548985 0.02200370
v -0.07525884 0.00554931 0.01774799
v -0.07482964 0.00007265 0.02193418
v -0.07545412 -0.00015746 0.01781632
v -0.07482964 0.00007265 0.02193418
v -0.07545412 -0.00015746 0.01781632
v -0.07473761 -0.00560083 0.02134211
v -0.07473761 -0.00560083 0.02134211
v -0.07545412 -0.00015746 0.01781632
v -0.07522205 -0.00581324 0.01796082
v -0.07473761 -0.00560083 0.02134211
v -0.07522205 -0.00581324 0.01796082
v -0.07398385 -0.01128811 0.02188966
v -0.07459773 -0.01137205 0.01778347
v -0.07398385 -0.01128811 0.02188966
v -0.07459773 -0.01137205 0.01778347
v -0.07291947 -0.01668897 0.02202807
v -0.07352730 -0.01694357 0.01781635
v -0.07291947 -0.01668897 0.02202807
v -0.07352730 -0.01694357 0.01781635
v -0.07146347 -0.02206812 0.02208084
v -0.07204251 -0.02243873 0.01781914
v -0.07146347 -0.02206812 0.02208084
v -0.07204251 -0.02243873 0.01781914
v -0.06962682 -0.02743342 0.02190733
v -0.06962682 -0.02743342 0.02190733
v -0.07204251 -0.02243873 0.01781914
v -0.07013924 -0.02778873 0.01796826
v -0.06962682 -0.02743342 0.02190733
v -0.07013924 -0.02778873 0.01796826
v -0.06741678 -0.03228168 0.02225246
v -0.06741678 -0.03228168 0.02225246
v -0.07013924 -0.02778873 0.01796826
v -0.06791354 -0.03288008 0.01781641
v -0.06741678 -0.03228168 0.02225246
v -0.06791354 -0.03288008 0.01781641
v -0.06477133 -0.03740083 0.02207729
v -0.06477133 -0.03740083 0.02207729
v -0.06791354 -0.03288008 0.01781641
v -0.06525049 -0.03787513 0.01796091
v -0.06477133 -0.03740083 0.02207729
v -0.06525049 -0.03787513 0.01796091
v -0.06192425 -0.04221926 0.02134211
v -0.06192425 -0.04221926 0.02134211
v -0.06525049 -0.03787513 0.01796091
v -0.06227610 -0.04261258 0.01778341
v -0.06192425 -0.04221926 0.02134211
v -0.06227610 -0.04261258 0.01778341
v -0.05859604 -0.04672882 0.02134211
v -0.05891750 -0.04714735 0.01778345
v -0.05859604 -0.04672882 0.02134211
v -0.05891750 -0.04714735 0.01778345
v -0.05494015 -0.05097705 0.02134212
v -0.05494015 -0.05097705 0.02134212
v -0.05891750 -0.04714735 0.01778345
v -0.05526428 -0.05134505 0.01806661
v -0.05494015 -0.05097705 0.02134212
v -0.05526428 -0.05134505 0.01806661
v -0.05097701 -0.05494018 0.02134212
v -0.05097701 -0.05494018 0.02134212
v -0.05526428 -0.05134505 0.01806661
v -0.05126172 -0.05537982 0.01774802
v -0.05097701 -0.05494018 0.02134212
v -0.05126172 -0.05537982 0.01774802
v -0.04660814 -0.05854896 0.02191232
v -0.04660814 -0.05854896 0.02191232
v -0.05126172 -0.05537982 0.01774802
v -0.04703014 -0.05900234 0.01784912
v -0.04660814 -0.05854896 0.02191232
v -0.04703014 -0.05900234 0.01784912
v -0.04221922 -0.06192428 0.02134212
v -0.04221922 -0.06192428 0.02134212
v -0.04703014 -0.05900234 0.01784912
v -0.04247465 -0.06237178 0.01776544
v -0.04221922 -0.06192428 0.02134212
v -0.04247465 -0.06237178 0.01776544
v -0.03756469 -0.06471656 0.02191457
v -0.03756469 -0.06471656 0.02191457
v -0.04247465 -0.06237178 0.01776544
v -0.03757976 -0.06542776 0.01785916
v -0.03756469 -0.06471656 0.02191457
v -0.03757976 -0.06542776 0.01785916
v -0.03245763 -0.06738147 0.02212061
v -0.03261663 -0.06803842 0.01788941
v -0.03245763 -0.06738147 0.02212061
v -0.03261663 -0.06803842 0.01788941
v -0.02772057 -0.06940816 0.02230484
v -0.02772057 -0.06940816 0.02230484
v -0.03261663 -0.06803842 0.01788941
v -0.02742001 -0.07029576 0.01781634
v -0.02772057 -0.06940816 0.02230484
v -0.02742001 -0.07029576 0.01781634
v -0.02217075 -0.07143000 0.02208869
v -0.02217075 -0.07143000 0.02208869
v -0.02742001 -0.07029576 0.01781634
v -0.02207037 -0.07214603 0.01796084
v -0.02217075 -0.07143000 0.02208869
v -0.02207037 -0.07214603 0.01796084
v -0.01666766 -0.07295229 0.02192422
v -0.01666766 -0.07295229 0.02192422
v -0.02207037 -0.07214603 0.01796084
v -0.01677251 -0.07356489 0.01784911
v -0.01666766 -0.07295229 0.02192422
v -0.01677251 -0.07356489 0.01784911
v -0.01135086 -0.07391275 0.02213723
v -0.01115785 -0.07463370 0.01774806
v -0.01135086 -0.07391275 0.02213723
v -0.01115785 -0.07463370 0.01774806
v -0.00550996 -0.07459780 0.02204867
v -0.00550996 -0.07459780 0.02204867
v -0.01115785 -0.07463370 0.01774806
v -0.00550358 -0.07525623 0.01774509
v -0.00550996 -0.07459780 0.02204867
v -0.00550358 -0.07525623 0.01774509
v 0.00003613 -0.07479274 0.02208329
v 0.00003613 -0.07479274 0.02208329
v -0.00550358 -0.07525623 0.01774509
v 0.00000002 -0.07538016 0.01855324
v -0.04008853 -0.04255587 0.07428012
v -0.03945285 -0.04385984 0.07182244
v -0.03961190 -0.04336695 0.07307973
v -0.03961190 -0.04336695 0.07307973
v -0.03945285 -0.04385984 0.07182244
v -0.03916895 -0.04464567 0.07056027
v -0.04181368 -0.04061451 0.07544567
v -0.04345923 -0.03956954 0.07282774
v -0.04298751 -0.03985096 0.07342426
v -0.04345923 -0.03956954 0.07282774
v -0.04465861 -0.03915685 0.07056525
v -0.04298751 -0.03985096 0.07342426
v -0.03957384 0.04342434 0.07297459
v -0.03923977 0.04439237 0.07099553
v -0.03996791 0.04272346 0.07403363
v -0.04385984 0.03945286 0.07182244
v -0.04478864 0.03913645 0.07016558
v -0.04453323 0.03913810 0.07097847
v -0.04385984 0.03945286 0.07182244
v -0.04453323 0.03913810 0.07097847
v -0.04310368 0.03978126 0.07338261
v 0.04382275 0.03944066 0.07203507
v 0.04330656 0.03963491 0.07324268
v 0.04465648 0.03915550 0.07059356
v 0.04008853 0.04255588 0.07428012
v 0.03945285 0.04385985 0.07182244
v 0.03961143 0.04336787 0.07307825
v 0.03961143 0.04336787 0.07307825
v 0.03945285 0.04385985 0.07182244
v 0.03916884 0.04464615 0.07055921
v 0.04465648 0.03915550 0.07059356
v 0.04298751 0.03985097 0.07342425
v 0.04382275 0.03944066 0.07203507
v 0.04330656 0.03963491 0.07324268
v 0.04382275 0.03944066 0.07203507
v 0.04298751 0.03985097 0.07342425
v 0.04330656 0.03963491 0.07324268
v 0.04298751 0.03985097 0.07342425
v 0.04181636 0.04061221 0.07544555
v 0.03957370 -0.04342456 0.07297433
v 0.03923974 -0.04439247 0.07099531
v 0.03996791 -0.04272346 0.07403363
v 0.04385984 -0.03945285 0.07182244
v 0.04478864 -0.03913644 0.07016558
v 0.04453369 -0.03913805 0.07097738
v 0.04385984 -0.03945285 0.07182244
v 0.04453369 -0.03913805 0.07097738
v 0.04309346 -0.03978657 0.07341147
v -0.03822441 0.05266289 0.05277717
v -0.03877550 0.04914575 0.06041408
v -0.03344714 0.04913027 0.07045650
v -0.03888019 0.04598601 0.06798923
v -0.03344714 0.04913027 0.07045650
v -0.03888019 0.04598601 0.06798923
v -0.03679882 0.04584183 0.07277000
v -0.03679882 0.04584183 0.07277000
v -0.03888019 0.04598601 0.06798923
v -0.03923977 0.04439237 0.07099553
v -0.03428387 0.06339431 0.03077689
v -0.03560170 0.06084650 0.03572600
v -0.02898166 0.05186780 0.07054582
v -0.02898166 0.05186780 0.07054582
v -0.03560170 0.06084650 0.03572600
v -0.03663818 0.05838499 0.04063800
v -0.02898166 0.05186780 0.07054582
v -0.03663818 0.05838499 0.04063800
v -0.03751141 0.05592887 0.04554219
v -0.02898166 0.05186780 0.07054582
v -0.03751141 0.05592887 0.04554219
v -0.03344714 0.04913027 0.07045650
v -0.03344714 0.04913027 0.07045650
v -0.03751141 0.05592887 0.04554219
v -0.03822441 0.05266289 0.05277717
v -0.03218693 0.06750125 0.02214439
v -0.03332404 0.06595173 0.02506582
v -0.03263305 0.06611208 0.02557221
v -0.03218693 0.06750125 0.02214439
v -0.03263305 0.06611208 0.02557221
v -0.02750931 0.06949622 0.02231379
v -0.03428387 0.06339431 0.03077689
v -0.02898166 0.05186780 0.07054582
v -0.02451279 0.05415276 0.07044666
v -0.05461500 0.02188766 0.07254607
v -0.05272209 0.02614014 0.07247611
v -0.06399155 0.03395256 0.02962500
v -0.06091976 0.03560557 0.03548165
v -0.06399155 0.03395256 0.02962500
v -0.05272209 0.02614014 0.07247611
v -0.06611748 0.03262153 0.02557292
v -0.06596682 0.03326416 0.02509558
v -0.06690352 0.03232441 0.02373072
v -0.06690352 0.03232441 0.02373072
v -0.06596682 0.03326416 0.02509558
v -0.06468831 0.03756638 0.02201260
v -0.06468831 0.03756638 0.02201260
v -0.06596682 0.03326416 0.02509558
v -0.06378773 0.03714948 0.02517364
v -0.06468831 0.03756638 0.02201260
v -0.06378773 0.03714948 0.02517364
v -0.06103620 0.04167897 0.02502547
v -0.03747959 0.06474699 0.02199674
v -0.04170543 0.06102129 0.02501932
v -0.03693507 0.06395475 0.02511017
v -0.03747959 0.06474699 0.02199674
v -0.03693507 0.06395475 0.02511017
v -0.03332404 0.06595173 0.02506582
v -0.03747959 0.06474699 0.02199674
v -0.03332404 0.06595173 0.02506582
v -0.03218693 0.06750125 0.02214439
v -0.05058990 0.03118866 0.07048794
v -0.05833759 0.03672041 0.04053699
v -0.06091976 0.03560557 0.03548165
v -0.05058990 0.03118866 0.07048794
v -0.05257848 0.03823693 0.05297070
v -0.05594882 0.03745184 0.04566251
v -0.05058990 0.03118866 0.07048794
v -0.05058990 0.03118866 0.07048794
v -0.05594882 0.03745184 0.04566251
v -0.05833759 0.03672041 0.04053699
v -0.04776666 0.03533536 0.07054383
v -0.05257848 0.03823693 0.05297070
v -0.05058990 0.03118866 0.07048794
v -0.04453323 0.03913810 0.07097847
v -0.04601272 0.03888484 0.06791313
v -0.04776666 0.03533536 0.07054383
v -0.04776666 0.03533536 0.07054383
v -0.04601272 0.03888484 0.06791313
v -0.04905853 0.03870047 0.06088589
v -0.04776666 0.03533536 0.07054383
v -0.04905853 0.03870047 0.06088589
v -0.05257848 0.03823693 0.05297070
v -0.05261560 -0.03823700 0.05286780
v -0.04914090 -0.03877607 0.06042301
v -0.04776087 -0.03534767 0.07053316
v -0.04601464 -0.03887719 0.06792666
v -0.04776087 -0.03534767 0.07053316
v -0.04601464 -0.03887719 0.06792666
v -0.04465861 -0.03915685 0.07056525
v -0.05838040 -0.03664101 0.04064242
v -0.05592911 -0.03751185 0.04553200
v -0.05058346 -0.03120274 0.07048374
v -0.05261560 -0.03823700 0.05286780
v -0.04776087 -0.03534767 0.07053316
v -0.05058346 -0.03120274 0.07048374
v -0.06081576 -0.03561286 0.03579701
v -0.05838040 -0.03664101 0.04064242
v -0.06741678 -0.03228168 0.02225246
v -0.06595530 -0.03330608 0.02507502
v -0.06611009 -0.03264019 0.02556657
v -0.06334657 -0.03432441 0.03085287
v -0.06081576 -0.03561286 0.03579701
v -0.05308605 -0.02670726 0.07050424
v -0.05058346 -0.03120274 0.07048374
v -0.05308605 -0.02670726 0.07050424
v -0.06611009 -0.03264019 0.02556657
v -0.06334657 -0.03432441 0.03085287
v -0.01938322 -0.05553570 0.07259272
v -0.02447166 -0.05413743 0.07056058
v -0.02772057 -0.06940816 0.02230484
v -0.02447166 -0.05413743 0.07056058
v -0.03435399 -0.06337066 0.03069138
v -0.03261665 -0.06611813 0.02557931
v -0.02447166 -0.05413743 0.07056058
v -0.03261665 -0.06611813 0.02557931
v -0.02772057 -0.06940816 0.02230484
v -0.03261665 -0.06611813 0.02557931
v -0.03325126 -0.06596693 0.02510929
v -0.03245763 -0.06738147 0.02212061
v -0.03245763 -0.06738147 0.02212061
v -0.03245763 -0.06738147 0.02212061
v -0.03325126 -0.06596693 0.02510929
v -0.03756469 -0.06471656 0.02191457
v -0.03756469 -0.06471656 0.02191457
v -0.03325126 -0.06596693 0.02510929
v -0.03682982 -0.06397939 0.02517013
v -0.03756469 -0.06471656 0.02191457
v -0.03682982 -0.06397939 0.02517013
v -0.04162017 -0.06108802 0.02500996
v -0.04660814 -0.05854896 0.02191232
v -0.04162017 -0.06108802 0.02500996
v -0.04605656 -0.05773788 0.02510639
v -0.04660814 -0.05854896 0.02191232
v -0.04605656 -0.05773788 0.02510639
v -0.05023460 -0.05421112 0.02502512
v -0.06477133 -0.03740083 0.02207729
v -0.06104665 -0.04164986 0.02503572
v -0.06392826 -0.03699420 0.02510323
v -0.06477133 -0.03740083 0.02207729
v -0.06392826 -0.03699420 0.02510323
v -0.06741678 -0.03228168 0.02225246
v -0.06741678 -0.03228168 0.02225246
v -0.06392826 -0.03699420 0.02510323
v -0.06595530 -0.03330608 0.02507502
v -0.03337487 -0.04911968 0.07063882
v -0.03744836 -0.05595821 0.04564608
v -0.02835513 -0.05157202 0.07244399
v -0.03744836 -0.05595821 0.04564608
v -0.03672043 -0.05833643 0.04055052
v -0.02835513 -0.05157202 0.07244399
v -0.03435399 -0.06337066 0.03069138
v -0.02447166 -0.05413743 0.07056058
v -0.02835513 -0.05157202 0.07244399
v -0.03435399 -0.06337066 0.03069138
v -0.02835513 -0.05157202 0.07244399
v -0.03555997 -0.06109217 0.03498526
v -0.03555997 -0.06109217 0.03498526
v -0.02835513 -0.05157202 0.07244399
v -0.03672043 -0.05833643 0.04055052
v -0.03337487 -0.04911968 0.07063882
v -0.03822842 -0.05265582 0.05277997
v -0.03744836 -0.05595821 0.04564608
v -0.03916895 -0.04464567 0.07056027
v -0.03888956 -0.04596528 0.06801701
v -0.03678072 -0.04581917 0.07294354
v -0.03678072 -0.04581917 0.07294354
v -0.03888956 -0.04596528 0.06801701
v -0.03337487 -0.04911968 0.07063882
v -0.03888956 -0.04596528 0.06801701
v -0.03869977 -0.04905489 0.06089792
v -0.03337487 -0.04911968 0.07063882
v -0.03869977 -0.04905489 0.06089792
v -0.03822842 -0.05265582 0.05277997
v -0.03337487 -0.04911968 0.07063882
v 0.03750547 -0.05594993 0.04549314
v 0.03823368 -0.05263568 0.05282321
v 0.03302440 -0.04933510 0.07070225
v 0.03302440 -0.04933510 0.07070225
v 0.03823368 -0.05263568 0.05282321
v 0.03866574 -0.04881296 0.06157961
v 0.03302440 -0.04933510 0.07070225
v 0.03866574 -0.04881296 0.06157961
v 0.03890620 -0.04571545 0.06859170
v 0.03750547 -0.05594993 0.04549314
v 0.03302440 -0.04933510 0.07070225
v 0.03662931 -0.05839641 0.04063168
v 0.03217273 -0.06748074 0.02224189
v 0.03330195 -0.06595548 0.02507789
v 0.03260117 -0.06612493 0.02559615
v 0.03260117 -0.06612493 0.02559615
v 0.03430652 -0.06334538 0.03089190
v 0.03558593 -0.06087136 0.03569719
v 0.02462966 -0.05411960 0.07036192
v 0.03260117 -0.06612493 0.02559615
v 0.02873677 -0.05126675 0.07283343
v 0.02873677 -0.05126675 0.07283343
v 0.03260117 -0.06612493 0.02559615
v 0.03302440 -0.04933510 0.07070225
v 0.03260117 -0.06612493 0.02559615
v 0.03558593 -0.06087136 0.03569719
v 0.03662931 -0.05839641 0.04063168
v 0.03260117 -0.06612493 0.02559615
v 0.03662931 -0.05839641 0.04063168
v 0.03302440 -0.04933510 0.07070225
v 0.05847631 -0.04663303 0.02207823
v 0.06110931 -0.04157662 0.02501910
v 0.05771287 -0.04609603 0.02510149
v 0.05847631 -0.04663303 0.02207823
v 0.05771287 -0.04609603 0.02510149
v 0.05414579 -0.05030688 0.02502554
v 0.03330195 -0.06595548 0.02507789
v 0.06415458 -0.03385442 0.02931647
v 0.06601376 -0.03272870 0.02567914
v 0.06920114 -0.02711006 0.02369343
v 0.05299637 -0.02684762 0.07055888
v 0.06415458 -0.03385442 0.02931647
v 0.05466547 -0.02176837 0.07253198
v 0.05466547 -0.02176837 0.07253198
v 0.06415458 -0.03385442 0.02931647
v 0.06920114 -0.02711006 0.02369343
v 0.06920114 -0.02711006 0.02369343
v 0.06601376 -0.03272870 0.02567914
v 0.06603265 -0.03287028 0.02543501
v 0.06920114 -0.02711006 0.02369343
v 0.06603265 -0.03287028 0.02543501
v 0.06738276 -0.03246517 0.02210099
v 0.06738276 -0.03246517 0.02210099
v 0.06603265 -0.03287028 0.02543501
v 0.06582134 -0.03355055 0.02508556
v 0.05016981 -0.03160537 0.07093835
v 0.05833759 -0.03672039 0.04053718
v 0.05299637 -0.02684762 0.07055888
v 0.05299637 -0.02684762 0.07055888
v 0.05833759 -0.03672039 0.04053718
v 0.06106633 -0.03557249 0.03505066
v 0.06106633 -0.03557249 0.03505066
v 0.06415458 -0.03385442 0.02931647
v 0.05016981 -0.03160537 0.07093835
v 0.05594754 -0.03745168 0.04566752
v 0.05833759 -0.03672039 0.04053718
v 0.05016981 -0.03160537 0.07093835
v 0.04905209 -0.03869912 0.06090757
v 0.05271083 -0.03820468 0.05270289
v 0.05016981 -0.03160537 0.07093835
v 0.05271083 -0.03820468 0.05270289
v 0.05594754 -0.03745168 0.04566752
v 0.04777550 -0.03541903 0.07033254
v 0.04453369 -0.03913805 0.07097738
v 0.04626845 -0.03885697 0.06736569
v 0.04777550 -0.03541903 0.07033254
v 0.04626845 -0.03885697 0.06736569
v 0.05016981 -0.03160537 0.07093835
v 0.05016981 -0.03160537 0.07093835
v 0.04626845 -0.03885697 0.06736569
v 0.04905209 -0.03869912 0.06090757
v 0.05007833 0.03862727 0.05850985
v 0.04602095 0.03887513 0.06791940
v 0.04738375 0.03491082 0.07240174
v 0.04738375 0.03491082 0.07240174
v 0.04602095 0.03887513 0.06791940
v 0.04465648 0.03915550 0.07059356
v 0.05007833 0.03862727 0.05850985
v 0.04738375 0.03491082 0.07240174
v 0.05357457 0.03804787 0.05074908
v 0.05357457 0.03804787 0.05074908
v 0.04738375 0.03491082 0.07240174
v 0.05061539 0.03117707 0.07042670
v 0.05762689 0.03692268 0.04219588
v 0.05303583 0.02684027 0.07044534
v 0.06337391 0.03430886 0.03080593
v 0.06084517 0.03559897 0.03573896
v 0.05061539 0.03117707 0.07042670
v 0.05061539 0.03117707 0.07042670
v 0.06084517 0.03559897 0.03573896
v 0.05762689 0.03692268 0.04219588
v 0.06750522 0.03220670 0.02208926
v 0.06597339 0.03324635 0.02510547
v 0.06610134 0.03263790 0.02559632
v 0.06750522 0.03220670 0.02208926
v 0.06610134 0.03263790 0.02559632
v 0.06920156 0.02710983 0.02369245
v 0.06610134 0.03263790 0.02559632
v 0.06337391 0.03430886 0.03080593
v 0.05303583 0.02684027 0.07044534
v 0.03410650 0.06373298 0.03010411
v 0.03262193 0.06611726 0.02557221
v 0.02464168 0.05407965 0.07047713
v 0.02839735 0.05154436 0.07245946
v 0.03337849 0.04921848 0.07035317
v 0.03672961 0.05831084 0.04060663
v 0.02839735 0.05154436 0.07245946
v 0.03672961 0.05831084 0.04060663
v 0.03557249 0.06106635 0.03505006
v 0.02839735 0.05154436 0.07245946
v 0.03557249 0.06106635 0.03505006
v 0.03410650 0.06373298 0.03010411
v 0.02839735 0.05154436 0.07245946
v 0.03410650 0.06373298 0.03010411
v 0.02464168 0.05407965 0.07047713
v 0.02464168 0.05407965 0.07047713
v 0.03262193 0.06611726 0.02557221
v 0.03230264 0.06743635 0.02218201
v 0.03262193 0.06611726 0.02557221
v 0.03325053 0.06596694 0.02510978
v 0.03230264 0.06743635 0.02218201
v 0.03230264 0.06743635 0.02218201
v 0.03325053 0.06596694 0.02510978
v 0.03692431 0.06403250 0.02501597
v 0.04662808 0.05848026 0.02207814
v 0.04162145 0.06106612 0.02503561
v 0.04601630 0.05777715 0.02510072
v 0.04662808 0.05848026 0.02207814
v 0.04601630 0.05777715 0.02510072
v 0.05025682 0.05420546 0.02501000
v 0.06477750 0.03747157 0.02191396
v 0.06105491 0.04166857 0.02501005
v 0.06395746 0.03693169 0.02510946
v 0.06477750 0.03747157 0.02191396
v 0.06395746 0.03693169 0.02510946
v 0.06597339 0.03324635 0.02510547
v 0.03869882 0.04906200 0.06088311
v 0.03337849 0.04921848 0.07035317
v 0.03737760 0.04630997 0.07018504
v 0.03822630 0.05264754 0.05281054
v 0.03337849 0.04921848 0.07035317
v 0.03822630 0.05264754 0.05281054
v 0.03744834 0.05595888 0.04564391
v 0.03744834 0.05595888 0.04564391
v 0.03737760 0.04630997 0.07018504
v 0.03916884 0.04464615 0.07055921
v 0.03889036 0.04596329 0.06801810
v 0.03737760 0.04630997 0.07018504
v 0.03889036 0.04596329 0.06801810
v 0.03869882 0.04906200 0.06088311
v -0.05745634 -0.01274554 0.07247162
v -0.07403531 -0.00629034 0.02374004
v -0.07398385 -0.01128811 0.02188966
v -0.07398385 -0.01128811 0.02188966
v -0.07291947 -0.01668897 0.02202807
v -0.05745634 -0.01274554 0.07247162
v -0.05745634 -0.01274554 0.07247162
v -0.07291947 -0.01668897 0.02202807
v -0.05623229 -0.01736658 0.07247051
v -0.05623229 -0.01736658 0.07247051
v -0.07291947 -0.01668897 0.02202807
v -0.07146347 -0.02206812 0.02208084
v -0.05623229 -0.01736658 0.07247051
v -0.07146347 -0.02206812 0.02208084
v -0.05448598 -0.02211279 0.07268605
v -0.06962682 -0.02743342 0.02190733
v -0.05448598 -0.02211279 0.07268605
v -0.06962682 -0.02743342 0.02190733
v -0.05308605 -0.02670726 0.07050424
v -0.05308605 -0.02670726 0.07050424
v -0.06962682 -0.02743342 0.02190733
v -0.06741678 -0.03228168 0.02225246
v -0.06611009 -0.03264019 0.02556657
v -0.01938322 -0.05553570 0.07259272
v -0.02772057 -0.06940816 0.02230484
v -0.02217075 -0.07143000 0.02208869
v -0.01938322 -0.05553570 0.07259272
v -0.02217075 -0.07143000 0.02208869
v -0.01505189 -0.05753802 0.07031860
v -0.01505189 -0.05753802 0.07031860
v -0.02217075 -0.07143000 0.02208869
v -0.01666766 -0.07295229 0.02192422
v -0.01505189 -0.05753802 0.07031860
v -0.01666766 -0.07295229 0.02192422
v -0.00987996 -0.05801666 0.07247897
v -0.00987996 -0.05801666 0.07247897
v -0.01666766 -0.07295229 0.02192422
v -0.01135086 -0.07391275 0.02213723
v -0.00987996 -0.05801666 0.07247897
v -0.01135086 -0.07391275 0.02213723
v -0.00472174 -0.05866879 0.07244631
v -0.00472174 -0.05866879 0.07244631
v -0.01135086 -0.07391275 0.02213723
v -0.00550996 -0.07459780 0.02204867
v -0.00472174 -0.05866879 0.07244631
v -0.00550996 -0.07459780 0.02204867
v 0.00014388 -0.05885343 0.07246727
v 0.00003613 -0.07479274 0.02208329
v 0.00014388 -0.05885343 0.07246727
v 0.00003613 -0.07479274 0.02208329
v 0.00519462 -0.05857224 0.07268675
v 0.00569614 -0.07461946 0.02190672
v 0.00519462 -0.05857224 0.07268675
v 0.00569614 -0.07461946 0.02190672
v 0.01004118 -0.05798823 0.07248522
v 0.01004118 -0.05798823 0.07248522
v 0.00569614 -0.07461946 0.02190672
v 0.01106148 -0.07398358 0.02201456
v 0.03217273 -0.06748074 0.02224189
v 0.03260117 -0.06612493 0.02559615
v 0.02462966 -0.05411960 0.07036192
v 0.03217273 -0.06748074 0.02224189
v 0.02462966 -0.05411960 0.07036192
v 0.02728579 -0.06965988 0.02198252
v 0.01978637 -0.05543079 0.07245441
v 0.02728579 -0.06965988 0.02198252
v 0.01978637 -0.05543079 0.07245441
v 0.02198946 -0.07152767 0.02192600
v 0.02198946 -0.07152767 0.02192600
v 0.01978637 -0.05543079 0.07245441
v 0.01477047 -0.05697149 0.07245530
v 0.02198946 -0.07152767 0.02192600
v 0.01477047 -0.05697149 0.07245530
v 0.01652059 -0.07295466 0.02204019
v 0.01652059 -0.07295466 0.02204019
v 0.01477047 -0.05697149 0.07245530
v 0.01004118 -0.05798823 0.07248522
v 0.01652059 -0.07295466 0.02204019
v 0.01004118 -0.05798823 0.07248522
v 0.01106148 -0.07398358 0.02201456
v 0.05466547 -0.02176837 0.07253198
v 0.06920114 -0.02711006 0.02369343
v 0.05631797 -0.01709219 0.07246283
v 0.07148421 -0.02199642 0.02208717
v 0.05631797 -0.01709219 0.07246283
v 0.07148421 -0.02199642 0.02208717
v 0.05752711 -0.01217855 0.07268733
v 0.07298436 -0.01654726 0.02190621
v 0.05752711 -0.01217855 0.07268733
v 0.07298436 -0.01654726 0.02190621
v 0.05838798 -0.00737065 0.07248508
v 0.05838798 -0.00737065 0.07248508
v 0.07298436 -0.01654726 0.02190621
v 0.07395563 -0.01123549 0.02202259
v 0.05838798 -0.00737065 0.07248508
v 0.07395563 -0.01123549 0.02202259
v 0.07459017 -0.00569149 0.02201527
v 0.05838798 -0.00737065 0.07248508
v 0.07459017 -0.00569149 0.02201527
v 0.05879696 -0.00254084 0.07247170
v 0.05879696 -0.00254084 0.07247170
v 0.07459017 -0.00569149 0.02201527
v 0.07483154 -0.00006318 0.02192561
v 0.05879696 -0.00254084 0.07247170
v 0.07483154 -0.00006318 0.02192561
v 0.05879796 0.00270590 0.07243668
v 0.05879796 0.00270590 0.07243668
v 0.07483154 -0.00006318 0.02192561
v 0.07460246 0.00555961 0.02200207
v 0.05879796 0.00270590 0.07243668
v 0.07460246 0.00555961 0.02200207
v 0.05835636 0.00758400 0.07249897
v 0.05835636 0.00758400 0.07249897
v 0.07460246 0.00555961 0.02200207
v 0.07396704 0.01108259 0.02208335
v 0.05835636 0.00758400 0.07249897
v 0.07396704 0.01108259 0.02208335
v 0.05745259 0.01252963 0.07267900
v 0.05745259 0.01252963 0.07267900
v 0.07396704 0.01108259 0.02208335
v 0.07294749 0.01669710 0.02191716
v 0.05745259 0.01252963 0.07267900
v 0.07294749 0.01669710 0.02191716
v 0.05622561 0.01737650 0.07249716
v 0.07147522 0.02201643 0.02209830
v 0.05622561 0.01737650 0.07249716
v 0.07147522 0.02201643 0.02209830
v 0.05459469 0.02196242 0.07250119
v 0.05459469 0.02196242 0.07250119
v 0.07147522 0.02201643 0.02209830
v 0.06920156 0.02710983 0.02369245
v 0.05459469 0.02196242 0.07250119
v 0.05459469 0.02196242 0.07250119
v 0.06610134 0.03263790 0.02559632
v 0.05303583 0.02684027 0.07044534
v 0.02464168 0.05407965 0.07047713
v 0.03230264 0.06743635 0.02218201
v 0.02740612 0.06961098 0.02199286
v 0.02464168 0.05407965 0.07047713
v 0.02740612 0.06961098 0.02199286
v 0.01962999 0.05547838 0.07248690
v 0.01962999 0.05547838 0.07248690
v 0.02740612 0.06961098 0.02199286
v 0.02211022 0.07149071 0.02192512
v 0.01962999 0.05547838 0.07248690
v 0.02211022 0.07149071 0.02192512
v 0.01461160 0.05702204 0.07241741
v 0.01461160 0.05702204 0.07241741
v 0.02211022 0.07149071 0.02192512
v 0.01665310 0.07292793 0.02202356
v 0.01461160 0.05702204 0.07241741
v 0.01665310 0.07292793 0.02202356
v 0.00983053 0.05802006 0.07249950
v 0.00983053 0.05802006 0.07249950
v 0.01665310 0.07292793 0.02202356
v 0.01120465 0.07395031 0.02207556
v 0.00983053 0.05802006 0.07249950
v 0.01120465 0.07395031 0.02207556
v 0.00483762 0.05860347 0.07268018
v 0.00483762 0.05860347 0.07268018
v 0.01120465 0.07395031 0.02207556
v 0.00554029 0.07462889 0.02191614
v 0.00483762 0.05860347 0.07268018
v 0.00554029 0.07462889 0.02191614
v -0.00004294 0.05885845 0.07244595
v 0.00014376 0.07480111 0.02203456
v -0.00004294 0.05885845 0.07244595
v 0.00014376 0.07480111 0.02203456
v -0.00538768 0.07460095 0.02207230
v -0.00004294 0.05885845 0.07244595
v -0.00538768 0.07460095 0.02207230
v -0.00486520 0.05864631 0.07248628
v -0.00486520 0.05864631 0.07248628
v -0.00538768 0.07460095 0.02207230
v -0.01135935 0.07390237 0.02219298
v -0.00486520 0.05864631 0.07248628
v -0.01135935 0.07390237 0.02219298
v -0.01003250 0.05797594 0.07254322
v -0.01003250 0.05797594 0.07254322
v -0.01135935 0.07390237 0.02219298
v -0.01496849 0.05762264 0.07009957
v -0.01496849 0.05762264 0.07009957
v -0.01135935 0.07390237 0.02219298
v -0.01678317 0.07293211 0.02189909
v -0.01678317 0.07293211 0.02189909
v -0.02200727 0.07149086 0.02203832
v -0.01496849 0.05762264 0.07009957
v -0.01496849 0.05762264 0.07009957
v -0.02200727 0.07149086 0.02203832
v -0.01966295 0.05541791 0.07267641
v -0.01966295 0.05541791 0.07267641
v -0.02200727 0.07149086 0.02203832
v -0.02750931 0.06949622 0.02231379
v -0.01966295 0.05541791 0.07267641
v -0.02750931 0.06949622 0.02231379
v -0.02451279 0.05415276 0.07044666
v -0.02451279 0.05415276 0.07044666
v -0.03263305 0.06611208 0.02557221
v -0.06399155 0.03395256 0.02962500
v -0.06611748 0.03262153 0.02557292
v -0.05461500 0.02188766 0.07254607
v -0.05461500 0.02188766 0.07254607
v -0.06611748 0.03262153 0.02557292
v -0.06690352 0.03232441 0.02373072
v -0.05461500 0.02188766 0.07254607
v -0.06690352 0.03232441 0.02373072
v -0.06968274 0.02728589 0.02191513
v -0.05461500 0.02188766 0.07254607
v -0.06968274 0.02728589 0.02191513
v -0.05629254 0.01718694 0.07244969
v -0.05629254 0.01718694 0.07244969
v -0.06968274 0.02728589 0.02191513
v -0.07143957 0.02217610 0.02202974
v -0.07460878 0.00548985 0.02200370
v -0.05837353 0.00737983 0.07254057
v -0.07397468 0.01128548 0.02192824
v -0.07397468 0.01128548 0.02192824
v -0.05837353 0.00737983 0.07254057
v -0.05750225 0.01249364 0.07250629
v -0.07397468 0.01128548 0.02192824
v -0.05750225 0.01249364 0.07250629
v -0.07289488 0.01678850 0.02203386
v -0.07289488 0.01678850 0.02203386
v -0.05750225 0.01249364 0.07250629
v -0.05629254 0.01718694 0.07244969
v -0.07289488 0.01678850 0.02203386
v -0.05629254 0.01718694 0.07244969
v -0.07143957 0.02217610 0.02202974
v -0.05745634 -0.01274554 0.07247162
v -0.05835417 -0.00755295 0.07253192
v -0.07403531 -0.00629034 0.02374004
v -0.07403531 -0.00629034 0.02374004
v -0.05835417 -0.00755295 0.07253192
v -0.05877548 -0.00246915 0.07259011
v -0.07403531 -0.00629034 0.02374004
v -0.05877548 -0.00246915 0.07259011
v -0.07482964 0.00007265 0.02193418
v -0.07482964 0.00007265 0.02193418
v -0.05877548 -0.00246915 0.07259011
v -0.07460878 0.00548985 0.02200370
v -0.07460878 0.00548985 0.02200370
v -0.05877548 -0.00246915 0.07259011
v -0.05875856 0.00222526 0.07269770
v -0.07460878 0.00548985 0.02200370
v -0.05875856 0.00222526 0.07269770
v -0.05837353 0.00737983 0.07254057
v -0.04776087 -0.03534767 0.07053316
v -0.04716364 -0.03488206 0.07338819
v -0.04995193 -0.03075664 0.07338819
v -0.00502063 0.05776682 0.07991984
v -0.00493079 0.05793242 0.07673483
v -0.00973526 0.05723343 0.07751627
v -0.01441665 0.05622277 0.07771680
v -0.01936939 0.05482065 0.07673483
v -0.01936419 0.05466230 0.07979179
v -0.01936419 0.05466230 0.07979179
v -0.01936939 0.05482065 0.07673483
v -0.02383762 0.05293607 0.07751508
v -0.02820130 0.05066698 0.07988891
v -0.02383762 0.05293607 0.07751508
v -0.02835552 0.05075867 0.07673483
v -0.02820130 0.05066698 0.07988891
v -0.02835552 0.05075867 0.07673483
v -0.03251979 0.04808441 0.07764011
v -0.03995811 0.04204632 0.07943347
v -0.03631372 0.04530768 0.07732884
v -0.04085777 0.04152921 0.07571283
v -0.03995811 0.04204632 0.07943347
v -0.04085777 0.04152921 0.07571283
v -0.04360594 0.03833500 0.07730393
v -0.07459773 -0.01137205 0.01778347
v -0.07528790 -0.00564207 0.00000000
v -0.07465573 -0.01125264 0.00000000
v -0.04360594 0.03833500 0.07730393
v -0.04674590 0.03457307 0.07673483
v -0.04663921 0.03446206 0.07982384
v -0.05385068 0.02166745 0.07767055
v -0.05174457 0.02617913 0.07981834
v -0.05191638 0.02617568 0.07673483
v -0.05191638 0.02617568 0.07673483
v -0.05174457 0.02617913 0.07981834
v -0.04938592 0.03052175 0.07750790
v -0.04674590 0.03457307 0.07673483
v -0.04938592 0.03052175 0.07750790
v -0.04663921 0.03446206 0.07982384
v -0.03641510 -0.04523033 0.07725369
v -0.04014223 -0.04185858 0.07972857
v -0.04090287 -0.04147903 0.07574029
v -0.04090287 -0.04147903 0.07574029
v -0.04014223 -0.04185858 0.07972857
v -0.04372449 -0.03820298 0.07734856
v 0.04015411 -0.04184652 0.07975440
v 0.03620745 -0.04540066 0.07731392
v 0.04085778 -0.04152919 0.07571284
v 0.04015411 -0.04184652 0.07975440
v 0.04085778 -0.04152919 0.07571284
v 0.04367882 -0.03826724 0.07725292
v 0.04956909 0.03020246 0.07762915
v 0.05173323 0.02620092 0.07979302
v 0.05191637 0.02617571 0.07673483
v 0.05191637 0.02617571 0.07673483
v 0.05173323 0.02620092 0.07979302
v 0.05391942 0.02151966 0.07757558
v 0.03666699 0.04503847 0.07713999
v 0.04000061 0.04200452 0.07949593
v 0.04089470 0.04148679 0.07574625
v 0.04089470 0.04148679 0.07574625
v 0.04000061 0.04200452 0.07949593
v 0.04361293 0.03832528 0.07733411
v 0.02420701 0.05275597 0.07765237
v 0.02817678 0.05068014 0.07986378
v 0.02835548 0.05075868 0.07673483
v 0.02835548 0.05075868 0.07673483
v 0.02817678 0.05068014 0.07986378
v 0.03264917 0.04800749 0.07754823
v -0.00493079 0.05793242 0.07673483
v -0.00502063 0.05776682 0.07991984
v 0.00007575 0.05805064 0.07755411
v 0.00501034 0.05784096 0.07749476
v 0.00980186 0.05716499 0.07965669
v 0.00982601 0.05730556 0.07673483
v 0.00982601 0.05730556 0.07673483
v 0.00980186 0.05716499 0.07965669
v 0.01457154 0.05618561 0.07767934
v 0.03666699 0.04503847 0.07713999
v 0.04089470 0.04148679 0.07574625
v 0.04008853 0.04255588 0.07428012
v 0.03666699 0.04503847 0.07713999
v 0.04008853 0.04255588 0.07428012
v 0.03961143 0.04336787 0.07307825
v 0.04330656 0.03963491 0.07324268
v 0.04181636 0.04061221 0.07544555
v 0.04361293 0.03832528 0.07733411
v 0.04181636 0.04061221 0.07544555
v 0.04089470 0.04148679 0.07574625
v 0.04361293 0.03832528 0.07733411
v 0.04465648 0.03915550 0.07059356
v 0.04330656 0.03963491 0.07324268
v 0.04738375 0.03491082 0.07240174
v 0.05061539 0.03117707 0.07042670
v 0.04738375 0.03491082 0.07240174
v 0.04995193 0.03075665 0.07338818
v 0.05459469 0.02196242 0.07250119
v 0.05303583 0.02684027 0.07044534
v 0.05238032 0.02640963 0.07338818
v 0.05238032 0.02640963 0.07338818
v 0.05303583 0.02684027 0.07044534
v 0.04995193 0.03075665 0.07338818
v 0.05061539 0.03117707 0.07042670
v 0.04995195 -0.03075661 0.07338819
v 0.05016981 -0.03160537 0.07093835
v 0.05299637 -0.02684762 0.07055888
v 0.04995195 -0.03075661 0.07338819
v 0.05299637 -0.02684762 0.07055888
v 0.05238034 -0.02640959 0.07338819
v 0.05238034 -0.02640959 0.07338819
v 0.05299637 -0.02684762 0.07055888
v 0.05466547 -0.02176837 0.07253198
v 0.05016981 -0.03160537 0.07093835
v 0.04995195 -0.03075661 0.07338819
v 0.04777550 -0.03541903 0.07033254
v 0.04716366 -0.03488203 0.07338819
v 0.04777550 -0.03541903 0.07033254
v 0.04716366 -0.03488203 0.07338819
v 0.04309346 -0.03978657 0.07341147
v 0.04777550 -0.03541903 0.07033254
v 0.04309346 -0.03978657 0.07341147
v 0.04453369 -0.03913805 0.07097738
v 0.04085778 -0.04152919 0.07571284
v 0.04174824 -0.04066129 0.07556373
v 0.04367882 -0.03826724 0.07725292
v 0.04367882 -0.03826724 0.07725292
v 0.04174824 -0.04066129 0.07556373
v 0.04309346 -0.03978657 0.07341147
v 0.03957370 -0.04342456 0.07297433
v 0.03996791 -0.04272346 0.07403363
v 0.03620745 -0.04540066 0.07731392
v 0.03620745 -0.04540066 0.07731392
v 0.03996791 -0.04272346 0.07403363
v 0.04085778 -0.04152919 0.07571284
v 0.03923974 -0.04439247 0.07099531
v 0.03957370 -0.04342456 0.07297433
v 0.03890620 -0.04571545 0.06859170
v 0.03890620 -0.04571545 0.06859170
v 0.03957370 -0.04342456 0.07297433
v 0.03685232 -0.04564069 0.07338819
v 0.03890620 -0.04571545 0.06859170
v 0.03685232 -0.04564069 0.07338819
v 0.03284895 -0.04860157 0.07338819
v 0.03890620 -0.04571545 0.06859170
v 0.03284895 -0.04860157 0.07338819
v 0.03302440 -0.04933510 0.07070225
v 0.03302440 -0.04933510 0.07070225
v 0.03284895 -0.04860157 0.07338819
v 0.02873677 -0.05126675 0.07283343
v 0.02462966 -0.05411960 0.07036192
v 0.02873677 -0.05126675 0.07283343
v 0.02416274 -0.05345398 0.07338819
v 0.02462966 -0.05411960 0.07036192
v 0.02416274 -0.05345398 0.07338819
v 0.01978637 -0.05543079 0.07245441
v -0.01478138 -0.05676862 0.07338819
v -0.01505189 -0.05753802 0.07031860
v -0.00987996 -0.05801666 0.07247897
v -0.01505189 -0.05753802 0.07031860
v -0.01478138 -0.05676862 0.07338819
v -0.01938322 -0.05553570 0.07259272
v -0.02447166 -0.05413743 0.07056058
v -0.01938322 -0.05553570 0.07259272
v -0.02416271 -0.05345399 0.07338819
v -0.02447166 -0.05413743 0.07056058
v -0.02416271 -0.05345399 0.07338819
v -0.02835513 -0.05157202 0.07244399
v -0.02835513 -0.05157202 0.07244399
v -0.03284892 -0.04860159 0.07338819
v -0.03337487 -0.04911968 0.07063882
v -0.03337487 -0.04911968 0.07063882
v -0.03284892 -0.04860159 0.07338819
v -0.03678072 -0.04581917 0.07294354
v -0.03678072 -0.04581917 0.07294354
v -0.03961190 -0.04336695 0.07307973
v -0.03916895 -0.04464567 0.07056027
v -0.03641510 -0.04523033 0.07725369
v -0.04090287 -0.04147903 0.07574029
v -0.04008853 -0.04255587 0.07428012
v -0.03641510 -0.04523033 0.07725369
v -0.04008853 -0.04255587 0.07428012
v -0.03961190 -0.04336695 0.07307973
v -0.04345923 -0.03956954 0.07282774
v -0.04181368 -0.04061451 0.07544567
v -0.04372449 -0.03820298 0.07734856
v -0.04181368 -0.04061451 0.07544567
v -0.04090287 -0.04147903 0.07574029
v -0.04372449 -0.03820298 0.07734856
v -0.04716364 -0.03488206 0.07338819
v -0.04776087 -0.03534767 0.07053316
v -0.04465861 -0.03915685 0.07056525
v -0.04716364 -0.03488206 0.07338819
v -0.04465861 -0.03915685 0.07056525
v -0.04345923 -0.03956954 0.07282774
v -0.05238032 -0.02640962 0.07338819
v -0.05308605 -0.02670726 0.07050424
v -0.05058346 -0.03120274 0.07048374
v -0.04995193 -0.03075664 0.07338819
v -0.05058346 -0.03120274 0.07048374
v -0.05308605 -0.02670726 0.07050424
v -0.05238032 -0.02640962 0.07338819
v -0.05448598 -0.02211279 0.07268605
v -0.05058990 0.03118866 0.07048794
v -0.05272209 0.02614014 0.07247611
v -0.04995195 0.03075662 0.07338818
v -0.05058990 0.03118866 0.07048794
v -0.04995195 0.03075662 0.07338818
v -0.04716366 0.03488203 0.07338818
v -0.04776666 0.03533536 0.07054383
v -0.04310368 0.03978126 0.07338261
v -0.04453323 0.03913810 0.07097847
v -0.04716366 0.03488203 0.07338818
v -0.04716366 0.03488203 0.07338818
v -0.04453323 0.03913810 0.07097847
v -0.04776666 0.03533536 0.07054383
v -0.04085777 0.04152921 0.07571283
v -0.04174805 0.04066143 0.07556397
v -0.04360594 0.03833500 0.07730393
v -0.04360594 0.03833500 0.07730393
v -0.04174805 0.04066143 0.07556397
v -0.04310368 0.03978126 0.07338261
v -0.03957384 0.04342434 0.07297459
v -0.03996791 0.04272346 0.07403363
v -0.03631372 0.04530768 0.07732884
v -0.03631372 0.04530768 0.07732884
v -0.03996791 0.04272346 0.07403363
v -0.04085777 0.04152921 0.07571283
v -0.03923977 0.04439237 0.07099553
v -0.03957384 0.04342434 0.07297459
v -0.03679882 0.04584183 0.07277000
v -0.03344714 0.04913027 0.07045650
v -0.03679882 0.04584183 0.07277000
v -0.03284895 0.04860157 0.07338818
v -0.03344714 0.04913027 0.07045650
v -0.03284895 0.04860157 0.07338818
v -0.02860892 0.05121228 0.07338818
v -0.03344714 0.04913027 0.07045650
v -0.02860892 0.05121228 0.07338818
v -0.02898166 0.05186780 0.07054582
v -0.02898166 0.05186780 0.07054582
v -0.02860892 0.05121228 0.07338818
v -0.02416274 0.05345398 0.07338818
v -0.02451279 0.05415276 0.07044666
v -0.02451279 0.05415276 0.07044666
v -0.02416274 0.05345398 0.07338818
v -0.01966295 0.05541791 0.07267641
v -0.01496849 0.05762264 0.07009957
v -0.01966295 0.05541791 0.07267641
v -0.01478142 0.05676862 0.07338818
v -0.01496849 0.05762264 0.07009957
v -0.01478142 0.05676862 0.07338818
v -0.01003250 0.05797594 0.07254322
v 0.01962999 0.05547838 0.07248690
v 0.02416271 0.05345400 0.07338818
v 0.02464168 0.05407965 0.07047713
v 0.02464168 0.05407965 0.07047713
v 0.02416271 0.05345400 0.07338818
v 0.02839735 0.05154436 0.07245946
v 0.03337849 0.04921848 0.07035317
v 0.02839735 0.05154436 0.07245946
v 0.03284892 0.04860159 0.07338818
v 0.03337849 0.04921848 0.07035317
v 0.03284892 0.04860159 0.07338818
v 0.03737760 0.04630997 0.07018504
v 0.03737760 0.04630997 0.07018504
v 0.03284892 0.04860159 0.07338818
v 0.03685229 0.04564072 0.07338818
v 0.03737760 0.04630997 0.07018504
v 0.03685229 0.04564072 0.07338818
v 0.03961143 0.04336787 0.07307825
v 0.03916884 0.04464615 0.07055921
v 0.04330656 0.03963491 0.07324268
v 0.04361293 0.03832528 0.07733411
v 0.04680554 0.03433829 0.07762554
v 0.04330656 0.03963491 0.07324268
v 0.04680554 0.03433829 0.07762554
v 0.04738375 0.03491082 0.07240174
v 0.04738375 0.03491082 0.07240174
v 0.04680554 0.03433829 0.07762554
v 0.04956909 0.03020246 0.07762915
v 0.04738375 0.03491082 0.07240174
v 0.04956909 0.03020246 0.07762915
v 0.04995193 0.03075665 0.07338818
v 0.04995193 0.03075665 0.07338818
v 0.04956909 0.03020246 0.07762915
v 0.05191637 0.02617571 0.07673483
v 0.04995193 0.03075665 0.07338818
v 0.05191637 0.02617571 0.07673483
v 0.05238032 0.02640963 0.07338818
v 0.05238032 0.02640963 0.07338818
v 0.05191637 0.02617571 0.07673483
v 0.05391942 0.02151966 0.07757558
v 0.05238032 0.02640963 0.07338818
v 0.05391942 0.02151966 0.07757558
v 0.05459469 0.02196242 0.07250119
v 0.05459469 0.02196242 0.07250119
v 0.05391942 0.02151966 0.07757558
v 0.05563782 0.01662259 0.07743234
v 0.05459469 0.02196242 0.07250119
v 0.05563782 0.01662259 0.07743234
v 0.05622561 0.01737650 0.07249716
v 0.05622561 0.01737650 0.07249716
v 0.05563782 0.01662259 0.07743234
v 0.05677116 0.01209927 0.07770570
v 0.05745259 0.01252963 0.07267900
v 0.05745259 0.01252963 0.07267900
v 0.05677116 0.01209927 0.07770570
v 0.05760577 0.00723516 0.07753873
v 0.05745259 0.01252963 0.07267900
v 0.05760577 0.00723516 0.07753873
v 0.05835636 0.00758400 0.07249897
v 0.05835636 0.00758400 0.07249897
v 0.05760577 0.00723516 0.07753873
v 0.05803032 0.00211291 0.07741503
v 0.05835636 0.00758400 0.07249897
v 0.05803032 0.00211291 0.07741503
v 0.05879796 0.00270590 0.07243668
v 0.05879796 0.00270590 0.07243668
v 0.05803032 0.00211291 0.07741503
v 0.05799343 -0.00254687 0.07765720
v 0.05879696 -0.00254084 0.07247170
v 0.05879696 -0.00254084 0.07247170
v 0.05799343 -0.00254687 0.07765720
v 0.05758948 -0.00726187 0.07765853
v 0.05838798 -0.00737065 0.07248508
v 0.05838798 -0.00737065 0.07248508
v 0.05758948 -0.00726187 0.07765853
v 0.05672292 -0.01235826 0.07758807
v 0.05752711 -0.01217855 0.07268733
v 0.05752711 -0.01217855 0.07268733
v 0.05672292 -0.01235826 0.07758807
v 0.05542494 -0.01731195 0.07743855
v 0.05752711 -0.01217855 0.07268733
v 0.05542494 -0.01731195 0.07743855
v 0.05631797 -0.01709219 0.07246283
v 0.05631797 -0.01709219 0.07246283
v 0.05542494 -0.01731195 0.07743855
v 0.05376570 -0.02190643 0.07760921
v 0.05631797 -0.01709219 0.07246283
v 0.05376570 -0.02190643 0.07760921
v 0.05466547 -0.02176837 0.07253198
v 0.05466547 -0.02176837 0.07253198
v 0.05376570 -0.02190643 0.07760921
v 0.05173910 -0.02632527 0.07760886
v 0.05466547 -0.02176837 0.07253198
v 0.05173910 -0.02632527 0.07760886
v 0.05238034 -0.02640959 0.07338819
v 0.05238034 -0.02640959 0.07338819
v 0.05173910 -0.02632527 0.07760886
v 0.04929562 -0.03068601 0.07742691
v 0.05238034 -0.02640959 0.07338819
v 0.04929562 -0.03068601 0.07742691
v 0.04995195 -0.03075661 0.07338819
v 0.04995195 -0.03075661 0.07338819
v 0.04929562 -0.03068601 0.07742691
v 0.04661855 -0.03458578 0.07767322
v 0.04716366 -0.03488203 0.07338819
v 0.04716366 -0.03488203 0.07338819
v 0.04661855 -0.03458578 0.07767322
v 0.04367882 -0.03826724 0.07725292
v 0.04716366 -0.03488203 0.07338819
v 0.04367882 -0.03826724 0.07725292
v 0.04309346 -0.03978657 0.07341147
v 0.03957370 -0.04342456 0.07297433
v 0.03620745 -0.04540066 0.07731392
v 0.03685232 -0.04564069 0.07338819
v 0.03685232 -0.04564069 0.07338819
v 0.03620745 -0.04540066 0.07731392
v 0.03231887 -0.04822674 0.07762212
v 0.03685232 -0.04564069 0.07338819
v 0.03231887 -0.04822674 0.07762212
v 0.03284895 -0.04860157 0.07338819
v 0.03284895 -0.04860157 0.07338819
v 0.03231887 -0.04822674 0.07762212
v 0.02816910 -0.05075552 0.07763934
v 0.03284895 -0.04860157 0.07338819
v 0.02816910 -0.05075552 0.07763934
v 0.02873677 -0.05126675 0.07283343
v 0.02873677 -0.05126675 0.07283343
v 0.02816910 -0.05075552 0.07763934
v 0.02371251 -0.05300164 0.07743776
v 0.02416274 -0.05345398 0.07338819
v 0.02416274 -0.05345398 0.07338819
v 0.02371251 -0.05300164 0.07743776
v 0.01915635 -0.05480352 0.07760746
v 0.02416274 -0.05345398 0.07338819
v 0.01915635 -0.05480352 0.07760746
v 0.01978637 -0.05543079 0.07245441
v 0.01978637 -0.05543079 0.07245441
v 0.01915635 -0.05480352 0.07760746
v 0.01448333 -0.05621245 0.07764173
v 0.01978637 -0.05543079 0.07245441
v 0.01448333 -0.05621245 0.07764173
v 0.01477047 -0.05697149 0.07245530
v 0.01477047 -0.05697149 0.07245530
v 0.01448333 -0.05621245 0.07764173
v 0.00961744 -0.05726181 0.07743863
v 0.01477047 -0.05697149 0.07245530
v 0.00961744 -0.05726181 0.07743863
v 0.01004118 -0.05798823 0.07248522
v 0.01004118 -0.05798823 0.07248522
v 0.00961744 -0.05726181 0.07743863
v 0.00475274 -0.05785951 0.07760912
v 0.01004118 -0.05798823 0.07248522
v 0.00475274 -0.05785951 0.07760912
v 0.00519462 -0.05857224 0.07268675
v 0.00519462 -0.05857224 0.07268675
v 0.00475274 -0.05785951 0.07760912
v -0.00018457 -0.05806301 0.07744254
v 0.00519462 -0.05857224 0.07268675
v -0.00018457 -0.05806301 0.07744254
v 0.00014388 -0.05885343 0.07246727
v 0.00014388 -0.05885343 0.07246727
v -0.00018457 -0.05806301 0.07744254
v -0.00505175 -0.05782701 0.07765530
v 0.00014388 -0.05885343 0.07246727
v -0.00505175 -0.05782701 0.07765530
v -0.00472174 -0.05866879 0.07244631
v -0.00472174 -0.05866879 0.07244631
v -0.00505175 -0.05782701 0.07765530
v -0.00998118 -0.05719853 0.07744551
v -0.00472174 -0.05866879 0.07244631
v -0.00998118 -0.05719853 0.07744551
v -0.00987996 -0.05801666 0.07247897
v -0.00987996 -0.05801666 0.07247897
v -0.00998118 -0.05719853 0.07744551
v -0.01476679 -0.05614360 0.07761705
v -0.00987996 -0.05801666 0.07247897
v -0.01476679 -0.05614360 0.07761705
v -0.01478138 -0.05676862 0.07338819
v -0.01478138 -0.05676862 0.07338819
v -0.01476679 -0.05614360 0.07761705
v -0.01944657 -0.05469181 0.07766843
v -0.01478138 -0.05676862 0.07338819
v -0.01944657 -0.05469181 0.07766843
v -0.01938322 -0.05553570 0.07259272
v -0.01938322 -0.05553570 0.07259272
v -0.01944657 -0.05469181 0.07766843
v -0.02405669 -0.05284381 0.07745301
v -0.02416271 -0.05345399 0.07338819
v -0.02416271 -0.05345399 0.07338819
v -0.02405669 -0.05284381 0.07745301
v -0.02842299 -0.05061714 0.07763259
v -0.02416271 -0.05345399 0.07338819
v -0.02842299 -0.05061714 0.07763259
v -0.02835513 -0.05157202 0.07244399
v -0.02835513 -0.05157202 0.07244399
v -0.02842299 -0.05061714 0.07763259
v -0.03258178 -0.04803705 0.07769241
v -0.02835513 -0.05157202 0.07244399
v -0.03258178 -0.04803705 0.07769241
v -0.03284892 -0.04860159 0.07338819
v -0.03284892 -0.04860159 0.07338819
v -0.03258178 -0.04803705 0.07769241
v -0.03641510 -0.04523033 0.07725369
v -0.03284892 -0.04860159 0.07338819
v -0.03641510 -0.04523033 0.07725369
v -0.03678072 -0.04581917 0.07294354
v -0.03678072 -0.04581917 0.07294354
v -0.03641510 -0.04523033 0.07725369
v -0.03961190 -0.04336695 0.07307973
v -0.04345923 -0.03956954 0.07282774
v -0.04372449 -0.03820298 0.07734856
v -0.04673247 -0.03442929 0.07767985
v -0.04716364 -0.03488206 0.07338819
v -0.04716364 -0.03488206 0.07338819
v -0.04673247 -0.03442929 0.07767985
v -0.04950189 -0.03034161 0.07746260
v -0.04716364 -0.03488206 0.07338819
v -0.04950189 -0.03034161 0.07746260
v -0.04995193 -0.03075664 0.07338819
v -0.04995193 -0.03075664 0.07338819
v -0.04950189 -0.03034161 0.07746260
v -0.05186960 -0.02606507 0.07763483
v -0.05238032 -0.02640962 0.07338819
v -0.05238032 -0.02640962 0.07338819
v -0.05186960 -0.02606507 0.07763483
v -0.05388751 -0.02156677 0.07771130
v -0.05238032 -0.02640962 0.07338819
v -0.05388751 -0.02156677 0.07771130
v -0.05448598 -0.02211279 0.07268605
v -0.05448598 -0.02211279 0.07268605
v -0.05388751 -0.02156677 0.07771130
v -0.05554852 -0.01688724 0.07748409
v -0.05448598 -0.02211279 0.07268605
v -0.05554852 -0.01688724 0.07748409
v -0.05623229 -0.01736658 0.07247051
v -0.05623229 -0.01736658 0.07247051
v -0.05554852 -0.01688724 0.07748409
v -0.05675896 -0.01215669 0.07767868
v -0.05623229 -0.01736658 0.07247051
v -0.05675896 -0.01215669 0.07767868
v -0.05745634 -0.01274554 0.07247162
v -0.05745634 -0.01274554 0.07247162
v -0.05675896 -0.01215669 0.07767868
v -0.05760501 -0.00712144 0.07769826
v -0.05745634 -0.01274554 0.07247162
v -0.05760501 -0.00712144 0.07769826
v -0.05835417 -0.00755295 0.07253192
v -0.05835417 -0.00755295 0.07253192
v -0.05760501 -0.00712144 0.07769826
v -0.05799579 -0.00238619 0.07766612
v -0.05835417 -0.00755295 0.07253192
v -0.05799579 -0.00238619 0.07766612
v -0.05877548 -0.00246915 0.07259011
v -0.05877548 -0.00246915 0.07259011
v -0.05799579 -0.00238619 0.07766612
v -0.05801226 0.00246560 0.07744453
v -0.05877548 -0.00246915 0.07259011
v -0.05801226 0.00246560 0.07744453
v -0.05875856 0.00222526 0.07269770
v -0.05875856 0.00222526 0.07269770
v -0.05801226 0.00246560 0.07744453
v -0.05757792 0.00739998 0.07761589
v -0.05875856 0.00222526 0.07269770
v -0.05757792 0.00739998 0.07761589
v -0.05837353 0.00737983 0.07254057
v -0.05837353 0.00737983 0.07254057
v -0.05757792 0.00739998 0.07761589
v -0.05672063 0.01232012 0.07771439
v -0.05750225 0.01249364 0.07250629
v -0.05750225 0.01249364 0.07250629
v -0.05672063 0.01232012 0.07771439
v -0.05548454 0.01709255 0.07749442
v -0.05750225 0.01249364 0.07250629
v -0.05548454 0.01709255 0.07749442
v -0.05629254 0.01718694 0.07244969
v -0.05629254 0.01718694 0.07244969
v -0.05548454 0.01709255 0.07749442
v -0.05385068 0.02166745 0.07767055
v -0.05629254 0.01718694 0.07244969
v -0.05385068 0.02166745 0.07767055
v -0.05461500 0.02188766 0.07254607
v -0.05461500 0.02188766 0.07254607
v -0.05385068 0.02166745 0.07767055
v -0.05191638 0.02617568 0.07673483
v -0.05461500 0.02188766 0.07254607
v -0.05191638 0.02617568 0.07673483
v -0.05272209 0.02614014 0.07247611
v -0.05272209 0.02614014 0.07247611
v -0.05191638 0.02617568 0.07673483
v -0.04938592 0.03052175 0.07750790
v -0.05272209 0.02614014 0.07247611
v -0.04938592 0.03052175 0.07750790
v -0.04995195 0.03075662 0.07338818
v -0.04995195 0.03075662 0.07338818
v -0.04938592 0.03052175 0.07750790
v -0.04674590 0.03457307 0.07673483
v -0.04995195 0.03075662 0.07338818
v -0.04674590 0.03457307 0.07673483
v -0.04716366 0.03488203 0.07338818
v -0.04716366 0.03488203 0.07338818
v -0.04674590 0.03457307 0.07673483
v -0.04360594 0.03833500 0.07730393
v -0.04716366 0.03488203 0.07338818
v -0.04360594 0.03833500 0.07730393
v -0.04310368 0.03978126 0.07338261
v -0.03957384 0.04342434 0.07297459
v -0.03631372 0.04530768 0.07732884
v -0.03679882 0.04584183 0.07277000
v -0.03679882 0.04584183 0.07277000
v -0.03631372 0.04530768 0.07732884
v -0.03251979 0.04808441 0.07764011
v -0.03679882 0.04584183 0.07277000
v -0.03251979 0.04808441 0.07764011
v -0.03284895 0.04860157 0.07338818
v -0.03284895 0.04860157 0.07338818
v -0.03251979 0.04808441 0.07764011
v -0.02835552 0.05075867 0.07673483
v -0.03284895 0.04860157 0.07338818
v -0.02835552 0.05075867 0.07673483
v -0.02860892 0.05121228 0.07338818
v -0.02860892 0.05121228 0.07338818
v -0.02835552 0.05075867 0.07673483
v -0.02383762 0.05293607 0.07751508
v -0.02416274 0.05345398 0.07338818
v -0.02416274 0.05345398 0.07338818
v -0.02383762 0.05293607 0.07751508
v -0.01936939 0.05482065 0.07673483
v -0.02416274 0.05345398 0.07338818
v -0.01936939 0.05482065 0.07673483
v -0.01966295 0.05541791 0.07267641
v -0.01966295 0.05541791 0.07267641
v -0.01936939 0.05482065 0.07673483
v -0.01441665 0.05622277 0.07771680
v -0.01966295 0.05541791 0.07267641
v -0.01441665 0.05622277 0.07771680
v -0.01478142 0.05676862 0.07338818
v -0.01478142 0.05676862 0.07338818
v -0.01441665 0.05622277 0.07771680
v -0.00973526 0.05723343 0.07751627
v -0.01478142 0.05676862 0.07338818
v -0.00973526 0.05723343 0.07751627
v -0.01003250 0.05797594 0.07254322
v -0.01003250 0.05797594 0.07254322
v -0.00973526 0.05723343 0.07751627
v -0.00493079 0.05793242 0.07673483
v -0.01003250 0.05797594 0.07254322
v -0.00493079 0.05793242 0.07673483
v -0.00486520 0.05864631 0.07248628
v -0.00486520 0.05864631 0.07248628
v -0.00493079 0.05793242 0.07673483
v 0.00007575 0.05805064 0.07755411
v -0.00486520 0.05864631 0.07248628
v 0.00007575 0.05805064 0.07755411
v -0.00004294 0.05885845 0.07244595
v -0.00004294 0.05885845 0.07244595
v 0.00007575 0.05805064 0.07755411
v 0.00501034 0.05784096 0.07749476
v -0.00004294 0.05885845 0.07244595
v 0.00501034 0.05784096 0.07749476
v 0.00483762 0.05860347 0.07268018
v 0.00483762 0.05860347 0.07268018
v 0.00501034 0.05784096 0.07749476
v 0.00982601 0.05730556 0.07673483
v 0.00483762 0.05860347 0.07268018
v 0.00982601 0.05730556 0.07673483
v 0.00983053 0.05802006 0.07249950
v 0.00983053 0.05802006 0.07249950
v 0.00982601 0.05730556 0.07673483
v 0.01457154 0.05618561 0.07767934
v 0.01461160 0.05702204 0.07241741
v 0.01461160 0.05702204 0.07241741
v 0.01457154 0.05618561 0.07767934
v 0.01947956 0.05468674 0.07760743
v 0.01962999 0.05547838 0.07248690
v 0.01962999 0.05547838 0.07248690
v 0.01947956 0.05468674 0.07760743
v 0.02420701 0.05275597 0.07765237
v 0.01962999 0.05547838 0.07248690
v 0.02420701 0.05275597 0.07765237
v 0.02416271 0.05345400 0.07338818
v 0.02416271 0.05345400 0.07338818
v 0.02420701 0.05275597 0.07765237
v 0.02835548 0.05075868 0.07673483
v 0.02416271 0.05345400 0.07338818
v 0.02835548 0.05075868 0.07673483
v 0.02839735 0.05154436 0.07245946
v 0.02839735 0.05154436 0.07245946
v 0.02835548 0.05075868 0.07673483
v 0.03264917 0.04800749 0.07754823
v 0.02839735 0.05154436 0.07245946
v 0.03264917 0.04800749 0.07754823
v 0.03284892 0.04860159 0.07338818
v 0.03284892 0.04860159 0.07338818
v 0.03264917 0.04800749 0.07754823
v 0.03666699 0.04503847 0.07713999
v 0.03284892 0.04860159 0.07338818
v 0.03666699 0.04503847 0.07713999
v 0.03685229 0.04564072 0.07338818
v 0.03685229 0.04564072 0.07338818
v 0.03666699 0.04503847 0.07713999
v 0.03961143 0.04336787 0.07307825
v 0.04956909 0.03020246 0.07762915
v 0.04680554 0.03433829 0.07762554
v 0.04846894 0.03184121 0.08475880
v 0.00743234 0.05751009 0.08478289
v 0.00980186 0.05716499 0.07965669
v 0.00501034 0.05784096 0.07749476
v 0.00743234 0.05751009 0.08478289
v 0.00501034 0.05784096 0.07749476
v 0.00246958 0.05793715 0.08478085
v 0.00246958 0.05793715 0.08478085
v 0.00501034 0.05784096 0.07749476
v 0.00007575 0.05805064 0.07755411
v 0.02420701 0.05275597 0.07765237
v 0.01947956 0.05468674 0.07760743
v 0.02186388 0.05370410 0.08478935
v 0.02186388 0.05370410 0.08478935
v 0.01947956 0.05468674 0.07760743
v 0.01720292 0.05537184 0.08480132
v 0.01720292 0.05537184 0.08480132
v 0.01947956 0.05468674 0.07760743
v 0.01457154 0.05618561 0.07767934
v 0.01720292 0.05537184 0.08480132
v 0.01457154 0.05618561 0.07767934
v 0.01240798 0.05664308 0.08478649
v 0.01240798 0.05664308 0.08478649
v 0.01457154 0.05618561 0.07767934
v 0.00980186 0.05716499 0.07965669
v 0.01240798 0.05664308 0.08478649
v 0.00980186 0.05716499 0.07965669
v 0.00743234 0.05751009 0.08478289
v 0.02420701 0.05275597 0.07765237
v 0.02186388 0.05370410 0.08478935
v 0.02645289 0.05160384 0.08478227
v 0.02420701 0.05275597 0.07765237
v 0.02645289 0.05160384 0.08478227
v 0.02817678 0.05068014 0.07986378
v 0.02817678 0.05068014 0.07986378
v 0.02645289 0.05160384 0.08478227
v 0.03077105 0.04914391 0.08480132
v 0.02817678 0.05068014 0.07986378
v 0.03077105 0.04914391 0.08480132
v 0.03264917 0.04800749 0.07754823
v 0.03264917 0.04800749 0.07754823
v 0.03077105 0.04914391 0.08480132
v 0.03487346 0.04632246 0.08479243
v 0.03264917 0.04800749 0.07754823
v 0.03487346 0.04632246 0.08479243
v 0.03666699 0.04503847 0.07713999
v 0.03666699 0.04503847 0.07713999
v 0.03487346 0.04632246 0.08479243
v 0.04000061 0.04200452 0.07949593
v 0.04000061 0.04200452 0.07949593
v 0.03487346 0.04632246 0.08479243
v 0.03871759 0.04317077 0.08478134
v 0.04846894 0.03184121 0.08475880
v 0.04680554 0.03433829 0.07762554
v 0.04556328 0.03586203 0.08480014
v 0.04000061 0.04200452 0.07949593
v 0.03871759 0.04317077 0.08478134
v 0.04233542 0.03961735 0.08480309
v 0.04000061 0.04200452 0.07949593
v 0.04233542 0.03961735 0.08480309
v 0.04361293 0.03832528 0.07733411
v 0.04361293 0.03832528 0.07733411
v 0.04233542 0.03961735 0.08480309
v 0.04556328 0.03586203 0.08480014
v 0.04361293 0.03832528 0.07733411
v 0.04556328 0.03586203 0.08480014
v 0.04680554 0.03433829 0.07762554
v 0.04956909 0.03020246 0.07762915
v 0.04846894 0.03184121 0.08475880
v 0.05104374 0.02750799 0.08479967
v 0.04956909 0.03020246 0.07762915
v 0.05104374 0.02750799 0.08479967
v 0.05173323 0.02620092 0.07979302
v 0.05173323 0.02620092 0.07979302
v 0.05104374 0.02750799 0.08479967
v 0.05320449 0.02306288 0.08478337
v 0.05173323 0.02620092 0.07979302
v 0.05320449 0.02306288 0.08478337
v 0.05391942 0.02151966 0.07757558
v 0.05391942 0.02151966 0.07757558
v 0.05320449 0.02306288 0.08478337
v 0.05498958 0.01839458 0.08478877
v 0.05677116 0.01209927 0.07770570
v 0.05734938 0.00862325 0.08477451
v 0.05760577 0.00723516 0.07753873
v 0.05391942 0.02151966 0.07757558
v 0.05498958 0.01839458 0.08478877
v 0.05563782 0.01662259 0.07743234
v 0.05563782 0.01662259 0.07743234
v 0.05498958 0.01839458 0.08478877
v 0.05677116 0.01209927 0.07770570
v 0.05677116 0.01209927 0.07770570
v 0.05498958 0.01839458 0.08478877
v 0.05636564 0.01362758 0.08478095
v 0.05677116 0.01209927 0.07770570
v 0.05636564 0.01362758 0.08478095
v 0.05734938 0.00862325 0.08477451
v 0.05760577 0.00723516 0.07753873
v 0.05734938 0.00862325 0.08477451
v 0.05803032 0.00211291 0.07741503
v 0.05803032 0.00211291 0.07741503
v 0.05734938 0.00862325 0.08477451
v 0.05786287 0.00372479 0.08480126
v 0.05803032 0.00211291 0.07741503
v 0.05786287 0.00372479 0.08480126
v 0.05799343 -0.00254687 0.07765720
v 0.05799343 -0.00254687 0.07765720
v 0.05786287 0.00372479 0.08480126
v 0.05797550 -0.00122060 0.08478296
v 0.05799343 -0.00254687 0.07765720
v 0.05797550 -0.00122060 0.08478296
v 0.05764886 -0.00625695 0.08478458
v 0.05799343 -0.00254687 0.07765720
v 0.05764886 -0.00625695 0.08478458
v 0.05758948 -0.00726187 0.07765853
v 0.05758948 -0.00726187 0.07765853
v 0.05764886 -0.00625695 0.08478458
v 0.05689808 -0.01116756 0.08480003
v 0.05758948 -0.00726187 0.07765853
v 0.05689808 -0.01116756 0.08480003
v 0.05672292 -0.01235826 0.07758807
v 0.04394036 -0.03783871 0.08479582
v 0.04367882 -0.03826724 0.07725292
v 0.04661855 -0.03458578 0.07767322
v 0.05672292 -0.01235826 0.07758807
v 0.05689808 -0.01116756 0.08480003
v 0.05573747 -0.01601607 0.08475726
v 0.05672292 -0.01235826 0.07758807
v 0.05573747 -0.01601607 0.08475726
v 0.05542494 -0.01731195 0.07743855
v 0.05542494 -0.01731195 0.07743855
v 0.05573747 -0.01601607 0.08475726
v 0.05376570 -0.02190643 0.07760921
v 0.05376570 -0.02190643 0.07760921
v 0.05573747 -0.01601607 0.08475726
v 0.05416038 -0.02072582 0.08477953
v 0.05376570 -0.02190643 0.07760921
v 0.05416038 -0.02072582 0.08477953
v 0.05173910 -0.02632527 0.07760886
v 0.05173910 -0.02632527 0.07760886
v 0.05416038 -0.02072582 0.08477953
v 0.05213882 -0.02537733 0.08479642
v 0.05173910 -0.02632527 0.07760886
v 0.05213882 -0.02537733 0.08479642
v 0.04929562 -0.03068601 0.07742691
v 0.04929562 -0.03068601 0.07742691
v 0.05213882 -0.02537733 0.08479642
v 0.04979638 -0.02971436 0.08478327
v 0.04929562 -0.03068601 0.07742691
v 0.04979638 -0.02971436 0.08478327
v 0.04661855 -0.03458578 0.07767322
v 0.04661855 -0.03458578 0.07767322
v 0.04979638 -0.02971436 0.08478327
v 0.04707626 -0.03386072 0.08478198
v 0.04661855 -0.03458578 0.07767322
v 0.04707626 -0.03386072 0.08478198
v 0.04394036 -0.03783871 0.08479582
v 0.00246958 0.05793715 0.08478085
v 0.00007575 0.05805064 0.07755411
v -0.00250207 0.05793405 0.08478339
v -0.00250207 0.05793405 0.08478339
v 0.00007575 0.05805064 0.07755411
v -0.00502063 0.05776682 0.07991984
v -0.00250207 0.05793405 0.08478339
v -0.00502063 0.05776682 0.07991984
v -0.00745681 0.05751084 0.08476724
v -0.00745681 0.05751084 0.08476724
v -0.00502063 0.05776682 0.07991984
v -0.00973526 0.05723343 0.07751627
v -0.00745681 0.05751084 0.08476724
v -0.00973526 0.05723343 0.07751627
v -0.01241520 0.05664389 0.08477429
v -0.01241520 0.05664389 0.08477429
v -0.00973526 0.05723343 0.07751627
v -0.01441665 0.05622277 0.07771680
v -0.01241520 0.05664389 0.08477429
v -0.01441665 0.05622277 0.07771680
v -0.01720295 0.05537183 0.08480132
v -0.01720295 0.05537183 0.08480132
v -0.01441665 0.05622277 0.07771680
v -0.01936419 0.05466230 0.07979179
v -0.01720295 0.05537183 0.08480132
v -0.01936419 0.05466230 0.07979179
v -0.02186791 0.05370140 0.08480078
v -0.02186791 0.05370140 0.08480078
v -0.01936419 0.05466230 0.07979179
v -0.02383762 0.05293607 0.07751508
v -0.02186791 0.05370140 0.08480078
v -0.02383762 0.05293607 0.07751508
v -0.02646466 0.05159771 0.08478228
v -0.02646466 0.05159771 0.08478228
v -0.02383762 0.05293607 0.07751508
v -0.02820130 0.05066698 0.07988891
v -0.02646466 0.05159771 0.08478228
v -0.02820130 0.05066698 0.07988891
v -0.03078083 0.04914423 0.08478337
v -0.03078083 0.04914423 0.08478337
v -0.02820130 0.05066698 0.07988891
v -0.03251979 0.04808441 0.07764011
v -0.03078083 0.04914423 0.08478337
v -0.03251979 0.04808441 0.07764011
v -0.03487013 0.04632920 0.08478746
v -0.03487013 0.04632920 0.08478746
v -0.03251979 0.04808441 0.07764011
v -0.03631372 0.04530768 0.07732884
v -0.03487013 0.04632920 0.08478746
v -0.03631372 0.04530768 0.07732884
v -0.03873006 0.04316026 0.08478075
v -0.03873006 0.04316026 0.08478075
v -0.03631372 0.04530768 0.07732884
v -0.03995811 0.04204632 0.07943347
v -0.03873006 0.04316026 0.08478075
v -0.03995811 0.04204632 0.07943347
v -0.04233810 0.03961997 0.08478809
v -0.04233810 0.03961997 0.08478809
v -0.03995811 0.04204632 0.07943347
v -0.04360594 0.03833500 0.07730393
v -0.04233810 0.03961997 0.08478809
v -0.04360594 0.03833500 0.07730393
v -0.04556114 0.03587196 0.08478339
v -0.04556114 0.03587196 0.08478339
v -0.04360594 0.03833500 0.07730393
v -0.04663921 0.03446206 0.07982384
v -0.04556114 0.03587196 0.08478339
v -0.04663921 0.03446206 0.07982384
v -0.04845211 0.03185168 0.08479984
v -0.04845211 0.03185168 0.08479984
v -0.04663921 0.03446206 0.07982384
v -0.04938592 0.03052175 0.07750790
v -0.04845211 0.03185168 0.08479984
v -0.04938592 0.03052175 0.07750790
v -0.05104376 0.02750798 0.08479968
v -0.05104376 0.02750798 0.08479968
v -0.04938592 0.03052175 0.07750790
v -0.05174457 0.02617913 0.07981834
v -0.05104376 0.02750798 0.08479968
v -0.05174457 0.02617913 0.07981834
v -0.05321041 0.02304927 0.08478337
v -0.05321041 0.02304927 0.08478337
v -0.05174457 0.02617913 0.07981834
v -0.05385068 0.02166745 0.07767055
v -0.05321041 0.02304927 0.08478337
v -0.05385068 0.02166745 0.07767055
v -0.05498858 0.01840493 0.08478527
v -0.05498858 0.01840493 0.08478527
v -0.05385068 0.02166745 0.07767055
v -0.05548454 0.01709255 0.07749442
v -0.05498858 0.01840493 0.08478527
v -0.05548454 0.01709255 0.07749442
v -0.05636959 0.01361357 0.08478027
v -0.05636959 0.01361357 0.08478027
v -0.05548454 0.01709255 0.07749442
v -0.05672063 0.01232012 0.07771439
v -0.05636959 0.01361357 0.08478027
v -0.05672063 0.01232012 0.07771439
v -0.05734465 0.00864140 0.08477715
v -0.05734465 0.00864140 0.08477715
v -0.05672063 0.01232012 0.07771439
v -0.05757792 0.00739998 0.07761589
v -0.05734465 0.00864140 0.08477715
v -0.05757792 0.00739998 0.07761589
v -0.05786747 0.00373811 0.08478335
v -0.05786747 0.00373811 0.08478335
v -0.05757792 0.00739998 0.07761589
v -0.05801226 0.00246560 0.07744453
v -0.05786747 0.00373811 0.08478335
v -0.05801226 0.00246560 0.07744453
v -0.05797584 -0.00123375 0.08478217
v -0.05797584 -0.00123375 0.08478217
v -0.05801226 0.00246560 0.07744453
v -0.05799579 -0.00238619 0.07766612
v -0.05797584 -0.00123375 0.08478217
v -0.05799579 -0.00238619 0.07766612
v -0.05764751 -0.00626906 0.08478443
v -0.05764751 -0.00626906 0.08478443
v -0.05799579 -0.00238619 0.07766612
v -0.05760501 -0.00712144 0.07769826
v -0.05764751 -0.00626906 0.08478443
v -0.05760501 -0.00712144 0.07769826
v -0.05690370 -0.01116183 0.08478336
v -0.05690370 -0.01116183 0.08478336
v -0.05760501 -0.00712144 0.07769826
v -0.05675896 -0.01215669 0.07767868
v -0.05690370 -0.01116183 0.08478336
v -0.05675896 -0.01215669 0.07767868
v -0.05573855 -0.01597960 0.08479987
v -0.05573855 -0.01597960 0.08479987
v -0.05675896 -0.01215669 0.07767868
v -0.05554852 -0.01688724 0.07748409
v -0.05573855 -0.01597960 0.08479987
v -0.05554852 -0.01688724 0.07748409
v -0.05415995 -0.02072632 0.08478001
v -0.05415995 -0.02072632 0.08478001
v -0.05554852 -0.01688724 0.07748409
v -0.05388751 -0.02156677 0.07771130
v -0.05415995 -0.02072632 0.08478001
v -0.05388751 -0.02156677 0.07771130
v -0.05216134 -0.02535494 0.08474571
v -0.05216134 -0.02535494 0.08474571
v -0.05388751 -0.02156677 0.07771130
v -0.05186960 -0.02606507 0.07763483
v -0.05216134 -0.02535494 0.08474571
v -0.05186960 -0.02606507 0.07763483
v -0.04979794 -0.02970102 0.08480126
v -0.04979794 -0.02970102 0.08480126
v -0.05186960 -0.02606507 0.07763483
v -0.04950189 -0.03034161 0.07746260
v -0.04979794 -0.02970102 0.08480126
v -0.04950189 -0.03034161 0.07746260
v -0.04706991 -0.03387061 0.08478117
v -0.04706991 -0.03387061 0.08478117
v -0.04950189 -0.03034161 0.07746260
v -0.04673247 -0.03442929 0.07767985
v -0.04706991 -0.03387061 0.08478117
v -0.04673247 -0.03442929 0.07767985
v -0.04395400 -0.03782834 0.08477914
v -0.04395400 -0.03782834 0.08477914
v -0.04673247 -0.03442929 0.07767985
v -0.04372449 -0.03820298 0.07734856
v -0.04395400 -0.03782834 0.08477914
v -0.04372449 -0.03820298 0.07734856
v -0.04056334 -0.04143186 0.08480129
v -0.04056334 -0.04143186 0.08480129
v -0.04372449 -0.03820298 0.07734856
v -0.04014223 -0.04185858 0.07972857
v -0.04056334 -0.04143186 0.08480129
v -0.04014223 -0.04185858 0.07972857
v -0.03687244 -0.04475114 0.08479875
v -0.03641510 -0.04523033 0.07725369
v -0.03687244 -0.04475114 0.08479875
v -0.03641510 -0.04523033 0.07725369
v -0.03287988 -0.04776821 0.08477992
v -0.03287988 -0.04776821 0.08477992
v -0.03641510 -0.04523033 0.07725369
v -0.03258178 -0.04803705 0.07769241
v -0.03287988 -0.04776821 0.08477992
v -0.03258178 -0.04803705 0.07769241
v -0.02860673 -0.05044421 0.08477876
v -0.02842299 -0.05061714 0.07763259
v -0.02860673 -0.05044421 0.08477876
v -0.02842299 -0.05061714 0.07763259
v -0.02419997 -0.05269106 0.08480125
v -0.02405669 -0.05284381 0.07745301
v -0.02419997 -0.05269106 0.08480125
v -0.02405669 -0.05284381 0.07745301
v -0.01959097 -0.05458064 0.08478039
v -0.01959097 -0.05458064 0.08478039
v -0.02405669 -0.05284381 0.07745301
v -0.01944657 -0.05469181 0.07766843
v -0.01959097 -0.05458064 0.08478039
v -0.01944657 -0.05469181 0.07766843
v -0.01478375 -0.05607452 0.08477949
v -0.01478375 -0.05607452 0.08477949
v -0.01944657 -0.05469181 0.07766843
v -0.01476679 -0.05614360 0.07761705
v -0.01478375 -0.05607452 0.08477949
v -0.01476679 -0.05614360 0.07761705
v -0.00994361 -0.05712364 0.08480126
v -0.00998118 -0.05719853 0.07744551
v -0.00994361 -0.05712364 0.08480126
v -0.00998118 -0.05719853 0.07744551
v -0.00502697 -0.05776731 0.08479780
v -0.00505175 -0.05782701 0.07765530
v -0.00502697 -0.05776731 0.08479780
v -0.00505175 -0.05782701 0.07765530
v -0.00000163 -0.05798812 0.08478330
v -0.00000163 -0.05798812 0.08478330
v -0.00505175 -0.05782701 0.07765530
v -0.00018457 -0.05806301 0.07744254
v -0.00000163 -0.05798812 0.08478330
v -0.00018457 -0.05806301 0.07744254
v 0.00500582 -0.05777388 0.08477992
v 0.00475274 -0.05785951 0.07760912
v 0.00500582 -0.05777388 0.08477992
v 0.00475274 -0.05785951 0.07760912
v 0.00991947 -0.05712784 0.08480125
v 0.00991947 -0.05712784 0.08480125
v 0.00475274 -0.05785951 0.07760912
v 0.00961744 -0.05726181 0.07743863
v 0.00991947 -0.05712784 0.08480125
v 0.00961744 -0.05726181 0.07743863
v 0.01478499 -0.05607406 0.08477982
v 0.01448333 -0.05621245 0.07764173
v 0.01478499 -0.05607406 0.08477982
v 0.01448333 -0.05621245 0.07764173
v 0.01959124 -0.05458071 0.08478002
v 0.01959124 -0.05458071 0.08478002
v 0.01448333 -0.05621245 0.07764173
v 0.01915635 -0.05480352 0.07760746
v 0.01959124 -0.05458071 0.08478002
v 0.01915635 -0.05480352 0.07760746
v 0.02417774 -0.05270127 0.08480124
v 0.02417774 -0.05270127 0.08480124
v 0.01915635 -0.05480352 0.07760746
v 0.02371251 -0.05300164 0.07743776
v 0.02417774 -0.05270127 0.08480124
v 0.02371251 -0.05300164 0.07743776
v 0.02860879 -0.05044291 0.08477913
v 0.02816910 -0.05075552 0.07763934
v 0.02860879 -0.05044291 0.08477913
v 0.02816910 -0.05075552 0.07763934
v 0.03288049 -0.04776800 0.08477952
v 0.03288049 -0.04776800 0.08477952
v 0.02816910 -0.05075552 0.07763934
v 0.03231887 -0.04822674 0.07762212
v 0.03288049 -0.04776800 0.08477952
v 0.03231887 -0.04822674 0.07762212
v 0.03685830 -0.04476877 0.08478131
v 0.03685830 -0.04476877 0.08478131
v 0.03231887 -0.04822674 0.07762212
v 0.03620745 -0.04540066 0.07731392
v 0.03685830 -0.04476877 0.08478131
v 0.03620745 -0.04540066 0.07731392
v 0.04015411 -0.04184652 0.07975440
v 0.03685830 -0.04476877 0.08478131
v 0.04015411 -0.04184652 0.07975440
v 0.04055816 -0.04144462 0.08478331
v 0.04055816 -0.04144462 0.08478331
v 0.04015411 -0.04184652 0.07975440
v 0.04394036 -0.03783871 0.08479582
v 0.04394036 -0.03783871 0.08479582
v 0.04015411 -0.04184652 0.07975440
v 0.04367882 -0.03826724 0.07725292
v 0.01478155 -0.05596803 0.08487970
v 0.00991559 -0.05703100 0.08487884
v 0.00991947 -0.05712784 0.08480125
v 0.04697757 -0.03382340 0.08487970
v 0.04389574 -0.03773617 0.08487884
v 0.04394036 -0.03783871 0.08479582
v 0.05755236 -0.00621614 0.08487970
v 0.05680448 -0.01114034 0.08487883
v 0.05689808 -0.01116756 0.08480003
v 0.05786287 0.00372479 0.08480126
v 0.05776600 0.00373420 0.08487883
v 0.05787382 -0.00124605 0.08487991
v 0.04839196 0.03177410 0.08488620
v 0.05094088 0.02749331 0.08487882
v 0.05104374 0.02750799 0.08479967
v 0.05104374 0.02750799 0.08479967
v 0.05094088 0.02749331 0.08487882
v 0.05311628 0.02301250 0.08487969
v 0.04223156 0.03958978 0.08487882
v 0.04547854 0.03581281 0.08487882
v 0.04556328 0.03586203 0.08480014
v 0.03867232 0.04307397 0.08487969
v 0.04223156 0.03958978 0.08487882
v 0.04233542 0.03961735 0.08480309
v 0.03077105 0.04914391 0.08480132
v 0.03072215 0.04906125 0.08487882
v 0.03482678 0.04623879 0.08487991
v 0.01236021 0.05655210 0.08487969
v 0.01717572 0.05527975 0.08487882
v 0.01720292 0.05537184 0.08480132
v -0.01720295 0.05537183 0.08480132
v -0.01717574 0.05527974 0.08487882
v -0.01235004 0.05655599 0.08488178
v -0.02639098 0.05152118 0.08487969
v -0.02186423 0.05359860 0.08487882
v -0.02186791 0.05370140 0.08480078
v -0.02186791 0.05370140 0.08480078
v -0.02186423 0.05359860 0.08487882
v -0.01717574 0.05527974 0.08487882
v -0.05094091 0.02749327 0.08487882
v -0.04838887 0.03177062 0.08487882
v -0.04845211 0.03185168 0.08479984
v -0.04845211 0.03185168 0.08479984
v -0.04838887 0.03177062 0.08487882
v -0.04547890 0.03581319 0.08487969
v -0.05405715 -0.02070602 0.08487970
v -0.05563650 -0.01598232 0.08487883
v -0.05573855 -0.01597960 0.08479987
v -0.05573855 -0.01597960 0.08479987
v -0.05563650 -0.01598232 0.08487883
v -0.05680500 -0.01114035 0.08487970
v -0.04697772 -0.03382342 0.08487992
v -0.04971090 -0.02965944 0.08487883
v -0.04979794 -0.02970102 0.08480126
v -0.04056334 -0.04143186 0.08480129
v -0.04048922 -0.04137000 0.08487883
v -0.04389621 -0.03773642 0.08487970
v -0.03280477 -0.04769462 0.08487992
v -0.03678298 -0.04469751 0.08487883
v -0.03687244 -0.04475114 0.08479875
v -0.03687244 -0.04475114 0.08479875
v -0.03678298 -0.04469751 0.08487883
v -0.04048922 -0.04137000 0.08487883
v -0.01953826 -0.05449023 0.08487992
v -0.02414989 -0.05260834 0.08487883
v -0.02419997 -0.05269106 0.08480125
v -0.02419997 -0.05269106 0.08480125
v -0.02414989 -0.05260834 0.08487883
v -0.02858332 -0.05033794 0.08487970
v -0.00497621 -0.05767228 0.08487883
v -0.00991553 -0.05703102 0.08487883
v -0.00994361 -0.05712364 0.08480126
v 0.00000001 -0.05788721 0.08487992
v -0.00497621 -0.05767228 0.08487883
v -0.00502697 -0.05776731 0.08479780
v -0.03873006 0.04316026 0.08478075
v -0.04233810 0.03961997 0.08478809
v -0.04223200 0.03959057 0.08488027
v -0.03867197 0.04307446 0.08487991
v -0.05636959 0.01361357 0.08478027
v -0.05734465 0.00864140 0.08477715
v -0.05723196 0.00868664 0.08488028
v -0.05636959 0.01361357 0.08478027
v -0.05723196 0.00868664 0.08488028
v -0.05627310 0.01357455 0.08487991
v -0.03487013 0.04632920 0.08478746
v -0.03873006 0.04316026 0.08478075
v -0.03867197 0.04307446 0.08487991
v -0.03487013 0.04632920 0.08478746
v -0.03867197 0.04307446 0.08487991
v -0.03482595 0.04623942 0.08487991
v -0.05498858 0.01840493 0.08478527
v -0.05636959 0.01361357 0.08478027
v -0.05627310 0.01357455 0.08487991
v -0.05498858 0.01840493 0.08478527
v -0.05627310 0.01357455 0.08487991
v -0.05489786 0.01836136 0.08487969
v -0.03078083 0.04914423 0.08478337
v -0.03487013 0.04632920 0.08478746
v -0.03482595 0.04623942 0.08487991
v -0.03078083 0.04914423 0.08478337
v -0.03482595 0.04623942 0.08487991
v -0.03072206 0.04906207 0.08487991
v -0.05321041 0.02304927 0.08478337
v -0.05498858 0.01840493 0.08478527
v -0.05489786 0.01836136 0.08487969
v -0.05321041 0.02304927 0.08478337
v -0.05489786 0.01836136 0.08487969
v -0.05311645 0.02301301 0.08488027
v 0.00991559 -0.05703100 0.08487884
v 0.00497627 -0.05767292 0.08487992
v 0.00991947 -0.05712784 0.08480125
v 0.00991947 -0.05712784 0.08480125
v 0.00497627 -0.05767292 0.08487992
v 0.00500582 -0.05777388 0.08477992
v 0.02414995 -0.05260831 0.08487883
v 0.01953805 -0.05449054 0.08488029
v 0.02417774 -0.05270127 0.08480124
v 0.02417774 -0.05270127 0.08480124
v 0.01953805 -0.05449054 0.08488029
v 0.01959124 -0.05458071 0.08478002
v 0.03678330 -0.04469836 0.08488028
v 0.03280462 -0.04769457 0.08487970
v 0.03288049 -0.04776800 0.08477952
v 0.03678330 -0.04469836 0.08488028
v 0.03288049 -0.04776800 0.08477952
v 0.03685830 -0.04476877 0.08478131
v 0.04389574 -0.03773617 0.08487884
v 0.04048970 -0.04137044 0.08487992
v 0.04394036 -0.03783871 0.08479582
v 0.04394036 -0.03783871 0.08479582
v 0.04048970 -0.04137044 0.08487992
v 0.04055816 -0.04144462 0.08478331
v 0.04697757 -0.03382340 0.08487970
v 0.04394036 -0.03783871 0.08479582
v 0.04707626 -0.03386072 0.08478198
v 0.05207653 -0.02527627 0.08487883
v 0.04971147 -0.02966014 0.08488028
v 0.05213882 -0.02537733 0.08479642
v 0.05213882 -0.02537733 0.08479642
v 0.04971147 -0.02966014 0.08488028
v 0.04979638 -0.02971436 0.08478327
v 0.05207653 -0.02527627 0.08487883
v 0.05213882 -0.02537733 0.08479642
v 0.05405709 -0.02070660 0.08487991
v 0.05405709 -0.02070660 0.08487991
v 0.05213882 -0.02537733 0.08479642
v 0.05416038 -0.02072582 0.08477953
v 0.05680448 -0.01114034 0.08487883
v 0.05564078 -0.01598622 0.08488730
v 0.05689808 -0.01116756 0.08480003
v 0.05689808 -0.01116756 0.08480003
v 0.05564078 -0.01598622 0.08488730
v 0.05573747 -0.01601607 0.08475726
v 0.05786287 0.00372479 0.08480126
v 0.05787382 -0.00124605 0.08487991
v 0.05797550 -0.00122060 0.08478296
v 0.05489801 0.01836134 0.08487992
v 0.05627350 0.01357381 0.08488029
v 0.05636564 0.01362758 0.08478095
v 0.05489801 0.01836134 0.08487992
v 0.05636564 0.01362758 0.08478095
v 0.05498958 0.01839458 0.08478877
v 0.05104374 0.02750799 0.08479967
v 0.05311628 0.02301250 0.08487969
v 0.05320449 0.02306288 0.08478337
v 0.04839196 0.03177410 0.08488620
v 0.05104374 0.02750799 0.08479967
v 0.04846894 0.03184121 0.08475880
v 0.04223156 0.03958978 0.08487882
v 0.04556328 0.03586203 0.08480014
v 0.04233542 0.03961735 0.08480309
v 0.03867232 0.04307397 0.08487969
v 0.04233542 0.03961735 0.08480309
v 0.03871759 0.04317077 0.08478134
v 0.03077105 0.04914391 0.08480132
v 0.03482678 0.04623879 0.08487991
v 0.03487346 0.04632246 0.08479243
v 0.01717572 0.05527975 0.08487882
v 0.02186484 0.05359929 0.08488027
v 0.01720292 0.05537184 0.08480132
v 0.01720292 0.05537184 0.08480132
v 0.02186484 0.05359929 0.08488027
v 0.02186388 0.05370410 0.08478935
v 0.00249037 0.05783363 0.08487991
v 0.00745322 0.05740562 0.08488027
v 0.00743234 0.05751009 0.08478289
v 0.00249037 0.05783363 0.08487991
v 0.00743234 0.05751009 0.08478289
v 0.00246958 0.05793715 0.08478085
v -0.00745772 0.05740662 0.08488249
v -0.00249028 0.05783350 0.08487969
v -0.00250207 0.05793405 0.08478339
v -0.00745772 0.05740662 0.08488249
v -0.00250207 0.05793405 0.08478339
v -0.00745681 0.05751084 0.08476724
v -0.01024602 0.05697258 0.08487882
v -0.00745772 0.05740662 0.08488249
v -0.01235004 0.05655599 0.08488178
v -0.01235004 0.05655599 0.08488178
v -0.00745772 0.05740662 0.08488249
v -0.00745681 0.05751084 0.08476724
v -0.01235004 0.05655599 0.08488178
v -0.00745681 0.05751084 0.08476724
v -0.01241520 0.05664389 0.08477429
v -0.01720295 0.05537183 0.08480132
v -0.02639098 0.05152118 0.08487969
v -0.02186791 0.05370140 0.08480078
v -0.02646466 0.05159771 0.08478228
v -0.04845211 0.03185168 0.08479984
v -0.04547890 0.03581319 0.08487969
v -0.04556114 0.03587196 0.08478339
v -0.05104376 0.02750798 0.08479968
v -0.05787369 -0.00124543 0.08487970
v -0.05776665 0.00373413 0.08487991
v -0.05786747 0.00373811 0.08478335
v -0.05797584 -0.00123375 0.08478217
v -0.05755275 -0.00621574 0.08488028
v -0.05787369 -0.00124543 0.08487970
v -0.05797584 -0.00123375 0.08478217
v -0.05755275 -0.00621574 0.08488028
v -0.05797584 -0.00123375 0.08478217
v -0.05764751 -0.00626906 0.08478443
v -0.05573855 -0.01597960 0.08479987
v -0.05680500 -0.01114035 0.08487970
v -0.05690370 -0.01116183 0.08478336
v -0.04971090 -0.02965944 0.08487883
v -0.05208235 -0.02527616 0.08488731
v -0.04979794 -0.02970102 0.08480126
v -0.04979794 -0.02970102 0.08480126
v -0.05208235 -0.02527616 0.08488731
v -0.05216134 -0.02535494 0.08474571
v -0.04056334 -0.04143186 0.08480129
v -0.04389621 -0.03773642 0.08487970
v -0.04395400 -0.03782834 0.08477914
v -0.02419997 -0.05269106 0.08480125
v -0.02858332 -0.05033794 0.08487970
v -0.02860673 -0.05044421 0.08477876
v -0.00991553 -0.05703102 0.08487883
v -0.01478165 -0.05596813 0.08487992
v -0.00994361 -0.05712364 0.08480126
v -0.00994361 -0.05712364 0.08480126
v -0.01478165 -0.05596813 0.08487992
v -0.01478375 -0.05607452 0.08477949
v -0.00000163 -0.05798812 0.08478330
v 0.00500582 -0.05777388 0.08477992
v 0.00497627 -0.05767292 0.08487992
v -0.00000163 -0.05798812 0.08478330
v 0.00497627 -0.05767292 0.08487992
v 0.00000001 -0.05788721 0.08487992
v 0.01478155 -0.05596803 0.08487970
v 0.00991947 -0.05712784 0.08480125
v 0.01478499 -0.05607406 0.08477982
v 0.01478499 -0.05607406 0.08477982
v 0.01959124 -0.05458071 0.08478002
v 0.01953805 -0.05449054 0.08488029
v 0.01478499 -0.05607406 0.08477982
v 0.01953805 -0.05449054 0.08488029
v 0.01478155 -0.05596803 0.08487970
v 0.02414995 -0.05260831 0.08487883
v 0.02417774 -0.05270127 0.08480124
v 0.02858313 -0.05033844 0.08488029
v 0.02858313 -0.05033844 0.08488029
v 0.02417774 -0.05270127 0.08480124
v 0.02860879 -0.05044291 0.08477913
v 0.02860879 -0.05044291 0.08477913
v 0.03288049 -0.04776800 0.08477952
v 0.03280462 -0.04769457 0.08487970
v 0.02860879 -0.05044291 0.08477913
v 0.03280462 -0.04769457 0.08487970
v 0.02858313 -0.05033844 0.08488029
v 0.03685830 -0.04476877 0.08478131
v 0.04055816 -0.04144462 0.08478331
v 0.04048970 -0.04137044 0.08487992
v 0.03685830 -0.04476877 0.08478131
v 0.04048970 -0.04137044 0.08487992
v 0.03678330 -0.04469836 0.08488028
v 0.04707626 -0.03386072 0.08478198
v 0.04979638 -0.02971436 0.08478327
v 0.04971147 -0.02966014 0.08488028
v 0.04707626 -0.03386072 0.08478198
v 0.04971147 -0.02966014 0.08488028
v 0.04697757 -0.03382340 0.08487970
v 0.05416038 -0.02072582 0.08477953
v 0.05573747 -0.01601607 0.08475726
v 0.05564078 -0.01598622 0.08488730
v 0.05416038 -0.02072582 0.08477953
v 0.05564078 -0.01598622 0.08488730
v 0.05405709 -0.02070660 0.08487991
v 0.05755236 -0.00621614 0.08487970
v 0.05689808 -0.01116756 0.08480003
v 0.05764886 -0.00625695 0.08478458
v 0.05764886 -0.00625695 0.08478458
v 0.05797550 -0.00122060 0.08478296
v 0.05787382 -0.00124605 0.08487991
v 0.05764886 -0.00625695 0.08478458
v 0.05787382 -0.00124605 0.08487991
v 0.05755236 -0.00621614 0.08487970
v 0.05776600 0.00373420 0.08487883
v 0.05786287 0.00372479 0.08480126
v 0.05723187 0.00868584 0.08487991
v 0.05723187 0.00868584 0.08487991
v 0.05786287 0.00372479 0.08480126
v 0.05734938 0.00862325 0.08477451
v 0.05734938 0.00862325 0.08477451
v 0.05636564 0.01362758 0.08478095
v 0.05627350 0.01357381 0.08488029
v 0.05734938 0.00862325 0.08477451
v 0.05627350 0.01357381 0.08488029
v 0.05723187 0.00868584 0.08487991
v 0.05498958 0.01839458 0.08478877
v 0.05320449 0.02306288 0.08478337
v 0.05311628 0.02301250 0.08487969
v 0.05498958 0.01839458 0.08478877
v 0.05311628 0.02301250 0.08487969
v 0.05489801 0.01836134 0.08487992
v 0.04846894 0.03184121 0.08475880
v 0.04556328 0.03586203 0.08480014
v 0.04839196 0.03177410 0.08488620
v 0.04839196 0.03177410 0.08488620
v 0.04556328 0.03586203 0.08480014
v 0.04547854 0.03581281 0.08487882
v 0.03871759 0.04317077 0.08478134
v 0.03487346 0.04632246 0.08479243
v 0.03482678 0.04623879 0.08487991
v 0.03871759 0.04317077 0.08478134
v 0.03482678 0.04623879 0.08487991
v 0.03867232 0.04307397 0.08487969
v 0.03072215 0.04906125 0.08487882
v 0.03077105 0.04914391 0.08480132
v 0.02639159 0.05152102 0.08487991
v 0.02639159 0.05152102 0.08487991
v 0.03077105 0.04914391 0.08480132
v 0.02645289 0.05160384 0.08478227
v 0.02645289 0.05160384 0.08478227
v 0.02186388 0.05370410 0.08478935
v 0.02186484 0.05359929 0.08488027
v 0.02639159 0.05152102 0.08487991
v 0.01236021 0.05655210 0.08487969
v 0.01720292 0.05537184 0.08480132
v 0.01240798 0.05664308 0.08478649
v 0.01240798 0.05664308 0.08478649
v 0.00743234 0.05751009 0.08478289
v 0.00745322 0.05740562 0.08488027
v 0.01240798 0.05664308 0.08478649
v 0.00745322 0.05740562 0.08488027
v 0.01236021 0.05655210 0.08487969
v 0.00246958 0.05793715 0.08478085
v -0.00250207 0.05793405 0.08478339
v -0.00249028 0.05783350 0.08487969
v 0.00249037 0.05783363 0.08487991
v -0.01241520 0.05664389 0.08477429
v -0.01720295 0.05537183 0.08480132
v -0.01235004 0.05655599 0.08488178
v -0.03072206 0.04906207 0.08487991
v -0.02639098 0.05152118 0.08487969
v -0.02646466 0.05159771 0.08478228
v -0.03072206 0.04906207 0.08487991
v -0.02646466 0.05159771 0.08478228
v -0.03078083 0.04914423 0.08478337
v -0.04233810 0.03961997 0.08478809
v -0.04556114 0.03587196 0.08478339
v -0.04547890 0.03581319 0.08487969
v -0.04233810 0.03961997 0.08478809
v -0.04547890 0.03581319 0.08487969
v -0.04223200 0.03959057 0.08488027
v -0.05094091 0.02749327 0.08487882
v -0.05104376 0.02750798 0.08479968
v -0.05311645 0.02301301 0.08488027
v -0.05311645 0.02301301 0.08488027
v -0.05104376 0.02750798 0.08479968
v -0.05321041 0.02304927 0.08478337
v -0.05734465 0.00864140 0.08477715
v -0.05786747 0.00373811 0.08478335
v -0.05776665 0.00373413 0.08487991
v -0.05723196 0.00868664 0.08488028
v -0.05764751 -0.00626906 0.08478443
v -0.05690370 -0.01116183 0.08478336
v -0.05680500 -0.01114035 0.08487970
v -0.05764751 -0.00626906 0.08478443
v -0.05680500 -0.01114035 0.08487970
v -0.05755275 -0.00621574 0.08488028
v -0.05405715 -0.02070602 0.08487970
v -0.05573855 -0.01597960 0.08479987
v -0.05415995 -0.02072632 0.08478001
v -0.05415995 -0.02072632 0.08478001
v -0.05216134 -0.02535494 0.08474571
v -0.05208235 -0.02527616 0.08488731
v -0.05415995 -0.02072632 0.08478001
v -0.05208235 -0.02527616 0.08488731
v -0.05405715 -0.02070602 0.08487970
v -0.04697772 -0.03382342 0.08487992
v -0.04979794 -0.02970102 0.08480126
v -0.04706991 -0.03387061 0.08478117
v -0.04706991 -0.03387061 0.08478117
v -0.04395400 -0.03782834 0.08477914
v -0.04389621 -0.03773642 0.08487970
v -0.04706991 -0.03387061 0.08478117
v -0.04389621 -0.03773642 0.08487970
v -0.04697772 -0.03382342 0.08487992
v -0.04056334 -0.04143186 0.08480129
v -0.03280477 -0.04769462 0.08487992
v -0.03687244 -0.04475114 0.08479875
v -0.03287988 -0.04776821 0.08477992
v -0.03287988 -0.04776821 0.08477992
v -0.02860673 -0.05044421 0.08477876
v -0.02858332 -0.05033794 0.08487970
v -0.03280477 -0.04769462 0.08487992
v -0.01953826 -0.05449023 0.08487992
v -0.02419997 -0.05269106 0.08480125
v -0.01959097 -0.05458064 0.08478039
v -0.01959097 -0.05458064 0.08478039
v -0.01478375 -0.05607452 0.08477949
v -0.01478165 -0.05596813 0.08487992
v -0.01959097 -0.05458064 0.08478039
v -0.01478165 -0.05596813 0.08487992
v -0.01953826 -0.05449023 0.08487992
v -0.00497621 -0.05767228 0.08487883
v -0.00994361 -0.05712364 0.08480126
v -0.00502697 -0.05776731 0.08479780
v 0.00000001 -0.05788721 0.08487992
v -0.00502697 -0.05776731 0.08479780
v -0.00000163 -0.05798812 0.08478330
v -0.04707287 -0.05902750 0.00000000
v -0.04247465 -0.06237178 0.01776544
v -0.04703014 -0.05900234 0.01784912
v 0.05902749 0.04707289 -0.00000000
v 0.06232550 0.04254253 0.01776544
v 0.06238016 0.04253018 -0.00000000
v 0.01140159 -0.07458788 0.01781639
v 0.00564193 -0.07528791 0.00000000
v 0.01125267 -0.07465573 0.00000000
v -0.05534467 -0.05135240 0.00000000
v -0.05891750 -0.04714735 0.01778345
v -0.05902748 -0.04707290 0.00000000
v -0.06802227 0.03275777 -0.00000000
v -0.07027961 0.02748570 0.01774802
v -0.06794584 0.03279500 0.01797572
v 0.07465576 -0.01125243 0.00000000
v 0.07359572 -0.01666775 0.01778344
v 0.07360609 -0.01680017 0.00000000
v 0.07360609 -0.01680017 0.00000000
v 0.07214437 -0.02212092 0.01778338
v 0.07214482 -0.02225369 0.00000000
v -0.07028004 -0.02758291 0.00000000
v -0.07204251 -0.02243873 0.01781914
v -0.07214481 -0.02225372 0.00000000
v 0.07465575 0.01125257 -0.00000000
v 0.07523138 0.00579559 0.01781636
v 0.07528790 0.00564201 -0.00000000
v 0.01125251 0.07465576 -0.00000000
v 0.01663663 0.07359737 0.01781635
v 0.01680003 0.07360612 -0.00000000
v 0.00564202 0.07528790 -0.00000000
v -0.07360609 -0.01680013 0.00000000
v 0.07353930 0.01691494 0.01778343
v 0.07465575 0.01125257 -0.00000000
v 0.07360609 0.01680013 -0.00000000
v 0.07526029 -0.00543242 0.01781910
v 0.07528790 -0.00564202 0.00000000
v 0.07549902 -0.00000003 0.00000000
v 0.01680003 0.07360612 -0.00000000
v 0.02212094 0.07214436 0.01778337
v 0.02225377 0.07214479 -0.00000000
v -0.01123320 0.07461621 0.01780723
v -0.00568649 0.07522047 0.01806659
v -0.00564208 0.07528790 -0.00000000
v 0.07214482 0.02225369 -0.00000000
v 0.07353930 0.01691494 0.01778343
v 0.07360609 0.01680013 -0.00000000
v -0.05534469 0.05135238 -0.00000000
v -0.05141840 0.05522946 0.01778340
v -0.05135239 0.05534469 -0.00000000
v 0.04704687 0.05899495 0.01780403
v 0.04707284 0.05902752 -0.00000000
v 0.04253010 0.06238021 -0.00000000
v -0.07461260 0.01122817 0.01784914
v -0.07360610 0.01680009 -0.00000000
v -0.07465576 0.01125248 -0.00000000
v 0.07523138 0.00579559 0.01781636
v 0.07549902 -0.00000003 0.00000000
v 0.07528790 0.00564201 -0.00000000
v -0.04707287 -0.05902750 0.00000000
v -0.05126172 -0.05537982 0.01774802
v -0.05135235 -0.05534471 0.00000000
v -0.05141840 0.05522946 0.01778340
v -0.04707288 0.05902749 -0.00000000
v -0.05135239 0.05534469 -0.00000000
v 0.01680013 -0.07360609 0.00000000
v 0.01140159 -0.07458788 0.01781639
v 0.01125267 -0.07465573 0.00000000
v -0.00000002 0.07549902 -0.00000000
v 0.00551267 0.07525793 0.01778334
v 0.00564202 0.07528790 -0.00000000
v -0.01680009 -0.07360610 0.00000000
v 0.02236325 -0.07206960 0.01778338
v 0.01680013 -0.07360609 0.00000000
v 0.02225384 -0.07214477 0.00000000
v -0.03275777 -0.06802227 0.00000000
v -0.03757976 -0.06542776 0.01785916
v -0.03774957 -0.06538402 0.00000000
v -0.06802227 0.03275777 -0.00000000
v -0.06540149 0.03762145 0.01786017
v -0.06538407 0.03774950 -0.00000000
v -0.07528790 -0.00564207 0.00000000
v -0.07545412 -0.00015746 0.01781632
v -0.07549902 -0.00000013 0.00000000
v -0.07549902 -0.00000013 0.00000000
v -0.07525884 0.00554931 0.01774799
v -0.07528790 0.00564198 -0.00000000
v 0.05135237 0.05534470 -0.00000000
v 0.04704687 0.05899495 0.01780403
v 0.05123141 0.05539018 0.01786010
v -0.01125257 0.07465575 -0.00000000
v -0.00564210 -0.07528790 0.00000000
v -0.01115785 -0.07463370 0.01774806
v -0.01125242 -0.07465576 0.00000000
v 0.07528790 -0.00564202 0.00000000
v 0.07463481 -0.01109018 0.01781638
v 0.07465576 -0.01125243 0.00000000
v -0.07360610 0.01680009 -0.00000000
v -0.07214830 0.02209007 0.01781630
v -0.07214481 0.02225372 -0.00000000
v 0.05534471 -0.05135235 0.00000000
v -0.02225376 -0.07214479 0.00000000
v -0.02742001 -0.07029576 0.01781634
v -0.02758286 -0.07028006 0.00000000
v -0.02758286 -0.07028006 0.00000000
v -0.03261663 -0.06803842 0.01788941
v -0.03275777 -0.06802227 0.00000000
v 0.04261255 -0.06227611 0.01778340
v 0.03774964 -0.06538399 0.00000000
v 0.04253011 -0.06238021 0.00000000
v 0.07028006 -0.02758287 0.00000000
v 0.06798821 -0.03272177 0.01784914
v 0.06802227 -0.03275777 0.00000000
v 0.07214437 -0.02212092 0.01778338
v 0.07028006 -0.02758287 0.00000000
v 0.07214482 -0.02225369 0.00000000
v 0.04245853 0.06237607 0.01788847
v 0.04704687 0.05899495 0.01780403
v 0.04253010 0.06238021 -0.00000000
v 0.03275782 -0.06802225 0.00000000
v 0.02768647 -0.07019689 0.01778344
v 0.02758284 -0.07028007 0.00000000
v 0.07028003 0.02758295 -0.00000000
v 0.07206963 0.02236322 0.01778337
v 0.07214482 0.02225369 -0.00000000
v -0.04707288 0.05902749 -0.00000000
v -0.04267675 0.06222793 0.01781918
v -0.04253013 0.06238020 -0.00000000
v 0.06802225 0.03275782 -0.00000000
v 0.07018073 0.02771306 0.01781637
v 0.07028003 0.02758295 -0.00000000
v -0.02225382 0.07214478 -0.00000000
v -0.01688012 0.07355100 0.01774805
v -0.01680011 0.07360610 -0.00000000
v -0.01680009 -0.07360610 0.00000000
v -0.01115785 -0.07463370 0.01774806
v -0.01677251 -0.07356489 0.01784911
v -0.06227610 -0.04261258 0.01778341
v -0.06538405 -0.03774953 0.00000000
v -0.06238021 -0.04253011 0.00000000
v 0.04707292 -0.05902746 0.00000000
v 0.04261255 -0.06227611 0.01778340
v 0.04253011 -0.06238021 0.00000000
v -0.01125257 0.07465575 -0.00000000
v -0.01688012 0.07355100 0.01774805
v -0.01123320 0.07461621 0.01780723
v 0.03774950 0.06538407 -0.00000000
v 0.03270425 0.06800566 0.01776548
v 0.03771098 0.06535285 0.01784911
v -0.04253013 0.06238020 -0.00000000
v -0.03786340 0.06526647 0.01781639
v -0.03774958 0.06538402 -0.00000000
v -0.06238022 0.04253009 -0.00000000
v -0.05902748 -0.04707290 0.00000000
v -0.06227610 -0.04261258 0.01778341
v -0.06238021 -0.04253011 0.00000000
v 0.03771098 0.06535285 0.01784911
v 0.04253010 0.06238021 -0.00000000
v 0.03774950 0.06538407 -0.00000000
v 0.06533511 0.03774169 0.01784912
v 0.06802225 0.03275782 -0.00000000
v 0.06538408 0.03774949 -0.00000000
v -0.07360609 -0.01680013 0.00000000
v -0.07459773 -0.01137205 0.01778347
v -0.07465573 -0.01125264 0.00000000
v -0.07214481 0.02225372 -0.00000000
v -0.07027961 0.02748570 0.01774802
v -0.07028006 0.02758288 -0.00000000
v -0.06538407 0.03774950 -0.00000000
v -0.06241894 0.04240305 0.01778342
v -0.06238022 0.04253009 -0.00000000
v -0.05126172 -0.05537982 0.01774802
v -0.05526428 -0.05134505 0.01806661
v -0.05534467 -0.05135240 0.00000000
v 0.02212094 0.07214436 0.01778337
v 0.02758287 0.07028006 -0.00000000
v 0.02225377 0.07214479 -0.00000000
v 0.06238023 -0.04253007 0.00000000
v 0.05902327 -0.04701690 0.01776549
v 0.05902754 -0.04707282 0.00000000
v -0.02758287 0.07028007 -0.00000000
v -0.02239097 0.07205548 0.01781627
v -0.02225382 0.07214478 -0.00000000
v 0.06538408 0.03774949 -0.00000000
v 0.06232550 0.04254253 0.01776544
v 0.06533511 0.03774169 0.01784912
v 0.00048622 -0.07552165 0.01626706
v -0.00564210 -0.07528790 0.00000000
v 0.00000004 -0.07552542 0.00000000
v 0.05135237 0.05534470 -0.00000000
v 0.05522944 0.05141841 0.01778341
v 0.05534467 0.05135239 -0.00000000
v 0.02758284 -0.07028007 0.00000000
v 0.02236325 -0.07206960 0.01778338
v 0.02225384 -0.07214477 0.00000000
v -0.06538405 -0.03774953 0.00000000
v -0.06791354 -0.03288008 0.01781641
v -0.06802227 -0.03275780 0.00000000
v 0.02758287 0.07028006 -0.00000000
v 0.03270425 0.06800566 0.01776548
v 0.03275775 0.06802229 -0.00000000
v -0.07465576 0.01125248 -0.00000000
v -0.07525884 0.00554931 0.01774799
v -0.07461260 0.01122817 0.01784914
v -0.03275782 0.06802225 -0.00000000
v -0.03774957 -0.06538402 0.00000000
v -0.04247465 -0.06237178 0.01776544
v -0.04253007 -0.06238024 0.00000000
v -0.03774958 0.06538402 -0.00000000
v -0.03285482 0.06793163 0.01778344
v -0.03275782 0.06802225 -0.00000000
v -0.00564208 0.07528790 -0.00000000
v -0.00017563 0.07544614 0.01796085
v -0.00000002 0.07549902 -0.00000000
v -0.05126172 -0.05537982 0.01774802
v -0.05534467 -0.05135240 0.00000000
v -0.05135235 -0.05534471 0.00000000
v 0.06802227 -0.03275777 0.00000000
v 0.06541319 -0.03761991 0.01778350
v 0.06538407 -0.03774949 0.00000000
v 0.05534467 0.05135239 -0.00000000
v 0.05534471 -0.05135235 0.00000000
v 0.05902327 -0.04701690 0.01776549
v 0.05532278 -0.05130790 0.01784907
v -0.05902753 0.04707284 -0.00000000
v -0.05541884 0.05120646 0.01781636
v -0.05534469 0.05135238 -0.00000000
v -0.06791354 -0.03288008 0.01781641
v -0.07028004 -0.02758291 0.00000000
v -0.06802227 -0.03275780 0.00000000
v -0.07522205 -0.00581324 0.01796082
v -0.04253007 -0.06238024 0.00000000
v 0.05902749 0.04707289 -0.00000000
v 0.05887671 0.04717714 0.01796089
v 0.06232550 0.04254253 0.01776544
v 0.00586357 -0.07521555 0.01796483
v -0.05534467 -0.05135240 0.00000000
v -0.05526428 -0.05134505 0.01806661
v -0.05891750 -0.04714735 0.01778345
v -0.07028006 0.02758288 -0.00000000
v 0.07465576 -0.01125243 0.00000000
v 0.07463481 -0.01109018 0.01781638
v 0.07359572 -0.01666775 0.01778344
v 0.07359572 -0.01666775 0.01778344
v -0.07028004 -0.02758291 0.00000000
v -0.07013924 -0.02778873 0.01796826
v -0.07204251 -0.02243873 0.01781914
v 0.07465575 0.01125257 -0.00000000
v 0.07457730 0.01141828 0.01796090
v 0.07523138 0.00579559 0.01781636
v 0.01125251 0.07465576 -0.00000000
v 0.01107113 0.07462963 0.01796086
v 0.01663663 0.07359737 0.01781635
v 0.07457730 0.01141828 0.01796090
v 0.01663663 0.07359737 0.01781635
v 0.07206963 0.02236322 0.01778337
v -0.05541884 0.05120646 0.01781636
v -0.07359363 0.01661714 0.01796087
v 0.07544314 0.00024306 0.01796821
v -0.04703014 -0.05900234 0.01784912
v -0.04722804 0.05883229 0.01796826
v 0.01695951 -0.07351548 0.01796087
v -0.00000002 0.07549902 -0.00000000
v -0.00017563 0.07544614 0.01796085
v 0.00551267 0.07525793 0.01778334
v 0.01695951 -0.07351548 0.01796087
v -0.03275777 -0.06802227 0.00000000
v -0.03261663 -0.06803842 0.01788941
v -0.03757976 -0.06542776 0.01785916
v -0.06794584 0.03279500 0.01797572
v -0.07522205 -0.00581324 0.01796082
v -0.07549902 -0.00000013 0.00000000
v -0.07545412 -0.00015746 0.01781632
v -0.07525884 0.00554931 0.01774799
v 0.04707284 0.05902752 -0.00000000
v -0.00550358 -0.07525623 0.01774509
v 0.07526029 -0.00543242 0.01781910
v -0.07359363 0.01661714 0.01796087
v -0.02225376 -0.07214479 0.00000000
v -0.02207037 -0.07214603 0.01796084
v -0.02742001 -0.07029576 0.01781634
v -0.02742001 -0.07029576 0.01781634
v 0.03787513 -0.06525049 0.01796089
v 0.07026007 -0.02751406 0.01788849
v 0.07026007 -0.02751406 0.01788849
v 0.03288008 -0.06791354 0.01781641
v 0.07018073 0.02771306 0.01781637
v -0.04707288 0.05902749 -0.00000000
v -0.04722804 0.05883229 0.01796826
v -0.04267675 0.06222793 0.01781918
v 0.06789847 0.03289302 0.01796087
v -0.02239097 0.07205548 0.01781627
v -0.01125242 -0.07465576 0.00000000
v -0.06525049 -0.03787513 0.01796091
v 0.04707292 -0.05902746 0.00000000
v 0.04717719 -0.05887668 0.01796089
v 0.04261255 -0.06227611 0.01778340
v -0.01680011 0.07360610 -0.00000000
v 0.03275775 0.06802229 -0.00000000
v -0.04267675 0.06222793 0.01781918
v -0.05902748 -0.04707290 0.00000000
v -0.05891750 -0.04714735 0.01778345
v -0.06227610 -0.04261258 0.01778341
v 0.04245853 0.06237607 0.01788847
v 0.06789847 0.03289302 0.01796087
v -0.07352730 -0.01694357 0.01781635
v -0.07214830 0.02209007 0.01781630
v -0.06540149 0.03762145 0.01786017
v 0.02740018 0.07029496 0.01796084
v 0.06238023 -0.04253007 0.00000000
v 0.06243543 -0.04235525 0.01796086
v 0.05902327 -0.04701690 0.01776549
v -0.02772704 0.07016668 0.01796086
v 0.06238016 0.04253018 -0.00000000
v -0.00550358 -0.07525623 0.01774509
v 0.05135237 0.05534470 -0.00000000
v 0.05123141 0.05539018 0.01786010
v 0.05522944 0.05141841 0.01778341
v 0.02768647 -0.07019689 0.01778344
v -0.06525049 -0.03787513 0.01796091
v 0.02740018 0.07029496 0.01796084
v -0.07528790 0.00564198 -0.00000000
v -0.03757976 -0.06542776 0.01785916
v -0.03786340 0.06526647 0.01781639
v -0.00568649 0.07522047 0.01806659
v 0.06802227 -0.03275777 0.00000000
v 0.06798821 -0.03272177 0.01784914
v 0.06541319 -0.03761991 0.01778350
v 0.05902754 -0.04707282 0.00000000
v -0.05909565 0.04690261 0.01796089
v -0.07013924 -0.02778873 0.01796826
vn -0.00008596 0.00007675 0.99999999
vn -0.00019615 0.00017554 0.99999997
vn -0.00006713 -0.00006284 1.00000000
vn -0.00007209 -0.00014742 0.99999999
vn 0.00000783 -0.00004719 1.00000000
vn 0.00007871 -0.00007561 0.99999999
vn 0.00001149 0.00002831 1.00000000
vn 0.00002809 -0.00000596 1.00000000
vn -0.00007838 0.00015234 0.99999999
vn 0.00001344 -0.00010090 0.99999999
vn 0.00027230 0.00000766 0.99999996
vn 0.00005568 0.00017466 0.99999998
vn -0.00010622 0.00004449 0.99999999
vn -0.00029761 0.00003075 0.99999996
vn 0.00000666 0.00002021 1.00000000
vn 0.00005824 0.00004241 1.00000000
vn 0.00000504 0.00001721 1.00000000
vn -0.00011082 0.00004009 0.99999999
vn 0.00005600 -0.00010936 0.99999999
vn 0.00010185 -0.00009609 0.99999999
vn -0.00006070 0.00000184 1.00000000
vn -0.00010993 -0.00003418 0.99999999
vn 0.00017767 0.00006861 0.99999998
vn -0.00003668 0.00001391 1.00000000
vn 0.00009297 0.00001430 1.00000000
vn 0.00011111 -0.00004565 0.99999999
vn -0.00000879 -0.00004702 1.00000000
vn 0.00015799 0.00014412 0.99999998
vn -0.00016932 -0.00001734 0.99999999
vn 0.00001765 -0.00000466 1.00000000
vn 0.00000866 0.00012737 0.99999999
vn 0.00005649 0.00006514 1.00000000
vn 0.00001396 -0.00015007 0.99999999
vn -0.00011818 -0.00011387 0.99999999
vn -0.00024772 -0.00016773 0.99999996
vn -0.00010968 0.00007703 0.99999999
vn 0.00016770 -0.00068598 0.99999975
vn 0.00016521 -0.00055484 0.99999983
vn -0.00001543 0.00004537 1.00000000
vn -0.00013536 0.00009671 0.99999999
vn 0.00015799 0.00014412 0.99999998
vn 0.00001396 -0.00015007 0.99999999
vn -0.00008511 -0.00002898 1.00000000
vn -0.00000879 -0.00004702 1.00000000
vn -0.00001231 -0.00011225 0.99999999
vn 0.00001765 -0.00000466 1.00000000
vn -0.00107337 -0.00064578 0.99999922
vn 0.00009938 -0.00005278 0.99999999
vn -0.00026167 0.00029022 0.99999992
vn 0.00001679 0.00000723 1.00000000
vn -0.00002949 0.00011223 0.99999999
vn 0.00000012 0.00003317 1.00000000
vn -0.00114946 0.00048381 0.99999922
vn 0.00001772 0.00000132 1.00000000
vn 0.00009231 -0.00012545 0.99999999
vn 0.00000840 0.00002410 1.00000000
vn -0.00001231 -0.00011225 0.99999999
vn -0.00107336 -0.00064577 0.99999922
vn -0.00011818 -0.00011387 0.99999999
vn -0.00001177 0.00015697 0.99999999
vn 0.00033433 -0.00004115 0.99999994
vn -0.00026916 0.00013069 0.99999996
vn 0.00001577 -0.00002909 1.00000000
vn -0.00078775 -0.00097394 0.99999922
vn 0.19947658 -0.71370341 0.67144362
vn 0.19947658 -0.71370341 0.67144362
vn 0.19947658 -0.71370341 0.67144362
vn 0.17091337 -0.66632771 0.72580714
vn 0.17091337 -0.66632771 0.72580714
vn 0.17091337 -0.66632771 0.72580714
vn 0.45815147 -0.63311762 0.62390650
vn 0.45815147 -0.63311762 0.62390650
vn 0.45815147 -0.63311762 0.62390650
vn 0.41480510 -0.45729277 0.78665116
vn 0.41480510 -0.45729277 0.78665116
vn 0.41480510 -0.45729277 0.78665116
vn 0.69032576 -0.43478968 0.57828044
vn 0.69032576 -0.43478968 0.57828044
vn 0.69032576 -0.43478968 0.57828044
vn 0.57817432 -0.28063352 0.76613268
vn 0.57817432 -0.28063352 0.76613268
vn 0.57817432 -0.28063352 0.76613268
vn 0.72812194 -0.07513789 0.68131692
vn 0.72812194 -0.07513789 0.68131692
vn 0.72812194 -0.07513789 0.68131692
vn 0.73871822 -0.07263506 0.67008920
vn 0.73871822 -0.07263506 0.67008920
vn 0.73871822 -0.07263506 0.67008920
vn 0.65778243 0.18381864 0.73043342
vn 0.65778243 0.18381864 0.73043342
vn 0.65778243 0.18381864 0.73043342
vn 0.72541817 0.23282728 0.64773446
vn 0.72541817 0.23282728 0.64773446
vn 0.72541817 0.23282728 0.64773446
vn 0.49259510 0.44679479 0.74680954
vn 0.49259510 0.44679479 0.74680954
vn 0.49259510 0.44679479 0.74680954
vn 0.53046431 0.51919097 0.67011070
vn 0.53046431 0.51919097 0.67011070
vn 0.53046431 0.51919097 0.67011070
vn 0.29930454 0.61664497 0.72812483
vn 0.29930454 0.61664497 0.72812483
vn 0.29930454 0.61664497 0.72812483
vn 0.30075285 0.67203853 0.67669190
vn 0.30075285 0.67203853 0.67669190
vn 0.30075285 0.67203853 0.67669190
vn 0.07035273 0.68181990 0.72812919
vn 0.07035273 0.68181990 0.72812919
vn 0.07035273 0.68181990 0.72812919
vn 0.05276224 0.73438879 0.67667515
vn 0.05276224 0.73438879 0.67667515
vn 0.05276224 0.73438879 0.67667515
vn -0.18382413 0.65779174 0.73042366
vn -0.18382413 0.65779174 0.73042366
vn -0.18382413 0.65779174 0.73042366
vn -0.23283168 0.72542566 0.64772449
vn -0.23283168 0.72542566 0.64772449
vn -0.23283168 0.72542566 0.64772449
vn -0.44679644 0.49259426 0.74680910
vn -0.44679644 0.49259426 0.74680910
vn -0.44679644 0.49259426 0.74680910
vn -0.58866749 0.56326500 0.57983026
vn -0.58866749 0.56326500 0.57983026
vn -0.58866749 0.56326500 0.57983026
vn -0.55079054 0.26734291 0.79066906
vn -0.55079054 0.26734291 0.79066906
vn -0.55079054 0.26734291 0.79066906
vn -0.78858894 0.22043443 0.57405239
vn -0.78858894 0.22043443 0.57405239
vn -0.78858894 0.22043443 0.57405239
vn -0.63382264 0.06539542 0.77070896
vn -0.63382264 0.06539542 0.77070896
vn -0.63382264 0.06539542 0.77070896
vn -0.80829493 -0.11066127 0.57828487
vn -0.80829493 -0.11066127 0.57828487
vn -0.80829493 -0.11066127 0.57828487
vn -0.62328836 -0.15666401 0.76613838
vn -0.62328836 -0.15666401 0.76613838
vn -0.62328836 -0.15666401 0.76613838
vn -0.60606024 -0.41047294 0.68132441
vn -0.60606024 -0.41047294 0.68132441
vn -0.60606024 -0.41047294 0.68132441
vn -0.61255647 -0.41918808 0.67011635
vn -0.61255647 -0.41918808 0.67011635
vn -0.61255647 -0.41918808 0.67011635
vn -0.38573658 -0.56362869 0.73043137
vn -0.38573658 -0.56362869 0.73043137
vn -0.38573658 -0.56362869 0.73043137
vn -0.38836043 -0.57340568 0.72137515
vn -0.38836043 -0.57340568 0.72137515
vn -0.38836043 -0.57340568 0.72137515
vn -0.16753900 -0.77458236 0.60987938
vn -0.16753900 -0.77458236 0.60987938
vn -0.16753900 -0.77458236 0.60987938
vn -0.08635012 -0.63122122 0.77078105
vn -0.08635012 -0.63122122 0.77078105
vn -0.08635012 -0.63122122 0.77078105
vn 0.18382282 -0.65778846 0.73042694
vn 0.18382282 -0.65778846 0.73042694
vn 0.18382282 -0.65778846 0.73042694
vn 0.23282725 -0.72541814 0.64773451
vn 0.23282725 -0.72541814 0.64773451
vn 0.23282725 -0.72541814 0.64773451
vn 0.44679475 -0.49259507 0.74680958
vn 0.44679475 -0.49259507 0.74680958
vn 0.44679475 -0.49259507 0.74680958
vn 0.51919095 -0.53046428 0.67011074
vn 0.51919095 -0.53046428 0.67011074
vn 0.51919095 -0.53046428 0.67011074
vn 0.61664494 -0.29930451 0.72812487
vn 0.61664494 -0.29930451 0.72812487
vn 0.61664494 -0.29930451 0.72812487
vn 0.67203850 -0.30075282 0.67669195
vn 0.67203850 -0.30075282 0.67669195
vn 0.67203850 -0.30075282 0.67669195
vn 0.68181986 -0.07035270 0.72812923
vn 0.68181986 -0.07035270 0.72812923
vn 0.68181986 -0.07035270 0.72812923
vn 0.73438876 -0.05276221 0.67667518
vn 0.73438876 -0.05276221 0.67667518
vn 0.73438876 -0.05276221 0.67667518
vn 0.66476964 0.16709349 0.72812162
vn 0.66476964 0.16709349 0.72812162
vn 0.66476964 0.16709349 0.72812162
vn 0.75630913 0.24275544 0.60750827
vn 0.75630913 0.24275544 0.60750827
vn 0.75630913 0.24275544 0.60750827
vn 0.48735215 0.34901345 0.80042332
vn 0.48735215 0.34901345 0.80042332
vn 0.48735215 0.34901345 0.80042332
vn 0.61659568 0.64440335 0.45227656
vn 0.61659568 0.64440335 0.45227656
vn 0.61659568 0.64440335 0.45227656
vn 0.27142887 0.51508157 0.81302973
vn 0.27142887 0.51508157 0.81302973
vn 0.27142887 0.51508157 0.81302973
vn 0.22043440 0.78858897 0.57405236
vn 0.22043440 0.78858897 0.57405236
vn 0.22043440 0.78858897 0.57405236
vn 0.06539539 0.63382268 0.77070893
vn 0.06539539 0.63382268 0.77070893
vn 0.06539539 0.63382268 0.77070893
vn -0.11066129 0.80829495 0.57828483
vn -0.11066129 0.80829495 0.57828483
vn -0.11066129 0.80829495 0.57828483
vn -0.15666404 0.62328839 0.76613834
vn -0.15666404 0.62328839 0.76613834
vn -0.15666404 0.62328839 0.76613834
vn -0.41047297 0.60606027 0.68132437
vn -0.41047297 0.60606027 0.68132437
vn -0.41047297 0.60606027 0.68132437
vn -0.41918811 0.61255650 0.67011631
vn -0.41918811 0.61255650 0.67011631
vn -0.41918811 0.61255650 0.67011631
vn -0.56362872 0.38573661 0.73043133
vn -0.56362872 0.38573661 0.73043133
vn -0.56362872 0.38573661 0.73043133
vn -0.57340572 0.38836046 0.72137510
vn -0.57340572 0.38836046 0.72137510
vn -0.57340572 0.38836046 0.72137510
vn -0.77458238 0.16753903 0.60987934
vn -0.77458238 0.16753903 0.60987934
vn -0.77458238 0.16753903 0.60987934
vn -0.63122126 0.08635015 0.77078102
vn -0.63122126 0.08635015 0.77078102
vn -0.63122126 0.08635015 0.77078102
vn -0.71370344 -0.19947655 0.67144360
vn -0.71370344 -0.19947655 0.67144360
vn -0.71370344 -0.19947655 0.67144360
vn -0.66632774 -0.17091334 0.72580712
vn -0.66632774 -0.17091334 0.72580712
vn -0.66632774 -0.17091334 0.72580712
vn -0.63311764 -0.45815144 0.62390649
vn -0.63311764 -0.45815144 0.62390649
vn -0.63311764 -0.45815144 0.62390649
vn -0.45729281 -0.41480506 0.78665116
vn -0.45729281 -0.41480506 0.78665116
vn -0.45729281 -0.41480506 0.78665116
vn -0.43478971 -0.69032574 0.57828046
vn -0.43478971 -0.69032574 0.57828046
vn -0.43478971 -0.69032574 0.57828046
vn -0.28063356 -0.57817428 0.76613270
vn -0.28063356 -0.57817428 0.76613270
vn -0.28063356 -0.57817428 0.76613270
vn -0.07513079 -0.72812614 0.68131321
vn -0.07513079 -0.72812614 0.68131321
vn -0.07513079 -0.72812614 0.68131321
vn -0.07263275 -0.73869447 0.67011563
vn -0.07263275 -0.73869447 0.67011563
vn -0.07263275 -0.73869447 0.67011563
vn 0.18382413 -0.65779167 0.73042372
vn 0.18382413 -0.65779167 0.73042372
vn 0.18382413 -0.65779167 0.73042372
vn 0.23283168 -0.72542560 0.64772456
vn 0.23283168 -0.72542560 0.64772456
vn 0.23283168 -0.72542560 0.64772456
vn 0.44679644 -0.49259420 0.74680914
vn 0.44679644 -0.49259420 0.74680914
vn 0.44679644 -0.49259420 0.74680914
vn 0.58866749 -0.56326495 0.57983031
vn 0.58866749 -0.56326495 0.57983031
vn 0.58866749 -0.56326495 0.57983031
vn 0.55079054 -0.26734284 0.79066908
vn 0.55079054 -0.26734284 0.79066908
vn 0.55079054 -0.26734284 0.79066908
vn 0.78858894 -0.22043438 0.57405241
vn 0.78858894 -0.22043438 0.57405241
vn 0.78858894 -0.22043438 0.57405241
vn 0.63382264 -0.06539536 0.77070896
vn 0.63382264 -0.06539536 0.77070896
vn 0.63382264 -0.06539536 0.77070896
vn 0.80829493 0.11066132 0.57828486
vn 0.80829493 0.11066132 0.57828486
vn 0.80829493 0.11066132 0.57828486
vn 0.62328836 0.15666408 0.76613836
vn 0.62328836 0.15666408 0.76613836
vn 0.62328836 0.15666408 0.76613836
vn 0.60606024 0.41047300 0.68132438
vn 0.60606024 0.41047300 0.68132438
vn 0.60606024 0.41047300 0.68132438
vn 0.61255647 0.41918814 0.67011631
vn 0.61255647 0.41918814 0.67011631
vn 0.61255647 0.41918814 0.67011631
vn 0.40183242 0.55530045 0.72812919
vn 0.40183242 0.55530045 0.72812919
vn 0.40183242 0.55530045 0.72812919
vn 0.41289452 0.60962980 0.67666064
vn 0.41289452 0.60962980 0.67666064
vn 0.41289452 0.60962980 0.67666064
vn 0.16970318 0.66156519 0.73043297
vn 0.16970318 0.66156519 0.73043297
vn 0.16970318 0.66156519 0.73043297
vn 0.16107683 0.74465938 0.64771650
vn 0.16107683 0.74465938 0.64771650
vn 0.16107683 0.74465938 0.64771650
vn -0.15708224 0.64258791 0.74993730
vn -0.15708224 0.64258791 0.74993730
vn -0.15708224 0.64258791 0.74993730
vn -0.17091337 0.66632777 0.72580708
vn -0.17091337 0.66632777 0.72580708
vn -0.17091337 0.66632777 0.72580708
vn -0.45815147 0.63311767 0.62390644
vn -0.45815147 0.63311767 0.62390644
vn -0.45815147 0.63311767 0.62390644
vn -0.41480510 0.45729284 0.78665112
vn -0.41480510 0.45729284 0.78665112
vn -0.41480510 0.45729284 0.78665112
vn -0.69032576 0.43478973 0.57828041
vn -0.69032576 0.43478973 0.57828041
vn -0.69032576 0.43478973 0.57828041
vn -0.57817432 0.28063359 0.76613266
vn -0.57817432 0.28063359 0.76613266
vn -0.57817432 0.28063359 0.76613266
vn -0.72812617 0.07513082 0.68131317
vn -0.72812617 0.07513082 0.68131317
vn -0.72812617 0.07513082 0.68131317
vn -0.73869450 0.07263278 0.67011560
vn -0.73869450 0.07263278 0.67011560
vn -0.73869450 0.07263278 0.67011560
vn -0.65778849 -0.18382279 0.73042692
vn -0.65778849 -0.18382279 0.73042692
vn -0.65778849 -0.18382279 0.73042692
vn -0.72541817 -0.23282722 0.64773448
vn -0.72541817 -0.23282722 0.64773448
vn -0.72541817 -0.23282722 0.64773448
vn -0.49259510 -0.44679472 0.74680958
vn -0.49259510 -0.44679472 0.74680958
vn -0.49259510 -0.44679472 0.74680958
vn -0.53046431 -0.51919092 0.67011074
vn -0.53046431 -0.51919092 0.67011074
vn -0.53046431 -0.51919092 0.67011074
vn -0.29930454 -0.61664491 0.72812488
vn -0.29930454 -0.61664491 0.72812488
vn -0.29930454 -0.61664491 0.72812488
vn -0.30075285 -0.67203847 0.67669196
vn -0.30075285 -0.67203847 0.67669196
vn -0.30075285 -0.67203847 0.67669196
vn -0.07035273 -0.68181983 0.72812925
vn -0.07035273 -0.68181983 0.72812925
vn -0.07035273 -0.68181983 0.72812925
vn -0.05276224 -0.73438873 0.67667521
vn -0.05276224 -0.73438873 0.67667521
vn -0.05276224 -0.73438873 0.67667521
vn 0.15666404 -0.62328832 0.76613840
vn 0.15666404 -0.62328832 0.76613840
vn 0.15666404 -0.62328832 0.76613840
vn 0.41047297 -0.60606021 0.68132442
vn 0.41047297 -0.60606021 0.68132442
vn 0.41047297 -0.60606021 0.68132442
vn 0.41918811 -0.61255644 0.67011636
vn 0.41918811 -0.61255644 0.67011636
vn 0.41918811 -0.61255644 0.67011636
vn 0.56362872 -0.38573655 0.73043136
vn 0.56362872 -0.38573655 0.73043136
vn 0.56362872 -0.38573655 0.73043136
vn 0.57340572 -0.38836039 0.72137514
vn 0.57340572 -0.38836039 0.72137514
vn 0.57340572 -0.38836039 0.72137514
vn 0.77458238 -0.16753898 0.60987935
vn 0.77458238 -0.16753898 0.60987935
vn 0.77458238 -0.16753898 0.60987935
vn 0.63119871 -0.08633833 0.77080080
vn 0.63119871 -0.08633833 0.77080080
vn 0.63119871 -0.08633833 0.77080080
vn 0.71373346 0.19949517 0.67140615
vn 0.71373346 0.19949517 0.67140615
vn 0.71373346 0.19949517 0.67140615
vn 0.66632774 0.17091340 0.72580710
vn 0.66632774 0.17091340 0.72580710
vn 0.66632774 0.17091340 0.72580710
vn 0.63311764 0.45815149 0.62390645
vn 0.63311764 0.45815149 0.62390645
vn 0.63311764 0.45815149 0.62390645
vn 0.45729281 0.41480513 0.78665112
vn 0.45729281 0.41480513 0.78665112
vn 0.45729281 0.41480513 0.78665112
vn 0.43478971 0.69032579 0.57828040
vn 0.43478971 0.69032579 0.57828040
vn 0.43478971 0.69032579 0.57828040
vn 0.28063356 0.57817435 0.76613264
vn 0.28063356 0.57817435 0.76613264
vn 0.28063356 0.57817435 0.76613264
vn 0.07513079 0.72812620 0.68131314
vn 0.07513079 0.72812620 0.68131314
vn 0.07513079 0.72812620 0.68131314
vn 0.07263275 0.73869453 0.67011557
vn 0.07263275 0.73869453 0.67011557
vn 0.07263275 0.73869453 0.67011557
vn -0.18382282 0.65778852 0.73042688
vn -0.18382282 0.65778852 0.73042688
vn -0.18382282 0.65778852 0.73042688
vn -0.23282725 0.72541820 0.64773444
vn -0.23282725 0.72541820 0.64773444
vn -0.23282725 0.72541820 0.64773444
vn -0.44679475 0.49259513 0.74680954
vn -0.44679475 0.49259513 0.74680954
vn -0.44679475 0.49259513 0.74680954
vn -0.51919095 0.53046434 0.67011070
vn -0.51919095 0.53046434 0.67011070
vn -0.51919095 0.53046434 0.67011070
vn -0.61664494 0.29930458 0.72812484
vn -0.61664494 0.29930458 0.72812484
vn -0.61664494 0.29930458 0.72812484
vn -0.67203850 0.30075288 0.67669192
vn -0.67203850 0.30075288 0.67669192
vn -0.67203850 0.30075288 0.67669192
vn -0.68181986 0.07035277 0.72812922
vn -0.68181986 0.07035277 0.72812922
vn -0.68181986 0.07035277 0.72812922
vn -0.73438876 0.05276227 0.67667518
vn -0.73438876 0.05276227 0.67667518
vn -0.73438876 0.05276227 0.67667518
vn -0.65779171 -0.18382410 0.73042370
vn -0.65779171 -0.18382410 0.73042370
vn -0.65779171 -0.18382410 0.73042370
vn -0.72542563 -0.23283166 0.64772454
vn -0.72542563 -0.23283166 0.64772454
vn -0.72542563 -0.23283166 0.64772454
vn -0.49259423 -0.44679641 0.74680914
vn -0.49259423 -0.44679641 0.74680914
vn -0.49259423 -0.44679641 0.74680914
vn -0.56326498 -0.58866746 0.57983031
vn -0.56326498 -0.58866746 0.57983031
vn -0.56326498 -0.58866746 0.57983031
vn -0.26734287 -0.55079050 0.79066909
vn -0.26734287 -0.55079050 0.79066909
vn -0.26734287 -0.55079050 0.79066909
vn -0.22043440 -0.78858892 0.57405243
vn -0.22043440 -0.78858892 0.57405243
vn -0.22043440 -0.78858892 0.57405243
vn -0.06539539 -0.63382261 0.77070899
vn -0.06539539 -0.63382261 0.77070899
vn -0.06539539 -0.63382261 0.77070899
vn 0.11066129 -0.80829490 0.57828490
vn 0.11066129 -0.80829490 0.57828490
vn 0.11066129 -0.80829490 0.57828490
vn -0.00004752 0.00014619 0.99999999
vn 0.00000820 0.00011783 0.99999999
vn -0.00009738 0.00017310 0.99999998
vn -0.00013778 0.00013731 0.99999998
vn -0.00019236 0.00002080 0.99999998
vn -0.00015081 0.00003468 0.99999999
vn -0.00008340 0.00006325 0.99999999
vn -0.00008254 0.00003811 1.00000000
vn -0.00010813 -0.00009881 0.99999999
vn -0.00018699 -0.00002662 0.99999998
vn -0.00012260 -0.00009584 0.99999999
vn -0.00004536 -0.00009002 0.99999999
vn -0.00003797 -0.00003669 1.00000000
vn -0.00009836 -0.00000583 1.00000000
vn -0.00006331 -0.00006508 1.00000000
vn 0.00003569 -0.00011899 0.99999999
vn -0.00002596 -0.00019036 0.99999998
vn 0.00006140 -0.00012620 0.99999999
vn 0.00007701 -0.00006404 0.99999999
vn 0.00002241 -0.00004787 1.00000000
vn -0.00002813 -0.00009439 1.00000000
vn 0.00003955 -0.00008173 1.00000000
vn 0.00011445 -0.00001542 0.99999999
vn 0.00017122 -0.00008805 0.99999998
vn 0.00012739 0.00002421 0.99999999
vn 0.00010992 0.00000395 0.99999999
vn 0.00011778 -0.00000815 0.99999999
vn 0.00009467 0.00006826 0.99999999
vn 0.00017306 0.00009743 0.99999998
vn 0.00006177 0.00011445 0.99999999
vn 0.00000640 0.00009828 1.00000000
vn 0.00002361 0.00004875 1.00000000
vn 0.00001282 0.00005074 1.00000000
vn 0.00000553 0.00005389 1.00000000
vn 0.00004895 0.00008310 1.00000000
vn 0.00006320 0.00008345 0.99999999
vn 0.00003807 0.00008259 1.00000000
vn -0.00009885 0.00010818 0.99999999
vn -0.00002666 0.00018703 0.99999998
vn -0.00009589 0.00012264 0.99999999
vn -0.00009006 0.00004540 0.99999999
vn -0.00003673 0.00003801 1.00000000
vn -0.00000587 0.00009840 1.00000000
vn -0.00006513 0.00006336 1.00000000
vn -0.00011904 -0.00003565 0.99999999
vn -0.00019040 0.00002600 0.99999998
vn -0.00012625 -0.00006135 0.99999999
vn -0.00006409 -0.00007697 0.99999999
vn -0.00004791 -0.00002237 1.00000000
vn -0.00009443 0.00002817 1.00000000
vn -0.00008177 -0.00003950 1.00000000
vn -0.00001547 -0.00011440 0.99999999
vn -0.00008810 -0.00017118 0.99999998
vn 0.00002416 -0.00012735 0.99999999
vn 0.00000391 -0.00010988 0.99999999
vn -0.00000820 -0.00011774 0.99999999
vn 0.00006821 -0.00009463 0.99999999
vn 0.00009738 -0.00017301 0.99999998
vn 0.00011440 -0.00006173 0.99999999
vn 0.00009824 -0.00000636 1.00000000
vn 0.00004870 -0.00002357 1.00000000
vn 0.00005069 -0.00001278 1.00000000
vn 0.00005384 -0.00000549 1.00000000
vn 0.00008306 -0.00004891 1.00000000
vn 0.00011778 -0.00000815 0.99999999
vn 0.00014615 0.00004756 0.99999999
vn 0.00017306 0.00009743 0.99999998
vn 0.00013727 0.00013783 0.99999998
vn 0.00002076 0.00019240 0.99999998
vn 0.00003463 0.00015085 0.99999999
vn -0.00003569 0.00011908 0.99999999
vn 0.00002596 0.00019044 0.99999998
vn -0.00006140 0.00012629 0.99999999
vn -0.00007701 0.00006413 0.99999999
vn -0.00002241 0.00004796 1.00000000
vn 0.00002813 0.00009448 1.00000000
vn -0.00003955 0.00008181 1.00000000
vn -0.00011445 0.00001551 0.99999999
vn -0.00017122 0.00008814 0.99999998
vn -0.00012739 -0.00002412 0.99999999
vn -0.00010992 -0.00000387 0.99999999
vn -0.00011778 0.00000824 0.99999999
vn -0.00009467 -0.00006817 0.99999999
vn -0.00017306 -0.00009734 0.99999998
vn -0.00006177 -0.00011436 0.99999999
vn -0.00000640 -0.00009819 1.00000000
vn -0.00002361 -0.00004866 1.00000000
vn -0.00001282 -0.00005065 1.00000000
vn -0.00000553 -0.00005380 1.00000000
vn -0.00004895 -0.00008301 1.00000000
vn -0.00000820 -0.00011774 0.99999999
vn 0.00004752 -0.00014610 0.99999999
vn 0.00009738 -0.00017301 0.99999998
vn 0.00013778 -0.00013722 0.99999998
vn 0.00019236 -0.00002071 0.99999998
vn 0.00015081 -0.00003459 0.99999999
vn 0.00008340 -0.00006316 0.99999999
vn 0.00008254 -0.00003803 1.00000000
vn 0.00010813 0.00009890 0.99999999
vn 0.00018699 0.00002670 0.99999998
vn 0.00012260 0.00009593 0.99999999
vn 0.00004536 0.00009011 0.99999999
vn 0.00003797 0.00003678 1.00000000
vn 0.00009836 0.00000592 1.00000000
vn 0.00006331 0.00006517 1.00000000
vn 0.00009885 -0.00010809 0.99999999
vn 0.00009589 -0.00012256 0.99999999
vn 0.00009006 -0.00004532 0.99999999
vn 0.00003673 -0.00003792 1.00000000
vn 0.00000587 -0.00009831 1.00000000
vn 0.00006513 -0.00006327 1.00000000
vn 0.00011904 0.00003574 0.99999999
vn 0.00019040 -0.00002592 0.99999998
vn 0.00012625 0.00006144 0.99999999
vn 0.00006409 0.00007706 0.99999999
vn 0.00004791 0.00002246 1.00000000
vn 0.00009443 -0.00002808 1.00000000
vn 0.00008177 0.00003959 1.00000000
vn 0.00001547 0.00011449 0.99999999
vn 0.00008810 0.00017127 0.99999998
vn -0.00002416 0.00012743 0.99999999
vn -0.00000391 0.00010996 0.99999999
vn 0.00000820 0.00011783 0.99999999
vn -0.00006821 0.00009471 0.99999999
vn -0.00009738 0.00017310 0.99999998
vn -0.00011440 0.00006181 0.99999999
vn -0.00009824 0.00000644 1.00000000
vn -0.00004870 0.00002366 1.00000000
vn -0.00005069 0.00001286 1.00000000
vn -0.00005384 0.00000557 1.00000000
vn -0.00008306 0.00004899 1.00000000
vn -0.00011778 0.00000824 0.99999999
vn -0.00014615 -0.00004747 0.99999999
vn -0.00017306 -0.00009734 0.99999998
vn -0.00013727 -0.00013774 0.99999998
vn -0.00002076 -0.00019231 0.99999998
vn -0.00003463 -0.00015076 0.99999999
vn -0.00006320 -0.00008336 0.99999999
vn -0.00003807 -0.00008250 1.00000000
vn 0.00002666 -0.00018695 0.99999998
vn 0.04810463 -0.99880853 0.00821316
vn 0.04810463 -0.99880853 0.00821316
vn 0.04810463 -0.99880853 0.00821316
vn 0.28002481 -0.95996873 -0.00679306
vn 0.28002481 -0.95996873 -0.00679306
vn 0.28002481 -0.95996873 -0.00679306
vn 0.23254057 -0.97256993 0.00571115
vn 0.23254057 -0.97256993 0.00571115
vn 0.23254057 -0.97256993 0.00571115
vn 0.45220345 -0.89188459 -0.00734294
vn 0.45220345 -0.89188459 -0.00734294
vn 0.45220345 -0.89188459 -0.00734294
vn 0.56072766 -0.82791638 0.01178776
vn 0.56072766 -0.82791638 0.01178776
vn 0.56072766 -0.82791638 0.01178776
vn 0.71075417 -0.70334584 -0.01153877
vn 0.71075417 -0.70334584 -0.01153877
vn 0.71075417 -0.70334584 -0.01153877
vn 0.81007898 -0.58620228 0.01178717
vn 0.81007898 -0.58620228 0.01178717
vn 0.81007898 -0.58620228 0.01178717
vn 0.89448562 -0.44703073 -0.00768084
vn 0.89448562 -0.44703073 -0.00768084
vn 0.89448562 -0.44703073 -0.00768084
vn 0.96175964 -0.27380099 0.00717013
vn 0.96175964 -0.27380099 0.00717013
vn 0.96175964 -0.27380099 0.00717013
vn 0.97391500 -0.22690361 -0.00207834
vn 0.97391500 -0.22690361 -0.00207834
vn 0.97391500 -0.22690361 -0.00207834
vn 0.99742569 0.07165415 0.00276893
vn 0.99742569 0.07165415 0.00276893
vn 0.99742569 0.07165415 0.00276893
vn 0.99572148 0.09237080 -0.00252182
vn 0.99572148 0.09237080 -0.00252182
vn 0.99572148 0.09237080 -0.00252182
vn 0.92214764 0.38683072 0.00239186
vn 0.92214764 0.38683072 0.00239186
vn 0.92214764 0.38683072 0.00239186
vn 0.91743290 0.39789052 -0.00000002
vn 0.91743290 0.39789052 -0.00000002
vn 0.91743290 0.39789052 -0.00000002
vn 0.80632265 0.59147593 -0.00000003
vn 0.80632265 0.59147593 -0.00000003
vn 0.80632265 0.59147593 -0.00000003
vn 0.79983834 0.60021190 -0.00207710
vn 0.79983834 0.60021190 -0.00207710
vn 0.79983834 0.60021190 -0.00207710
vn 0.58624307 0.81013048 0.00276990
vn 0.58624307 0.81013048 0.00276990
vn 0.58624307 0.81013048 0.00276990
vn 0.56927628 0.82214242 -0.00252130
vn 0.56927628 0.82214242 -0.00252130
vn 0.56927628 0.82214242 -0.00252130
vn 0.27380698 0.96178068 0.00276922
vn 0.27380698 0.96178068 0.00276922
vn 0.27380698 0.96178068 0.00276922
vn 0.25375584 0.96726502 -0.00252170
vn 0.25375584 0.96726502 -0.00252170
vn 0.25375584 0.96726502 -0.00252170
vn -0.07165415 0.99742569 0.00276889
vn -0.07165415 0.99742569 0.00276889
vn -0.07165415 0.99742569 0.00276889
vn -0.09237036 0.99572153 -0.00252174
vn -0.09237036 0.99572153 -0.00252174
vn -0.09237036 0.99572153 -0.00252174
vn -0.38682853 0.92214856 0.00239231
vn -0.38682853 0.92214856 0.00239231
vn -0.38682853 0.92214856 0.00239231
vn -0.39789052 0.91743290 -0.00000004
vn -0.39789052 0.91743290 -0.00000004
vn -0.39789052 0.91743290 -0.00000004
vn -0.59147593 0.80632265 -0.00000004
vn -0.59147593 0.80632265 -0.00000004
vn -0.59147593 0.80632265 -0.00000004
vn -0.60021902 0.79983299 -0.00207881
vn -0.60021902 0.79983299 -0.00207881
vn -0.60021902 0.79983299 -0.00207881
vn -0.81013279 0.58623988 0.00276814
vn -0.81013279 0.58623988 0.00276814
vn -0.81013279 0.58623988 0.00276814
vn -0.80329288 0.59555685 0.00570950
vn -0.80329288 0.59555685 0.00570950
vn -0.80329288 0.59555685 0.00570950
vn -0.91969981 0.39255359 -0.00734446
vn -0.91969981 0.39255359 -0.00734446
vn -0.91969981 0.39255359 -0.00734446
vn -0.96171852 0.27378560 0.01178737
vn -0.96171852 0.27378560 0.01178737
vn -0.96171852 0.27378560 0.01178737
vn -0.99657116 0.08193166 -0.01153827
vn -0.99657116 0.08193166 -0.01153827
vn -0.99657116 0.08193166 -0.01153827
vn -0.99880854 -0.04810453 0.00821314
vn -0.99880854 -0.04810453 0.00821314
vn -0.99880854 -0.04810453 0.00821314
vn -0.95996873 -0.28002481 -0.00679297
vn -0.95996873 -0.28002481 -0.00679297
vn -0.95996873 -0.28002481 -0.00679297
vn -0.96455353 -0.26387523 -0.00252088
vn -0.96455353 -0.26387523 -0.00252088
vn -0.96455353 -0.26387523 -0.00252088
vn -0.82796746 -0.56076931 0.00276975
vn -0.82796746 -0.56076931 0.00276975
vn -0.82796746 -0.56076931 0.00276975
vn -0.81613459 -0.57785637 -0.00252036
vn -0.81613459 -0.57785637 -0.00252036
vn -0.81613459 -0.57785637 -0.00252036
vn -0.58624307 -0.81013048 0.00276997
vn -0.58624307 -0.81013048 0.00276997
vn -0.58624307 -0.81013048 0.00276997
vn -0.59555684 -0.80329287 0.00571035
vn -0.59555684 -0.80329287 0.00571035
vn -0.59555684 -0.80329287 0.00571035
vn -0.39255130 -0.91970079 -0.00734402
vn -0.39255130 -0.91970079 -0.00734402
vn -0.39255130 -0.91970079 -0.00734402
vn -0.27378602 -0.96171840 0.01178735
vn -0.27378602 -0.96171840 0.01178735
vn -0.27378602 -0.96171840 0.01178735
vn -0.08193206 -0.99657112 -0.01153821
vn -0.08193206 -0.99657112 -0.01153821
vn -0.08193206 -0.99657112 -0.01153821
vn 0.07165415 -0.99742569 0.00276898
vn 0.07165415 -0.99742569 0.00276898
vn 0.07165415 -0.99742569 0.00276898
vn 0.09237080 -0.99572148 -0.00252177
vn 0.09237080 -0.99572148 -0.00252177
vn 0.09237080 -0.99572148 -0.00252177
vn 0.38683072 -0.92214764 0.00239192
vn 0.38683072 -0.92214764 0.00239192
vn 0.38683072 -0.92214764 0.00239192
vn 0.39789052 -0.91743290 0.00000004
vn 0.39789052 -0.91743290 0.00000004
vn 0.39789052 -0.91743290 0.00000004
vn 0.59147593 -0.80632265 0.00000004
vn 0.59147593 -0.80632265 0.00000004
vn 0.59147593 -0.80632265 0.00000004
vn 0.60021190 -0.79983834 -0.00207704
vn 0.60021190 -0.79983834 -0.00207704
vn 0.60021190 -0.79983834 -0.00207704
vn 0.81013048 -0.58624307 0.00276996
vn 0.81013048 -0.58624307 0.00276996
vn 0.81013048 -0.58624307 0.00276996
vn 0.82214242 -0.56927628 -0.00252123
vn 0.82214242 -0.56927628 -0.00252123
vn 0.82214242 -0.56927628 -0.00252123
vn 0.96178068 -0.27380698 0.00276927
vn 0.96178068 -0.27380698 0.00276927
vn 0.96178068 -0.27380698 0.00276927
vn 0.96726502 -0.25375584 -0.00252164
vn 0.96726502 -0.25375584 -0.00252164
vn 0.96726502 -0.25375584 -0.00252164
vn 0.99742569 0.07165415 0.00276893
vn 0.99742569 0.07165415 0.00276893
vn 0.99742569 0.07165415 0.00276893
vn 0.99572153 0.09237036 -0.00252170
vn 0.99572153 0.09237036 -0.00252170
vn 0.99572153 0.09237036 -0.00252170
vn 0.92214856 0.38682853 0.00239233
vn 0.92214856 0.38682853 0.00239233
vn 0.92214856 0.38682853 0.00239233
vn 0.91743290 0.39789052 -0.00000002
vn 0.91743290 0.39789052 -0.00000002
vn 0.91743290 0.39789052 -0.00000002
vn 0.80632265 0.59147593 -0.00000003
vn 0.80632265 0.59147593 -0.00000003
vn 0.80632265 0.59147593 -0.00000003
vn 0.79983299 0.60021902 -0.00207880
vn 0.79983299 0.60021902 -0.00207880
vn 0.79983299 0.60021902 -0.00207880
vn 0.58623988 0.81013279 0.00276813
vn 0.58623988 0.81013279 0.00276813
vn 0.58623988 0.81013279 0.00276813
vn 0.59555685 0.80329288 0.00570950
vn 0.59555685 0.80329288 0.00570950
vn 0.59555685 0.80329288 0.00570950
vn 0.39255359 0.91969981 -0.00734448
vn 0.39255359 0.91969981 -0.00734448
vn 0.39255359 0.91969981 -0.00734448
vn 0.27378560 0.96171852 0.01178734
vn 0.27378560 0.96171852 0.01178734
vn 0.27378560 0.96171852 0.01178734
vn 0.08193166 0.99657116 -0.01153831
vn 0.08193166 0.99657116 -0.01153831
vn 0.08193166 0.99657116 -0.01153831
vn -0.04810453 0.99880854 0.00821310
vn -0.04810453 0.99880854 0.00821310
vn -0.04810453 0.99880854 0.00821310
vn -0.28002481 0.95996873 -0.00679302
vn -0.28002481 0.95996873 -0.00679302
vn -0.28002481 0.95996873 -0.00679302
vn -0.26387523 0.96455353 -0.00252094
vn -0.26387523 0.96455353 -0.00252094
vn -0.26387523 0.96455353 -0.00252094
vn -0.56076931 0.82796746 0.00276969
vn -0.56076931 0.82796746 0.00276969
vn -0.56076931 0.82796746 0.00276969
vn -0.57785637 0.81613459 -0.00252042
vn -0.57785637 0.81613459 -0.00252042
vn -0.57785637 0.81613459 -0.00252042
vn -0.81013048 0.58624307 0.00276991
vn -0.81013048 0.58624307 0.00276991
vn -0.81013048 0.58624307 0.00276991
vn -0.80329287 0.59555684 0.00571029
vn -0.80329287 0.59555684 0.00571029
vn -0.80329287 0.59555684 0.00571029
vn -0.91970079 0.39255130 -0.00734408
vn -0.91970079 0.39255130 -0.00734408
vn -0.91970079 0.39255130 -0.00734408
vn -0.96171840 0.27378602 0.01178730
vn -0.96171840 0.27378602 0.01178730
vn -0.96171840 0.27378602 0.01178730
vn -0.99657112 0.08193206 -0.01153826
vn -0.99657112 0.08193206 -0.01153826
vn -0.99657112 0.08193206 -0.01153826
vn -0.99880853 -0.04810463 0.00821312
vn -0.99880853 -0.04810463 0.00821312
vn -0.99880853 -0.04810463 0.00821312
vn -0.95996873 -0.28002481 -0.00679309
vn -0.95996873 -0.28002481 -0.00679309
vn -0.95996873 -0.28002481 -0.00679309
vn -0.97256993 -0.23254057 0.00571112
vn -0.97256993 -0.23254057 0.00571112
vn -0.97256993 -0.23254057 0.00571112
vn -0.89188459 -0.45220345 -0.00734296
vn -0.89188459 -0.45220345 -0.00734296
vn -0.89188459 -0.45220345 -0.00734296
vn -0.82791639 -0.56072766 0.01178775
vn -0.82791639 -0.56072766 0.01178775
vn -0.82791639 -0.56072766 0.01178775
vn -0.70334584 -0.71075417 -0.01153877
vn -0.70334584 -0.71075417 -0.01153877
vn -0.70334584 -0.71075417 -0.01153877
vn -0.58620228 -0.81007898 0.01178718
vn -0.58620228 -0.81007898 0.01178718
vn -0.58620228 -0.81007898 0.01178718
vn -0.44703073 -0.89448562 -0.00768082
vn -0.44703073 -0.89448562 -0.00768082
vn -0.44703073 -0.89448562 -0.00768082
vn -0.27380100 -0.96175964 0.00717016
vn -0.27380100 -0.96175964 0.00717016
vn -0.27380100 -0.96175964 0.00717016
vn -0.22690361 -0.97391500 -0.00207831
vn -0.22690361 -0.97391500 -0.00207831
vn -0.22690361 -0.97391500 -0.00207831
vn 0.07165415 -0.99742569 0.00276898
vn 0.07165415 -0.99742569 0.00276898
vn 0.07165415 -0.99742569 0.00276898
vn 0.09237036 -0.99572153 -0.00252166
vn 0.09237036 -0.99572153 -0.00252166
vn 0.09237036 -0.99572153 -0.00252166
vn 0.38682853 -0.92214856 0.00239239
vn 0.38682853 -0.92214856 0.00239239
vn 0.38682853 -0.92214856 0.00239239
vn 0.39789052 -0.91743290 0.00000004
vn 0.39789052 -0.91743290 0.00000004
vn 0.39789052 -0.91743290 0.00000004
vn 0.59147593 -0.80632265 0.00000004
vn 0.59147593 -0.80632265 0.00000004
vn 0.59147593 -0.80632265 0.00000004
vn 0.60021902 -0.79983299 -0.00207874
vn 0.60021902 -0.79983299 -0.00207874
vn 0.60021902 -0.79983299 -0.00207874
vn 0.81013279 -0.58623988 0.00276819
vn 0.81013279 -0.58623988 0.00276819
vn 0.81013279 -0.58623988 0.00276819
vn 0.80329288 -0.59555684 0.00570956
vn 0.80329288 -0.59555684 0.00570956
vn 0.80329288 -0.59555684 0.00570956
vn 0.91969981 -0.39255359 -0.00734442
vn 0.91969981 -0.39255359 -0.00734442
vn 0.91969981 -0.39255359 -0.00734442
vn 0.96171852 -0.27378559 0.01178739
vn 0.96171852 -0.27378559 0.01178739
vn 0.96171852 -0.27378559 0.01178739
vn 0.99657116 -0.08193166 -0.01153826
vn 0.99657116 -0.08193166 -0.01153826
vn 0.99657116 -0.08193166 -0.01153826
vn 0.99880854 0.04810453 0.00821314
vn 0.99880854 0.04810453 0.00821314
vn 0.99880854 0.04810453 0.00821314
vn 0.95996873 0.28002481 -0.00679299
vn 0.95996873 0.28002481 -0.00679299
vn 0.95996873 0.28002481 -0.00679299
vn 0.96455353 0.26387523 -0.00252091
vn 0.96455353 0.26387523 -0.00252091
vn 0.96455353 0.26387523 -0.00252091
vn 0.82796746 0.56076931 0.00276971
vn 0.82796746 0.56076931 0.00276971
vn 0.82796746 0.56076931 0.00276971
vn 0.81613459 0.57785637 -0.00252041
vn 0.81613459 0.57785637 -0.00252041
vn 0.81613459 0.57785637 -0.00252041
vn 0.58624307 0.81013048 0.00276990
vn 0.58624307 0.81013048 0.00276990
vn 0.58624307 0.81013048 0.00276990
vn 0.59555684 0.80329287 0.00571028
vn 0.59555684 0.80329287 0.00571028
vn 0.59555684 0.80329287 0.00571028
vn 0.39255130 0.91970079 -0.00734410
vn 0.39255130 0.91970079 -0.00734410
vn 0.39255130 0.91970079 -0.00734410
vn 0.27378602 0.96171840 0.01178727
vn 0.27378602 0.96171840 0.01178727
vn 0.27378602 0.96171840 0.01178727
vn 0.08193206 0.99657112 -0.01153830
vn 0.08193206 0.99657112 -0.01153830
vn 0.08193206 0.99657112 -0.01153830
vn -0.04810463 0.99880854 0.00821307
vn -0.04810463 0.99880854 0.00821307
vn -0.04810463 0.99880854 0.00821307
vn -0.28002481 0.95996873 -0.00679314
vn -0.28002481 0.95996873 -0.00679314
vn -0.28002481 0.95996873 -0.00679314
vn -0.23254057 0.97256993 0.00571107
vn -0.23254057 0.97256993 0.00571107
vn -0.23254057 0.97256993 0.00571107
vn -0.45220345 0.89188459 -0.00734302
vn -0.45220345 0.89188459 -0.00734302
vn -0.45220345 0.89188459 -0.00734302
vn -0.56072766 0.82791639 0.01178769
vn -0.56072766 0.82791639 0.01178769
vn -0.56072766 0.82791639 0.01178769
vn -0.71075417 0.70334583 -0.01153883
vn -0.71075417 0.70334583 -0.01153883
vn -0.71075417 0.70334583 -0.01153883
vn -0.81007898 0.58620228 0.01178712
vn -0.81007898 0.58620228 0.01178712
vn -0.81007898 0.58620228 0.01178712
vn -0.89448562 0.44703073 -0.00768088
vn -0.89448562 0.44703073 -0.00768088
vn -0.89448562 0.44703073 -0.00768088
vn -0.96175964 0.27380100 0.00717010
vn -0.96175964 0.27380100 0.00717010
vn -0.96175964 0.27380100 0.00717010
vn -0.97391500 0.22690361 -0.00207836
vn -0.97391500 0.22690361 -0.00207836
vn -0.97391500 0.22690361 -0.00207836
vn -0.99742569 -0.07165415 0.00276893
vn -0.99742569 -0.07165415 0.00276893
vn -0.99742569 -0.07165415 0.00276893
vn -0.99572148 -0.09237080 -0.00252181
vn -0.99572148 -0.09237080 -0.00252181
vn -0.99572148 -0.09237080 -0.00252181
vn -0.92214764 -0.38683072 0.00239189
vn -0.92214764 -0.38683072 0.00239189
vn -0.92214764 -0.38683072 0.00239189
vn -0.91743290 -0.39789052 0.00000002
vn -0.91743290 -0.39789052 0.00000002
vn -0.91743290 -0.39789052 0.00000002
vn -0.80632265 -0.59147593 0.00000003
vn -0.80632265 -0.59147593 0.00000003
vn -0.80632265 -0.59147593 0.00000003
vn -0.79983834 -0.60021190 -0.00207705
vn -0.79983834 -0.60021190 -0.00207705
vn -0.79983834 -0.60021190 -0.00207705
vn -0.58624307 -0.81013048 0.00276997
vn -0.58624307 -0.81013048 0.00276997
vn -0.58624307 -0.81013048 0.00276997
vn -0.56927628 -0.82214242 -0.00252122
vn -0.56927628 -0.82214242 -0.00252122
vn -0.56927628 -0.82214242 -0.00252122
vn -0.27380698 -0.96178067 0.00276930
vn -0.27380698 -0.96178067 0.00276930
vn -0.27380698 -0.96178067 0.00276930
vn -0.25375584 -0.96726502 -0.00252161
vn -0.25375584 -0.96726502 -0.00252161
vn -0.25375584 -0.96726502 -0.00252161
vn 0.04810453 -0.99880854 0.00821319
vn 0.04810453 -0.99880854 0.00821319
vn 0.04810453 -0.99880854 0.00821319
vn 0.28002481 -0.95996873 -0.00679294
vn 0.28002481 -0.95996873 -0.00679294
vn 0.28002481 -0.95996873 -0.00679294
vn 0.26387523 -0.96455353 -0.00252085
vn 0.26387523 -0.96455353 -0.00252085
vn 0.26387523 -0.96455353 -0.00252085
vn 0.56076931 -0.82796746 0.00276977
vn 0.56076931 -0.82796746 0.00276977
vn 0.56076931 -0.82796746 0.00276977
vn 0.57785637 -0.81613459 -0.00252035
vn 0.57785637 -0.81613459 -0.00252035
vn 0.57785637 -0.81613459 -0.00252035
vn 0.81013048 -0.58624307 0.00276996
vn 0.81013048 -0.58624307 0.00276996
vn 0.81013048 -0.58624307 0.00276996
vn 0.80329287 -0.59555684 0.00571034
vn 0.80329287 -0.59555684 0.00571034
vn 0.80329287 -0.59555684 0.00571034
vn 0.91970079 -0.39255130 -0.00734405
vn 0.91970079 -0.39255130 -0.00734405
vn 0.91970079 -0.39255130 -0.00734405
vn 0.96171840 -0.27378602 0.01178732
vn 0.96171840 -0.27378602 0.01178732
vn 0.96171840 -0.27378602 0.01178732
vn 0.99657112 -0.08193206 -0.01153825
vn 0.99657112 -0.08193206 -0.01153825
vn 0.99657112 -0.08193206 -0.01153825
vn 0.99880853 0.04810463 0.00821311
vn 0.99880853 0.04810463 0.00821311
vn 0.99880853 0.04810463 0.00821311
vn 0.95996873 0.28002481 -0.00679311
vn 0.95996873 0.28002481 -0.00679311
vn 0.95996873 0.28002481 -0.00679311
vn 0.97256993 0.23254057 0.00571110
vn 0.97256993 0.23254057 0.00571110
vn 0.97256993 0.23254057 0.00571110
vn 0.89188459 0.45220345 -0.00734300
vn 0.89188459 0.45220345 -0.00734300
vn 0.89188459 0.45220345 -0.00734300
vn 0.82791639 0.56072766 0.01178770
vn 0.82791639 0.56072766 0.01178770
vn 0.82791639 0.56072766 0.01178770
vn 0.70334584 0.71075417 -0.01153883
vn 0.70334584 0.71075417 -0.01153883
vn 0.70334584 0.71075417 -0.01153883
vn 0.58620228 0.81007898 0.01178711
vn 0.58620228 0.81007898 0.01178711
vn 0.58620228 0.81007898 0.01178711
vn 0.44703073 0.89448562 -0.00768090
vn 0.44703073 0.89448562 -0.00768090
vn 0.44703073 0.89448562 -0.00768090
vn 0.27380100 0.96175964 0.00717007
vn 0.27380100 0.96175964 0.00717007
vn 0.27380100 0.96175964 0.00717007
vn 0.22690361 0.97391500 -0.00207839
vn 0.22690361 0.97391500 -0.00207839
vn 0.22690361 0.97391500 -0.00207839
vn -0.07165415 0.99742569 0.00276889
vn -0.07165415 0.99742569 0.00276889
vn -0.07165415 0.99742569 0.00276889
vn -0.09237080 0.99572148 -0.00252186
vn -0.09237080 0.99572148 -0.00252186
vn -0.09237080 0.99572148 -0.00252186
vn -0.38683072 0.92214764 0.00239184
vn -0.38683072 0.92214764 0.00239184
vn -0.38683072 0.92214764 0.00239184
vn -0.39789052 0.91743290 -0.00000004
vn -0.39789052 0.91743290 -0.00000004
vn -0.39789052 0.91743290 -0.00000004
vn -0.59147593 0.80632265 -0.00000004
vn -0.59147593 0.80632265 -0.00000004
vn -0.59147593 0.80632265 -0.00000004
vn -0.60021190 0.79983834 -0.00207711
vn -0.60021190 0.79983834 -0.00207711
vn -0.60021190 0.79983834 -0.00207711
vn -0.81013048 0.58624307 0.00276991
vn -0.81013048 0.58624307 0.00276991
vn -0.81013048 0.58624307 0.00276991
vn -0.82214242 0.56927628 -0.00252128
vn -0.82214242 0.56927628 -0.00252128
vn -0.82214242 0.56927628 -0.00252128
vn -0.96178068 0.27380698 0.00276925
vn -0.96178068 0.27380698 0.00276925
vn -0.96178068 0.27380698 0.00276925
vn -0.96726502 0.25375584 -0.00252167
vn -0.96726502 0.25375584 -0.00252167
vn -0.96726502 0.25375584 -0.00252167
vn -0.99742569 -0.07165415 0.00276893
vn -0.99742569 -0.07165415 0.00276893
vn -0.99742569 -0.07165415 0.00276893
vn -0.99572153 -0.09237036 -0.00252170
vn -0.99572153 -0.09237036 -0.00252170
vn -0.99572153 -0.09237036 -0.00252170
vn -0.92214856 -0.38682853 0.00239237
vn -0.92214856 -0.38682853 0.00239237
vn -0.92214856 -0.38682853 0.00239237
vn -0.91743290 -0.39789052 0.00000002
vn -0.91743290 -0.39789052 0.00000002
vn -0.91743290 -0.39789052 0.00000002
vn -0.80632265 -0.59147593 0.00000003
vn -0.80632265 -0.59147593 0.00000003
vn -0.80632265 -0.59147593 0.00000003
vn -0.79983299 -0.60021902 -0.00207875
vn -0.79983299 -0.60021902 -0.00207875
vn -0.79983299 -0.60021902 -0.00207875
vn -0.58623988 -0.81013279 0.00276820
vn -0.58623988 -0.81013279 0.00276820
vn -0.58623988 -0.81013279 0.00276820
vn -0.59555685 -0.80329288 0.00570957
vn -0.59555685 -0.80329288 0.00570957
vn -0.59555685 -0.80329288 0.00570957
vn -0.39255359 -0.91969981 -0.00734440
vn -0.39255359 -0.91969981 -0.00734440
vn -0.39255359 -0.91969981 -0.00734440
vn -0.27378560 -0.96171852 0.01178742
vn -0.27378560 -0.96171852 0.01178742
vn -0.27378560 -0.96171852 0.01178742
vn -0.08193166 -0.99657116 -0.01153822
vn -0.08193166 -0.99657116 -0.01153822
vn -0.08193166 -0.99657116 -0.01153822
vn 0.13962736 -0.57870480 0.80349546
vn 0.13962736 -0.57870480 0.80349546
vn 0.13962736 -0.57870480 0.80349546
vn 0.40161407 -0.79361503 0.45703537
vn 0.40161407 -0.79361503 0.45703537
vn 0.40161407 -0.79361503 0.45703537
vn 0.30290184 -0.66821070 0.67951816
vn 0.30290184 -0.66821070 0.67951816
vn 0.30290184 -0.66821070 0.67951816
vn 0.49845706 -0.49326151 0.71290507
vn 0.49845706 -0.49326151 0.71290507
vn 0.49845706 -0.49326151 0.71290507
vn 0.52394751 -0.50789951 0.68375221
vn 0.52394751 -0.50789951 0.68375221
vn 0.52394751 -0.50789951 0.68375221
vn 0.62856996 -0.31290792 0.71203120
vn 0.62856996 -0.31290792 0.71203120
vn 0.62856996 -0.31290792 0.71203120
vn 0.71969596 -0.32207178 0.61506707
vn 0.71969596 -0.32207178 0.61506707
vn 0.71969596 -0.32207178 0.61506707
vn 0.61252186 -0.14387790 0.77724907
vn 0.61252186 -0.14387790 0.77724907
vn 0.61252186 -0.14387790 0.77724907
vn 0.84131352 -0.06042767 0.53715925
vn 0.84131352 -0.06042767 0.53715925
vn 0.84131352 -0.06042767 0.53715925
vn 0.59834466 0.05550384 0.79931408
vn 0.59834466 0.05550384 0.79931408
vn 0.59834466 0.05550384 0.79931408
vn 0.81125909 0.23094799 0.53714217
vn 0.81125909 0.23094799 0.53714217
vn 0.81125909 0.23094799 0.53714217
vn 0.58586508 0.25537322 0.76912069
vn 0.58586508 0.25537322 0.76912069
vn 0.58586508 0.25537322 0.76912069
vn 0.62145337 0.46518625 0.63039469
vn 0.62145337 0.46518625 0.63039469
vn 0.62145337 0.46518625 0.63039469
vn 0.59117784 0.42779831 0.68373779
vn 0.59117784 0.42779831 0.68373779
vn 0.59117784 0.42779831 0.68373779
vn 0.39921935 0.57654814 0.71289280
vn 0.39921935 0.57654814 0.71289280
vn 0.39921935 0.57654814 0.71289280
vn 0.40920941 0.60419249 0.68373905
vn 0.40920941 0.60419249 0.68373905
vn 0.40920941 0.60419249 0.68373905
vn 0.17794717 0.67830941 0.71290332
vn 0.17794717 0.67830941 0.71290332
vn 0.17794717 0.67830941 0.71290332
vn 0.17788129 0.70769962 0.68375397
vn 0.17788129 0.70769962 0.68375397
vn 0.17788129 0.70769962 0.68375397
vn -0.06477199 0.69825178 0.71291588
vn -0.06477199 0.69825178 0.71291588
vn -0.06477199 0.69825178 0.71291588
vn -0.07489084 0.72585655 0.68375700
vn -0.07489084 0.72585655 0.68375700
vn -0.07489084 0.72585655 0.68375700
vn -0.28037096 0.64372315 0.71204819
vn -0.28037096 0.64372315 0.71204819
vn -0.28037096 0.64372315 0.71204819
vn -0.34429100 0.70933427 0.61506796
vn -0.34429100 0.70933427 0.61506796
vn -0.34429100 0.70933427 0.61506796
vn -0.37674729 0.50395018 0.77723593
vn -0.37674729 0.50395018 0.77723593
vn -0.37674729 0.50395018 0.77723593
vn -0.60559562 0.58705252 0.53723671
vn -0.60559562 0.58705252 0.53723671
vn -0.60559562 0.58705252 0.53723671
vn -0.51408520 0.37968091 0.76912861
vn -0.51408520 0.37968091 0.76912861
vn -0.51408520 0.37968091 0.76912861
vn -0.71355841 0.30558442 0.63043839
vn -0.71355841 0.30558442 0.63043839
vn -0.71355841 0.30558442 0.63043839
vn -0.66606386 0.29806486 0.68375162
vn -0.66606386 0.29806486 0.68375162
vn -0.66606386 0.29806486 0.68375162
vn -0.69890677 0.05745965 0.71290092
vn -0.69890677 0.05745965 0.71290092
vn -0.69890677 0.05745965 0.71290092
vn -0.72782819 0.05229079 0.68376297
vn -0.72782819 0.05229079 0.68376297
vn -0.72782819 0.05229079 0.68376297
vn -0.67640165 -0.18504480 0.71290899
vn -0.67640165 -0.18504480 0.71290899
vn -0.67640165 -0.18504480 0.71290899
vn -0.05682800 0.11441364 0.99180648
vn -0.05682800 0.11441364 0.99180648
vn -0.05682800 0.11441364 0.99180648
vn -0.77941860 -0.36756395 0.50734937
vn -0.77941860 -0.36756395 0.50734937
vn -0.77941860 -0.36756395 0.50734937
vn -0.49047072 -0.34727311 0.79927458
vn -0.49047072 -0.34727311 0.79927458
vn -0.49047072 -0.34727311 0.79927458
vn -0.58705672 -0.60560548 0.53722100
vn -0.58705672 -0.60560548 0.53722100
vn -0.58705672 -0.60560548 0.53722100
vn -0.37969945 -0.51411015 0.76910278
vn -0.37969945 -0.51411015 0.76910278
vn -0.37969945 -0.51411015 0.76910278
vn -0.30559110 -0.71357916 0.63041166
vn -0.30559110 -0.71357916 0.63041166
vn -0.30559110 -0.71357916 0.63041166
vn -0.29806601 -0.66604344 0.68377101
vn -0.29806601 -0.66604344 0.68377101
vn -0.29806601 -0.66604344 0.68377101
vn -0.05745892 -0.69889494 0.71291257
vn -0.05745892 -0.69889494 0.71291257
vn -0.05745892 -0.69889494 0.71291257
vn -0.03179784 -0.82640034 0.56218447
vn -0.03179784 -0.82640034 0.56218447
vn -0.03179784 -0.82640034 0.56218447
vn -0.57210145 -0.03269843 0.81953081
vn -0.57210145 -0.03269843 0.81953081
vn -0.57210145 -0.03269843 0.81953081
vn -0.56082801 -0.03027007 0.82737879
vn -0.56082801 -0.03027007 0.82737879
vn -0.56082801 -0.03027007 0.82737879
vn -0.76258487 -0.49461940 0.41691242
vn -0.76258487 -0.49461940 0.41691242
vn -0.76258487 -0.49461940 0.41691242
vn -0.63250822 -0.38479159 0.67221186
vn -0.63250822 -0.38479159 0.67221186
vn -0.63250822 -0.38479159 0.67221186
vn -0.25047397 -0.18413446 0.95045110
vn -0.25047397 -0.18413446 0.95045110
vn -0.25047397 -0.18413446 0.95045110
vn -0.55521140 -0.28040918 0.78301404
vn -0.55521140 -0.28040918 0.78301404
vn -0.55521140 -0.28040918 0.78301404
vn -0.72452654 -0.38180001 0.57383800
vn -0.72452654 -0.38180001 0.57383800
vn -0.72452654 -0.38180001 0.57383800
vn -0.81699989 -0.41252076 0.40291166
vn -0.81699989 -0.41252076 0.40291166
vn -0.81699989 -0.41252076 0.40291166
vn -0.52596314 -0.21505356 0.82286982
vn -0.52596314 -0.21505356 0.82286982
vn -0.52596314 -0.21505356 0.82286982
vn -0.78278243 -0.28112297 0.55517704
vn -0.78278243 -0.28112297 0.55517704
vn -0.78278243 -0.28112297 0.55517704
vn -0.57340509 -0.13559074 0.80797386
vn -0.57340509 -0.13559074 0.80797386
vn -0.57340509 -0.13559074 0.80797386
vn -0.78480043 -0.21972424 0.57949077
vn -0.78480043 -0.21972424 0.57949077
vn -0.78480043 -0.21972424 0.57949077
vn -0.56457247 -0.09772408 0.81957790
vn -0.56457247 -0.09772408 0.81957790
vn -0.56457247 -0.09772408 0.81957790
vn -0.79714549 -0.10433530 0.59470431
vn -0.79714549 -0.10433530 0.59470431
vn -0.79714549 -0.10433530 0.59470431
vn -0.05924240 -0.91036880 0.40953508
vn -0.05924240 -0.91036880 0.40953508
vn -0.05924240 -0.91036880 0.40953508
vn -0.02260527 -0.60647347 0.79478232
vn -0.02260527 -0.60647347 0.79478232
vn -0.02260527 -0.60647347 0.79478232
vn -0.02937493 -0.47899176 0.87732777
vn -0.02937493 -0.47899176 0.87732777
vn -0.02937493 -0.47899176 0.87732777
vn -0.15478843 -0.24158701 0.95795420
vn -0.15478843 -0.24158701 0.95795420
vn -0.15478843 -0.24158701 0.95795420
vn -0.42395509 -0.68601725 0.59130569
vn -0.42395509 -0.68601725 0.59130569
vn -0.42395509 -0.68601725 0.59130569
vn -0.48116058 -0.74396625 0.46367954
vn -0.48116058 -0.74396625 0.46367954
vn -0.48116058 -0.74396625 0.46367954
vn -0.09984594 -0.58891898 0.80200076
vn -0.09984594 -0.58891898 0.80200076
vn -0.09984594 -0.58891898 0.80200076
vn -0.10250480 -0.80325275 0.58675189
vn -0.10250480 -0.80325275 0.58675189
vn -0.10250480 -0.80325275 0.58675189
vn -0.18483042 -0.70320613 0.68654122
vn -0.18483042 -0.70320613 0.68654122
vn -0.18483042 -0.70320613 0.68654122
vn -0.22046527 -0.79119721 0.57044022
vn -0.22046527 -0.79119721 0.57044022
vn -0.22046527 -0.79119721 0.57044022
vn -0.17126902 -0.44958478 0.87666439
vn -0.17126902 -0.44958478 0.87666439
vn -0.17126902 -0.44958478 0.87666439
vn -0.35073509 -0.92515840 0.14514421
vn -0.35073509 -0.92515840 0.14514421
vn -0.35073509 -0.92515840 0.14514421
vn -0.26565773 -0.52201172 0.81051202
vn -0.26565773 -0.52201172 0.81051202
vn -0.26565773 -0.52201172 0.81051202
vn -0.32669033 -0.63286573 0.70196467
vn -0.32669033 -0.63286573 0.70196467
vn -0.32669033 -0.63286573 0.70196467
vn -0.39313870 -0.80114175 0.45123593
vn -0.39313870 -0.80114175 0.45123593
vn -0.39313870 -0.80114175 0.45123593
vn 0.23094796 -0.81125907 0.53714221
vn 0.23094796 -0.81125907 0.53714221
vn 0.23094796 -0.81125907 0.53714221
vn 0.25537319 -0.58586504 0.76912072
vn 0.25537319 -0.58586504 0.76912072
vn 0.25537319 -0.58586504 0.76912072
vn 0.46518622 -0.62145334 0.63039474
vn 0.46518622 -0.62145334 0.63039474
vn 0.46518622 -0.62145334 0.63039474
vn 0.42779828 -0.59117781 0.68373783
vn 0.42779828 -0.59117781 0.68373783
vn 0.42779828 -0.59117781 0.68373783
vn 0.57654811 -0.39921932 0.71289285
vn 0.57654811 -0.39921932 0.71289285
vn 0.57654811 -0.39921932 0.71289285
vn 0.60419246 -0.40920938 0.68373910
vn 0.60419246 -0.40920938 0.68373910
vn 0.60419246 -0.40920938 0.68373910
vn 0.67830938 -0.17794714 0.71290336
vn 0.67830938 -0.17794714 0.71290336
vn 0.67830938 -0.17794714 0.71290336
vn 0.70769959 -0.17788126 0.68375401
vn 0.70769959 -0.17788126 0.68375401
vn 0.70769959 -0.17788126 0.68375401
vn 0.69825174 0.06477202 0.71291590
vn 0.69825174 0.06477202 0.71291590
vn 0.69825174 0.06477202 0.71291590
vn 0.72585652 0.07489087 0.68375703
vn 0.72585652 0.07489087 0.68375703
vn 0.72585652 0.07489087 0.68375703
vn 0.64372312 0.28037099 0.71204821
vn 0.64372312 0.28037099 0.71204821
vn 0.64372312 0.28037099 0.71204821
vn 0.70933425 0.34429103 0.61506798
vn 0.70933425 0.34429103 0.61506798
vn 0.70933425 0.34429103 0.61506798
vn 0.50395015 0.37674733 0.77723593
vn 0.50395015 0.37674733 0.77723593
vn 0.50395015 0.37674733 0.77723593
vn 0.58705250 0.60559564 0.53723671
vn 0.58705250 0.60559564 0.53723671
vn 0.58705250 0.60559564 0.53723671
vn 0.37968087 0.51408523 0.76912860
vn 0.37968087 0.51408523 0.76912860
vn 0.37968087 0.51408523 0.76912860
vn 0.30558439 0.71355843 0.63043837
vn 0.30558439 0.71355843 0.63043837
vn 0.30558439 0.71355843 0.63043837
vn 0.29806483 0.66606389 0.68375160
vn 0.29806483 0.66606389 0.68375160
vn 0.29806483 0.66606389 0.68375160
vn 0.05745961 0.69890680 0.71290089
vn 0.05745961 0.69890680 0.71290089
vn 0.05745961 0.69890680 0.71290089
vn 0.05229076 0.72782822 0.68376294
vn 0.05229076 0.72782822 0.68376294
vn 0.05229076 0.72782822 0.68376294
vn -0.18504483 0.67640168 0.71290895
vn -0.18504483 0.67640168 0.71290895
vn -0.18504483 0.67640168 0.71290895
vn 0.11441360 0.05682804 0.99180648
vn 0.11441360 0.05682804 0.99180648
vn 0.11441360 0.05682804 0.99180648
vn -0.36756398 0.77941862 0.50734932
vn -0.36756398 0.77941862 0.50734932
vn -0.36756398 0.77941862 0.50734932
vn -0.34727315 0.49047075 0.79927455
vn -0.34727315 0.49047075 0.79927455
vn -0.34727315 0.49047075 0.79927455
vn -0.60560551 0.58705674 0.53722095
vn -0.60560551 0.58705674 0.53722095
vn -0.60560551 0.58705674 0.53722095
vn -0.51411019 0.37969948 0.76910274
vn -0.51411019 0.37969948 0.76910274
vn -0.51411019 0.37969948 0.76910274
vn -0.71357918 0.30559113 0.63041162
vn -0.71357918 0.30559113 0.63041162
vn -0.71357918 0.30559113 0.63041162
vn -0.66604347 0.29806604 0.68377097
vn -0.66604347 0.29806604 0.68377097
vn -0.66604347 0.29806604 0.68377097
vn -0.69889497 0.05745896 0.71291254
vn -0.69889497 0.05745896 0.71291254
vn -0.69889497 0.05745896 0.71291254
vn -0.82640036 0.03179786 0.56218444
vn -0.82640036 0.03179786 0.56218444
vn -0.82640036 0.03179786 0.56218444
vn -0.57870484 -0.13962732 0.80349544
vn -0.57870484 -0.13962732 0.80349544
vn -0.57870484 -0.13962732 0.80349544
vn -0.79361505 -0.40161405 0.45703535
vn -0.79361505 -0.40161405 0.45703535
vn -0.79361505 -0.40161405 0.45703535
vn -0.66821073 -0.30290181 0.67951815
vn -0.66821073 -0.30290181 0.67951815
vn -0.66821073 -0.30290181 0.67951815
vn -0.49326154 -0.49845703 0.71290507
vn -0.49326154 -0.49845703 0.71290507
vn -0.49326154 -0.49845703 0.71290507
vn -0.50789954 -0.52394748 0.68375221
vn -0.50789954 -0.52394748 0.68375221
vn -0.50789954 -0.52394748 0.68375221
vn -0.31290795 -0.62856993 0.71203121
vn -0.31290795 -0.62856993 0.71203121
vn -0.31290795 -0.62856993 0.71203121
vn -0.32207181 -0.71969593 0.61506709
vn -0.32207181 -0.71969593 0.61506709
vn -0.32207181 -0.71969593 0.61506709
vn -0.14387793 -0.61252183 0.77724909
vn -0.14387793 -0.61252183 0.77724909
vn -0.14387793 -0.61252183 0.77724909
vn -0.06042770 -0.84131350 0.53715928
vn -0.06042770 -0.84131350 0.53715928
vn -0.06042770 -0.84131350 0.53715928
vn 0.05550380 -0.59834462 0.79931411
vn 0.05550380 -0.59834462 0.79931411
vn 0.05550380 -0.59834462 0.79931411
vn -0.03269847 0.57210148 0.81953078
vn -0.03269847 0.57210148 0.81953078
vn -0.03269847 0.57210148 0.81953078
vn -0.03027011 0.56082805 0.82737876
vn -0.03027011 0.56082805 0.82737876
vn -0.03027011 0.56082805 0.82737876
vn -0.49464463 0.76283203 0.41643005
vn -0.49464463 0.76283203 0.41643005
vn -0.49464463 0.76283203 0.41643005
vn -0.38509140 0.63310547 0.67147754
vn -0.38509140 0.63310547 0.67147754
vn -0.38509140 0.63310547 0.67147754
vn -0.18413450 0.25047401 0.95045108
vn -0.18413450 0.25047401 0.95045108
vn -0.18413450 0.25047401 0.95045108
vn -0.28040921 0.55521144 0.78301401
vn -0.28040921 0.55521144 0.78301401
vn -0.28040921 0.55521144 0.78301401
vn -0.38180003 0.72452656 0.57383795
vn -0.38180003 0.72452656 0.57383795
vn -0.38180003 0.72452656 0.57383795
vn -0.41255227 0.81710609 0.40266396
vn -0.41255227 0.81710609 0.40266396
vn -0.41255227 0.81710609 0.40266396
vn -0.21505360 0.52596317 0.82286979
vn -0.21505360 0.52596317 0.82286979
vn -0.21505360 0.52596317 0.82286979
vn -0.28112299 0.78278245 0.55517700
vn -0.28112299 0.78278245 0.55517700
vn -0.28112299 0.78278245 0.55517700
vn -0.13559077 0.57340513 0.80797383
vn -0.13559077 0.57340513 0.80797383
vn -0.13559077 0.57340513 0.80797383
vn -0.21972426 0.78480045 0.57949073
vn -0.21972426 0.78480045 0.57949073
vn -0.21972426 0.78480045 0.57949073
vn -0.09772412 0.56457251 0.81957787
vn -0.09772412 0.56457251 0.81957787
vn -0.09772412 0.56457251 0.81957787
vn -0.10433533 0.79714552 0.59470427
vn -0.10433533 0.79714552 0.59470427
vn -0.10433533 0.79714552 0.59470427
vn -0.91035465 0.05949249 0.40953028
vn -0.91035465 0.05949249 0.40953028
vn -0.91035465 0.05949249 0.40953028
vn -0.60316337 0.02279799 0.79729179
vn -0.60316337 0.02279799 0.79729179
vn -0.60316337 0.02279799 0.79729179
vn -0.47825759 0.02941044 0.87772701
vn -0.47825759 0.02941044 0.87772701
vn -0.47825759 0.02941044 0.87772701
vn -0.24158706 0.15478847 0.95795419
vn -0.24158706 0.15478847 0.95795419
vn -0.24158706 0.15478847 0.95795419
vn -0.68717647 0.42465064 0.58945766
vn -0.68717647 0.42465064 0.58945766
vn -0.68717647 0.42465064 0.58945766
vn -0.74175032 0.47862623 0.46981208
vn -0.74175032 0.47862623 0.46981208
vn -0.74175032 0.47862623 0.46981208
vn -0.59089763 0.10020166 0.80049961
vn -0.59089763 0.10020166 0.80049961
vn -0.59089763 0.10020166 0.80049961
vn -0.80323174 0.10273356 0.58674064
vn -0.80323174 0.10273356 0.58674064
vn -0.80323174 0.10273356 0.58674064
vn -0.70320616 0.18483045 0.68654118
vn -0.70320616 0.18483045 0.68654118
vn -0.70320616 0.18483045 0.68654118
vn -0.79112529 0.22043514 0.57055159
vn -0.79112529 0.22043514 0.57055159
vn -0.79112529 0.22043514 0.57055159
vn -0.44958482 0.17126906 0.87666436
vn -0.44958482 0.17126906 0.87666436
vn -0.44958482 0.17126906 0.87666436
vn -0.92515840 0.35073509 0.14514415
vn -0.92515840 0.35073509 0.14514415
vn -0.92515840 0.35073509 0.14514415
vn -0.52201175 0.26565776 0.81051199
vn -0.52201175 0.26565776 0.81051199
vn -0.52201175 0.26565776 0.81051199
vn -0.63286576 0.32669036 0.70196463
vn -0.63286576 0.32669036 0.70196463
vn -0.63286576 0.32669036 0.70196463
vn -0.79527969 0.39098024 0.46331919
vn -0.79527969 0.39098024 0.46331919
vn -0.79527969 0.39098024 0.46331919
vn -0.81125909 -0.23094794 0.53714219
vn -0.81125909 -0.23094794 0.53714219
vn -0.81125909 -0.23094794 0.53714219
vn -0.58586508 -0.25537315 0.76912071
vn -0.58586508 -0.25537315 0.76912071
vn -0.58586508 -0.25537315 0.76912071
vn -0.62145337 -0.46518619 0.63039473
vn -0.62145337 -0.46518619 0.63039473
vn -0.62145337 -0.46518619 0.63039473
vn -0.59117784 -0.42779825 0.68373783
vn -0.59117784 -0.42779825 0.68373783
vn -0.59117784 -0.42779825 0.68373783
vn -0.39921935 -0.57654808 0.71289286
vn -0.39921935 -0.57654808 0.71289286
vn -0.39921935 -0.57654808 0.71289286
vn -0.40920941 -0.60419243 0.68373910
vn -0.40920941 -0.60419243 0.68373910
vn -0.40920941 -0.60419243 0.68373910
vn -0.17794717 -0.67830935 0.71290338
vn -0.17794717 -0.67830935 0.71290338
vn -0.17794717 -0.67830935 0.71290338
vn -0.17788129 -0.70769956 0.68375404
vn -0.17788129 -0.70769956 0.68375404
vn -0.17788129 -0.70769956 0.68375404
vn 0.06477199 -0.69825171 0.71291594
vn 0.06477199 -0.69825171 0.71291594
vn 0.06477199 -0.69825171 0.71291594
vn 0.07489084 -0.72585649 0.68375706
vn 0.07489084 -0.72585649 0.68375706
vn 0.07489084 -0.72585649 0.68375706
vn 0.28037096 -0.64372309 0.71204825
vn 0.28037096 -0.64372309 0.71204825
vn 0.28037096 -0.64372309 0.71204825
vn 0.34429100 -0.70933422 0.61506802
vn 0.34429100 -0.70933422 0.61506802
vn 0.34429100 -0.70933422 0.61506802
vn 0.37674729 -0.50395012 0.77723597
vn 0.37674729 -0.50395012 0.77723597
vn 0.37674729 -0.50395012 0.77723597
vn 0.60559562 -0.58705247 0.53723676
vn 0.60559562 -0.58705247 0.53723676
vn 0.60559562 -0.58705247 0.53723676
vn 0.51408520 -0.37968084 0.76912864
vn 0.51408520 -0.37968084 0.76912864
vn 0.51408520 -0.37968084 0.76912864
vn 0.71355841 -0.30558436 0.63043842
vn 0.71355841 -0.30558436 0.63043842
vn 0.71355841 -0.30558436 0.63043842
vn 0.66606386 -0.29806480 0.68375165
vn 0.66606386 -0.29806480 0.68375165
vn 0.66606386 -0.29806480 0.68375165
vn 0.69890677 -0.05745958 0.71290092
vn 0.69890677 -0.05745958 0.71290092
vn 0.69890677 -0.05745958 0.71290092
vn 0.72782819 -0.05229073 0.68376298
vn 0.72782819 -0.05229073 0.68376298
vn 0.72782819 -0.05229073 0.68376298
vn 0.67640165 0.18504486 0.71290897
vn 0.67640165 0.18504486 0.71290897
vn 0.67640165 0.18504486 0.71290897
vn 0.05682800 -0.11441356 0.99180649
vn 0.05682800 -0.11441356 0.99180649
vn 0.05682800 -0.11441356 0.99180649
vn 0.77941860 0.36756400 0.50734934
vn 0.77941860 0.36756400 0.50734934
vn 0.77941860 0.36756400 0.50734934
vn 0.49047072 0.34727318 0.79927455
vn 0.49047072 0.34727318 0.79927455
vn 0.49047072 0.34727318 0.79927455
vn 0.58705672 0.60560553 0.53722095
vn 0.58705672 0.60560553 0.53722095
vn 0.58705672 0.60560553 0.53722095
vn 0.37969945 0.51411022 0.76910273
vn 0.37969945 0.51411022 0.76910273
vn 0.37969945 0.51411022 0.76910273
vn 0.30559110 0.71357921 0.63041160
vn 0.30559110 0.71357921 0.63041160
vn 0.30559110 0.71357921 0.63041160
vn 0.29806601 0.66604350 0.68377095
vn 0.29806601 0.66604350 0.68377095
vn 0.29806601 0.66604350 0.68377095
vn 0.05745892 0.69889500 0.71291251
vn 0.05745892 0.69889500 0.71291251
vn 0.05745892 0.69889500 0.71291251
vn 0.03179784 0.82640038 0.56218440
vn 0.03179784 0.82640038 0.56218440
vn 0.03179784 0.82640038 0.56218440
vn -0.13962736 0.57870487 0.80349541
vn -0.13962736 0.57870487 0.80349541
vn -0.13962736 0.57870487 0.80349541
vn -0.40161407 0.79361507 0.45703530
vn -0.40161407 0.79361507 0.45703530
vn -0.40161407 0.79361507 0.45703530
vn -0.30290184 0.66821076 0.67951810
vn -0.30290184 0.66821076 0.67951810
vn -0.30290184 0.66821076 0.67951810
vn -0.49845706 0.49326157 0.71290503
vn -0.49845706 0.49326157 0.71290503
vn -0.49845706 0.49326157 0.71290503
vn -0.52394751 0.50789957 0.68375217
vn -0.52394751 0.50789957 0.68375217
vn -0.52394751 0.50789957 0.68375217
vn -0.62856996 0.31290799 0.71203117
vn -0.62856996 0.31290799 0.71203117
vn -0.62856996 0.31290799 0.71203117
vn -0.71969596 0.32207183 0.61506704
vn -0.71969596 0.32207183 0.61506704
vn -0.71969596 0.32207183 0.61506704
vn -0.61252186 0.14387796 0.77724906
vn -0.61252186 0.14387796 0.77724906
vn -0.61252186 0.14387796 0.77724906
vn -0.84131352 0.06042772 0.53715924
vn -0.84131352 0.06042772 0.53715924
vn -0.84131352 0.06042772 0.53715924
vn -0.59834466 -0.05550377 0.79931408
vn -0.59834466 -0.05550377 0.79931408
vn -0.59834466 -0.05550377 0.79931408
vn 0.57210145 0.03269851 0.81953081
vn 0.57210145 0.03269851 0.81953081
vn 0.57210145 0.03269851 0.81953081
vn 0.56082801 0.03027014 0.82737879
vn 0.56082801 0.03027014 0.82737879
vn 0.56082801 0.03027014 0.82737879
vn 0.76283201 0.49464465 0.41643006
vn 0.76283201 0.49464465 0.41643006
vn 0.76283201 0.49464465 0.41643006
vn 0.63310544 0.38509143 0.67147755
vn 0.63310544 0.38509143 0.67147755
vn 0.63310544 0.38509143 0.67147755
vn 0.25047397 0.18413454 0.95045108
vn 0.25047397 0.18413454 0.95045108
vn 0.25047397 0.18413454 0.95045108
vn 0.55521140 0.28040925 0.78301402
vn 0.55521140 0.28040925 0.78301402
vn 0.55521140 0.28040925 0.78301402
vn 0.72452654 0.38180006 0.57383797
vn 0.72452654 0.38180006 0.57383797
vn 0.72452654 0.38180006 0.57383797
vn 0.81710607 0.41255229 0.40266397
vn 0.81710607 0.41255229 0.40266397
vn 0.81710607 0.41255229 0.40266397
vn 0.52596314 0.21505363 0.82286980
vn 0.52596314 0.21505363 0.82286980
vn 0.52596314 0.21505363 0.82286980
vn 0.78278243 0.28112302 0.55517702
vn 0.78278243 0.28112302 0.55517702
vn 0.78278243 0.28112302 0.55517702
vn 0.57340509 0.13559081 0.80797384
vn 0.57340509 0.13559081 0.80797384
vn 0.57340509 0.13559081 0.80797384
vn 0.78480043 0.21972429 0.57949075
vn 0.78480043 0.21972429 0.57949075
vn 0.78480043 0.21972429 0.57949075
vn 0.56457247 0.09772415 0.81957789
vn 0.56457247 0.09772415 0.81957789
vn 0.56457247 0.09772415 0.81957789
vn 0.79714549 0.10433535 0.59470430
vn 0.79714549 0.10433535 0.59470430
vn 0.79714549 0.10433535 0.59470430
vn 0.05924240 0.91036884 0.40953500
vn 0.05924240 0.91036884 0.40953500
vn 0.05924240 0.91036884 0.40953500
vn 0.02260527 0.60647354 0.79478227
vn 0.02260527 0.60647354 0.79478227
vn 0.02260527 0.60647354 0.79478227
vn 0.02937439 0.47900295 0.87732168
vn 0.02937439 0.47900295 0.87732168
vn 0.02937439 0.47900295 0.87732168
vn 0.19172011 0.31473495 0.92961568
vn 0.19172011 0.31473495 0.92961568
vn 0.19172011 0.31473495 0.92961568
vn 0.43529570 0.69833309 0.56819763
vn 0.43529570 0.69833309 0.56819763
vn 0.43529570 0.69833309 0.56819763
vn 0.48103817 0.74405426 0.46366534
vn 0.48103817 0.74405426 0.46366534
vn 0.48103817 0.74405426 0.46366534
vn 0.09984594 0.58891905 0.80200071
vn 0.09984594 0.58891905 0.80200071
vn 0.09984594 0.58891905 0.80200071
vn 0.10250480 0.80325281 0.58675182
vn 0.10250480 0.80325281 0.58675182
vn 0.10250480 0.80325281 0.58675182
vn 0.18483042 0.70320619 0.68654116
vn 0.18483042 0.70320619 0.68654116
vn 0.18483042 0.70320619 0.68654116
vn 0.22046527 0.79119726 0.57044015
vn 0.22046527 0.79119726 0.57044015
vn 0.22046527 0.79119726 0.57044015
vn 0.17126902 0.44958486 0.87666435
vn 0.17126902 0.44958486 0.87666435
vn 0.17126902 0.44958486 0.87666435
vn 0.35073509 0.92515841 0.14514413
vn 0.35073509 0.92515841 0.14514413
vn 0.35073509 0.92515841 0.14514413
vn 0.32765613 0.63461043 0.69993647
vn 0.32679813 0.63306055 0.70173879
vn 0.32763160 0.63456612 0.69998813
vn 0.32669033 0.63286579 0.70196462
vn 0.39313870 0.80114178 0.45123586
vn 0.39313870 0.80114178 0.45123586
vn 0.39313870 0.80114178 0.45123586
vn -0.64372312 -0.28037093 0.71204823
vn -0.64372312 -0.28037093 0.71204823
vn -0.64372312 -0.28037093 0.71204823
vn -0.70933425 -0.34429097 0.61506801
vn -0.70933425 -0.34429097 0.61506801
vn -0.70933425 -0.34429097 0.61506801
vn -0.50395015 -0.37674726 0.77723597
vn -0.50395015 -0.37674726 0.77723597
vn -0.50395015 -0.37674726 0.77723597
vn -0.58705250 -0.60559559 0.53723676
vn -0.58705250 -0.60559559 0.53723676
vn -0.58705250 -0.60559559 0.53723676
vn -0.37968087 -0.51408517 0.76912865
vn -0.37968087 -0.51408517 0.76912865
vn -0.37968087 -0.51408517 0.76912865
vn -0.30558439 -0.71355838 0.63043844
vn -0.30558439 -0.71355838 0.63043844
vn -0.30558439 -0.71355838 0.63043844
vn -0.29806483 -0.66606383 0.68375166
vn -0.29806483 -0.66606383 0.68375166
vn -0.29806483 -0.66606383 0.68375166
vn -0.05745961 -0.69890674 0.71290095
vn -0.05745961 -0.69890674 0.71290095
vn -0.05745961 -0.69890674 0.71290095
vn -0.05229076 -0.72782816 0.68376301
vn -0.05229076 -0.72782816 0.68376301
vn -0.05229076 -0.72782816 0.68376301
vn 0.18504483 -0.67640162 0.71290901
vn 0.18504483 -0.67640162 0.71290901
vn 0.18504483 -0.67640162 0.71290901
vn -0.11441360 -0.05682795 0.99180649
vn -0.11441360 -0.05682795 0.99180649
vn -0.11441360 -0.05682795 0.99180649
vn 0.36756398 -0.77941858 0.50734939
vn 0.36756398 -0.77941858 0.50734939
vn 0.36756398 -0.77941858 0.50734939
vn 0.34727315 -0.49047068 0.79927459
vn 0.34727315 -0.49047068 0.79927459
vn 0.34727315 -0.49047068 0.79927459
vn 0.60560551 -0.58705670 0.53722100
vn 0.60560551 -0.58705670 0.53722100
vn 0.60560551 -0.58705670 0.53722100
vn 0.51411019 -0.37969942 0.76910277
vn 0.51411019 -0.37969942 0.76910277
vn 0.51411019 -0.37969942 0.76910277
vn 0.71357918 -0.30559107 0.63041165
vn 0.71357918 -0.30559107 0.63041165
vn 0.71357918 -0.30559107 0.63041165
vn 0.66604347 -0.29806598 0.68377099
vn 0.66604347 -0.29806598 0.68377099
vn 0.66604347 -0.29806598 0.68377099
vn 0.69889497 -0.05745889 0.71291254
vn 0.69889497 -0.05745889 0.71291254
vn 0.69889497 -0.05745889 0.71291254
vn 0.82640036 -0.03179781 0.56218444
vn 0.82640036 -0.03179781 0.56218444
vn 0.82640036 -0.03179781 0.56218444
vn 0.57870484 0.13962739 0.80349543
vn 0.57870484 0.13962739 0.80349543
vn 0.57870484 0.13962739 0.80349543
vn 0.79361505 0.40161409 0.45703531
vn 0.79361505 0.40161409 0.45703531
vn 0.79361505 0.40161409 0.45703531
vn 0.66821073 0.30290187 0.67951812
vn 0.66821073 0.30290187 0.67951812
vn 0.66821073 0.30290187 0.67951812
vn 0.49326154 0.49845709 0.71290503
vn 0.49326154 0.49845709 0.71290503
vn 0.49326154 0.49845709 0.71290503
vn 0.50789954 0.52394754 0.68375217
vn 0.50789954 0.52394754 0.68375217
vn 0.50789954 0.52394754 0.68375217
vn 0.31290795 0.62857000 0.71203116
vn 0.31290795 0.62857000 0.71203116
vn 0.31290795 0.62857000 0.71203116
vn 0.32207181 0.71969598 0.61506702
vn 0.32207181 0.71969598 0.61506702
vn 0.32207181 0.71969598 0.61506702
vn 0.14387793 0.61252189 0.77724904
vn 0.14387793 0.61252189 0.77724904
vn 0.14387793 0.61252189 0.77724904
vn 0.06042770 0.84131354 0.53715921
vn 0.06042770 0.84131354 0.53715921
vn 0.06042770 0.84131354 0.53715921
vn -0.05550380 0.59834469 0.79931405
vn -0.05550380 0.59834469 0.79931405
vn -0.05550380 0.59834469 0.79931405
vn -0.23094796 0.81125912 0.53714214
vn -0.23094796 0.81125912 0.53714214
vn -0.23094796 0.81125912 0.53714214
vn -0.25537319 0.58586511 0.76912067
vn -0.25537319 0.58586511 0.76912067
vn -0.25537319 0.58586511 0.76912067
vn -0.46518622 0.62145340 0.63039468
vn -0.46518622 0.62145340 0.63039468
vn -0.46518622 0.62145340 0.63039468
vn -0.42779828 0.59117787 0.68373778
vn -0.42779828 0.59117787 0.68373778
vn -0.42779828 0.59117787 0.68373778
vn -0.57654811 0.39921938 0.71289281
vn -0.57654811 0.39921938 0.71289281
vn -0.57654811 0.39921938 0.71289281
vn -0.60419246 0.40920944 0.68373906
vn -0.60419246 0.40920944 0.68373906
vn -0.60419246 0.40920944 0.68373906
vn -0.67830938 0.17794720 0.71290334
vn -0.67830938 0.17794720 0.71290334
vn -0.67830938 0.17794720 0.71290334
vn -0.70769959 0.17788132 0.68375400
vn -0.70769959 0.17788132 0.68375400
vn -0.70769959 0.17788132 0.68375400
vn -0.69825174 -0.06477196 0.71291591
vn -0.69825174 -0.06477196 0.71291591
vn -0.69825174 -0.06477196 0.71291591
vn -0.72585652 -0.07489081 0.68375703
vn -0.72585652 -0.07489081 0.68375703
vn -0.72585652 -0.07489081 0.68375703
vn 0.03269847 -0.57210141 0.81953083
vn 0.03269847 -0.57210141 0.81953083
vn 0.03269847 -0.57210141 0.81953083
vn 0.03027011 -0.56082798 0.82737881
vn 0.03027011 -0.56082798 0.82737881
vn 0.03027011 -0.56082798 0.82737881
vn 0.49230920 -0.76452905 0.41608531
vn 0.49230920 -0.76452905 0.41608531
vn 0.49230920 -0.76452905 0.41608531
vn 0.47363970 -0.74547368 0.46897167
vn 0.47363970 -0.74547368 0.46897167
vn 0.47363970 -0.74547368 0.46897167
vn 0.17382335 -0.22006198 0.95987404
vn 0.17382335 -0.22006198 0.95987404
vn 0.17382335 -0.22006198 0.95987404
vn 0.27382058 -0.42358264 0.86348135
vn 0.27382058 -0.42358264 0.86348135
vn 0.27382058 -0.42358264 0.86348135
vn 0.28040921 -0.55521137 0.78301405
vn 0.28040921 -0.55521137 0.78301405
vn 0.28040921 -0.55521137 0.78301405
vn 0.38180003 -0.72452651 0.57383802
vn 0.38180003 -0.72452651 0.57383802
vn 0.38180003 -0.72452651 0.57383802
vn 0.41255227 -0.81710606 0.40266403
vn 0.41255227 -0.81710606 0.40266403
vn 0.41255227 -0.81710606 0.40266403
vn 0.21505360 -0.52596310 0.82286983
vn 0.21505360 -0.52596310 0.82286983
vn 0.21505360 -0.52596310 0.82286983
vn 0.28112299 -0.78278240 0.55517707
vn 0.28112299 -0.78278240 0.55517707
vn 0.28112299 -0.78278240 0.55517707
vn 0.13559077 -0.57340506 0.80797388
vn 0.13559077 -0.57340506 0.80797388
vn 0.13559077 -0.57340506 0.80797388
vn 0.21972426 -0.78480040 0.57949079
vn 0.21972426 -0.78480040 0.57949079
vn 0.21972426 -0.78480040 0.57949079
vn 0.09772412 -0.56457244 0.81957792
vn 0.09772412 -0.56457244 0.81957792
vn 0.09772412 -0.56457244 0.81957792
vn 0.10433533 -0.79714547 0.59470434
vn 0.10433533 -0.79714547 0.59470434
vn 0.10433533 -0.79714547 0.59470434
vn 0.91234684 -0.05990275 0.40501223
vn 0.91234684 -0.05990275 0.40501223
vn 0.91234684 -0.05990275 0.40501223
vn 0.60385519 -0.02275773 0.79676909
vn 0.60385519 -0.02275773 0.79676909
vn 0.60385519 -0.02275773 0.79676909
vn 0.47900291 -0.02937435 0.87732170
vn 0.47900291 -0.02937435 0.87732170
vn 0.47900291 -0.02937435 0.87732170
vn 0.24158706 -0.15478839 0.95795420
vn 0.24158706 -0.15478839 0.95795420
vn 0.24158706 -0.15478839 0.95795420
vn 0.68717647 -0.42465059 0.58945769
vn 0.68717647 -0.42465059 0.58945769
vn 0.68717647 -0.42465059 0.58945769
vn 0.74175032 -0.47862619 0.46981213
vn 0.74175032 -0.47862619 0.46981213
vn 0.74175032 -0.47862619 0.46981213
vn 0.59160762 -0.10032923 0.79995904
vn 0.59160762 -0.10032923 0.79995904
vn 0.59160762 -0.10032923 0.79995904
vn 0.80323244 -0.10272058 0.58674196
vn 0.80323244 -0.10272058 0.58674196
vn 0.80323244 -0.10272058 0.58674196
vn 0.70436920 -0.18512899 0.68526731
vn 0.70436920 -0.18512899 0.68526731
vn 0.70436920 -0.18512899 0.68526731
vn 0.79112578 -0.22043189 0.57055217
vn 0.79112578 -0.22043189 0.57055217
vn 0.79112578 -0.22043189 0.57055217
vn 0.45026289 -0.17181314 0.87620978
vn 0.45026289 -0.17181314 0.87620978
vn 0.45026289 -0.17181314 0.87620978
vn 0.92587367 -0.35037322 0.14140919
vn 0.92587367 -0.35037322 0.14140919
vn 0.92587367 -0.35037322 0.14140919
vn 0.52201175 -0.26565769 0.81051201
vn 0.52201175 -0.26565769 0.81051201
vn 0.52201175 -0.26565769 0.81051201
vn 0.63286576 -0.32669030 0.70196466
vn 0.63286576 -0.32669030 0.70196466
vn 0.63286576 -0.32669030 0.70196466
vn 0.79527969 -0.39098020 0.46331922
vn 0.79527969 -0.39098020 0.46331922
vn 0.79527969 -0.39098020 0.46331922
vn 0.00000000 -0.00000004 -1.00000000
vn 0.00000000 -0.00000004 -1.00000000
vn 0.00000000 -0.00000004 -1.00000000
vn 0.00000000 -0.00000004 -1.00000000
vn 0.00000000 -0.00000004 -1.00000000
vn 0.00000000 -0.00000004 -1.00000000
vn 0.00000000 -0.00000004 -1.00000000
vn 0.00000000 -0.00000004 -1.00000000
vn 0.00000000 -0.00000004 -1.00000000
vn 0.00000000 -0.00000004 -1.00000000
vn 0.00000000 -0.00000004 -1.00000000
vn 0.00000000 -0.00000004 -1.00000000
vn 0.00000000 -0.00000004 -1.00000000
vn 0.00000000 -0.00000004 -1.00000000
vn 0.00000000 -0.00000004 -1.00000000
vn 0.00000000 -0.00000004 -1.00000000
vn 0.00000000 -0.00000004 -1.00000000
vn 0.00000000 -0.00000004 -1.00000000
vn 0.00000000 -0.00000004 -1.00000000
vn 0.00000000 -0.00000004 -1.00000000
vn 0.00000000 -0.00000004 -1.00000000
vn 0.00000000 -0.00000004 -1.00000000
vn 0.00000000 -0.00000004 -1.00000000
vn 0.00000000 -0.00000004 -1.00000000
vn 0.00000000 -0.00000004 -1.00000000
vn 0.00000000 -0.00000004 -1.00000000
vn 0.00000000 -0.00000004 -1.00000000
vn 0.00000000 -0.00000004 -1.00000000
vn 0.00000000 -0.00000004 -1.00000000
vn 0.00000000 -0.00000004 -1.00000000
vn 0.00000000 -0.00000004 -1.00000000
vn 0.00000000 -0.00000004 -1.00000000
vn 0.00000000 -0.00000004 -1.00000000
vn 0.00000000 -0.00000004 -1.00000000
vn 0.00000000 -0.00000004 -1.00000000
vn 0.00000000 -0.00000004 -1.00000000
vn 0.00000000 -0.00000004 -1.00000000
vn 0.00000000 -0.00000004 -1.00000000
vn 0.00000000 -0.00000004 -1.00000000
vn 0.00000000 -0.00000004 -1.00000000
vn 0.00000000 -0.00000004 -1.00000000
vn 0.00000000 -0.00000004 -1.00000000
vn 0.00000000 -0.00000004 -1.00000000
vn 0.00000000 -0.00000004 -1.00000000
vn 0.00000000 -0.00000004 -1.00000000
vn 0.00000000 -0.00000004 -1.00000000
vn 0.00000000 -0.00000004 -1.00000000
vn 0.00000000 -0.00000004 -1.00000000
vn 0.00000000 -0.00000004 -1.00000000
vn 0.00000000 -0.00000004 -1.00000000
vn 0.00000000 -0.00000004 -1.00000000
vn 0.00000000 -0.00000004 -1.00000000
vn 0.00000000 -0.00000004 -1.00000000
vn 0.00000000 -0.00000004 -1.00000000
vn 0.00000000 -0.00000004 -1.00000000
vn 0.00000000 -0.00000004 -1.00000000
vn 0.00000000 -0.00000004 -1.00000000
vn 0.00000000 -0.00000004 -1.00000000
vn 0.00000000 -0.00000004 -1.00000000
vn 0.00000000 -0.00000004 -1.00000000
vn 0.00000000 -0.00000004 -1.00000000
vn 0.00000000 -0.00000004 -1.00000000
vn 0.00000000 -0.00000004 -1.00000000
vn 0.00000000 -0.00000004 -1.00000000
vn 0.00000000 -0.00000004 -1.00000000
vn 0.00000000 -0.00000004 -1.00000000
vn 0.00000000 -0.00000004 -1.00000000
vn 0.00000000 -0.00000004 -1.00000000
vn 0.00000000 -0.00000004 -1.00000000
vn 0.00000000 -0.00000004 -1.00000000
vn 0.00000000 -0.00000004 -1.00000000
vn 0.00000000 -0.00000004 -1.00000000
vn 0.00000000 -0.00000004 -1.00000000
vn 0.00000000 -0.00000004 -1.00000000
vn 0.00000000 -0.00000004 -1.00000000
vn 0.00000000 -0.00000004 -1.00000000
vn 0.00000000 -0.00000004 -1.00000000
vn 0.00000000 -0.00000004 -1.00000000
vn 0.00000000 -0.00000004 -1.00000000
vn 0.46978251 -0.88277687 0.00306481
vn 0.46726879 -0.88411260 0.00218812
vn 0.46787604 -0.88379084 0.00239978
vn -0.25864954 -0.96596780 0.00257449
vn -0.25878593 -0.96593115 0.00261929
vn -0.25868199 -0.96595908 0.00258515
vn 0.00000000 -0.00000004 -1.00000000
vn 0.00000000 -0.00000004 -1.00000000
vn 0.00000000 -0.00000004 -1.00000000
vn 0.47037798 -0.88245898 0.00327270
vn 0.00000000 -0.00000004 -1.00000000
vn 0.00000000 -0.00000004 -1.00000000
vn 0.04206026 -0.99911455 -0.00102599
vn 0.04206026 -0.99911455 -0.00102599
vn 0.04206026 -0.99911455 -0.00102599
vn 0.99947210 -0.03229494 0.00354505
vn 0.99947210 -0.03229494 0.00354505
vn 0.99947210 -0.03229494 0.00354505
vn 0.11223809 0.99367799 0.00257947
vn 0.11201590 0.99370325 0.00250690
vn 0.11218504 0.99368403 0.00256214
vn 0.70863838 -0.70556918 0.00194180
vn 0.70739992 -0.70680911 0.00249771
vn 0.70833735 -0.70587101 0.00207702
vn 0.84660362 -0.53221777 0.00256187
vn 0.84669300 -0.53207582 0.00250744
vn 0.84672138 -0.53203073 0.00249014
vn 0.00000000 -0.00000004 -1.00000000
vn -0.96548402 -0.26044821 0.00270785
vn -0.96581689 -0.25921491 0.00231444
vn -0.96537727 -0.26084229 0.00283359
vn 0.65207741 -0.75814801 0.00257897
vn 0.65224411 -0.75800484 0.00250766
vn 0.65211722 -0.75811383 0.00256195
vn 0.65228441 -0.75797021 0.00249042
vn -0.16423600 -0.89933213 0.40525086
vn -0.16423600 -0.89933213 0.40525086
vn -0.16423600 -0.89933213 0.40525086
vn -0.18058323 -0.79998666 0.57219842
vn -0.18058323 -0.79998666 0.57219842
vn -0.18058323 -0.79998666 0.57219842
vn -0.25173038 -0.75283494 0.60817051
vn -0.25173038 -0.75283494 0.60817051
vn -0.25173038 -0.75283494 0.60817051
vn -0.25180183 -0.61377113 0.74825185
vn -0.25180183 -0.61377113 0.74825185
vn -0.25180183 -0.61377113 0.74825185
vn -0.44578361 -0.71220200 0.54225943
vn -0.44578361 -0.71220200 0.54225943
vn -0.44578361 -0.71220200 0.54225943
vn -0.30340381 -0.58977197 0.74840841
vn -0.30340381 -0.58977197 0.74840841
vn -0.30340381 -0.58977197 0.74840841
vn -0.52049940 -0.65597833 0.54660113
vn -0.52049940 -0.65597833 0.54660113
vn -0.52049940 -0.65597833 0.54660113
vn -0.45844800 -0.49038223 0.74118196
vn -0.45844800 -0.49038223 0.74118196
vn -0.45844800 -0.49038223 0.74118196
vn -0.15556989 -0.22032436 0.96294091
vn -0.15556989 -0.22032436 0.96294091
vn -0.15556989 -0.22032436 0.96294091
vn -0.65978598 -0.52240268 0.54016470
vn -0.65978598 -0.52240268 0.54016470
vn -0.65978598 -0.52240268 0.54016470
vn -0.48723243 -0.46039931 0.74204921
vn -0.48723243 -0.46039931 0.74204921
vn -0.48723243 -0.46039931 0.74204921
vn -0.70950525 -0.44198798 0.54886148
vn -0.70950525 -0.44198798 0.54886148
vn -0.70950525 -0.44198798 0.54886148
vn -0.59001935 -0.30713716 0.74668865
vn -0.59001935 -0.30713716 0.74668865
vn -0.59001935 -0.30713716 0.74668865
vn -0.21968790 -0.15566794 0.96307047
vn -0.21968790 -0.15566794 0.96307047
vn -0.21968790 -0.15566794 0.96307047
vn -0.79618386 -0.27056509 0.54118924
vn -0.79618386 -0.27056509 0.54118924
vn -0.79618386 -0.27056509 0.54118924
vn -0.60573101 -0.26745332 0.74937219
vn -0.60573101 -0.26745332 0.74937219
vn -0.60573101 -0.26745332 0.74937219
vn -0.81391361 -0.19025492 0.54895145
vn -0.81391361 -0.19025492 0.54895145
vn -0.81391361 -0.19025492 0.54895145
vn -0.56284917 -0.06926723 0.82365215
vn -0.56284917 -0.06926723 0.82365215
vn -0.56284917 -0.06926723 0.82365215
vn -0.24771026 -0.06741561 0.96648578
vn -0.24771026 -0.06741561 0.96648578
vn -0.24771026 -0.06741561 0.96648578
vn -0.89933215 0.16423602 0.40525081
vn -0.89933215 0.16423602 0.40525081
vn -0.89933215 0.16423602 0.40525081
vn -0.79799923 0.18080582 0.57489693
vn -0.79799923 0.18080582 0.57489693
vn -0.79799923 0.18080582 0.57489693
vn -0.75217979 0.25141434 0.60911116
vn -0.75217979 0.25141434 0.60911116
vn -0.75217979 0.25141434 0.60911116
vn -0.61470315 0.25200920 0.74741648
vn -0.61470315 0.25200920 0.74741648
vn -0.61470315 0.25200920 0.74741648
vn -0.71220202 0.44578363 0.54225938
vn -0.71220202 0.44578363 0.54225938
vn -0.71220202 0.44578363 0.54225938
vn -0.59083761 0.30453473 0.74710743
vn -0.59083761 0.30453473 0.74710743
vn -0.59083761 0.30453473 0.74710743
vn -0.65599331 0.52048110 0.54660059
vn -0.65599331 0.52048110 0.54660059
vn -0.65599331 0.52048110 0.54660059
vn -0.49018482 0.45821773 0.74145489
vn -0.49018482 0.45821773 0.74145489
vn -0.49018482 0.45821773 0.74145489
vn -0.22011662 0.15534382 0.96302491
vn -0.22011662 0.15534382 0.96302491
vn -0.22011662 0.15534382 0.96302491
vn -0.52241885 0.65977510 0.54016235
vn -0.52241885 0.65977510 0.54016235
vn -0.52241885 0.65977510 0.54016235
vn -0.46017901 0.48704664 0.74230779
vn -0.46017901 0.48704664 0.74230779
vn -0.46017901 0.48704664 0.74230779
vn -0.44198800 0.70950527 0.54886143
vn -0.44198800 0.70950527 0.54886143
vn -0.44198800 0.70950527 0.54886143
vn -0.30713719 0.59001938 0.74668861
vn -0.30713719 0.59001938 0.74668861
vn -0.30713719 0.59001938 0.74668861
vn -0.15566798 0.21968794 0.96307045
vn -0.15566798 0.21968794 0.96307045
vn -0.15566798 0.21968794 0.96307045
vn -0.27056511 0.79618388 0.54118919
vn -0.27056511 0.79618388 0.54118919
vn -0.27056511 0.79618388 0.54118919
vn -0.26745335 0.60573104 0.74937215
vn -0.26745335 0.60573104 0.74937215
vn -0.26745335 0.60573104 0.74937215
vn -0.19025495 0.81391364 0.54895141
vn -0.19025495 0.81391364 0.54895141
vn -0.19025495 0.81391364 0.54895141
vn -0.06926726 0.56284921 0.82365212
vn -0.06926726 0.56284921 0.82365212
vn -0.06926726 0.56284921 0.82365212
vn -0.06741565 0.24771031 0.96648577
vn -0.06741565 0.24771031 0.96648577
vn -0.06741565 0.24771031 0.96648577
vn -0.99805313 -0.06236561 0.00069541
vn -0.99805313 -0.06236561 0.00069541
vn -0.99805313 -0.06236561 0.00069541
vn -0.99850511 -0.05463925 0.00144851
vn -0.99850511 -0.05463925 0.00144851
vn -0.99850511 -0.05463925 0.00144851
vn -0.99416737 -0.10783662 0.00158261
vn -0.99416737 -0.10783662 0.00158261
vn -0.99416737 -0.10783662 0.00158261
vn -0.97314288 -0.23020157 0.00042383
vn -0.97314288 -0.23020157 0.00042383
vn -0.97314288 -0.23020157 0.00042383
vn -0.98835704 -0.15214250 0.00173722
vn -0.98835704 -0.15214250 0.00173722
vn -0.98835704 -0.15214250 0.00173722
vn -0.98442349 -0.17579564 -0.00250818
vn -0.98442349 -0.17579564 -0.00250818
vn -0.98442349 -0.17579564 -0.00250818
vn -0.93165661 -0.36333422 -0.00205239
vn -0.93165661 -0.36333422 -0.00205239
vn -0.93165661 -0.36333422 -0.00205239
vn -0.96929119 -0.24561638 0.01213226
vn -0.96929119 -0.24561638 0.01213226
vn -0.96929119 -0.24561638 0.01213226
vn -0.95641689 -0.29196100 -0.00504999
vn -0.95641689 -0.29196100 -0.00504999
vn -0.95641689 -0.29196100 -0.00504999
vn -0.84878060 -0.52872601 -0.00450515
vn -0.84878060 -0.52872601 -0.00450515
vn -0.84878060 -0.52872601 -0.00450515
vn -0.89091287 -0.45270846 0.03645971
vn -0.89091287 -0.45270846 0.03645971
vn -0.89091287 -0.45270846 0.03645971
vn -0.88215655 -0.47091982 -0.00586099
vn -0.88215655 -0.47091982 -0.00586099
vn -0.88215655 -0.47091982 -0.00586099
vn -0.91988069 -0.39219106 0.00238737
vn -0.91988069 -0.39219106 0.00238737
vn -0.91988069 -0.39219106 0.00238737
vn -0.01080855 -0.04567351 0.99889795
vn -0.01080855 -0.04567351 0.99889795
vn -0.01080855 -0.04567351 0.99889795
vn -0.01991359 -0.02808767 0.99940709
vn -0.01991359 -0.02808767 0.99940709
vn -0.01991359 -0.02808767 0.99940709
vn -0.00707738 -0.01582407 0.99984974
vn -0.00707738 -0.01582407 0.99984974
vn -0.00707738 -0.01582407 0.99984974
vn -0.01958079 -0.01952144 0.99961768
vn -0.01958079 -0.01952144 0.99961768
vn -0.01958079 -0.01952144 0.99961768
vn -0.00949729 -0.01009489 0.99990394
vn -0.00780701 -0.01157179 0.99990257
vn -0.00780701 -0.01157179 0.99990257
vn -0.01140630 -0.00880499 0.99989618
vn -0.01129400 -0.00929575 0.99989301
vn -0.01120121 -0.00970127 0.99989020
vn -0.00177326 -0.00171711 0.99999695
vn -0.00125066 -0.00033014 0.99999916
vn -0.00117008 -0.00023268 0.99999929
vn -0.00071412 -0.00016921 0.99999973
vn -0.00123620 -0.00128020 0.99999842
vn -0.00003012 -0.00000859 1.00000000
vn -0.02852215 -0.02023570 0.99938831
vn -0.02852215 -0.02023570 0.99938831
vn -0.02852215 -0.02023570 0.99938831
vn -0.01303899 -0.00934887 0.99987128
vn -0.01234050 -0.01273037 0.99984281
vn -0.01234050 -0.01273037 0.99984281
vn -0.00198874 -0.04717722 0.99888456
vn -0.00198874 -0.04717722 0.99888456
vn -0.00198874 -0.04717722 0.99888456
vn -0.00407239 -0.02373733 0.99970994
vn -0.00407239 -0.02373733 0.99970994
vn -0.00407239 -0.02373733 0.99970994
vn 0.00305952 -0.00635208 0.99997514
vn 0.00326340 -0.00651807 0.99997343
vn 0.00348397 -0.00669763 0.99997150
vn -0.00254973 -0.00653519 0.99997539
vn 0.00538368 -0.00519082 0.99997204
vn 0.00538368 -0.00519082 0.99997204
vn 0.00538368 -0.00519082 0.99997204
vn -0.01379581 -0.00568402 0.99988868
vn -0.01379581 -0.00568402 0.99988868
vn -0.00644698 0.00396240 0.99997137
vn -0.00686427 0.00449865 0.99996632
vn -0.00623609 0.00275258 0.99997677
vn -0.00705916 0.00106517 0.99997452
vn -0.01046216 0.00019548 0.99994525
vn -0.01076226 0.00015459 0.99994207
vn -0.00061567 -0.00015443 0.99999980
vn -0.00191523 -0.00071644 0.99999791
vn -0.00065086 0.00064827 0.99999958
vn -0.02426945 -0.01131677 0.99964140
vn -0.02426945 -0.01131677 0.99964140
vn -0.02426945 -0.01131677 0.99964140
vn -0.00730174 -0.01045924 0.99991864
vn -0.00730174 -0.01045924 0.99991864
vn -0.00730174 -0.01045924 0.99991864
vn -0.00860307 0.00491983 0.99995089
vn -0.00860307 0.00491983 0.99995089
vn -0.00860307 0.00491983 0.99995089
vn -0.00153315 -0.00108787 0.99999823
vn -0.00009533 -0.00125493 0.99999921
vn -0.00160286 -0.00189427 0.99999692
vn -0.00240907 -0.00278821 0.99999321
vn -0.00433915 -0.00342042 0.99998474
vn -0.00373486 -0.01475573 0.99988415
vn -0.00373486 -0.01475573 0.99988415
vn -0.00373486 -0.01475573 0.99988415
vn -0.00456775 -0.00638758 0.99996917
vn -0.00432893 -0.00612392 0.99997188
vn -0.00428047 -0.00607043 0.99997241
vn -0.52819682 -0.84907386 0.00903862
vn -0.52819682 -0.84907386 0.00903862
vn -0.52819682 -0.84907386 0.00903862
vn -0.41214414 -0.91111471 -0.00268264
vn -0.41214414 -0.91111471 -0.00268264
vn -0.41214414 -0.91111471 -0.00268264
vn -0.46353111 -0.88606716 -0.00488964
vn -0.46353111 -0.88606716 -0.00488964
vn -0.46353111 -0.88606716 -0.00488964
vn -0.34027167 -0.93888368 0.05208289
vn -0.34027167 -0.93888368 0.05208289
vn -0.34027167 -0.93888368 0.05208289
vn -0.24232240 -0.97019578 0.00007025
vn -0.23847865 -0.97114752 0.00065778
vn -0.24278269 -0.97008070 -0.00000014
vn -0.36911702 -0.92936501 0.00577146
vn -0.36911702 -0.92936501 0.00577146
vn -0.36911702 -0.92936501 0.00577146
vn -0.31754537 -0.94823907 -0.00275784
vn -0.31754537 -0.94823907 -0.00275784
vn -0.31754537 -0.94823907 -0.00275784
vn -0.13587781 -0.99072481 0.00125070
vn -0.13587781 -0.99072481 0.00125070
vn -0.13587781 -0.99072481 0.00125070
vn -0.14969479 -0.98873209 -0.00057561
vn -0.14969479 -0.98873209 -0.00057561
vn -0.14969479 -0.98873209 -0.00057561
vn -0.23815410 -0.97122712 0.00070736
vn -0.05437073 -0.99852078 0.00027863
vn -0.05411362 -0.99853474 0.00030285
vn -0.04757126 -0.99886742 0.00091899
vn -0.04715201 -0.99888727 0.00095847
vn -0.06224580 0.99806060 0.00070273
vn -0.06224580 0.99806060 0.00070273
vn -0.06224580 0.99806060 0.00070273
vn -0.05463925 0.99850512 0.00144428
vn -0.05463925 0.99850512 0.00144428
vn -0.05463925 0.99850512 0.00144428
vn -0.10791523 0.99415885 0.00157781
vn -0.10791523 0.99415885 0.00157781
vn -0.10791523 0.99415885 0.00157781
vn -0.23020157 0.97314288 0.00042378
vn -0.23020157 0.97314288 0.00042378
vn -0.23020157 0.97314288 0.00042378
vn -0.15214250 0.98835704 0.00173717
vn -0.15214250 0.98835704 0.00173717
vn -0.15214250 0.98835704 0.00173717
vn -0.17579621 0.98442338 -0.00250834
vn -0.17579621 0.98442338 -0.00250834
vn -0.17579621 0.98442338 -0.00250834
vn -0.36333529 0.93165613 -0.00208137
vn -0.36333529 0.93165613 -0.00208137
vn -0.36333529 0.93165613 -0.00208137
vn -0.24561616 0.96929133 0.01212541
vn -0.24561616 0.96929133 0.01212541
vn -0.24561616 0.96929133 0.01212541
vn -0.29186909 0.95644499 -0.00504183
vn -0.29186909 0.95644499 -0.00504183
vn -0.29186909 0.95644499 -0.00504183
vn -0.52838971 0.84894591 -0.00975502
vn -0.52838971 0.84894591 -0.00975502
vn -0.52838971 0.84894591 -0.00975502
vn -0.51308315 0.85831633 0.00622587
vn -0.51308315 0.85831633 0.00622587
vn -0.51308315 0.85831633 0.00622587
vn -0.45322247 0.89139737 0.00033988
vn -0.45322247 0.89139737 0.00033988
vn -0.45322247 0.89139737 0.00033988
vn -0.45842011 0.88872823 -0.00362423
vn -0.45842011 0.88872823 -0.00362423
vn -0.45842011 0.88872823 -0.00362423
vn -0.40070219 0.91620096 0.00368110
vn -0.40070219 0.91620096 0.00368110
vn -0.40070219 0.91620096 0.00368110
vn -0.00000863 0.00003017 1.00000000
vn -0.00128024 0.00123624 0.99999842
vn -0.00016925 0.00071416 0.99999973
vn -0.00171715 0.00177331 0.99999695
vn -0.00023272 0.00117012 0.99999929
vn -0.00653524 0.00254977 0.99997539
vn -0.00612396 0.00432897 0.99997188
vn -0.00638762 0.00456779 0.99996917
vn -0.00934891 0.01303904 0.99987128
vn -0.00568406 0.01379585 0.99988868
vn -0.00568406 0.01379585 0.99988868
vn -0.00015448 0.00061572 0.99999980
vn -0.00071649 0.00191527 0.99999791
vn 0.00064823 0.00065091 0.99999958
vn -0.01475577 0.00373491 0.99988415
vn -0.01475577 0.00373491 0.99988415
vn -0.01475577 0.00373491 0.99988415
vn -0.00278826 0.00240911 0.99999321
vn -0.00342047 0.00433919 0.99998474
vn -0.00189432 0.00160290 0.99999692
vn -0.01952149 0.01958084 0.99961768
vn -0.01952149 0.01958084 0.99961768
vn -0.01952149 0.01958084 0.99961768
vn -0.01009494 0.00949733 0.99990394
vn -0.01157183 0.00780706 0.99990257
vn -0.01157183 0.00780706 0.99990257
vn -0.00880503 0.01140634 0.99989618
vn -0.00929580 0.01129404 0.99989301
vn -0.00970131 0.01120125 0.99989020
vn -0.00033018 0.00125071 0.99999916
vn -0.00607047 0.00428052 0.99997241
vn -0.04150160 0.01097437 0.99907817
vn -0.04150160 0.01097437 0.99907817
vn -0.04150160 0.01097437 0.99907817
vn -0.01273042 0.01234055 0.99984281
vn -0.01273042 0.01234055 0.99984281
vn -0.00519086 -0.00538363 0.99997204
vn -0.00519086 -0.00538363 0.99997204
vn -0.00519086 -0.00538363 0.99997204
vn -0.00669768 -0.00348392 0.99997150
vn -0.00651811 -0.00326336 0.99997343
vn -0.00635213 -0.00305948 0.99997514
vn -0.02266504 0.00363248 0.99973652
vn -0.02266504 0.00363248 0.99973652
vn -0.02266504 0.00363248 0.99973652
vn -0.04322722 0.00183731 0.99906358
vn -0.04322722 0.00183731 0.99906358
vn -0.04322722 0.00183731 0.99906358
vn -0.01798362 0.00804385 0.99980592
vn -0.01798362 0.00804385 0.99980592
vn -0.01798362 0.00804385 0.99980592
vn -0.03025626 0.02098286 0.99932191
vn -0.03025626 0.02098286 0.99932191
vn -0.03025626 0.02098286 0.99932191
vn -0.02023574 0.02852219 0.99938831
vn -0.02023574 0.02852219 0.99938831
vn -0.02023574 0.02852219 0.99938831
vn -0.01045929 0.00730179 0.99991864
vn -0.01045929 0.00730179 0.99991864
vn -0.01045929 0.00730179 0.99991864
vn 0.00491979 0.00860311 0.99995089
vn 0.00491979 0.00860311 0.99995089
vn 0.00491979 0.00860311 0.99995089
vn -0.00108791 0.00153319 0.99999823
vn -0.00125498 0.00009537 0.99999921
vn -0.01131681 0.02426949 0.99964140
vn -0.01131681 0.02426949 0.99964140
vn -0.01131681 0.02426949 0.99964140
vn 0.00396236 0.00644702 0.99997137
vn 0.00449861 0.00686432 0.99996632
vn 0.00275254 0.00623613 0.99997677
vn 0.00106513 0.00705920 0.99997452
vn 0.00019543 0.01046220 0.99994525
vn 0.00015455 0.01076230 0.99994207
vn -0.84807913 0.52982070 0.00719809
vn -0.84807913 0.52982070 0.00719809
vn -0.84807913 0.52982070 0.00719809
vn -0.91144618 0.41141057 -0.00268341
vn -0.91144618 0.41141057 -0.00268341
vn -0.91144618 0.41141057 -0.00268341
vn -0.88639081 0.46289454 -0.00632272
vn -0.88639081 0.46289454 -0.00632272
vn -0.88639081 0.46289454 -0.00632272
vn -0.93866642 0.34054178 0.05419093
vn -0.93866642 0.34054178 0.05419093
vn -0.93866642 0.34054178 0.05419093
vn -0.97009174 0.24273856 0.00003182
vn -0.97022782 0.24219406 0.00011506
vn -0.97021744 0.24223566 0.00010870
vn -0.97007960 0.24278710 0.00002440
vn -0.92936579 0.36911470 0.00579337
vn -0.92936579 0.36911470 0.00579337
vn -0.92936579 0.36911470 0.00579337
vn -0.94829357 0.31738258 -0.00275800
vn -0.94829357 0.31738258 -0.00275800
vn -0.94829357 0.31738258 -0.00275800
vn -0.99301082 0.11801687 0.00123864
vn -0.99301082 0.11801687 0.00123864
vn -0.99301082 0.11801687 0.00123864
vn -0.98287323 0.18423652 -0.00413649
vn -0.98287323 0.18423652 -0.00413649
vn -0.98287323 0.18423652 -0.00413649
vn -0.98863385 0.15033368 0.00170018
vn -0.98863385 0.15033368 0.00170018
vn -0.98863385 0.15033368 0.00170018
vn -0.99851808 0.05442027 0.00028284
vn -0.99853168 0.05417009 0.00030645
vn -0.99885228 0.04788863 0.00089907
vn -0.99887239 0.04746650 0.00093888
vn 0.16423600 0.89933216 0.40525078
vn 0.16423600 0.89933216 0.40525078
vn 0.16423600 0.89933216 0.40525078
vn 0.18058200 0.79999763 0.57218347
vn 0.18058200 0.79999763 0.57218347
vn 0.18058200 0.79999763 0.57218347
vn 0.25173360 0.75284166 0.60816086
vn 0.25173360 0.75284166 0.60816086
vn 0.25173360 0.75284166 0.60816086
vn 0.25180435 0.61377008 0.74825187
vn 0.25180435 0.61377008 0.74825187
vn 0.25180435 0.61377008 0.74825187
vn 0.44578361 0.71220204 0.54225937
vn 0.44578361 0.71220204 0.54225937
vn 0.44578361 0.71220204 0.54225937
vn 0.30340381 0.58977204 0.74840836
vn 0.30340381 0.58977204 0.74840836
vn 0.30340381 0.58977204 0.74840836
vn 0.52048108 0.65599333 0.54660058
vn 0.52048108 0.65599333 0.54660058
vn 0.52048108 0.65599333 0.54660058
vn 0.45821769 0.49018485 0.74145489
vn 0.45821769 0.49018485 0.74145489
vn 0.45821769 0.49018485 0.74145489
vn 0.15556989 0.22032444 0.96294089
vn 0.15556989 0.22032444 0.96294089
vn 0.15556989 0.22032444 0.96294089
vn 0.65977508 0.52241887 0.54016235
vn 0.65977508 0.52241887 0.54016235
vn 0.65977508 0.52241887 0.54016235
vn 0.48704661 0.46017904 0.74230779
vn 0.48704661 0.46017904 0.74230779
vn 0.48704661 0.46017904 0.74230779
vn 0.70950525 0.44198803 0.54886144
vn 0.70950525 0.44198803 0.54886144
vn 0.70950525 0.44198803 0.54886144
vn 0.59001935 0.30713722 0.74668862
vn 0.59001935 0.30713722 0.74668862
vn 0.59001935 0.30713722 0.74668862
vn 0.21968790 0.15566802 0.96307045
vn 0.21968790 0.15566802 0.96307045
vn 0.21968790 0.15566802 0.96307045
vn 0.79618386 0.27056514 0.54118921
vn 0.79618386 0.27056514 0.54118921
vn 0.79618386 0.27056514 0.54118921
vn 0.60573101 0.26745338 0.74937216
vn 0.60573101 0.26745338 0.74937216
vn 0.60573101 0.26745338 0.74937216
vn 0.81391361 0.19025497 0.54895143
vn 0.81391361 0.19025497 0.54895143
vn 0.81391361 0.19025497 0.54895143
vn 0.56284917 0.06926730 0.82365214
vn 0.56284917 0.06926730 0.82365214
vn 0.56284917 0.06926730 0.82365214
vn 0.24771026 0.06741569 0.96648577
vn 0.24771026 0.06741569 0.96648577
vn 0.24771026 0.06741569 0.96648577
vn 0.90048733 -0.16396116 0.40278942
vn 0.90048733 -0.16396116 0.40278942
vn 0.90048733 -0.16396116 0.40278942
vn 0.79999761 -0.18058198 0.57218352
vn 0.79999761 -0.18058198 0.57218352
vn 0.79999761 -0.18058198 0.57218352
vn 0.75284163 -0.25173357 0.60816090
vn 0.75284163 -0.25173357 0.60816090
vn 0.75284163 -0.25173357 0.60816090
vn 0.61280201 -0.25177314 0.74905539
vn 0.61280201 -0.25177314 0.74905539
vn 0.61280201 -0.25177314 0.74905539
vn 0.71220202 -0.44578359 0.54225942
vn 0.71220202 -0.44578359 0.54225942
vn 0.71220202 -0.44578359 0.54225942
vn 0.58909203 -0.30268283 0.74923540
vn 0.58909203 -0.30268283 0.74923540
vn 0.58909203 -0.30268283 0.74923540
vn 0.65599331 -0.52048105 0.54660063
vn 0.65599331 -0.52048105 0.54660063
vn 0.65599331 -0.52048105 0.54660063
vn 0.49103223 -0.45857975 0.74066994
vn 0.49103223 -0.45857975 0.74066994
vn 0.49103223 -0.45857975 0.74066994
vn 0.21979941 -0.15563026 0.96305111
vn 0.21979941 -0.15563026 0.96305111
vn 0.21979941 -0.15563026 0.96305111
vn 0.52241885 -0.65977506 0.54016240
vn 0.52241885 -0.65977506 0.54016240
vn 0.52241885 -0.65977506 0.54016240
vn 0.46066123 -0.48820678 0.74124582
vn 0.46066123 -0.48820678 0.74124582
vn 0.46066123 -0.48820678 0.74124582
vn 0.44198800 -0.70950522 0.54886149
vn 0.44198800 -0.70950522 0.54886149
vn 0.44198800 -0.70950522 0.54886149
vn 0.30713719 -0.59001931 0.74668866
vn 0.30713719 -0.59001931 0.74668866
vn 0.30713719 -0.59001931 0.74668866
vn 0.15557671 -0.21947379 0.96313402
vn 0.15557671 -0.21947379 0.96313402
vn 0.15557671 -0.21947379 0.96313402
vn 0.27056511 -0.79618384 0.54118926
vn 0.27056511 -0.79618384 0.54118926
vn 0.27056511 -0.79618384 0.54118926
vn 0.26745335 -0.60573097 0.74937220
vn 0.26745335 -0.60573097 0.74937220
vn 0.26745335 -0.60573097 0.74937220
vn 0.19025495 -0.81391359 0.54895148
vn 0.19025495 -0.81391359 0.54895148
vn 0.19025495 -0.81391359 0.54895148
vn 0.06926726 -0.56284913 0.82365217
vn 0.06926726 -0.56284913 0.82365217
vn 0.06926726 -0.56284913 0.82365217
vn 0.06741565 -0.24771022 0.96648579
vn 0.06741565 -0.24771022 0.96648579
vn 0.06741565 -0.24771022 0.96648579
vn 0.99805209 0.06238236 0.00068945
vn 0.99805209 0.06238236 0.00068945
vn 0.99805209 0.06238236 0.00068945
vn 0.99850512 0.05463925 0.00144432
vn 0.99850512 0.05463925 0.00144432
vn 0.99850512 0.05463925 0.00144432
vn 0.99415885 0.10791523 0.00157785
vn 0.99415885 0.10791523 0.00157785
vn 0.99415885 0.10791523 0.00157785
vn 0.97314288 0.23020157 0.00042381
vn 0.97314288 0.23020157 0.00042381
vn 0.97314288 0.23020157 0.00042381
vn 0.98835704 0.15214250 0.00173721
vn 0.98835704 0.15214250 0.00173721
vn 0.98835704 0.15214250 0.00173721
vn 0.98442338 0.17579621 -0.00250830
vn 0.98442338 0.17579621 -0.00250830
vn 0.98442338 0.17579621 -0.00250830
vn 0.93165756 0.36333210 -0.00199506
vn 0.93165756 0.36333210 -0.00199506
vn 0.93165756 0.36333210 -0.00199506
vn 0.96929563 0.24560952 0.01191425
vn 0.96929563 0.24560952 0.01191425
vn 0.96929563 0.24560952 0.01191425
vn 0.95649171 0.29171618 -0.00502814
vn 0.95649171 0.29171618 -0.00502814
vn 0.95649171 0.29171618 -0.00502814
vn 0.84894591 0.52838971 -0.00975500
vn 0.84894591 0.52838971 -0.00975500
vn 0.84894591 0.52838971 -0.00975500
vn 0.85831633 0.51308315 0.00622589
vn 0.85831633 0.51308315 0.00622589
vn 0.85831633 0.51308315 0.00622589
vn 0.89139737 0.45322247 0.00033990
vn 0.89139737 0.45322247 0.00033990
vn 0.89139737 0.45322247 0.00033990
vn 0.88810241 0.45962317 -0.00454423
vn 0.88810241 0.45962317 -0.00454423
vn 0.88810241 0.45962317 -0.00454423
vn 0.92032069 0.39115781 0.00232374
vn 0.92032069 0.39115781 0.00232374
vn 0.92032069 0.39115781 0.00232374
vn 0.00077997 0.00046163 0.99999959
vn 0.00198603 0.00248804 0.99999493
vn 0.00079908 -0.00000209 0.99999968
vn 0.00144089 0.00100384 0.99999846
vn 0.00117008 0.00023277 0.99999929
vn 0.00373486 0.01475582 0.99988415
vn 0.00373486 0.01475582 0.99988415
vn 0.00373486 0.01475582 0.99988415
vn 0.00240907 0.00278830 0.99999321
vn 0.00433915 0.00342051 0.99998474
vn 0.00160286 0.00189436 0.99999692
vn 0.01958079 0.01952153 0.99961768
vn 0.01958079 0.01952153 0.99961768
vn 0.01958079 0.01952153 0.99961768
vn 0.00949729 0.01009498 0.99990394
vn 0.00780701 0.01157188 0.99990257
vn 0.00780701 0.01157188 0.99990257
vn 0.01140630 0.00880508 0.99989618
vn 0.01129400 0.00929584 0.99989301
vn 0.01120121 0.00970136 0.99989020
vn 0.00125066 0.00033023 0.99999916
vn 0.00061567 0.00015452 0.99999980
vn 0.00191523 0.00071653 0.99999791
vn 0.00065086 -0.00064818 0.99999958
vn 0.00730174 0.01045933 0.99991864
vn 0.00730174 0.01045933 0.99991864
vn 0.00730174 0.01045933 0.99991864
vn 0.00860307 -0.00491974 0.99995089
vn 0.00860307 -0.00491974 0.99995089
vn 0.00860307 -0.00491974 0.99995089
vn 0.00153315 0.00108795 0.99999823
vn 0.00009533 0.00125502 0.99999921
vn -0.00538368 0.00519091 0.99997203
vn -0.00538368 0.00519091 0.99997203
vn -0.00538368 0.00519091 0.99997203
vn 0.00254973 0.00653528 0.99997539
vn -0.00348397 0.00669772 0.99997150
vn -0.00326340 0.00651815 0.99997343
vn -0.00305952 0.00635217 0.99997514
vn 0.00407233 0.02373728 0.99970994
vn 0.00407233 0.02373728 0.99970994
vn 0.00407233 0.02373728 0.99970994
vn 0.00198869 0.04717603 0.99888461
vn 0.00198869 0.04717603 0.99888461
vn 0.00198869 0.04717603 0.99888461
vn 0.02852215 0.02023579 0.99938831
vn 0.02852215 0.02023579 0.99938831
vn 0.02852215 0.02023579 0.99938831
vn 0.01303899 0.00934895 0.99987128
vn 0.01234050 0.01273046 0.99984281
vn 0.01234050 0.01273046 0.99984281
vn 0.01379581 0.00568411 0.99988868
vn 0.01379581 0.00568411 0.99988868
vn 0.02426945 0.01131685 0.99964140
vn 0.02426945 0.01131685 0.99964140
vn 0.02426945 0.01131685 0.99964140
vn 0.00644698 -0.00396231 0.99997137
vn 0.00686427 -0.00449856 0.99996632
vn 0.00623609 -0.00275249 0.99997677
vn 0.00705916 -0.00106509 0.99997452
vn 0.01046216 -0.00019539 0.99994525
vn 0.01076226 -0.00015451 0.99994207
vn 0.00461811 0.00644326 0.99996858
vn 0.00390341 0.00598027 0.99997450
vn 0.00303900 0.00469994 0.99998434
vn 0.00308192 0.00544808 0.99998041
vn 0.00308192 0.00544808 0.99998041
vn 0.01080843 0.04567263 0.99889799
vn 0.01080843 0.04567263 0.99889799
vn 0.01080843 0.04567263 0.99889799
vn 0.01991359 0.02808775 0.99940709
vn 0.01991359 0.02808775 0.99940709
vn 0.01991359 0.02808775 0.99940709
vn 0.00707738 0.01582416 0.99984974
vn 0.00707738 0.01582416 0.99984974
vn 0.00707738 0.01582416 0.99984974
vn 0.52838776 0.84894959 0.00953778
vn 0.52838776 0.84894959 0.00953778
vn 0.52838776 0.84894959 0.00953778
vn 0.41230765 0.91104073 -0.00268256
vn 0.41230765 0.91104073 -0.00268256
vn 0.41230765 0.91104073 -0.00268256
vn 0.46351862 0.88607526 -0.00459624
vn 0.46351862 0.88607526 -0.00459624
vn 0.46351862 0.88607526 -0.00459624
vn 0.34023752 0.93891076 0.05181718
vn 0.34023752 0.93891076 0.05181718
vn 0.34023752 0.93891076 0.05181718
vn 0.24276405 0.97008523 -0.00050259
vn 0.24276405 0.97008523 -0.00050259
vn 0.24276405 0.97008523 -0.00050259
vn 0.36909805 0.92937141 0.00595092
vn 0.36909805 0.92937141 0.00595092
vn 0.36909805 0.92937141 0.00595092
vn 0.31810459 0.94805162 -0.00275757
vn 0.31810459 0.94805162 -0.00275757
vn 0.31810459 0.94805162 -0.00275757
vn 0.12997792 0.99151532 0.00176262
vn 0.12997792 0.99151532 0.00176262
vn 0.12997792 0.99151532 0.00176262
vn 0.14969837 0.98873147 -0.00068858
vn 0.14969837 0.98873147 -0.00068858
vn 0.14969837 0.98873147 -0.00068858
vn 0.23238576 0.97262316 0.00102466
vn 0.23238576 0.97262316 0.00102466
vn 0.23238576 0.97262316 0.00102466
vn 0.04833273 0.99883125 0.00028021
vn 0.04829124 0.99883326 0.00028347
vn 0.04718711 0.99888600 0.00037009
vn 0.04712884 0.99888875 0.00037466
vn 0.06224580 -0.99806060 0.00070281
vn 0.06224580 -0.99806060 0.00070281
vn 0.06224580 -0.99806060 0.00070281
vn 0.05463925 -0.99850512 0.00144437
vn 0.05463925 -0.99850512 0.00144437
vn 0.05463925 -0.99850512 0.00144437
vn 0.10791523 -0.99415885 0.00157790
vn 0.10791523 -0.99415885 0.00157790
vn 0.10791523 -0.99415885 0.00157790
vn 0.23020157 -0.97314288 0.00042387
vn 0.23020157 -0.97314288 0.00042387
vn 0.23020157 -0.97314288 0.00042387
vn 0.15214250 -0.98835704 0.00173726
vn 0.15214250 -0.98835704 0.00173726
vn 0.15214250 -0.98835704 0.00173726
vn 0.17579621 -0.98442338 -0.00250825
vn 0.17579621 -0.98442338 -0.00250825
vn 0.17579621 -0.98442338 -0.00250825
vn 0.36333524 -0.93165615 -0.00208007
vn 0.36333524 -0.93165615 -0.00208007
vn 0.36333524 -0.93165615 -0.00208007
vn 0.24561620 -0.96929130 0.01212658
vn 0.24561620 -0.96929130 0.01212658
vn 0.24561620 -0.96929130 0.01212658
vn 0.29187362 -0.95644360 -0.00504215
vn 0.29187362 -0.95644360 -0.00504215
vn 0.29187362 -0.95644360 -0.00504215
vn 0.53346430 -0.84568737 -0.01512334
vn 0.53346430 -0.84568737 -0.01512334
vn 0.53346430 -0.84568737 -0.01512334
vn 0.51308315 -0.85831633 0.00622595
vn 0.51308315 -0.85831633 0.00622595
vn 0.51308315 -0.85831633 0.00622595
vn 0.45322247 -0.89139737 0.00033996
vn 0.45322247 -0.89139737 0.00033996
vn 0.45322247 -0.89139737 0.00033996
vn 0.45962104 -0.88810352 -0.00454254
vn 0.45962104 -0.88810352 -0.00454254
vn 0.45962104 -0.88810352 -0.00454254
vn 0.39164470 -0.92011371 0.00227661
vn 0.39164470 -0.92011371 0.00227661
vn 0.39164470 -0.92011371 0.00227661
vn 0.01475577 -0.00373482 0.99988415
vn 0.01475577 -0.00373482 0.99988415
vn 0.01475577 -0.00373482 0.99988415
vn 0.00278826 -0.00240903 0.99999321
vn 0.00342047 -0.00433911 0.99998474
vn 0.00189432 -0.00160282 0.99999692
vn 0.01952149 -0.01958075 0.99961768
vn 0.01952149 -0.01958075 0.99961768
vn 0.01952149 -0.01958075 0.99961768
vn 0.01009494 -0.00949725 0.99990394
vn 0.01157183 -0.00780697 0.99990257
vn 0.01157183 -0.00780697 0.99990257
vn 0.00653524 -0.00254968 0.99997539
vn 0.00612396 -0.00432888 0.99997188
vn 0.00638762 -0.00456771 0.99996917
vn 0.00015448 -0.00061563 0.99999980
vn 0.00071649 -0.00191519 0.99999791
vn -0.00064823 -0.00065082 0.99999958
vn 0.00880503 -0.01140625 0.99989618
vn 0.00929580 -0.01129396 0.99989301
vn 0.00970131 -0.01120117 0.99989020
vn 0.00171715 -0.00177322 0.99999695
vn 0.00033018 -0.00125062 0.99999916
vn 0.00023272 -0.00117004 0.99999929
vn 0.00000863 -0.00003008 1.00000000
vn 0.00128024 -0.00123615 0.99999842
vn 0.00016925 -0.00071407 0.99999973
vn 0.01045929 -0.00730170 0.99991864
vn 0.01045929 -0.00730170 0.99991864
vn 0.01045929 -0.00730170 0.99991864
vn -0.00491979 -0.00860302 0.99995089
vn -0.00491979 -0.00860302 0.99995089
vn -0.00491979 -0.00860302 0.99995089
vn 0.00108791 -0.00153311 0.99999823
vn 0.00125498 -0.00009529 0.99999921
vn 0.00568406 -0.01379576 0.99988868
vn 0.00568406 -0.01379576 0.99988868
vn 0.01009837 -0.01374922 0.99985448
vn 0.01131681 -0.02426940 0.99964140
vn 0.01131681 -0.02426940 0.99964140
vn 0.01131681 -0.02426940 0.99964140
vn -0.00396236 -0.00644694 0.99997137
vn -0.00449861 -0.00686423 0.99996632
vn -0.00275254 -0.00623604 0.99997677
vn -0.00106513 -0.00705911 0.99997452
vn -0.00019543 -0.01046211 0.99994525
vn -0.00015455 -0.01076221 0.99994207
vn 0.00607047 -0.00428043 0.99997241
vn 0.02158945 -0.02989189 0.99931995
vn 0.02158945 -0.02989189 0.99931995
vn 0.02158945 -0.02989189 0.99931995
vn 0.01413950 -0.01370638 0.99980609
vn 0.01411379 -0.00961233 0.99985419
vn 0.02749913 -0.02029062 0.99941587
vn 0.02749913 -0.02029062 0.99941587
vn 0.02749913 -0.02029062 0.99941587
vn 0.01409284 -0.00630256 0.99988083
vn 0.01409284 -0.00630256 0.99988083
vn 0.00519086 0.00538372 0.99997203
vn 0.00519086 0.00538372 0.99997203
vn 0.00519086 0.00538372 0.99997203
vn 0.00669768 0.00348401 0.99997150
vn 0.00651811 0.00326344 0.99997343
vn 0.00635213 0.00305957 0.99997514
vn 0.02373724 -0.00407229 0.99970994
vn 0.02373724 -0.00407229 0.99970994
vn 0.02373724 -0.00407229 0.99970994
vn 0.04717599 -0.00198865 0.99888461
vn 0.04717599 -0.00198865 0.99888461
vn 0.04717599 -0.00198865 0.99888461
vn 0.04575995 -0.01029645 0.99889940
vn 0.04575995 -0.01029645 0.99889940
vn 0.04575995 -0.01029645 0.99889940
vn 0.84808037 -0.52981952 0.00713872
vn 0.84808037 -0.52981952 0.00713872
vn 0.84808037 -0.52981952 0.00713872
vn 0.90958952 -0.41548552 -0.00432188
vn 0.90958952 -0.41548552 -0.00432188
vn 0.90958952 -0.41548552 -0.00432188
vn 0.88641329 -0.46286229 -0.00547510
vn 0.88641329 -0.46286229 -0.00547510
vn 0.88641329 -0.46286229 -0.00547510
vn 0.93824942 -0.34104179 0.05812515
vn 0.93824942 -0.34104179 0.05812515
vn 0.93824942 -0.34104179 0.05812515
vn 0.96997978 -0.24318557 -0.00000424
vn 0.96999524 -0.24312392 0.00000528
vn 0.97015316 -0.24249295 0.00010270
vn 0.97016623 -0.24244068 0.00011077
vn 0.94348518 -0.33139212 0.00387032
vn 0.94348518 -0.33139212 0.00387032
vn 0.94348518 -0.33139212 0.00387032
vn 0.92946345 -0.36889803 -0.00345624
vn 0.92946345 -0.36889803 -0.00345624
vn 0.92946345 -0.36889803 -0.00345624
vn 0.99326811 -0.11582986 0.00138353
vn 0.99326811 -0.11582986 0.00138353
vn 0.99326811 -0.11582986 0.00138353
vn 0.98288361 -0.18418056 -0.00416340
vn 0.98288361 -0.18418056 -0.00416340
vn 0.98288361 -0.18418056 -0.00416340
vn 0.98866986 -0.15009665 0.00170424
vn 0.98866986 -0.15009665 0.00170424
vn 0.98866986 -0.15009665 0.00170424
vn 0.99887866 -0.04734274 0.00028931
vn 0.99883987 -0.04815450 0.00022376
vn 0.99884132 -0.04812450 0.00022619
vn 0.99888078 -0.04729800 0.00029292
vn -0.39963968 0.91666869 0.00257882
vn -0.39984271 0.91658034 0.00250697
vn -0.39968816 0.91664760 0.00256166
vn 0.75814883 0.65207646 0.00257962
vn 0.75800400 0.65224508 0.00250748
vn 0.75811425 0.65211672 0.00256239
vn -0.80443307 0.59403770 0.00257906
vn -0.80456433 0.59386022 0.00250742
vn -0.80446441 0.59399533 0.00256196
vn 0.05578344 -0.99843733 0.00333319
vn 0.05578344 -0.99843733 0.00333319
vn 0.05578344 -0.99843733 0.00333319
vn 0.84657558 -0.53226229 0.00257895
vn -0.98170887 -0.19038702 0.00068597
vn -0.98170887 -0.19038702 0.00068597
vn -0.98170887 -0.19038702 0.00068597
vn -0.16680829 -0.98598887 0.00096637
vn -0.16680829 -0.98598887 0.00096637
vn -0.16680829 -0.98598887 0.00096637
vn -0.18908204 -0.98196126 0.00023850
vn -0.18908204 -0.98196126 0.00023850
vn -0.18908204 -0.98196126 0.00023850
vn -0.36143931 -0.93239551 0.00049506
vn -0.36143931 -0.93239551 0.00049506
vn -0.36143931 -0.93239551 0.00049506
vn -0.38323200 -0.92365209 -0.00024494
vn -0.38323200 -0.92365209 -0.00024494
vn -0.38323200 -0.92365209 -0.00024494
vn -0.54488017 -0.83851386 -0.00032002
vn -0.54488017 -0.83851386 -0.00032002
vn -0.54488017 -0.83851386 -0.00032002
vn -0.49620592 -0.86820451 0.00078788
vn -0.49620592 -0.86820451 0.00078788
vn -0.49620592 -0.86820451 0.00078788
vn -0.68842854 -0.72530417 -0.00006567
vn -0.68842854 -0.72530417 -0.00006567
vn -0.68842854 -0.72530417 -0.00006567
vn -0.64697212 -0.76251314 0.00088903
vn -0.64697212 -0.76251314 0.00088903
vn -0.64697212 -0.76251314 0.00088903
vn -0.76365918 -0.64561925 -0.00067162
vn -0.76365918 -0.64561925 -0.00067162
vn -0.76365918 -0.64561925 -0.00067162
vn -0.79680184 -0.60423945 0.00123252
vn -0.79680184 -0.60423945 0.00123252
vn -0.79680184 -0.60423945 0.00123252
vn -0.86909232 -0.49464885 -0.00102242
vn -0.86909232 -0.49464885 -0.00102242
vn -0.86909232 -0.49464885 -0.00102242
vn -0.89778786 -0.44042572 0.00146330
vn -0.89778786 -0.44042572 0.00146330
vn -0.89778786 -0.44042572 0.00146330
vn -0.93352478 -0.35851268 0.00038931
vn -0.93352478 -0.35851268 0.00038931
vn -0.93352478 -0.35851268 0.00038931
vn -0.94001043 -0.34114436 0.00095631
vn -0.94001043 -0.34114436 0.00095631
vn -0.94001043 -0.34114436 0.00095631
vn -0.98573012 -0.16832864 0.00126390
vn -0.98573012 -0.16832864 0.00126390
vn -0.98573012 -0.16832864 0.00126390
vn -0.17048380 0.98536007 0.00089801
vn -0.17050912 0.98535569 0.00089726
vn -0.16833319 0.98572969 0.00096110
vn -0.97812245 0.20802979 0.00029543
vn -0.97812245 0.20802979 0.00029543
vn -0.97812245 0.20802979 0.00029543
vn -0.98196337 0.18906944 0.00082812
vn -0.98196337 0.18906944 0.00082812
vn -0.98196337 0.18906944 0.00082812
vn -0.93240442 0.36141552 0.00090778
vn -0.93240442 0.36141552 0.00090778
vn -0.93240442 0.36141552 0.00090778
vn -0.91664777 0.39969594 -0.00013114
vn -0.91664777 0.39969594 -0.00013114
vn -0.91664777 0.39969594 -0.00013114
vn -0.86818547 0.49623791 0.00138729
vn -0.86818547 0.49623791 0.00138729
vn -0.86818547 0.49623791 0.00138729
vn -0.69799691 0.71610077 -0.00004350
vn -0.69799691 0.71610077 -0.00004350
vn -0.69799691 0.71610077 -0.00004350
vn -0.80089715 0.59880018 0.00144891
vn -0.80089715 0.59880018 0.00144891
vn -0.80089715 0.59880018 0.00144891
vn -0.76227426 0.64725329 -0.00106643
vn -0.76227426 0.64725329 -0.00106643
vn -0.76227426 0.64725329 -0.00106643
vn -0.54409712 0.83902215 -0.00040526
vn -0.54409712 0.83902215 -0.00040526
vn -0.54409712 0.83902215 -0.00040526
vn -0.64578482 0.76351876 0.00103306
vn -0.64578482 0.76351876 0.00103306
vn -0.64578482 0.76351876 0.00103306
vn -0.49464885 0.86909232 -0.00102248
vn -0.49464885 0.86909232 -0.00102248
vn -0.49464885 0.86909232 -0.00102248
vn -0.40373325 0.91487149 0.00310061
vn -0.40373325 0.91487149 0.00310061
vn -0.40373325 0.91487149 0.00310061
vn -0.35853919 0.93351467 -0.00007761
vn -0.35853919 0.93351467 -0.00007761
vn -0.35853919 0.93351467 -0.00007761
vn -0.32432438 0.94594521 0.00116411
vn -0.32432438 0.94594521 0.00116411
vn -0.32432438 0.94594521 0.00116411
vn -0.16830126 0.98573514 0.00096203
vn -0.95389200 -0.29614483 0.04887021
vn -0.95389200 -0.29614483 0.04887021
vn -0.95389200 -0.29614483 0.04887021
vn -0.93085787 -0.34368568 0.12403140
vn -0.93085787 -0.34368568 0.12403140
vn -0.93085787 -0.34368568 0.12403140
vn -0.96729676 -0.18504047 -0.17348489
vn -0.96729676 -0.18504047 -0.17348489
vn -0.96729676 -0.18504047 -0.17348489
vn -0.76376641 -0.63911070 0.09054498
vn -0.76376641 -0.63911070 0.09054498
vn -0.76376641 -0.63911070 0.09054498
vn -0.91442030 -0.39152683 0.10267550
vn -0.91442030 -0.39152683 0.10267550
vn -0.91442030 -0.39152683 0.10267550
vn -0.81359674 -0.54752985 0.19563080
vn -0.81359674 -0.54752985 0.19563080
vn -0.81359674 -0.54752985 0.19563080
vn -0.91444185 -0.38396067 0.12794653
vn -0.91444185 -0.38396067 0.12794653
vn -0.91444185 -0.38396067 0.12794653
vn -0.93474637 -0.33436924 0.12019335
vn -0.93474637 -0.33436924 0.12019335
vn -0.93474637 -0.33436924 0.12019335
vn -0.91288002 -0.40406140 0.05817608
vn -0.91288002 -0.40406140 0.05817608
vn -0.91288002 -0.40406140 0.05817608
vn -0.84540911 -0.51499949 0.14162969
vn -0.84540911 -0.51499949 0.14162969
vn -0.84540911 -0.51499949 0.14162969
vn -0.60530006 -0.76852226 0.20732915
vn -0.60530006 -0.76852226 0.20732915
vn -0.60530006 -0.76852226 0.20732915
vn -0.79446431 -0.57957858 0.18142528
vn -0.79446431 -0.57957858 0.18142528
vn -0.79446431 -0.57957858 0.18142528
vn -0.62224714 -0.54237090 0.56448410
vn -0.62224714 -0.54237090 0.56448410
vn -0.62224714 -0.54237090 0.56448410
vn -0.50501021 -0.74034382 0.44368425
vn -0.50501021 -0.74034382 0.44368425
vn -0.50501021 -0.74034382 0.44368425
vn -0.34224873 -0.29581161 0.89183031
vn -0.34224873 -0.29581161 0.89183031
vn -0.34224873 -0.29581161 0.89183031
vn -0.47952230 -0.66755174 0.56959024
vn -0.47952230 -0.66755174 0.56959024
vn -0.47952230 -0.66755174 0.56959024
vn -0.29951798 -0.56286203 0.77037349
vn -0.29951798 -0.56286203 0.77037349
vn -0.29951798 -0.56286203 0.77037349
vn -0.14748492 -0.25145677 0.95656557
vn -0.14748492 -0.25145677 0.95656557
vn -0.14748492 -0.25145677 0.95656557
vn -0.67582725 -0.36655352 0.63944979
vn -0.67582725 -0.36655352 0.63944979
vn -0.67582725 -0.36655352 0.63944979
vn -0.36364700 -0.56129820 0.74344145
vn -0.36364700 -0.56129820 0.74344145
vn -0.36364700 -0.56129820 0.74344145
vn -0.38654653 -0.53353479 0.75227814
vn -0.38654653 -0.53353479 0.75227814
vn -0.38654653 -0.53353479 0.75227814
vn -0.42945990 -0.49130580 0.75774851
vn -0.42945990 -0.49130580 0.75774851
vn -0.42945990 -0.49130580 0.75774851
vn -0.47142429 -0.47091320 0.74565400
vn -0.47127001 -0.47072355 0.74587124
vn -0.46761647 -0.46623597 0.75097194
vn -0.46746112 -0.46604530 0.75118698
vn -0.50938232 -0.43884967 0.74023012
vn -0.50938232 -0.43884967 0.74023012
vn -0.50938232 -0.43884967 0.74023012
vn -0.52509634 -0.45537995 0.71895962
vn -0.52509634 -0.45537995 0.71895962
vn -0.52509634 -0.45537995 0.71895962
vn -0.55762417 -0.41244513 0.72037788
vn -0.55762417 -0.41244513 0.72037788
vn -0.55762417 -0.41244513 0.72037788
vn -0.52828904 -0.38701310 0.75573246
vn -0.52828904 -0.38701310 0.75573246
vn -0.52828904 -0.38701310 0.75573246
vn -0.54253250 -0.34689267 0.76506468
vn -0.54253250 -0.34689267 0.76506468
vn -0.54253250 -0.34689267 0.76506468
vn -0.32145970 -0.43089368 0.84320478
vn -0.32145970 -0.43089368 0.84320478
vn -0.32145970 -0.43089368 0.84320478
vn -0.35458524 -0.41552422 0.83762099
vn -0.35458524 -0.41552422 0.83762099
vn -0.35458524 -0.41552422 0.83762099
vn -0.36706962 -0.21880296 0.90409356
vn -0.36708829 -0.21881084 0.90408407
vn -0.36605134 -0.21837299 0.90461022
vn -0.36599238 -0.21834809 0.90464009
vn -0.15988324 -0.27184616 0.94896629
vn -0.15988324 -0.27184616 0.94896629
vn -0.15988324 -0.27184616 0.94896629
vn -0.10787861 -0.08671039 0.99037544
vn -0.10787861 -0.08671039 0.99037544
vn -0.10787861 -0.08671039 0.99037544
vn -0.59421483 -0.56250854 0.57488511
vn -0.59421483 -0.56250854 0.57488511
vn -0.59421483 -0.56250854 0.57488511
vn -0.72240361 -0.55162717 0.41694183
vn -0.72240361 -0.55162717 0.41694183
vn -0.72240361 -0.55162717 0.41694183
vn -0.38453599 -0.40560240 0.82922781
vn -0.38453599 -0.40560240 0.82922781
vn -0.38453599 -0.40560240 0.82922781
vn -0.71516115 -0.47108301 0.51635775
vn -0.71516115 -0.47108301 0.51635775
vn -0.71516115 -0.47108301 0.51635775
vn 0.70319186 0.65919643 -0.26642312
vn 0.70319186 0.65919643 -0.26642312
vn 0.70319186 0.65919643 -0.26642312
vn 0.85982636 -0.17626880 -0.47919509
vn 0.85982636 -0.17626880 -0.47919509
vn 0.85982636 -0.17626880 -0.47919509
vn -0.59544194 -0.80144866 0.05593693
vn -0.59544194 -0.80144866 0.05593693
vn -0.59544194 -0.80144866 0.05593693
vn -0.69086904 -0.70124158 0.17595517
vn -0.69086904 -0.70124158 0.17595517
vn -0.69086904 -0.70124158 0.17595517
vn -0.34485698 -0.92944742 0.13115314
vn -0.34485698 -0.92944742 0.13115314
vn -0.34485698 -0.92944742 0.13115314
vn -0.45832174 -0.87753528 0.14097168
vn -0.45832174 -0.87753528 0.14097168
vn -0.45832174 -0.87753528 0.14097168
vn -0.53634193 -0.82280512 0.18796028
vn -0.53634193 -0.82280512 0.18796028
vn -0.53634193 -0.82280512 0.18796028
vn -0.71276033 -0.68247842 0.16185150
vn -0.71276033 -0.68247842 0.16185150
vn -0.71276033 -0.68247842 0.16185150
vn -0.62401604 -0.77243118 0.11812733
vn -0.62401604 -0.77243118 0.11812733
vn -0.62401604 -0.77243118 0.11812733
vn -0.59401269 -0.79386486 0.13010575
vn -0.59401269 -0.79386486 0.13010575
vn -0.59401269 -0.79386486 0.13010575
vn -0.58602657 -0.80056952 0.12514510
vn -0.58602657 -0.80056952 0.12514510
vn -0.58602657 -0.80056952 0.12514510
vn -0.47261115 -0.87757415 0.08063692
vn -0.47261115 -0.87757415 0.08063692
vn -0.47261115 -0.87757415 0.08063692
vn -0.50678347 -0.84980763 0.14490517
vn -0.50678347 -0.84980763 0.14490517
vn -0.50678347 -0.84980763 0.14490517
vn -0.38621384 -0.91682882 0.10131033
vn -0.38621384 -0.91682882 0.10131033
vn -0.38621384 -0.91682882 0.10131033
vn -0.32547789 0.94283783 0.07156101
vn -0.32547789 0.94283783 0.07156101
vn -0.32547789 0.94283783 0.07156101
vn -0.42776098 0.89411448 0.13258900
vn -0.42776098 0.89411448 0.13258900
vn -0.42776098 0.89411448 0.13258900
vn -0.69455718 0.69984250 0.16676569
vn -0.69455718 0.69984250 0.16676569
vn -0.69455718 0.69984250 0.16676569
vn -0.71129295 0.68479075 0.15850542
vn -0.71129295 0.68479075 0.15850542
vn -0.71129295 0.68479075 0.15850542
vn -0.40352543 0.90848887 0.10869775
vn -0.40352543 0.90848887 0.10869775
vn -0.40352543 0.90848887 0.10869775
vn -0.32193877 0.93972095 0.11523873
vn -0.32193877 0.93972095 0.11523873
vn -0.32193877 0.93972095 0.11523873
vn -0.54401175 0.81631383 0.19412095
vn -0.54401175 0.81631383 0.19412095
vn -0.54401175 0.81631383 0.19412095
vn -0.38309457 0.91486790 0.12749613
vn -0.38309457 0.91486790 0.12749613
vn -0.38309457 0.91486790 0.12749613
vn -0.33275759 0.93538663 0.11968395
vn -0.33275759 0.93538663 0.11968395
vn -0.33275759 0.93538663 0.11968395
vn -0.56037590 0.82794515 0.02203837
vn -0.56037590 0.82794515 0.02203837
vn -0.56037590 0.82794515 0.02203837
vn -0.76416129 0.60945856 0.21122921
vn -0.76416129 0.60945856 0.21122921
vn -0.76416129 0.60945856 0.21122921
vn -0.59150055 0.80120405 0.09054927
vn -0.59150055 0.80120405 0.09054927
vn -0.59150055 0.80120405 0.09054927
vn -0.43524402 0.89999687 0.02383873
vn -0.43524402 0.89999687 0.02383873
vn -0.43524402 0.89999687 0.02383873
vn -0.40220182 0.91377176 0.05705146
vn -0.40220182 0.91377176 0.05705146
vn -0.40220182 0.91377176 0.05705146
vn -0.51384488 0.84621204 0.14102704
vn -0.51384488 0.84621204 0.14102704
vn -0.51384488 0.84621204 0.14102704
vn -0.58573622 0.78902041 0.18536417
vn -0.58573622 0.78902041 0.18536417
vn -0.58573622 0.78902041 0.18536417
vn -0.54140469 0.62258811 0.56503540
vn -0.54140469 0.62258811 0.56503540
vn -0.54140469 0.62258811 0.56503540
vn -0.74206808 0.50305034 0.44302971
vn -0.74206808 0.50305034 0.44302971
vn -0.74206808 0.50305034 0.44302971
vn -0.30708612 0.35137457 0.88443995
vn -0.30708612 0.35137457 0.88443995
vn -0.30708612 0.35137457 0.88443995
vn -0.68162918 0.46606010 0.56406528
vn -0.68162918 0.46606010 0.56406528
vn -0.68162918 0.46606010 0.56406528
vn -0.26386319 0.15469366 0.95207462
vn -0.26403190 0.15479684 0.95201108
vn -0.26268267 0.15397171 0.95251799
vn -0.60499638 0.32470677 0.72701093
vn -0.60499638 0.32470677 0.72701093
vn -0.60499638 0.32470677 0.72701093
vn -0.36840244 0.68023402 0.63368865
vn -0.36840244 0.68023402 0.63368865
vn -0.36840244 0.68023402 0.63368865
vn -0.55365537 0.36087895 0.75048791
vn -0.55365537 0.36087895 0.75048791
vn -0.55365537 0.36087895 0.75048791
vn -0.52221985 0.38008301 0.76342867
vn -0.52221985 0.38008301 0.76342867
vn -0.52221985 0.38008301 0.76342867
vn -0.49368215 0.42989331 0.75595613
vn -0.49368215 0.42989331 0.75595613
vn -0.49368215 0.42989331 0.75595613
vn -0.47439294 0.47425437 0.74164286
vn -0.47439294 0.47425437 0.74164286
vn -0.47439294 0.47425437 0.74164286
vn -0.46604968 0.46746552 0.75118153
vn -0.46604968 0.46746552 0.75118153
vn -0.46604968 0.46746552 0.75118153
vn -0.43953371 0.50835608 0.74052969
vn -0.43953371 0.50835608 0.74052969
vn -0.43953371 0.50835608 0.74052969
vn -0.44607875 0.51462978 0.73223626
vn -0.44607875 0.51462978 0.73223626
vn -0.44607875 0.51462978 0.73223626
vn -0.40779643 0.55319026 0.72641765
vn -0.40779643 0.55319026 0.72641765
vn -0.40779643 0.55319026 0.72641765
vn -0.39152326 0.53464519 0.74890858
vn -0.39152326 0.53464519 0.74890858
vn -0.39152326 0.53464519 0.74890858
vn -0.35444043 0.55303477 0.75400566
vn -0.35444043 0.55303477 0.75400566
vn -0.35444043 0.55303477 0.75400566
vn -0.44823804 0.33438371 0.82901761
vn -0.44823804 0.33438371 0.82901761
vn -0.44823804 0.33438371 0.82901761
vn -0.43676290 0.37262096 0.81877456
vn -0.43676290 0.37262096 0.81877456
vn -0.43676290 0.37262096 0.81877456
vn -0.21560647 0.36168950 0.90702511
vn -0.21560647 0.36168950 0.90702511
vn -0.21560647 0.36168950 0.90702511
vn -0.21737089 0.36585940 0.90492916
vn -0.21737089 0.36585940 0.90492916
vn -0.21737089 0.36585940 0.90492916
vn -0.26220934 0.15368225 0.95269514
vn -0.08671043 0.10787865 0.99037543
vn -0.08671043 0.10787865 0.99037543
vn -0.08671043 0.10787865 0.99037543
vn -0.56314502 0.58566477 0.58297896
vn -0.56314502 0.58566477 0.58297896
vn -0.56314502 0.58566477 0.58297896
vn -0.55185456 0.72018894 0.42045741
vn -0.55185456 0.72018894 0.42045741
vn -0.55185456 0.72018894 0.42045741
vn -0.40560243 0.38453603 0.82922778
vn -0.40560243 0.38453603 0.82922778
vn -0.40560243 0.38453603 0.82922778
vn -0.47093779 0.71285376 0.51967020
vn -0.47093779 0.71285376 0.51967020
vn -0.47093779 0.71285376 0.51967020
vn 0.08821925 -0.89418156 -0.43892676
vn 0.08821925 -0.89418156 -0.43892676
vn 0.08821925 -0.89418156 -0.43892676
vn -0.64227433 0.73752690 0.20865701
vn -0.64227433 0.73752690 0.20865701
vn -0.64227433 0.73752690 0.20865701
vn -0.71904893 0.68296438 0.12856242
vn -0.71904893 0.68296438 0.12856242
vn -0.71904893 0.68296438 0.12856242
vn -0.91755211 0.37131716 0.14220297
vn -0.91755211 0.37131716 0.14220297
vn -0.91755211 0.37131716 0.14220297
vn -0.89723140 0.42606713 0.11594228
vn -0.89723140 0.42606713 0.11594228
vn -0.89723140 0.42606713 0.11594228
vn -0.83555122 0.51945670 0.17893827
vn -0.83555122 0.51945670 0.17893827
vn -0.83555122 0.51945670 0.17893827
vn -0.67818721 0.71694846 0.16139088
vn -0.67818721 0.71694846 0.16139088
vn -0.67818721 0.71694846 0.16139088
vn -0.78357161 0.60996828 0.11812799
vn -0.78357161 0.60996828 0.11812799
vn -0.78357161 0.60996828 0.11812799
vn -0.79436586 0.59341936 0.12975491
vn -0.79436586 0.59341936 0.12975491
vn -0.79436586 0.59341936 0.12975491
vn -0.80029185 0.58635674 0.12537436
vn -0.80029185 0.58635674 0.12537436
vn -0.80029185 0.58635674 0.12537436
vn -0.87570995 0.47576384 0.08234596
vn -0.87570995 0.47576384 0.08234596
vn -0.87570995 0.47576384 0.08234596
vn -0.83191592 0.53189608 0.15812166
vn -0.83191592 0.53189608 0.15812166
vn -0.83191592 0.53189608 0.15812166
vn -0.94778086 0.31443352 0.05331976
vn -0.94778086 0.31443352 0.05331976
vn -0.94778086 0.31443352 0.05331976
vn 0.98166351 0.19062076 0.00068601
vn 0.98166351 0.19062076 0.00068601
vn 0.98166351 0.19062076 0.00068601
vn 0.16558614 0.98619482 0.00100613
vn 0.16558614 0.98619482 0.00100613
vn 0.16558614 0.98619482 0.00100613
vn 0.18908204 0.98196126 0.00023841
vn 0.18908204 0.98196126 0.00023841
vn 0.18908204 0.98196126 0.00023841
vn 0.36143672 0.93239649 0.00054000
vn 0.36143672 0.93239649 0.00054000
vn 0.36143672 0.93239649 0.00054000
vn 0.38430659 0.92320550 -0.00023547
vn 0.38430659 0.92320550 -0.00023547
vn 0.38430659 0.92320550 -0.00023547
vn 0.54460584 0.83869206 -0.00031374
vn 0.54460584 0.83869206 -0.00031374
vn 0.54460584 0.83869206 -0.00031374
vn 0.49620592 0.86820451 0.00078781
vn 0.49620592 0.86820451 0.00078781
vn 0.49620592 0.86820451 0.00078781
vn 0.68832476 0.72540266 -0.00005934
vn 0.68832476 0.72540266 -0.00005934
vn 0.68832476 0.72540266 -0.00005934
vn 0.64717747 0.76233885 0.00089190
vn 0.64717747 0.76233885 0.00089190
vn 0.64717747 0.76233885 0.00089190
vn 0.76346339 0.64585076 -0.00067431
vn 0.76346339 0.64585076 -0.00067431
vn 0.76346339 0.64585076 -0.00067431
vn 0.79758680 0.60320282 0.00128762
vn 0.79758680 0.60320282 0.00128762
vn 0.79758680 0.60320282 0.00128762
vn 0.86909232 0.49464885 -0.00102246
vn 0.86909232 0.49464885 -0.00102246
vn 0.86909232 0.49464885 -0.00102246
vn 0.89778786 0.44042572 0.00146326
vn 0.89778786 0.44042572 0.00146326
vn 0.89778786 0.44042572 0.00146326
vn 0.93352475 0.35851276 0.00038784
vn 0.93352475 0.35851276 0.00038784
vn 0.93352475 0.35851276 0.00038784
vn 0.94003251 0.34108351 0.00095703
vn 0.94003251 0.34108351 0.00095703
vn 0.94003251 0.34108351 0.00095703
vn 0.98573006 0.16832899 0.00126775
vn 0.98573006 0.16832899 0.00126775
vn 0.98573006 0.16832899 0.00126775
vn 0.17048380 -0.98536007 0.00089809
vn 0.17050912 -0.98535569 0.00089735
vn 0.16833319 -0.98572969 0.00096118
vn 0.97812271 -0.20802854 0.00029548
vn 0.97812271 -0.20802854 0.00029548
vn 0.97812271 -0.20802854 0.00029548
vn 0.98164864 -0.19069698 0.00078250
vn 0.98164864 -0.19069698 0.00078250
vn 0.98164864 -0.19069698 0.00078250
vn 0.93240441 -0.36141554 0.00090750
vn 0.93240441 -0.36141554 0.00090750
vn 0.93240441 -0.36141554 0.00090750
vn 0.91665197 -0.39968630 -0.00013125
vn 0.91665197 -0.39968630 -0.00013125
vn 0.91665197 -0.39968630 -0.00013125
vn 0.86818547 -0.49623791 0.00138733
vn 0.86818547 -0.49623791 0.00138733
vn 0.86818547 -0.49623791 0.00138733
vn 0.69797676 -0.71612041 -0.00004370
vn 0.69797676 -0.71612041 -0.00004370
vn 0.69797676 -0.71612041 -0.00004370
vn 0.80089655 -0.59880098 0.00144892
vn 0.80089655 -0.59880098 0.00144892
vn 0.80089655 -0.59880098 0.00144892
vn 0.76227426 -0.64725329 -0.00106637
vn 0.76227426 -0.64725329 -0.00106637
vn 0.76227426 -0.64725329 -0.00106637
vn 0.54468424 -0.83864112 -0.00039702
vn 0.54468424 -0.83864112 -0.00039702
vn 0.54468424 -0.83864112 -0.00039702
vn 0.64578484 -0.76351875 0.00103276
vn 0.64578484 -0.76351875 0.00103276
vn 0.64578484 -0.76351875 0.00103276
vn 0.49464885 -0.86909232 -0.00102240
vn 0.49464885 -0.86909232 -0.00102240
vn 0.49464885 -0.86909232 -0.00102240
vn 0.40456814 -0.91450273 0.00306382
vn 0.40456814 -0.91450273 0.00306382
vn 0.40456814 -0.91450273 0.00306382
vn 0.35853919 -0.93351467 -0.00007753
vn 0.35853919 -0.93351467 -0.00007753
vn 0.35853919 -0.93351467 -0.00007753
vn 0.32432438 -0.94594521 0.00116419
vn 0.32432438 -0.94594521 0.00116419
vn 0.32432438 -0.94594521 0.00116419
vn 0.16830126 -0.98573514 0.00096212
vn 0.95434595 0.29478699 0.04821245
vn 0.95434595 0.29478699 0.04821245
vn 0.95434595 0.29478699 0.04821245
vn 0.73204421 0.66624504 0.14222808
vn 0.73204421 0.66624504 0.14222808
vn 0.73204421 0.66624504 0.14222808
vn 0.68479074 0.71129296 0.15850542
vn 0.68479074 0.71129296 0.15850542
vn 0.68479074 0.71129296 0.15850542
vn 0.91018079 0.40015177 0.10700229
vn 0.91018079 0.40015177 0.10700229
vn 0.91018079 0.40015177 0.10700229
vn 0.93007110 0.34553527 0.12479230
vn 0.93007110 0.34553527 0.12479230
vn 0.93007110 0.34553527 0.12479230
vn 0.81339363 0.54780549 0.19570373
vn 0.81339363 0.54780549 0.19570373
vn 0.81339363 0.54780549 0.19570373
vn 0.91398964 0.38490457 0.12834102
vn 0.91398964 0.38490457 0.12834102
vn 0.91398964 0.38490457 0.12834102
vn 0.93391817 0.33638000 0.12101795
vn 0.93391817 0.33638000 0.12101795
vn 0.93391817 0.33638000 0.12101795
vn 0.80209381 0.59507393 0.05032435
vn 0.80209381 0.59507393 0.05032435
vn 0.80209381 0.59507393 0.05032435
vn 0.60905649 0.76440908 0.21149220
vn 0.60905649 0.76440908 0.21149220
vn 0.60905649 0.76440908 0.21149220
vn 0.91248030 0.40486676 0.05884390
vn 0.91248030 0.40486676 0.05884390
vn 0.91248030 0.40486676 0.05884390
vn 0.84543951 0.51495585 0.14160686
vn 0.84543951 0.51495585 0.14160686
vn 0.84543951 0.51495585 0.14160686
vn 0.79283093 0.58144575 0.18259233
vn 0.79283093 0.58144575 0.18259233
vn 0.79283093 0.58144575 0.18259233
vn 0.62239907 0.54267617 0.56402302
vn 0.62239907 0.54267617 0.56402302
vn 0.62239907 0.54267617 0.56402302
vn 0.50262589 0.74317947 0.44164633
vn 0.50262589 0.74317947 0.44164633
vn 0.50262589 0.74317947 0.44164633
vn 0.34224873 0.29581169 0.89183028
vn 0.34224873 0.29581169 0.89183028
vn 0.34224873 0.29581169 0.89183028
vn 0.47955582 0.66767954 0.56941220
vn 0.47955582 0.66767954 0.56941220
vn 0.47955582 0.66767954 0.56941220
vn 0.31650970 0.57378039 0.75537916
vn 0.31650970 0.57378039 0.75537916
vn 0.31650970 0.57378039 0.75537916
vn 0.67433360 0.36817660 0.64009388
vn 0.67433360 0.36817660 0.64009388
vn 0.67433360 0.36817660 0.64009388
vn 0.36828939 0.20493887 0.90684231
vn 0.36828939 0.20493887 0.90684231
vn 0.36828939 0.20493887 0.90684231
vn 0.14748492 0.25145685 0.95656555
vn 0.14748492 0.25145685 0.95656555
vn 0.14748492 0.25145685 0.95656555
vn 0.33809566 0.60722632 0.71900454
vn 0.33809566 0.60722632 0.71900454
vn 0.33809566 0.60722632 0.71900454
vn 0.37176084 0.59339488 0.71391624
vn 0.37176084 0.59339488 0.71391624
vn 0.37176084 0.59339488 0.71391624
vn 0.35179155 0.55536814 0.75353098
vn 0.35179155 0.55536814 0.75353098
vn 0.35179155 0.55536814 0.75353098
vn 0.37807204 0.52035233 0.76569902
vn 0.37807204 0.52035233 0.76569902
vn 0.37807204 0.52035233 0.76569902
vn 0.43517556 0.49760840 0.75033867
vn 0.43517556 0.49760840 0.75033867
vn 0.43517556 0.49760840 0.75033867
vn 0.47479588 0.47593992 0.74030404
vn 0.47479588 0.47593992 0.74030404
vn 0.47479588 0.47593992 0.74030404
vn 0.46283066 0.46142892 0.75688251
vn 0.46283066 0.46142892 0.75688251
vn 0.46283066 0.46142892 0.75688251
vn 0.49992158 0.42998282 0.75179331
vn 0.49992158 0.42998282 0.75179331
vn 0.49992158 0.42998282 0.75179331
vn 0.51864512 0.44964658 0.72720368
vn 0.51864512 0.44964658 0.72720368
vn 0.51864512 0.44964658 0.72720368
vn 0.56027112 0.41328485 0.71783835
vn 0.56027112 0.41328485 0.71783835
vn 0.56027112 0.41328485 0.71783835
vn 0.53951798 0.39498002 0.74357994
vn 0.53951798 0.39498002 0.74357994
vn 0.53951798 0.39498002 0.74357994
vn 0.55514239 0.35594266 0.75174580
vn 0.55514239 0.35594266 0.75174580
vn 0.55514239 0.35594266 0.75174580
vn 0.32259296 0.43241461 0.84199251
vn 0.32259296 0.43241461 0.84199251
vn 0.32259296 0.43241461 0.84199251
vn 0.35880701 0.42049561 0.83333125
vn 0.35880701 0.42049561 0.83333125
vn 0.35880701 0.42049561 0.83333125
vn 0.45191582 0.28053549 0.84680100
vn 0.45191582 0.28053549 0.84680100
vn 0.45191582 0.28053549 0.84680100
vn 0.46431379 0.26595979 0.84479471
vn 0.46431379 0.26595979 0.84479471
vn 0.46431379 0.26595979 0.84479471
vn 0.06175975 0.11033340 0.99197393
vn 0.06175975 0.11033340 0.99197393
vn 0.06175975 0.11033340 0.99197393
vn 0.10787861 0.08671048 0.99037543
vn 0.10787861 0.08671048 0.99037543
vn 0.10787861 0.08671048 0.99037543
vn 0.70666120 0.57367235 0.41416178
vn 0.70666120 0.57367235 0.41416178
vn 0.70666120 0.57367235 0.41416178
vn 0.72665186 0.45661966 0.51329871
vn 0.72665186 0.45661966 0.51329871
vn 0.72665186 0.45661966 0.51329871
vn 0.56592753 0.58646825 0.57946615
vn 0.56592753 0.58646825 0.57946615
vn 0.56592753 0.58646825 0.57946615
vn 0.34908381 0.42318116 0.83609700
vn 0.34908381 0.42318116 0.83609700
vn 0.34908381 0.42318116 0.83609700
vn -0.85972803 0.31815936 -0.39955267
vn -0.85972803 0.31815936 -0.39955267
vn -0.85972803 0.31815936 -0.39955267
vn 0.68462032 0.70874145 0.17023681
vn 0.68462032 0.70874145 0.17023681
vn 0.68462032 0.70874145 0.17023681
vn -0.84964935 0.21361027 -0.48214794
vn -0.84964935 0.21361027 -0.48214794
vn -0.84964935 0.21361027 -0.48214794
vn 0.35338407 0.92668442 0.12796754
vn 0.35338407 0.92668442 0.12796754
vn 0.35338407 0.92668442 0.12796754
vn 0.54251548 0.81982648 0.18319796
vn 0.54251548 0.81982648 0.18319796
vn 0.54251548 0.81982648 0.18319796
vn 0.47178058 0.86230206 0.18400611
vn 0.47178058 0.86230206 0.18400611
vn 0.47178058 0.86230206 0.18400611
vn 0.29137355 0.95289572 0.08420923
vn 0.29137355 0.95289572 0.08420923
vn 0.29137355 0.95289572 0.08420923
vn 0.59670765 0.80006113 0.06198526
vn 0.59670765 0.80006113 0.06198526
vn 0.59670765 0.80006113 0.06198526
vn 0.71845336 0.67717300 0.15893865
vn 0.71845336 0.67717300 0.15893865
vn 0.71845336 0.67717300 0.15893865
vn 0.62186949 0.77444578 0.11624144
vn 0.62186949 0.77444578 0.11624144
vn 0.62186949 0.77444578 0.11624144
vn 0.59510716 0.79236650 0.13417449
vn 0.59510716 0.79236650 0.13417449
vn 0.59510716 0.79236650 0.13417449
vn 0.63016708 0.76051855 0.15652789
vn 0.63016708 0.76051855 0.15652789
vn 0.63016708 0.76051855 0.15652789
vn 0.37054566 0.92846223 0.02556951
vn 0.37054566 0.92846223 0.02556951
vn 0.37054566 0.92846223 0.02556951
vn 0.37069046 0.92597891 0.07177492
vn 0.37069046 0.92597891 0.07177492
vn 0.37069046 0.92597891 0.07177492
vn 0.49551097 0.85438591 0.15650431
vn 0.49551097 0.85438591 0.15650431
vn 0.49551097 0.85438591 0.15650431
vn 0.65310684 0.72643903 0.21386396
vn 0.65310684 0.72643903 0.21386396
vn 0.65310684 0.72643903 0.21386396
vn 0.38717147 0.91640676 0.10147365
vn 0.38717147 0.91640676 0.10147365
vn 0.38717147 0.91640676 0.10147365
vn 0.26290635 -0.96387418 0.04274120
vn 0.26290635 -0.96387418 0.04274120
vn 0.26290635 -0.96387418 0.04274120
vn 0.41163528 -0.90238788 0.12748536
vn 0.41163528 -0.90238788 0.12748536
vn 0.41163528 -0.90238788 0.12748536
vn 0.70685636 -0.68527318 0.17537035
vn 0.70685636 -0.68527318 0.17537035
vn 0.70685636 -0.68527318 0.17537035
vn 0.70679830 -0.69031978 0.15457934
vn 0.70679830 -0.69031978 0.15457934
vn 0.70679830 -0.69031978 0.15457934
vn 0.42275596 -0.89847670 0.11839353
vn 0.42275596 -0.89847670 0.11839353
vn 0.42275596 -0.89847670 0.11839353
vn 0.34505836 -0.93014600 0.12555137
vn 0.34505836 -0.93014600 0.12555137
vn 0.34505836 -0.93014600 0.12555137
vn 0.55463031 -0.80804077 0.19863366
vn 0.55463031 -0.80804077 0.19863366
vn 0.55463031 -0.80804077 0.19863366
vn 0.38627802 -0.91331969 0.12898233
vn 0.38627802 -0.91331969 0.12898233
vn 0.38627802 -0.91331969 0.12898233
vn 0.33265754 -0.93531436 0.12052387
vn 0.33265754 -0.93531436 0.12052387
vn 0.33265754 -0.93531436 0.12052387
vn 0.58937213 -0.80620317 0.05173922
vn 0.58937213 -0.80620317 0.05173922
vn 0.58937213 -0.80620317 0.05173922
vn 0.40384528 -0.91298691 0.05799901
vn 0.40384528 -0.91298691 0.05799901
vn 0.40384528 -0.91298691 0.05799901
vn 0.51405760 -0.84606431 0.14113811
vn 0.51405760 -0.84606431 0.14113811
vn 0.51405760 -0.84606431 0.14113811
vn 0.58104309 -0.79316503 0.18242305
vn 0.58104309 -0.79316503 0.18242305
vn 0.58104309 -0.79316503 0.18242305
vn 0.29358217 -0.33129941 0.89668847
vn 0.29358217 -0.33129941 0.89668847
vn 0.29358217 -0.33129941 0.89668847
vn 0.59407491 -0.45625083 0.66250296
vn 0.59407491 -0.45625083 0.66250296
vn 0.59407491 -0.45625083 0.66250296
vn 0.47355358 -0.51437332 0.71495951
vn 0.47355358 -0.51437332 0.71495951
vn 0.47355358 -0.51437332 0.71495951
vn 0.59182326 -0.32641789 0.73701871
vn 0.59182326 -0.32641789 0.73701871
vn 0.59182326 -0.32641789 0.73701871
vn 0.25145681 -0.14748488 0.95656557
vn 0.25145681 -0.14748488 0.95656557
vn 0.25145681 -0.14748488 0.95656557
vn 0.36546514 -0.67433935 0.64163983
vn 0.36546514 -0.67433935 0.64163983
vn 0.36546514 -0.67433935 0.64163983
vn 0.59829077 -0.33074496 0.72983281
vn 0.59829077 -0.33074496 0.72983281
vn 0.59829077 -0.33074496 0.72983281
vn 0.59008790 -0.37064387 0.71723036
vn 0.59008790 -0.37064387 0.71723036
vn 0.59008790 -0.37064387 0.71723036
vn 0.56177776 -0.35600082 0.74677250
vn 0.56177776 -0.35600082 0.74677250
vn 0.56177776 -0.35600082 0.74677250
vn 0.53113234 -0.38540251 0.75456169
vn 0.53113234 -0.38540251 0.75456169
vn 0.53113234 -0.38540251 0.75456169
vn 0.49220969 -0.43060328 0.75651201
vn 0.49220969 -0.43060328 0.75651201
vn 0.49220969 -0.43060328 0.75651201
vn 0.46615682 -0.46644125 0.75175155
vn 0.46615682 -0.46644125 0.75175155
vn 0.46615682 -0.46644125 0.75175155
vn 0.45989691 -0.46129399 0.75875074
vn 0.45989691 -0.46129399 0.75875074
vn 0.45989691 -0.46129399 0.75875074
vn 0.43433346 -0.50523300 0.74571715
vn 0.43433346 -0.50523300 0.74571715
vn 0.43433346 -0.50523300 0.74571715
vn 0.45525222 -0.52495258 0.71914547
vn 0.45525222 -0.52495258 0.71914547
vn 0.45525222 -0.52495258 0.71914547
vn 0.41724974 -0.56413712 0.71249699
vn 0.41724974 -0.56413712 0.71249699
vn 0.41724974 -0.56413712 0.71249699
vn 0.39139199 -0.53446010 0.74910927
vn 0.39139199 -0.53446010 0.74910927
vn 0.39139199 -0.53446010 0.74910927
vn 0.34796079 -0.54506036 0.76277945
vn 0.34796079 -0.54506036 0.76277945
vn 0.34796079 -0.54506036 0.76277945
vn 0.43517150 -0.32464724 0.83977969
vn 0.43517150 -0.32464724 0.83977969
vn 0.43517150 -0.32464724 0.83977969
vn 0.41645052 -0.35537181 0.83682725
vn 0.41645052 -0.35537181 0.83682725
vn 0.41645052 -0.35537181 0.83682725
vn 0.23111410 -0.38781761 0.89229131
vn 0.23111410 -0.38781761 0.89229131
vn 0.23111410 -0.38781761 0.89229131
vn 0.22237996 -0.36653737 0.90343650
vn 0.22237996 -0.36653737 0.90343650
vn 0.22237996 -0.36653737 0.90343650
vn 0.11033336 -0.06175971 0.99197394
vn 0.11033336 -0.06175971 0.99197394
vn 0.11033336 -0.06175971 0.99197394
vn 0.08671043 -0.10787857 0.99037544
vn 0.08671043 -0.10787857 0.99037544
vn 0.08671043 -0.10787857 0.99037544
vn 0.56841135 -0.58673617 0.57675749
vn 0.56841135 -0.58673617 0.57675749
vn 0.56841135 -0.58673617 0.57675749
vn 0.55523063 -0.71530873 0.42432579
vn 0.55523063 -0.71530873 0.42432579
vn 0.55523063 -0.71530873 0.42432579
vn 0.40560243 -0.38453595 0.82922781
vn 0.40560243 -0.38453595 0.82922781
vn 0.40560243 -0.38453595 0.82922781
vn 0.47112447 -0.71584050 0.51537764
vn 0.47112447 -0.71584050 0.51537764
vn 0.47112447 -0.71584050 0.51537764
vn -0.03138004 0.89079368 -0.45332320
vn -0.03138004 0.89079368 -0.45332320
vn -0.03138004 0.89079368 -0.45332320
vn 0.65156901 -0.73096218 0.20285985
vn 0.65156901 -0.73096218 0.20285985
vn 0.65156901 -0.73096218 0.20285985
vn 0.70843786 -0.69265984 0.13541836
vn 0.70843786 -0.69265984 0.13541836
vn 0.70843786 -0.69265984 0.13541836
vn 0.93607654 -0.32973850 0.12261009
vn 0.93607654 -0.32973850 0.12261009
vn 0.93607654 -0.32973850 0.12261009
vn 0.83118344 -0.51856259 0.20056649
vn 0.83118344 -0.51856259 0.20056649
vn 0.83118344 -0.51856259 0.20056649
vn 0.90158377 -0.41791850 0.11176240
vn 0.90158377 -0.41791850 0.11176240
vn 0.90158377 -0.41791850 0.11176240
vn 0.81282200 -0.54733253 0.19936774
vn 0.81282200 -0.54733253 0.19936774
vn 0.81282200 -0.54733253 0.19936774
vn 0.82158952 -0.53621625 0.19355308
vn 0.82158952 -0.53621625 0.19355308
vn 0.82158952 -0.53621625 0.19355308
vn 0.64804025 -0.73939518 0.18258863
vn 0.64804025 -0.73939518 0.18258863
vn 0.64804025 -0.73939518 0.18258863
vn 0.78148658 -0.61252683 0.11869969
vn 0.78148658 -0.61252683 0.11869969
vn 0.78148658 -0.61252683 0.11869969
vn 0.79022419 -0.59822150 0.13295401
vn 0.79022419 -0.59822150 0.13295401
vn 0.79022419 -0.59822150 0.13295401
vn 0.77197362 -0.61870875 0.14579513
vn 0.77197362 -0.61870875 0.14579513
vn 0.77197362 -0.61870875 0.14579513
vn 0.87110625 -0.48345289 0.08629717
vn 0.87110625 -0.48345289 0.08629717
vn 0.87110625 -0.48345289 0.08629717
vn 0.83166508 -0.53230740 0.15805706
vn 0.83166508 -0.53230740 0.15805706
vn 0.83166508 -0.53230740 0.15805706
vn 0.89340825 -0.43426419 0.11504920
vn 0.89340825 -0.43426419 0.11504920
vn 0.89340825 -0.43426419 0.11504920
vn -0.03058738 -0.99800327 0.05526198
vn -0.03058738 -0.99800327 0.05526198
vn -0.03058738 -0.99800327 0.05526198
vn 0.03492690 -0.99699590 0.06913234
vn 0.03492690 -0.99699590 0.06913234
vn 0.03492690 -0.99699590 0.06913234
vn 0.45740444 -0.84595032 0.27413361
vn 0.45769660 -0.84595304 0.27363711
vn 0.45788389 -0.84595464 0.27331865
vn 0.51071394 -0.81537978 0.27262995
vn 0.51128612 -0.81527236 0.27187769
vn 0.51160678 -0.81521181 0.27145574
vn 0.51216410 -0.81510594 0.27072173
vn 0.57074164 -0.77495440 0.27147680
vn 0.57112451 -0.77485425 0.27095698
vn 0.57136468 -0.77479123 0.27063066
vn 0.57174821 -0.77469026 0.27010922
vn 0.62847433 -0.72931007 0.27041974
vn 0.62815009 -0.72992364 0.26951612
vn 0.62867534 -0.72892843 0.27098092
vn 0.62900034 -0.72830935 0.27188980
vn 0.72336294 -0.63484761 0.27150429
vn 0.72336294 -0.63484761 0.27150429
vn 0.72336294 -0.63484761 0.27150429
vn 0.68071592 -0.68071546 0.27065163
vn 0.68062704 -0.68075443 0.27077710
vn 0.68057386 -0.68077773 0.27085217
vn 0.68048230 -0.68081784 0.27098139
vn 0.81544377 -0.51111166 0.27169160
vn 0.81536121 -0.51154560 0.27112212
vn 0.81522808 -0.51224008 0.27020970
vn 0.77990797 -0.56397948 0.27142347
vn 0.77990797 -0.56397948 0.27142347
vn 0.77990797 -0.56397948 0.27142347
vn 0.84467017 -0.45932851 0.27486291
vn 0.84467017 -0.45932851 0.27486291
vn 0.84467017 -0.45932851 0.27486291
vn 0.84775143 -0.45609838 0.27072455
vn 0.84775143 -0.45609838 0.27072455
vn 0.84775143 -0.45609838 0.27072455
vn 0.81557537 -0.51041480 0.27260510
vn 0.91003191 -0.32578009 0.25633819
vn 0.91003191 -0.32578009 0.25633819
vn 0.91003191 -0.32578009 0.25633819
vn 0.88911858 -0.37844572 0.25738492
vn 0.88911858 -0.37844572 0.25738492
vn 0.88911858 -0.37844572 0.25738492
vn 0.88971442 0.37706435 0.25735331
vn 0.88971442 0.37706435 0.25735331
vn 0.88971442 0.37706435 0.25735331
vn 0.90996594 0.32597903 0.25631945
vn 0.90996594 0.32597903 0.25631945
vn 0.90996594 0.32597903 0.25631945
vn 0.84948695 0.44932552 0.27654747
vn 0.84948695 0.44932552 0.27654747
vn 0.84948695 0.44932552 0.27654747
vn 0.81054845 0.51965588 0.27012770
vn 0.81054845 0.51965588 0.27012770
vn 0.81054845 0.51965588 0.27012770
vn 0.77422924 0.57222627 0.27041853
vn 0.77482808 0.57184993 0.26949788
vn 0.77385658 0.57245975 0.27099045
vn 0.77325222 0.57283723 0.27191636
vn 0.63494788 0.72395386 0.26968869
vn 0.63494788 0.72395386 0.26968869
vn 0.63494788 0.72395386 0.26968869
vn 0.68083280 0.68083326 0.27006069
vn 0.68100021 0.68044522 0.27061599
vn 0.68110490 0.68020201 0.27096372
vn 0.68127130 0.67981454 0.27151723
vn 0.72967710 0.62793793 0.27067561
vn 0.72970523 0.62785797 0.27078524
vn 0.72972205 0.62781014 0.27085081
vn 0.72975100 0.62772776 0.27096373
vn 0.51220704 0.81517549 0.27043091
vn 0.51220704 0.81517549 0.27043091
vn 0.51220704 0.81517549 0.27043091
vn 0.51299034 0.81410136 0.27217620
vn 0.51299034 0.81410136 0.27217620
vn 0.51299034 0.81410136 0.27217620
vn 0.56366665 0.77979149 0.27240621
vn 0.56366665 0.77979149 0.27240621
vn 0.56366665 0.77979149 0.27240621
vn 0.45822088 0.84687025 0.26989701
vn 0.45822088 0.84687025 0.26989701
vn 0.45822088 0.84687025 0.26989701
vn -0.51986881 0.80994263 0.27153150
vn -0.51986881 0.80994263 0.27153150
vn -0.51986881 0.80994263 0.27153150
vn -0.57211631 0.77410182 0.27101532
vn -0.57174586 0.77468710 0.27012324
vn -0.57234004 0.77374730 0.27155477
vn -0.57271661 0.77314882 0.27246392
vn -0.62659760 0.73030095 0.27209551
vn -0.62715485 0.73011017 0.27132256
vn -0.62749339 0.72999383 0.27085245
vn -0.62804634 0.72980310 0.27008375
vn -0.68117397 0.68039645 0.27030111
vn -0.68093796 0.68093753 0.26953215
vn -0.68132181 0.68005645 0.27078372
vn -0.68155747 0.67951272 0.27155454
vn -0.73012945 0.62704708 0.27151969
vn -0.72978343 0.62802859 0.27017816
vn -0.73033732 0.62645371 0.27232914
vn -0.73068051 0.62546774 0.27367153
vn -0.85629781 0.44678774 0.25910378
vn -0.85629781 0.44678774 0.25910378
vn -0.85629781 0.44678774 0.25910378
vn -0.80975313 0.52016431 0.27153077
vn -0.80975313 0.52016431 0.27153077
vn -0.80975313 0.52016431 0.27153077
vn -0.77457887 0.57166522 0.27060388
vn -0.77414887 0.57193640 0.27126053
vn -0.77390020 0.57209290 0.27163983
vn -0.77345826 0.57237043 0.27231309
vn -0.88193123 0.39229272 0.26134982
vn -0.88193123 0.39229272 0.26134982
vn -0.88193123 0.39229272 0.26134982
vn -0.96208989 -0.04370082 0.26920863
vn -0.96208989 -0.04370082 0.26920863
vn -0.96208989 -0.04370082 0.26920863
vn -0.96217453 -0.10324950 0.25211054
vn -0.96217453 -0.10324950 0.25211054
vn -0.96217453 -0.10324950 0.25211054
vn -0.80957389 -0.51993228 0.27250787
vn -0.80957389 -0.51993228 0.27250787
vn -0.80957389 -0.51993228 0.27250787
vn -0.77496868 -0.57043887 0.27207175
vn -0.77483741 -0.57093144 0.27141163
vn -0.77475974 -0.57122178 0.27102219
vn -0.77463026 -0.57170390 0.27037495
vn -0.73006063 -0.62729816 0.27112452
vn -0.72996274 -0.62758273 0.27072923
vn -0.72990113 -0.62776150 0.27048076
vn -0.72980285 -0.62804611 0.27008495
vn -0.68031242 -0.68121090 0.27041951
vn -0.68093778 -0.68093821 0.26953090
vn -0.67992362 -0.68137983 0.27097122
vn -0.67929280 -0.68165291 0.27186506
vn -0.51954904 -0.81075703 0.26970696
vn -0.51954904 -0.81075703 0.26970696
vn -0.51954904 -0.81075703 0.26970696
vn -0.56468592 -0.77987757 0.27003849
vn -0.56468592 -0.77987757 0.27003849
vn -0.56468592 -0.77987757 0.27003849
vn -0.63378158 -0.72442676 0.27115822
vn -0.63378158 -0.72442676 0.27115822
vn -0.63378158 -0.72442676 0.27115822
vn 0.03528887 -0.98587936 0.16369663
vn 0.03528887 -0.98587936 0.16369663
vn 0.03528887 -0.98587936 0.16369663
vn 0.04289440 -0.98757770 0.15116336
vn 0.04289440 -0.98757770 0.15116336
vn 0.04289440 -0.98757770 0.15116336
vn 0.11326399 -0.98167347 0.15325945
vn 0.11326399 -0.98167347 0.15325945
vn 0.11326399 -0.98167347 0.15325945
vn 0.11531840 -0.98183487 0.15067168
vn 0.11531840 -0.98183487 0.15067168
vn 0.11531840 -0.98183487 0.15067168
vn 0.18229052 -0.97102380 0.15454110
vn 0.18273222 -0.97102571 0.15400652
vn 0.18293335 -0.97102642 0.15376304
vn 0.18337604 -0.97102766 0.15322700
vn 0.25238355 -0.95457586 0.15839023
vn 0.25238355 -0.95457586 0.15839023
vn 0.25238355 -0.95457586 0.15839023
vn 0.26016130 -0.95411010 0.14829030
vn 0.26016130 -0.95411010 0.14829030
vn 0.26016130 -0.95411010 0.14829030
vn 0.32730220 -0.93268807 0.15154614
vn 0.32762171 -0.93264105 0.15114460
vn 0.32776396 -0.93262003 0.15096578
vn 0.32807934 -0.93257324 0.15056922
vn 0.39561731 -0.90548844 0.15355007
vn 0.39622227 -0.90534200 0.15285212
vn 0.39642450 -0.90529286 0.15261869
vn 0.39698300 -0.90515661 0.15197371
vn 0.45298612 -0.87736768 0.15820722
vn 0.45298612 -0.87736768 0.15820722
vn 0.45298612 -0.87736768 0.15820722
vn 0.46230410 -0.87495001 0.14400486
vn 0.46230410 -0.87495001 0.14400486
vn 0.46230410 -0.87495001 0.14400486
vn 0.52619061 -0.83742904 0.14777024
vn 0.52619061 -0.83742904 0.14777024
vn 0.52619061 -0.83742904 0.14777024
vn 0.53019176 -0.83602899 0.14125235
vn 0.53019176 -0.83602899 0.14125235
vn 0.53019176 -0.83602899 0.14125235
vn 0.58766017 -0.79625018 0.14367034
vn 0.58759018 -0.79628140 0.14378358
vn 0.58753103 -0.79630776 0.14387926
vn 0.58745964 -0.79633956 0.14399471
vn 0.64512677 -0.74965091 0.14776656
vn 0.64512677 -0.74965091 0.14776656
vn 0.64512677 -0.74965091 0.14776656
vn 0.64887164 -0.74767170 0.14125376
vn 0.64887164 -0.74767170 0.14125376
vn 0.64887164 -0.74767170 0.14125376
vn 0.69977103 -0.69977057 0.14367205
vn 0.69991696 -0.69967714 0.14341599
vn 0.70002995 -0.69960473 0.14321765
vn 0.70017956 -0.69950874 0.14295489
vn 0.75549893 -0.63928390 0.14330897
vn 0.75549893 -0.63928390 0.14330897
vn 0.75549893 -0.63928390 0.14330897
vn 0.74991189 -0.64374306 0.15240415
vn 0.74991189 -0.64374306 0.15240415
vn 0.74991189 -0.64374306 0.15240415
vn 0.79098979 -0.59237934 0.15304205
vn 0.79098979 -0.59237934 0.15304205
vn 0.79098979 -0.59237934 0.15304205
vn 0.79564207 -0.58841477 0.14395052
vn 0.79564207 -0.58841477 0.14395052
vn 0.79564207 -0.58841477 0.14395052
vn 0.83743012 -0.52619051 0.14776445
vn 0.83743012 -0.52619051 0.14776445
vn 0.83743012 -0.52619051 0.14776445
vn 0.84042206 -0.52319859 0.14125860
vn 0.84042206 -0.52319859 0.14125860
vn 0.84042206 -0.52319859 0.14125860
vn 0.87823107 -0.45607807 0.14388532
vn 0.87823107 -0.45607807 0.14388532
vn 0.87823107 -0.45607807 0.14388532
vn 0.87396989 -0.46149870 0.15230098
vn 0.87396989 -0.46149870 0.15230098
vn 0.87396989 -0.46149870 0.15230098
vn 0.90336063 -0.40073180 0.15281881
vn 0.90336063 -0.40073180 0.15281881
vn 0.90336063 -0.40073180 0.15281881
vn 0.90651200 -0.39655890 0.14483447
vn 0.90651200 -0.39655890 0.14483447
vn 0.90651200 -0.39655890 0.14483447
vn 0.93643713 -0.31895473 0.14612797
vn 0.93643713 -0.31895473 0.14612797
vn 0.93643713 -0.31895473 0.14612797
vn 0.93390312 -0.32332131 0.15260504
vn 0.93390312 -0.32332131 0.15260504
vn 0.93390312 -0.32332131 0.15260504
vn 0.95395888 -0.25751665 0.15377787
vn 0.95395888 -0.25751665 0.15377787
vn 0.95395888 -0.25751665 0.15377787
vn 0.95555276 -0.25432004 0.14913163
vn 0.95555276 -0.25432004 0.14913163
vn 0.95555276 -0.25432004 0.14913163
vn 0.97206000 -0.18101897 0.14943727
vn 0.97191139 -0.18140111 0.14993959
vn 0.97185103 -0.18155602 0.15014322
vn 0.97170982 -0.18191767 0.15061865
vn 0.98158804 -0.11214418 0.15462408
vn 0.98203397 -0.11072526 0.15280446
vn 0.98222684 -0.11010594 0.15201023
vn 0.98265889 -0.10870602 0.15021488
vn 0.98708305 -0.03985821 0.15517211
vn 0.98708305 -0.03985821 0.15517211
vn 0.98708305 -0.03985821 0.15517211
vn 0.98804905 -0.03577277 0.14993128
vn 0.98804905 -0.03577277 0.14993128
vn 0.98804905 -0.03577277 0.14993128
vn 0.98710062 0.03810081 0.15550141
vn 0.98710062 0.03810081 0.15550141
vn 0.98710062 0.03810081 0.15550141
vn 0.98768666 0.04179097 0.15076000
vn 0.98768666 0.04179097 0.15076000
vn 0.98768666 0.04179097 0.15076000
vn 0.98188515 0.11070365 0.15377337
vn 0.98187069 0.11051810 0.15399900
vn 0.98186423 0.11043551 0.15409941
vn 0.98184973 0.11025097 0.15432376
vn 0.97064867 0.18095143 0.15842267
vn 0.97064867 0.18095143 0.15842267
vn 0.97064867 0.18095143 0.15842267
vn 0.97079095 0.18813313 0.14889878
vn 0.97079095 0.18813313 0.14889878
vn 0.97079095 0.18813313 0.14889878
vn 0.95412976 0.25896433 0.15024608
vn 0.95418165 0.25830298 0.15105282
vn 0.95420190 0.25804107 0.15137217
vn 0.95425004 0.25740989 0.15214144
vn 0.93488994 0.31956207 0.15446971
vn 0.93488994 0.31956207 0.15446971
vn 0.93488994 0.31956207 0.15446971
vn 0.93384289 0.32884973 0.14069581
vn 0.93384289 0.32884973 0.14069581
vn 0.93384289 0.32884973 0.14069581
vn 0.90445118 0.40150894 0.14407858
vn 0.90445118 0.40150894 0.14407858
vn 0.90445118 0.40150894 0.14407858
vn 0.90604338 0.39495847 0.15196444
vn 0.90604338 0.39495847 0.15196444
vn 0.90604338 0.39495847 0.15196444
vn 0.87436398 0.45831638 0.15947956
vn 0.87436398 0.45831638 0.15947956
vn 0.87436398 0.45831638 0.15947956
vn 0.87253988 0.46475842 0.15057811
vn 0.87253988 0.46475842 0.15057811
vn 0.87253988 0.46475842 0.15057811
vn 0.83937060 0.52249175 0.14986452
vn 0.83937060 0.52249175 0.14986452
vn 0.83937060 0.52249175 0.14986452
vn 0.83762094 0.52756621 0.14165119
vn 0.83762094 0.52756621 0.14165119
vn 0.83762094 0.52756621 0.14165119
vn 0.79639021 0.58776352 0.14246641
vn 0.79653179 0.58744529 0.14298650
vn 0.79665150 0.58717549 0.14342710
vn 0.79679357 0.58685441 0.14395106
vn 0.74965117 0.64512700 0.14776426
vn 0.74965117 0.64512700 0.14776426
vn 0.74965117 0.64512700 0.14776426
vn 0.74767261 0.64887065 0.14125350
vn 0.74767261 0.64887065 0.14125350
vn 0.74767261 0.64887065 0.14125350
vn 0.69977054 0.69977100 0.14367236
vn 0.69950799 0.70018065 0.14295324
vn 0.69929840 0.70050671 0.14238011
vn 0.69903233 0.70091941 0.14165375
vn 0.63926457 0.75532320 0.14431796
vn 0.63926457 0.75532320 0.14431796
vn 0.63926457 0.75532320 0.14431796
vn 0.64376987 0.74969431 0.15335842
vn 0.64376987 0.74969431 0.15335842
vn 0.64376987 0.74969431 0.15335842
vn 0.59230575 0.79099698 0.15328949
vn 0.59230575 0.79099698 0.15328949
vn 0.59230575 0.79099698 0.15328949
vn 0.58869723 0.79527450 0.14482419
vn 0.58869723 0.79527450 0.14482419
vn 0.58869723 0.79527450 0.14482419
vn 0.52632635 0.83764631 0.14604531
vn 0.52632635 0.83764631 0.14604531
vn 0.52632635 0.83764631 0.14604531
vn 0.52491676 0.83905921 0.14297563
vn 0.52491676 0.83905921 0.14297563
vn 0.52491676 0.83905921 0.14297563
vn 0.45366279 0.87957449 0.14331360
vn 0.45366279 0.87957449 0.14331360
vn 0.45366279 0.87957449 0.14331360
vn 0.46054756 0.87407664 0.15455086
vn 0.46054756 0.87407664 0.15455086
vn 0.46054756 0.87407664 0.15455086
vn 0.39619177 0.90537542 0.15273323
vn 0.39626020 0.90532795 0.15283703
vn 0.39628769 0.90530888 0.15287872
vn 0.39635605 0.90526144 0.15298241
vn 0.32853154 0.93126934 0.15749424
vn 0.32853154 0.93126934 0.15749424
vn 0.32853154 0.93126934 0.15749424
vn 0.32250968 0.93486505 0.14837404
vn 0.32250968 0.93486505 0.14837404
vn 0.32250968 0.93486505 0.14837404
vn 0.25429854 0.95520062 0.15140684
vn 0.25418238 0.95525691 0.15124665
vn 0.25412999 0.95528229 0.15117440
vn 0.25401551 0.95533770 0.15101654
vn 0.18365079 0.97089041 0.15376670
vn 0.18381542 0.97082512 0.15398208
vn 0.18388785 0.97079637 0.15407683
vn 0.18405192 0.97073118 0.15429148
vn 0.11305549 0.98090147 0.15827433
vn 0.11305549 0.98090147 0.15827433
vn 0.11305549 0.98090147 0.15827433
vn 0.10636957 0.98311073 0.14892553
vn 0.10636957 0.98311073 0.14892553
vn 0.10636957 0.98311073 0.14892553
vn 0.03482693 0.98804881 0.15015534
vn 0.03482693 0.98804881 0.15015534
vn 0.03482693 0.98804881 0.15015534
vn 0.03746028 0.98745127 0.15341682
vn 0.03746028 0.98745127 0.15341682
vn 0.03746028 0.98745127 0.15341682
vn -0.03461878 0.98668016 0.15894588
vn -0.03461878 0.98668016 0.15894588
vn -0.03461878 0.98668016 0.15894588
vn -0.03743998 0.98713206 0.15546237
vn -0.03743998 0.98713206 0.15546237
vn -0.03743998 0.98713206 0.15546237
vn -0.11150363 0.98079790 0.16000759
vn -0.11258418 0.98090989 0.15855785
vn -0.11311044 0.98096328 0.15785141
vn -0.11419227 0.98107067 0.15639844
vn -0.18204333 0.97133585 0.15286235
vn -0.18318949 0.97136209 0.15131856
vn -0.18364972 0.97137162 0.15069825
vn -0.18480112 0.97139293 0.14914534
vn -0.25933135 0.95432800 0.14834192
vn -0.25840626 0.95440096 0.14948250
vn -0.25803398 0.95442972 0.14994121
vn -0.25715885 0.95449601 0.15101886
vn -0.32988096 0.93128982 0.15452449
vn -0.32988096 0.93128982 0.15452449
vn -0.32988096 0.93128982 0.15452449
vn -0.32554062 0.93192253 0.15982399
vn -0.32554062 0.93192253 0.15982399
vn -0.32554062 0.93192253 0.15982399
vn -0.39217302 0.90601669 0.15916685
vn -0.39217302 0.90601669 0.15916685
vn -0.39217302 0.90601669 0.15916685
vn -0.39938907 0.90435780 0.15041719
vn -0.39938907 0.90435780 0.15041719
vn -0.39938907 0.90435780 0.15041719
vn -0.45936337 0.87432807 0.15663882
vn -0.45936337 0.87432807 0.15663882
vn -0.45936337 0.87432807 0.15663882
vn -0.46358852 0.87307928 0.15105714
vn -0.46358852 0.87307928 0.15105714
vn -0.46358852 0.87307928 0.15105714
vn -0.52115700 0.83977924 0.15220449
vn -0.52115700 0.83977924 0.15220449
vn -0.52115700 0.83977924 0.15220449
vn -0.52843318 0.83721973 0.14078884
vn -0.52843318 0.83721973 0.14078884
vn -0.52843318 0.83721973 0.14078884
vn -0.58755181 0.79610337 0.14492172
vn -0.58800227 0.79590245 0.14419647
vn -0.58839034 0.79572871 0.14357099
vn -0.58884715 0.79552342 0.14283393
vn -0.64510933 0.74963066 0.14794532
vn -0.64510933 0.74963066 0.14794532
vn -0.64510933 0.74963066 0.14794532
vn -0.64898622 0.74757086 0.14126110
vn -0.64898622 0.74757086 0.14126110
vn -0.64898622 0.74757086 0.14126110
vn -0.69977088 0.69977043 0.14367345
vn -0.70037971 0.69937992 0.14260431
vn -0.70085829 0.69907161 0.14176228
vn -0.70146181 0.69868111 0.14069839
vn -0.75009002 0.64550380 0.14383949
vn -0.75005953 0.64552665 0.14389598
vn -0.75003355 0.64554610 0.14394409
vn -0.75000249 0.64556936 0.14400163
vn -0.79576502 0.58730130 0.14776746
vn -0.79576502 0.58730130 0.14776746
vn -0.79576502 0.58730130 0.14776746
vn -0.79897637 0.58453771 0.14125302
vn -0.79897637 0.58453771 0.14125302
vn -0.79897637 0.58453771 0.14125302
vn -0.84155461 0.52065993 0.14387176
vn -0.84155461 0.52065993 0.14387176
vn -0.84155461 0.52065993 0.14387176
vn -0.83767661 0.52492631 0.15083189
vn -0.83767661 0.52492631 0.15083189
vn -0.83767661 0.52492631 0.15083189
vn -0.86984275 0.46814652 0.15560342
vn -0.86984275 0.46814652 0.15560342
vn -0.86984275 0.46814652 0.15560342
vn -0.87349825 0.46400621 0.14730596
vn -0.87349825 0.46400621 0.14730596
vn -0.87349825 0.46400621 0.14730596
vn -0.90889287 0.39074632 0.14570885
vn -0.90836871 0.39148895 0.14697850
vn -0.90804315 0.39194817 0.14776423
vn -0.90760274 0.39256690 0.14882368
vn -0.93402700 0.32448407 0.14934409
vn -0.93402700 0.32448407 0.14934409
vn -0.93402700 0.32448407 0.14934409
vn -0.93359559 0.32523859 0.15039662
vn -0.93359559 0.32523859 0.15039662
vn -0.93359559 0.32523859 0.15039662
vn -0.95367899 0.25772827 0.15515322
vn -0.95367899 0.25772827 0.15515322
vn -0.95367899 0.25772827 0.15515322
vn -0.95446881 0.25610367 0.15297125
vn -0.95446881 0.25610367 0.15297125
vn -0.95446881 0.25610367 0.15297125
vn -0.96946215 0.18718701 0.15844291
vn -0.96946215 0.18718701 0.15844291
vn -0.96946215 0.18718701 0.15844291
vn -0.97210987 0.18071095 0.14948559
vn -0.97210987 0.18071095 0.14948559
vn -0.97210987 0.18071095 0.14948559
vn -0.98228930 0.10945230 0.15207867
vn -0.98233614 0.10930819 0.15187967
vn -0.98235913 0.10923736 0.15178186
vn -0.98240534 0.10909489 0.15158513
vn -0.98772783 0.03832647 0.15140943
vn -0.98799515 0.03718460 0.14994298
vn -0.98810491 0.03671136 0.14933510
vn -0.98836200 0.03559249 0.14789768
vn -0.98792869 -0.03184665 0.15160046
vn -0.98792869 -0.03184665 0.15160046
vn -0.98792869 -0.03184665 0.15160046
vn -0.98888985 -0.03689743 0.14399805
vn -0.98888985 -0.03689743 0.14399805
vn -0.98888985 -0.03689743 0.14399805
vn -0.98217005 -0.11592290 0.14799959
vn -0.98214000 -0.11558244 0.14846455
vn -0.98212068 -0.11536542 0.14876088
vn -0.98209330 -0.11506051 0.14917715
vn -0.97089599 -0.18752230 0.14898441
vn -0.97089590 -0.18673216 0.14997414
vn -0.97089540 -0.18639674 0.15039409
vn -0.97089322 -0.18563987 0.15134131
vn -0.95424290 -0.25678444 0.15323918
vn -0.95421445 -0.25718435 0.15274485
vn -0.95420258 -0.25734961 0.15254051
vn -0.95417431 -0.25773948 0.15205834
vn -0.93312079 -0.32443970 0.15499829
vn -0.93312079 -0.32443970 0.15499829
vn -0.93312079 -0.32443970 0.15499829
vn -0.93269080 -0.32760132 0.15088155
vn -0.93269080 -0.32760132 0.15088155
vn -0.93269080 -0.32760132 0.15088155
vn -0.90319979 -0.40077808 0.15364592
vn -0.90319979 -0.40077808 0.15364592
vn -0.90319979 -0.40077808 0.15364592
vn -0.90348356 -0.39958555 0.15507688
vn -0.90348356 -0.39958555 0.15507688
vn -0.90348356 -0.39958555 0.15507688
vn -0.87474933 -0.45751296 0.15967312
vn -0.87474933 -0.45751296 0.15967312
vn -0.87474933 -0.45751296 0.15967312
vn -0.87363389 -0.46128828 0.15484495
vn -0.87363389 -0.46128828 0.15484495
vn -0.87363389 -0.46128828 0.15484495
vn -0.83945551 -0.52006209 0.15763842
vn -0.83945551 -0.52006209 0.15763842
vn -0.83945551 -0.52006209 0.15763842
vn -0.83602920 -0.53019085 0.14125449
vn -0.83602920 -0.53019085 0.14125449
vn -0.83602920 -0.53019085 0.14125449
vn -0.79624986 -0.58765992 0.14367313
vn -0.79599865 -0.58822165 0.14276362
vn -0.79580448 -0.58865386 0.14206291
vn -0.79555317 -0.58921077 0.14115887
vn -0.75010759 -0.64551976 0.14367614
vn -0.75010759 -0.64551976 0.14367614
vn -0.75010759 -0.64551976 0.14367614
vn -0.75105655 -0.64374622 0.14664536
vn -0.75105655 -0.64374622 0.14664536
vn -0.75105655 -0.64374622 0.14664536
vn -0.69934329 -0.69934374 0.14777447
vn -0.69934329 -0.69934374 0.14777447
vn -0.69934329 -0.69934374 0.14777447
vn -0.69722517 -0.70280855 0.14119919
vn -0.69722517 -0.70280855 0.14119919
vn -0.69722517 -0.70280855 0.14119919
vn -0.64133318 -0.75381667 0.14301109
vn -0.64133318 -0.75381667 0.14301109
vn -0.64133318 -0.75381667 0.14301109
vn -0.64497894 -0.74921701 0.15058568
vn -0.64497894 -0.74921701 0.15058568
vn -0.64497894 -0.74921701 0.15058568
vn -0.59043994 -0.79305536 0.14981279
vn -0.59043994 -0.79305536 0.14981279
vn -0.59043994 -0.79305536 0.14981279
vn -0.58697920 -0.79711372 0.14165143
vn -0.58697920 -0.79711372 0.14165143
vn -0.58697920 -0.79711372 0.14165143
vn -0.52201569 -0.84094847 0.14249661
vn -0.52201569 -0.84094847 0.14249661
vn -0.52201569 -0.84094847 0.14249661
vn -0.52573441 -0.83752783 0.14883032
vn -0.52573441 -0.83752783 0.14883032
vn -0.52573441 -0.83752783 0.14883032
vn -0.46193600 -0.87328810 0.15486455
vn -0.46146906 -0.87366472 0.15413064
vn -0.46124683 -0.87384358 0.15378153
vn -0.46078112 -0.87421757 0.15305029
vn -0.39367219 -0.90600939 0.15546443
vn -0.39367219 -0.90600939 0.15546443
vn -0.39367219 -0.90600939 0.15546443
vn -0.39190742 -0.90716825 0.15314807
vn -0.39190742 -0.90716825 0.15314807
vn -0.39190742 -0.90716825 0.15314807
vn -0.33224585 -0.92926131 0.16151195
vn -0.33224585 -0.92926131 0.16151195
vn -0.33224585 -0.92926131 0.16151195
vn -0.32668782 -0.93253210 0.15381468
vn -0.32668782 -0.93253210 0.15381468
vn -0.32668782 -0.93253210 0.15381468
vn -0.25880453 -0.95275786 0.15897383
vn -0.25880453 -0.95275786 0.15897383
vn -0.25880453 -0.95275786 0.15897383
vn -0.25281026 -0.95578819 0.15018623
vn -0.25281026 -0.95578819 0.15018623
vn -0.25281026 -0.95578819 0.15018623
vn -0.18158388 -0.97175137 0.15075334
vn -0.18185710 -0.97164528 0.15110740
vn -0.18196050 -0.97160508 0.15124138
vn -0.18220902 -0.97150831 0.15156346
vn -0.11271925 -0.98126904 0.15622244
vn -0.11271925 -0.98126904 0.15622244
vn -0.11271925 -0.98126904 0.15622244
vn -0.10811912 -0.98272693 0.15019336
vn -0.10811912 -0.98272693 0.15019336
vn -0.10811912 -0.98272693 0.15019336
vn -0.03566504 -0.98787662 0.15108865
vn -0.03566504 -0.98787662 0.15108865
vn -0.03566504 -0.98787662 0.15108865
vn -0.04633228 -0.98529918 0.16443495
vn -0.04633228 -0.98529918 0.16443495
vn -0.04633228 -0.98529918 0.16443495
vn -0.71227047 -0.67941666 0.17624918
vn -0.71227047 -0.67941666 0.17624918
vn -0.71227047 -0.67941666 0.17624918
vn -0.91904802 -0.39235248 0.03755356
vn -0.91904802 -0.39235248 0.03755356
vn -0.91904802 -0.39235248 0.03755356
vn -0.40624435 -0.90749216 -0.10688084
vn -0.40624435 -0.90749216 -0.10688084
vn -0.40624435 -0.90749216 -0.10688084
vn -0.71697779 -0.64587742 0.26226934
vn -0.71697779 -0.64587742 0.26226934
vn -0.71697779 -0.64587742 0.26226934
vn -0.62596731 0.73703377 0.25484536
vn -0.62596731 0.73703377 0.25484536
vn -0.62596731 0.73703377 0.25484536
vn -0.59788189 0.77964076 0.18627276
vn -0.59788189 0.77964076 0.18627276
vn -0.59788189 0.77964076 0.18627276
vn -0.46011930 0.88711590 0.03627133
vn -0.46011930 0.88711590 0.03627133
vn -0.46011930 0.88711590 0.03627133
vn 0.23755617 0.96984583 -0.05446216
vn 0.23755617 0.96984583 -0.05446216
vn 0.23755617 0.96984583 -0.05446216
vn 0.71236803 0.67933251 0.17617923
vn 0.71236803 0.67933251 0.17617923
vn 0.71236803 0.67933251 0.17617923
vn 0.91893711 0.39259222 0.03776164
vn 0.91893711 0.39259222 0.03776164
vn 0.91893711 0.39259222 0.03776164
vn 0.86451725 0.20269663 0.45991738
vn 0.86451725 0.20269663 0.45991738
vn 0.86451725 0.20269663 0.45991738
vn 0.60656595 0.78379668 0.13319356
vn 0.60656595 0.78379668 0.13319356
vn 0.60656595 0.78379668 0.13319356
vn 0.56812315 0.82271653 0.01932876
vn 0.56812315 0.82271653 0.01932876
vn 0.56812315 0.82271653 0.01932876
vn 0.62602891 -0.73699384 0.25480952
vn 0.62602891 -0.73699384 0.25480952
vn 0.62602891 -0.73699384 0.25480952
vn 0.59775721 -0.77975840 0.18618047
vn 0.59775721 -0.77975840 0.18618047
vn 0.59775721 -0.77975840 0.18618047
vn 0.45807455 -0.88824855 0.03438343
vn 0.45807455 -0.88824855 0.03438343
vn 0.45807455 -0.88824855 0.03438343
vn -0.57657445 0.75713813 0.30708915
vn -0.57673730 0.75697913 0.30717532
vn -0.57715888 0.75656716 0.30739837
vn -0.57737340 0.75635733 0.30751186
vn -0.57159007 0.77407642 0.27219567
vn -0.57159007 0.77407642 0.27219567
vn -0.57159007 0.77407642 0.27219567
vn -0.63860571 0.70889967 0.29940608
vn -0.63860571 0.70889967 0.29940608
vn -0.63860571 0.70889967 0.29940608
vn -0.46750755 0.83043088 0.30302019
vn -0.46750755 0.83043088 0.30302019
vn -0.46750755 0.83043088 0.30302019
vn -0.49399616 0.81459685 0.30397329
vn -0.49399616 0.81459685 0.30397329
vn -0.49399616 0.81459685 0.30397329
vn -0.51970196 0.79736109 0.30679824
vn -0.51970196 0.79736109 0.30679824
vn -0.51970196 0.79736109 0.30679824
vn -0.50248543 0.80977467 0.30294120
vn -0.50248543 0.80977467 0.30294120
vn -0.50248543 0.80977467 0.30294120
vn -0.53719118 0.78735537 0.30248498
vn -0.53719118 0.78735537 0.30248498
vn -0.53719118 0.78735537 0.30248498
vn -0.41561196 0.86049756 0.29463648
vn -0.41561196 0.86049756 0.29463648
vn -0.41561196 0.86049756 0.29463648
vn -0.38305922 0.87237600 0.30368693
vn -0.38385611 0.87243852 0.30249880
vn -0.38377192 0.87243200 0.30262439
vn -0.43464581 0.84756030 0.30450707
vn -0.42838449 0.85100643 0.30376765
vn -0.42867883 0.85084568 0.30380270
vn -0.86960534 0.39202559 0.30017075
vn -0.86960534 0.39202559 0.30017075
vn -0.86960534 0.39202559 0.30017075
vn -0.83022521 0.46750498 0.30358721
vn -0.83029916 0.46738323 0.30357244
vn -0.82896883 0.46956787 0.30383662
vn -0.85653390 0.42175133 0.29744830
vn -0.85653390 0.42175133 0.29744830
vn -0.85653390 0.42175133 0.29744830
vn -0.85028917 0.44921408 0.27425359
vn -0.85028917 0.44921408 0.27425359
vn -0.85028917 0.44921408 0.27425359
vn -0.83488651 0.46224355 0.29882338
vn -0.83488651 0.46224355 0.29882338
vn -0.83488651 0.46224355 0.29882338
vn -0.81160674 0.50276000 0.29753466
vn -0.81160674 0.50276000 0.29753466
vn -0.81160674 0.50276000 0.29753466
vn -0.50461699 0.81147336 0.29474171
vn -0.50461699 0.81147336 0.29474171
vn -0.50461699 0.81147336 0.29474171
vn -0.45984524 0.83803363 0.29366987
vn -0.45984524 0.83803363 0.29366987
vn -0.45984524 0.83803363 0.29366987
vn -0.44979506 0.84956771 0.27553425
vn -0.44979506 0.84956771 0.27553425
vn -0.44979506 0.84956771 0.27553425
vn -0.80935024 0.50351885 0.30235899
vn -0.80935024 0.50351885 0.30235899
vn -0.80935024 0.50351885 0.30235899
vn -0.82887162 0.46972703 0.30385580
vn -0.78675860 0.53653289 0.30519398
vn -0.78675860 0.53653289 0.30519398
vn -0.78675860 0.53653289 0.30519398
vn -0.80521250 0.51003114 0.30249142
vn -0.80521250 0.51003114 0.30249142
vn -0.80521250 0.51003114 0.30249142
vn -0.78933365 0.53331119 0.30419001
vn -0.78933365 0.53331119 0.30419001
vn -0.78933365 0.53331119 0.30419001
vn -0.74172494 0.59538515 0.30880518
vn -0.74172494 0.59538515 0.30880518
vn -0.74172494 0.59538515 0.30880518
vn -0.74333127 0.59453058 0.30658117
vn -0.74333127 0.59453058 0.30658117
vn -0.74333127 0.59453058 0.30658117
vn -0.75729609 0.57858333 0.30289265
vn -0.75729609 0.57858333 0.30289265
vn -0.75729609 0.57858333 0.30289265
vn -0.74873364 -0.58994865 0.30225572
vn -0.74838390 -0.59034745 0.30234322
vn -0.74672228 -0.59223647 0.30275698
vn -0.74617802 -0.59285319 0.30289182
vn -0.73709191 -0.59764307 0.31546518
vn -0.73709191 -0.59764307 0.31546518
vn -0.73709191 -0.59764307 0.31546518
vn -0.79299382 -0.52827047 0.30346518
vn -0.79255645 -0.52889027 0.30352819
vn -0.78933092 -0.53337179 0.30409083
vn -0.78953403 -0.53314074 0.30396871
vn -0.78907769 -0.53371522 0.30414547
vn -0.81289481 -0.49736615 0.30303291
vn -0.81289481 -0.49736615 0.30303291
vn -0.81289481 -0.49736615 0.30303291
vn -0.86006343 -0.41695914 0.29399993
vn -0.86006343 -0.41695914 0.29399993
vn -0.86006343 -0.41695914 0.29399993
vn -0.83140225 -0.46485108 0.30444009
vn -0.83141685 -0.46482690 0.30443713
vn -0.83167391 -0.46440093 0.30438508
vn -0.83168695 -0.46437932 0.30438244
vn -0.84653414 -0.43760405 0.30312150
vn -0.84653414 -0.43760405 0.30312150
vn -0.84653414 -0.43760405 0.30312150
vn -0.36319357 -0.88098441 0.30324397
vn -0.36319357 -0.88098441 0.30324397
vn -0.36319357 -0.88098441 0.30324397
vn -0.43969924 -0.84489616 0.30465563
vn -0.43969924 -0.84489616 0.30465563
vn -0.43969924 -0.84489616 0.30465563
vn -0.38430110 -0.87242996 0.30195798
vn -0.38450186 -0.87244139 0.30166927
vn -0.38455265 -0.87244426 0.30159621
vn -0.42199417 -0.85765035 0.29386526
vn -0.42199417 -0.85765035 0.29386526
vn -0.42199417 -0.85765035 0.29386526
vn -0.38498119 -0.87246823 0.30097953
vn -0.45293324 -0.84633696 0.28029491
vn -0.45293324 -0.84633696 0.28029491
vn -0.45293324 -0.84633696 0.28029491
vn -0.46032060 -0.83779242 0.29361338
vn -0.46032060 -0.83779242 0.29361338
vn -0.46032060 -0.83779242 0.29361338
vn -0.50067492 -0.81304663 0.29711918
vn -0.50067492 -0.81304663 0.29711918
vn -0.50067492 -0.81304663 0.29711918
vn -0.57205589 -0.76598316 0.29329483
vn -0.57205589 -0.76598316 0.29329483
vn -0.57205589 -0.76598316 0.29329483
vn -0.62023751 -0.72804671 0.29198188
vn -0.62023751 -0.72804671 0.29198188
vn -0.62023751 -0.72804671 0.29198188
vn -0.81083146 -0.50612370 0.29392371
vn -0.81083146 -0.50612370 0.29392371
vn -0.81083146 -0.50612370 0.29392371
vn -0.84460105 -0.44657500 0.29533005
vn -0.84460105 -0.44657500 0.29533005
vn -0.84460105 -0.44657500 0.29533005
vn -0.84476640 -0.46223346 0.26964784
vn -0.84476640 -0.46223346 0.26964784
vn -0.84476640 -0.46223346 0.26964784
vn -0.50413065 -0.80857579 0.30340978
vn -0.50413065 -0.80857579 0.30340978
vn -0.50413065 -0.80857579 0.30340978
vn -0.50693318 -0.80658626 0.30403511
vn -0.50693318 -0.80658626 0.30403511
vn -0.50693318 -0.80658626 0.30403511
vn -0.41906464 -0.85620349 0.30215959
vn -0.41906464 -0.85620349 0.30215959
vn -0.41906464 -0.85620349 0.30215959
vn -0.48097789 -0.82317895 0.30172285
vn -0.48097789 -0.82317895 0.30172285
vn -0.48097789 -0.82317895 0.30172285
vn -0.49120465 -0.81697360 0.30211278
vn -0.49120465 -0.81697360 0.30211278
vn -0.49120465 -0.81697360 0.30211278
vn -0.54396194 -0.78257591 0.30278764
vn -0.54396194 -0.78257591 0.30278764
vn -0.54396194 -0.78257591 0.30278764
vn -0.64266001 -0.70664034 0.29605328
vn -0.64266001 -0.70664034 0.29605328
vn -0.64266001 -0.70664034 0.29605328
vn -0.57108723 -0.77609029 0.26747568
vn -0.57108723 -0.77609029 0.26747568
vn -0.57108723 -0.77609029 0.26747568
vn -0.57906313 -0.75341303 0.31153603
vn -0.57906313 -0.75341303 0.31153603
vn -0.57906313 -0.75341303 0.31153603
vn -0.56858891 -0.76369402 0.30574188
vn -0.56858891 -0.76369402 0.30574188
vn -0.56858891 -0.76369402 0.30574188
vn 0.53858450 -0.78654176 0.30212381
vn 0.53858450 -0.78654176 0.30212381
vn 0.53858450 -0.78654176 0.30212381
vn 0.56602854 -0.76540343 0.30621772
vn 0.56602854 -0.76540343 0.30621772
vn 0.56602854 -0.76540343 0.30621772
vn 0.57673535 -0.75439625 0.31346871
vn 0.57673535 -0.75439625 0.31346871
vn 0.57673535 -0.75439625 0.31346871
vn 0.53211902 -0.79092941 0.30212584
vn 0.53211902 -0.79092941 0.30212584
vn 0.53211902 -0.79092941 0.30212584
vn 0.42358200 -0.85735343 0.29244381
vn 0.42358200 -0.85735343 0.29244381
vn 0.42358200 -0.85735343 0.29244381
vn 0.16048739 -0.89429727 0.41770347
vn 0.16048739 -0.89429727 0.41770347
vn 0.16048739 -0.89429727 0.41770347
vn 0.41340659 -0.85836609 0.30381352
vn 0.41340659 -0.85836609 0.30381352
vn 0.41340659 -0.85836609 0.30381352
vn 0.51069161 -0.80730919 0.29571261
vn 0.51069161 -0.80730919 0.29571261
vn 0.51069161 -0.80730919 0.29571261
vn 0.19687900 -0.89242477 0.40597621
vn 0.19687900 -0.89242477 0.40597621
vn 0.19687900 -0.89242477 0.40597621
vn 0.45774836 -0.83462532 0.30637725
vn 0.45774836 -0.83462532 0.30637725
vn 0.45774836 -0.83462532 0.30637725
vn 0.76643788 -0.57061967 0.29490025
vn 0.76643788 -0.57061967 0.29490025
vn 0.76643788 -0.57061967 0.29490025
vn 0.72672796 -0.62092166 0.29380734
vn 0.72672796 -0.62092166 0.29380734
vn 0.72672796 -0.62092166 0.29380734
vn 0.45839125 -0.84595840 0.27245523
vn 0.86696998 -0.37637426 0.32665803
vn 0.86696998 -0.37637426 0.32665803
vn 0.86696998 -0.37637426 0.32665803
vn 0.86459908 -0.40148131 0.30212777
vn 0.86459908 -0.40148131 0.30212777
vn 0.86459908 -0.40148131 0.30212777
vn 0.86678530 -0.39726971 0.30142996
vn 0.86678530 -0.39726971 0.30142996
vn 0.86678530 -0.39726971 0.30142996
vn 0.87220070 -0.39083789 0.29412868
vn 0.87220070 -0.39083789 0.29412868
vn 0.87220070 -0.39083789 0.29412868
vn 0.87029298 -0.38635588 0.30548202
vn 0.87029298 -0.38635588 0.30548202
vn 0.87029298 -0.38635588 0.30548202
vn 0.85819332 -0.41895081 0.29662171
vn 0.85819332 -0.41895081 0.29662171
vn 0.85819332 -0.41895081 0.29662171
vn 0.82998838 -0.46901412 0.30190237
vn 0.82998838 -0.46901412 0.30190237
vn 0.82984610 -0.46919037 0.30201961
vn 0.81877079 -0.48607905 0.30551850
vn 0.81877079 -0.48607905 0.30551850
vn 0.81877079 -0.48607905 0.30551850
vn 0.82733892 -0.47228019 0.30407521
vn 0.82733892 -0.47228019 0.30407521
vn 0.80489779 -0.51071362 0.30217733
vn 0.80489779 -0.51071362 0.30217733
vn 0.80489779 -0.51071362 0.30217733
vn 0.76942036 -0.55878571 0.30943632
vn 0.76942036 -0.55878571 0.30943632
vn 0.76942036 -0.55878571 0.30943632
vn 0.78629658 -0.53778091 0.30418641
vn 0.78629658 -0.53778091 0.30418641
vn 0.78629658 -0.53778091 0.30418641
vn 0.74257246 -0.59345274 0.31048346
vn 0.74257246 -0.59345274 0.31048346
vn 0.74257246 -0.59345274 0.31048346
vn 0.81055712 -0.54353292 0.21810347
vn 0.81055712 -0.54353292 0.21810347
vn 0.81055712 -0.54353292 0.21810347
vn 0.76244707 -0.56529911 0.31481961
vn 0.76244707 -0.56529911 0.31481961
vn 0.76244707 -0.56529911 0.31481961
vn 0.74130568 0.59843099 0.30388525
vn 0.74130568 0.59843099 0.30388525
vn 0.74130568 0.59843099 0.30388525
vn 0.73377945 0.60398248 0.31108342
vn 0.73377945 0.60398248 0.31108342
vn 0.73377945 0.60398248 0.31108342
vn 0.76300273 0.57202155 0.30102854
vn 0.76300273 0.57202155 0.30102854
vn 0.76300273 0.57202155 0.30102854
vn 0.79062321 0.53127669 0.30440108
vn 0.79402643 0.52678634 0.30334498
vn 0.79371295 0.52720214 0.30344302
vn 0.79032022 0.53167397 0.30449423
vn 0.83120114 0.46521458 0.30443400
vn 0.83121376 0.46519364 0.30443155
vn 0.83121310 0.46519473 0.30443168
vn 0.83120054 0.46521557 0.30443411
vn 0.81278104 0.49750046 0.30311759
vn 0.81278104 0.49750046 0.30311759
vn 0.81278104 0.49750046 0.30311759
vn 0.86022693 0.41729603 0.29304206
vn 0.86022693 0.41729603 0.29304206
vn 0.86022693 0.41729603 0.29304206
vn 0.87211706 0.38517269 0.30175128
vn 0.87212925 0.38520653 0.30167285
vn 0.87212987 0.38520826 0.30166885
vn 0.84683096 0.43698243 0.30318920
vn 0.84683096 0.43698243 0.30318920
vn 0.84683096 0.43698243 0.30318920
vn 0.43322123 0.84832782 0.30439986
vn 0.43322123 0.84832782 0.30439986
vn 0.43322123 0.84832782 0.30439986
vn 0.50553718 0.80755425 0.30378987
vn 0.50563412 0.80749613 0.30378303
vn 0.50754307 0.80634875 0.30364737
vn 0.49244805 0.81619210 0.30220087
vn 0.49244805 0.81619210 0.30220087
vn 0.49244805 0.81619210 0.30220087
vn 0.48017495 0.82364031 0.30174271
vn 0.48017495 0.82364031 0.30174271
vn 0.48017495 0.82364031 0.30174271
vn 0.41826136 0.85636490 0.30281445
vn 0.41826136 0.85636490 0.30281445
vn 0.41826136 0.85636490 0.30281445
vn 0.38761239 0.87083543 0.30232810
vn 0.38761239 0.87083543 0.30232810
vn 0.38761239 0.87083543 0.30232810
vn 0.42148176 0.85782948 0.29407774
vn 0.42148176 0.85782948 0.29407774
vn 0.42148176 0.85782948 0.29407774
vn 0.45304933 0.84690793 0.27837610
vn 0.45304933 0.84690793 0.27837610
vn 0.45304933 0.84690793 0.27837610
vn 0.56991672 0.76736201 0.29385451
vn 0.56991672 0.76736201 0.29385451
vn 0.56991672 0.76736201 0.29385451
vn 0.61929376 0.72777887 0.29464071
vn 0.61929376 0.72777887 0.29464071
vn 0.61929376 0.72777887 0.29464071
vn 0.81232305 0.50391650 0.29359737
vn 0.81232305 0.50391650 0.29359737
vn 0.81232305 0.50391650 0.29359737
vn 0.83900544 0.45863033 0.29279359
vn 0.83900544 0.45863033 0.29279359
vn 0.83900544 0.45863033 0.29279359
vn 0.56767653 0.76415015 0.30629709
vn 0.56809691 0.76374021 0.30654004
vn 0.56824513 0.76359554 0.30662570
vn 0.56756630 0.76425755 0.30623339
vn 0.54259129 0.78341519 0.30307644
vn 0.54259129 0.78341519 0.30307644
vn 0.54259129 0.78341519 0.30307644
vn 0.50876284 0.80561270 0.30355980
vn 0.61136029 0.72796527 0.31033074
vn 0.61136029 0.72796527 0.31033074
vn 0.61136029 0.72796527 0.31033074
vn 0.60400629 0.73681293 0.30378135
vn 0.60400629 0.73681293 0.30378135
vn 0.60400629 0.73681293 0.30378135
vn -0.94440429 -0.12266584 0.30504693
vn -0.94440429 -0.12266584 0.30504693
vn -0.94440429 -0.12266584 0.30504693
vn -0.93703852 -0.17695212 0.30107601
vn -0.93703852 -0.17695212 0.30107601
vn -0.93703852 -0.17695212 0.30107601
vn -0.92162857 -0.24419807 0.30160915
vn -0.92162857 -0.24419807 0.30160915
vn -0.92162857 -0.24419807 0.30160915
vn -0.92111682 -0.24636430 0.30141075
vn -0.92111682 -0.24636430 0.30141075
vn -0.92111682 -0.24636430 0.30141075
vn -0.89920469 -0.31716403 0.30139329
vn -0.89909747 -0.31750227 0.30135702
vn -0.89919674 -0.31718912 0.30139060
vn -0.89909067 -0.31752371 0.30135472
vn -0.86346218 -0.40553790 0.29995346
vn -0.86346218 -0.40553790 0.29995346
vn -0.86346218 -0.40553790 0.29995346
vn -0.87481864 -0.37763951 0.30344811
vn -0.87498430 -0.37725194 0.30345254
vn -0.87484244 -0.37758384 0.30344875
vn -0.87381150 -0.37998643 0.30342013
vn -0.31610540 -0.89983072 0.30063607
vn -0.31610540 -0.89983072 0.30063607
vn -0.31610540 -0.89983072 0.30063607
vn -0.26433979 -0.91567348 0.30276484
vn -0.26433979 -0.91567348 0.30276484
vn -0.26433979 -0.91567348 0.30276484
vn -0.24581056 -0.92119606 0.30162059
vn -0.24581056 -0.92119606 0.30162059
vn -0.24581056 -0.92119606 0.30162059
vn -0.21253789 -0.92899047 0.30299232
vn -0.21253789 -0.92899047 0.30299232
vn -0.21253789 -0.92899047 0.30299232
vn -0.18119162 -0.93627325 0.30093522
vn -0.18119162 -0.93627325 0.30093522
vn -0.18119162 -0.93627325 0.30093522
vn -0.11768188 -0.94597109 0.30214181
vn -0.11768188 -0.94597109 0.30214181
vn -0.11768188 -0.94597109 0.30214181
vn -0.10657227 -0.94759631 0.30117037
vn -0.10657227 -0.94759631 0.30117037
vn -0.10657227 -0.94759631 0.30117037
vn -0.03745178 -0.95266933 0.30169273
vn -0.03549376 -0.95280080 0.30151422
vn -0.03731364 -0.95267873 0.30168018
vn -0.03537139 -0.95280889 0.30150303
vn 0.03994686 -0.95269081 0.30130460
vn 0.03865256 -0.95270139 0.30143993
vn 0.03985076 -0.95269165 0.30131467
vn 0.03857045 -0.95270201 0.30144850
vn 0.12640958 -0.94551265 0.30004409
vn 0.12640958 -0.94551265 0.30004409
vn 0.12640958 -0.94551265 0.30004409
vn 0.10618893 -0.94726163 0.30235628
vn 0.10618893 -0.94726163 0.30235628
vn 0.10618893 -0.94726163 0.30235628
vn 0.38737683 -0.87086959 0.30253156
vn 0.38737683 -0.87086959 0.30253156
vn 0.38737683 -0.87086959 0.30253156
vn 0.37480345 -0.87649543 0.30212270
vn 0.36899208 -0.87881157 0.30254763
vn 0.37442002 -0.87664950 0.30215114
vn 0.36867187 -0.87893802 0.30257066
vn 0.31434930 -0.90046813 0.30056888
vn 0.31434930 -0.90046813 0.30056888
vn 0.31434930 -0.90046813 0.30056888
vn 0.27991980 -0.91113118 0.30246466
vn 0.27991980 -0.91113118 0.30246466
vn 0.27991980 -0.91113118 0.30246466
vn 0.24666782 -0.92128752 0.30063982
vn 0.24666782 -0.92128752 0.30063982
vn 0.24666782 -0.92128752 0.30063982
vn 0.20217673 -0.93151317 0.30233719
vn 0.20217673 -0.93151317 0.30233719
vn 0.20217673 -0.93151317 0.30233719
vn 0.17528360 -0.93748709 0.30065530
vn 0.17528360 -0.93748709 0.30065530
vn 0.17528360 -0.93748709 0.30065530
vn 0.90016423 -0.31363842 0.30221729
vn 0.90216499 -0.30837719 0.30166510
vn 0.90030901 -0.31326058 0.30217792
vn 0.90227393 -0.30808825 0.30163452
vn 0.92264841 -0.24080577 0.30121835
vn 0.92182122 -0.24357172 0.30152686
vn 0.92258723 -0.24101131 0.30124136
vn 0.92176844 -0.24374726 0.30154636
vn 0.94114913 -0.15590168 0.29988827
vn 0.94114913 -0.15590168 0.29988827
vn 0.94114913 -0.15590168 0.29988827
vn 0.93640806 -0.17785377 0.30250287
vn 0.93640806 -0.17785377 0.30250287
vn 0.93640806 -0.17785377 0.30250287
vn 0.94760495 -0.10806186 0.30061185
vn 0.94760495 -0.10806186 0.30061185
vn 0.94760495 -0.10806186 0.30061185
vn 0.94988651 -0.07959614 0.30229136
vn 0.94988651 -0.07959614 0.30229136
vn 0.94988651 -0.07959614 0.30229136
vn 0.95307611 -0.03608335 0.30057266
vn 0.95307611 -0.03608335 0.30057266
vn 0.95307611 -0.03608335 0.30057266
vn 0.95316084 0.00183746 0.30245833
vn 0.95316084 0.00183746 0.30245833
vn 0.95316084 0.00183746 0.30245833
vn 0.95310567 0.03474203 0.30063694
vn 0.95310567 0.03474203 0.30063694
vn 0.95310567 0.03474203 0.30063694
vn 0.94968676 0.08211255 0.30224591
vn 0.94968676 0.08211255 0.30224591
vn 0.94968676 0.08211255 0.30224591
vn 0.94793625 0.10463440 0.30077984
vn 0.94793625 0.10463440 0.30077984
vn 0.94793625 0.10463440 0.30077984
vn 0.93963143 0.16071228 0.30209987
vn 0.93963143 0.16071228 0.30209987
vn 0.93963143 0.16071228 0.30209987
vn 0.93678488 0.17901183 0.30064738
vn 0.93678488 0.17901183 0.30064738
vn 0.93678488 0.17901183 0.30064738
vn 0.92159042 0.24460665 0.30139455
vn 0.92154782 0.24478744 0.30137804
vn 0.92158752 0.24461899 0.30139343
vn 0.92154505 0.24479921 0.30137697
vn 0.89850177 0.31927468 0.30126109
vn 0.89850177 0.31927468 0.30126109
vn 0.89850177 0.31927468 0.30126109
vn 0.90203488 0.30800612 0.30243230
vn 0.90203488 0.30800612 0.30243230
vn 0.90203488 0.30800612 0.30243230
vn 0.87213617 0.38522578 0.30162825
vn 0.86301575 0.40376332 0.30360995
vn 0.86301575 0.40376332 0.30360995
vn 0.86301575 0.40376332 0.30360995
vn 0.37717251 0.87553104 0.30197068
vn 0.37717251 0.87553104 0.30197068
vn 0.37717251 0.87553104 0.30197068
vn 0.36688912 0.87963907 0.30270031
vn 0.36688912 0.87963907 0.30270031
vn 0.36688912 0.87963907 0.30270031
vn 0.31561830 0.90004210 0.30051508
vn 0.31561830 0.90004210 0.30051508
vn 0.31561830 0.90004210 0.30051508
vn 0.27640750 0.91220940 0.30244489
vn 0.27640750 0.91220940 0.30244489
vn 0.27640750 0.91220940 0.30244489
vn 0.24796228 0.92091535 0.30071520
vn 0.24796228 0.92091535 0.30071520
vn 0.24796228 0.92091535 0.30071520
vn 0.19975202 0.93205525 0.30227826
vn 0.19975202 0.93205525 0.30227826
vn 0.19975202 0.93205525 0.30227826
vn 0.17865648 0.93679512 0.30082679
vn 0.17865648 0.93679512 0.30082679
vn 0.17865648 0.93679512 0.30082679
vn 0.12141323 0.94553571 0.30202822
vn 0.12141323 0.94553571 0.30202822
vn 0.12141323 0.94553571 0.30202822
vn 0.10509510 0.94791197 0.30069573
vn 0.10509510 0.94791197 0.30069573
vn 0.10509510 0.94791197 0.30069573
vn 0.03532166 0.95287592 0.30129698
vn 0.03691971 0.95276995 0.30144048
vn 0.03542768 0.95286896 0.30130652
vn 0.03702074 0.95276317 0.30144952
vn -0.03242865 0.95298924 0.30126382
vn -0.03242865 0.95298924 0.30126382
vn -0.03242865 0.95298924 0.30126382
vn -0.03937905 0.95253850 0.30186040
vn -0.03937905 0.95253850 0.30186040
vn -0.03937905 0.95253850 0.30186040
vn -0.10479702 0.94783279 0.30104915
vn -0.10479702 0.94783279 0.30104915
vn -0.10479702 0.94783279 0.30104915
vn -0.11936044 0.94571435 0.30228705
vn -0.11936044 0.94571435 0.30228705
vn -0.11936044 0.94571435 0.30228705
vn -0.21489422 0.92952179 0.29968268
vn -0.21489422 0.92952179 0.29968268
vn -0.21489422 0.92952179 0.29968268
vn -0.18369633 0.93484526 0.30384207
vn -0.18369633 0.93484526 0.30384207
vn -0.18369633 0.93484526 0.30384207
vn -0.24606443 0.92106516 0.30181329
vn -0.24606443 0.92106516 0.30181329
vn -0.24606443 0.92106516 0.30181329
vn -0.26383171 0.91577864 0.30288994
vn -0.26383171 0.91577864 0.30288994
vn -0.26383171 0.91577864 0.30288994
vn -0.31173031 0.90138788 0.30053968
vn -0.31173031 0.90138788 0.30053968
vn -0.31173031 0.90138788 0.30053968
vn -0.36859058 0.87879561 0.30308293
vn -0.36859058 0.87879561 0.30308293
vn -0.36859058 0.87879561 0.30308293
vn -0.38416762 0.87246249 0.30203385
vn -0.43493732 0.84739849 0.30454117
vn -0.85074519 0.42733130 0.30597481
vn -0.85074519 0.42733130 0.30597481
vn -0.85074519 0.42733130 0.30597481
vn -0.86352124 0.40277077 0.30349098
vn -0.86352124 0.40277077 0.30349098
vn -0.86352124 0.40277077 0.30349098
vn -0.87674962 0.37517540 0.30092113
vn -0.87674962 0.37517540 0.30092113
vn -0.87674962 0.37517540 0.30092113
vn -0.89996228 0.31498975 0.30141225
vn -0.89996228 0.31498975 0.30141225
vn -0.89996228 0.31498975 0.30141225
vn -0.89955720 0.31604583 0.30151597
vn -0.89955720 0.31604583 0.30151597
vn -0.89955720 0.31604583 0.30151597
vn -0.94771373 0.10760099 0.30043421
vn -0.94771373 0.10760099 0.30043421
vn -0.94771373 0.10760099 0.30043421
vn -0.93940397 0.16207965 0.30207675
vn -0.93940397 0.16207965 0.30207675
vn -0.93940397 0.16207965 0.30207675
vn -0.93689213 0.17806243 0.30087690
vn -0.93689213 0.17806243 0.30087690
vn -0.93689213 0.17806243 0.30087690
vn -0.92230690 0.24136565 0.30181550
vn -0.92230690 0.24136565 0.30181550
vn -0.92230690 0.24136565 0.30181550
vn -0.92051919 0.24888274 0.30116738
vn -0.92051919 0.24888274 0.30116738
vn -0.92051919 0.24888274 0.30116738
vn -0.94007360 -0.16600363 0.29783287
vn -0.94007360 -0.16600363 0.29783287
vn -0.94007360 -0.16600363 0.29783287
vn -0.94943895 -0.08215239 0.30301264
vn -0.94943895 -0.08215239 0.30301264
vn -0.94943895 -0.08215239 0.30301264
vn -0.95321479 -0.03373911 0.30040512
vn -0.95321479 -0.03373911 0.30040512
vn -0.95321479 -0.03373911 0.30040512
vn -0.95218358 0.03492523 0.30352372
vn -0.95218358 0.03492523 0.30352372
vn -0.95218358 0.03492523 0.30352372
vn -0.95449192 -0.00339278 0.29821746
vn -0.95449192 -0.00339278 0.29821746
vn -0.95449192 -0.00339278 0.29821746
vn -0.94988168 0.08016275 0.30215681
vn -0.94988168 0.08016275 0.30215681
vn -0.94988168 0.08016275 0.30215681
vn -0.80067184 -0.54150874 0.25630622
vn -0.80093809 -0.54133995 0.25583046
vn -0.80042947 -0.54166210 0.25673884
vn -0.13622268 0.98953374 0.04760639
vn -0.13622268 0.98953374 0.04760639
vn -0.13622268 0.98953374 0.04760639
vn -0.28123907 0.95832791 0.05012187
vn -0.28123907 0.95832791 0.05012187
vn -0.28123907 0.95832791 0.05012187
vn -0.38096636 0.92331714 0.04847786
vn -0.38096636 0.92331714 0.04847786
vn -0.38096636 0.92331714 0.04847786
vn -0.44032444 0.89657645 0.04759273
vn -0.44032444 0.89657645 0.04759273
vn -0.44032444 0.89657645 0.04759273
vn -0.53186089 0.84531995 0.05057833
vn -0.53186089 0.84531995 0.05057833
vn -0.53186089 0.84531995 0.05057833
vn -0.64928464 0.75879720 0.05153886
vn -0.64928464 0.75879720 0.05153886
vn -0.64928464 0.75879720 0.05153886
vn -0.73431979 0.67359343 0.08394250
vn -0.73431979 0.67359343 0.08394250
vn -0.73431979 0.67359343 0.08394250
vn -0.99373371 -0.11174413 0.00256166
vn -0.99371497 -0.11191195 0.00250686
vn -0.99370900 -0.11196525 0.00248945
vn -0.77044618 0.63558430 0.04944987
vn -0.77044618 0.63558430 0.04944987
vn -0.77044618 0.63558430 0.04944987
vn -0.91397208 0.40262532 0.05047669
vn -0.91397208 0.40262532 0.05047669
vn -0.91397208 0.40262532 0.05047669
vn -0.86687347 0.49623640 0.04774756
vn -0.86687347 0.49623640 0.04774756
vn -0.86687347 0.49623640 0.04774756
vn -0.83255839 0.55180258 0.04858434
vn -0.83255839 0.55180258 0.04858434
vn -0.83255839 0.55180258 0.04858434
vn -0.65074349 -0.75751349 0.05202143
vn -0.65074349 -0.75751349 0.05202143
vn -0.65074349 -0.75751349 0.05202143
vn -0.73659520 -0.67198962 0.07653403
vn -0.73659520 -0.67198962 0.07653403
vn -0.73659520 -0.67198962 0.07653403
vn 0.64972562 -0.75827776 0.05358600
vn 0.64972562 -0.75827776 0.05358600
vn 0.64972562 -0.75827776 0.05358600
vn 0.73633322 -0.67240397 0.07540754
vn 0.73633322 -0.67240397 0.07540754
vn 0.73633322 -0.67240397 0.07540754
vn 0.86753220 0.49507203 0.04787028
vn 0.86753220 0.49507203 0.04787028
vn 0.86753220 0.49507203 0.04787028
vn 0.91398190 0.40248423 0.05141517
vn 0.91398190 0.40248423 0.05141517
vn 0.91398190 0.40248423 0.05141517
vn 0.65221530 0.75631015 0.05108971
vn 0.65221530 0.75631015 0.05108971
vn 0.65221530 0.75631015 0.05108971
vn 0.73489019 0.67317614 0.08228176
vn 0.73489019 0.67317614 0.08228176
vn 0.73489019 0.67317614 0.08228176
vn 0.44184731 0.89582007 0.04772161
vn 0.44184731 0.89582007 0.04772161
vn 0.44184731 0.89582007 0.04772161
vn 0.53183820 0.84527294 0.05159256
vn 0.53183820 0.84527294 0.05159256
vn 0.53183820 0.84527294 0.05159256
vn -0.03191608 0.99818862 0.05099841
vn -0.03191608 0.99818862 0.05099841
vn -0.03191608 0.99818862 0.05099841
vn 0.11795345 0.99182467 0.04869093
vn 0.11795345 0.99182467 0.04869093
vn 0.11795345 0.99182467 0.04869093
vn 0.22022998 0.97423204 0.04868961
vn 0.22022998 0.97423204 0.04868961
vn 0.22022998 0.97423204 0.04868961
vn 0.66571494 0.72781184 0.16466193
vn 0.66571494 0.72781184 0.16466193
vn 0.66571494 0.72781184 0.16466193
vn 0.68110419 0.70302085 0.20459414
vn 0.68110419 0.70302085 0.20459414
vn 0.68110419 0.70302085 0.20459414
vn 0.70264833 0.69126090 0.16865260
vn 0.70264833 0.69126090 0.16865260
vn 0.70264833 0.69126090 0.16865260
vn 0.70654371 0.68886624 0.16204718
vn 0.70654371 0.68886624 0.16204718
vn 0.70654371 0.68886624 0.16204718
vn 0.75159632 0.59982089 0.27444100
vn 0.75159632 0.59982089 0.27444100
vn 0.75159632 0.59982089 0.27444100
vn 0.79382166 0.55157764 0.25614307
vn 0.79382166 0.55157764 0.25614307
vn 0.79382166 0.55157764 0.25614307
vn 0.88503844 0.38998046 0.25420897
vn 0.88503844 0.38998046 0.25420897
vn 0.88503844 0.38998046 0.25420897
vn 0.84371275 0.47132514 0.25690739
vn 0.84368725 0.47154386 0.25658958
vn 0.84366526 0.47173152 0.25631679
vn 0.84363957 0.47194975 0.25599944
vn 0.84258148 -0.48129921 0.24167646
vn 0.84258148 -0.48129921 0.24167646
vn 0.84258148 -0.48129921 0.24167646
vn 0.84376340 -0.47135269 0.25669042
vn 0.84376340 -0.47135269 0.25669042
vn 0.84376340 -0.47135269 0.25669042
vn 0.88563016 -0.38935100 0.25311070
vn 0.88563016 -0.38935100 0.25311070
vn 0.88563016 -0.38935100 0.25311070
vn 0.79893704 -0.54274752 0.25908443
vn 0.79979361 -0.54218479 0.25761567
vn 0.80038790 -0.54179234 0.25659357
vn 0.80100400 -0.54138374 0.25553128
vn 0.74420848 -0.61638466 0.25733966
vn 0.74420848 -0.61638466 0.25733966
vn 0.74420848 -0.61638466 0.25733966
vn 0.74697502 -0.60231500 0.28150480
vn 0.74697502 -0.60231500 0.28150480
vn 0.74697502 -0.60231500 0.28150480
vn 0.70205282 -0.69010934 0.17570127
vn 0.70205282 -0.69010934 0.17570127
vn 0.70205282 -0.69010934 0.17570127
vn 0.70832069 -0.68665937 0.16364814
vn 0.70832069 -0.68665937 0.16364814
vn 0.70832069 -0.68665937 0.16364814
vn 0.68193654 -0.70063416 0.20993886
vn 0.68193654 -0.70063416 0.20993886
vn 0.68193654 -0.70063416 0.20993886
vn 0.66410536 -0.72887508 0.16644875
vn 0.66410536 -0.72887508 0.16644875
vn 0.66410536 -0.72887508 0.16644875
vn 0.84357677 0.41234337 -0.34402205
vn 0.84357677 0.41234337 -0.34402205
vn 0.84357677 0.41234337 -0.34402205
vn 0.63128540 -0.72262694 0.28158310
vn 0.63128540 -0.72262694 0.28158310
vn 0.63128540 -0.72262694 0.28158310
vn 0.57448525 -0.77675524 0.25810460
vn 0.57448525 -0.77675524 0.25810460
vn 0.57448525 -0.77675524 0.25810460
vn 0.57103384 -0.78168378 0.25078041
vn 0.57103384 -0.78168378 0.25078041
vn 0.57103384 -0.78168378 0.25078041
vn 0.50063264 -0.82621190 0.25834251
vn 0.50063264 -0.82621190 0.25834251
vn 0.50063264 -0.82621190 0.25834251
vn 0.44209750 -0.85929765 0.25721072
vn 0.44209750 -0.85929765 0.25721072
vn 0.44209750 -0.85929765 0.25721072
vn 0.35302402 -0.90086721 0.25261100
vn 0.35302402 -0.90086721 0.25261100
vn 0.35302402 -0.90086721 0.25261100
vn -0.19401120 -0.94739534 0.25456182
vn -0.19401120 -0.94739534 0.25456182
vn -0.19401120 -0.94739534 0.25456182
vn -0.29127182 -0.92156758 0.25665914
vn -0.29127182 -0.92156758 0.25665914
vn -0.29127182 -0.92156758 0.25665914
vn -0.34987495 -0.90112965 0.25603295
vn -0.34987495 -0.90112965 0.25603295
vn -0.34987495 -0.90112965 0.25603295
vn -0.44328642 -0.85902786 0.25606303
vn -0.44328642 -0.85902786 0.25606303
vn -0.44328642 -0.85902786 0.25606303
vn -0.49636683 -0.83087590 0.25152577
vn -0.49636683 -0.83087590 0.25152577
vn -0.49636683 -0.83087590 0.25152577
vn -0.57748917 -0.77504935 0.25652439
vn -0.57748917 -0.77504935 0.25652439
vn -0.57748917 -0.77504935 0.25652439
vn -0.62429843 -0.73540828 0.26348838
vn -0.62429843 -0.73540828 0.26348838
vn -0.62429843 -0.73540828 0.26348838
vn -0.66482321 -0.72825536 0.16629563
vn -0.66482321 -0.72825536 0.16629563
vn -0.66482321 -0.72825536 0.16629563
vn -0.67946048 -0.70419443 0.20601861
vn -0.67946048 -0.70419443 0.20601861
vn -0.67946048 -0.70419443 0.20601861
vn -0.70423670 -0.68998444 0.16724873
vn -0.70423670 -0.68998444 0.16724873
vn -0.70423670 -0.68998444 0.16724873
vn -0.70647388 -0.68864181 0.16330070
vn -0.70647388 -0.68864181 0.16330070
vn -0.70647388 -0.68864181 0.16330070
vn -0.75053462 -0.60908930 0.25633575
vn -0.75053462 -0.60908930 0.25633575
vn -0.75053462 -0.60908930 0.25633575
vn -0.73708256 -0.61578728 0.27841575
vn -0.73708256 -0.61578728 0.27841575
vn -0.73708256 -0.61578728 0.27841575
vn -0.84418155 -0.47127027 0.25546398
vn -0.84430177 -0.47117784 0.25523707
vn -0.84406678 -0.47135843 0.25568047
vn -0.84394276 -0.47145361 0.25591426
vn -0.80016813 -0.54182714 0.25720480
vn -0.88380783 -0.39117219 0.25664768
vn -0.88380783 -0.39117219 0.25664768
vn -0.88380783 -0.39117219 0.25664768
vn -0.85044208 0.45981996 0.25556580
vn -0.85044208 0.45981996 0.25556580
vn -0.85044208 0.45981996 0.25556580
vn -0.80070486 0.54135854 0.25652029
vn -0.80073525 0.54120212 0.25675539
vn -0.80067649 0.54150422 0.25630125
vn -0.80064579 0.54166153 0.25606464
vn -0.73994362 0.61350276 0.27585831
vn -0.73994362 0.61350276 0.27585831
vn -0.73994362 0.61350276 0.27585831
vn -0.75065863 0.60899413 0.25619868
vn -0.75065863 0.60899413 0.25619868
vn -0.75065863 0.60899413 0.25619868
vn -0.70213387 0.69055979 0.17359496
vn -0.70213387 0.69055979 0.17359496
vn -0.70213387 0.69055979 0.17359496
vn -0.70803764 0.68716431 0.16275107
vn -0.70803764 0.68716431 0.16275107
vn -0.70803764 0.68716431 0.16275107
vn -0.68319204 0.69973140 0.20886505
vn -0.68319204 0.69973140 0.20886505
vn -0.68319204 0.69973140 0.20886505
vn -0.66470965 0.72846372 0.16583634
vn -0.66470965 0.72846372 0.16583634
vn -0.66470965 0.72846372 0.16583634
vn -0.62423808 0.73820067 0.25570803
vn -0.62423808 0.73820067 0.25570803
vn -0.62423808 0.73820067 0.25570803
vn -0.58017557 0.77264278 0.25771970
vn -0.58017557 0.77264278 0.25771970
vn -0.58017557 0.77264278 0.25771970
vn -0.50737084 0.82401795 0.25212943
vn -0.50737084 0.82401795 0.25212943
vn -0.50737084 0.82401795 0.25212943
vn -0.50891576 0.82178695 0.25626344
vn -0.50891576 0.82178695 0.25626344
vn -0.50891576 0.82178695 0.25626344
vn -0.43528059 0.86302400 0.25635988
vn -0.43518421 0.86314040 0.25613150
vn -0.43536727 0.86291923 0.25656528
vn -0.43546041 0.86280655 0.25678609
vn -0.35243108 0.90020235 0.25578909
vn -0.35243108 0.90020235 0.25578909
vn -0.35243108 0.90020235 0.25578909
vn -0.29228024 0.92145418 0.25591884
vn -0.29228024 0.92145418 0.25591884
vn -0.29228024 0.92145418 0.25591884
vn -0.19493644 0.94657274 0.25690434
vn -0.19493644 0.94657274 0.25690434
vn -0.19493644 0.94657274 0.25690434
vn 0.35249521 0.90132528 0.25171385
vn 0.35249521 0.90132528 0.25171385
vn 0.35249521 0.90132528 0.25171385
vn 0.44359076 0.85844510 0.25748641
vn 0.44359076 0.85844510 0.25748641
vn 0.44359076 0.85844510 0.25748641
vn 0.49558156 0.83021810 0.25521917
vn 0.49558156 0.83021810 0.25521917
vn 0.49558156 0.83021810 0.25521917
vn 0.57531990 0.77612612 0.25813805
vn 0.57531990 0.77612612 0.25813805
vn 0.57531990 0.77612612 0.25813805
vn 0.57472105 0.77707514 0.25661242
vn 0.57472105 0.77707514 0.25661242
vn 0.57472105 0.77707514 0.25661242
vn 0.62973123 0.73248718 0.25865249
vn 0.63154497 0.73169931 0.25645092
vn 0.62979160 0.73246110 0.25857936
vn 0.62678412 0.73374871 0.26221078
vn 0.76749353 0.62499814 0.14258683
vn 0.76749353 0.62499814 0.14258683
vn 0.76749353 0.62499814 0.14258683
vn 0.76142356 0.62986438 0.15331347
vn 0.76142356 0.62986438 0.15331347
vn 0.76142356 0.62986438 0.15331347
vn 0.82184682 0.54928622 0.15117029
vn 0.82184682 0.54928622 0.15117029
vn 0.82184682 0.54928622 0.15117029
vn 0.82564379 0.54503869 0.14575718
vn 0.82564379 0.54503869 0.14575718
vn 0.82564379 0.54503869 0.14575718
vn 0.86862299 0.47513494 0.14050228
vn 0.86862299 0.47513494 0.14050228
vn 0.86862299 0.47513494 0.14050228
vn 0.86269766 0.48193071 0.15328251
vn 0.86269766 0.48193071 0.15328251
vn 0.86269766 0.48193071 0.15328251
vn 0.89738748 0.41374737 0.15332587
vn 0.89738748 0.41374737 0.15332587
vn 0.89738748 0.41374737 0.15332587
vn 0.89630511 0.41527600 0.15550882
vn 0.89630511 0.41527600 0.15550882
vn 0.89630511 0.41527600 0.15550882
vn 0.93394228 0.32326296 0.15248894
vn 0.93394228 0.32326296 0.15248894
vn 0.93394228 0.32326296 0.15248894
vn 0.92990538 0.33056615 0.16125136
vn 0.92990538 0.33056615 0.16125136
vn 0.92990538 0.33056615 0.16125136
vn 0.95676177 0.24835418 0.15141705
vn 0.95654968 0.24885015 0.15194178
vn 0.95675081 0.24837984 0.15144420
vn 0.95694972 0.24791345 0.15095083
vn 0.97583180 0.16242055 0.14619116
vn 0.97583180 0.16242055 0.14619116
vn 0.97583180 0.16242055 0.14619116
vn 0.97254265 0.17201768 0.15675050
vn 0.97254265 0.17201768 0.15675050
vn 0.97254265 0.17201768 0.15675050
vn 0.98527735 0.07798937 0.15213876
vn 0.98527735 0.07798937 0.15213876
vn 0.98527735 0.07798937 0.15213876
vn 0.98296841 0.08691713 0.16192136
vn 0.98296841 0.08691713 0.16192136
vn 0.98296841 0.08691713 0.16192136
vn 0.98825750 0.00049419 0.15279683
vn 0.98831821 0.00009492 0.15240444
vn 0.98826032 0.00047568 0.15277864
vn 0.98820557 0.00083413 0.15313087
vn 0.98466241 -0.08359021 0.15314249
vn 0.98470176 -0.08431834 0.15248890
vn 0.98466669 -0.08366856 0.15307217
vn 0.98462700 -0.08294952 0.15371740
vn 0.97376178 -0.16779422 0.15373060
vn 0.97376338 -0.16770057 0.15382265
vn 0.97376181 -0.16779247 0.15373232
vn 0.97376007 -0.16789329 0.15363321
vn 0.95566656 -0.25485781 0.14747518
vn 0.95566656 -0.25485781 0.14747518
vn 0.95566656 -0.25485781 0.14747518
vn 0.95663694 -0.24276171 0.16097364
vn 0.95663694 -0.24276171 0.16097364
vn 0.95663694 -0.24276171 0.16097364
vn 0.93133442 -0.33067334 0.15254950
vn 0.93133442 -0.33067334 0.15254950
vn 0.93133442 -0.33067334 0.15254950
vn 0.93199782 -0.32704632 0.15627144
vn 0.93199782 -0.32704632 0.15627144
vn 0.93199782 -0.32704632 0.15627144
vn 0.89893613 -0.41228855 0.14809449
vn 0.89893613 -0.41228855 0.14809449
vn 0.89893613 -0.41228855 0.14809449
vn 0.89802815 -0.41544818 0.14473510
vn 0.89802815 -0.41544818 0.14473510
vn 0.89802815 -0.41544818 0.14473510
vn 0.86120246 -0.48842857 0.14059823
vn 0.86120246 -0.48842857 0.14059823
vn 0.86120246 -0.48842857 0.14059823
vn 0.86330563 -0.48226959 0.14872605
vn 0.86330563 -0.48226959 0.14872605
vn 0.86330563 -0.48226959 0.14872605
vn 0.82010198 -0.55410984 0.14281113
vn 0.82015945 -0.55398433 0.14296799
vn 0.82009128 -0.55413322 0.14278191
vn 0.82003835 -0.55424871 0.14263754
vn 0.76574618 -0.62754181 0.14079797
vn 0.76574618 -0.62754181 0.14079797
vn 0.76574618 -0.62754181 0.14079797
vn 0.76290735 -0.63248856 0.13390521
vn 0.76290735 -0.63248856 0.13390521
vn 0.76290735 -0.63248856 0.13390521
vn 0.63791725 -0.75516361 0.15096194
vn 0.63791725 -0.75516361 0.15096194
vn 0.63791725 -0.75516361 0.15096194
vn 0.58917076 -0.79482239 0.14537948
vn 0.58917076 -0.79482239 0.14537948
vn 0.58917076 -0.79482239 0.14537948
vn 0.58842672 -0.79560535 0.14410458
vn 0.58842672 -0.79560535 0.14410458
vn 0.58842672 -0.79560535 0.14410458
vn 0.51571340 -0.84534380 0.13940428
vn 0.51571340 -0.84534380 0.13940428
vn 0.51571340 -0.84534380 0.13940428
vn 0.52321361 -0.83871355 0.15102019
vn 0.52321361 -0.83871355 0.15102019
vn 0.52321361 -0.83871355 0.15102019
vn 0.44049497 -0.88564428 0.14696388
vn 0.43994886 -0.88603890 0.14621927
vn 0.44058709 -0.88557760 0.14708953
vn 0.44119750 -0.88513486 0.14792243
vn 0.36857609 -0.91844413 0.14356896
vn 0.36857609 -0.91844413 0.14356896
vn 0.36857609 -0.91844413 0.14356896
vn 0.37845734 -0.91215406 0.15730547
vn 0.37845734 -0.91215406 0.15730547
vn 0.37845734 -0.91215406 0.15730547
vn 0.28640270 -0.94626247 0.15020263
vn 0.28640270 -0.94626247 0.15020263
vn 0.28640270 -0.94626247 0.15020263
vn 0.29013325 -0.94446717 0.15428693
vn 0.29013325 -0.94446717 0.15428693
vn 0.29013325 -0.94446717 0.15428693
vn 0.20223820 -0.96734752 0.15276936
vn 0.20223820 -0.96734752 0.15276936
vn 0.20223820 -0.96734752 0.15276936
vn 0.20846316 -0.96496228 0.15934527
vn 0.20846316 -0.96496228 0.15934527
vn 0.20846316 -0.96496228 0.15934527
vn 0.12581615 -0.97995316 0.15447365
vn 0.12581615 -0.97995316 0.15447365
vn 0.12581615 -0.97995316 0.15447365
vn 0.12449621 -0.98033397 0.15312089
vn 0.12449621 -0.98033397 0.15312089
vn 0.12449621 -0.98033397 0.15312089
vn 0.03580801 -0.98858400 0.14635389
vn 0.03580801 -0.98858400 0.14635389
vn 0.03580801 -0.98858400 0.14635389
vn 0.04794908 -0.98598291 0.15980794
vn 0.04794908 -0.98598291 0.15980794
vn 0.04794908 -0.98598291 0.15980794
vn -0.04113133 -0.98719567 0.15411981
vn -0.04113133 -0.98719567 0.15411981
vn -0.04113133 -0.98719567 0.15411981
vn -0.03812601 -0.98685260 0.15706165
vn -0.03812601 -0.98685260 0.15706165
vn -0.03812601 -0.98685260 0.15706165
vn -0.13132122 -0.97992021 0.15003709
vn -0.13132122 -0.97992021 0.15003709
vn -0.13132122 -0.97992021 0.15003709
vn -0.12284408 -0.97962740 0.15886941
vn -0.12284408 -0.97962740 0.15886941
vn -0.12284408 -0.97962740 0.15886941
vn -0.20737256 -0.96592234 0.15488915
vn -0.20737256 -0.96592234 0.15488915
vn -0.20737256 -0.96592234 0.15488915
vn -0.21914003 -0.96509845 0.14339676
vn -0.21914003 -0.96509845 0.14339676
vn -0.21914003 -0.96509845 0.14339676
vn -0.29193187 -0.94601451 0.14082731
vn -0.29193187 -0.94601451 0.14082731
vn -0.29193187 -0.94601451 0.14082731
vn -0.28045829 -0.94742878 0.15401898
vn -0.28045829 -0.94742878 0.15401898
vn -0.28045829 -0.94742878 0.15401898
vn -0.37408507 -0.91560469 0.14740563
vn -0.37393716 -0.91563912 0.14756692
vn -0.37410638 -0.91559972 0.14738239
vn -0.37427392 -0.91556065 0.14719964
vn -0.44483232 -0.88391446 0.14428943
vn -0.44483232 -0.88391446 0.14428943
vn -0.44483232 -0.88391446 0.14428943
vn -0.43373445 -0.88715215 0.15759280
vn -0.43373445 -0.88715215 0.15759280
vn -0.43373445 -0.88715215 0.15759280
vn -0.51983470 -0.84134251 0.14803605
vn -0.51983470 -0.84134251 0.14803605
vn -0.51983470 -0.84134251 0.14803605
vn -0.52475790 -0.83921587 0.14263895
vn -0.52475790 -0.83921587 0.14263895
vn -0.52475790 -0.83921587 0.14263895
vn -0.59531957 -0.79107331 0.14070403
vn -0.59531957 -0.79107331 0.14070403
vn -0.59531957 -0.79107331 0.14070403
vn -0.58223811 -0.79745142 0.15833512
vn -0.58223811 -0.79745142 0.15833512
vn -0.58223811 -0.79745142 0.15833512
vn -0.64226502 -0.75023596 0.15697660
vn -0.64226502 -0.75023596 0.15697660
vn -0.64226502 -0.75023596 0.15697660
vn -0.76788650 -0.62433158 0.14338895
vn -0.76766648 -0.62452169 0.14373877
vn -0.76793418 -0.62429035 0.14331312
vn -0.76812184 -0.62412795 0.14301448
vn -0.82310435 -0.55017496 0.14073641
vn -0.82310435 -0.55017496 0.14073641
vn -0.82310435 -0.55017496 0.14073641
vn -0.81951602 -0.55389645 0.14694287
vn -0.81951602 -0.55389645 0.14694287
vn -0.81951602 -0.55389645 0.14694287
vn -0.86357621 -0.48324566 0.14390887
vn -0.86318671 -0.48372930 0.14461906
vn -0.86366082 -0.48314041 0.14375438
vn -0.86403302 -0.48267668 0.14307398
vn -0.90231247 -0.40717952 0.14155226
vn -0.90231247 -0.40717952 0.14155226
vn -0.90231247 -0.40717952 0.14155226
vn -0.89713391 -0.41481695 0.15191329
vn -0.89713391 -0.41481695 0.15191329
vn -0.89713391 -0.41481695 0.15191329
vn -0.93444092 -0.32456621 0.14655016
vn -0.93444092 -0.32456621 0.14655016
vn -0.93444092 -0.32456621 0.14655016
vn -0.92891361 -0.33457638 0.15867628
vn -0.92891361 -0.33457638 0.15867628
vn -0.92891361 -0.33457638 0.15867628
vn -0.95564032 -0.25087313 0.15431870
vn -0.95564032 -0.25087313 0.15431870
vn -0.95564032 -0.25087313 0.15431870
vn -0.95474602 -0.25293566 0.15647234
vn -0.95474602 -0.25293566 0.15647234
vn -0.95474602 -0.25293566 0.15647234
vn -0.97504552 -0.16441260 0.14918019
vn -0.97504552 -0.16441260 0.14918019
vn -0.97504552 -0.16441260 0.14918019
vn -0.97311690 -0.17006195 0.15531400
vn -0.97311690 -0.17006195 0.15531400
vn -0.97311690 -0.17006195 0.15531400
vn -0.98547799 -0.08031131 0.14961022
vn -0.98547799 -0.08031131 0.14961022
vn -0.98547799 -0.08031131 0.14961022
vn -0.98476218 -0.08335824 0.15262650
vn -0.98476218 -0.08335824 0.15262650
vn -0.98476218 -0.08335824 0.15262650
vn -0.98840998 0.00357636 0.15176601
vn -0.98840998 0.00357636 0.15176601
vn -0.98840998 0.00357636 0.15176601
vn -0.98786528 0.00000269 0.15531319
vn -0.98786528 0.00000269 0.15531319
vn -0.98786528 0.00000269 0.15531319
vn -0.98520509 0.08148313 0.15076943
vn -0.98520509 0.08148313 0.15076943
vn -0.98520509 0.08148313 0.15076943
vn -0.98495180 0.07826864 0.15409078
vn -0.98495180 0.07826864 0.15409078
vn -0.98495180 0.07826864 0.15409078
vn -0.97420845 0.16685834 0.15190851
vn -0.97421170 0.16670490 0.15205606
vn -0.97420854 0.16685425 0.15191244
vn -0.97420538 0.16700156 0.15177077
vn -0.95511475 0.25437668 0.15181675
vn -0.95511475 0.25437668 0.15181675
vn -0.95511475 0.25437668 0.15181675
vn -0.95576815 0.24825260 0.15772728
vn -0.95576815 0.24825260 0.15772728
vn -0.95576815 0.24825260 0.15772728
vn -0.93217997 0.32693227 0.15542133
vn -0.93217997 0.32693227 0.15542133
vn -0.93217997 0.32693227 0.15542133
vn -0.93170687 0.32935899 0.15311746
vn -0.93170687 0.32935899 0.15311746
vn -0.93170687 0.32935899 0.15311746
vn -0.89656898 0.41614859 0.15160613
vn -0.89656898 0.41614859 0.15160613
vn -0.89656898 0.41614859 0.15160613
vn -0.89974861 0.40325004 0.16685878
vn -0.89974861 0.40325004 0.16685878
vn -0.89974861 0.40325004 0.16685878
vn -0.86518512 0.47533654 0.15971812
vn -0.86518512 0.47533654 0.15971812
vn -0.86518512 0.47533654 0.15971812
vn -0.86074245 0.48763510 0.14606311
vn -0.86074245 0.48763510 0.14606311
vn -0.86074245 0.48763510 0.14606311
vn -0.81627895 0.55940991 0.14404593
vn -0.81627895 0.55940991 0.14404593
vn -0.81627895 0.55940991 0.14404593
vn -0.81871843 0.55335661 0.15328596
vn -0.81871843 0.55335661 0.15328596
vn -0.81871843 0.55335661 0.15328596
vn -0.76992900 0.61944283 0.15329682
vn -0.76992900 0.61944283 0.15329682
vn -0.76992900 0.61944283 0.15329682
vn -0.76279760 0.63228221 0.13549551
vn -0.76279760 0.63228221 0.13549551
vn -0.76279760 0.63228221 0.13549551
vn -0.64221889 0.75042478 0.15626117
vn -0.64221889 0.75042478 0.15626117
vn -0.64221889 0.75042478 0.15626117
vn -0.59169040 0.79099882 0.15563847
vn -0.59169040 0.79099882 0.15563847
vn -0.59169040 0.79099882 0.15563847
vn -0.58178680 0.80077211 0.14243648
vn -0.58178680 0.80077211 0.14243648
vn -0.58178680 0.80077211 0.14243648
vn -0.51268860 0.84663853 0.14266606
vn -0.51268860 0.84663853 0.14266606
vn -0.51268860 0.84663853 0.14266606
vn -0.51811321 0.84146456 0.15328439
vn -0.51811321 0.84146456 0.15328439
vn -0.51811321 0.84146456 0.15328439
vn -0.44817909 0.88125860 0.15006260
vn -0.45038769 0.87957006 0.15332136
vn -0.44730227 0.88192275 0.14877146
vn -0.44538143 0.88336547 0.14594806
vn -0.36309146 0.92053847 0.14413018
vn -0.36309146 0.92053847 0.14413018
vn -0.36309146 0.92053847 0.14413018
vn -0.37320007 0.91359600 0.16144368
vn -0.37320007 0.91359600 0.16144368
vn -0.37320007 0.91359600 0.16144368
vn -0.29813154 0.94101126 0.16004809
vn -0.29813154 0.94101126 0.16004809
vn -0.29813154 0.94101126 0.16004809
vn -0.28329401 0.94824404 0.14344945
vn -0.28329401 0.94824404 0.14344945
vn -0.28329401 0.94824404 0.14344945
vn -0.20326117 0.96915868 0.13934260
vn -0.20326117 0.96915868 0.13934260
vn -0.20326117 0.96915868 0.13934260
vn -0.21704177 0.96348229 0.15682709
vn -0.21704177 0.96348229 0.15682709
vn -0.21704177 0.96348229 0.15682709
vn -0.11776857 0.98110188 0.15352417
vn -0.11776857 0.98110188 0.15352417
vn -0.11776857 0.98110188 0.15352417
vn -0.12518407 0.97873108 0.16252513
vn -0.12518407 0.97873108 0.16252513
vn -0.12518407 0.97873108 0.16252513
vn -0.05021976 0.98505681 0.16474542
vn -0.05021976 0.98505681 0.16474542
vn -0.05021976 0.98505681 0.16474542
vn -0.04209314 0.98669872 0.15701527
vn -0.04209314 0.98669872 0.15701527
vn -0.04209314 0.98669872 0.15701527
vn 0.04380115 0.98693408 0.15505670
vn 0.04380115 0.98693408 0.15505670
vn 0.04380115 0.98693408 0.15505670
vn 0.04413699 0.98697071 0.15472794
vn 0.04413699 0.98697071 0.15472794
vn 0.04413699 0.98697071 0.15472794
vn 0.13265369 0.97968528 0.15039865
vn 0.13265369 0.97968528 0.15039865
vn 0.13265369 0.97968528 0.15039865
vn 0.12036011 0.97887744 0.16526466
vn 0.12036011 0.97887744 0.16526466
vn 0.12036011 0.97887744 0.16526466
vn 0.20032537 0.96673820 0.15901886
vn 0.19569719 0.96696641 0.16333577
vn 0.20045894 0.96673103 0.15889407
vn 0.20441746 0.96650372 0.15519041
vn 0.28960514 0.94476218 0.15347081
vn 0.29070658 0.94460272 0.15236597
vn 0.28962212 0.94475974 0.15345379
vn 0.28851640 0.94491742 0.15456185
vn 0.37243494 0.91544785 0.15247112
vn 0.37243494 0.91544785 0.15247112
vn 0.37243494 0.91544785 0.15247112
vn 0.37915626 0.91379851 0.14564621
vn 0.37915626 0.91379851 0.14564621
vn 0.37915626 0.91379851 0.14564621
vn 0.45440686 0.87983442 0.13930466
vn 0.45440686 0.87983442 0.13930466
vn 0.45440686 0.87983442 0.13930466
vn 0.43550008 0.88459528 0.16682587
vn 0.43550008 0.88459528 0.16682587
vn 0.43550008 0.88459528 0.16682587
vn 0.51083881 0.84461493 0.16021653
vn 0.51083881 0.84461493 0.16021653
vn 0.51083881 0.84461493 0.16021653
vn 0.52440260 0.83903268 0.14500372
vn 0.52440260 0.83903268 0.14500372
vn 0.52440260 0.83903268 0.14500372
vn 0.59758519 0.78923772 0.14140637
vn 0.59758519 0.78923772 0.14140637
vn 0.59758519 0.78923772 0.14140637
vn 0.58730778 0.79409354 0.15647692
vn 0.58730778 0.79409354 0.15647692
vn 0.58730778 0.79409354 0.15647692
vn 0.63851754 0.75432216 0.15262186
vn 0.63851754 0.75432216 0.15262186
vn 0.63851754 0.75432216 0.15262186
vn 0.83146276 0.55558016 0.00059929
vn 0.83146276 0.55558016 0.00059929
vn 0.83146276 0.55558016 0.00059929
vn 0.14045700 0.99008527 -0.00172797
vn 0.14045700 0.99008527 -0.00172797
vn 0.14045700 0.99008527 -0.00172797
vn 0.08571786 0.99617882 0.01673968
vn 0.08571786 0.99617882 0.01673968
vn 0.08571786 0.99617882 0.01673968
vn 0.04247257 0.99909632 0.00162090
vn 0.04247257 0.99909632 0.00162090
vn 0.04247257 0.99909632 0.00162090
vn 0.37808880 0.92576863 0.00114315
vn 0.37808880 0.92576863 0.00114315
vn 0.37808880 0.92576863 0.00114315
vn 0.33688380 0.94139346 0.01696055
vn 0.33688380 0.94139346 0.01696055
vn 0.33688380 0.94139346 0.01696055
vn 0.29209335 0.95638885 0.00135770
vn 0.29209335 0.95638885 0.00135770
vn 0.29209335 0.95638885 0.00135770
vn 0.25619055 0.96649752 0.01577784
vn 0.25619055 0.96649752 0.01577784
vn 0.25619055 0.96649752 0.01577784
vn 0.20030939 0.97973047 -0.00208530
vn 0.20030939 0.97973047 -0.00208530
vn 0.20030939 0.97973047 -0.00208530
vn 0.17163997 0.98507366 0.01302338
vn 0.17163997 0.98507366 0.01302338
vn 0.17163997 0.98507366 0.01302338
vn 0.41612525 0.90916940 0.01583600
vn 0.41612525 0.90916940 0.01583600
vn 0.41612525 0.90916940 0.01583600
vn 0.46484336 0.88538658 -0.00335303
vn 0.46484336 0.88538658 -0.00335303
vn 0.46484336 0.88538658 -0.00335303
vn 0.49492723 0.86887347 0.01029228
vn 0.49492723 0.86887347 0.01029228
vn 0.49492723 0.86887347 0.01029228
vn 0.51223827 0.85884122 -0.00192465
vn 0.51223827 0.85884122 -0.00192465
vn 0.51223827 0.85884122 -0.00192465
vn 0.56660766 0.82379879 0.01764424
vn 0.56660766 0.82379879 0.01764424
vn 0.56660766 0.82379879 0.01764424
vn 0.59459035 0.80401649 0.00445087
vn 0.59459035 0.80401649 0.00445087
vn 0.59459035 0.80401649 0.00445087
vn 0.66140409 0.74945862 0.02926441
vn 0.66140409 0.74945862 0.02926441
vn 0.66140409 0.74945862 0.02926441
vn 0.63390340 0.77323110 -0.01673737
vn 0.63390340 0.77323110 -0.01673737
vn 0.63390340 0.77323110 -0.01673737
vn 0.81048780 0.58553757 0.01597738
vn 0.81048780 0.58553757 0.01597738
vn 0.81048780 0.58553757 0.01597738
vn 0.70063233 0.71341016 0.01266062
vn 0.70063233 0.71341016 0.01266062
vn 0.70063233 0.71341016 0.01266062
vn 0.71384601 0.70030206 0.00095143
vn 0.71384601 0.70030206 0.00095143
vn 0.71384601 0.70030206 0.00095143
vn 0.75825410 0.65173881 0.01694818
vn 0.75825410 0.65173881 0.01694818
vn 0.75825410 0.65173881 0.01694818
vn 0.78049374 0.62515911 0.00236915
vn 0.78049374 0.62515911 0.00236915
vn 0.78049374 0.62515911 0.00236915
vn 0.85952238 0.51087188 0.01520523
vn 0.85952238 0.51087188 0.01520523
vn 0.85952238 0.51087188 0.01520523
vn 0.88020379 0.47458835 -0.00268224
vn 0.88020379 0.47458835 -0.00268224
vn 0.88020379 0.47458835 -0.00268224
vn 0.89934458 0.43713226 0.00973229
vn 0.89934458 0.43713226 0.00973229
vn 0.89934458 0.43713226 0.00973229
vn 0.90591706 0.42345440 -0.00080636
vn 0.90591706 0.42345440 -0.00080636
vn 0.90591706 0.42345440 -0.00080636
vn 0.93391338 0.35713347 0.01617018
vn 0.93391338 0.35713347 0.01617018
vn 0.93391338 0.35713347 0.01617018
vn 0.98560767 0.16903041 0.00249751
vn 0.98560767 0.16903041 0.00249751
vn 0.98560767 0.16903041 0.00249751
vn 0.94361797 0.33101882 0.00341635
vn 0.94361797 0.33101882 0.00341635
vn 0.94361797 0.33101882 0.00341635
vn 0.96929535 0.24446428 0.02652793
vn 0.96929535 0.24446428 0.02652793
vn 0.96929535 0.24446428 0.02652793
vn 0.96075825 0.27734478 -0.00484300
vn 0.96075825 0.27734478 -0.00484300
vn 0.96075825 0.27734478 -0.00484300
vn 0.98112054 0.19284715 0.01457623
vn 0.98112054 0.19284715 0.01457623
vn 0.98112054 0.19284715 0.01457623
vn 0.99643093 0.08211590 0.01955442
vn 0.99643093 0.08211590 0.01955442
vn 0.99643093 0.08211590 0.01955442
vn 0.99455069 0.10425395 -0.00020331
vn 0.99455069 0.10425395 -0.00020331
vn 0.99455069 0.10425395 -0.00020331
vn 0.99968691 -0.00666237 0.02411817
vn 0.99968691 -0.00666237 0.02411817
vn 0.99968691 -0.00666237 0.02411817
vn 0.99973913 0.02277499 -0.00172348
vn 0.99973913 0.02277499 -0.00172348
vn 0.99973913 0.02277499 -0.00172348
vn 0.99779809 -0.06470812 0.01455424
vn 0.99779809 -0.06470812 0.01455424
vn 0.99779809 -0.06470812 0.01455424
vn 0.99634338 -0.08535759 0.00373506
vn 0.99634338 -0.08535759 0.00373506
vn 0.99634338 -0.08535759 0.00373506
vn 0.98843520 -0.15107961 0.01306911
vn 0.98843520 -0.15107961 0.01306911
vn 0.98843520 -0.15107961 0.01306911
vn 0.98583472 -0.16767804 0.00373965
vn 0.98583472 -0.16767804 0.00373965
vn 0.98583472 -0.16767804 0.00373965
vn 0.78093528 -0.62455542 0.00840353
vn 0.78093528 -0.62455542 0.00840353
vn 0.78093528 -0.62455542 0.00840353
vn 0.97238837 -0.23289656 0.01483381
vn 0.97238837 -0.23289656 0.01483381
vn 0.97238837 -0.23289656 0.01483381
vn 0.96731140 -0.25356610 0.00359009
vn 0.96731140 -0.25356610 0.00359009
vn 0.96731140 -0.25356610 0.00359009
vn 0.94059593 -0.33894735 0.01984891
vn 0.94059593 -0.33894735 0.01984891
vn 0.94059593 -0.33894735 0.01984891
vn 0.94824934 -0.31752665 0.00008599
vn 0.94824934 -0.31752665 0.00008599
vn 0.94824934 -0.31752665 0.00008599
vn 0.90880567 -0.41680471 0.01860343
vn 0.90880567 -0.41680471 0.01860343
vn 0.90880567 -0.41680471 0.01860343
vn 0.91713099 -0.39858287 0.00156314
vn 0.91713099 -0.39858287 0.00156314
vn 0.91713099 -0.39858287 0.00156314
vn 0.87198367 -0.48927228 0.01603458
vn 0.87198367 -0.48927228 0.01603458
vn 0.87198367 -0.48927228 0.01603458
vn 0.87986096 -0.47522251 0.00287462
vn 0.87986096 -0.47522251 0.00287462
vn 0.87986096 -0.47522251 0.00287462
vn 0.82484195 -0.56506108 0.01848602
vn 0.82484195 -0.56506108 0.01848602
vn 0.82484195 -0.56506108 0.01848602
vn 0.83613102 -0.54852571 0.00211122
vn 0.83613102 -0.54852571 0.00211122
vn 0.83613102 -0.54852571 0.00211122
vn 0.78528555 -0.61900606 0.01257370
vn 0.78528555 -0.61900606 0.01257370
vn 0.78528555 -0.61900606 0.01257370
vn -0.00061592 0.99987330 0.01590601
vn -0.00061592 0.99987330 0.01590601
vn -0.00061592 0.99987330 0.01590601
vn -0.05766876 0.99832580 -0.00446288
vn -0.05766876 0.99832580 -0.00446288
vn -0.05766876 0.99832580 -0.00446288
vn -0.08513370 0.99632106 0.00982862
vn -0.08513370 0.99632106 0.00982862
vn -0.08513370 0.99632106 0.00982862
vn -0.11080549 0.99383695 -0.00320459
vn -0.11080549 0.99383695 -0.00320459
vn -0.11080549 0.99383695 -0.00320459
vn -0.17218490 0.98492773 0.01642326
vn -0.17218490 0.98492773 0.01642326
vn -0.17218490 0.98492773 0.01642326
vn -0.21096485 0.97749250 0.00150027
vn -0.21096485 0.97749250 0.00150027
vn -0.21096485 0.97749250 0.00150027
vn -0.25667319 0.96637988 0.01512593
vn -0.25667319 0.96637988 0.01512593
vn -0.25667319 0.96637988 0.01512593
vn -0.30250622 0.95313683 -0.00449061
vn -0.30250622 0.95313683 -0.00449061
vn -0.30250622 0.95313683 -0.00449061
vn -0.33709595 0.94139260 0.01209566
vn -0.33709595 0.94139260 0.01209566
vn -0.33709595 0.94139260 0.01209566
vn -0.35966494 0.93308120 -0.00077979
vn -0.35966494 0.93308120 -0.00077979
vn -0.35966494 0.93308120 -0.00077979
vn -0.41613577 0.90914353 0.01700176
vn -0.41613577 0.90914353 0.01700176
vn -0.41613577 0.90914353 0.01700176
vn -0.46314367 0.88627325 -0.00420319
vn -0.46314367 0.88627325 -0.00420319
vn -0.46314367 0.88627325 -0.00420319
vn -0.49415122 0.86931815 0.01002616
vn -0.49415122 0.86931815 0.01002616
vn -0.49415122 0.86931815 0.01002616
vn -0.51219700 0.85886363 -0.00273706
vn -0.51219700 0.85886363 -0.00273706
vn -0.51219700 0.85886363 -0.00273706
vn -0.56694400 0.82360438 0.01582193
vn -0.56694400 0.82360438 0.01582193
vn -0.56694400 0.82360438 0.01582193
vn -0.59080538 0.80680492 0.00384981
vn -0.59080538 0.80680492 0.00384981
vn -0.59080538 0.80680492 0.00384981
vn -0.63446078 0.77276896 0.01696066
vn -0.63446078 0.77276896 0.01696066
vn -0.63446078 0.77276896 0.01696066
vn -0.66745123 0.74465124 -0.00183946
vn -0.66745123 0.74465124 -0.00183946
vn -0.66745123 0.74465124 -0.00183946
vn -0.70030972 0.71373577 0.01214711
vn -0.70030972 0.71373577 0.01214711
vn -0.70030972 0.71373577 0.01214711
vn -0.71332717 0.70083099 0.00051363
vn -0.71332717 0.70083099 0.00051363
vn -0.71332717 0.70083099 0.00051363
vn -0.75811643 0.65191044 0.01650033
vn -0.75811643 0.65191044 0.01650033
vn -0.75811643 0.65191044 0.01650033
vn -0.78838288 0.61517487 -0.00350888
vn -0.78838288 0.61517487 -0.00350888
vn -0.78838288 0.61517487 -0.00350888
vn -0.81181702 0.58381752 0.01049935
vn -0.81181702 0.58381752 0.01049935
vn -0.81181702 0.58381752 0.01049935
vn -0.82059032 0.57151624 0.00084982
vn -0.82059032 0.57151624 0.00084982
vn -0.82059032 0.57151624 0.00084982
vn -0.85864461 0.51230503 0.01652224
vn -0.85864461 0.51230503 0.01652224
vn -0.85864461 0.51230503 0.01652224
vn -0.87946641 0.47594995 -0.00323767
vn -0.87946641 0.47594995 -0.00323767
vn -0.87946641 0.47594995 -0.00323767
vn -0.89939950 0.43701427 0.00995341
vn -0.89939950 0.43701427 0.00995341
vn -0.89939950 0.43701427 0.00995341
vn -0.90600944 0.42325694 -0.00067042
vn -0.90600944 0.42325694 -0.00067042
vn -0.90600944 0.42325694 -0.00067042
vn -0.93378945 0.35752498 0.01460004
vn -0.93378945 0.35752498 0.01460004
vn -0.93378945 0.35752498 0.01460004
vn -0.94178101 0.33620819 0.00354688
vn -0.94178101 0.33620819 0.00354688
vn -0.94178101 0.33620819 0.00354688
vn -0.96077159 0.27690666 0.01551316
vn -0.96077159 0.27690666 0.01551316
vn -0.96077159 0.27690666 0.01551316
vn -0.96803007 0.25082472 0.00217733
vn -0.96803007 0.25082472 0.00217733
vn -0.96803007 0.25082472 0.00217733
vn -0.98122107 0.19241173 0.01352544
vn -0.98122107 0.19241173 0.01352544
vn -0.98122107 0.19241173 0.01352544
vn -0.98516214 0.17161020 0.00234249
vn -0.98516214 0.17161020 0.00234249
vn -0.98516214 0.17161020 0.00234249
vn -0.99426395 0.10603304 0.01400692
vn -0.99426395 0.10603304 0.01400692
vn -0.99426395 0.10603304 0.01400692
vn -0.99615208 0.08752719 0.00447597
vn -0.99615208 0.08752719 0.00447597
vn -0.99615208 0.08752719 0.00447597
vn -0.99963556 0.02178393 0.01594419
vn -0.99963556 0.02178393 0.01594419
vn -0.99963556 0.02178393 0.01594419
vn -0.99998920 -0.00324244 0.00332864
vn -0.99998920 -0.00324244 0.00332864
vn -0.99998920 -0.00324244 0.00332864
vn -0.99779258 -0.06505529 0.01333307
vn -0.99779258 -0.06505529 0.01333307
vn -0.99779258 -0.06505529 0.01333307
vn -0.99660663 -0.08221868 0.00391283
vn -0.99660663 -0.08221868 0.00391283
vn -0.99660663 -0.08221868 0.00391283
vn -0.98856782 -0.15028661 0.01214884
vn -0.98856782 -0.15028661 0.01214884
vn -0.98856782 -0.15028661 0.01214884
vn -0.98616902 -0.16571352 0.00311396
vn -0.98616902 -0.16571352 0.00311396
vn -0.98616902 -0.16571352 0.00311396
vn -0.97190588 -0.23500459 0.01310726
vn -0.97190588 -0.23500459 0.01310726
vn -0.97190588 -0.23500459 0.01310726
vn -0.96871750 -0.24810247 0.00561898
vn -0.96871750 -0.24810247 0.00561898
vn -0.96871750 -0.24810247 0.00561898
vn -0.94878333 -0.31559412 0.01451026
vn -0.94878333 -0.31559412 0.01451026
vn -0.94878333 -0.31559412 0.01451026
vn -0.94244095 -0.33435502 0.00343128
vn -0.94244095 -0.33435502 0.00343128
vn -0.94244095 -0.33435502 0.00343128
vn -0.91797501 -0.39646387 0.01175878
vn -0.91797501 -0.39646387 0.01175878
vn -0.91797501 -0.39646387 0.01175878
vn -0.91237325 -0.40934481 0.00344751
vn -0.91237325 -0.40934481 0.00344751
vn -0.91237325 -0.40934481 0.00344751
vn -0.87850879 -0.47758407 0.01165158
vn -0.87850879 -0.47758407 0.01165158
vn -0.87850879 -0.47758407 0.01165158
vn -0.87472220 -0.48457396 0.00701059
vn -0.87472220 -0.48457396 0.00701059
vn -0.87472220 -0.48457396 0.00701059
vn -0.83669428 -0.54749032 0.01403667
vn -0.83669428 -0.54749032 0.01403667
vn -0.83669428 -0.54749032 0.01403667
vn -0.82799508 -0.56071508 0.00476896
vn -0.82799508 -0.56071508 0.00476896
vn -0.82799508 -0.56071508 0.00476896
vn -0.78565998 -0.61855477 0.01133103
vn -0.78565998 -0.61855477 0.01133103
vn -0.78565998 -0.61855477 0.01133103
vn -0.78164244 -0.62368403 0.00730285
vn -0.78164244 -0.62368403 0.00730285
vn -0.78164244 -0.62368403 0.00730285
vn -0.72827430 -0.68517975 0.01205171
vn -0.72827430 -0.68517975 0.01205171
vn -0.72827430 -0.68517975 0.01205171
vn -0.71410639 -0.70003708 -0.00039466
vn -0.71410639 -0.70003708 -0.00039466
vn -0.71410639 -0.70003708 -0.00039466
vn -0.66866291 -0.74353238 0.00703668
vn -0.66849812 -0.74368233 0.00684486
vn -0.66853377 -0.74364990 0.00688635
vn -0.66839450 -0.74377656 0.00672428
vn -0.60279080 -0.79777415 0.01413022
vn -0.60279080 -0.79777415 0.01413022
vn -0.60279080 -0.79777415 0.01413022
vn -0.59118083 -0.80651870 0.00572808
vn -0.59118083 -0.80651870 0.00572808
vn -0.59118083 -0.80651870 0.00572808
vn -0.53072486 -0.84748722 0.00982488
vn -0.52850603 -0.84889087 0.00810344
vn -0.52933650 -0.84836687 0.00874728
vn -0.52709570 -0.84977701 0.00701131
vn -0.45424758 -0.89082073 0.00987755
vn -0.45407123 -0.89091206 0.00974724
vn -0.45414007 -0.89087642 0.00979811
vn -0.45396566 -0.89096671 0.00966924
vn -0.37926257 -0.92521336 0.01183772
vn -0.37926257 -0.92521336 0.01183772
vn -0.37926257 -0.92521336 0.01183772
vn -0.37234797 -0.92806720 0.00694711
vn -0.37234797 -0.92806720 0.00694711
vn -0.37234797 -0.92806720 0.00694711
vn -0.29674545 -0.95491513 0.00890178
vn -0.29674545 -0.95491513 0.00890178
vn -0.29674545 -0.95491513 0.00890178
vn -0.29619957 -0.95508816 0.00851020
vn -0.29619957 -0.95508816 0.00851020
vn -0.29619957 -0.95508816 0.00851020
vn -0.21186358 -0.97725851 0.00892372
vn -0.21374582 -0.97683559 0.01024507
vn -0.21301633 -0.97700016 0.00973287
vn -0.21487797 -0.97657850 0.01104022
vn -0.12979411 -0.99148261 0.01075735
vn -0.12798295 -0.99173070 0.00951774
vn -0.12867412 -0.99163660 0.00999076
vn -0.12683272 -0.99188570 0.00873069
vn -0.04387227 -0.99900097 0.00850226
vn -0.04387227 -0.99900097 0.00850226
vn -0.04387227 -0.99900097 0.00850226
vn -0.04793293 -0.99878568 0.01138407
vn -0.04793293 -0.99878568 0.01138407
vn -0.04793293 -0.99878568 0.01138407
vn 0.04275101 -0.99904407 0.00912668
vn 0.04157841 -0.99908562 0.00995780
vn 0.04202317 -0.99907010 0.00964257
vn 0.04082572 -0.99911120 0.01049126
vn 0.13032154 -0.99144534 0.00724106
vn 0.13032154 -0.99144534 0.00724106
vn 0.13032154 -0.99144534 0.00724106
vn 0.12238813 -0.99239668 0.01303709
vn 0.12238813 -0.99239668 0.01303709
vn 0.12238813 -0.99239668 0.01303709
vn 0.21170301 -0.97729169 0.00909836
vn 0.21090889 -0.97745775 0.00968422
vn 0.21120830 -0.97739526 0.00946335
vn 0.21039824 -0.97756399 0.01006086
vn 0.29671177 -0.95494839 0.00597478
vn 0.29671177 -0.95494839 0.00597478
vn 0.29671177 -0.95494839 0.00597478
vn 0.28872861 -0.95733284 0.01223232
vn 0.28872861 -0.95733284 0.01223232
vn 0.28872861 -0.95733284 0.01223232
vn 0.37914793 -0.92531817 0.00575540
vn 0.37914793 -0.92531817 0.00575540
vn 0.37914793 -0.92531817 0.00575540
vn 0.36819889 -0.92963149 0.01465853
vn 0.36819889 -0.92963149 0.01465853
vn 0.36819889 -0.92963149 0.01465853
vn 0.45410713 -0.89091423 0.00765137
vn 0.45138458 -0.89227413 0.00994113
vn 0.45240614 -0.89176577 0.00908263
vn 0.44962717 -0.89314337 0.01141618
vn 0.53072104 -0.84753501 0.00442534
vn 0.53072104 -0.84753501 0.00442534
vn 0.53072104 -0.84753501 0.00442534
vn 0.52036461 -0.85383116 0.01389332
vn 0.52036461 -0.85383116 0.01389332
vn 0.52036461 -0.85383116 0.01389332
vn 0.60203067 -0.79846326 0.00393646
vn 0.60203067 -0.79846326 0.00393646
vn 0.60203067 -0.79846326 0.00393646
vn 0.58870191 -0.80816983 0.01707622
vn 0.58870191 -0.80816983 0.01707622
vn 0.58870191 -0.80816983 0.01707622
vn 0.66753099 -0.74456640 0.00482359
vn 0.66753099 -0.74456640 0.00482359
vn 0.66753099 -0.74456640 0.00482359
vn 0.66831590 -0.74385535 0.00575155
vn 0.66831590 -0.74385535 0.00575155
vn 0.66831590 -0.74385535 0.00575155
vn 0.72937070 -0.68410741 -0.00392873
vn 0.72937070 -0.68410741 -0.00392873
vn 0.72937070 -0.68410741 -0.00392873
vn 0.71755204 -0.69635017 0.01468011
vn 0.71755204 -0.69635017 0.01468011
vn 0.71755204 -0.69635017 0.01468011
vn 0.13448798 -0.61627166 0.77596535
vn 0.13448798 -0.61627166 0.77596535
vn 0.13448798 -0.61627166 0.77596535
vn 0.50615318 -0.39883138 0.76468457
vn 0.50615318 -0.39883138 0.76468457
vn 0.50615318 -0.39883138 0.76468457
vn 0.62475073 -0.09502393 0.77502063
vn 0.62475073 -0.09502393 0.77502063
vn 0.62475073 -0.09502393 0.77502063
vn 0.62579988 0.01371782 0.77986302
vn 0.62579988 0.01371782 0.77986302
vn 0.62579988 0.01371782 0.77986302
vn 0.54732523 0.32456590 0.77142211
vn 0.54732523 0.32456590 0.77142211
vn 0.54732523 0.32456590 0.77142211
vn 0.56193769 0.27296847 0.78084201
vn 0.56193769 0.27296847 0.78084201
vn 0.56193769 0.27296847 0.78084201
vn 0.47968095 0.41237148 0.77450368
vn 0.47968095 0.41237148 0.77450368
vn 0.47968095 0.41237148 0.77450368
vn 0.44363951 0.45300280 0.77328678
vn 0.44363951 0.45300280 0.77328678
vn 0.44363951 0.45300280 0.77328678
vn 0.35618149 0.51828630 0.77750502
vn 0.35618149 0.51828630 0.77750502
vn 0.35618149 0.51828630 0.77750502
vn 0.16061900 0.60736809 0.77801384
vn 0.16061900 0.60736809 0.77801384
vn 0.16061900 0.60736809 0.77801384
vn -0.16106952 0.60722840 0.77802974
vn -0.16106952 0.60722840 0.77802974
vn -0.16106952 0.60722840 0.77802974
vn -0.26468142 0.57706976 0.77261520
vn -0.26468142 0.57706976 0.77261520
vn -0.26468142 0.57706976 0.77261520
vn -0.21027452 0.58643714 0.78222510
vn -0.21025012 0.58636148 0.78228838
vn -0.21199465 0.59177312 0.77772929
vn -0.54675221 0.32618866 0.77114394
vn -0.54616517 0.32586346 0.77169723
vn -0.54617668 0.32586984 0.77168638
vn -0.50726312 0.36497593 0.78068988
vn -0.50726312 0.36497593 0.78068988
vn -0.50726312 0.36497593 0.78068988
vn -0.60274372 -0.20138233 0.77210438
vn -0.60274372 -0.20138233 0.77210438
vn -0.60274372 -0.20138233 0.77210438
vn -0.60774327 -0.14680497 0.78044630
vn -0.60774327 -0.14680497 0.78044630
vn -0.60774327 -0.14680497 0.78044630
vn -0.52685706 -0.34561763 0.77651149
vn -0.52685706 -0.34561763 0.77651149
vn -0.52685706 -0.34561763 0.77651149
vn -0.45717280 -0.42884930 0.77915423
vn -0.45717280 -0.42884930 0.77915423
vn -0.45717280 -0.42884930 0.77915423
vn -0.38397918 -0.50939377 0.77011556
vn -0.38397918 -0.50939377 0.77011556
vn -0.38397918 -0.50939377 0.77011556
vn -0.41845948 -0.46608628 0.77952245
vn -0.41842317 -0.46604844 0.77956456
vn -0.42101571 -0.46875011 0.77654304
vn -0.23836120 -0.58366044 0.77622447
vn -0.23836120 -0.58366044 0.77622447
vn -0.23836120 -0.58366044 0.77622447
vn -0.28555586 -0.55790601 0.77922958
vn -0.28555586 -0.55790601 0.77922958
vn -0.28555586 -0.55790601 0.77922958
vn -0.08119065 -0.62537375 0.77609004
vn -0.08119065 -0.62537375 0.77609004
vn -0.08119065 -0.62537375 0.77609004
vn -0.02780951 -0.63995373 0.76791006
vn -0.02780951 -0.63995373 0.76791006
vn -0.02780951 -0.63995373 0.76791006
vn -0.48758972 0.49832272 0.71688962
vn -0.48643758 0.49723527 0.71842575
vn -0.48645458 0.49725132 0.71840314
vn -0.48761133 0.49834311 0.71686075
vn -0.69805144 0.13644875 0.70292668
vn -0.69805144 0.13644875 0.70292668
vn -0.69805144 0.13644875 0.70292668
vn -0.68502547 0.13443432 0.71600804
vn -0.68502547 0.13443432 0.71600804
vn -0.68502547 0.13443432 0.71600804
vn -0.44047010 0.53498888 0.72095283
vn -0.44047010 0.53498888 0.72095283
vn -0.44047010 0.53498888 0.72095283
vn -0.43745513 0.53159030 0.72528943
vn -0.43745513 0.53159030 0.72528943
vn -0.43745513 0.53159030 0.72528943
vn -0.66658211 0.19137622 0.72044669
vn -0.66658211 0.19137622 0.72044669
vn -0.66658211 0.19137622 0.72044669
vn -0.66255513 0.19038306 0.72441355
vn -0.66255513 0.19038306 0.72441355
vn -0.66255513 0.19038306 0.72441355
vn -0.38647570 0.56248075 0.73092540
vn -0.38647570 0.56248075 0.73092540
vn -0.38647570 0.56248075 0.73092540
vn -0.39154517 0.56927438 0.72292396
vn -0.39154517 0.56927438 0.72292396
vn -0.39154517 0.56927438 0.72292396
vn -0.64002629 0.24534407 0.72812954
vn -0.64002629 0.24534407 0.72812954
vn -0.64002629 0.24534407 0.72812954
vn -0.64751162 0.24788403 0.72061239
vn -0.64751162 0.24788403 0.72061239
vn -0.64751162 0.24788403 0.72061239
vn 0.08090518 -0.62121449 0.77945296
vn 0.08090518 -0.62121449 0.77945296
vn 0.08090518 -0.62121449 0.77945296
vn 0.08733356 -0.68803316 0.72040490
vn 0.08733356 -0.68803316 0.72040490
vn 0.08733356 -0.68803316 0.72040490
vn 0.23690261 -0.57985989 0.77951245
vn 0.23690261 -0.57985989 0.77951245
vn 0.23690261 -0.57985989 0.77951245
vn 0.26094499 -0.64490603 0.71833413
vn 0.26094499 -0.64490603 0.71833413
vn 0.26094499 -0.64490603 0.71833413
vn 0.41666095 -0.55342585 0.72118894
vn 0.41666095 -0.55342585 0.72118894
vn 0.41666095 -0.55342585 0.72118894
vn 0.42036894 -0.55795438 0.71552559
vn 0.42036894 -0.55795438 0.71552559
vn 0.42036894 -0.55795438 0.71552559
vn 0.45889525 -0.42984524 0.77759129
vn 0.45889525 -0.42984524 0.77759129
vn 0.45889525 -0.42984524 0.77759129
vn 0.50369762 -0.47495239 0.72160164
vn 0.50369762 -0.47495239 0.72160164
vn 0.50369762 -0.47495239 0.72160164
vn 0.54812126 -0.42959368 0.71764362
vn 0.54812126 -0.42959368 0.71764362
vn 0.54812126 -0.42959368 0.71764362
vn 0.55063697 -0.29680587 0.78019562
vn 0.55063697 -0.29680587 0.78019562
vn 0.55063697 -0.29680587 0.78019562
vn 0.61015879 -0.33172933 0.71948725
vn 0.61015879 -0.33172933 0.71948725
vn 0.61015879 -0.33172933 0.71948725
vn 0.59272123 -0.25707361 0.76327891
vn 0.59272123 -0.25707361 0.76327891
vn 0.59272123 -0.25707361 0.76327891
vn 0.64271090 -0.27673035 0.71438296
vn 0.64271090 -0.27673035 0.71438296
vn 0.64271090 -0.27673035 0.71438296
vn 0.61199547 -0.14560682 0.77734175
vn 0.61199547 -0.14560682 0.77734175
vn 0.61199547 -0.14560682 0.77734175
vn 0.76674819 -0.18895242 0.61350974
vn 0.76674819 -0.18895242 0.61350974
vn 0.76674819 -0.18895242 0.61350974
vn 0.68832336 0.01299203 0.72528764
vn 0.68832336 0.01299203 0.72528764
vn 0.68832336 0.01299203 0.72528764
vn 0.66582948 0.19135352 0.72114834
vn 0.66582948 0.19135352 0.72114834
vn 0.66582948 0.19135352 0.72114834
vn 0.65757846 0.18862308 0.72939146
vn 0.65757846 0.18862308 0.72939146
vn 0.65757846 0.18862308 0.72939146
vn 0.62069605 0.29905967 0.72477564
vn 0.62069605 0.29905967 0.72477564
vn 0.62069605 0.29905967 0.72477564
vn 0.67218553 0.40525707 0.61962353
vn 0.67218553 0.40525707 0.61962353
vn 0.67218553 0.40525707 0.61962353
vn 0.46770036 0.40138954 0.78749146
vn 0.46770036 0.40138954 0.78749146
vn 0.46770036 0.40138954 0.78749146
vn 0.48681928 0.50002650 0.71622657
vn 0.48681928 0.50002650 0.71622657
vn 0.48681928 0.50002650 0.71622657
vn 0.38411747 0.55618989 0.73695765
vn 0.38411747 0.55618989 0.73695765
vn 0.38411747 0.55618989 0.73695765
vn 0.21188754 0.59191819 0.77764807
vn 0.21188754 0.59191819 0.77764807
vn 0.21188754 0.59191819 0.77764807
vn 0.23046956 0.63884604 0.73400239
vn 0.23046956 0.63884604 0.73400239
vn 0.23046956 0.63884604 0.73400239
vn 0.05919638 0.68699317 0.72424869
vn 0.05919638 0.68699317 0.72424869
vn 0.05919638 0.68699317 0.72424869
vn 0.05963389 0.69639705 0.71517477
vn 0.05963389 0.69639705 0.71517477
vn 0.05963389 0.69639705 0.71517477
vn -0.05862405 0.68692480 0.72436009
vn -0.05862405 0.68692480 0.72436009
vn -0.05862405 0.68692480 0.72436009
vn -0.06542184 0.74039048 0.66898574
vn -0.06542184 0.74039048 0.66898574
vn -0.06542184 0.74039048 0.66898574
vn 0.01129173 -0.06410271 -0.99787942
vn 0.01129173 -0.06410271 -0.99787942
vn 0.01129173 -0.06410271 -0.99787942
vn -0.12808469 0.73611392 0.66462818
vn -0.12808469 0.73611392 0.66462818
vn -0.12808469 0.73611392 0.66462818
vn -0.12649453 0.72894344 0.67278570
vn -0.12649453 0.72894344 0.67278570
vn -0.12649453 0.72894344 0.67278570
vn -0.21202233 0.59185900 0.77765638
vn -0.29218933 0.63214789 0.71764507
vn -0.29218933 0.63214789 0.71764507
vn -0.29218933 0.63214789 0.71764507
vn -0.55863328 0.40467331 0.72399473
vn -0.55863328 0.40467331 0.72399473
vn -0.55863328 0.40467331 0.72399473
vn -0.54676003 0.32619299 0.77113657
vn -0.68961553 0.01485828 0.72402324
vn -0.69131382 0.01482907 0.72240245
vn -0.69128235 0.01482961 0.72243256
vn -0.68958325 0.01485884 0.72405398
vn -0.69252635 -0.04463282 0.72001053
vn -0.69252635 -0.04463282 0.72001053
vn -0.69252635 -0.04463282 0.72001053
vn -0.69773719 -0.04517543 0.71492796
vn -0.69773719 -0.04517543 0.71492796
vn -0.69773719 -0.04517543 0.71492796
vn -0.67145177 -0.15990684 0.72358989
vn -0.67145177 -0.15990684 0.72358989
vn -0.67145177 -0.15990684 0.72358989
vn -0.55096672 -0.29959335 0.77889633
vn -0.55096672 -0.29959335 0.77889633
vn -0.55096672 -0.29959335 0.77889633
vn -0.70468335 -0.37551222 0.60200660
vn -0.70468335 -0.37551222 0.60200660
vn -0.70468335 -0.37551222 0.60200660
vn -0.50606730 -0.47173509 0.72205394
vn -0.50606730 -0.47173509 0.72205394
vn -0.50606730 -0.47173509 0.72205394
vn -0.31743412 -0.61536391 0.72150041
vn -0.31743412 -0.61536391 0.72150041
vn -0.31743412 -0.61536391 0.72150041
vn -0.13354891 -0.61221588 0.77933074
vn -0.13354891 -0.61221588 0.77933074
vn -0.13354891 -0.61221588 0.77933074
vn -0.15001031 -0.67712845 0.72041236
vn -0.15001031 -0.67712845 0.72041236
vn -0.15001031 -0.67712845 0.72041236
vn 0.03038586 -0.69891422 0.71455974
vn 0.03038586 -0.69891422 0.71455974
vn 0.03038586 -0.69891422 0.71455974
vn 0.02977870 -0.69152574 0.72173775
vn 0.02977870 -0.69152574 0.72173775
vn 0.02977870 -0.69152574 0.72173775
vn 0.14945329 -0.67536993 0.72217669
vn 0.14945329 -0.67536993 0.72217669
vn 0.14945329 -0.67536993 0.72217669
vn 0.20810053 -0.66985271 0.71273523
vn 0.20810053 -0.66985271 0.71273523
vn 0.20810053 -0.66985271 0.71273523
vn 0.20715885 -0.66720105 0.71549142
vn 0.20715885 -0.66720105 0.71549142
vn 0.20715885 -0.66720105 0.71549142
vn 0.28734822 -0.56170666 0.77583286
vn 0.28734822 -0.56170666 0.77583286
vn 0.28734822 -0.56170666 0.77583286
vn 0.31850751 -0.61789566 0.71885876
vn 0.31850751 -0.61789566 0.71885876
vn 0.31850751 -0.61789566 0.71885876
vn 0.37091871 -0.59244222 0.71514441
vn 0.37091871 -0.59244222 0.71514441
vn 0.37091871 -0.59244222 0.71514441
vn 0.37356440 -0.59631268 0.71053559
vn 0.37356440 -0.59631268 0.71053559
vn 0.37356440 -0.59631268 0.71053559
vn 0.46191456 -0.51455653 0.72240330
vn 0.46191456 -0.51455653 0.72240330
vn 0.46191456 -0.51455653 0.72240330
vn 0.46410066 -0.51680515 0.71939073
vn 0.46410066 -0.51680515 0.71939073
vn 0.46410066 -0.51680515 0.71939073
vn 0.57987632 -0.38063884 0.72031766
vn 0.57987632 -0.38063884 0.72031766
vn 0.57987632 -0.38063884 0.72031766
vn 0.57533075 -0.37790575 0.72538387
vn 0.57533075 -0.37790575 0.72538387
vn 0.57533075 -0.37790575 0.72538387
vn 0.74927590 -0.24799594 0.61407137
vn 0.74927590 -0.24799594 0.61407137
vn 0.74927590 -0.24799594 0.61407137
vn 0.65798573 -0.22188113 0.71959957
vn 0.65798573 -0.22188113 0.71959957
vn 0.65798573 -0.22188113 0.71959957
vn 0.67636679 -0.10111354 0.72959168
vn 0.67636679 -0.10111354 0.72959168
vn 0.67636679 -0.10111354 0.72959168
vn 0.69524816 -0.04485925 0.71736855
vn 0.69524816 -0.04485925 0.71736855
vn 0.69524816 -0.04485925 0.71736855
vn 0.69161026 -0.04476278 0.72088247
vn 0.69161026 -0.04476278 0.72088247
vn 0.69161026 -0.04476278 0.72088247
vn 0.62760806 0.06752920 0.77559521
vn 0.62760806 0.06752920 0.77559521
vn 0.62760806 0.06752920 0.77559521
vn 0.68792659 0.07605417 0.72178443
vn 0.68792659 0.07605417 0.72178443
vn 0.68792659 0.07605417 0.72178443
vn 0.68914332 0.13455372 0.71202302
vn 0.68914332 0.13455372 0.71202302
vn 0.68914332 0.13455372 0.71202302
vn 0.70093566 0.13737617 0.69986926
vn 0.70093566 0.13737617 0.69986926
vn 0.70093566 0.13737617 0.69986926
vn 0.64637869 0.24800068 0.72158870
vn 0.64637869 0.24800068 0.72158870
vn 0.64637869 0.24800068 0.72158870
vn 0.63806282 0.24445875 0.73014777
vn 0.63806282 0.24445875 0.73014777
vn 0.63806282 0.24445875 0.73014777
vn 0.63662539 0.45364846 0.62362744
vn 0.63662539 0.45364846 0.62362744
vn 0.63662539 0.45364846 0.62362744
vn 0.50866448 0.36835875 0.77818525
vn 0.50866448 0.36835875 0.77818525
vn 0.50866448 0.36835875 0.77818525
vn 0.43255488 0.52500930 0.73298125
vn 0.43255488 0.52500930 0.73298125
vn 0.43255488 0.52500930 0.73298125
vn 0.43773385 0.53183545 0.72494147
vn 0.43773385 0.53183545 0.72494147
vn 0.43773385 0.53183545 0.72494147
vn 0.31034116 0.54602817 0.77816553
vn 0.31034116 0.54602817 0.77816553
vn 0.31034116 0.54602817 0.77816553
vn 0.33941284 0.60140322 0.72326558
vn 0.33941284 0.60140322 0.72326558
vn 0.33941284 0.60140322 0.72326558
vn 0.29024115 0.63205097 0.71852045
vn 0.28891874 0.62884655 0.72185731
vn 0.28893871 0.62889491 0.72180719
vn 0.29026603 0.63211127 0.71845736
vn 0.17250511 0.65919895 0.73191443
vn 0.17250511 0.65919895 0.73191443
vn 0.17250511 0.65919895 0.73191443
vn 0.11965795 0.68967389 0.71416518
vn 0.11965795 0.68967389 0.71416518
vn 0.11965795 0.68967389 0.71416518
vn 0.11828928 0.67956979 0.72401142
vn 0.11828928 0.67956979 0.72401142
vn 0.11828928 0.67956979 0.72401142
vn -0.00005053 0.69140138 0.72247085
vn -0.00006267 0.69170517 0.72218000
vn -0.00006245 0.69169978 0.72218516
vn -0.00005032 0.69139633 0.72247569
vn -0.18309756 0.70372403 0.68647489
vn -0.18309756 0.70372403 0.68647489
vn -0.18309756 0.70372403 0.68647489
vn -0.33936060 0.59775728 0.72630614
vn -0.33936060 0.59775728 0.72630614
vn -0.33936060 0.59775728 0.72630614
vn -0.34224293 0.60239642 0.72110217
vn -0.34224293 0.60239642 0.72110217
vn -0.34224293 0.60239642 0.72110217
vn -0.52454002 0.45016443 0.72264082
vn -0.52454002 0.45016443 0.72264082
vn -0.52454002 0.45016443 0.72264082
vn -0.51509222 0.44264267 0.73399419
vn -0.51509222 0.44264267 0.73399419
vn -0.51509222 0.44264267 0.73399419
vn -0.56184663 0.27307616 0.78086989
vn -0.56184663 0.27307616 0.78086989
vn -0.56184663 0.27307616 0.78086989
vn -0.62569161 0.30141528 0.71948512
vn -0.62569161 0.30141528 0.71948512
vn -0.62569161 0.30141528 0.71948512
vn -0.68930939 0.07436766 0.72064001
vn -0.68825224 0.07429804 0.72165688
vn -0.68827225 0.07429936 0.72163766
vn -0.68932507 0.07436869 0.72062490
vn -0.68301198 -0.10399057 0.72296653
vn -0.68301198 -0.10399057 0.72296653
vn -0.68301198 -0.10399057 0.72296653
vn -0.67809921 -0.10304811 0.72771048
vn -0.67809921 -0.10304811 0.72771048
vn -0.67809921 -0.10304811 0.72771048
vn -0.65604694 -0.22119800 0.72157735
vn -0.65604694 -0.22119800 0.72157735
vn -0.65604694 -0.22119800 0.72157735
vn -0.73846016 -0.32324855 0.59176598
vn -0.73846016 -0.32324855 0.59176598
vn -0.73846016 -0.32324855 0.59176598
vn -0.64058923 -0.27561087 0.71671758
vn -0.64058923 -0.27561087 0.71671758
vn -0.64058923 -0.27561087 0.71671758
vn -0.57770227 -0.38144899 0.72163478
vn -0.57770227 -0.38144899 0.72163478
vn -0.57770227 -0.38144899 0.72163478
vn -0.55066004 -0.43389947 0.71309521
vn -0.55066004 -0.43389947 0.71309521
vn -0.55066004 -0.43389947 0.71309521
vn -0.54747636 -0.43118158 0.71718344
vn -0.54747636 -0.43118158 0.71718344
vn -0.54747636 -0.43118158 0.71718344
vn -0.42105604 -0.46879213 0.77649581
vn -0.41583304 -0.55477805 0.72062764
vn -0.41583304 -0.55477805 0.72062764
vn -0.41583304 -0.55477805 0.72062764
vn -0.37109223 -0.59270586 0.71483587
vn -0.37226435 -0.59475554 0.71252024
vn -0.37224560 -0.59472275 0.71255741
vn -0.37106764 -0.59266287 0.71488428
vn -0.26003449 -0.64222851 0.72105797
vn -0.26003449 -0.64222851 0.72105797
vn -0.26003449 -0.64222851 0.72105797
vn -0.20785591 -0.66929818 0.71332732
vn -0.20785591 -0.66929818 0.71332732
vn -0.20785591 -0.66929818 0.71332732
vn -0.20724810 -0.66702634 0.71562846
vn -0.20724810 -0.66702634 0.71562846
vn -0.20724810 -0.66702634 0.71562846
vn -0.08080057 -0.62138416 0.77932856
vn -0.08080057 -0.62138416 0.77932856
vn -0.08080057 -0.62138416 0.77932856
vn -0.02828258 -0.69106518 0.72223889
vn -0.02828258 -0.69106518 0.72223889
vn -0.02828258 -0.69106518 0.72223889
vn -0.59397754 -0.80447834 0.00229869
vn -0.59446945 -0.80411432 0.00249453
vn -0.59462624 -0.80399820 0.00255697
vn 0.80459577 0.59381933 0.00206266
vn 0.80459577 0.59381933 0.00206266
vn 0.80459577 0.59381933 0.00206266
vn 0.11254705 -0.99364284 0.00265744
vn 0.11210328 -0.99369261 0.00280286
vn 0.11196302 -0.99370829 0.00284882
vn -0.75797021 -0.65228623 0.00195667
vn -0.75797021 -0.65228623 0.00195667
vn -0.75797021 -0.65228623 0.00195667
vn -0.91634906 0.40037322 0.00238258
vn -0.91570865 0.40183238 0.00289747
vn -0.91550617 0.40229228 0.00305984
vn 0.98256504 -0.18590889 0.00195717
vn 0.98256504 -0.18590889 0.00195717
vn 0.98256504 -0.18590889 0.00195717
vn 0.96600859 -0.25850175 0.00205859
vn 0.96627241 -0.25751113 0.00237667
vn 0.96592391 -0.25881878 0.00195678
vn -0.94388136 -0.33027869 0.00198923
vn -0.94388136 -0.33027869 0.00198923
vn -0.94388136 -0.33027869 0.00198923
vn 0.99371000 0.11196273 0.00218714
vn 0.99371000 0.11196273 0.00218714
vn 0.99371000 0.11196273 0.00218714
vn 0.18591067 0.98256421 0.00218760
vn 0.18591067 0.98256421 0.00218760
vn 0.18591067 0.98256421 0.00218760
vn 0.11196217 0.99370935 0.00248935
vn -0.96592367 -0.25881785 0.00218781
vn 0.98260433 0.18569372 0.00256208
vn 0.98257312 0.18585955 0.00250732
vn 0.98256320 0.18591222 0.00248993
vn 0.99929868 -0.03739246 0.00198868
vn 0.99929868 -0.03739246 0.00198868
vn 0.99929868 -0.03739246 0.00198868
vn 0.25829005 0.96606507 0.00212668
vn 0.25664426 0.96650229 0.00265505
vn 0.25881916 0.96592381 0.00195676
vn -0.10912432 0.99402286 0.00323182
vn -0.10845893 0.99409497 0.00344346
vn -0.11128590 0.99378518 0.00254416
vn 0.96583914 0.25913417 0.00205850
vn 0.96557261 0.26012283 0.00237621
vn 0.96592422 0.25881764 0.00195680
vn -0.70749320 0.70671695 0.00212698
vn -0.70869471 0.70551028 0.00265533
vn -0.70710633 0.70710452 0.00195707
vn 0.59381805 0.80459596 0.00233802
vn 0.59381805 0.80459596 0.00233802
vn 0.59381805 0.80459596 0.00233802
vn -0.98258935 0.18577267 0.00258460
vn -0.98256920 0.18587877 0.00261886
vn -0.98256297 0.18591152 0.00262944
vn 0.99927315 0.03802886 0.00264039
vn 0.99929102 0.03754510 0.00279802
vn 0.99929659 0.03739272 0.00284768
vn -0.65191286 -0.75829129 0.00198579
vn -0.65072892 -0.75930610 0.00247379
vn -0.65228634 -0.75797043 0.00183169
vn -0.65206406 0.75815947 0.00258424
vn -0.65223154 0.75801564 0.00251260
vn -0.65228401 0.75797056 0.00249015
vn 0.18658816 -0.98243529 0.00239993
vn 0.18870913 -0.98202824 0.00306504
vn 0.18591298 -0.98256378 0.00218827
vn 0.03739209 0.99929876 0.00195636
vn 0.03739209 0.99929876 0.00195636
vn 0.03739209 0.99929876 0.00195636
vn -0.25881801 -0.96592252 0.00262983
vn 0.25860552 -0.96597962 0.00256178
vn 0.25876695 -0.96593653 0.00250755
vn 0.25881822 -0.96592284 0.00249033
vn -0.46726930 -0.88411211 0.00227767
vn -0.46726930 -0.88411211 0.00227767
vn -0.46726930 -0.88411211 0.00227767
vn -0.88420062 0.46710039 0.00254604
vn -0.88448767 0.46655554 0.00273654
vn -0.88411292 0.46726669 0.00248788
vn -0.99927179 -0.03808051 0.00239986
vn -0.99918537 -0.04023933 0.00306524
vn -0.99929823 -0.03739343 0.00218810
vn -0.99929901 0.03739165 0.00183190
vn -0.99929901 0.03739165 0.00183190
vn -0.99929901 0.03739165 0.00183190
vn 0.65235478 0.75791005 0.00236734
vn 0.65257883 0.75771684 0.00246114
vn 0.65264972 0.75765569 0.00249082
vn -0.11196408 0.99370953 0.00232837
vn -0.11146760 -0.99376608 0.00198882
vn -0.10993191 -0.99393605 0.00247235
vn -0.11196560 -0.99371039 0.00183200
vn 0.99375548 -0.11155572 0.00231458
vn 0.99389602 -0.11028769 0.00270749
vn 0.99370987 -0.11196383 0.00218811
vn -0.96610096 0.25815341 0.00239956
vn -0.96665451 0.25606573 0.00306473
vn -0.96592375 0.25881754 0.00218787
vn 0.70710558 -0.70710309 0.00262967
vn -0.33027740 -0.94388138 0.00218751
vn -0.33027740 -0.94388138 0.00218751
vn -0.33027740 -0.94388138 0.00218751
vn -0.39959747 -0.91668750 0.00242631
vn -0.39867953 -0.91708623 0.00273457
vn -0.39989055 -0.91655994 0.00232786
vn 0.53184471 -0.84683803 0.00256199
vn 0.53198639 -0.84674919 0.00250772
vn 0.53203139 -0.84672097 0.00249048
vn 0.91656128 -0.39988608 0.00255705
vn 0.91656634 -0.39987447 0.00256104
vn 0.91655966 -0.39988981 0.00255577
vn 0.94401678 -0.32988903 0.00235571
vn 0.94391375 -0.33018299 0.00245680
vn 0.94388015 -0.33027876 0.00248973
vn 0.59325387 0.80501136 0.00256013
vn 0.59325387 0.80501136 0.00256013
vn 0.59325387 0.80501136 0.00256013
vn 0.40039273 -0.91634117 0.00212694
vn 0.40195237 -0.91565672 0.00265541
vn 0.39989091 -0.91656065 0.00195700
vn 0.94370018 0.33079517 0.00212661
vn 0.94313357 0.33240340 0.00265567
vn 0.94388176 0.33027775 0.00195646
vn -0.59381936 0.80459593 0.00198937
vn -0.59381936 0.80459593 0.00198937
vn -0.59381936 0.80459593 0.00198937
vn 0.91628413 0.40052171 0.00239991
vn 0.91541556 0.40249840 0.00306484
vn 0.91655956 0.39989222 0.00218830
vn -0.25942258 0.96576178 0.00202721
vn -0.26127845 0.96525989 0.00262889
vn -0.25881951 0.96592396 0.00183177
vn -0.18611765 -0.98252482 0.00228052
vn -0.18675395 -0.98240356 0.00248983
vn -0.18695740 -0.98236469 0.00255676
vn -0.84683854 -0.53184389 0.00256152
vn -0.84674937 -0.53198611 0.00250704
vn -0.84672104 -0.53203128 0.00248974
vn 0.59382024 -0.80459536 0.00195744
vn 0.59382024 -0.80459536 0.00195744
vn 0.59382024 -0.80459536 0.00195744
vn -0.18580666 0.98258376 0.00224633
vn -0.18549066 0.98264322 0.00235023
vn -0.18538884 0.98266235 0.00238371
vn 0.46744218 0.88402066 0.00229802
vn 0.46798266 0.88373413 0.00249379
vn 0.46815493 0.88364270 0.00255621
vn -0.53237963 0.84650255 0.00231444
vn -0.53346004 0.84582093 0.00270786
vn -0.53203167 0.84672163 0.00218780
vn -0.80459606 0.59381730 0.00249010
vn -0.80459643 -0.59381880 0.00195660
vn -0.80459643 -0.59381880 0.00195660
vn -0.80459643 -0.59381880 0.00195660
vn 0.53137011 0.84713643 0.00238146
vn 0.53187272 0.84682041 0.00256980
vn 0.53203193 0.84672021 0.00262947
vn 0.88404641 0.46739197 0.00258493
vn 0.88409699 0.46729610 0.00261931
vn 0.88411261 0.46726650 0.00262993
vn -0.98246208 -0.18645035 0.00212658
vn -0.98214174 -0.18812375 0.00265522
vn -0.98256444 -0.18591208 0.00195658
vn -0.94408759 0.32968851 0.00202732
vn -0.94471820 0.32787286 0.00262883
vn -0.94388193 0.33027798 0.00183194
vn -0.84705897 0.53149456 0.00215392
vn -0.84811422 0.52980618 0.00277169
vn -0.84672186 0.53203221 0.00195703
vn -0.70979447 -0.70440042 0.00344496
vn -0.70979447 -0.70440042 0.00344496
vn -0.70979447 -0.70440042 0.00344496
vn 0.33048757 0.94380687 0.00256192
vn 0.33032880 0.94386259 0.00250731
vn 0.33027837 0.94388029 0.00248997
vn 0.80459660 -0.59381820 0.00206246
vn 0.80459660 -0.59381820 0.00206246
vn 0.80459660 -0.59381820 0.00206246
vn -0.33092647 0.94365349 0.00239992
vn -0.33296406 0.94293454 0.00306534
vn -0.33027767 0.94388128 0.00218815
vn 0.84682607 0.53186495 0.00229845
vn 0.84715099 0.53134639 0.00249429
vn 0.84725451 0.53118101 0.00255673
vn -0.04343261 -0.99905434 0.00200643
vn -0.04243966 -0.99909770 0.00163173
vn -0.04205901 -0.99911402 0.00148809
vn 0.70710553 0.70710532 0.00195693
vn 0.70710553 0.70710532 0.00195693
vn 0.70710553 0.70710532 0.00195693
vn 0.33058818 -0.94377286 0.00205921
vn 0.33155405 -0.94343323 0.00237688
vn 0.33027894 -0.94388134 0.00195752
vn -0.88379069 -0.46787632 0.00239998
vn -0.88277683 -0.46978258 0.00306493
vn -0.88411241 -0.46726915 0.00218836
vn 0.39918897 0.91686578 0.00230317
vn 0.39704923 0.91779228 0.00303862
vn 0.39988923 0.91656115 0.00206230
vn -0.99368615 0.11217236 0.00228053
vn -0.99361276 0.11281612 0.00248989
vn -0.99358920 0.11302195 0.00255683
vn -0.39989179 0.91655897 0.00248959
vn -0.53155046 -0.84702366 0.00224126
vn -0.53008898 -0.84793745 0.00278491
vn -0.53202989 -0.84672306 0.00206278
vn -0.46775331 0.88385651 0.00212667
vn -0.46925748 0.88305740 0.00265516
vn -0.46726925 0.88411290 0.00195670
vn -0.03804704 0.99927209 0.00277579
vn -0.04018655 0.99918632 0.00342771
vn -0.03739266 0.99929733 0.00257640
vn -0.70710448 -0.70710562 0.00221226
vn -0.70710448 -0.70710562 0.00221226
vn -0.70710448 -0.70710562 0.00221226
vn 0.88411352 -0.46726808 0.00195702
vn 0.88411352 -0.46726808 0.00195702
vn 0.88411352 -0.46726808 0.00195702
vn 0.75796898 0.65228585 0.00249004
vn 0.75784154 -0.65243461 0.00229850
vn 0.75744185 -0.65289786 0.00249431
vn 0.75731435 -0.65304551 0.00255674
vn -0.75841804 0.65176401 0.00239955
vn -0.75982361 0.65012205 0.00306520
vn -0.75796990 0.65228586 0.00218770
vn -0.91630365 -0.40047554 0.00264050
vn -0.91649797 -0.40002956 0.00279891
vn -0.91655912 -0.39988906 0.00284881
vn -0.99373958 -0.11169150 0.00257884
vn -0.59381871 -0.80459577 0.00223547
vn 0.80231300 0.59689459 0.00327066
vn 0.80231300 0.59689459 0.00327066
vn 0.80231300 0.59689459 0.00327066
vn 0.11268642 -0.99362717 0.00261177
vn -0.75445025 -0.65634723 0.00362411
vn -0.75445025 -0.65634723 0.00362411
vn -0.75445025 -0.65634723 0.00362411
vn -0.91656014 0.39989076 0.00221241
vn 0.98307853 -0.18316282 0.00282400
vn 0.98307853 -0.18316282 0.00282400
vn 0.98307853 -0.18316282 0.00282400
vn 0.96635666 -0.25719384 0.00247852
vn -0.94218148 -0.33508431 0.00354470
vn -0.94218148 -0.33508431 0.00354470
vn -0.94218148 -0.33508431 0.00354470
vn 0.99330597 0.11546662 0.00327340
vn 0.99330597 0.11546662 0.00327340
vn 0.99330597 0.11546662 0.00327340
vn 0.18244533 0.98321055 0.00327323
vn 0.18244533 0.98321055 0.00327323
vn 0.18244533 0.98321055 0.00327323
vn 0.98261412 0.18564171 0.00257926
vn 0.25611885 0.96664118 0.00282368
vn 0.96548702 0.26043937 0.00247794
vn -0.70907768 0.70512472 0.00282394
vn -0.98259564 0.18573954 0.00257391
vn 0.99926750 0.03818057 0.00259095
vn -0.65035481 -0.75962604 0.00262784
vn -0.65201176 0.75820437 0.00260661
vn 0.18937189 -0.98189998 0.00327293
vn 0.03317127 0.99944434 0.00326675
vn 0.03317127 0.99944434 0.00326675
vn 0.03317127 0.99944434 0.00326675
vn 0.25855488 -0.96599313 0.00257878
vn -0.46554716 -0.88501841 0.00287432
vn -0.46554716 -0.88501841 0.00287432
vn -0.46554716 -0.88501841 0.00287432
vn -0.88457657 0.46638662 0.00279558
vn -0.99915731 -0.04091409 0.00327322
vn -0.99940988 0.03423352 0.00282089
vn -0.99940988 0.03423352 0.00282089
vn -0.99940988 0.03423352 0.00282089
vn 0.65228470 0.75797045 0.00233801
vn -0.10943671 -0.99399029 0.00262824
vn 0.99394056 -0.10988237 0.00283307
vn -0.96682653 0.25541289 0.00327264
vn -0.32694670 -0.94503711 0.00327327
vn -0.32694670 -0.94503711 0.00327327
vn -0.32694670 -0.94503711 0.00327327
vn -0.39838473 -0.91721403 0.00283353
vn 0.53180027 -0.84686588 0.00257901
vn 0.91656794 -0.39987078 0.00256231
vn 0.94404962 -0.32979528 0.00232347
vn 0.40244985 -0.91543768 0.00282406
vn 0.94295211 0.33291643 0.00282451
vn -0.59791016 0.80155529 0.00354473
vn -0.59791016 0.80155529 0.00354473
vn -0.59791016 0.80155529 0.00354473
vn 0.91514311 0.40311585 0.00327268
vn -0.26187101 0.96509876 0.00282107
vn -0.18590977 -0.98256433 0.00221215
vn -0.84686651 -0.53179927 0.00257861
vn 0.59720704 -0.80208047 0.00326632
vn 0.59720704 -0.80208047 0.00326632
vn 0.59720704 -0.80208047 0.00326632
vn -0.18591066 0.98256416 0.00221214
vn 0.46726769 0.88411307 0.00223483
vn -0.53380514 0.84560277 0.00283360
vn -0.80359658 -0.59516921 0.00247795
vn -0.80359658 -0.59516921 0.00247795
vn -0.80359658 -0.59516921 0.00247795
vn 0.53121053 0.84723667 0.00232168
vn 0.88403062 0.46742190 0.00257420
vn -0.98203885 -0.18865766 0.00282393
vn -0.94491881 0.32729266 0.00282095
vn -0.84844745 0.52927132 0.00296721
vn 0.33053737 0.94378938 0.00257904
vn 0.80686171 -0.59073132 0.00327009
vn 0.80686171 -0.59073132 0.00327009
vn 0.80686171 -0.59073132 0.00327009
vn -0.33360060 0.94270882 0.00327333
vn 0.84672112 0.53203228 0.00223523
vn -0.04374544 -0.99904045 0.00212448
vn 0.70479839 0.70940146 0.00296687
vn 0.70479839 0.70940146 0.00296687
vn 0.70479839 0.70940146 0.00296687
vn 0.33186326 -0.94332425 0.00247860
vn -0.88245899 -0.47037796 0.00327278
vn 0.39637543 0.91808269 0.00327004
vn -0.99371002 0.11196205 0.00221214
vn -0.52962216 -0.84822852 0.00295842
vn -0.46973721 0.88280178 0.00282382
vn -0.04084574 0.99915888 0.00362858
vn 0.88512029 -0.46535489 0.00262780
vn 0.88512029 -0.46535489 0.00262780
vn 0.88512029 -0.46535489 0.00262780
vn 0.75797049 -0.65228501 0.00223529
vn -0.76026218 0.64960812 0.00327327
vn -0.91624265 -0.40061539 0.00259082
f 1//1 2//2 3//3
f 4//4 5//5 3//3
f 6//6 7//7 3//3
f 8//8 9//9 10//10
f 2//2 11//11 3//3
f 12//12 6//6 3//3
f 13//13 14//14 3//3
f 15//15 1//1 3//3
f 11//11 13//13 3//3
f 7//7 16//16 3//3
f 17//17 18//18 10//10
f 19//19 8//8 10//10
f 16//16 20//20 3//3
f 21//21 22//22 10//10
f 23//23 24//24 10//10
f 25//25 26//26 10//10
f 27//27 28//28 29//29
f 30//30 31//31 29//29
f 31//31 32//32 29//29
f 28//28 33//33 29//29
f 34//34 27//27 29//29
f 22//22 35//35 10//10
f 18//18 36//36 10//10
f 24//24 21//21 10//10
f 37//37 38//38 10//10
f 26//26 17//17 10//10
f 38//38 19//19 10//10
f 36//36 23//23 10//10
f 9//9 25//25 10//10
f 39//39 40//40 29//29
f 41//41 42//42 43//43
f 44//44 41//41 43//43
f 42//42 45//45 43//43
f 45//45 46//46 43//43
f 47//47 34//34 29//29
f 48//48 49//49 43//43
f 50//50 51//51 43//43
f 52//52 39//39 29//29
f 40//40 53//53 29//29
f 54//54 50//50 43//43
f 32//32 55//55 29//29
f 55//55 56//56 29//29
f 33//33 57//57 29//29
f 56//56 52//52 29//29
f 58//58 59//59 43//43
f 60//60 48//48 43//43
f 61//61 62//62 43//43
f 59//59 44//44 43//43
f 46//46 54//54 43//43
f 49//49 61//61 43//43
f 51//51 60//60 43//43
f 57//57 30//30 29//29
f 63//63 12//12 3//3
f 5//5 63//63 3//3
f 20//20 15//15 3//3
f 64//64 4//4 3//3
f 65//65 66//66 67//67
f 68//68 69//69 70//70
f 71//71 72//72 73//73
f 74//74 75//75 76//76
f 77//77 78//78 79//79
f 80//80 81//81 82//82
f 83//83 84//84 85//85
f 86//86 87//87 88//88
f 89//89 90//90 91//91
f 92//92 93//93 94//94
f 95//95 96//96 97//97
f 98//98 99//99 100//100
f 101//101 102//102 103//103
f 104//104 105//105 106//106
f 107//107 108//108 109//109
f 110//110 111//111 112//112
f 113//113 114//114 115//115
f 116//116 117//117 118//118
f 119//119 120//120 121//121
f 122//122 123//123 124//124
f 125//125 126//126 127//127
f 128//128 129//129 130//130
f 131//131 132//132 133//133
f 134//134 135//135 136//136
f 137//137 138//138 139//139
f 140//140 141//141 142//142
f 143//143 144//144 145//145
f 146//146 147//147 148//148
f 149//149 150//150 151//151
f 152//152 153//153 154//154
f 155//155 156//156 157//157
f 158//158 159//159 160//160
f 161//161 162//162 163//163
f 164//164 165//165 166//166
f 167//167 168//168 169//169
f 170//170 171//171 172//172
f 173//173 174//174 175//175
f 176//176 177//177 178//178
f 179//179 180//180 181//181
f 182//182 183//183 184//184
f 185//185 186//186 187//187
f 188//188 189//189 190//190
f 191//191 192//192 193//193
f 194//194 195//195 196//196
f 197//197 198//198 199//199
f 200//200 201//201 202//202
f 203//203 204//204 205//205
f 206//206 207//207 208//208
f 209//209 210//210 211//211
f 212//212 213//213 214//214
f 215//215 216//216 217//217
f 218//218 219//219 220//220
f 221//221 222//222 223//223
f 224//224 225//225 226//226
f 227//227 228//228 229//229
f 230//230 231//231 232//232
f 233//233 234//234 235//235
f 236//236 237//237 238//238
f 239//239 240//240 241//241
f 242//242 243//243 244//244
f 245//245 246//246 247//247
f 248//248 249//249 250//250
f 251//251 252//252 253//253
f 254//254 255//255 256//256
f 257//257 258//258 259//259
f 260//260 261//261 262//262
f 263//263 264//264 265//265
f 266//266 267//267 268//268
f 269//269 270//270 271//271
f 272//272 273//273 274//274
f 275//275 276//276 277//277
f 278//278 279//279 280//280
f 281//281 282//282 283//283
f 284//284 285//285 286//286
f 287//287 288//288 289//289
f 290//290 291//291 292//292
f 293//293 294//294 295//295
f 296//296 297//297 298//298
f 299//299 300//300 301//301
f 302//302 303//303 304//304
f 305//305 306//306 307//307
f 308//308 309//309 310//310
f 311//311 312//312 313//313
f 314//314 315//315 316//316
f 317//317 318//318 319//319
f 320//320 321//321 322//322
f 323//323 324//324 325//325
f 326//326 327//327 328//328
f 329//329 330//330 331//331
f 332//332 333//333 334//334
f 335//335 336//336 337//337
f 338//338 339//339 340//340
f 341//341 342//342 343//343
f 344//344 345//345 346//346
f 347//347 348//348 349//349
f 350//350 351//351 352//352
f 353//353 354//354 355//355
f 356//356 357//357 358//358
f 359//359 360//360 361//361
f 362//362 363//363 364//364
f 365//365 366//366 367//367
f 368//368 369//369 370//370
f 371//371 372//372 373//373
f 374//374 375//375 376//376
f 377//377 378//378 379//379
f 380//380 381//381 382//382
f 383//383 384//384 385//385
f 386//386 387//387 388//388
f 389//389 390//390 391//391
f 392//392 393//393 394//394
f 395//395 396//396 397//397
f 398//398 399//399 400//400
f 401//401 402//402 403//403
f 404//404 405//405 406//406
f 407//407 408//408 409//409
f 410//410 411//411 412//412
f 413//413 414//414 415//415
f 416//416 417//417 418//418
f 419//419 420//420 421//421
f 422//422 423//423 424//424
f 425//425 426//426 427//427
f 428//428 429//429 430//430
f 431//431 432//432 433//433
f 434//434 435//435 436//436
f 437//437 438//438 439//439
f 437//437 439//439 440//440
f 437//437 440//440 441//441
f 441//441 440//440 442//442
f 441//441 442//442 443//443
f 443//443 442//442 444//444
f 443//443 444//444 445//445
f 445//445 444//444 446//446
f 445//445 446//446 447//447
f 445//445 447//447 448//448
f 448//448 447//447 449//449
f 448//448 449//449 450//450
f 450//450 449//449 451//451
f 450//450 451//451 452//452
f 452//452 451//451 453//453
f 452//452 453//453 454//454
f 452//452 454//454 455//455
f 455//455 454//454 456//456
f 455//455 456//456 457//457
f 457//457 456//456 458//458
f 457//457 458//458 459//459
f 459//459 458//458 460//460
f 459//459 460//460 461//461
f 459//459 461//461 462//462
f 462//462 461//461 463//463
f 462//462 463//463 464//464
f 464//464 463//463 465//465
f 464//464 465//465 466//466
f 464//464 466//466 467//467
f 467//467 466//466 468//468
f 467//467 468//468 469//469
f 469//469 468//468 470//470
f 469//469 470//470 471//471
f 471//471 470//470 438//438
f 471//471 438//438 437//437
f 472//472 473//473 474//474
f 474//474 473//473 475//475
f 474//474 475//475 476//476
f 474//474 476//476 477//477
f 477//477 476//476 478//478
f 477//477 478//478 479//479
f 479//479 478//478 480//480
f 479//479 480//480 481//481
f 481//481 480//480 482//482
f 481//481 482//482 483//483
f 481//481 483//483 484//484
f 484//484 483//483 485//485
f 484//484 485//485 486//486
f 486//486 485//485 487//487
f 486//486 487//487 488//488
f 488//488 487//487 489//489
f 488//488 489//489 490//490
f 488//488 490//490 491//491
f 491//491 490//490 492//492
f 491//491 492//492 493//493
f 493//493 492//492 494//494
f 493//493 494//494 495//495
f 493//493 495//495 496//496
f 496//496 495//495 497//497
f 496//496 497//497 498//498
f 498//498 497//497 499//499
f 498//498 499//499 500//500
f 500//500 499//499 501//501
f 500//500 501//501 502//502
f 502//502 501//501 503//503
f 502//502 503//503 504//504
f 502//502 504//504 505//505
f 505//505 504//504 506//506
f 505//505 506//506 472//472
f 472//472 506//506 473//473
f 507//507 508//508 509//509
f 507//507 509//509 510//510
f 510//510 509//509 511//511
f 510//510 511//511 512//512
f 512//512 511//511 513//513
f 512//512 513//513 514//514
f 514//514 513//513 515//515
f 514//514 515//515 516//516
f 514//514 516//516 517//517
f 517//517 516//516 518//518
f 517//517 518//518 519//519
f 519//519 518//518 520//520
f 519//519 520//520 521//521
f 519//519 521//521 522//522
f 522//522 521//521 523//523
f 522//522 523//523 524//524
f 524//524 523//523 525//525
f 524//524 525//525 526//526
f 526//526 525//525 527//527
f 526//526 527//527 528//528
f 528//528 527//527 529//529
f 528//528 529//529 530//530
f 528//528 530//530 531//531
f 531//531 530//530 532//532
f 531//531 532//532 533//533
f 533//533 532//532 534//534
f 533//533 534//534 535//535
f 535//535 534//534 536//536
f 535//535 536//536 537//537
f 535//535 537//537 538//538
f 538//538 537//537 539//539
f 538//538 539//539 540//540
f 540//540 539//539 541//541
f 540//540 541//541 507//507
f 507//507 541//541 508//508
f 542//542 543//543 544//544
f 544//544 543//543 545//545
f 544//544 545//545 546//546
f 546//546 545//545 547//547
f 546//546 547//547 548//548
f 548//548 547//547 549//549
f 548//548 549//549 550//550
f 548//548 550//550 551//551
f 551//551 550//550 552//552
f 551//551 552//552 553//553
f 553//553 552//552 554//554
f 553//553 554//554 555//555
f 555//555 554//554 556//556
f 555//555 556//556 557//557
f 555//555 557//557 558//558
f 558//558 557//557 559//559
f 558//558 559//559 560//560
f 560//560 559//559 561//561
f 560//560 561//561 562//562
f 560//560 562//562 563//563
f 563//563 562//562 564//564
f 563//563 564//564 565//565
f 565//565 564//564 566//566
f 565//565 566//566 567//567
f 567//567 566//566 568//568
f 567//567 568//568 569//569
f 569//569 568//568 570//570
f 569//569 570//570 571//571
f 569//569 571//571 572//572
f 572//572 571//571 573//573
f 572//572 573//573 574//574
f 574//574 573//573 575//575
f 574//574 575//575 542//542
f 542//542 575//575 576//576
f 542//542 576//576 543//543
f 577//577 578//578 579//579
f 580//580 581//581 582//582
f 583//583 584//584 585//585
f 586//586 587//587 588//588
f 589//589 590//590 591//591
f 592//592 593//593 594//594
f 595//595 596//596 597//597
f 598//598 599//599 600//600
f 601//601 602//602 603//603
f 604//604 605//605 606//606
f 607//607 608//608 609//609
f 610//610 611//611 612//612
f 613//613 614//614 615//615
f 616//616 617//617 618//618
f 619//619 620//620 621//621
f 622//622 623//623 624//624
f 625//625 626//626 627//627
f 628//628 629//629 630//630
f 631//631 632//632 633//633
f 634//634 635//635 636//636
f 637//637 638//638 639//639
f 640//640 641//641 642//642
f 643//643 644//644 645//645
f 646//646 647//647 648//648
f 649//649 650//650 651//651
f 652//652 653//653 654//654
f 655//655 656//656 657//657
f 658//658 659//659 660//660
f 661//661 662//662 663//663
f 664//664 665//665 666//666
f 667//667 668//668 669//669
f 670//670 671//671 672//672
f 673//673 674//674 675//675
f 676//676 677//677 678//678
f 679//679 680//680 681//681
f 682//682 683//683 684//684
f 685//685 686//686 687//687
f 688//688 689//689 690//690
f 691//691 692//692 693//693
f 694//694 695//695 696//696
f 697//697 698//698 699//699
f 700//700 701//701 702//702
f 703//703 704//704 705//705
f 706//706 707//707 708//708
f 709//709 710//710 711//711
f 712//712 713//713 714//714
f 715//715 716//716 717//717
f 718//718 719//719 720//720
f 721//721 722//722 723//723
f 724//724 725//725 726//726
f 727//727 728//728 729//729
f 730//730 731//731 732//732
f 733//733 734//734 735//735
f 736//736 737//737 738//738
f 739//739 740//740 741//741
f 742//742 743//743 744//744
f 745//745 746//746 747//747
f 748//748 749//749 750//750
f 751//751 752//752 753//753
f 754//754 755//755 756//756
f 757//757 758//758 759//759
f 760//760 761//761 762//762
f 763//763 764//764 765//765
f 766//766 767//767 768//768
f 769//769 770//770 771//771
f 772//772 773//773 774//774
f 775//775 776//776 777//777
f 778//778 779//779 780//780
f 781//781 782//782 783//783
f 784//784 785//785 786//786
f 787//787 788//788 789//789
f 790//790 791//791 792//792
f 793//793 794//794 795//795
f 796//796 797//797 798//798
f 799//799 800//800 801//801
f 802//802 803//803 804//804
f 805//805 806//806 807//807
f 808//808 809//809 810//810
f 811//811 812//812 813//813
f 814//814 815//815 816//816
f 817//817 818//818 819//819
f 820//820 821//821 822//822
f 823//823 824//824 825//825
f 826//826 827//827 828//828
f 829//829 830//830 831//831
f 832//832 833//833 834//834
f 835//835 836//836 837//837
f 838//838 839//839 840//840
f 841//841 842//842 843//843
f 844//844 845//845 846//846
f 847//847 848//848 849//849
f 850//850 851//851 852//852
f 853//853 854//854 855//855
f 856//856 857//857 858//858
f 859//859 860//860 861//861
f 862//862 863//863 864//864
f 865//865 866//866 867//867
f 868//868 869//869 870//870
f 871//871 872//872 873//873
f 874//874 875//875 876//876
f 877//877 878//878 879//879
f 880//880 881//881 882//882
f 883//883 884//884 885//885
f 886//886 887//887 888//888
f 889//889 890//890 891//891
f 892//892 893//893 894//894
f 895//895 896//896 897//897
f 898//898 899//899 900//900
f 901//901 902//902 903//903
f 904//904 905//905 906//906
f 907//907 908//908 909//909
f 910//910 911//911 912//912
f 913//913 914//914 915//915
f 916//916 917//917 918//918
f 919//919 920//920 921//921
f 922//922 923//923 924//924
f 925//925 926//926 927//927
f 928//928 929//929 930//930
f 931//931 932//932 933//933
f 934//934 935//935 936//936
f 937//937 938//938 939//939
f 940//940 941//941 942//942
f 943//943 944//944 945//945
f 946//946 947//947 948//948
f 949//949 950//950 951//951
f 952//952 953//953 954//954
f 955//955 956//956 957//957
f 958//958 959//959 960//960
f 961//961 962//962 963//963
f 964//964 965//965 966//966
f 967//967 968//968 969//969
f 970//970 971//971 972//972
f 973//973 974//974 975//975
f 976//976 977//977 978//978
f 979//979 980//980 981//981
f 982//982 983//983 984//984
f 985//985 986//986 987//987
f 988//988 989//989 990//990
f 991//991 992//992 993//993
f 994//994 995//995 996//996
f 997//997 998//998 999//999
f 1000//1000 1001//1001 1002//1002
f 1003//1003 1004//1004 1005//1005
f 1006//1006 1007//1007 1008//1008
f 1009//1009 1010//1010 1011//1011
f 1012//1012 1013//1013 1014//1014
f 1015//1015 1016//1016 1017//1017
f 1018//1018 1019//1019 1020//1020
f 1021//1021 1022//1022 1023//1023
f 1024//1024 1025//1025 1026//1026
f 1027//1027 1028//1028 1029//1029
f 1030//1030 1031//1031 1032//1032
f 1033//1033 1034//1034 1035//1035
f 1036//1036 1037//1037 1038//1038
f 1039//1039 1040//1040 1041//1041
f 1042//1042 1043//1043 1044//1044
f 1045//1045 1046//1046 1047//1047
f 1048//1048 1049//1049 1050//1050
f 1051//1051 1052//1052 1053//1053
f 1054//1054 1055//1055 1056//1056
f 1057//1057 1058//1058 1059//1059
f 1060//1060 1061//1061 1062//1062
f 1063//1063 1064//1064 1065//1065
f 1066//1066 1067//1067 1068//1068
f 1069//1069 1070//1070 1071//1071
f 1072//1072 1073//1073 1074//1074
f 1075//1075 1076//1076 1077//1077
f 1078//1078 1079//1079 1080//1080
f 1081//1081 1082//1082 1083//1083
f 1084//1084 1085//1085 1086//1086
f 1087//1087 1088//1088 1089//1089
f 1090//1090 1091//1091 1092//1092
f 1093//1093 1094//1094 1095//1095
f 1096//1096 1097//1097 1098//1098
f 1099//1099 1100//1100 1101//1101
f 1102//1102 1103//1103 1104//1104
f 1105//1105 1106//1106 1107//1107
f 1108//1108 1109//1109 1110//1110
f 1111//1111 1112//1112 1113//1113
f 1114//1114 1115//1115 1116//1116
f 1117//1117 1118//1118 1119//1119
f 1120//1120 1121//1121 1122//1122
f 1123//1123 1124//1124 1125//1125
f 1126//1126 1127//1127 1128//1128
f 1129//1129 1130//1130 1131//1131
f 1132//1132 1133//1133 1134//1134
f 1135//1135 1136//1136 1137//1137
f 1138//1138 1139//1139 1140//1140
f 1141//1141 1142//1142 1143//1143
f 1144//1144 1145//1145 1146//1146
f 1147//1147 1148//1148 1149//1149
f 1150//1150 1151//1151 1152//1152
f 1153//1153 1154//1154 1155//1155
f 1156//1156 1157//1157 1158//1158
f 1159//1159 1160//1160 1161//1161
f 1162//1162 1163//1163 1164//1164
f 1165//1165 1166//1166 1167//1167
f 1168//1168 1169//1169 1170//1170
f 1171//1171 1172//1172 1173//1173
f 1174//1174 1175//1175 1176//1176
f 1177//1177 1178//1178 1179//1179
f 1180//1180 1181//1181 1182//1182
f 1183//1183 1184//1184 1185//1185
f 1186//1186 1187//1187 1188//1188
f 1189//1189 1190//1190 1191//1191
f 1192//1192 1193//1193 1194//1194
f 1195//1195 1196//1196 1197//1197
f 1198//1198 1199//1199 1200//1200
f 1201//1201 1202//1202 1203//1203
f 1204//1204 1205//1205 1206//1206
f 1207//1207 1208//1208 1209//1209
f 1210//1210 1211//1211 1212//1212
f 1213//1213 1214//1214 1215//1215
f 1216//1216 1217//1217 1218//1218
f 1219//1219 1220//1220 1221//1221
f 1222//1222 1223//1223 1224//1224
f 1225//1225 1226//1226 1227//1227
f 1228//1228 1229//1229 1230//1230
f 1231//1231 1232//1232 1233//1233
f 1234//1234 1235//1235 1236//1236
f 1237//1237 1238//1238 1239//1239
f 1240//1240 1241//1241 1242//1242
f 1243//1243 1244//1244 1245//1245
f 1246//1246 1247//1247 1248//1248
f 1249//1249 1250//1250 1251//1251
f 1252//1252 1253//1253 1254//1254
f 1255//1255 1256//1256 1257//1257
f 1258//1258 1259//1259 1260//1260
f 1261//1261 1262//1262 1263//1263
f 1264//1264 1265//1265 1266//1266
f 1267//1267 1268//1268 1269//1269
f 1270//1270 1271//1271 1272//1272
f 1273//1273 1274//1274 1275//1275
f 1276//1276 1277//1277 1278//1278
f 1279//1279 1280//1280 1281//1281
f 1282//1282 1283//1283 1284//1284
f 1285//1285 1286//1286 1287//1287
f 1288//1288 1289//1289 1290//1290
f 1291//1291 1292//1292 1293//1293
f 1294//1294 1295//1295 1296//1296
f 1297//1297 1298//1298 1299//1299
f 1300//1300 1301//1301 1302//1302
f 1303//1303 1304//1304 1305//1305
f 1306//1306 1307//1307 1308//1308
f 1309//1309 1310//1310 1311//1311
f 1312//1312 1313//1313 1314//1314
f 1315//1315 1316//1316 1317//1317
f 1318//1318 1319//1319 1320//1320
f 1321//1321 1322//1322 1323//1323
f 1324//1324 1325//1325 1326//1326
f 1327//1327 1328//1328 1329//1329
f 1330//1330 1331//1331 1332//1332
f 1333//1333 1334//1334 1335//1335
f 1336//1336 1337//1337 1338//1338
f 1339//1339 1340//1340 1341//1341
f 1342//1342 1343//1343 1344//1344
f 1345//1345 1346//1346 1347//1347
f 1348//1348 1349//1349 1350//1350
f 1351//1351 1352//1352 1353//1353
f 1354//1354 1355//1355 1356//1356
f 1357//1357 1358//1358 1359//1359
f 1360//1360 1361//1361 1362//1362
f 1363//1363 1364//1364 1365//1365
f 1366//1366 1367//1367 1368//1368
f 1369//1369 1370//1370 1371//1371
f 1372//1372 1373//1373 1374//1374
f 1375//1375 1376//1376 1377//1377
f 1378//1378 1379//1379 1380//1380
f 1381//1381 1382//1382 1383//1383
f 1384//1384 1385//1385 1386//1386
f 1387//1387 1388//1388 1389//1389
f 1390//1390 1391//1391 1392//1392
f 1393//1393 1394//1394 1395//1395
f 1396//1396 1397//1397 1398//1398
f 1399//1399 1400//1400 1401//1401
f 1402//1402 1403//1403 1404//1404
f 1405//1405 1406//1406 1407//1407
f 1408//1408 1409//1409 1410//1410
f 1411//1411 1412//1412 1413//1413
f 1414//1414 1415//1415 1416//1416
f 1417//1417 1418//1418 1419//1419
f 1420//1420 1421//1421 1422//1422
f 1423//1423 1424//1424 1425//1425
f 1426//1426 1427//1427 1428//1428
f 1429//1429 1430//1430 1431//1431
f 1432//1432 1433//1433 1434//1434
f 1435//1435 1436//1436 1437//1437
f 1438//1438 1439//1439 1440//1440
f 1441//1441 1442//1442 1443//1443
f 1444//1444 1445//1445 1446//1446
f 1447//1447 1448//1448 1449//1449
f 1450//1450 1451//1451 1452//1452
f 1453//1453 1454//1454 1455//1455
f 1456//1456 1457//1457 1458//1458
f 1459//1459 1460//1460 1461//1461
f 1462//1462 1463//1463 1464//1464
f 1465//1465 1466//1466 1467//1467
f 1468//1468 1469//1469 1470//1470
f 1471//1471 1472//1472 1473//1473
f 1474//1474 1475//1475 1476//1476
f 1477//1477 1478//1478 1479//1479
f 1480//1480 1481//1481 1482//1482
f 1483//1483 1484//1484 1485//1485
f 1486//1486 1487//1487 1488//1488
f 1489//1489 1490//1490 1491//1491
f 1492//1492 1493//1493 1494//1494
f 1495//1495 1496//1496 1497//1497
f 1498//1498 1499//1499 1500//1500
f 1501//1501 1502//1502 1503//1503
f 1504//1504 1505//1505 1506//1506
f 1507//1507 1508//1508 1509//1509
f 1510//1510 1511//1511 1512//1512
f 1513//1513 1514//1514 1515//1515
f 1516//1516 1517//1517 1518//1518
f 1519//1519 1520//1520 1521//1521
f 1522//1522 1523//1523 1524//1524
f 1525//1525 1526//1526 1527//1527
f 1528//1528 1529//1529 1530//1530
f 1531//1531 1532//1532 1533//1533
f 1534//1534 1535//1535 1536//1536
f 1537//1537 1538//1538 1539//1539
f 1540//1540 1541//1541 1542//1542
f 1543//1543 1544//1544 1545//1545
f 1546//1546 1547//1547 1548//1548
f 1549//1549 1550//1550 1551//1551
f 1552//1552 1553//1553 1554//1554
f 1555//1555 1556//1556 1557//1557
f 1558//1558 1559//1559 1560//1560
f 1561//1561 1562//1562 1563//1563
f 1564//1564 1565//1565 1566//1566
f 1567//1567 1568//1568 1569//1569
f 1570//1570 1571//1571 1572//1572
f 1573//1573 1574//1574 1575//1575
f 1576//1576 1577//1577 1578//1578
f 1579//1579 1580//1580 1581//1581
f 1582//1582 1583//1583 1584//1584
f 1585//1585 1586//1586 1587//1587
f 1588//1588 1589//1589 1590//1590
f 1591//1591 1592//1592 1593//1593
f 1594//1594 1595//1595 1596//1596
f 1597//1597 1598//1598 1599//1599
f 1600//1600 1601//1601 1602//1602
f 1603//1603 1604//1604 1605//1605
f 1606//1606 1607//1607 1608//1608
f 1609//1609 1610//1610 1611//1611
f 1612//1612 1613//1613 1614//1614
f 1615//1615 1616//1616 1617//1617
f 1618//1618 1619//1619 1620//1620
f 1621//1621 1622//1622 1623//1623
f 1624//1624 1625//1625 1626//1626
f 1627//1627 1628//1628 1629//1629
f 1630//1630 1631//1631 1632//1632
f 1633//1633 1634//1634 1635//1635
f 1636//1636 1637//1637 1638//1638
f 1639//1639 1640//1640 1641//1641
f 1642//1642 1643//1643 1644//1644
f 1645//1645 1646//1646 1647//1647
f 1648//1648 1649//1649 1650//1650
f 1651//1651 1652//1652 1653//1653
f 1654//1654 1655//1655 1656//1656
f 1657//1657 1658//1658 1659//1659
f 1660//1660 1661//1661 1662//1662
f 1663//1663 1664//1664 1665//1665
f 1666//1666 1667//1667 1668//1668
f 1669//1669 1670//1670 1671//1671
f 1672//1672 1673//1673 1674//1674
f 1674//1674 1673//1673 1675//1675
f 1676//1676 1677//1677 1678//1678
f 1679//1679 1680//1680 1681//1681
f 1682//1682 1683//1683 1684//1684
f 1685//1685 1686//1686 1687//1687
f 1688//1688 1689//1689 1690//1690
f 1691//1691 1692//1692 1693//1693
f 1694//1694 1695//1695 1696//1696
f 1697//1697 1698//1698 1699//1699
f 1700//1700 1701//1701 1702//1702
f 1703//1703 1704//1704 1705//1705
f 1706//1706 1707//1707 1708//1708
f 1709//1709 1710//1710 1711//1711
f 1712//1712 1713//1713 1714//1714
f 1715//1715 1716//1716 1717//1717
f 1718//1718 1719//1719 1720//1720
f 1721//1721 1722//1722 1723//1723
f 1724//1724 1725//1725 1726//1726
f 1727//1727 1728//1728 1729//1729
f 1730//1730 1731//1731 1732//1732
f 1733//1733 1734//1734 1735//1735
f 1736//1736 1737//1737 1738//1738
f 1739//1739 1740//1740 1741//1741
f 1742//1742 1743//1743 1744//1744
f 1745//1745 1746//1746 1747//1747
f 1748//1748 1749//1749 1750//1750
f 1751//1751 1752//1752 1753//1753
f 1754//1754 1755//1755 1756//1756
f 1757//1757 1758//1758 1759//1759
f 1760//1760 1761//1761 1762//1762
f 1763//1763 1764//1764 1765//1765
f 1766//1766 1767//1767 1768//1768
f 1769//1769 1770//1770 1771//1771
f 1772//1772 1773//1773 1774//1774
f 1775//1775 1776//1776 1777//1777
f 1778//1778 1779//1779 1780//1780
f 1781//1781 1782//1782 1783//1783
f 1784//1784 1785//1785 1786//1786
f 1787//1787 1788//1788 1789//1789
f 1790//1790 1791//1791 1792//1792
f 1793//1793 1794//1794 1795//1795
f 1796//1796 1797//1797 1798//1798
f 1799//1799 1800//1800 1801//1801
f 1802//1802 1803//1803 1804//1804
f 1805//1805 1806//1806 1807//1807
f 1808//1808 1809//1809 1810//1810
f 1811//1811 1812//1812 1813//1813
f 1814//1814 1815//1815 1816//1816
f 1817//1817 1818//1818 1819//1819
f 1820//1820 1821//1821 1822//1822
f 1823//1823 1824//1824 1825//1825
f 1826//1826 1827//1827 1828//1828
f 1829//1829 1830//1830 1831//1831
f 1832//1832 1833//1833 1834//1834
f 1835//1835 1836//1836 1837//1837
f 1838//1838 1839//1839 1840//1840
f 1841//1841 1842//1842 1843//1843
f 1844//1844 1845//1845 1846//1846
f 1847//1847 1848//1848 1849//1849
f 1850//1850 1851//1851 1852//1852
f 1853//1853 1854//1854 1855//1855
f 1856//1856 1857//1857 1858//1858
f 1859//1859 1860//1860 1861//1861
f 1862//1862 1863//1863 1864//1864
f 1865//1865 1866//1866 1867//1867
f 1868//1868 1869//1869 1870//1870
f 1871//1871 1872//1872 1873//1873
f 1874//1874 1875//1875 1876//1876
f 1877//1877 1878//1878 1879//1879
f 1880//1880 1881//1881 1882//1882
f 1883//1883 1884//1884 1885//1885
f 1886//1886 1887//1887 1888//1888
f 1889//1889 1890//1890 1888//1888
f 1891//1891 1892//1892 1888//1888
f 1893//1893 1894//1894 1888//1888
f 1895//1895 1896//1896 1888//1888
f 1897//1897 1898//1898 1888//1888
f 1899//1899 1900//1900 1888//1888
f 1890//1890 1901//1901 1888//1888
f 1902//1902 1903//1903 1888//1888
f 1904//1904 1905//1905 1888//1888
f 1906//1906 1907//1907 1888//1888
f 1901//1901 1908//1908 1888//1888
f 1892//1892 1893//1893 1888//1888
f 1909//1909 1910//1910 1888//1888
f 1907//1907 1911//1911 1888//1888
f 1912//1912 1913//1913 1888//1888
f 1914//1914 1915//1915 1888//1888
f 1916//1916 1917//1917 1888//1888
f 1918//1918 1919//1919 1888//1888
f 1920//1920 1921//1921 1888//1888
f 1913//1913 1922//1922 1888//1888
f 1923//1923 1924//1924 1888//1888
f 1925//1925 1926//1926 1888//1888
f 1927//1927 1928//1928 1888//1888
f 1929//1929 1902//1902 1888//1888
f 1930//1930 1889//1889 1888//1888
f 1931//1931 1932//1932 1888//1888
f 1933//1933 1934//1934 1888//1888
f 1935//1935 1936//1936 1888//1888
f 1937//1937 1938//1938 1888//1888
f 1919//1919 1939//1939 1888//1888
f 1940//1940 1941//1941 1888//1888
f 1942//1942 1943//1943 1888//1888
f 1944//1944 1945//1945 1888//1888
f 1946//1946 1940//1940 1888//1888
f 1939//1939 1914//1914 1888//1888
f 1947//1947 1920//1920 1888//1888
f 1934//1934 1948//1948 1888//1888
f 1900//1900 1949//1949 1888//1888
f 1950//1950 1951//1951 1888//1888
f 1952//1952 1931//1931 1888//1888
f 1896//1896 1933//1933 1888//1888
f 1953//1953 1954//1954 1888//1888
f 1951//1951 1955//1955 1888//1888
f 1936//1936 1956//1956 1888//1888
f 1911//1911 1923//1923 1888//1888
f 1957//1957 1909//1909 1888//1888
f 1908//1908 1958//1958 1888//1888
f 1956//1956 1918//1918 1888//1888
f 1954//1954 1957//1957 1888//1888
f 1959//1959 1960//1960 1888//1888
f 1955//1955 1961//1961 1888//1888
f 1903//1903 1916//1916 1888//1888
f 1962//1962 1937//1937 1888//1888
f 1938//1938 1935//1935 1888//1888
f 1943//1943 1904//1904 1888//1888
f 1898//1898 1952//1952 1888//1888
f 1963//1963 1959//1959 1888//1888
f 1964//1964 1947//1947 1888//1888
f 1965//1965 1966//1966 1967//1967
f 1945//1945 1925//1925 1888//1888
f 1949//1949 1950//1950 1888//1888
f 1968//1968 1969//1969 1970//1970
f 1961//1961 1895//1895 1888//1888
f 1932//1932 1944//1944 1888//1888
f 1948//1948 1971//1971 1888//1888
f 1972//1972 1963//1963 1888//1888
f 1971//1971 1886//1886 1888//1888
f 1915//1915 1973//1973 1888//1888
f 1960//1960 1953//1953 1888//1888
f 1941//1941 1927//1927 1888//1888
f 1917//1917 1972//1972 1888//1888
f 1894//1894 1899//1899 1888//1888
f 1965//1965 1967//1967 1974//1974
f 1958//1958 1942//1942 1888//1888
f 1975//1975 1976//1976 1888//1888
f 1973//1973 1975//1975 1888//1888
f 1977//1977 1978//1978 1979//1979
f 1976//1976 1891//1891 1888//1888
f 1980//1980 1981//1981 1982//1982
f 1983//1983 1984//1984 1985//1985
f 1986//1986 1987//1987 1988//1988
f 1989//1989 1990//1990 1991//1991
f 1910//1910 1906//1906 1888//1888
f 1992//1992 1897//1897 1888//1888
f 1928//1928 1930//1930 1888//1888
f 1921//1921 1912//1912 1888//1888
f 1926//1926 1964//1964 1888//1888
f 1887//1887 1929//1929 1888//1888
f 1993//1993 1994//1994 1995//1995
f 1996//1996 1997//1997 1998//1998
f 1998//1998 1997//1997 1999//1999
f 2000//2000 2001//2001 2002//2002
f 2003//2003 2004//2004 2005//2005
f 2006//2006 2007//2007 2008//2008
f 2009//2009 2010//2010 2011//2011
f 2012//2012 2013//2013 2014//2014
f 2015//2015 2016//2016 2017//2017
f 2018//2018 2019//2019 2020//2020
f 2021//2021 2022//2022 2023//2023
f 2024//2024 2025//2025 2026//2026
f 2027//2027 2028//2028 2029//2029
f 2030//2030 2031//2031 2032//2032
f 2033//2033 2034//2034 2035//2035
f 2036//2036 2037//2037 2038//2038
f 2039//2039 2040//2040 2041//2041
f 2042//2042 2043//2043 2044//2044
f 2045//2045 2046//2046 2047//2047
f 2048//2048 2049//2049 2050//2050
f 2051//2051 2052//2052 2053//2053
f 2054//2054 2055//2055 2056//2056
f 2057//2057 2058//2058 2059//2059
f 2060//2060 2061//2061 2062//2062
f 2063//2063 2064//2064 2065//2065
f 2066//2066 2067//2067 2068//2068
f 2069//2069 2070//2070 2071//2071
f 2072//2072 2073//2073 2074//2074
f 2075//2075 2076//2076 2077//2077
f 2078//2078 2079//2079 2080//2080
f 2081//2081 2082//2082 2083//2083
f 2084//2084 2085//2085 2086//2086
f 2087//2087 2088//2088 2089//2089
f 2090//2090 2091//2091 2092//2092
f 2093//2093 2094//2094 2095//2095
f 2096//2096 2097//2097 2098//2098
f 2099//2099 2100//2100 2101//2101
f 2102//2102 2103//2103 2104//2104
f 2105//2105 2106//2106 2107//2107
f 2108//2108 2109//2109 2110//2110
f 2111//2111 2112//2112 2113//2113
f 2114//2114 2115//2115 2116//2116
f 2117//2117 2118//2118 2119//2119
f 2120//2120 2121//2121 2122//2122
f 2123//2123 2124//2124 2125//2125
f 2126//2126 2127//2127 2128//2128
f 2129//2129 2130//2130 2131//2131
f 2132//2132 2133//2133 2134//2134
f 2135//2135 2136//2136 2137//2137
f 2138//2138 2139//2139 2140//2140
f 2141//2141 2142//2142 2143//2143
f 2144//2144 2145//2145 2146//2146
f 2147//2147 2148//2148 2149//2149
f 2150//2150 2151//2151 2152//2152
f 2153//2153 2154//2154 2155//2155
f 2156//2156 2157//2157 2158//2158
f 2159//2159 2160//2160 2161//2161
f 2162//2162 2163//2163 2164//2164
f 2165//2165 2166//2166 2167//2167
f 2165//2165 2168//2168 2169//2169
f 2169//2169 2168//2168 2170//2170
f 2171//2171 2172//2172 2173//2173
f 2171//2171 2173//2173 2174//2174
f 2171//2171 2174//2174 2175//2175
f 2175//2175 2174//2174 2176//2176
f 2177//2177 2178//2178 2179//2179
f 2180//2180 2181//2181 2182//2182
f 2183//2183 2184//2184 2185//2185
f 2186//2186 2187//2187 2188//2188
f 2189//2189 2190//2190 2191//2191
f 2191//2191 2190//2190 2192//2192
f 2193//2193 2194//2194 2195//2195
f 2196//2196 2197//2197 2180//2180
f 2198//2198 2199//2199 2200//2200
f 2198//2198 2200//2200 2201//2201
f 2201//2201 2200//2200 2202//2202
f 2202//2202 2200//2200 2203//2203
f 2204//2204 2205//2205 2206//2206
f 2207//2207 2208//2208 2209//2209
f 2210//2210 2211//2211 2212//2212
f 2213//2213 2214//2214 2215//2215
f 2216//2216 2205//2205 2204//2204
f 2216//2216 2204//2204 2217//2217
f 2216//2216 2217//2217 2218//2218
f 2217//2217 2219//2219 2218//2218
f 2218//2218 2219//2219 2220//2220
f 2221//2221 2222//2222 2223//2223
f 2224//2224 2192//2192 2225//2225
f 2224//2224 2225//2225 2226//2226
f 2227//2227 2228//2228 2229//2229
f 2230//2230 2231//2231 2232//2232
f 2233//2233 2234//2234 2235//2235
f 2236//2236 2237//2237 2238//2238
f 2239//2239 2240//2240 2241//2241
f 2242//2242 2243//2243 2244//2244
f 2245//2245 2246//2246 2247//2247
f 2248//2248 2249//2249 2250//2250
f 2251//2251 2252//2252 2253//2253
f 2239//2239 2254//2254 2240//2240
f 2255//2255 2256//2256 2257//2257
f 2256//2256 2258//2258 2257//2257
f 2259//2259 2260//2260 2261//2261
f 2262//2262 2263//2263 2264//2264
f 2265//2265 2266//2266 2267//2267
f 2268//2268 2269//2269 2270//2270
f 2271//2271 2272//2272 2273//2273
f 2274//2274 2275//2275 2276//2276
f 2277//2277 2278//2278 2279//2279
f 2280//2280 2281//2281 2282//2282
f 2283//2283 2284//2284 2285//2285
f 2286//2286 2287//2287 2288//2288
f 2289//2289 2290//2290 2291//2291
f 2292//2292 2293//2293 2294//2294
f 2295//2295 2296//2296 2297//2297
f 2298//2298 2299//2299 2300//2300
f 2301//2301 2302//2302 2303//2303
f 2303//2303 2302//2302 2304//2304
f 2303//2303 2304//2304 2305//2305
f 2306//2306 2307//2307 2308//2308
f 2309//2309 2310//2310 2311//2311
f 2312//2312 2313//2313 2314//2314
f 2315//2315 2316//2316 2317//2317
f 2318//2318 2319//2319 2320//2320
f 2321//2321 2322//2322 2323//2323
f 2324//2324 2325//2325 2326//2326
f 2324//2324 2327//2327 2328//2328
f 2328//2328 2327//2327 2329//2329
f 2304//2304 2330//2330 2305//2305
f 2308//2308 2307//2307 2331//2331
f 2332//2332 2333//2333 2334//2334
f 2335//2335 2309//2309 2336//2336
f 2337//2337 2338//2338 2339//2339
f 2306//2306 2340//2340 2341//2341
f 2341//2341 2340//2340 2342//2342
f 2343//2343 2344//2344 2345//2345
f 2346//2346 2347//2347 2348//2348
f 2349//2349 2350//2350 2351//2351
f 2352//2352 2353//2353 2354//2354
f 2355//2355 2356//2356 2357//2357
f 2358//2358 2359//2359 2360//2360
f 2361//2361 2362//2362 2363//2363
f 2364//2364 2313//2313 2312//2312
f 2364//2364 2312//2312 2365//2365
f 2364//2364 2365//2365 2320//2320
f 2320//2320 2365//2365 2318//2318
f 2366//2366 2367//2367 2368//2368
f 2369//2369 2370//2370 2371//2371
f 2369//2369 2371//2371 2372//2372
f 2372//2372 2371//2371 2373//2373
f 2373//2373 2371//2371 2374//2374
f 2375//2375 2376//2376 2377//2377
f 2378//2378 2379//2379 2380//2380
f 2381//2381 2382//2382 2383//2383
f 2384//2384 2385//2385 2386//2386
f 2387//2387 2388//2388 2389//2389
f 2387//2387 2389//2389 2390//2390
f 2391//2391 2392//2392 2393//2393
f 2394//2394 2395//2395 2396//2396
f 2397//2397 2398//2398 2399//2399
f 2400//2400 2401//2401 2402//2402
f 2403//2403 2404//2404 2405//2405
f 2406//2406 2407//2407 2408//2408
f 2407//2407 2409//2409 2408//2408
f 2410//2410 2411//2411 2412//2412
f 2413//2413 2414//2414 2415//2415
f 2416//2416 2417//2417 2418//2418
f 2419//2419 2420//2420 2421//2421
f 2422//2422 2423//2423 2424//2424
f 2425//2425 2426//2426 2427//2427
f 2428//2428 2429//2429 2430//2430
f 2431//2431 2432//2432 2433//2433
f 2434//2434 2435//2435 2436//2436
f 2437//2437 2438//2438 2439//2439
f 2440//2440 2441//2441 2442//2442
f 2443//2443 2444//2444 2445//2445
f 2446//2446 2447//2447 2448//2448
f 2449//2449 2450//2450 2451//2451
f 2452//2452 2453//2453 2454//2454
f 2455//2455 2456//2456 2457//2457
f 2458//2458 2459//2459 2460//2460
f 2461//2461 2462//2462 2463//2463
f 2464//2464 2465//2465 2466//2466
f 2467//2467 2468//2468 2469//2469
f 2470//2470 2471//2471 2472//2472
f 2473//2473 2474//2474 2475//2475
f 2476//2476 2477//2477 2478//2478
f 2479//2479 2480//2480 2481//2481
f 2482//2482 2483//2483 2484//2484
f 2485//2485 2486//2486 2487//2487
f 2488//2488 2489//2489 2490//2490
f 2491//2491 2492//2492 2493//2493
f 2494//2494 2495//2495 2496//2496
f 2497//2497 2498//2498 2499//2499
f 2500//2500 2501//2501 2502//2502
f 2503//2503 2504//2504 2505//2505
f 2506//2506 2507//2507 2508//2508
f 2509//2509 2510//2510 2511//2511
f 2512//2512 2513//2513 2514//2514
f 2515//2515 2516//2516 2517//2517
f 2518//2518 2519//2519 2520//2520
f 2521//2521 2522//2522 2523//2523
f 2524//2524 2525//2525 2526//2526
f 2527//2527 2528//2528 2529//2529
f 2530//2530 2531//2531 2532//2532
f 2533//2533 2534//2534 2535//2535
f 2536//2536 2537//2537 2538//2538
f 2539//2539 2540//2540 2541//2541
f 2542//2542 2543//2543 2544//2544
f 2545//2545 2546//2546 2547//2547
f 2548//2548 2549//2549 2550//2550
f 2551//2551 2552//2552 2553//2553
f 2554//2554 2555//2555 2556//2556
f 2557//2557 2558//2558 2559//2559
f 2560//2560 2561//2561 2562//2562
f 2563//2563 2564//2564 2565//2565
f 2566//2566 2567//2567 2568//2568
f 2568//2568 2567//2567 2569//2569
f 2568//2568 2569//2569 2570//2570
f 2571//2571 2572//2572 2573//2573
f 2574//2574 2575//2575 2576//2576
f 2577//2577 2578//2578 2579//2579
f 2580//2580 2581//2581 2582//2582
f 2580//2580 2583//2583 2584//2584
f 2584//2584 2583//2583 2585//2585
f 2569//2569 2586//2586 2570//2570
f 2587//2587 2588//2588 2589//2589
f 2590//2590 2591//2591 2592//2592
f 2593//2593 2594//2594 2595//2595
f 2596//2596 2588//2588 2587//2587
f 2596//2596 2587//2587 2597//2597
f 2596//2596 2597//2597 2576//2576
f 2576//2576 2597//2597 2574//2574
f 2598//2598 2599//2599 2600//2600
f 2601//2601 2602//2602 2603//2603
f 2603//2603 2602//2602 2604//2604
f 2605//2605 2606//2606 2607//2607
f 2608//2608 2609//2609 2610//2610
f 2611//2611 2612//2612 2613//2613
f 2614//2614 2615//2615 2616//2616
f 2617//2617 2618//2618 2614//2614
f 2619//2619 2620//2620 2621//2621
f 2622//2622 2623//2623 2624//2624
f 2622//2622 2624//2624 2625//2625
f 2625//2625 2624//2624 2626//2626
f 2626//2626 2624//2624 2627//2627
f 2628//2628 2601//2601 2629//2629
f 2566//2566 2630//2630 2567//2567
f 2629//2629 2631//2631 2632//2632
f 2633//2633 2634//2634 2635//2635
f 2636//2636 2637//2637 2638//2638
f 2639//2639 2640//2640 2641//2641
f 2642//2642 2643//2643 2644//2644
f 2645//2645 2646//2646 2647//2647
f 2648//2648 2649//2649 2650//2650
f 2651//2651 2652//2652 2653//2653
f 2654//2654 2655//2655 2656//2656
f 2657//2657 2658//2658 2659//2659
f 2660//2660 2661//2661 2662//2662
f 2663//2663 2664//2664 2665//2665
f 2666//2666 2667//2667 2668//2668
f 2669//2669 2670//2670 2671//2671
f 2672//2672 2673//2673 2674//2674
f 2673//2673 2675//2675 2674//2674
f 2676//2676 2677//2677 2678//2678
f 2679//2679 2680//2680 2681//2681
f 2682//2682 2683//2683 2684//2684
f 2685//2685 2686//2686 2687//2687
f 2688//2688 2689//2689 2690//2690
f 2691//2691 2692//2692 2693//2693
f 2694//2694 2695//2695 2696//2696
f 2697//2697 2698//2698 2699//2699
f 2700//2700 2701//2701 2702//2702
f 2703//2703 2704//2704 2705//2705
f 2706//2706 2707//2707 2708//2708
f 2709//2709 2710//2710 2711//2711
f 2712//2712 2713//2713 2714//2714
f 2715//2715 2716//2716 2717//2717
f 2718//2718 2719//2719 2720//2720
f 2721//2721 2722//2722 2723//2723
f 2724//2724 2725//2725 2726//2726
f 2727//2727 2728//2728 2729//2729
f 2730//2730 2731//2731 2732//2732
f 2733//2733 2734//2734 2735//2735
f 2727//2727 2736//2736 2737//2737
f 2737//2737 2736//2736 2738//2738
f 2739//2739 2740//2740 2741//2741
f 2742//2742 2743//2743 2744//2744
f 2744//2744 2743//2743 2739//2739
f 2744//2744 2739//2739 2741//2741
f 2745//2745 2746//2746 2747//2747
f 2748//2748 2749//2749 2750//2750
f 2751//2751 2734//2734 2733//2733
f 2751//2751 2733//2733 2752//2752
f 2751//2751 2752//2752 2723//2723
f 2723//2723 2752//2752 2721//2721
f 2753//2753 2754//2754 2755//2755
f 2756//2756 2757//2757 2758//2758
f 2759//2759 2760//2760 2761//2761
f 2759//2759 2761//2761 2762//2762
f 2762//2762 2761//2761 2763//2763
f 2763//2763 2761//2761 2764//2764
f 2732//2732 2731//2731 2765//2765
f 2766//2766 2767//2767 2768//2768
f 2755//2755 2769//2769 2770//2770
f 2771//2771 2772//2772 2773//2773
f 2770//2770 2774//2774 2775//2775
f 2776//2776 2777//2777 2778//2778
f 2730//2730 2779//2779 2780//2780
f 2780//2780 2779//2779 2781//2781
f 2782//2782 2783//2783 2784//2784
f 2785//2785 2786//2786 2787//2787
f 2788//2788 2789//2789 2790//2790
f 2791//2791 2792//2792 2793//2793
f 2794//2794 2795//2795 2796//2796
f 2797//2797 2798//2798 2799//2799
f 2800//2800 2801//2801 2802//2802
f 2803//2803 2804//2804 2805//2805
f 2805//2805 2804//2804 2806//2806
f 2807//2807 2808//2808 2809//2809
f 2810//2810 2811//2811 2812//2812
f 2813//2813 2814//2814 2815//2815
f 2816//2816 2817//2817 2818//2818
f 2819//2819 2820//2820 2821//2821
f 2822//2822 2823//2823 2824//2824
f 2822//2822 2824//2824 2825//2825
f 2826//2826 2827//2827 2828//2828
f 2829//2829 2830//2830 2831//2831
f 2832//2832 2833//2833 2834//2834
f 2835//2835 2836//2836 2837//2837
f 2838//2838 1990//1990 1989//1989
f 1922//1922 1946//1946 1888//1888
f 1905//1905 1962//1962 1888//1888
f 1924//1924 1992//1992 1888//1888
f 2839//2839 2840//2840 2841//2841
f 2842//2842 2843//2843 2844//2844
f 2845//2845 2846//2846 2847//2847
f 2848//2848 2849//2849 2850//2850
f 2851//2851 2852//2852 2853//2853
f 2854//2854 2855//2855 2856//2856
f 2857//2857 2858//2858 2859//2859
f 2860//2860 2861//2861 2862//2862
f 2863//2863 2864//2864 2865//2865
f 2866//2866 2867//2867 2868//2868
f 2869//2869 2870//2870 2871//2871
f 2872//2872 2873//2873 2874//2874
f 2875//2875 2876//2876 2877//2877
f 2878//2878 2879//2879 2880//2880
f 2881//2881 2882//2882 2883//2883
f 2884//2884 2885//2885 2886//2886
f 2887//2887 2888//2888 2889//2889
f 2890//2890 2891//2891 2892//2892
f 2893//2893 2894//2894 2895//2895
f 2896//2896 2897//2897 2898//2898
f 2899//2899 2900//2900 2901//2901
f 2902//2902 2903//2903 2904//2904
f 2905//2905 2906//2906 2907//2907
f 2908//2908 2909//2909 2910//2910
f 2911//2911 2912//2912 2913//2913
f 2914//2914 2915//2915 2916//2916
f 2917//2917 2918//2918 2919//2919
f 2920//2920 2921//2921 2922//2922
f 2923//2923 2924//2924 2925//2925
f 2926//2926 2927//2927 2928//2928
f 2929//2929 2930//2930 2931//2931
f 2932//2932 2887//2887 2889//2889
f 2933//2933 2934//2934 2935//2935
f 2936//2936 2937//2937 2938//2938
f 2939//2939 2940//2940 2941//2941
f 2942//2942 2943//2943 2944//2944
f 2945//2945 2946//2946 2947//2947
f 2948//2948 2949//2949 2950//2950
f 2951//2951 2952//2952 2953//2953
f 2954//2954 2955//2955 2956//2956
f 2957//2957 2958//2958 2959//2959
f 2960//2960 2961//2961 2962//2962
f 2963//2963 2964//2964 2965//2965
f 2966//2966 2967//2967 2968//2968
f 2969//2969 2970//2970 2971//2971
f 2972//2972 2973//2973 2974//2974
f 2975//2975 2976//2976 2977//2977
f 2978//2978 2979//2979 2980//2980
f 2981//2981 2982//2982 2983//2983
f 2984//2984 2985//2985 2986//2986
f 2987//2987 2988//2988 2989//2989
f 2990//2990 2991//2991 2992//2992
f 2993//2993 2994//2994 2995//2995
f 2996//2996 2997//2997 2998//2998
f 2999//2999 3000//3000 3001//3001
f 3001//3001 3000//3000 3002//3002
f 3003//3003 3004//3004 3005//3005
f 3006//3006 3007//3007 3008//3008
f 3009//3009 3010//3010 3011//3011
f 3012//3012 3013//3013 3014//3014
f 3015//3015 3016//3016 3017//3017
f 3018//3018 3019//3019 3020//3020
f 3021//3021 3022//3022 3023//3023
f 3024//3024 3025//3025 3026//3026
f 3024//3024 3026//3026 3027//3027
f 3028//3028 3029//3029 3030//3030
f 3031//3031 3032//3032 3033//3033
f 3034//3034 3035//3035 3036//3036
f 3037//3037 3038//3038 3039//3039
f 3040//3040 3041//3041 3042//3042
f 3043//3043 3044//3044 3045//3045
f 3046//3046 3047//3047 3048//3048
f 3049//3049 3050//3050 3051//3051
f 3052//3052 3053//3053 3054//3054
f 3055//3055 3056//3056 3057//3057
f 3058//3058 3059//3059 3060//3060
f 3061//3061 3062//3062 3063//3063
f 3064//3064 3065//3065 3066//3066
f 3067//3067 3068//3068 3069//3069
f 3070//3070 3071//3071 3072//3072
f 3073//3073 3074//3074 3075//3075
f 3076//3076 3077//3077 3078//3078
f 3079//3079 3080//3080 3081//3081
f 3082//3082 3083//3083 3084//3084
f 3085//3085 3086//3086 3087//3087
f 3088//3088 3089//3089 3090//3090
f 3091//3091 3092//3092 3093//3093
f 3094//3094 3095//3095 3096//3096
f 3097//3097 3098//3098 3099//3099
f 3100//3100 3101//3101 3102//3102
f 3103//3103 3104//3104 3105//3105
f 3106//3106 3107//3107 3108//3108
f 3109//3109 3110//3110 3111//3111
f 3112//3112 3113//3113 3114//3114
f 3115//3115 3116//3116 3117//3117
f 3118//3118 3119//3119 3120//3120
f 3121//3121 3122//3122 3123//3123
f 3124//3124 3125//3125 3126//3126
f 3127//3127 3128//3128 3129//3129
f 3130//3130 3131//3131 3132//3132
f 3133//3133 3134//3134 3135//3135
f 3136//3136 3137//3137 3138//3138
f 3139//3139 3140//3140 3141//3141
f 3142//3142 3143//3143 3144//3144
f 3145//3145 3146//3146 3147//3147
f 3148//3148 3149//3149 3150//3150
f 3151//3151 3152//3152 3153//3153
f 3154//3154 3155//3155 3156//3156
f 3157//3157 3158//3158 3159//3159
f 3160//3160 3161//3161 3162//3162
f 3163//3163 3164//3164 3165//3165
f 3166//3166 3167//3167 3168//3168
f 3169//3169 3170//3170 3171//3171
f 3172//3172 3173//3173 3174//3174
f 3175//3175 3176//3176 3177//3177
f 3178//3178 3179//3179 3180//3180
f 3181//3181 3182//3182 3183//3183
f 3184//3184 3185//3185 3186//3186
f 3187//3187 3188//3188 3189//3189
f 3190//3190 3191//3191 3192//3192
f 3193//3193 3194//3194 3195//3195
f 3196//3196 3197//3197 3198//3198
f 3199//3199 3148//3148 3150//3150
f 3200//3200 3201//3201 3202//3202
f 3203//3203 3204//3204 3205//3205
f 3206//3206 3207//3207 3208//3208
f 3209//3209 3210//3210 3211//3211
f 3212//3212 3213//3213 3214//3214
f 3215//3215 3216//3216 3217//3217
f 3218//3218 3219//3219 3220//3220
f 3221//3221 3222//3222 3223//3223
f 3224//3224 3225//3225 3226//3226
f 3227//3227 3228//3228 3229//3229
f 3230//3230 3231//3231 3232//3232
f 3233//3233 3234//3234 3235//3235
f 3236//3236 3237//3237 3238//3238
f 3239//3239 3240//3240 3241//3241
f 3242//3242 3243//3243 3244//3244
f 3245//3245 3246//3246 3247//3247
f 3248//3248 3249//3249 3250//3250
f 3251//3251 3252//3252 3253//3253
f 3254//3254 3255//3255 3256//3256
f 3257//3257 3258//3258 3259//3259
f 3260//3260 3261//3261 3262//3262
f 3263//3263 3264//3264 3265//3265
f 3266//3266 3267//3267 3268//3268
f 3269//3269 3270//3270 3271//3271
f 3272//3272 3273//3273 3274//3274
f 3275//3275 3276//3276 3277//3277
f 3278//3278 3279//3279 3280//3280
f 3281//3281 3282//3282 3283//3283
f 3284//3284 3285//3285 3286//3286
f 3287//3287 3288//3288 3289//3289
f 3290//3290 3291//3291 3292//3292
f 3293//3293 3294//3294 3295//3295
f 3296//3296 3297//3297 3298//3298
f 3299//3299 3300//3300 3301//3301
f 3302//3302 3303//3303 3304//3304
f 3305//3305 3306//3306 3307//3307
f 3308//3308 3309//3309 3310//3310
f 3311//3311 3312//3312 3313//3313
f 3314//3314 3315//3315 3316//3316
f 3317//3317 3318//3318 3319//3319
f 3320//3320 3321//3321 3322//3322
f 3323//3323 3324//3324 3325//3325
f 3326//3326 3327//3327 3328//3328
f 3329//3329 3330//3330 3331//3331
f 3332//3332 3333//3333 3334//3334
f 3335//3335 3336//3336 3337//3337
f 3338//3338 3339//3339 3340//3340
f 3341//3341 3342//3342 3343//3343
f 3344//3344 3345//3345 3346//3346
f 3347//3347 3302//3302 3304//3304
f 3348//3348 3349//3349 3350//3350
f 3351//3351 3352//3352 3353//3353
f 3354//3354 3355//3355 3356//3356
f 3357//3357 3358//3358 3359//3359
f 3360//3360 3361//3361 3362//3362
f 3363//3363 3364//3364 3365//3365
f 3366//3366 3367//3367 3368//3368
f 3369//3369 3370//3370 3371//3371
f 3372//3372 3373//3373 3374//3374
f 3375//3375 3376//3376 3377//3377
f 3378//3378 3379//3379 3380//3380
f 3381//3381 3382//3382 3383//3383
f 3384//3384 3385//3385 3386//3386
f 3387//3387 3388//3388 3389//3389
f 3390//3390 3391//3391 3392//3392
f 3393//3393 3394//3394 3395//3395
f 3396//3396 3397//3397 3398//3398
f 3399//3399 3400//3400 3401//3401
f 3402//3402 3403//3403 3404//3404
f 3405//3405 3406//3406 3407//3407
f 3408//3408 3409//3409 3410//3410
f 3411//3411 3412//3412 3413//3413
f 3414//3414 3415//3415 3416//3416
f 3417//3417 3418//3418 3419//3419
f 3420//3420 3421//3421 3422//3422
f 3423//3423 3424//3424 3425//3425
f 3426//3426 3427//3427 3428//3428
f 3429//3429 3430//3430 3431//3431
f 3432//3432 3433//3433 3434//3434
f 3435//3435 3436//3436 3437//3437
f 3438//3438 3439//3439 3440//3440
f 3441//3441 3442//3442 3443//3443
f 3444//3444 3445//3445 3446//3446
f 3447//3447 3448//3448 3449//3449
f 3450//3450 3451//3451 3452//3452
f 3453//3453 3454//3454 3455//3455
f 3456//3456 3457//3457 3458//3458
f 3459//3459 3460//3460 3461//3461
f 3462//3462 3463//3463 3464//3464
f 3465//3465 3466//3466 3467//3467
f 3468//3468 3469//3469 3470//3470
f 3471//3471 3472//3472 3473//3473
f 3474//3474 3475//3475 3476//3476
f 3477//3477 3478//3478 3479//3479
f 3480//3480 3481//3481 3482//3482
f 3483//3483 3484//3484 3485//3485
f 3486//3486 3487//3487 3488//3488
f 3489//3489 3490//3490 3491//3491
f 3492//3492 3493//3493 3494//3494
f 3495//3495 3496//3496 3497//3497
f 3498//3498 3499//3499 3500//3500
f 3501//3501 3502//3502 3503//3503
f 3504//3504 3505//3505 3506//3506
f 3507//3507 3508//3508 3509//3509
f 3510//3510 3511//3511 3512//3512
f 3513//3513 3514//3514 3515//3515
f 3516//3516 3517//3517 3518//3518
f 3519//3519 3520//3520 3521//3521
f 3522//3522 3523//3523 3524//3524
f 3525//3525 3526//3526 3527//3527
f 3528//3528 3529//3529 3530//3530
f 3531//3531 3532//3532 3533//3533
f 3534//3534 3535//3535 3536//3536
f 3537//3537 3538//3538 3539//3539
f 3540//3540 3541//3541 3542//3542
f 3543//3543 3544//3544 3545//3545
f 3546//3546 3547//3547 3548//3548
f 3549//3549 3550//3550 3551//3551
f 3552//3552 3553//3553 3554//3554
f 3555//3555 3556//3556 3557//3557
f 3558//3558 3559//3559 3560//3560
f 3561//3561 3562//3562 3563//3563
f 3564//3564 3565//3565 3566//3566
f 3567//3567 3568//3568 3569//3569
f 3570//3570 3571//3571 3572//3572
f 3573//3573 3574//3574 3575//3575
f 3576//3576 3577//3577 3578//3578
f 3579//3579 3580//3580 3581//3581
f 3582//3582 3583//3583 3584//3584
f 3585//3585 3586//3586 3587//3587
f 3588//3588 3589//3589 3590//3590
f 3591//3591 3592//3592 3593//3593
f 3594//3594 3595//3595 3596//3596
f 3597//3597 3598//3598 3599//3599
f 3600//3600 3601//3601 3602//3602
f 3603//3603 3604//3604 3605//3605
f 3606//3606 3607//3607 3608//3608
f 3609//3609 3610//3610 3611//3611
f 3612//3612 3613//3613 3614//3614
f 3615//3615 3616//3616 3617//3617
f 3618//3618 3619//3619 3620//3620
f 3621//3621 3622//3622 3623//3623
f 3624//3624 3625//3625 3626//3626
f 3627//3627 3628//3628 3629//3629
f 3630//3630 3631//3631 3632//3632
f 3633//3633 3634//3634 3635//3635
f 3636//3636 3637//3637 3638//3638
f 3639//3639 3640//3640 3641//3641
f 3642//3642 3643//3643 3644//3644
f 3645//3645 3646//3646 3647//3647
f 3648//3648 3649//3649 3650//3650
f 3651//3651 3652//3652 3653//3653
f 3654//3654 3655//3655 3656//3656
f 3657//3657 3658//3658 3659//3659
f 3660//3660 3661//3661 3662//3662
f 3663//3663 3664//3664 3665//3665
f 3666//3666 3667//3667 3668//3668
f 3669//3669 3670//3670 3671//3671
f 3672//3672 3673//3673 3674//3674
f 3675//3675 3676//3676 3677//3677
f 3678//3678 3679//3679 3680//3680
f 3681//3681 3682//3682 3683//3683
f 3684//3684 3685//3685 3686//3686
f 3687//3687 3688//3688 3689//3689
f 3690//3690 3691//3691 3692//3692
f 3693//3693 3694//3694 3695//3695
f 3696//3696 3697//3697 3698//3698
f 3699//3699 3700//3700 3701//3701
f 3702//3702 3703//3703 3704//3704
f 3705//3705 3706//3706 3707//3707
f 3707//3707 3706//3706 3708//3708
f 3709//3709 3710//3710 3711//3711
f 3711//3711 3710//3710 3712//3712
f 3713//3713 3714//3714 3715//3715
f 3713//3713 3715//3715 3716//3716
f 3717//3717 3718//3718 3719//3719
f 3720//3720 3721//3721 3722//3722
f 3722//3722 3721//3721 3723//3723
f 3724//3724 3725//3725 3726//3726
f 3727//3727 3728//3728 3729//3729
f 3730//3730 3731//3731 3732//3732
f 3733//3733 3734//3734 3735//3735
f 3724//3724 3736//3736 3725//3725
f 3737//3737 3738//3738 3739//3739
f 3740//3740 3741//3741 3742//3742
f 3743//3743 3744//3744 3745//3745
f 3746//3746 3747//3747 3748//3748
f 3749//3749 3750//3750 3751//3751
f 3752//3752 3753//3753 3754//3754
f 3755//3755 3756//3756 3757//3757
f 3755//3755 3757//3757 3758//3758
f 3759//3759 3760//3760 3761//3761
f 3762//3762 3763//3763 3764//3764
f 3764//3764 3763//3763 3765//3765
f 3766//3766 3767//3767 3768//3768
f 3768//3768 3767//3767 3769//3769
f 3770//3770 3771//3771 3772//3772
f 3773//3773 3774//3774 3775//3775
f 3776//3776 3777//3777 3778//3778
f 3779//3779 3780//3780 3781//3781
f 3782//3782 3783//3783 3784//3784
f 3785//3785 3786//3786 3787//3787
f 3785//3785 3787//3787 3788//3788
f 3789//3789 3790//3790 3791//3791
f 3791//3791 3790//3790 3792//3792
f 3793//3793 3794//3794 3795//3795
f 3793//3793 3795//3795 3796//3796
f 3797//3797 3798//3798 3799//3799
f 3797//3797 3799//3799 3800//3800
f 3801//3801 3802//3802 3803//3803
f 3804//3804 3805//3805 3806//3806
f 3807//3807 3808//3808 3809//3809
f 3809//3809 3808//3808 3810//3810
f 3811//3811 3812//3812 3813//3813
f 3814//3814 3815//3815 3816//3816
f 3817//3817 3818//3818 3819//3819
f 3820//3820 3821//3821 3822//3822
f 3823//3823 3824//3824 3825//3825
f 3825//3825 3824//3824 3826//3826
f 3827//3827 3828//3828 3829//3829
f 3829//3829 3828//3828 3830//3830
f 3831//3831 3832//3832 3833//3833
f 3831//3831 3833//3833 3834//3834
f 3835//3835 3836//3836 3837//3837
f 3838//3838 3839//3839 3840//3840
f 3841//3841 3842//3842 3843//3843
f 3844//3844 3845//3845 3846//3846
f 3847//3847 3848//3848 3849//3849
f 3850//3850 3851//3851 3852//3852
f 3853//3853 3854//3854 3855//3855
f 3856//3856 3857//3857 3858//3858
f 3858//3858 3857//3857 3859//3859
f 3860//3860 3861//3861 3862//3862
f 3863//3863 3864//3864 3865//3865
f 3866//3866 3867//3867 3868//3868
f 3868//3868 3867//3867 3869//3869
f 3870//3870 3871//3871 3872//3872
f 3872//3872 3871//3871 3873//3873
f 3874//3874 3875//3875 3876//3876
f 3877//3877 3878//3878 3879//3879
f 3880//3880 3881//3881 3882//3882
f 3883//3883 3884//3884 3885//3885
f 3886//3886 3887//3887 3888//3888
f 3888//3888 3887//3887 3889//3889
f 3890//3890 3891//3891 3892//3892
f 3893//3893 3894//3894 3895//3895
f 3896//3896 3897//3897 3898//3898
f 3898//3898 3897//3897 3899//3899
f 3900//3900 3901//3901 3902//3902
f 3903//3903 3904//3904 3905//3905
f 3906//3906 3907//3907 3908//3908
f 3909//3909 3910//3910 3911//3911
f 3912//3912 3913//3913 3914//3914
f 3915//3915 3916//3916 3917//3917
f 3918//3918 3919//3919 3920//3920
f 3921//3921 3922//3922 3923//3923
f 3924//3924 3925//3925 3926//3926
f 3927//3927 3928//3928 3929//3929
f 3930//3930 3931//3931 3932//3932
f 3933//3933 3934//3934 3935//3935
f 3936//3936 3937//3937 3938//3938
f 3939//3939 3940//3940 3941//3941
f 3942//3942 3943//3943 3944//3944
f 3944//3944 3943//3943 3945//3945
f 3946//3946 3947//3947 3948//3948
f 3948//3948 3947//3947 3949//3949
f 3950//3950 3951//3951 3952//3952
f 3953//3953 3954//3954 3955//3955
f 3956//3956 3957//3957 3958//3958
f 3959//3959 3960//3960 3961//3961
f 3962//3962 3963//3963 3964//3964
f 3964//3964 3963//3963 3965//3965
f 3966//3966 3967//3967 3968//3968
f 3969//3969 3970//3970 3971//3971
f 3972//3972 3973//3973 3974//3974
f 3974//3974 3973//3973 3975//3975
f 3976//3976 3977//3977 3978//3978
f 3979//3979 3980//3980 3981//3981
f 3982//3982 3983//3983 3984//3984
f 3985//3985 3986//3986 3987//3987
f 3988//3988 3989//3989 3990//3990
f 3991//3991 3992//3992 3993//3993
f 3994//3994 3995//3995 3996//3996
f 3997//3997 3998//3998 3999//3999
f 4000//4000 4001//4001 4002//4002
f 4002//4002 4001//4001 4003//4003
f 4004//4004 4005//4005 4006//4006
f 4007//4007 4008//4008 4009//4009
f 4010//4010 4011//4011 4012//4012
f 4012//4012 4011//4011 4013//4013
f 4014//4014 4015//4015 4016//4016
f 4017//4017 4018//4018 4019//4019
f 4020//4020 4021//4021 4022//4022
f 4023//4023 4024//4024 4025//4025
f 4026//4026 4027//4027 4028//4028
f 4029//4029 4030//4030 4031//4031
f 4032//4032 4033//4033 4034//4034
f 4035//4035 4036//4036 4037//4037
f 4038//4038 4039//4039 4040//4040
f 4040//4040 4039//4039 4041//4041
f 4042//4042 4043//4043 4044//4044
f 4045//4045 4046//4046 4047//4047
f 4048//4048 4049//4049 4050//4050
f 4050//4050 4049//4049 4051//4051
f 4052//4052 4053//4053 4054//4054
f 4054//4054 4053//4053 4055//4055
f 4056//4056 4057//4057 4058//4058
f 4059//4059 4060//4060 4061//4061
f 4062//4062 4063//4063 4064//4064
f 4065//4065 4066//4066 4067//4067
f 4068//4068 4069//4069 4070//4070
f 4071//4071 4072//4072 4073//4073
f 4074//4074 4075//4075 4076//4076
f 4076//4076 4075//4075 4077//4077
f 4078//4078 4079//4079 4080//4080
f 4080//4080 4079//4079 4081//4081
f 4082//4082 4083//4083 4084//4084
f 4084//4084 4083//4083 4085//4085
f 4086//4086 4087//4087 4088//4088
f 4089//4089 4090//4090 4091//4091
f 4092//4092 4093//4093 4094//4094
f 4095//4095 4096//4096 4097//4097
f 4098//4098 4099//4099 4100//4100
f 4101//4101 4102//4102 4103//4103
f 4104//4104 4105//4105 4106//4106
f 4107//4107 4108//4108 4109//4109
f 4110//4110 4111//4111 4112//4112
f 4112//4112 4111//4111 4113//4113
f 4114//4114 4115//4115 4116//4116
f 4117//4117 4118//4118 4119//4119
f 4120//4120 4121//4121 4122//4122
f 4122//4122 4121//4121 4123//4123
f 4124//4124 4125//4125 4126//4126
f 4126//4126 4125//4125 4127//4127
f 4128//4128 4129//4129 4130//4130
f 4131//4131 4132//4132 4133//4133
f 4134//4134 4135//4135 4136//4136
f 4137//4137 4138//4138 4139//4139
f 4140//4140 4141//4141 4142//4142
f 4143//4143 4144//4144 4145//4145
f 4146//4146 4147//4147 4148//4148
f 4148//4148 4147//4147 4149//4149
f 4150//4150 4151//4151 4152//4152
f 4153//4153 4154//4154 4155//4155
f 4156//4156 4157//4157 4158//4158
f 4159//4159 4160//4160 4161//4161
f 4162//4162 4163//4163 4164//4164
f 4165//4165 4166//4166 4167//4167
f 4168//4168 4169//4169 4170//4170
f 4170//4170 4169//4169 4171//4171
f 4172//4172 4173//4173 4174//4174
f 4174//4174 4173//4173 4175//4175
f 4176//4176 4177//4177 4178//4178
f 4179//4179 4180//4180 4181//4181
f 4182//4182 4183//4183 4184//4184
f 4184//4184 4183//4183 4185//4185
f 4186//4186 4187//4187 4188//4188
f 4188//4188 4187//4187 4189//4189
f 4190//4190 4191//4191 4192//4192
f 4192//4192 4191//4191 4193//4193
f 4194//4194 4195//4195 4196//4196
f 4197//4197 4198//4198 4199//4199
f 4200//4200 4201//4201 4202//4202
f 4203//4203 4204//4204 4205//4205
f 4206//4206 4207//4207 4208//4208
f 4209//4209 4210//4210 4211//4211
f 4212//4212 4213//4213 4214//4214
f 4215//4215 4216//4216 4217//4217
f 4218//4218 4219//4219 4220//4220
f 4220//4220 4219//4219 4221//4221
f 4222//4222 4223//4223 4224//4224
f 4225//4225 4226//4226 4227//4227
f 4228//4228 4229//4229 4230//4230
f 4231//4231 4232//4232 4233//4233
f 4234//4234 4235//4235 4236//4236
f 4237//4237 4238//4238 4239//4239
f 4240//4240 4241//4241 4242//4242
f 4243//4243 4244//4244 4245//4245
f 4246//4246 4247//4247 4248//4248
f 4249//4249 4250//4250 4251//4251
f 4252//4252 4253//4253 4254//4254
f 4254//4254 4253//4253 4255//4255
f 4256//4256 4257//4257 4258//4258
f 4259//4259 4260//4260 4261//4261
f 4262//4262 4263//4263 4264//4264
f 4265//4265 4266//4266 4267//4267
f 4268//4268 4269//4269 4270//4270
f 4271//4271 4272//4272 4273//4273
f 4274//4274 4275//4275 4276//4276
f 4276//4276 4275//4275 4277//4277
f 4278//4278 4279//4279 4280//4280
f 4281//4281 4282//4282 4283//4283
f 4284//4284 4285//4285 4286//4286
f 4287//4287 4288//4288 4289//4289
f 4290//4290 4291//4291 4292//4292
f 4293//4293 4294//4294 4295//4295
f 4296//4296 4297//4297 4298//4298
f 4299//4299 4300//4300 4301//4301
f 4302//4302 4303//4303 4304//4304
f 4305//4305 4306//4306 4307//4307
f 4308//4308 4309//4309 4310//4310
f 4311//4311 4312//4312 4313//4313
f 4314//4314 4315//4315 4316//4316
f 4317//4317 4318//4318 4319//4319
f 4320//4320 4321//4321 4322//4322
f 4323//4323 4324//4324 4325//4325
f 4326//4326 4327//4327 4328//4328
f 4329//4329 4330//4330 4331//4331
f 4332//4332 4333//4333 4334//4334
f 4335//4335 4336//4336 4337//4337
f 4338//4338 4339//4339 4340//4340
f 4340//4340 4339//4339 4341//4341
f 4342//4342 4343//4343 4344//4344
f 4345//4345 4346//4346 4347//4347
f 4348//4348 4349//4349 4350//4350
f 4351//4351 4352//4352 4353//4353
f 4354//4354 4355//4355 4356//4356
f 4357//4357 4358//4358 4359//4359
f 4360//4360 4361//4361 4362//4362
f 4363//4363 4364//4364 4365//4365
f 4366//4366 4367//4367 4368//4368
f 4369//4369 4370//4370 4371//4371
f 4372//4372 4373//4373 4374//4374
f 4375//4375 4376//4376 4377//4377
f 4378//4378 4379//4379 4380//4380
f 4381//4381 4382//4382 4383//4383
f 4384//4384 4385//4385 4386//4386
f 4387//4387 4388//4388 4389//4389
f 4390//4390 4391//4391 4392//4392
f 4393//4393 4394//4394 4395//4395
f 4396//4396 4397//4397 4398//4398
f 4399//4399 4400//4400 4401//4401
f 4402//4402 4375//4375 4377//4377
f 4403//4403 4404//4404 4405//4405
f 4406//4406 4407//4407 4408//4408
f 4409//4409 4410//4410 4411//4411
f 4412//4412 4413//4413 4414//4414
f 4415//4415 4416//4416 4417//4417
f 4418//4418 4419//4419 4420//4420
f 4421//4421 4422//4422 4423//4423
f 4423//4423 4422//4422 4424//4424
f 4425//4425 4426//4426 4427//4427
f 4428//4428 4429//4429 4430//4430
f 4429//4429 4431//4431 4430//4430
f 4430//4430 4431//4431 4432//4432
f 4433//4433 4434//4434 4435//4435
f 4436//4436 4437//4437 4438//4438
f 4439//4439 4440//4440 4441//4441
f 4441//4441 4440//4440 4442//4442
f 4443//4443 4444//4444 4445//4445
f 4446//4446 4447//4447 4448//4448
f 4449//4449 4450//4450 4451//4451
f 4452//4452 4453//4453 4454//4454
f 4455//4455 4456//4456 4457//4457
f 4454//4454 4453//4453 4458//4458
f 4459//4459 4460//4460 4461//4461
f 4462//4462 4463//4463 4464//4464
f 4465//4465 4466//4466 4467//4467
f 4468//4468 4469//4469 4470//4470
f 4471//4471 4472//4472 4473//4473
f 4474//4474 4475//4475 4476//4476
f 4477//4477 4478//4478 4479//4479
f 4480//4480 4481//4481 4482//4482
f 4483//4483 4484//4484 4485//4485
f 4486//4486 4487//4487 4488//4488
f 4489//4489 4490//4490 4491//4491
f 4492//4492 4493//4493 4494//4494
f 4495//4495 4496//4496 4497//4497
f 4498//4498 4499//4499 4500//4500
f 4501//4501 4502//4502 4503//4503
f 4504//4504 4505//4505 4506//4506
f 4507//4507 4508//4508 4509//4509
f 4510//4510 4511//4511 4512//4512
f 4513//4513 4514//4514 4515//4515
f 4516//4516 4517//4517 4518//4518
f 4519//4519 4520//4520 4521//4521
f 4522//4522 4523//4523 4524//4524
f 4525//4525 4526//4526 4527//4527
f 4528//4528 4529//4529 4530//4530
f 4531//4531 4532//4532 4533//4533
f 4534//4534 4535//4535 4536//4536
f 4537//4537 4538//4538 4539//4539
f 4540//4540 4541//4541 4542//4542
f 4543//4543 4544//4544 4545//4545
f 4546//4546 4547//4547 4548//4548
f 3704//3704 3703//3703 4549//4549
f 4550//4550 4551//4551 4552//4552
f 4553//4553 4554//4554 4555//4555
f 4556//4556 4557//4557 4558//4558
f 4559//4559 4560//4560 4561//4561
f 4562//4562 4563//4563 4564//4564
f 4565//4565 4566//4566 4567//4567
f 4568//4568 4569//4569 4570//4570
f 4571//4571 4572//4572 4573//4573
f 4574//4574 4575//4575 4570//4570
f 4576//4576 4577//4577 4578//4578
f 4579//4579 4580//4580 4581//4581
f 4582//4582 4583//4583 4584//4584
f 4585//4585 4586//4586 4587//4587
f 4588//4588 4589//4589 4590//4590
f 4591//4591 4592//4592 4593//4593
f 4594//4594 4595//4595 4596//4596
f 4597//4597 4598//4598 4599//4599
f 4600//4600 4601//4601 4602//4602
f 4603//4603 4604//4604 4605//4605
f 4603//4603 4605//4605 4606//4606
f 4607//4607 4608//4608 4609//4609
f 4607//4607 4609//4609 4610//4610
f 4611//4611 4612//4612 4613//4613
f 4614//4614 4615//4615 4616//4616
f 4617//4617 4618//4618 4619//4619
f 4620//4620 4621//4621 4622//4622
f 4623//4623 4624//4624 4625//4625
f 4626//4626 4627//4627 4628//4628
f 4629//4629 4630//4630 4631//4631
f 4632//4632 4633//4633 4634//4634
f 4635//4635 4636//4636 4637//4637
f 4638//4638 4639//4639 4640//4640
f 4641//4641 4642//4642 4643//4643
f 4644//4644 4645//4645 4646//4646
f 4647//4647 4648//4648 4649//4649
f 4650//4650 4651//4651 4652//4652
f 4653//4653 4654//4654 4655//4655
f 4656//4656 4657//4657 4658//4658
f 4659//4659 4660//4660 4661//4661
f 4660//4660 4659//4659 4662//4662
f 4663//4663 4664//4664 4665//4665
f 4627//4627 4666//4666 4628//4628
f 4667//4667 4668//4668 4669//4669
f 4670//4670 4671//4671 4672//4672
f 4673//4673 4674//4674 4675//4675
f 4676//4676 4677//4677 4678//4678
f 4679//4679 4680//4680 4681//4681
f 4682//4682 4683//4683 4684//4684
f 4685//4685 4686//4686 4687//4687
f 4687//4687 4686//4686 4688//4688
f 4689//4689 4690//4690 4691//4691
f 4692//4692 4693//4693 4694//4694
f 4692//4692 4694//4694 4695//4695
f 4696//4696 4697//4697 4698//4698
f 4699//4699 4700//4700 4701//4701
f 4702//4702 4703//4703 4704//4704
f 4705//4705 4706//4706 4707//4707
f 4708//4708 4709//4709 4710//4710
f 4711//4711 4712//4712 4713//4713
f 4714//4714 4715//4715 4716//4716
f 4717//4717 4718//4718 4719//4719
f 4719//4719 4718//4718 4720//4720
f 4721//4721 4722//4722 4723//4723
f 4723//4723 4722//4722 4724//4724
f 4725//4725 4726//4726 4727//4727
f 4728//4728 4729//4729 4730//4730
f 4731//4731 4732//4732 4733//4733
f 4734//4734 4735//4735 4736//4736
f 4736//4736 4735//4735 4737//4737
f 4738//4738 4739//4739 4740//4740
f 4741//4741 4742//4742 4743//4743
f 4744//4744 4745//4745 4746//4746
f 4747//4747 4748//4748 4749//4749
f 4750//4750 4751//4751 4752//4752
f 4753//4753 4754//4754 4755//4755
f 4755//4755 4754//4754 4756//4756
f 4757//4757 4758//4758 4759//4759
f 4759//4759 4758//4758 4760//4760
f 4761//4761 4762//4762 4763//4763
f 4764//4764 4765//4765 4766//4766
f 4767//4767 4768//4768 4769//4769
f 4770//4770 4771//4771 4772//4772
f 4773//4773 4774//4774 4775//4775
f 4776//4776 4777//4777 4778//4778
f 4779//4779 4780//4780 4781//4781
f 4782//4782 4783//4783 4784//4784
f 4785//4785 4786//4786 4787//4787
f 4788//4788 4789//4789 4790//4790
f 4791//4791 4792//4792 4793//4793
f 4794//4794 4795//4795 4796//4796
f 4796//4796 4795//4795 4797//4797
f 4798//4798 4799//4799 4800//4800
f 4801//4801 4802//4802 4803//4803
f 4804//4804 4619//4619 4618//4618
f 4805//4805 4806//4806 4807//4807
f 4808//4808 4809//4809 4810//4810
f 4811//4811 4812//4812 4813//4813
f 4814//4814 4815//4815 4816//4816
f 4817//4817 4818//4818 4819//4819
f 4820//4820 4821//4821 4822//4822
f 4823//4823 4824//4824 4825//4825
f 4826//4826 4827//4827 4828//4828
f 4829//4829 4830//4830 4831//4831
f 4832//4832 4833//4833 4834//4834
f 4835//4835 4836//4836 4837//4837
f 4837//4837 4836//4836 4838//4838
f 4839//4839 4840//4840 4841//4841
f 4842//4842 4843//4843 4844//4844
f 4845//4845 4846//4846 4847//4847
f 4848//4848 4849//4849 4850//4850
f 4851//4851 4852//4852 4853//4853
f 4854//4854 4855//4855 4856//4856
f 4857//4857 4858//4858 4859//4859
f 4860//4860 4861//4861 4862//4862
f 4863//4863 4864//4864 4865//4865
f 4866//4866 4867//4867 4868//4868
f 4869//4869 4368//4368 4367//4367
f 4371//4371 4870//4870 4369//4369
f 4871//4871 4872//4872 4873//4873
f 4874//4874 4875//4875 4876//4876
f 4877//4877 4878//4878 4879//4879
f 4880//4880 4881//4881 4882//4882
f 4883//4883 4884//4884 4885//4885
f 4886//4886 4887//4887 4888//4888
f 4889//4889 4890//4890 4891//4891
f 4892//4892 4893//4893 4894//4894
f 4895//4895 4896//4896 4897//4897
f 4898//4898 4899//4899 4900//4900
f 4901//4901 4902//4902 4903//4903
f 4904//4904 4905//4905 4906//4906
f 4907//4907 4908//4908 4909//4909
f 4910//4910 4911//4911 4912//4912
f 4913//4913 4914//4914 4915//4915
f 4916//4916 4917//4917 4918//4918
f 4919//4919 4920//4920 4921//4921
f 4922//4922 4923//4923 4924//4924
f 4925//4925 4926//4926 4927//4927
f 4928//4928 4929//4929 4930//4930
f 4931//4931 4932//4932 4933//4933
f 4934//4934 4935//4935 4936//4936
f 4937//4937 4938//4938 4939//4939
f 4940//4940 4941//4941 4942//4942
f 4943//4943 4944//4944 4945//4945
f 4946//4946 4947//4947 4948//4948
f 4949//4949 4950//4950 4951//4951
f 4952//4952 4953//4953 4954//4954
f 4955//4955 4956//4956 4957//4957
f 4958//4958 4959//4959 4960//4960
f 4961//4961 4962//4962 4963//4963
f 4964//4964 4965//4965 4966//4966
f 4967//4967 4968//4968 4969//4969
f 4970//4970 4971//4971 4972//4972
f 4973//4973 4974//4974 4975//4975
f 4976//4976 4977//4977 4978//4978
f 4979//4979 4980//4980 4981//4981
f 4982//4982 4983//4983 4984//4984
f 4985//4985 4986//4986 4987//4987
f 4988//4988 4989//4989 4990//4990
f 4991//4991 4992//4992 4993//4993
f 4994//4994 4995//4995 4996//4996
f 4997//4997 4998//4998 4999//4999
f 5000//5000 5001//5001 5002//5002
f 5003//5003 5004//5004 5005//5005
f 5006//5006 5007//5007 5008//5008
f 5009//5009 5010//5010 5011//5011
f 5012//5012 5013//5013 5014//5014
f 5015//5015 5016//5016 5017//5017
f 5018//5018 5019//5019 5020//5020
f 5020//5020 5019//5019 5021//5021
f 5022//5022 5023//5023 5024//5024
f 5025//5025 5026//5026 5027//5027
f 5028//5028 5029//5029 5030//5030
f 5031//5031 5032//5032 5033//5033
f 5033//5033 5032//5032 5034//5034
f 5035//5035 5036//5036 5037//5037
f 5038//5038 5039//5039 5040//5040
f 5041//5041 5042//5042 5043//5043
f 5044//5044 5045//5045 5046//5046
f 5047//5047 5048//5048 5049//5049
f 5050//5050 5051//5051 5052//5052
f 5053//5053 5054//5054 5055//5055
f 5056//5056 5057//5057 5058//5058
f 5059//5059 5060//5060 5061//5061
f 5062//5062 5063//5063 5064//5064
f 5065//5065 5066//5066 5067//5067
f 5068//5068 5069//5069 5070//5070
f 5071//5071 5072//5072 5073//5073
f 5074//5074 5075//5075 5076//5076
f 5077//5077 5078//5078 5079//5079
f 5080//5080 5081//5081 5082//5082
f 5083//5083 5084//5084 5085//5085
f 5086//5086 5087//5087 5088//5088
f 5089//5089 5090//5090 5091//5091
f 5092//5092 5093//5093 5094//5094
f 5095//5095 5096//5096 5097//5097
f 5098//5098 5099//5099 5100//5100
f 5101//5101 5102//5102 5103//5103
f 5104//5104 5105//5105 5106//5106
f 5107//5107 5108//5108 5109//5109
f 5110//5110 5111//5111 5112//5112
f 5113//5113 5114//5114 5115//5115
f 5113//5113 5115//5115 5116//5116
f 4921//4921 5117//5117 4919//4919
f 5118//5118 5119//5119 5120//5120
f 5121//5121 5122//5122 5123//5123
f 5124//5124 5125//5125 5126//5126
f 5124//5124 5126//5126 5127//5127
f 5128//5128 5129//5129 5130//5130
f 5131//5131 5132//5132 5133//5133
f 5134//5134 5135//5135 5136//5136
f 5137//5137 5138//5138 5139//5139
f 5140//5140 5141//5141 5142//5142
f 5143//5143 5144//5144 5145//5145
f 5146//5146 5147//5147 5148//5148
f 5149//5149 5150//5150 5151//5151
f 5152//5152 5153//5153 5154//5154
f 5155//5155 5156//5156 5157//5157
f 5158//5158 5159//5159 5160//5160
f 5158//5158 5160//5160 5161//5161
f 5162//5162 5163//5163 5164//5164
f 5165//5165 5166//5166 5167//5167
f 5168//5168 5169//5169 5170//5170
f 5171//5171 5172//5172 5173//5173
f 5174//5174 5175//5175 5176//5176
f 5177//5177 5178//5178 5179//5179
f 5180//5180 5181//5181 5182//5182
f 5183//5183 5184//5184 5185//5185
f 5186//5186 5187//5187 5188//5188
f 5186//5186 5188//5188 5189//5189
f 5190//5190 5191//5191 5192//5192
f 5193//5193 5194//5194 5195//5195
f 5196//5196 5197//5197 5198//5198
f 5199//5199 5200//5200 5201//5201
f 5202//5202 5203//5203 5204//5204
f 5205//5205 5206//5206 5207//5207
f 5208//5208 5209//5209 5210//5210
f 5211//5211 5212//5212 5213//5213
f 5214//5214 5215//5215 5216//5216
f 5217//5217 5218//5218 5219//5219
f 5220//5220 5221//5221 5222//5222
f 5220//5220 5222//5222 5223//5223
f 5224//5224 5225//5225 5226//5226
f 5227//5227 5228//5228 5229//5229
f 5230//5230 5231//5231 5232//5232
f 5233//5233 5234//5234 5235//5235
f 5236//5236 5237//5237 5238//5238
f 5236//5236 5238//5238 5239//5239
f 5240//5240 5241//5241 5242//5242
f 5240//5240 5242//5242 5243//5243
f 5244//5244 5245//5245 5246//5246
f 5244//5244 5246//5246 5247//5247
f 5248//5248 5249//5249 5250//5250
f 5251//5251 5252//5252 5253//5253
f 5254//5254 5255//5255 5256//5256
f 5257//5257 5258//5258 5259//5259
f 5260//5260 5261//5261 5262//5262
f 5263//5263 5264//5264 5265//5265
f 5266//5266 5267//5267 5268//5268
f 5269//5269 5270//5270 5271//5271
f 5272//5272 5273//5273 5274//5274
f 5272//5272 5274//5274 5275//5275
f 5276//5276 5277//5277 5278//5278
f 5279//5279 5280//5280 5281//5281
f 5282//5282 5283//5283 5284//5284
f 5285//5285 5286//5286 5287//5287
f 5288//5288 5289//5289 5290//5290
f 5291//5291 5292//5292 5293//5293
f 5294//5294 5295//5295 5296//5296
f 5297//5297 5298//5298 5299//5299
f 5297//5297 5299//5299 5300//5300
f 5301//5301 5302//5302 5303//5303
f 5304//5304 5305//5305 5306//5306
f 5307//5307 5308//5308 5309//5309
f 5310//5310 5311//5311 5312//5312
f 5313//5313 5314//5314 5315//5315
f 5316//5316 5317//5317 5318//5318
f 5319//5319 5320//5320 5321//5321
f 5322//5322 5323//5323 5324//5324
f 5325//5325 5326//5326 5327//5327
f 5328//5328 5329//5329 5330//5330
f 5331//5331 5332//5332 5333//5333
f 5334//5334 5335//5335 5336//5336
f 5337//5337 5338//5338 5339//5339
f 5340//5340 5341//5341 5342//5342
f 5343//5343 5344//5344 5345//5345
f 5346//5346 5347//5347 5348//5348
f 5349//5349 5350//5350 5351//5351
f 5352//5352 5353//5353 5354//5354
f 5355//5355 5356//5356 5357//5357
f 5355//5355 5357//5357 5358//5358
f 5359//5359 5360//5360 5361//5361
f 5362//5362 5363//5363 5364//5364
f 5365//5365 5366//5366 5367//5367
f 5368//5368 5369//5369 5370//5370
f 5371//5371 5372//5372 5373//5373
f 5374//5374 5375//5375 5376//5376
f 5377//5377 5378//5378 5379//5379
f 5380//5380 5381//5381 5382//5382
f 5380//5380 5382//5382 5383//5383
f 5384//5384 5385//5385 5386//5386
f 5387//5387 5388//5388 5389//5389
f 5390//5390 5391//5391 5392//5392
f 5390//5390 5392//5392 5393//5393
f 5394//5394 5395//5395 5396//5396
f 5397//5397 5398//5398 5399//5399
f 5400//5400 5401//5401 5402//5402
f 5403//5403 5404//5404 5405//5405
f 5406//5406 5407//5407 5408//5408
f 5409//5409 5410//5410 5411//5411
f 5412//5412 5413//5413 5414//5414
f 5415//5415 5416//5416 5417//5417
f 5418//5418 5419//5419 5420//5420
f 5421//5421 5422//5422 5423//5423
f 5424//5424 5425//5425 5426//5426
f 5427//5427 5428//5428 5429//5429
f 5430//5430 5431//5431 5432//5432
f 5433//5433 5434//5434 5435//5435
f 5436//5436 5437//5437 5438//5438
f 5436//5436 5438//5438 5439//5439
f 5440//5440 5441//5441 5442//5442
f 5443//5443 5444//5444 5445//5445
f 5446//5446 5447//5447 5448//5448
f 5449//5449 5450//5450 5451//5451
f 5452//5452 5453//5453 5454//5454
f 5455//5455 5456//5456 5457//5457
f 5458//5458 5459//5459 5460//5460
f 5461//5461 5462//5462 5463//5463
f 5464//5464 5465//5465 5466//5466
f 5467//5467 5468//5468 5469//5469
f 5470//5470 5471//5471 5472//5472
f 5473//5473 5474//5474 5475//5475
f 5476//5476 5477//5477 5478//5478
f 5479//5479 5480//5480 5481//5481
f 5482//5482 5483//5483 5484//5484
f 5485//5485 5486//5486 5487//5487
f 5488//5488 5489//5489 5490//5490
f 5491//5491 5492//5492 5493//5493
f 5491//5491 5493//5493 5494//5494
f 5495//5495 5496//5496 5497//5497
f 5498//5498 5499//5499 5500//5500
f 5501//5501 5502//5502 5503//5503
f 5504//5504 5505//5505 5506//5506
f 5507//5507 5508//5508 5509//5509
f 5510//5510 5511//5511 5512//5512
f 5513//5513 5514//5514 5515//5515
f 5516//5516 5517//5517 5518//5518
f 5519//5519 5520//5520 5521//5521
f 5522//5522 5523//5523 5524//5524
f 5525//5525 5526//5526 5527//5527
f 5528//5528 5529//5529 5530//5530
f 5531//5531 5532//5532 5533//5533
f 5534//5534 5535//5535 5536//5536
f 5537//5537 5538//5538 5539//5539
f 5537//5537 5539//5539 5540//5540
f 5541//5541 5542//5542 5543//5543
f 5541//5541 5543//5543 5544//5544
f 5545//5545 5546//5546 5547//5547
f 5548//5548 5549//5549 5550//5550
f 5551//5551 5552//5552 5553//5553
f 5554//5554 5555//5555 5556//5556
f 5557//5557 5558//5558 5559//5559
f 5560//5560 5561//5561 5562//5562
f 5563//5563 5564//5564 5565//5565
f 5566//5566 5567//5567 5568//5568
f 5569//5569 5570//5570 5571//5571
f 5572//5572 5573//5573 5574//5574
f 5575//5575 5576//5576 5577//5577
f 5578//5578 5579//5579 5580//5580
f 5581//5581 5582//5582 5583//5583
f 5584//5584 5585//5585 5586//5586
f 5587//5587 5588//5588 5589//5589
f 5590//5590 5591//5591 5592//5592
f 5593//5593 5594//5594 5595//5595
f 5596//5596 5597//5597 5598//5598
f 5599//5599 5600//5600 5601//5601
f 5602//5602 5603//5603 5604//5604
f 5605//5605 5606//5606 5607//5607
f 5608//5608 5609//5609 5610//5610
f 5611//5611 5612//5612 5613//5613
f 5614//5614 5615//5615 5616//5616
f 5617//5617 5618//5618 5619//5619
f 5620//5620 5621//5621 5622//5622
f 5623//5623 5624//5624 5625//5625
f 5626//5626 5627//5627 5628//5628
f 5629//5629 5630//5630 5631//5631
f 5632//5632 5633//5633 5634//5634
f 5635//5635 5636//5636 5637//5637
f 5638//5638 5639//5639 5640//5640
f 5641//5641 5642//5642 5643//5643
f 5644//5644 5645//5645 5646//5646
f 5647//5647 5648//5648 5649//5649
f 5650//5650 5651//5651 5652//5652
f 5653//5653 5654//5654 5655//5655
f 5656//5656 5657//5657 5658//5658
f 5659//5659 5660//5660 5661//5661
f 5662//5662 5663//5663 5664//5664
f 5665//5665 5666//5666 5667//5667
f 5668//5668 5669//5669 5670//5670
f 5671//5671 5672//5672 5673//5673
f 5674//5674 5675//5675 5676//5676
f 5677//5677 5678//5678 5679//5679
f 5680//5680 5681//5681 5682//5682
f 5683//5683 5684//5684 5685//5685
f 5686//5686 5687//5687 5688//5688
f 5689//5689 5690//5690 5691//5691
f 5692//5692 5693//5693 5694//5694
f 5695//5695 5696//5696 5697//5697
f 5698//5698 5699//5699 5700//5700
f 5701//5701 5702//5702 5703//5703
f 5704//5704 5705//5705 5706//5706
f 5707//5707 5708//5708 5709//5709
f 5710//5710 5711//5711 5712//5712
f 5713//5713 5714//5714 5715//5715
f 5716//5716 5717//5717 5718//5718
f 5719//5719 5720//5720 5721//5721
f 5722//5722 5723//5723 5724//5724
f 5725//5725 5726//5726 5727//5727
f 5728//5728 5729//5729 5730//5730
f 5731//5731 5732//5732 5733//5733
f 5734//5734 5735//5735 5736//5736
f 5737//5737 5738//5738 5739//5739
f 5740//5740 5741//5741 5742//5742
f 5743//5743 5744//5744 5745//5745
f 5746//5746 5747//5747 5748//5748
f 5749//5749 5750//5750 5751//5751
f 5752//5752 5753//5753 5754//5754
f 5755//5755 5756//5756 5757//5757
f 5758//5758 5759//5759 5760//5760
f 5761//5761 5762//5762 5763//5763
f 5764//5764 5765//5765 5766//5766
f 5767//5767 5768//5768 5769//5769
f 5770//5770 5771//5771 5772//5772
f 5773//5773 5774//5774 5775//5775
f 5776//5776 5777//5777 5778//5778
f 5779//5779 5780//5780 5781//5781
f 5782//5782 5783//5783 5784//5784
f 5785//5785 5786//5786 5787//5787
f 5788//5788 5789//5789 5790//5790
f 5791//5791 5792//5792 5793//5793
f 5794//5794 5795//5795 5796//5796
f 5797//5797 5798//5798 5799//5799
f 5800//5800 5801//5801 5802//5802
f 5803//5803 5804//5804 5805//5805
f 5806//5806 5807//5807 5808//5808
f 5809//5809 5810//5810 5811//5811
f 5812//5812 5813//5813 5814//5814
f 5815//5815 5816//5816 5817//5817
f 5818//5818 5819//5819 5820//5820
f 5821//5821 5822//5822 5823//5823
f 5824//5824 5825//5825 5826//5826
f 5827//5827 5828//5828 5829//5829
f 5830//5830 5831//5831 5832//5832
f 5833//5833 5834//5834 5835//5835
f 5836//5836 5837//5837 5838//5838
f 5839//5839 5840//5840 5841//5841
f 5842//5842 5843//5843 5844//5844
f 5845//5845 5846//5846 5847//5847
f 5848//5848 5849//5849 5850//5850
f 5851//5851 5852//5852 5853//5853
f 5854//5854 5855//5855 5856//5856
f 5857//5857 5858//5858 5859//5859
f 5860//5860 5861//5861 5862//5862
f 5863//5863 5864//5864 5865//5865
f 5866//5866 5867//5867 5868//5868
f 5869//5869 5870//5870 5871//5871
f 5872//5872 5873//5873 5874//5874
f 5875//5875 5876//5876 5877//5877
f 5878//5878 5879//5879 5880//5880
f 5881//5881 5882//5882 5883//5883
f 5884//5884 5885//5885 5886//5886
f 5887//5887 5888//5888 5889//5889
f 5890//5890 5891//5891 5892//5892
f 5893//5893 5894//5894 5895//5895
f 5896//5896 5897//5897 5898//5898
f 5899//5899 5900//5900 5901//5901
f 5901//5901 5900//5900 5902//5902
f 5903//5903 5904//5904 5905//5905
f 5906//5906 5907//5907 5908//5908
f 5909//5909 5910//5910 5911//5911
f 5911//5911 5910//5910 5912//5912
f 5913//5913 5914//5914 5915//5915
f 5915//5915 5914//5914 5916//5916
f 5917//5917 5918//5918 5919//5919
f 5920//5920 5921//5921 5922//5922
f 5923//5923 5924//5924 5925//5925
f 5926//5926 5927//5927 5928//5928
f 5929//5929 5930//5930 5931//5931
f 5931//5931 5930//5930 5932//5932
f 5933//5933 5934//5934 5935//5935
f 5935//5935 5934//5934 5936//5936
f 5937//5937 5938//5938 5939//5939
f 5940//5940 5941//5941 5942//5942
f 5943//5943 5944//5944 5945//5945
f 5945//5945 5944//5944 5946//5946
f 5947//5947 5948//5948 5949//5949
f 5950//5950 5951//5951 5952//5952
f 5953//5953 5954//5954 5955//5955
f 5955//5955 5954//5954 5956//5956
f 5957//5957 5958//5958 5959//5959
f 5960//5960 5961//5961 5962//5962
f 5963//5963 5964//5964 5965//5965
f 5966//5966 5967//5967 5968//5968
f 5969//5969 5970//5970 5971//5971
f 5971//5971 5970//5970 5972//5972
f 5973//5973 5974//5974 5975//5975
f 5976//5976 5977//5977 5978//5978
f 5979//5979 5980//5980 5981//5981
f 5982//5982 5983//5983 5984//5984
f 5985//5985 5986//5986 5987//5987
f 5988//5988 5989//5989 5990//5990
f 5991//5991 5992//5992 5993//5993
f 5994//5994 5995//5995 5996//5996
f 5997//5997 5998//5998 5999//5999
f 6000//6000 6001//6001 6002//6002
f 6003//6003 6004//6004 6005//6005
f 6006//6006 6007//6007 6008//6008
f 6009//6009 6010//6010 6011//6011
f 6012//6012 6013//6013 6014//6014
f 6015//6015 6016//6016 6017//6017
f 6018//6018 6019//6019 6020//6020
f 6021//6021 6022//6022 6023//6023
f 6024//6024 6025//6025 6026//6026
f 6027//6027 6028//6028 6029//6029
f 6030//6030 6031//6031 6032//6032
f 6033//6033 6034//6034 6035//6035
f 6036//6036 6037//6037 6038//6038
f 6039//6039 6040//6040 6041//6041
f 6042//6042 6043//6043 6044//6044
f 6045//6045 6046//6046 6047//6047
f 6048//6048 6049//6049 6050//6050
f 6051//6051 6052//6052 6053//6053
f 6054//6054 6055//6055 6056//6056
f 6057//6057 6058//6058 6059//6059
f 6060//6060 6061//6061 6062//6062
f 6063//6063 6064//6064 6065//6065
f 6066//6066 6067//6067 6068//6068
f 6069//6069 6070//6070 6071//6071
f 6072//6072 6073//6073 6074//6074
f 6072//6072 6074//6074 6075//6075
f 6076//6076 6077//6077 6078//6078
f 6079//6079 6080//6080 6081//6081
f 6082//6082 6083//6083 6084//6084
f 6085//6085 6086//6086 6087//6087
f 6088//6088 6089//6089 6090//6090
f 6091//6091 6092//6092 6093//6093
f 6094//6094 6095//6095 6096//6096
f 6097//6097 6098//6098 6099//6099
f 6100//6100 6101//6101 6102//6102
f 6103//6103 6104//6104 6105//6105
f 6106//6106 6107//6107 6108//6108
f 6109//6109 6110//6110 6111//6111
f 6112//6112 6113//6113 6114//6114
f 6115//6115 6116//6116 6117//6117
f 6118//6118 6119//6119 6120//6120
f 6121//6121 6122//6122 6123//6123
f 6124//6124 6125//6125 6126//6126
f 6127//6127 6128//6128 6129//6129
f 6130//6130 6131//6131 6132//6132
f 6133//6133 6134//6134 6135//6135
f 6136//6136 6137//6137 6138//6138
f 6139//6139 6140//6140 6141//6141
f 6142//6142 6143//6143 6144//6144
f 6145//6145 6146//6146 6147//6147
f 6148//6148 6149//6149 6150//6150
f 6151//6151 6152//6152 6153//6153
f 6154//6154 6155//6155 6156//6156
f 6157//6157 6158//6158 6159//6159
f 6160//6160 6161//6161 6162//6162
f 6163//6163 6164//6164 6165//6165
f 6166//6166 6167//6167 6168//6168
f 6169//6169 6170//6170 6171//6171
f 6172//6172 6173//6173 6174//6174
f 6175//6175 6176//6176 6177//6177
f 6178//6178 6179//6179 6180//6180
f 6181//6181 6182//6182 6183//6183
f 6184//6184 6185//6185 6186//6186
f 6187//6187 6188//6188 6189//6189
f 6190//6190 6191//6191 6192//6192
f 6193//6193 6194//6194 6195//6195
f 6196//6196 6197//6197 6198//6198
f 6199//6199 6200//6200 6201//6201
f 6035//6035 6202//6202 6033//6033
f 6203//6203 6204//6204 6205//6205
f 6206//6206 6207//6207 6208//6208
f 6036//6036 6038//6038 6209//6209
f 6210//6210 6211//6211 6212//6212
f 6210//6210 6212//6212 6213//6213
f 6214//6214 6215//6215 6216//6216
f 6217//6217 6218//6218 6219//6219
f 6220//6220 6221//6221 6222//6222
f 6223//6223 6224//6224 6225//6225
f 6226//6226 6227//6227 6228//6228
f 6229//6229 6230//6230 6231//6231
f 6232//6232 6233//6233 6234//6234
f 6235//6235 6236//6236 6237//6237
f 6238//6238 6239//6239 6240//6240
f 6241//6241 6242//6242 6243//6243
f 6244//6244 6245//6245 6246//6246
f 6247//6247 6248//6248 6249//6249
f 6250//6250 6251//6251 6252//6252
f 6253//6253 6254//6254 6255//6255
f 6256//6256 6257//6257 6258//6258
f 6259//6259 6260//6260 6261//6261
f 6262//6262 6263//6263 6264//6264
f 6265//6265 6266//6266 6267//6267
f 6268//6268 6269//6269 6270//6270
f 6271//6271 6272//6272 6273//6273
f 6274//6274 6275//6275 6276//6276
f 6277//6277 6278//6278 6279//6279
f 6280//6280 6281//6281 6282//6282
f 6283//6283 6284//6284 6285//6285
f 6286//6286 6287//6287 6288//6288
f 6289//6289 6290//6290 6291//6291
f 6292//6292 6293//6293 6294//6294
f 6295//6295 6296//6296 6297//6297
f 6298//6298 6299//6299 6300//6300
f 6301//6301 6302//6302 6303//6303
f 6304//6304 6305//6305 6306//6306
f 6307//6307 6308//6308 6309//6309
f 6310//6310 6311//6311 6312//6312
f 6313//6313 6314//6314 6315//6315
f 6316//6316 6317//6317 6318//6318
f 6319//6319 6320//6320 6321//6321
f 6322//6322 6323//6323 6324//6324
f 6325//6325 6326//6326 6327//6327
f 6328//6328 6329//6329 6330//6330
f 6331//6331 6332//6332 6333//6333
f 6331//6331 6333//6333 6334//6334
f 6335//6335 6336//6336 6337//6337
f 6338//6338 6339//6339 6340//6340
f 6341//6341 6342//6342 6343//6343
f 6344//6344 6345//6345 6346//6346
f 6344//6344 6346//6346 6347//6347
f 6348//6348 6349//6349 6350//6350
f 6351//6351 6352//6352 6353//6353
f 6354//6354 6355//6355 6356//6356
f 6357//6357 6358//6358 6359//6359
f 6360//6360 6361//6361 6362//6362
f 6363//6363 6364//6364 6365//6365
f 6366//6366 6367//6367 6368//6368
f 6369//6369 6370//6370 6371//6371
f 6369//6369 6371//6371 6372//6372
f 6373//6373 6374//6374 6375//6375
f 6376//6376 6377//6377 6378//6378
f 6379//6379 6380//6380 6381//6381
f 6382//6382 6383//6383 6384//6384
f 6385//6385 6386//6386 6387//6387
f 6388//6388 6389//6389 6390//6390
f 6391//6391 6392//6392 6393//6393
f 6394//6394 6395//6395 6396//6396
f 6059//6059 6397//6397 6057//6057
f 6398//6398 6399//6399 6400//6400
f 6401//6401 6402//6402 6403//6403
f 6401//6401 6403//6403 6404//6404
f 6405//6405 6406//6406 6407//6407
f 6408//6408 6409//6409 6410//6410
f 6411//6411 6412//6412 6413//6413
f 6414//6414 6415//6415 6416//6416
f 6417//6417 6418//6418 6419//6419
f 6420//6420 6421//6421 6422//6422
f 6423//6423 6424//6424 6425//6425
f 6426//6426 6427//6427 6428//6428
f 6429//6429 6430//6430 6431//6431
f 6432//6432 6433//6433 6434//6434
f 6435//6435 6436//6436 6437//6437
f 6438//6438 6439//6439 6440//6440
f 6441//6441 6442//6442 6443//6443
f 6444//6444 6445//6445 6446//6446
f 6447//6447 6448//6448 6449//6449
f 1985//1985 1984//1984 6450//6450
f 1993//1993 6451//6451 1994//1994
f 6452//6452 6453//6453 6454//6454
f 6455//6455 6456//6456 6457//6457
f 6458//6458 6459//6459 6460//6460
f 6461//6461 6462//6462 6463//6463
f 6464//6464 6465//6465 6466//6466
f 6467//6467 6468//6468 6469//6469
f 6470//6470 6471//6471 6472//6472
f 6473//6473 6474//6474 6475//6475
f 6476//6476 6477//6477 6478//6478
f 6479//6479 6480//6480 6481//6481
f 6482//6482 6483//6483 6484//6484
f 6485//6485 6486//6486 6487//6487
f 6488//6488 6489//6489 6490//6490
f 1970//1970 1969//1969 6491//6491
f 6492//6492 6493//6493 6494//6494
f 6495//6495 6496//6496 6497//6497
f 6498//6498 6499//6499 6500//6500
f 6501//6501 6502//6502 6503//6503
f 6504//6504 6505//6505 6506//6506
f 6507//6507 6508//6508 6509//6509
f 6461//6461 6463//6463 6510//6510
f 6511//6511 6512//6512 6513//6513
f 6514//6514 6515//6515 6516//6516
f 6517//6517 6518//6518 6519//6519
f 1988//1988 1987//1987 6520//6520
f 6521//6521 6522//6522 6523//6523
f 6524//6524 6525//6525 6526//6526
f 6527//6527 6528//6528 6529//6529
f 6530//6530 6531//6531 6532//6532
f 6533//6533 6534//6534 6535//6535
f 6536//6536 6537//6537 6538//6538
f 6539//6539 6540//6540 6541//6541
f 6542//6542 6543//6543 6544//6544
f 6545//6545 6546//6546 6547//6547
f 6548//6548 6549//6549 6550//6550
f 6551//6551 6552//6552 6553//6553
f 6554//6554 6555//6555 6556//6556
f 6557//6557 6558//6558 6559//6559
f 6560//6560 6561//6561 6562//6562
f 6563//6563 6564//6564 6565//6565
f 6566//6566 6567//6567 6568//6568
f 6569//6569 6570//6570 6571//6571
f 2834//2834 2833//2833 6572//6572
f 6573//6573 6574//6574 6575//6575
f 6576//6576 6577//6577 6578//6578
f 6579//6579 6580//6580 6581//6581
f 6582//6582 6583//6583 6584//6584
f 6585//6585 6586//6586 6587//6587
f 6588//6588 6589//6589 6590//6590
f 6591//6591 6592//6592 6593//6593
f 6594//6594 6595//6595 6596//6596
f 6597//6597 6598//6598 6599//6599
f 6600//6600 6601//6601 6602//6602
f 6603//6603 6604//6604 6605//6605
f 6606//6606 6607//6607 6608//6608
f 6609//6609 6610//6610 6611//6611
f 6612//6612 6613//6613 6614//6614
f 6615//6615 6616//6616 6617//6617
f 6618//6618 6619//6619 6620//6620
f 6621//6621 6622//6622 6623//6623
f 2828//2828 2827//2827 6624//6624
f 6625//6625 6626//6626 6627//6627
f 6628//6628 6629//6629 6630//6630
f 6631//6631 6632//6632 6633//6633
f 6634//6634 6635//6635 6636//6636
f 6637//6637 6638//6638 6639//6639
f 2831//2831 2830//2830 6640//6640
f 6641//6641 6642//6642 6643//6643
f 6644//6644 6645//6645 6646//6646
f 6647//6647 6648//6648 6649//6649
f 4943//4943 6650//6650 4944//4944
f 6420//6420 6651//6651 6421//6421
f 6652//6652 6653//6653 6654//6654
f 6426//6426 6655//6655 6427//6427
f 6656//6656 6657//6657 6658//6658
f 6432//6432 6659//6659 6433//6433
f 6660//6660 6661//6661 6662//6662
f 6438//6438 6663//6663 6439//6439
f 6664//6664 6665//6665 6666//6666
f 6667//6667 6668//6668 6669//6669
f 6670//6670 6671//6671 6672//6672
f 6452//6452 6673//6673 6453//6453
f 6458//6458 6674//6674 6459//6459
f 6464//6464 6675//6675 6465//6465
f 6467//6467 6676//6676 6468//6468
f 6473//6473 6677//6677 6474//6474
f 6476//6476 6678//6678 6477//6477
f 6479//6479 6679//6679 6480//6480
f 6482//6482 6680//6680 6483//6483
f 6485//6485 6681//6681 6486//6486
f 6682//6682 6683//6683 6684//6684
f 6492//6492 6685//6685 6493//6493
f 6686//6686 6687//6687 6688//6688
f 6498//6498 6689//6689 6499//6499
f 6501//6501 6690//6690 6502//6502
f 6691//6691 6692//6692 6693//6693
f 6507//6507 6694//6694 6508//6508
f 6511//6511 6695//6695 6512//6512
f 6514//6514 6696//6696 6515//6515
f 6517//6517 6697//6697 6518//6518
f 6698//6698 6699//6699 6700//6700
f 6524//6524 6701//6701 6525//6525
f 6527//6527 6702//6702 6528//6528
f 6530//6530 6703//6703 6531//6531
f 6533//6533 6704//6704 6534//6534
f 6539//6539 6705//6705 6540//6540
f 6542//6542 6706//6706 6543//6543
f 6707//6707 6708//6708 6709//6709
f 6548//6548 6710//6710 6549//6549
f 6551//6551 6711//6711 6552//6552
f 6554//6554 6712//6712 6555//6555
f 6557//6557 6713//6713 6558//6558
f 6714//6714 6715//6715 6716//6716
f 6563//6563 6717//6717 6564//6564
f 6566//6566 6718//6718 6567//6567
f 6569//6569 6719//6719 6570//6570
f 6720//6720 6721//6721 6722//6722
f 6576//6576 6723//6723 6577//6577
f 6579//6579 6724//6724 6580//6580
f 6582//6582 6725//6725 6583//6583
f 6585//6585 6726//6726 6586//6586
f 6588//6588 6727//6727 6589//6589
f 6594//6594 6728//6728 6595//6595
f 6729//6729 6730//6730 6731//6731
f 6600//6600 6732//6732 6601//6601
f 6603//6603 6733//6733 6604//6604
f 6606//6606 6734//6734 6607//6607
f 6735//6735 6736//6736 6737//6737
f 6612//6612 6738//6738 6613//6613
f 6615//6615 6739//6739 6616//6616
f 6618//6618 6740//6740 6619//6619
f 6621//6621 6741//6741 6622//6622
f 6625//6625 6742//6742 6626//6626
f 6628//6628 6743//6743 6629//6629
f 6631//6631 6744//6744 6632//6632
f 6745//6745 6746//6746 6747//6747
f 6641//6641 6748//6748 6642//6642
f 6644//6644 6749//6749 6645//6645
f 6647//6647 6750//6750 6648//6648

