# https://github.com/mikedh/trimesh
v -0.01510549 0.05589469 0.08493559
v -0.01983524 0.05435070 0.08507735
v -0.01508528 0.05585596 0.08507702
v -0.01029575 0.05697893 0.08487547
v -0.01510549 0.05589469 0.08493559
v -0.01508528 0.05585596 0.08507702
v -0.01029575 0.05697893 0.08487547
v -0.01508528 0.05585596 0.08507702
v -0.01023003 0.05694645 0.08507590
v -0.00530785 0.05765604 0.08493559
v -0.01029575 0.05697893 0.08487547
v -0.01023003 0.05694645 0.08507590
v -0.00530785 0.05765604 0.08493559
v -0.01023003 0.05694645 0.08507590
v -0.00529902 0.05761386 0.08507733
v -0.00034657 0.05789574 0.08490936
v -0.00530785 0.05765604 0.08493559
v -0.00031051 0.05787685 0.08505681
v -0.00031051 0.05787685 0.08505681
v -0.00530785 0.05765604 0.08493559
v -0.00529902 0.05761386 0.08507733
v -0.02884820 0.05017577 0.08505682
v -0.02443583 0.05245620 0.08506544
v -0.02447275 0.05247337 0.08491139
v -0.02884820 0.05017577 0.08505682
v -0.02447275 0.05247337 0.08491139
v -0.02888653 0.05017558 0.08490919
v -0.03702059 0.04447740 0.08506544
v -0.03305475 0.04751011 0.08505682
v -0.03706067 0.04448457 0.08491139
v -0.03706067 0.04448457 0.08491139
v -0.03305475 0.04751011 0.08505682
v -0.03309297 0.04750660 0.08490919
v -0.04409078 0.03749438 0.08505682
v -0.04070435 0.04114586 0.08505682
v -0.04074140 0.04113585 0.08490919
v -0.04409078 0.03749438 0.08505682
v -0.04074140 0.04113585 0.08490919
v -0.04412680 0.03748129 0.08490919
v -0.04986266 0.02936592 0.08506750
v -0.04716388 0.03354689 0.08505698
v -0.04990041 0.02936528 0.08491139
v -0.04990041 0.02936528 0.08491139
v -0.04716388 0.03354689 0.08505698
v -0.04718552 0.03354919 0.08490919
v -0.05415863 0.02041247 0.08505682
v -0.05220065 0.02497709 0.08506545
v -0.05224007 0.02496688 0.08491139
v -0.05415863 0.02041247 0.08505682
v -0.05224007 0.02496688 0.08491139
v -0.05418811 0.02038797 0.08490919
v -0.05685793 0.01082221 0.08505418
v -0.05571902 0.01565939 0.08505698
v -0.05574017 0.01565420 0.08490919
v -0.05685793 0.01082221 0.08505418
v -0.05574017 0.01565420 0.08490919
v -0.05687953 0.01080460 0.08490919
v -0.05787049 0.00091222 0.08505699
v -0.05757554 0.00590618 0.08505682
v -0.05759779 0.00587490 0.08490919
v -0.05787049 0.00091222 0.08505699
v -0.05759779 0.00587490 0.08490919
v -0.05788962 0.00090185 0.08490919
v -0.05715288 -0.00900017 0.08507701
v -0.05772620 -0.00405559 0.08506545
v -0.05719387 -0.00903811 0.08491757
v -0.05719387 -0.00903811 0.08491757
v -0.05772620 -0.00405559 0.08506545
v -0.05775545 -0.00408395 0.08491139
v -0.05477376 -0.01866753 0.08506751
v -0.05617904 -0.01387671 0.08506728
v -0.05620228 -0.01391667 0.08491139
v -0.05477376 -0.01866753 0.08506751
v -0.05620228 -0.01391667 0.08491139
v -0.05479789 -0.01869657 0.08491139
v -0.05077313 -0.02776216 0.08506728
v -0.05297952 -0.02330483 0.08505416
v -0.05078537 -0.02780676 0.08491139
v -0.05078537 -0.02780676 0.08491139
v -0.05297952 -0.02330483 0.08505416
v -0.05298733 -0.02333158 0.08490919
v -0.04527218 -0.03606069 0.08505418
v -0.04819106 -0.03203532 0.08506751
v -0.04820698 -0.03206956 0.08491139
v -0.04527218 -0.03606069 0.08505418
v -0.04820698 -0.03206956 0.08491139
v -0.04527287 -0.03608860 0.08490919
v -0.03841745 -0.04328884 0.08505699
v -0.04201213 -0.03980962 0.08505682
v -0.04200296 -0.03984686 0.08490919
v -0.03841745 -0.04328884 0.08505699
v -0.04200296 -0.03984686 0.08490919
v -0.03842203 -0.04331014 0.08490919
v -0.03044349 -0.04921222 0.08506728
v -0.03455626 -0.04641796 0.08506545
v -0.03455386 -0.04645859 0.08491139
v -0.03044349 -0.04921222 0.08506728
v -0.03455386 -0.04645859 0.08491139
v -0.03043214 -0.04925703 0.08491139
v -0.02155204 -0.05371531 0.08505700
v -0.02610027 -0.05164712 0.08506728
v -0.02608509 -0.05169079 0.08491139
v -0.02155204 -0.05371531 0.08505700
v -0.02608509 -0.05169079 0.08491139
v -0.02154917 -0.05373690 0.08490919
v -0.01204306 -0.05661192 0.08505418
v -0.01685478 -0.05535844 0.08506751
v -0.01684530 -0.05539500 0.08491139
v -0.01204306 -0.05661192 0.08505418
v -0.01684530 -0.05539500 0.08491139
v -0.01202589 -0.05663389 0.08490919
v -0.00216003 -0.05782713 0.08506751
v -0.00712313 -0.05742736 0.08506751
v -0.00710754 -0.05746175 0.08491139
v -0.00216003 -0.05782713 0.08506751
v -0.00710754 -0.05746175 0.08491139
v -0.00214156 -0.05786004 0.08491139
v 0.00775945 -0.05735518 0.08505682
v 0.00281358 -0.05777887 0.08508567
v 0.00284595 -0.05783731 0.08492916
v 0.00775945 -0.05735518 0.08505682
v 0.00284595 -0.05783731 0.08492916
v 0.00779508 -0.05736948 0.08490919
v 0.01747882 -0.05516568 0.08506545
v 0.01268335 -0.05647085 0.08505700
v 0.01751321 -0.05518748 0.08491139
v 0.01751321 -0.05518748 0.08491139
v 0.01268335 -0.05647085 0.08505700
v 0.01269794 -0.05648702 0.08490919
v 0.02668290 -0.05135998 0.08505699
v 0.02214957 -0.05346069 0.08506728
v 0.02219255 -0.05347766 0.08491139
v 0.02668290 -0.05135998 0.08505699
v 0.02219255 -0.05347766 0.08491139
v 0.02670112 -0.05137189 0.08490918
v 0.03507279 -0.04602891 0.08506545
v 0.03099927 -0.04887607 0.08505699
v 0.03511253 -0.04603782 0.08491139
v 0.03511253 -0.04603782 0.08491139
v 0.03099927 -0.04887607 0.08505699
v 0.03101848 -0.04888634 0.08490919
v 0.04244251 -0.03933541 0.08506751
v 0.03889398 -0.04284749 0.08506728
v 0.03894020 -0.04284894 0.08491139
v 0.04244251 -0.03933541 0.08506751
v 0.03894020 -0.04284894 0.08491139
v 0.04247952 -0.03934286 0.08491139
v 0.04855115 -0.03150574 0.08505682
v 0.04566369 -0.03554700 0.08506545
v 0.04570439 -0.03554546 0.08491139
v 0.04855115 -0.03150574 0.08505682
v 0.04570439 -0.03554546 0.08491139
v 0.04858519 -0.03148809 0.08490919
v 0.05322542 -0.02270721 0.08506870
v 0.05108635 -0.02720533 0.08505416
v 0.05326584 -0.02269627 0.08491139
v 0.05326584 -0.02269627 0.08491139
v 0.05108635 -0.02720533 0.08505416
v 0.05111221 -0.02719491 0.08490919
v 0.05630978 -0.01324538 0.08508627
v 0.05496247 -0.01803998 0.08508566
v 0.05502864 -0.01803064 0.08492916
v 0.05630978 -0.01324538 0.08508627
v 0.05502864 -0.01803064 0.08492916
v 0.05637492 -0.01323339 0.08492916
v 0.05777806 -0.00341177 0.08505418
v 0.05727141 -0.00835532 0.08505699
v 0.05729172 -0.00834745 0.08490919
v 0.05777806 -0.00341177 0.08505418
v 0.05729172 -0.00834745 0.08490919
v 0.05779722 -0.00339152 0.08490919
v 0.05750629 0.00654610 0.08505698
v 0.05785677 0.00155572 0.08505682
v 0.05787482 0.00158954 0.08490919
v 0.05750629 0.00654610 0.08505698
v 0.05787482 0.00158954 0.08490919
v 0.05752392 0.00655886 0.08490919
v 0.05552901 0.01628781 0.08506545
v 0.05673068 0.01146539 0.08505698
v 0.05555151 0.01632175 0.08491139
v 0.05555151 0.01632175 0.08491139
v 0.05673068 0.01146539 0.08505698
v 0.05674715 0.01147963 0.08490919
v 0.05191449 0.02556420 0.08506750
v 0.05392489 0.02099417 0.08506728
v 0.05394278 0.02103679 0.08491139
v 0.05191449 0.02556420 0.08506750
v 0.05394278 0.02103679 0.08491139
v 0.05193466 0.02559613 0.08491139
v 0.04677288 0.03407433 0.08506544
v 0.04953174 0.02994046 0.08505698
v 0.04678265 0.03411385 0.08491139
v 0.04678265 0.03411385 0.08491139
v 0.04953174 0.02994046 0.08505698
v 0.04954244 0.02995944 0.08490919
v 0.04023951 0.04158634 0.08506750
v 0.04366550 0.03797323 0.08506750
v 0.04367688 0.03800922 0.08491139
v 0.04023951 0.04158634 0.08506750
v 0.04367688 0.03800922 0.08491139
v 0.04024771 0.04162322 0.08491139
v 0.03254308 0.04786203 0.08505682
v 0.03650640 0.04487310 0.08508568
v 0.03652134 0.04493826 0.08492915
v 0.03254308 0.04786203 0.08505682
v 0.03652134 0.04493826 0.08492915
v 0.03252617 0.04789644 0.08490919
v 0.02385413 0.05272220 0.08506727
v 0.02829820 0.05048918 0.08505418
v 0.02383710 0.05276518 0.08491139
v 0.02383710 0.05276518 0.08491139
v 0.02829820 0.05048918 0.08505418
v 0.02828834 0.05051526 0.08490919
v 0.01445750 0.05603233 0.08506750
v 0.01921541 0.05456189 0.08508626
v 0.01921049 0.05462795 0.08492915
v 0.01445750 0.05603233 0.08506750
v 0.01921049 0.05462795 0.08492915
v 0.01444647 0.05606844 0.08491139
v 0.00465244 0.05768117 0.08506544
v 0.00958720 0.05706775 0.08506750
v 0.00957311 0.05710278 0.08491139
v 0.00465244 0.05768117 0.08506544
v 0.00957311 0.05710278 0.08491139
v 0.00462881 0.05771434 0.08491139
v -0.01510549 0.05589469 0.08493559
v -0.01717576 0.05527973 0.08487882
v -0.01988128 0.05438292 0.08492094
v -0.01988128 0.05438292 0.08492094
v -0.01717576 0.05527973 0.08487882
v -0.02186423 0.05359860 0.08487882
v -0.02443583 0.05245620 0.08506544
v -0.01988128 0.05438292 0.08492094
v -0.02447275 0.05247337 0.08491139
v -0.02447275 0.05247337 0.08491139
v -0.01988128 0.05438292 0.08492094
v -0.02186423 0.05359860 0.08487882
v -0.02186423 0.05359860 0.08487882
v -0.02639087 0.05152065 0.08487882
v -0.02447275 0.05247337 0.08491139
v -0.02447275 0.05247337 0.08491139
v -0.02639087 0.05152065 0.08487882
v -0.02888653 0.05017558 0.08490919
v -0.02888653 0.05017558 0.08490919
v -0.02639087 0.05152065 0.08487882
v -0.03072215 0.04906123 0.08487882
v -0.03305475 0.04751011 0.08505682
v -0.02884820 0.05017577 0.08505682
v -0.02888653 0.05017558 0.08490919
v -0.03305475 0.04751011 0.08505682
v -0.02888653 0.05017558 0.08490919
v -0.03309297 0.04750660 0.08490919
v -0.03309297 0.04750660 0.08490919
v -0.02888653 0.05017558 0.08490919
v -0.03072215 0.04906123 0.08487882
v -0.03309297 0.04750660 0.08490919
v -0.03072215 0.04906123 0.08487882
v -0.03482598 0.04623858 0.08487882
v -0.03309297 0.04750660 0.08490919
v -0.03482598 0.04623858 0.08487882
v -0.03706067 0.04448457 0.08491139
v -0.03706067 0.04448457 0.08491139
v -0.03482598 0.04623858 0.08487882
v -0.03867193 0.04307362 0.08487882
v -0.04070435 0.04114586 0.08505682
v -0.03702059 0.04447740 0.08506544
v -0.03706067 0.04448457 0.08491139
v -0.04070435 0.04114586 0.08505682
v -0.03706067 0.04448457 0.08491139
v -0.04074140 0.04113585 0.08490919
v -0.04074140 0.04113585 0.08490919
v -0.03706067 0.04448457 0.08491139
v -0.03867193 0.04307362 0.08487882
v -0.04074140 0.04113585 0.08490919
v -0.03867193 0.04307362 0.08487882
v -0.04223159 0.03958975 0.08487882
v -0.04074140 0.04113585 0.08490919
v -0.04223159 0.03958975 0.08487882
v -0.04412680 0.03748129 0.08490919
v -0.04412680 0.03748129 0.08490919
v -0.04223159 0.03958975 0.08487882
v -0.04547858 0.03581276 0.08487882
v -0.04547858 0.03581276 0.08487882
v -0.04718552 0.03354919 0.08490919
v -0.04412680 0.03748129 0.08490919
v -0.04412680 0.03748129 0.08490919
v -0.04718552 0.03354919 0.08490919
v -0.04716388 0.03354689 0.08505698
v -0.04412680 0.03748129 0.08490919
v -0.04716388 0.03354689 0.08505698
v -0.04409078 0.03749438 0.08505682
v -0.04718552 0.03354919 0.08490919
v -0.04547858 0.03581276 0.08487882
v -0.04838885 0.03177066 0.08487882
v -0.04718552 0.03354919 0.08490919
v -0.04838885 0.03177066 0.08487882
v -0.04990041 0.02936528 0.08491139
v -0.04990041 0.02936528 0.08491139
v -0.04838885 0.03177066 0.08487882
v -0.05094090 0.02749328 0.08487882
v -0.05094090 0.02749328 0.08487882
v -0.05224007 0.02496688 0.08491139
v -0.04990041 0.02936528 0.08491139
v -0.04990041 0.02936528 0.08491139
v -0.05224007 0.02496688 0.08491139
v -0.05220065 0.02497709 0.08506545
v -0.04990041 0.02936528 0.08491139
v -0.05220065 0.02497709 0.08506545
v -0.04986266 0.02936592 0.08506750
v -0.05094090 0.02749328 0.08487882
v -0.05311579 0.02301237 0.08487882
v -0.05224007 0.02496688 0.08491139
v -0.05224007 0.02496688 0.08491139
v -0.05311579 0.02301237 0.08487882
v -0.05418811 0.02038797 0.08490919
v -0.05418811 0.02038797 0.08490919
v -0.05311579 0.02301237 0.08487882
v -0.05489741 0.01836109 0.08487883
v -0.05489741 0.01836109 0.08487883
v -0.05574017 0.01565420 0.08490919
v -0.05418811 0.02038797 0.08490919
v -0.05418811 0.02038797 0.08490919
v -0.05574017 0.01565420 0.08490919
v -0.05571902 0.01565939 0.08505698
v -0.05418811 0.02038797 0.08490919
v -0.05571902 0.01565939 0.08505698
v -0.05415863 0.02041247 0.08505682
v -0.05489741 0.01836109 0.08487883
v -0.05627258 0.01357390 0.08487883
v -0.05574017 0.01565420 0.08490919
v -0.05574017 0.01565420 0.08490919
v -0.05627258 0.01357390 0.08487883
v -0.05687953 0.01080460 0.08490919
v -0.05687953 0.01080460 0.08490919
v -0.05627258 0.01357390 0.08487883
v -0.05723116 0.00868618 0.08487883
v -0.05723116 0.00868618 0.08487883
v -0.05759779 0.00587490 0.08490919
v -0.05687953 0.01080460 0.08490919
v -0.05687953 0.01080460 0.08490919
v -0.05759779 0.00587490 0.08490919
v -0.05757554 0.00590618 0.08505682
v -0.05687953 0.01080460 0.08490919
v -0.05757554 0.00590618 0.08505682
v -0.05685793 0.01082221 0.08505418
v -0.05723116 0.00868618 0.08487883
v -0.05776601 0.00373412 0.08487883
v -0.05759779 0.00587490 0.08490919
v -0.05759779 0.00587490 0.08490919
v -0.05776601 0.00373412 0.08487883
v -0.05788962 0.00090185 0.08490919
v -0.05788962 0.00090185 0.08490919
v -0.05776601 0.00373412 0.08487883
v -0.05787317 -0.00124555 0.08487883
v -0.05787317 -0.00124555 0.08487883
v -0.05775545 -0.00408395 0.08491139
v -0.05788962 0.00090185 0.08490919
v -0.05788962 0.00090185 0.08490919
v -0.05775545 -0.00408395 0.08491139
v -0.05787049 0.00091222 0.08505699
v -0.05787049 0.00091222 0.08505699
v -0.05775545 -0.00408395 0.08491139
v -0.05772620 -0.00405559 0.08506545
v -0.05775545 -0.00408395 0.08491139
v -0.05787317 -0.00124555 0.08487883
v -0.05755186 -0.00621595 0.08487883
v -0.05775545 -0.00408395 0.08491139
v -0.05755186 -0.00621595 0.08487883
v -0.05719387 -0.00903811 0.08491757
v -0.05719387 -0.00903811 0.08491757
v -0.05755186 -0.00621595 0.08487883
v -0.05680446 -0.01114039 0.08487883
v -0.05680446 -0.01114039 0.08487883
v -0.05620228 -0.01391667 0.08491139
v -0.05719387 -0.00903811 0.08491757
v -0.05719387 -0.00903811 0.08491757
v -0.05620228 -0.01391667 0.08491139
v -0.05617904 -0.01387671 0.08506728
v -0.05719387 -0.00903811 0.08491757
v -0.05617904 -0.01387671 0.08506728
v -0.05715288 -0.00900017 0.08507701
v -0.05680446 -0.01114039 0.08487883
v -0.05563649 -0.01598235 0.08487883
v -0.05620228 -0.01391667 0.08491139
v -0.05620228 -0.01391667 0.08491139
v -0.05563649 -0.01598235 0.08487883
v -0.05479789 -0.01869657 0.08491139
v -0.05479789 -0.01869657 0.08491139
v -0.05563649 -0.01598235 0.08487883
v -0.05405662 -0.02070598 0.08487883
v -0.05405662 -0.02070598 0.08487883
v -0.05298733 -0.02333158 0.08490919
v -0.05479789 -0.01869657 0.08491139
v -0.05479789 -0.01869657 0.08491139
v -0.05298733 -0.02333158 0.08490919
v -0.05297952 -0.02330483 0.08505416
v -0.05479789 -0.01869657 0.08491139
v -0.05297952 -0.02330483 0.08505416
v -0.05477376 -0.01866753 0.08506751
v -0.05298733 -0.02333158 0.08490919
v -0.05405662 -0.02070598 0.08487883
v -0.05207654 -0.02527625 0.08487883
v -0.05298733 -0.02333158 0.08490919
v -0.05207654 -0.02527625 0.08487883
v -0.05078537 -0.02780676 0.08491139
v -0.05078537 -0.02780676 0.08491139
v -0.05207654 -0.02527625 0.08487883
v -0.04971090 -0.02965944 0.08487883
v -0.04971090 -0.02965944 0.08487883
v -0.04820698 -0.03206956 0.08491139
v -0.05078537 -0.02780676 0.08491139
v -0.05078537 -0.02780676 0.08491139
v -0.04820698 -0.03206956 0.08491139
v -0.04819106 -0.03203532 0.08506751
v -0.05078537 -0.02780676 0.08491139
v -0.04819106 -0.03203532 0.08506751
v -0.05077313 -0.02776216 0.08506728
v -0.04971090 -0.02965944 0.08487883
v -0.04697721 -0.03382302 0.08487883
v -0.04820698 -0.03206956 0.08491139
v -0.04820698 -0.03206956 0.08491139
v -0.04697721 -0.03382302 0.08487883
v -0.04527287 -0.03608860 0.08490919
v -0.04527287 -0.03608860 0.08490919
v -0.04697721 -0.03382302 0.08487883
v -0.04389573 -0.03773619 0.08487883
v -0.04389573 -0.03773619 0.08487883
v -0.04200296 -0.03984686 0.08490919
v -0.04527287 -0.03608860 0.08490919
v -0.04527287 -0.03608860 0.08490919
v -0.04200296 -0.03984686 0.08490919
v -0.04201213 -0.03980962 0.08505682
v -0.04527287 -0.03608860 0.08490919
v -0.04201213 -0.03980962 0.08505682
v -0.04527218 -0.03606069 0.08505418
v -0.04200296 -0.03984686 0.08490919
v -0.04389573 -0.03773619 0.08487883
v -0.04048923 -0.04137000 0.08487883
v -0.04200296 -0.03984686 0.08490919
v -0.04048923 -0.04137000 0.08487883
v -0.03842203 -0.04331014 0.08490919
v -0.03842203 -0.04331014 0.08490919
v -0.04048923 -0.04137000 0.08487883
v -0.03678300 -0.04469750 0.08487883
v -0.03678300 -0.04469750 0.08487883
v -0.03455386 -0.04645859 0.08491139
v -0.03842203 -0.04331014 0.08490919
v -0.03842203 -0.04331014 0.08490919
v -0.03455386 -0.04645859 0.08491139
v -0.03841745 -0.04328884 0.08505699
v -0.03841745 -0.04328884 0.08505699
v -0.03455386 -0.04645859 0.08491139
v -0.03455626 -0.04641796 0.08506545
v -0.03678300 -0.04469750 0.08487883
v -0.03280443 -0.04769407 0.08487883
v -0.03455386 -0.04645859 0.08491139
v -0.03455386 -0.04645859 0.08491139
v -0.03280443 -0.04769407 0.08487883
v -0.03043214 -0.04925703 0.08491139
v -0.03043214 -0.04925703 0.08491139
v -0.03280443 -0.04769407 0.08487883
v -0.02858295 -0.05033756 0.08487883
v -0.02858295 -0.05033756 0.08487883
v -0.02608509 -0.05169079 0.08491139
v -0.03043214 -0.04925703 0.08491139
v -0.03043214 -0.04925703 0.08491139
v -0.02608509 -0.05169079 0.08491139
v -0.02610027 -0.05164712 0.08506728
v -0.03043214 -0.04925703 0.08491139
v -0.02610027 -0.05164712 0.08506728
v -0.03044349 -0.04921222 0.08506728
v -0.02608509 -0.05169079 0.08491139
v -0.02858295 -0.05033756 0.08487883
v -0.02414989 -0.05260834 0.08487883
v -0.02608509 -0.05169079 0.08491139
v -0.02414989 -0.05260834 0.08487883
v -0.02154917 -0.05373690 0.08490919
v -0.02154917 -0.05373690 0.08490919
v -0.02414989 -0.05260834 0.08487883
v -0.01953807 -0.05448961 0.08487883
v -0.01953807 -0.05448961 0.08487883
v -0.01684530 -0.05539500 0.08491139
v -0.02154917 -0.05373690 0.08490919
v -0.02154917 -0.05373690 0.08490919
v -0.01684530 -0.05539500 0.08491139
v -0.02155204 -0.05371531 0.08505700
v -0.02155204 -0.05371531 0.08505700
v -0.01684530 -0.05539500 0.08491139
v -0.01685478 -0.05535844 0.08506751
v -0.01953807 -0.05448961 0.08487883
v -0.01478151 -0.05596751 0.08487883
v -0.01684530 -0.05539500 0.08491139
v -0.01684530 -0.05539500 0.08491139
v -0.01478151 -0.05596751 0.08487883
v -0.01202589 -0.05663389 0.08490919
v -0.01202589 -0.05663389 0.08490919
v -0.01478151 -0.05596751 0.08487883
v -0.00991554 -0.05703102 0.08487883
v -0.00991554 -0.05703102 0.08487883
v -0.00710754 -0.05746175 0.08491139
v -0.01202589 -0.05663389 0.08490919
v -0.01202589 -0.05663389 0.08490919
v -0.00710754 -0.05746175 0.08491139
v -0.01204306 -0.05661192 0.08505418
v -0.01204306 -0.05661192 0.08505418
v -0.00710754 -0.05746175 0.08491139
v -0.00712313 -0.05742736 0.08506751
v -0.00710754 -0.05746175 0.08491139
v -0.00991554 -0.05703102 0.08487883
v -0.00497619 -0.05767228 0.08487883
v -0.00710754 -0.05746175 0.08491139
v -0.00497619 -0.05767228 0.08487883
v -0.00214156 -0.05786004 0.08491139
v -0.00214156 -0.05786004 0.08491139
v -0.00497619 -0.05767228 0.08487883
v -0.00000002 -0.05788657 0.08487883
v -0.00000002 -0.05788657 0.08487883
v 0.00284595 -0.05783731 0.08492916
v -0.00214156 -0.05786004 0.08491139
v -0.00214156 -0.05786004 0.08491139
v 0.00284595 -0.05783731 0.08492916
v -0.00216003 -0.05782713 0.08506751
v -0.00216003 -0.05782713 0.08506751
v 0.00284595 -0.05783731 0.08492916
v 0.00281358 -0.05777887 0.08508567
v -0.00000002 -0.05788657 0.08487883
v 0.00497619 -0.05767228 0.08487883
v 0.00284595 -0.05783731 0.08492916
v 0.00284595 -0.05783731 0.08492916
v 0.00497619 -0.05767228 0.08487883
v 0.00779508 -0.05736948 0.08490919
v 0.00779508 -0.05736948 0.08490919
v 0.00497619 -0.05767228 0.08487883
v 0.00991559 -0.05703100 0.08487883
v 0.00991559 -0.05703100 0.08487883
v 0.01269794 -0.05648702 0.08490919
v 0.00779508 -0.05736948 0.08490919
v 0.00779508 -0.05736948 0.08490919
v 0.01269794 -0.05648702 0.08490919
v 0.01268335 -0.05647085 0.08505700
v 0.00779508 -0.05736948 0.08490919
v 0.01268335 -0.05647085 0.08505700
v 0.00775945 -0.05735518 0.08505682
v 0.00991559 -0.05703100 0.08487883
v 0.01478155 -0.05596750 0.08487883
v 0.01269794 -0.05648702 0.08490919
v 0.01269794 -0.05648702 0.08490919
v 0.01478155 -0.05596750 0.08487883
v 0.01751321 -0.05518748 0.08491139
v 0.01751321 -0.05518748 0.08491139
v 0.01478155 -0.05596750 0.08487883
v 0.01953806 -0.05448962 0.08487883
v 0.01953806 -0.05448962 0.08487883
v 0.02219255 -0.05347766 0.08491139
v 0.01751321 -0.05518748 0.08491139
v 0.01751321 -0.05518748 0.08491139
v 0.02219255 -0.05347766 0.08491139
v 0.02214957 -0.05346069 0.08506728
v 0.01751321 -0.05518748 0.08491139
v 0.02214957 -0.05346069 0.08506728
v 0.01747882 -0.05516568 0.08506545
v 0.01953806 -0.05448962 0.08487883
v 0.02414995 -0.05260831 0.08487883
v 0.02219255 -0.05347766 0.08491139
v 0.02219255 -0.05347766 0.08491139
v 0.02414995 -0.05260831 0.08487883
v 0.02670112 -0.05137189 0.08490918
v 0.02670112 -0.05137189 0.08490918
v 0.02414995 -0.05260831 0.08487883
v 0.02858299 -0.05033753 0.08487883
v 0.02858299 -0.05033753 0.08487883
v 0.03101848 -0.04888634 0.08490919
v 0.02670112 -0.05137189 0.08490918
v 0.02670112 -0.05137189 0.08490918
v 0.03101848 -0.04888634 0.08490919
v 0.03099927 -0.04887607 0.08505699
v 0.02670112 -0.05137189 0.08490918
v 0.03099927 -0.04887607 0.08505699
v 0.02668290 -0.05135998 0.08505699
v 0.02858299 -0.05033753 0.08487883
v 0.03280444 -0.04769406 0.08487883
v 0.03101848 -0.04888634 0.08490919
v 0.03101848 -0.04888634 0.08490919
v 0.03280444 -0.04769406 0.08487883
v 0.03511253 -0.04603782 0.08491139
v 0.03511253 -0.04603782 0.08491139
v 0.03280444 -0.04769406 0.08487883
v 0.03678301 -0.04469748 0.08487883
v 0.03678301 -0.04469748 0.08487883
v 0.03894020 -0.04284894 0.08491139
v 0.03511253 -0.04603782 0.08491139
v 0.03511253 -0.04603782 0.08491139
v 0.03894020 -0.04284894 0.08491139
v 0.03889398 -0.04284749 0.08506728
v 0.03511253 -0.04603782 0.08491139
v 0.03889398 -0.04284749 0.08506728
v 0.03507279 -0.04602891 0.08506545
v 0.03678301 -0.04469748 0.08487883
v 0.04048923 -0.04137001 0.08487883
v 0.03894020 -0.04284894 0.08491139
v 0.03894020 -0.04284894 0.08491139
v 0.04048923 -0.04137001 0.08487883
v 0.04247952 -0.03934286 0.08491139
v 0.04247952 -0.03934286 0.08491139
v 0.04048923 -0.04137001 0.08487883
v 0.04389574 -0.03773617 0.08487883
v 0.04389574 -0.03773617 0.08487883
v 0.04570439 -0.03554546 0.08491139
v 0.04247952 -0.03934286 0.08491139
v 0.04247952 -0.03934286 0.08491139
v 0.04570439 -0.03554546 0.08491139
v 0.04566369 -0.03554700 0.08506545
v 0.04247952 -0.03934286 0.08491139
v 0.04566369 -0.03554700 0.08506545
v 0.04244251 -0.03933541 0.08506751
v 0.04389574 -0.03773617 0.08487883
v 0.04697723 -0.03382299 0.08487883
v 0.04570439 -0.03554546 0.08491139
v 0.04570439 -0.03554546 0.08491139
v 0.04697723 -0.03382299 0.08487883
v 0.04858519 -0.03148809 0.08490919
v 0.04858519 -0.03148809 0.08490919
v 0.04697723 -0.03382299 0.08487883
v 0.04971089 -0.02965942 0.08487883
v 0.04971089 -0.02965942 0.08487883
v 0.05111221 -0.02719491 0.08490919
v 0.04858519 -0.03148809 0.08490919
v 0.04858519 -0.03148809 0.08490919
v 0.05111221 -0.02719491 0.08490919
v 0.05108635 -0.02720533 0.08505416
v 0.04858519 -0.03148809 0.08490919
v 0.05108635 -0.02720533 0.08505416
v 0.04855115 -0.03150574 0.08505682
v 0.04971089 -0.02965942 0.08487883
v 0.05207653 -0.02527626 0.08487883
v 0.05111221 -0.02719491 0.08490919
v 0.05111221 -0.02719491 0.08490919
v 0.05207653 -0.02527626 0.08487883
v 0.05326584 -0.02269627 0.08491139
v 0.05326584 -0.02269627 0.08491139
v 0.05207653 -0.02527626 0.08487883
v 0.05405667 -0.02070586 0.08487883
v 0.05405667 -0.02070586 0.08487883
v 0.05502864 -0.01803064 0.08492916
v 0.05326584 -0.02269627 0.08491139
v 0.05326584 -0.02269627 0.08491139
v 0.05502864 -0.01803064 0.08492916
v 0.05322542 -0.02270721 0.08506870
v 0.05322542 -0.02270721 0.08506870
v 0.05502864 -0.01803064 0.08492916
v 0.05496247 -0.01803998 0.08508566
v 0.05502864 -0.01803064 0.08492916
v 0.05405667 -0.02070586 0.08487883
v 0.05563651 -0.01598227 0.08487883
v 0.05502864 -0.01803064 0.08492916
v 0.05563651 -0.01598227 0.08487883
v 0.05637492 -0.01323339 0.08492916
v 0.05637492 -0.01323339 0.08492916
v 0.05563651 -0.01598227 0.08487883
v 0.05680448 -0.01114034 0.08487883
v 0.05680448 -0.01114034 0.08487883
v 0.05729172 -0.00834745 0.08490919
v 0.05637492 -0.01323339 0.08492916
v 0.05637492 -0.01323339 0.08492916
v 0.05729172 -0.00834745 0.08490919
v 0.05727141 -0.00835532 0.08505699
v 0.05637492 -0.01323339 0.08492916
v 0.05727141 -0.00835532 0.08505699
v 0.05630978 -0.01324538 0.08508627
v 0.05680448 -0.01114034 0.08487883
v 0.05755186 -0.00621595 0.08487883
v 0.05729172 -0.00834745 0.08490919
v 0.05729172 -0.00834745 0.08490919
v 0.05755186 -0.00621595 0.08487883
v 0.05779722 -0.00339152 0.08490919
v 0.05779722 -0.00339152 0.08490919
v 0.05755186 -0.00621595 0.08487883
v 0.05787317 -0.00124547 0.08487883
v 0.05787317 -0.00124547 0.08487883
v 0.05787482 0.00158954 0.08490919
v 0.05779722 -0.00339152 0.08490919
v 0.05779722 -0.00339152 0.08490919
v 0.05787482 0.00158954 0.08490919
v 0.05785677 0.00155572 0.08505682
v 0.05779722 -0.00339152 0.08490919
v 0.05785677 0.00155572 0.08505682
v 0.05777806 -0.00341177 0.08505418
v 0.05787317 -0.00124547 0.08487883
v 0.05776600 0.00373420 0.08487883
v 0.05787482 0.00158954 0.08490919
v 0.05787482 0.00158954 0.08490919
v 0.05776600 0.00373420 0.08487883
v 0.05752392 0.00655886 0.08490919
v 0.05752392 0.00655886 0.08490919
v 0.05776600 0.00373420 0.08487883
v 0.05723115 0.00868626 0.08487883
v 0.05723115 0.00868626 0.08487883
v 0.05674715 0.01147963 0.08490919
v 0.05752392 0.00655886 0.08490919
v 0.05752392 0.00655886 0.08490919
v 0.05674715 0.01147963 0.08490919
v 0.05673068 0.01146539 0.08505698
v 0.05752392 0.00655886 0.08490919
v 0.05673068 0.01146539 0.08505698
v 0.05750629 0.00654610 0.08505698
v 0.05674715 0.01147963 0.08490919
v 0.05723115 0.00868626 0.08487883
v 0.05627258 0.01357393 0.08487883
v 0.05674715 0.01147963 0.08490919
v 0.05627258 0.01357393 0.08487883
v 0.05555151 0.01632175 0.08491139
v 0.05555151 0.01632175 0.08491139
v 0.05627258 0.01357393 0.08487883
v 0.05489740 0.01836110 0.08487883
v 0.05489740 0.01836110 0.08487883
v 0.05394278 0.02103679 0.08491139
v 0.05555151 0.01632175 0.08491139
v 0.05555151 0.01632175 0.08491139
v 0.05394278 0.02103679 0.08491139
v 0.05392489 0.02099417 0.08506728
v 0.05555151 0.01632175 0.08491139
v 0.05392489 0.02099417 0.08506728
v 0.05552901 0.01628781 0.08506545
v 0.05489740 0.01836110 0.08487883
v 0.05311576 0.02301242 0.08487882
v 0.05394278 0.02103679 0.08491139
v 0.05394278 0.02103679 0.08491139
v 0.05311576 0.02301242 0.08487882
v 0.05193466 0.02559613 0.08491139
v 0.05193466 0.02559613 0.08491139
v 0.05311576 0.02301242 0.08487882
v 0.05094088 0.02749331 0.08487882
v 0.05094088 0.02749331 0.08487882
v 0.04954244 0.02995944 0.08490919
v 0.05193466 0.02559613 0.08491139
v 0.05193466 0.02559613 0.08491139
v 0.04954244 0.02995944 0.08490919
v 0.04953174 0.02994046 0.08505698
v 0.05193466 0.02559613 0.08491139
v 0.04953174 0.02994046 0.08505698
v 0.05191449 0.02556420 0.08506750
v 0.05094088 0.02749331 0.08487882
v 0.04838885 0.03177066 0.08487882
v 0.04954244 0.02995944 0.08490919
v 0.04954244 0.02995944 0.08490919
v 0.04838885 0.03177066 0.08487882
v 0.04678265 0.03411385 0.08491139
v 0.04678265 0.03411385 0.08491139
v 0.04838885 0.03177066 0.08487882
v 0.04547854 0.03581281 0.08487882
v 0.04547854 0.03581281 0.08487882
v 0.04367688 0.03800922 0.08491139
v 0.04678265 0.03411385 0.08491139
v 0.04678265 0.03411385 0.08491139
v 0.04367688 0.03800922 0.08491139
v 0.04366550 0.03797323 0.08506750
v 0.04677288 0.03407433 0.08506544
v 0.04547854 0.03581281 0.08487882
v 0.04223156 0.03958978 0.08487882
v 0.04367688 0.03800922 0.08491139
v 0.04367688 0.03800922 0.08491139
v 0.04223156 0.03958978 0.08487882
v 0.04024771 0.04162322 0.08491139
v 0.04024771 0.04162322 0.08491139
v 0.04223156 0.03958978 0.08487882
v 0.03867188 0.04307368 0.08487882
v 0.03867188 0.04307368 0.08487882
v 0.03652134 0.04493826 0.08492915
v 0.04024771 0.04162322 0.08491139
v 0.04024771 0.04162322 0.08491139
v 0.03652134 0.04493826 0.08492915
v 0.04023951 0.04158634 0.08506750
v 0.04023951 0.04158634 0.08506750
v 0.03652134 0.04493826 0.08492915
v 0.03650640 0.04487310 0.08508568
v 0.03652134 0.04493826 0.08492915
v 0.03867188 0.04307368 0.08487882
v 0.03482596 0.04623860 0.08487882
v 0.03652134 0.04493826 0.08492915
v 0.03482596 0.04623860 0.08487882
v 0.03252617 0.04789644 0.08490919
v 0.03252617 0.04789644 0.08490919
v 0.03482596 0.04623860 0.08487882
v 0.03072212 0.04906125 0.08487882
v 0.03072212 0.04906125 0.08487882
v 0.02828834 0.05051526 0.08490919
v 0.03252617 0.04789644 0.08490919
v 0.03252617 0.04789644 0.08490919
v 0.02828834 0.05051526 0.08490919
v 0.02829820 0.05048918 0.08505418
v 0.03252617 0.04789644 0.08490919
v 0.02829820 0.05048918 0.08505418
v 0.03254308 0.04786203 0.08505682
v 0.03072212 0.04906125 0.08487882
v 0.02639084 0.05152066 0.08487882
v 0.02828834 0.05051526 0.08490919
v 0.02828834 0.05051526 0.08490919
v 0.02639084 0.05152066 0.08487882
v 0.02383710 0.05276518 0.08491139
v 0.02383710 0.05276518 0.08491139
v 0.02639084 0.05152066 0.08487882
v 0.02186422 0.05359861 0.08487882
v 0.02186422 0.05359861 0.08487882
v 0.01921049 0.05462795 0.08492915
v 0.02383710 0.05276518 0.08491139
v 0.02383710 0.05276518 0.08491139
v 0.01921049 0.05462795 0.08492915
v 0.02385413 0.05272220 0.08506727
v 0.02385413 0.05272220 0.08506727
v 0.01921049 0.05462795 0.08492915
v 0.01921541 0.05456189 0.08508626
v 0.02186422 0.05359861 0.08487882
v 0.01717572 0.05527974 0.08487882
v 0.01921049 0.05462795 0.08492915
v 0.01921049 0.05462795 0.08492915
v 0.01717572 0.05527974 0.08487882
v 0.01444647 0.05606844 0.08491139
v 0.01444647 0.05606844 0.08491139
v 0.01717572 0.05527974 0.08487882
v 0.01235998 0.05655162 0.08487882
v 0.01235998 0.05655162 0.08487882
v 0.00957311 0.05710278 0.08491139
v 0.01444647 0.05606844 0.08491139
v 0.01444647 0.05606844 0.08491139
v 0.00957311 0.05710278 0.08491139
v 0.00958720 0.05706775 0.08506750
v 0.01444647 0.05606844 0.08491139
v 0.00958720 0.05706775 0.08506750
v 0.01445750 0.05603233 0.08506750
v 0.01235998 0.05655162 0.08487882
v 0.00745278 0.05740481 0.08487882
v 0.00957311 0.05710278 0.08491139
v 0.00957311 0.05710278 0.08491139
v 0.00745278 0.05740481 0.08487882
v 0.00462881 0.05771434 0.08491139
v 0.00462881 0.05771434 0.08491139
v 0.00745278 0.05740481 0.08487882
v 0.00249037 0.05783298 0.08487882
v -0.00031051 0.05787685 0.08505681
v 0.00465244 0.05768117 0.08506544
v 0.00462881 0.05771434 0.08491139
v -0.00031051 0.05787685 0.08505681
v 0.00462881 0.05771434 0.08491139
v -0.00034657 0.05789574 0.08490936
v -0.00034657 0.05789574 0.08490936
v 0.00462881 0.05771434 0.08491139
v 0.00249037 0.05783298 0.08487882
v -0.02443583 0.05245620 0.08506544
v -0.01983524 0.05435070 0.08507735
v -0.01988128 0.05438292 0.08492094
v -0.01988128 0.05438292 0.08492094
v -0.01983524 0.05435070 0.08507735
v -0.01510549 0.05589469 0.08493559
v -0.00530785 0.05765604 0.08493559
v -0.00034657 0.05789574 0.08490936
v -0.00249039 0.05783298 0.08487882
v -0.00249039 0.05783298 0.08487882
v -0.00034657 0.05789574 0.08490936
v 0.00249037 0.05783298 0.08487882
v -0.01029575 0.05697893 0.08487547
v -0.01236002 0.05655161 0.08487882
v -0.01510549 0.05589469 0.08493559
v -0.01510549 0.05589469 0.08493559
v -0.01236002 0.05655161 0.08487882
v -0.01717576 0.05527973 0.08487882
v -0.01029575 0.05697893 0.08487547
v -0.00530785 0.05765604 0.08493559
v -0.00745281 0.05740480 0.08487882
v -0.00745281 0.05740480 0.08487882
v -0.00530785 0.05765604 0.08493559
v -0.00249039 0.05783298 0.08487882
v -0.05737906 0.00583428 0.08523450
v -0.05757554 0.00590618 0.08505682
v -0.05767801 0.00090342 0.08522257
v -0.05767801 0.00090342 0.08522257
v -0.05757554 0.00590618 0.08505682
v -0.05787049 0.00091222 0.08505699
v -0.05767801 0.00090342 0.08522257
v -0.05787049 0.00091222 0.08505699
v -0.05751333 -0.00404995 0.08525934
v -0.05751333 -0.00404995 0.08525934
v -0.05787049 0.00091222 0.08505699
v -0.05772620 -0.00405559 0.08506545
v -0.05751333 -0.00404995 0.08525934
v -0.05772620 -0.00405559 0.08506545
v -0.05715288 -0.00900017 0.08507701
v -0.05751333 -0.00404995 0.08525934
v -0.05715288 -0.00900017 0.08507701
v -0.05696701 -0.00900023 0.08523765
v -0.05696701 -0.00900023 0.08523765
v -0.05715288 -0.00900017 0.08507701
v -0.05599275 -0.01386943 0.08522306
v -0.05599275 -0.01386943 0.08522306
v -0.05715288 -0.00900017 0.08507701
v -0.05617904 -0.01387671 0.08506728
v -0.05599275 -0.01386943 0.08522306
v -0.05617904 -0.01387671 0.08506728
v -0.05457247 -0.01860193 0.08525933
v -0.05457247 -0.01860193 0.08525933
v -0.05617904 -0.01387671 0.08506728
v -0.05477376 -0.01866753 0.08506751
v -0.05457247 -0.01860193 0.08525933
v -0.05477376 -0.01866753 0.08506751
v -0.05275177 -0.02324572 0.08527998
v -0.05275177 -0.02324572 0.08527998
v -0.05477376 -0.01866753 0.08506751
v -0.05297952 -0.02330483 0.08505416
v -0.05275177 -0.02324572 0.08527998
v -0.05297952 -0.02330483 0.08505416
v -0.05058221 -0.02770982 0.08523450
v -0.05058221 -0.02770982 0.08523450
v -0.05297952 -0.02330483 0.08505416
v -0.05077313 -0.02776216 0.08506728
v -0.05058221 -0.02770982 0.08523450
v -0.05077313 -0.02776216 0.08506728
v -0.04800787 -0.03191232 0.08527333
v -0.04800787 -0.03191232 0.08527333
v -0.05077313 -0.02776216 0.08506728
v -0.04819106 -0.03203532 0.08506751
v -0.04800787 -0.03191232 0.08527333
v -0.04819106 -0.03203532 0.08506751
v -0.04509382 -0.03595540 0.08523766
v -0.04509382 -0.03595540 0.08523766
v -0.04819106 -0.03203532 0.08506751
v -0.04527218 -0.03606069 0.08505418
v -0.04509382 -0.03595540 0.08523766
v -0.04527218 -0.03606069 0.08505418
v -0.04182951 -0.03970751 0.08523451
v -0.04182951 -0.03970751 0.08523451
v -0.04527218 -0.03606069 0.08505418
v -0.04201213 -0.03980962 0.08505682
v -0.04182951 -0.03970751 0.08523451
v -0.04201213 -0.03980962 0.08505682
v -0.03828529 -0.04314864 0.08522258
v -0.03828529 -0.04314864 0.08522258
v -0.04201213 -0.03980962 0.08505682
v -0.03841745 -0.04328884 0.08505699
v -0.03828529 -0.04314864 0.08522258
v -0.03841745 -0.04328884 0.08505699
v -0.03441952 -0.04624335 0.08527333
v -0.03441952 -0.04624335 0.08527333
v -0.03841745 -0.04328884 0.08505699
v -0.03455626 -0.04641796 0.08506545
v -0.03441952 -0.04624335 0.08527333
v -0.03455626 -0.04641796 0.08506545
v -0.03044349 -0.04921222 0.08506728
v -0.03441952 -0.04624335 0.08527333
v -0.03044349 -0.04921222 0.08506728
v -0.03029002 -0.04904719 0.08527999
v -0.03029002 -0.04904719 0.08527999
v -0.03044349 -0.04921222 0.08506728
v -0.02593653 -0.05148260 0.08527377
v -0.02593653 -0.05148260 0.08527377
v -0.03044349 -0.04921222 0.08506728
v -0.02610027 -0.05164712 0.08506728
v -0.02593653 -0.05148260 0.08527377
v -0.02610027 -0.05164712 0.08506728
v -0.02147004 -0.05349942 0.08527333
v -0.02147004 -0.05349942 0.08527333
v -0.02610027 -0.05164712 0.08506728
v -0.02155204 -0.05371531 0.08505700
v -0.02147004 -0.05349942 0.08527333
v -0.02155204 -0.05371531 0.08505700
v -0.01679147 -0.05514704 0.08527333
v -0.01685478 -0.05535844 0.08506751
v -0.01679147 -0.05514704 0.08527333
v -0.01685478 -0.05535844 0.08506751
v -0.01195795 -0.05639256 0.08527999
v -0.01195795 -0.05639256 0.08527999
v -0.01685478 -0.05535844 0.08506751
v -0.01204306 -0.05661192 0.08505418
v -0.01195795 -0.05639256 0.08527999
v -0.01204306 -0.05661192 0.08505418
v -0.00709265 -0.05722734 0.08524626
v -0.00709265 -0.05722734 0.08524626
v -0.01204306 -0.05661192 0.08505418
v -0.00712313 -0.05742736 0.08506751
v -0.00709265 -0.05722734 0.08524626
v -0.00712313 -0.05742736 0.08506751
v -0.00213520 -0.05764414 0.08522527
v -0.00213520 -0.05764414 0.08522527
v -0.00712313 -0.05742736 0.08506751
v -0.00216003 -0.05782713 0.08506751
v -0.00213520 -0.05764414 0.08522527
v -0.00216003 -0.05782713 0.08506751
v 0.00282758 -0.05760645 0.08523219
v 0.00281358 -0.05777887 0.08508567
v 0.00282758 -0.05760645 0.08523219
v 0.00281358 -0.05777887 0.08508567
v 0.00775945 -0.05735518 0.08505682
v 0.00282758 -0.05760645 0.08523219
v 0.00775945 -0.05735518 0.08505682
v 0.00777241 -0.05714747 0.08523766
v 0.00777241 -0.05714747 0.08523766
v 0.00775945 -0.05735518 0.08505682
v 0.01264324 -0.05627214 0.08523403
v 0.01264324 -0.05627214 0.08523403
v 0.00775945 -0.05735518 0.08505682
v 0.01268335 -0.05647085 0.08505700
v 0.01264324 -0.05627214 0.08523403
v 0.01268335 -0.05647085 0.08505700
v 0.01744651 -0.05497147 0.08523764
v 0.01747882 -0.05516568 0.08506545
v 0.01744651 -0.05497147 0.08523764
v 0.01747882 -0.05516568 0.08506545
v 0.02212193 -0.05325310 0.08524671
v 0.02214957 -0.05346069 0.08506728
v 0.02212193 -0.05325310 0.08524671
v 0.02214957 -0.05346069 0.08506728
v 0.02659922 -0.05118642 0.08522257
v 0.02659922 -0.05118642 0.08522257
v 0.02214957 -0.05346069 0.08506728
v 0.02668290 -0.05135998 0.08505699
v 0.02659922 -0.05118642 0.08522257
v 0.02668290 -0.05135998 0.08505699
v 0.03087198 -0.04868339 0.08527333
v 0.03087198 -0.04868339 0.08527333
v 0.02668290 -0.05135998 0.08505699
v 0.03099927 -0.04887607 0.08505699
v 0.03087198 -0.04868339 0.08527333
v 0.03099927 -0.04887607 0.08505699
v 0.03497348 -0.04584745 0.08525089
v 0.03497348 -0.04584745 0.08525089
v 0.03099927 -0.04887607 0.08505699
v 0.03507279 -0.04602891 0.08506545
v 0.03497348 -0.04584745 0.08525089
v 0.03507279 -0.04602891 0.08506545
v 0.03879834 -0.04267415 0.08523451
v 0.03879834 -0.04267415 0.08523451
v 0.03507279 -0.04602891 0.08506545
v 0.03889398 -0.04284749 0.08506728
v 0.03879834 -0.04267415 0.08523451
v 0.03889398 -0.04284749 0.08506728
v 0.04230655 -0.03919898 0.08523402
v 0.04230655 -0.03919898 0.08523402
v 0.03889398 -0.04284749 0.08506728
v 0.04244251 -0.03933541 0.08506751
v 0.04230655 -0.03919898 0.08523402
v 0.04244251 -0.03933541 0.08506751
v 0.04550154 -0.03540898 0.08525933
v 0.04550154 -0.03540898 0.08525933
v 0.04244251 -0.03933541 0.08506751
v 0.04566369 -0.03554700 0.08506545
v 0.04550154 -0.03540898 0.08525933
v 0.04566369 -0.03554700 0.08506545
v 0.04855115 -0.03150574 0.08505682
v 0.04550154 -0.03540898 0.08525933
v 0.04855115 -0.03150574 0.08505682
v 0.04838412 -0.03133831 0.08527998
v 0.04838412 -0.03133831 0.08527998
v 0.04855115 -0.03150574 0.08505682
v 0.05090401 -0.02709348 0.08524625
v 0.05090401 -0.02709348 0.08524625
v 0.04855115 -0.03150574 0.08505682
v 0.05108635 -0.02720533 0.08505416
v 0.05090401 -0.02709348 0.08524625
v 0.05108635 -0.02720533 0.08505416
v 0.05322542 -0.02270721 0.08506870
v 0.05090401 -0.02709348 0.08524625
v 0.05322542 -0.02270721 0.08506870
v 0.05304465 -0.02261724 0.08524625
v 0.05304465 -0.02261724 0.08524625
v 0.05322542 -0.02270721 0.08506870
v 0.05477300 -0.01797413 0.08527332
v 0.05477300 -0.01797413 0.08527332
v 0.05322542 -0.02270721 0.08506870
v 0.05496247 -0.01803998 0.08508566
v 0.05477300 -0.01797413 0.08527332
v 0.05496247 -0.01803998 0.08508566
v 0.05630978 -0.01324538 0.08508627
v 0.05477300 -0.01797413 0.08527332
v 0.05630978 -0.01324538 0.08508627
v 0.05612222 -0.01316854 0.08527998
v 0.05612222 -0.01316854 0.08527998
v 0.05630978 -0.01324538 0.08508627
v 0.05708165 -0.00832183 0.08522258
v 0.05708165 -0.00832183 0.08522258
v 0.05630978 -0.01324538 0.08508627
v 0.05727141 -0.00835532 0.08505699
v 0.05708165 -0.00832183 0.08522258
v 0.05727141 -0.00835532 0.08505699
v 0.05754691 -0.00339180 0.08527333
v 0.05754691 -0.00339180 0.08527333
v 0.05727141 -0.00835532 0.08505699
v 0.05777806 -0.00341177 0.08505418
v 0.05754691 -0.00339180 0.08527333
v 0.05777806 -0.00341177 0.08505418
v 0.05785677 0.00155572 0.08505682
v 0.05754691 -0.00339180 0.08527333
v 0.05785677 0.00155572 0.08505682
v 0.05765166 0.00159090 0.08523765
v 0.05765166 0.00159090 0.08523765
v 0.05785677 0.00155572 0.08505682
v 0.05727736 0.00651573 0.08527332
v 0.05727736 0.00651573 0.08527332
v 0.05785677 0.00155572 0.08505682
v 0.05750629 0.00654610 0.08505698
v 0.05727736 0.00651573 0.08527332
v 0.05750629 0.00654610 0.08505698
v 0.05654077 0.01143287 0.08522257
v 0.05654077 0.01143287 0.08522257
v 0.05750629 0.00654610 0.08505698
v 0.05673068 0.01146539 0.08505698
v 0.05654077 0.01143287 0.08522257
v 0.05673068 0.01146539 0.08505698
v 0.05533414 0.01625971 0.08523765
v 0.05533414 0.01625971 0.08523765
v 0.05673068 0.01146539 0.08505698
v 0.05552901 0.01628781 0.08506545
v 0.05533414 0.01625971 0.08523765
v 0.05552901 0.01628781 0.08506545
v 0.05374106 0.02096301 0.08522306
v 0.05374106 0.02096301 0.08522306
v 0.05552901 0.01628781 0.08506545
v 0.05392489 0.02099417 0.08506728
v 0.05374106 0.02096301 0.08522306
v 0.05392489 0.02099417 0.08506728
v 0.05173845 0.02548604 0.08523402
v 0.05191449 0.02556420 0.08506750
v 0.05173845 0.02548604 0.08523402
v 0.05191449 0.02556420 0.08506750
v 0.04932856 0.02984593 0.08526499
v 0.04932856 0.02984593 0.08526499
v 0.05191449 0.02556420 0.08506750
v 0.04953174 0.02994046 0.08505698
v 0.04932856 0.02984593 0.08526499
v 0.04953174 0.02994046 0.08505698
v 0.04656820 0.03399402 0.08525978
v 0.04656820 0.03399402 0.08525978
v 0.04953174 0.02994046 0.08505698
v 0.04677288 0.03407433 0.08506544
v 0.04656820 0.03399402 0.08525978
v 0.04677288 0.03407433 0.08506544
v 0.04350918 0.03784477 0.08524625
v 0.04350918 0.03784477 0.08524625
v 0.04677288 0.03407433 0.08506544
v 0.04366550 0.03797323 0.08506750
v 0.04350918 0.03784477 0.08524625
v 0.04366550 0.03797323 0.08506750
v 0.04010622 0.04146155 0.08522259
v 0.04010622 0.04146155 0.08522259
v 0.04366550 0.03797323 0.08506750
v 0.04023951 0.04158634 0.08506750
v 0.04010622 0.04146155 0.08522259
v 0.04023951 0.04158634 0.08506750
v 0.03638566 0.04476036 0.08522526
v 0.03638566 0.04476036 0.08522526
v 0.04023951 0.04158634 0.08506750
v 0.03650640 0.04487310 0.08508568
v 0.03638566 0.04476036 0.08522526
v 0.03650640 0.04487310 0.08508568
v 0.03234898 0.04771486 0.08527375
v 0.03234898 0.04771486 0.08527375
v 0.03650640 0.04487310 0.08508568
v 0.03254308 0.04786203 0.08505682
v 0.03234898 0.04771486 0.08527375
v 0.03254308 0.04786203 0.08505682
v 0.02818927 0.05032827 0.08522257
v 0.02818927 0.05032827 0.08522257
v 0.03254308 0.04786203 0.08505682
v 0.02829820 0.05048918 0.08505418
v 0.02818927 0.05032827 0.08522257
v 0.02829820 0.05048918 0.08505418
v 0.02385413 0.05272220 0.08506727
v 0.02818927 0.05032827 0.08522257
v 0.02385413 0.05272220 0.08506727
v 0.02372920 0.05254533 0.08526500
v 0.02372920 0.05254533 0.08526500
v 0.02385413 0.05272220 0.08506727
v 0.01912650 0.05441114 0.08523450
v 0.01912650 0.05441114 0.08523450
v 0.02385413 0.05272220 0.08506727
v 0.01921541 0.05456189 0.08508626
v 0.01912650 0.05441114 0.08523450
v 0.01921541 0.05456189 0.08508626
v 0.01438838 0.05584998 0.08523765
v 0.01445750 0.05603233 0.08506750
v 0.01438838 0.05584998 0.08523765
v 0.01445750 0.05603233 0.08506750
v 0.00952354 0.05688319 0.08523450
v 0.00952354 0.05688319 0.08523450
v 0.01445750 0.05603233 0.08506750
v 0.00958720 0.05706775 0.08506750
v 0.00952354 0.05688319 0.08523450
v 0.00958720 0.05706775 0.08506750
v 0.00456990 0.05746546 0.08527375
v 0.00456990 0.05746546 0.08527375
v 0.00958720 0.05706775 0.08506750
v 0.00465244 0.05768117 0.08506544
v 0.00456990 0.05746546 0.08527375
v 0.00465244 0.05768117 0.08506544
v -0.00038703 0.05764559 0.08527375
v -0.00038703 0.05764559 0.08527375
v 0.00465244 0.05768117 0.08506544
v -0.00031051 0.05787685 0.08505681
v -0.00038703 0.05764559 0.08527375
v -0.00031051 0.05787685 0.08505681
v -0.00529307 0.05743161 0.08523402
v -0.00529307 0.05743161 0.08523402
v -0.00031051 0.05787685 0.08505681
v -0.00529902 0.05761386 0.08507733
v -0.00529307 0.05743161 0.08523402
v -0.00529902 0.05761386 0.08507733
v -0.01021058 0.05676398 0.08523402
v -0.01023003 0.05694645 0.08507590
v -0.01021058 0.05676398 0.08523402
v -0.01023003 0.05694645 0.08507590
v -0.01508528 0.05585596 0.08507702
v -0.01021058 0.05676398 0.08523402
v -0.01508528 0.05585596 0.08507702
v -0.01506635 0.05565152 0.08526500
v -0.01506635 0.05565152 0.08526500
v -0.01508528 0.05585596 0.08507702
v -0.01978295 0.05417602 0.08523402
v -0.01978295 0.05417602 0.08523402
v -0.01508528 0.05585596 0.08507702
v -0.01983524 0.05435070 0.08507735
v -0.01978295 0.05417602 0.08523402
v -0.01983524 0.05435070 0.08507735
v -0.02437877 0.05226778 0.08523765
v -0.02437877 0.05226778 0.08523765
v -0.01983524 0.05435070 0.08507735
v -0.02443583 0.05245620 0.08506544
v -0.02437877 0.05226778 0.08523765
v -0.02443583 0.05245620 0.08506544
v -0.02879173 0.04997431 0.08523450
v -0.02879173 0.04997431 0.08523450
v -0.02443583 0.05245620 0.08506544
v -0.02884820 0.05017577 0.08505682
v -0.02879173 0.04997431 0.08523450
v -0.02884820 0.05017577 0.08505682
v -0.03298672 0.04727620 0.08527376
v -0.03298672 0.04727620 0.08527376
v -0.02884820 0.05017577 0.08505682
v -0.03305475 0.04751011 0.08505682
v -0.03298672 0.04727620 0.08527376
v -0.03305475 0.04751011 0.08505682
v -0.03691517 0.04432651 0.08522257
v -0.03691517 0.04432651 0.08522257
v -0.03305475 0.04751011 0.08505682
v -0.03702059 0.04447740 0.08506544
v -0.03691517 0.04432651 0.08522257
v -0.03702059 0.04447740 0.08506544
v -0.04070435 0.04114586 0.08505682
v -0.03691517 0.04432651 0.08522257
v -0.04070435 0.04114586 0.08505682
v -0.04057694 0.04094662 0.08527998
v -0.04057694 0.04094662 0.08527998
v -0.04070435 0.04114586 0.08505682
v -0.04396756 0.03731122 0.08524671
v -0.04396756 0.03731122 0.08524671
v -0.04070435 0.04114586 0.08505682
v -0.04409078 0.03749438 0.08505682
v -0.04396756 0.03731122 0.08524671
v -0.04409078 0.03749438 0.08505682
v -0.04699211 0.03342180 0.08524625
v -0.04699211 0.03342180 0.08524625
v -0.04409078 0.03749438 0.08505682
v -0.04716388 0.03354689 0.08505698
v -0.04699211 0.03342180 0.08524625
v -0.04716388 0.03354689 0.08505698
v -0.04971343 0.02925718 0.08522525
v -0.04971343 0.02925718 0.08522525
v -0.04716388 0.03354689 0.08505698
v -0.04986266 0.02936592 0.08506750
v -0.04971343 0.02925718 0.08522525
v -0.04986266 0.02936592 0.08506750
v -0.05203276 0.02483511 0.08525979
v -0.05203276 0.02483511 0.08525979
v -0.04986266 0.02936592 0.08506750
v -0.05220065 0.02497709 0.08506545
v -0.05203276 0.02483511 0.08525979
v -0.05220065 0.02497709 0.08506545
v -0.05397002 0.02025831 0.08527376
v -0.05397002 0.02025831 0.08527376
v -0.05220065 0.02497709 0.08506545
v -0.05415863 0.02041247 0.08505682
v -0.05397002 0.02025831 0.08527376
v -0.05415863 0.02041247 0.08505682
v -0.05553516 0.01560176 0.08522257
v -0.05553516 0.01560176 0.08522257
v -0.05415863 0.02041247 0.08505682
v -0.05571902 0.01565939 0.08505698
v -0.05553516 0.01560176 0.08522257
v -0.05571902 0.01565939 0.08505698
v -0.05666182 0.01075563 0.08523764
v -0.05666182 0.01075563 0.08523764
v -0.05571902 0.01565939 0.08505698
v -0.05685793 0.01082221 0.08505418
v -0.05666182 0.01075563 0.08523764
v -0.05685793 0.01082221 0.08505418
v -0.05737906 0.00583428 0.08523450
v -0.05737906 0.00583428 0.08523450
v -0.05685793 0.01082221 0.08505418
v -0.05757554 0.00590618 0.08505682
v -0.01513450 0.05590390 0.08554787
v -0.01027269 0.05699799 0.08554787
v -0.01018965 0.05683505 0.08551575
v -0.01988424 0.05439592 0.08554787
v -0.01513450 0.05590390 0.08554787
v -0.01502730 0.05571912 0.08549995
v -0.02890800 0.05018592 0.08554787
v -0.02448678 0.05248520 0.08554787
v -0.02437288 0.05236272 0.08552203
v -0.03311519 0.04751508 0.08554787
v -0.02890800 0.05018592 0.08554787
v -0.02878401 0.05007365 0.08552203
v -0.03707724 0.04449244 0.08554788
v -0.03311519 0.04751508 0.08554787
v -0.03296175 0.04738941 0.08550841
v -0.04415049 0.03748377 0.08554788
v -0.04076478 0.04114040 0.08554788
v -0.04059206 0.04104288 0.08550839
v -0.04720934 0.03354962 0.08554788
v -0.04415049 0.03748377 0.08554788
v -0.04399588 0.03741994 0.08552203
v -0.05225841 0.02496714 0.08554788
v -0.04991867 0.02936708 0.08554788
v -0.04975541 0.02933070 0.08552203
v -0.05421127 0.02038229 0.08554788
v -0.05225841 0.02496714 0.08554788
v -0.05204840 0.02492795 0.08549995
v -0.05690138 0.01079505 0.08554788
v -0.05576273 0.01564665 0.08554788
v -0.05559560 0.01565311 0.08552203
v -0.05780116 0.00089656 0.08553304
v -0.05762954 0.00586362 0.08555107
v -0.05745518 0.00589858 0.08552203
v -0.05622682 -0.01393173 0.08555107
v -0.05720582 -0.00904392 0.08554788
v -0.05704113 -0.00896445 0.08551575
v -0.05481115 -0.01870926 0.08554788
v -0.05622682 -0.01393173 0.08555107
v -0.05607446 -0.01383994 0.08552203
v -0.05079629 -0.02782149 0.08554788
v -0.05299993 -0.02335179 0.08554788
v -0.05284708 -0.02322540 0.08550841
v -0.04821659 -0.03208519 0.08554788
v -0.05079629 -0.02782149 0.08554788
v -0.05068139 -0.02769993 0.08552203
v -0.04200796 -0.03987016 0.08554788
v -0.04527989 -0.03611136 0.08554788
v -0.04518749 -0.03597193 0.08552203
v -0.03843144 -0.04334249 0.08555107
v -0.04200796 -0.03987016 0.08554788
v -0.04192790 -0.03972330 0.08552203
v -0.03043435 -0.04927524 0.08554788
v -0.03456318 -0.04648583 0.08555107
v -0.03448713 -0.04629115 0.08550841
v -0.02154402 -0.05376015 0.08554788
v -0.02608573 -0.05170912 0.08554788
v -0.02604801 -0.05151441 0.08550841
v -0.01684277 -0.05541317 0.08554788
v -0.02154402 -0.05376015 0.08554788
v -0.02152321 -0.05356290 0.08550841
v -0.00710195 -0.05747922 0.08554788
v -0.01201688 -0.05665592 0.08554788
v -0.01203011 -0.05645803 0.08550841
v -0.00213445 -0.05787696 0.08554788
v -0.00710195 -0.05747922 0.08554788
v -0.00713344 -0.05731495 0.08552203
v 0.00781100 -0.05738717 0.08554788
v 0.00284881 -0.05784619 0.08554788
v 0.00278965 -0.05768974 0.08552203
v 0.01271536 -0.05650326 0.08554788
v 0.00781100 -0.05738717 0.08554788
v 0.00773861 -0.05723638 0.08552203
v 0.02220607 -0.05349009 0.08554788
v 0.01752558 -0.05520103 0.08554788
v 0.01742844 -0.05506487 0.08552203
v 0.02672211 -0.05138315 0.08554788
v 0.02220607 -0.05349009 0.08554788
v 0.02209756 -0.05336279 0.08552203
v 0.03512875 -0.04604640 0.08554788
v 0.03104034 -0.04889577 0.08554788
v 0.03089243 -0.04876362 0.08550841
v 0.04249698 -0.03934852 0.08554788
v 0.03895707 -0.04285611 0.08554788
v 0.03881197 -0.04277290 0.08552203
v 0.04572225 -0.03554961 0.08554788
v 0.04249698 -0.03934852 0.08554788
v 0.04234527 -0.03927808 0.08552203
v 0.05113588 -0.02719231 0.08554788
v 0.04860901 -0.03148750 0.08554788
v 0.04841945 -0.03142912 0.08550841
v 0.05328417 -0.02269573 0.08554788
v 0.05113588 -0.02719231 0.08554788
v 0.05097123 -0.02716292 0.08552203
v 0.05503795 -0.01803117 0.08554788
v 0.05328417 -0.02269573 0.08554788
v 0.05311759 -0.02268065 0.08552203
v 0.05755252 0.00657674 0.08555107
v 0.05789411 0.00160350 0.08554788
v 0.05773643 0.00154776 0.08552203
v 0.05676377 0.01149669 0.08554788
v 0.05755252 0.00657674 0.08555107
v 0.05735847 0.00649908 0.08550840
v 0.05556532 0.01633384 0.08554788
v 0.05676377 0.01149669 0.08554788
v 0.05661797 0.01141472 0.08552203
v 0.04679157 0.03412987 0.08554788
v 0.04955233 0.02998110 0.08554788
v 0.04940430 0.02982707 0.08549995
v 0.04368439 0.03802595 0.08554788
v 0.04679157 0.03412987 0.08554788
v 0.04665734 0.03396368 0.08549995
v 0.04025378 0.04164051 0.08554788
v 0.04368439 0.03802595 0.08554788
v 0.04359807 0.03788270 0.08552203
v 0.03653112 0.04495580 0.08555106
v 0.04025378 0.04164051 0.08554788
v 0.04018009 0.04149037 0.08552203
v 0.01444317 0.05608649 0.08554787
v 0.01921118 0.05463725 0.08554787
v 0.01920685 0.05447005 0.08552203
v 0.00956827 0.05712047 0.08554787
v 0.01444317 0.05608649 0.08554787
v 0.01445326 0.05591952 0.08552203
v -0.00035748 0.05791521 0.08554787
v 0.00462252 0.05773154 0.08554787
v 0.00466114 0.05753701 0.08550841
v -0.00533482 0.05767008 0.08554787
v -0.00035748 0.05791521 0.08554787
v -0.00030228 0.05772470 0.08550841
v -0.01978295 0.05417602 0.08523402
v -0.02437877 0.05226778 0.08523765
v -0.01977170 0.05415735 0.08539526
v -0.01978295 0.05417602 0.08523402
v -0.01977170 0.05415735 0.08539526
v -0.01506635 0.05565152 0.08526500
v 0.02825334 0.05037500 0.08552203
v 0.02380229 0.05257271 0.08549995
v 0.02383696 0.05278351 0.08554787
v 0.02825334 0.05037500 0.08552203
v 0.02383696 0.05278351 0.08554787
v 0.02828623 0.05053899 0.08554787
v 0.04010622 0.04146155 0.08522259
v 0.04008395 0.04143060 0.08537936
v 0.04350918 0.03784477 0.08524625
v 0.04932856 0.02984593 0.08526499
v 0.04656820 0.03399402 0.08525978
v 0.04940430 0.02982707 0.08549995
v 0.04932856 0.02984593 0.08526499
v 0.04940430 0.02982707 0.08549995
v 0.05172109 0.02547287 0.08539525
v 0.05531999 0.01623692 0.08539526
v 0.05371359 0.02093008 0.08537936
v 0.05542712 0.01623961 0.08552203
v 0.05531999 0.01623692 0.08539526
v 0.05542712 0.01623961 0.08552203
v 0.05661797 0.01141472 0.08552203
v 0.05714820 -0.00836500 0.08552203
v 0.05762396 -0.00342210 0.08550841
v 0.05781764 -0.00337926 0.08554788
v 0.05714820 -0.00836500 0.08552203
v 0.05781764 -0.00337926 0.08554788
v 0.05732392 -0.00833755 0.08555107
v 0.01438838 0.05584998 0.08523765
v 0.00952354 0.05688319 0.08523450
v 0.01440071 0.05582614 0.08539526
v 0.01438838 0.05584998 0.08523765
v 0.01440071 0.05582614 0.08539526
v 0.01914647 0.05438153 0.08539525
v 0.02372920 0.05254533 0.08526500
v 0.01914647 0.05438153 0.08539525
v 0.02380229 0.05257271 0.08549995
v 0.02372920 0.05254533 0.08526500
v 0.02380229 0.05257271 0.08549995
v 0.02817566 0.05029264 0.08537936
v 0.03637398 0.04472304 0.08537935
v 0.03246360 0.04773203 0.08550841
v 0.03646467 0.04479083 0.08552203
v 0.03637398 0.04472304 0.08537935
v 0.03646467 0.04479083 0.08552203
v 0.04018009 0.04149037 0.08552203
v 0.05182617 0.02549388 0.08552203
v 0.04940430 0.02982707 0.08549995
v 0.04955233 0.02998110 0.08554788
v 0.05182617 0.02549388 0.08552203
v 0.04955233 0.02998110 0.08554788
v 0.05194620 0.02561038 0.08554788
v -0.00038703 0.05764559 0.08527375
v -0.00528697 0.05741069 0.08539525
v -0.00030228 0.05772470 0.08550841
v -0.00038703 0.05764559 0.08527375
v -0.00030228 0.05772470 0.08550841
v 0.00466114 0.05753701 0.08550841
v 0.00954831 0.05685744 0.08539525
v 0.00466114 0.05753701 0.08550841
v 0.00959264 0.05695500 0.08552203
v 0.00954831 0.05685744 0.08539525
v 0.00959264 0.05695500 0.08552203
v 0.01445326 0.05591952 0.08552203
v 0.03246360 0.04773203 0.08550841
v 0.02825334 0.05037500 0.08552203
v 0.02828623 0.05053899 0.08554787
v 0.03246360 0.04773203 0.08550841
v 0.02828623 0.05053899 0.08554787
v 0.03253127 0.04792977 0.08555106
v 0.05650488 0.01141996 0.08537936
v 0.05531999 0.01623692 0.08539526
v 0.05661797 0.01141472 0.08552203
v 0.05650488 0.01141996 0.08537936
v 0.05661797 0.01141472 0.08552203
v 0.05735847 0.00649908 0.08550840
v 0.05618611 -0.01324211 0.08550841
v 0.05714820 -0.00836500 0.08552203
v 0.05732392 -0.00833755 0.08555107
v 0.05618611 -0.01324211 0.08550841
v 0.05732392 -0.00833755 0.08555107
v 0.05638425 -0.01323310 0.08554788
v 0.01912650 0.05441114 0.08523450
v 0.01438838 0.05584998 0.08523765
v 0.01914647 0.05438153 0.08539525
v 0.01912650 0.05441114 0.08523450
v 0.01914647 0.05438153 0.08539525
v 0.02372920 0.05254533 0.08526500
v 0.03234898 0.04771486 0.08527375
v 0.02817566 0.05029264 0.08537936
v 0.03246360 0.04773203 0.08550841
v 0.03234898 0.04771486 0.08527375
v 0.03246360 0.04773203 0.08550841
v 0.03637398 0.04472304 0.08537935
v 0.04008395 0.04143060 0.08537936
v 0.03637398 0.04472304 0.08537935
v 0.04018009 0.04149037 0.08552203
v 0.04008395 0.04143060 0.08537936
v 0.04018009 0.04149037 0.08552203
v 0.04359807 0.03788270 0.08552203
v 0.05382590 0.02094427 0.08552203
v 0.05182617 0.02549388 0.08552203
v 0.05194620 0.02561038 0.08554788
v 0.05382590 0.02094427 0.08552203
v 0.05194620 0.02561038 0.08554788
v 0.05395550 0.02105002 0.08554788
v -0.01021058 0.05676398 0.08523402
v -0.01506635 0.05565152 0.08526500
v -0.01020356 0.05674152 0.08537851
v -0.01021058 0.05676398 0.08523402
v -0.01020356 0.05674152 0.08537851
v -0.00528697 0.05741069 0.08539525
v 0.00456990 0.05746546 0.08527375
v -0.00038703 0.05764559 0.08527375
v 0.00466114 0.05753701 0.08550841
v 0.00456990 0.05746546 0.08527375
v 0.00466114 0.05753701 0.08550841
v 0.00954831 0.05685744 0.08539525
v 0.01440071 0.05582614 0.08539526
v 0.00954831 0.05685744 0.08539525
v 0.01445326 0.05591952 0.08552203
v 0.01440071 0.05582614 0.08539526
v 0.01445326 0.05591952 0.08552203
v 0.01920685 0.05447005 0.08552203
v 0.03646467 0.04479083 0.08552203
v 0.03246360 0.04773203 0.08550841
v 0.03253127 0.04792977 0.08555106
v 0.03646467 0.04479083 0.08552203
v 0.03253127 0.04792977 0.08555106
v 0.03653112 0.04495580 0.08555106
v 0.05483976 -0.01802311 0.08550841
v 0.05618611 -0.01324211 0.08550841
v 0.05638425 -0.01323310 0.08554788
v 0.05483976 -0.01802311 0.08550841
v 0.05638425 -0.01323310 0.08554788
v 0.05503795 -0.01803117 0.08554788
v 0.04350696 0.03784043 0.08541056
v 0.04008395 0.04143060 0.08537936
v 0.04359807 0.03788270 0.08552203
v 0.04350696 0.03784043 0.08541056
v 0.04359807 0.03788270 0.08552203
v 0.04665734 0.03396368 0.08549995
v 0.05542712 0.01623961 0.08552203
v 0.05382590 0.02094427 0.08552203
v 0.05395550 0.02105002 0.08554788
v 0.05556532 0.01633384 0.08554788
v 0.04368439 0.03802595 0.08554788
v 0.04665734 0.03396368 0.08549995
v 0.04359807 0.03788270 0.08552203
v 0.02825334 0.05037500 0.08552203
v 0.03246360 0.04773203 0.08550841
v 0.02817566 0.05029264 0.08537936
v 0.02825334 0.05037500 0.08552203
v 0.02817566 0.05029264 0.08537936
v 0.02380229 0.05257271 0.08549995
v 0.04025378 0.04164051 0.08554788
v 0.04359807 0.03788270 0.08552203
v 0.04018009 0.04149037 0.08552203
v 0.01444317 0.05608649 0.08554787
v 0.01920685 0.05447005 0.08552203
v 0.01445326 0.05591952 0.08552203
v -0.00526900 0.05751633 0.08552203
v -0.00030228 0.05772470 0.08550841
v -0.00528697 0.05741069 0.08539525
v -0.00526900 0.05751633 0.08552203
v -0.00528697 0.05741069 0.08539525
v -0.01018965 0.05683505 0.08551575
v -0.01018965 0.05683505 0.08551575
v -0.00528697 0.05741069 0.08539525
v -0.01020356 0.05674152 0.08537851
v -0.01018965 0.05683505 0.08551575
v -0.01020356 0.05674152 0.08537851
v -0.01502730 0.05571912 0.08549995
v -0.02875625 0.04997016 0.08539525
v -0.02435412 0.05225721 0.08539526
v -0.02879173 0.04997431 0.08523450
v -0.02875625 0.04997016 0.08539525
v -0.02879173 0.04997431 0.08523450
v -0.03298672 0.04727620 0.08527376
v 0.00956827 0.05712047 0.08554787
v 0.01445326 0.05591952 0.08552203
v 0.00959264 0.05695500 0.08552203
v -0.03688770 0.04430006 0.08536224
v -0.03298672 0.04727620 0.08527376
v -0.03691517 0.04432651 0.08522257
v -0.03688770 0.04430006 0.08536224
v -0.03691517 0.04432651 0.08522257
v -0.04057694 0.04094662 0.08527998
v -0.00035748 0.05791521 0.08554787
v 0.00466114 0.05753701 0.08550841
v -0.00030228 0.05772470 0.08550841
v -0.01978132 0.05426408 0.08552203
v -0.01502730 0.05571912 0.08549995
v -0.01977170 0.05415735 0.08539526
v -0.01978132 0.05426408 0.08552203
v -0.01977170 0.05415735 0.08539526
v -0.02435412 0.05225721 0.08539526
v -0.01513450 0.05590390 0.08554787
v -0.01018965 0.05683505 0.08551575
v -0.01502730 0.05571912 0.08549995
v -0.03692458 0.04439175 0.08551575
v -0.03296175 0.04738941 0.08550841
v -0.03688770 0.04430006 0.08536224
v -0.03692458 0.04439175 0.08551575
v -0.03688770 0.04430006 0.08536224
v -0.04059206 0.04104288 0.08550839
v -0.04059206 0.04104288 0.08550839
v -0.03688770 0.04430006 0.08536224
v -0.04057694 0.04094662 0.08527998
v -0.04059206 0.04104288 0.08550839
v -0.04057694 0.04094662 0.08527998
v -0.04394042 0.03733622 0.08541055
v -0.04698738 0.03342065 0.08541056
v -0.04394042 0.03733622 0.08541055
v -0.04699211 0.03342180 0.08524625
v -0.04698738 0.03342065 0.08541056
v -0.04699211 0.03342180 0.08524625
v -0.04967478 0.02925123 0.08537934
v -0.02878401 0.05007365 0.08552203
v -0.04399588 0.03741994 0.08552203
v -0.04059206 0.04104288 0.08550839
v -0.04394042 0.03733622 0.08541055
v -0.04399588 0.03741994 0.08552203
v -0.04394042 0.03733622 0.08541055
v -0.04698738 0.03342065 0.08541056
v -0.05204840 0.02492795 0.08549995
v -0.04967478 0.02925123 0.08537934
v -0.05203276 0.02483511 0.08525979
v -0.05204840 0.02492795 0.08549995
v -0.05203276 0.02483511 0.08525979
v -0.05397002 0.02025831 0.08527376
v -0.04415049 0.03748377 0.08554788
v -0.04059206 0.04104288 0.08550839
v -0.04399588 0.03741994 0.08552203
v -0.05225841 0.02496714 0.08554788
v -0.04975541 0.02933070 0.08552203
v -0.05204840 0.02492795 0.08549995
v -0.05745518 0.00589858 0.08552203
v -0.05673541 0.01081589 0.08552203
v -0.05735496 0.00586065 0.08539525
v -0.05745518 0.00589858 0.08552203
v -0.05735496 0.00586065 0.08539525
v -0.05764367 0.00091421 0.08541420
v -0.05690138 0.01079505 0.08554788
v -0.05559560 0.01565311 0.08552203
v -0.05673541 0.01081589 0.08552203
v -0.05780116 0.00089656 0.08553304
v -0.05745518 0.00589858 0.08552203
v -0.05764367 0.00091421 0.08541420
v -0.05780116 0.00089656 0.08553304
v -0.05764367 0.00091421 0.08541420
v -0.05753982 -0.00404867 0.08545595
v -0.04183379 -0.03967204 0.08539525
v -0.04508934 -0.03592895 0.08539525
v -0.04182951 -0.03970751 0.08523451
v -0.04183379 -0.03967204 0.08539525
v -0.04182951 -0.03970751 0.08523451
v -0.03826440 -0.04311673 0.08537936
v -0.03826440 -0.04311673 0.08537936
v -0.04182951 -0.03970751 0.08523451
v -0.03828529 -0.04314864 0.08522258
v -0.03826440 -0.04311673 0.08537936
v -0.03828529 -0.04314864 0.08522258
v -0.03441952 -0.04624335 0.08527333
v -0.04808764 -0.03193448 0.08550841
v -0.05057731 -0.02767441 0.08539525
v -0.04800787 -0.03191232 0.08527333
v -0.04808764 -0.03193448 0.08550841
v -0.04800787 -0.03191232 0.08527333
v -0.04508934 -0.03592895 0.08539525
v -0.05622682 -0.01393173 0.08555107
v -0.05704113 -0.00896445 0.08551575
v -0.05607446 -0.01383994 0.08552203
v -0.05481115 -0.01870926 0.08554788
v -0.05607446 -0.01383994 0.08552203
v -0.05463366 -0.01859037 0.08549995
v -0.04518749 -0.03597193 0.08552203
v -0.04808764 -0.03193448 0.08550841
v -0.04508934 -0.03592895 0.08539525
v -0.04518749 -0.03597193 0.08552203
v -0.04508934 -0.03592895 0.08539525
v -0.04183379 -0.03967204 0.08539525
v -0.05079629 -0.02782149 0.08554788
v -0.05284708 -0.02322540 0.08550841
v -0.05068139 -0.02769993 0.08552203
v -0.03835790 -0.04318057 0.08552203
v -0.04192790 -0.03972330 0.08552203
v -0.03826440 -0.04311673 0.08537936
v -0.03835790 -0.04318057 0.08552203
v -0.03826440 -0.04311673 0.08537936
v -0.03448713 -0.04629115 0.08550841
v -0.03038006 -0.04908446 0.08550841
v -0.03448713 -0.04629115 0.08550841
v -0.03029002 -0.04904719 0.08527999
v -0.03038006 -0.04908446 0.08550841
v -0.03029002 -0.04904719 0.08527999
v -0.02593653 -0.05148260 0.08527377
v -0.04200796 -0.03987016 0.08554788
v -0.04518749 -0.03597193 0.08552203
v -0.04192790 -0.03972330 0.08552203
v -0.01683898 -0.05521485 0.08550841
v -0.02152321 -0.05356290 0.08550841
v -0.01679147 -0.05514704 0.08527333
v -0.01683898 -0.05521485 0.08550841
v -0.01679147 -0.05514704 0.08527333
v -0.01195795 -0.05639256 0.08527999
v -0.00709385 -0.05722264 0.08541055
v -0.01195795 -0.05639256 0.08527999
v -0.00709265 -0.05722734 0.08524626
v -0.00709385 -0.05722264 0.08541055
v -0.00709265 -0.05722734 0.08524626
v -0.00214834 -0.05760730 0.08537934
v -0.03038006 -0.04908446 0.08550841
v 0.01263448 -0.05625217 0.08539526
v 0.00775199 -0.05713006 0.08539526
v 0.01264324 -0.05627214 0.08523403
v 0.01263448 -0.05625217 0.08539526
v 0.01264324 -0.05627214 0.08523403
v 0.01744651 -0.05497147 0.08523764
v -0.02154402 -0.05376015 0.08554788
v -0.02604801 -0.05151441 0.08550841
v -0.02152321 -0.05356290 0.08550841
v -0.00217996 -0.05771601 0.08552203
v -0.00713344 -0.05731495 0.08552203
v -0.00214834 -0.05760730 0.08537934
v -0.00217996 -0.05771601 0.08552203
v -0.00214834 -0.05760730 0.08537934
v 0.00281214 -0.05758498 0.08539526
v 0.02657691 -0.05115548 0.08537934
v 0.02212193 -0.05325310 0.08524671
v 0.02659922 -0.05118642 0.08522257
v 0.02657691 -0.05115548 0.08537934
v 0.02659922 -0.05118642 0.08522257
v 0.03087198 -0.04868339 0.08527333
v -0.01683898 -0.05521485 0.08550841
v 0.00278965 -0.05768974 0.08552203
v -0.00217996 -0.05771601 0.08552203
v 0.00281214 -0.05758498 0.08539526
v 0.00278965 -0.05768974 0.08552203
v 0.00281214 -0.05758498 0.08539526
v 0.00775199 -0.05713006 0.08539526
v 0.02208639 -0.05326298 0.08541055
v 0.01742342 -0.05495782 0.08539526
v 0.02212193 -0.05325310 0.08524671
v 0.02208639 -0.05326298 0.08541055
v 0.02212193 -0.05325310 0.08524671
v 0.02657691 -0.05115548 0.08537934
v -0.00710195 -0.05747922 0.08554788
v -0.01203011 -0.05645803 0.08550841
v -0.00713344 -0.05731495 0.08552203
v 0.01263028 -0.05635925 0.08552203
v 0.00773861 -0.05723638 0.08552203
v 0.01263448 -0.05625217 0.08539526
v 0.01263028 -0.05635925 0.08552203
v 0.01263448 -0.05625217 0.08539526
v 0.01742342 -0.05495782 0.08539526
v -0.00217996 -0.05771601 0.08552203
v 0.01742844 -0.05506487 0.08552203
v 0.01263028 -0.05635925 0.08552203
v 0.01742342 -0.05495782 0.08539526
v 0.01742844 -0.05506487 0.08552203
v 0.01742342 -0.05495782 0.08539526
v 0.02208639 -0.05326298 0.08541055
v 0.03495504 -0.04585738 0.08541056
v 0.03087198 -0.04868339 0.08527333
v 0.03497348 -0.04584745 0.08525089
v 0.03495504 -0.04585738 0.08541056
v 0.03497348 -0.04584745 0.08525089
v 0.03876276 -0.04267770 0.08539526
v 0.03876276 -0.04267770 0.08539526
v 0.03497348 -0.04584745 0.08525089
v 0.03879834 -0.04267415 0.08523451
v 0.03876276 -0.04267770 0.08539526
v 0.03879834 -0.04267415 0.08523451
v 0.04230655 -0.03919898 0.08523402
v 0.00773861 -0.05723638 0.08552203
v 0.02660307 -0.05126565 0.08552203
v 0.02209756 -0.05336279 0.08552203
v 0.02657691 -0.05115548 0.08537934
v 0.02660307 -0.05126565 0.08552203
v 0.02657691 -0.05115548 0.08537934
v 0.03089243 -0.04876362 0.08550841
v 0.02220607 -0.05349009 0.08554788
v 0.01742844 -0.05506487 0.08552203
v 0.02209756 -0.05336279 0.08552203
v 0.03881197 -0.04277290 0.08552203
v 0.03499136 -0.04595101 0.08552203
v 0.03876276 -0.04267770 0.08539526
v 0.03881197 -0.04277290 0.08552203
v 0.03876276 -0.04267770 0.08539526
v 0.04228805 -0.03918748 0.08539526
v 0.05089917 -0.02709295 0.08541055
v 0.04838412 -0.03133831 0.08527998
v 0.05090401 -0.02709348 0.08524625
v 0.05089917 -0.02709295 0.08541055
v 0.05090401 -0.02709348 0.08524625
v 0.05304465 -0.02261724 0.08524625
v 0.03512875 -0.04604640 0.08554788
v 0.03089243 -0.04876362 0.08550841
v 0.03499136 -0.04595101 0.08552203
v 0.04249698 -0.03934852 0.08554788
v 0.03881197 -0.04277290 0.08552203
v 0.04234527 -0.03927808 0.08552203
v 0.05311759 -0.02268065 0.08552203
v 0.05097123 -0.02716292 0.08552203
v 0.05303980 -0.02261714 0.08541057
v 0.05311759 -0.02268065 0.08552203
v 0.05303980 -0.02261714 0.08541057
v 0.05483976 -0.01802311 0.08550841
v 0.05618611 -0.01324211 0.08550841
v 0.05483976 -0.01802311 0.08550841
v 0.05612222 -0.01316854 0.08527998
v 0.05618611 -0.01324211 0.08550841
v 0.05612222 -0.01316854 0.08527998
v 0.05704352 -0.00832186 0.08537935
v 0.05763216 0.00157250 0.08539525
v 0.05754691 -0.00339180 0.08527333
v 0.05765166 0.00159090 0.08523765
v 0.05763216 0.00157250 0.08539525
v 0.05765166 0.00159090 0.08523765
v 0.05727736 0.00651573 0.08527332
v 0.04572225 -0.03554961 0.08554788
v 0.04234527 -0.03927808 0.08552203
v 0.04552545 -0.03546648 0.08549995
v 0.05650488 0.01141996 0.08537936
v 0.05727736 0.00651573 0.08527332
v 0.05654077 0.01143287 0.08522257
v 0.05650488 0.01141996 0.08537936
v 0.05654077 0.01143287 0.08522257
v 0.05533414 0.01625971 0.08523765
v 0.05113588 -0.02719231 0.08554788
v 0.04841945 -0.03142912 0.08550841
v 0.05097123 -0.02716292 0.08552203
v 0.05714820 -0.00836500 0.08552203
v 0.05618611 -0.01324211 0.08550841
v 0.05704352 -0.00832186 0.08537935
v 0.05714820 -0.00836500 0.08552203
v 0.05704352 -0.00832186 0.08537935
v 0.05762396 -0.00342210 0.08550841
v 0.05531999 0.01623692 0.08539526
v 0.05650488 0.01141996 0.08537936
v 0.05533414 0.01625971 0.08523765
v 0.05531999 0.01623692 0.08539526
v 0.05533414 0.01625971 0.08523765
v 0.05371359 0.02093008 0.08537936
v 0.05371359 0.02093008 0.08537936
v 0.05533414 0.01625971 0.08523765
v 0.05374106 0.02096301 0.08522306
v 0.05371359 0.02093008 0.08537936
v 0.05374106 0.02096301 0.08522306
v 0.05173845 0.02548604 0.08523402
v 0.05328417 -0.02269573 0.08554788
v 0.05097123 -0.02716292 0.08552203
v 0.05311759 -0.02268065 0.08552203
v 0.05735847 0.00649908 0.08550840
v 0.05763216 0.00157250 0.08539525
v 0.05727736 0.00651573 0.08527332
v 0.05735847 0.00649908 0.08550840
v 0.05727736 0.00651573 0.08527332
v 0.05650488 0.01141996 0.08537936
v 0.05755252 0.00657674 0.08555107
v 0.05773643 0.00154776 0.08552203
v 0.05735847 0.00649908 0.08550840
v 0.05182617 0.02549388 0.08552203
v 0.05382590 0.02094427 0.08552203
v 0.05172109 0.02547287 0.08539525
v 0.05182617 0.02549388 0.08552203
v 0.05172109 0.02547287 0.08539525
v 0.04940430 0.02982707 0.08549995
v 0.05676377 0.01149669 0.08554788
v 0.05735847 0.00649908 0.08550840
v 0.05661797 0.01141472 0.08552203
v 0.02817566 0.05029264 0.08537936
v 0.03234898 0.04771486 0.08527375
v 0.02818927 0.05032827 0.08522257
v 0.02817566 0.05029264 0.08537936
v 0.02818927 0.05032827 0.08522257
v 0.02372920 0.05254533 0.08526500
v 0.03653112 0.04495580 0.08555106
v 0.04018009 0.04149037 0.08552203
v 0.03646467 0.04479083 0.08552203
v 0.01920685 0.05447005 0.08552203
v 0.02380229 0.05257271 0.08549995
v 0.01914647 0.05438153 0.08539525
v 0.01920685 0.05447005 0.08552203
v 0.01914647 0.05438153 0.08539525
v 0.01440071 0.05582614 0.08539526
v -0.00528697 0.05741069 0.08539525
v -0.00038703 0.05764559 0.08527375
v -0.00529307 0.05743161 0.08523402
v -0.00528697 0.05741069 0.08539525
v -0.00529307 0.05743161 0.08523402
v -0.01021058 0.05676398 0.08523402
v -0.02437877 0.05226778 0.08523765
v -0.02879173 0.04997431 0.08523450
v -0.02435412 0.05225721 0.08539526
v -0.02437877 0.05226778 0.08523765
v -0.02435412 0.05225721 0.08539526
v -0.01977170 0.05415735 0.08539526
v -0.01506635 0.05565152 0.08526500
v -0.01977170 0.05415735 0.08539526
v -0.01502730 0.05571912 0.08549995
v -0.01506635 0.05565152 0.08526500
v -0.01502730 0.05571912 0.08549995
v -0.01020356 0.05674152 0.08537851
v 0.02380229 0.05257271 0.08549995
v 0.01920685 0.05447005 0.08552203
v 0.01921118 0.05463725 0.08554787
v 0.02380229 0.05257271 0.08549995
v 0.01921118 0.05463725 0.08554787
v 0.02383696 0.05278351 0.08554787
v 0.00959264 0.05695500 0.08552203
v 0.00466114 0.05753701 0.08550841
v 0.00462252 0.05773154 0.08554787
v 0.00959264 0.05695500 0.08552203
v 0.00462252 0.05773154 0.08554787
v 0.00956827 0.05712047 0.08554787
v -0.00533482 0.05767008 0.08554787
v -0.00030228 0.05772470 0.08550841
v -0.00526900 0.05751633 0.08552203
v -0.02437288 0.05236272 0.08552203
v -0.01978132 0.05426408 0.08552203
v -0.02435412 0.05225721 0.08539526
v -0.02437288 0.05236272 0.08552203
v -0.02435412 0.05225721 0.08539526
v -0.02875625 0.04997016 0.08539525
v -0.03296175 0.04738941 0.08550841
v -0.02875625 0.04997016 0.08539525
v -0.03298672 0.04727620 0.08527376
v -0.03296175 0.04738941 0.08550841
v -0.03298672 0.04727620 0.08527376
v -0.03688770 0.04430006 0.08536224
v -0.04971343 0.02925718 0.08522525
v -0.05203276 0.02483511 0.08525979
v -0.04967478 0.02925123 0.08537934
v -0.04971343 0.02925718 0.08522525
v -0.04967478 0.02925123 0.08537934
v -0.04699211 0.03342180 0.08524625
v -0.04396756 0.03731122 0.08524671
v -0.04699211 0.03342180 0.08524625
v -0.04394042 0.03733622 0.08541055
v -0.04396756 0.03731122 0.08524671
v -0.04394042 0.03733622 0.08541055
v -0.04057694 0.04094662 0.08527998
v -0.02875625 0.04997016 0.08539525
v -0.03296175 0.04738941 0.08550841
v -0.02878401 0.05007365 0.08552203
v -0.02875625 0.04997016 0.08539525
v -0.02878401 0.05007365 0.08552203
v -0.02437288 0.05236272 0.08552203
v -0.00526900 0.05751633 0.08552203
v -0.01018965 0.05683505 0.08551575
v -0.01027269 0.05699799 0.08554787
v -0.00526900 0.05751633 0.08552203
v -0.01027269 0.05699799 0.08554787
v -0.00533482 0.05767008 0.08554787
v -0.01988424 0.05439592 0.08554787
v -0.01502730 0.05571912 0.08549995
v -0.01978132 0.05426408 0.08552203
v -0.05553516 0.01560176 0.08522257
v -0.05666182 0.01075563 0.08523764
v -0.05549733 0.01559687 0.08537934
v -0.05553516 0.01560176 0.08522257
v -0.05549733 0.01559687 0.08537934
v -0.05397002 0.02025831 0.08527376
v -0.01978132 0.05426408 0.08552203
v -0.02437288 0.05236272 0.08552203
v -0.02448678 0.05248520 0.08554787
v -0.01988424 0.05439592 0.08554787
v -0.03311519 0.04751508 0.08554787
v -0.02878401 0.05007365 0.08552203
v -0.03296175 0.04738941 0.08550841
v -0.04704983 0.03349931 0.08552203
v -0.04399588 0.03741994 0.08552203
v -0.04698738 0.03342065 0.08541056
v -0.04704983 0.03349931 0.08552203
v -0.04698738 0.03342065 0.08541056
v -0.04967478 0.02925123 0.08537934
v -0.05663883 0.01076948 0.08539525
v -0.05549733 0.01559687 0.08537934
v -0.05666182 0.01075563 0.08523764
v -0.05663883 0.01076948 0.08539525
v -0.05666182 0.01075563 0.08523764
v -0.05737906 0.00583428 0.08523450
v -0.03707724 0.04449244 0.08554788
v -0.03296175 0.04738941 0.08550841
v -0.03692458 0.04439175 0.08551575
v -0.04975541 0.02933070 0.08552203
v -0.04704983 0.03349931 0.08552203
v -0.04967478 0.02925123 0.08537934
v -0.04975541 0.02933070 0.08552203
v -0.04967478 0.02925123 0.08537934
v -0.05204840 0.02492795 0.08549995
v -0.05401361 0.02036575 0.08550841
v -0.05204840 0.02492795 0.08549995
v -0.05397002 0.02025831 0.08527376
v -0.05401361 0.02036575 0.08550841
v -0.05397002 0.02025831 0.08527376
v -0.05549733 0.01559687 0.08537934
v -0.05735496 0.00586065 0.08539525
v -0.05663883 0.01076948 0.08539525
v -0.05737906 0.00583428 0.08523450
v -0.05735496 0.00586065 0.08539525
v -0.05737906 0.00583428 0.08523450
v -0.05764367 0.00091421 0.08541420
v -0.05764367 0.00091421 0.08541420
v -0.05737906 0.00583428 0.08523450
v -0.05767801 0.00090342 0.08522257
v -0.05764367 0.00091421 0.08541420
v -0.05767801 0.00090342 0.08522257
v -0.05751333 -0.00404995 0.08525934
v -0.03692458 0.04439175 0.08551575
v -0.04059206 0.04104288 0.08550839
v -0.04076478 0.04114040 0.08554788
v -0.03692458 0.04439175 0.08551575
v -0.04076478 0.04114040 0.08554788
v -0.03707724 0.04449244 0.08554788
v -0.04720934 0.03354962 0.08554788
v -0.04399588 0.03741994 0.08552203
v -0.04704983 0.03349931 0.08552203
v -0.05559560 0.01565311 0.08552203
v -0.05401361 0.02036575 0.08550841
v -0.05549733 0.01559687 0.08537934
v -0.05559560 0.01565311 0.08552203
v -0.05549733 0.01559687 0.08537934
v -0.05663883 0.01076948 0.08539525
v -0.05694793 -0.00898034 0.08537852
v -0.05751333 -0.00404995 0.08525934
v -0.05696701 -0.00900023 0.08523765
v -0.05694793 -0.00898034 0.08537852
v -0.05696701 -0.00900023 0.08523765
v -0.05596126 -0.01384033 0.08537934
v -0.05596126 -0.01384033 0.08537934
v -0.05696701 -0.00900023 0.08523765
v -0.05599275 -0.01386943 0.08522306
v -0.05596126 -0.01384033 0.08537934
v -0.05599275 -0.01386943 0.08522306
v -0.05457247 -0.01860193 0.08525933
v -0.05751333 -0.00404995 0.08525934
v -0.05694793 -0.00898034 0.08537852
v -0.05753982 -0.00404867 0.08545595
v -0.05751333 -0.00404995 0.08525934
v -0.05753982 -0.00404867 0.08545595
v -0.05764367 0.00091421 0.08541420
v -0.05663883 0.01076948 0.08539525
v -0.05735496 0.00586065 0.08539525
v -0.05673541 0.01081589 0.08552203
v -0.05663883 0.01076948 0.08539525
v -0.05673541 0.01081589 0.08552203
v -0.05559560 0.01565311 0.08552203
v -0.04704983 0.03349931 0.08552203
v -0.04975541 0.02933070 0.08552203
v -0.04991867 0.02936708 0.08554788
v -0.04704983 0.03349931 0.08552203
v -0.04991867 0.02936708 0.08554788
v -0.04720934 0.03354962 0.08554788
v -0.05421127 0.02038229 0.08554788
v -0.05204840 0.02492795 0.08549995
v -0.05401361 0.02036575 0.08550841
v -0.05058221 -0.02770982 0.08523450
v -0.04800787 -0.03191232 0.08527333
v -0.05057731 -0.02767441 0.08539525
v -0.05058221 -0.02770982 0.08523450
v -0.05057731 -0.02767441 0.08539525
v -0.05275177 -0.02324572 0.08527998
v -0.05457247 -0.01860193 0.08525933
v -0.05275177 -0.02324572 0.08527998
v -0.05463366 -0.01859037 0.08549995
v -0.05457247 -0.01860193 0.08525933
v -0.05463366 -0.01859037 0.08549995
v -0.05596126 -0.01384033 0.08537934
v -0.05694793 -0.00898034 0.08537852
v -0.05596126 -0.01384033 0.08537934
v -0.05704113 -0.00896445 0.08551575
v -0.05694793 -0.00898034 0.08537852
v -0.05704113 -0.00896445 0.08551575
v -0.05753982 -0.00404867 0.08545595
v -0.05401361 0.02036575 0.08550841
v -0.05559560 0.01565311 0.08552203
v -0.05576273 0.01564665 0.08554788
v -0.05401361 0.02036575 0.08550841
v -0.05576273 0.01564665 0.08554788
v -0.05421127 0.02038229 0.08554788
v -0.04509382 -0.03595540 0.08523766
v -0.04182951 -0.03970751 0.08523451
v -0.04508934 -0.03592895 0.08539525
v -0.04509382 -0.03595540 0.08523766
v -0.04508934 -0.03592895 0.08539525
v -0.04800787 -0.03191232 0.08527333
v -0.05275177 -0.02324572 0.08527998
v -0.05057731 -0.02767441 0.08539525
v -0.05284708 -0.02322540 0.08550841
v -0.05275177 -0.02324572 0.08527998
v -0.05284708 -0.02322540 0.08550841
v -0.05463366 -0.01859037 0.08549995
v -0.05596126 -0.01384033 0.08537934
v -0.05463366 -0.01859037 0.08549995
v -0.05607446 -0.01383994 0.08552203
v -0.05596126 -0.01384033 0.08537934
v -0.05607446 -0.01383994 0.08552203
v -0.05704113 -0.00896445 0.08551575
v -0.05753982 -0.00404867 0.08545595
v -0.05704113 -0.00896445 0.08551575
v -0.05766425 -0.00407564 0.08553304
v -0.05753982 -0.00404867 0.08545595
v -0.05766425 -0.00407564 0.08553304
v -0.05780116 0.00089656 0.08553304
v -0.05673541 0.01081589 0.08552203
v -0.05745518 0.00589858 0.08552203
v -0.05762954 0.00586362 0.08555107
v -0.05673541 0.01081589 0.08552203
v -0.05762954 0.00586362 0.08555107
v -0.05690138 0.01079505 0.08554788
v -0.05057731 -0.02767441 0.08539525
v -0.04808764 -0.03193448 0.08550841
v -0.05068139 -0.02769993 0.08552203
v -0.05057731 -0.02767441 0.08539525
v -0.05068139 -0.02769993 0.08552203
v -0.05284708 -0.02322540 0.08550841
v -0.05766425 -0.00407564 0.08553304
v -0.05704113 -0.00896445 0.08551575
v -0.05720582 -0.00904392 0.08554788
v -0.03441952 -0.04624335 0.08527333
v -0.03029002 -0.04904719 0.08527999
v -0.03448713 -0.04629115 0.08550841
v -0.03441952 -0.04624335 0.08527333
v -0.03448713 -0.04629115 0.08550841
v -0.03826440 -0.04311673 0.08537936
v -0.04183379 -0.03967204 0.08539525
v -0.03826440 -0.04311673 0.08537936
v -0.04192790 -0.03972330 0.08552203
v -0.04183379 -0.03967204 0.08539525
v -0.04192790 -0.03972330 0.08552203
v -0.04518749 -0.03597193 0.08552203
v -0.05463366 -0.01859037 0.08549995
v -0.05284708 -0.02322540 0.08550841
v -0.05299993 -0.02335179 0.08554788
v -0.05463366 -0.01859037 0.08549995
v -0.05299993 -0.02335179 0.08554788
v -0.05481115 -0.01870926 0.08554788
v -0.04821659 -0.03208519 0.08554788
v -0.05068139 -0.02769993 0.08552203
v -0.04808764 -0.03193448 0.08550841
v -0.02604801 -0.05151441 0.08550841
v -0.03038006 -0.04908446 0.08550841
v -0.02593653 -0.05148260 0.08527377
v -0.02604801 -0.05151441 0.08550841
v -0.02593653 -0.05148260 0.08527377
v -0.02147004 -0.05349942 0.08527333
v -0.00213520 -0.05764414 0.08522527
v 0.00282758 -0.05760645 0.08523219
v -0.00214834 -0.05760730 0.08537934
v -0.00213520 -0.05764414 0.08522527
v -0.00214834 -0.05760730 0.08537934
v -0.00709265 -0.05722734 0.08524626
v -0.02147004 -0.05349942 0.08527333
v -0.01679147 -0.05514704 0.08527333
v -0.02152321 -0.05356290 0.08550841
v -0.02147004 -0.05349942 0.08527333
v -0.02152321 -0.05356290 0.08550841
v -0.02604801 -0.05151441 0.08550841
v -0.04808764 -0.03193448 0.08550841
v -0.04518749 -0.03597193 0.08552203
v -0.04527989 -0.03611136 0.08554788
v -0.04808764 -0.03193448 0.08550841
v -0.04527989 -0.03611136 0.08554788
v -0.04821659 -0.03208519 0.08554788
v -0.03843144 -0.04334249 0.08555107
v -0.04192790 -0.03972330 0.08552203
v -0.03835790 -0.04318057 0.08552203
v -0.01203011 -0.05645803 0.08550841
v -0.01683898 -0.05521485 0.08550841
v -0.01195795 -0.05639256 0.08527999
v -0.01203011 -0.05645803 0.08550841
v -0.01195795 -0.05639256 0.08527999
v -0.00709385 -0.05722264 0.08541055
v 0.00281214 -0.05758498 0.08539526
v -0.00214834 -0.05760730 0.08537934
v 0.00282758 -0.05760645 0.08523219
v 0.00281214 -0.05758498 0.08539526
v 0.00282758 -0.05760645 0.08523219
v 0.00777241 -0.05714747 0.08523766
v 0.00777241 -0.05714747 0.08523766
v 0.00777241 -0.05714747 0.08523766
v 0.00775199 -0.05713006 0.08539526
v 0.00281214 -0.05758498 0.08539526
v -0.03835790 -0.04318057 0.08552203
v -0.03448713 -0.04629115 0.08550841
v -0.03456318 -0.04648583 0.08555107
v -0.03835790 -0.04318057 0.08552203
v -0.03456318 -0.04648583 0.08555107
v -0.03843144 -0.04334249 0.08555107
v 0.01744651 -0.05497147 0.08523764
v 0.02212193 -0.05325310 0.08524671
v 0.01742342 -0.05495782 0.08539526
v 0.01744651 -0.05497147 0.08523764
v 0.01742342 -0.05495782 0.08539526
v 0.01263448 -0.05625217 0.08539526
v -0.00709385 -0.05722264 0.08541055
v -0.00214834 -0.05760730 0.08537934
v -0.00713344 -0.05731495 0.08552203
v -0.00709385 -0.05722264 0.08541055
v -0.00713344 -0.05731495 0.08552203
v -0.01203011 -0.05645803 0.08550841
v -0.03038006 -0.04908446 0.08550841
v -0.02604801 -0.05151441 0.08550841
v -0.02608573 -0.05170912 0.08554788
v -0.03038006 -0.04908446 0.08550841
v -0.02608573 -0.05170912 0.08554788
v -0.03043435 -0.04927524 0.08554788
v 0.00775199 -0.05713006 0.08539526
v 0.01263448 -0.05625217 0.08539526
v 0.00773861 -0.05723638 0.08552203
v 0.00775199 -0.05713006 0.08539526
v 0.00773861 -0.05723638 0.08552203
v 0.00278965 -0.05768974 0.08552203
v -0.01683898 -0.05521485 0.08550841
v -0.01203011 -0.05645803 0.08550841
v -0.01201688 -0.05665592 0.08554788
v -0.01683898 -0.05521485 0.08550841
v -0.01201688 -0.05665592 0.08554788
v -0.01684277 -0.05541317 0.08554788
v 0.04230655 -0.03919898 0.08523402
v 0.04550154 -0.03540898 0.08525933
v 0.04228805 -0.03918748 0.08539526
v 0.04230655 -0.03919898 0.08523402
v 0.04228805 -0.03918748 0.08539526
v 0.03876276 -0.04267770 0.08539526
v 0.03087198 -0.04868339 0.08527333
v 0.03495504 -0.04585738 0.08541056
v 0.03089243 -0.04876362 0.08550841
v 0.03087198 -0.04868339 0.08527333
v 0.03089243 -0.04876362 0.08550841
v 0.02657691 -0.05115548 0.08537934
v 0.02208639 -0.05326298 0.08541055
v 0.02657691 -0.05115548 0.08537934
v 0.02209756 -0.05336279 0.08552203
v 0.02208639 -0.05326298 0.08541055
v 0.02209756 -0.05336279 0.08552203
v 0.01742844 -0.05506487 0.08552203
v -0.00217996 -0.05771601 0.08552203
v 0.00278965 -0.05768974 0.08552203
v 0.00284881 -0.05784619 0.08554788
v -0.00213445 -0.05787696 0.08554788
v 0.01263028 -0.05635925 0.08552203
v 0.04550154 -0.03540898 0.08525933
v 0.04838412 -0.03133831 0.08527998
v 0.04552545 -0.03546648 0.08549995
v 0.04550154 -0.03540898 0.08525933
v 0.04552545 -0.03546648 0.08549995
v 0.04228805 -0.03918748 0.08539526
v 0.03495504 -0.04585738 0.08541056
v 0.03876276 -0.04267770 0.08539526
v 0.03499136 -0.04595101 0.08552203
v 0.03495504 -0.04585738 0.08541056
v 0.03499136 -0.04595101 0.08552203
v 0.03089243 -0.04876362 0.08550841
v 0.01263028 -0.05635925 0.08552203
v 0.01742844 -0.05506487 0.08552203
v 0.01752558 -0.05520103 0.08554788
v 0.01263028 -0.05635925 0.08552203
v 0.01752558 -0.05520103 0.08554788
v 0.01271536 -0.05650326 0.08554788
v 0.02672211 -0.05138315 0.08554788
v 0.02209756 -0.05336279 0.08552203
v 0.02660307 -0.05126565 0.08552203
v 0.04234527 -0.03927808 0.08552203
v 0.03881197 -0.04277290 0.08552203
v 0.04228805 -0.03918748 0.08539526
v 0.04234527 -0.03927808 0.08552203
v 0.04228805 -0.03918748 0.08539526
v 0.04552545 -0.03546648 0.08549995
v 0.04841945 -0.03142912 0.08550841
v 0.04552545 -0.03546648 0.08549995
v 0.04838412 -0.03133831 0.08527998
v 0.04841945 -0.03142912 0.08550841
v 0.04838412 -0.03133831 0.08527998
v 0.05089917 -0.02709295 0.08541055
v 0.05303980 -0.02261714 0.08541057
v 0.05303980 -0.02261714 0.08541057
v 0.05304465 -0.02261724 0.08524625
v 0.05477300 -0.01797413 0.08527332
v 0.05708165 -0.00832183 0.08522258
v 0.05754691 -0.00339180 0.08527333
v 0.05704352 -0.00832186 0.08537935
v 0.05708165 -0.00832183 0.08522258
v 0.05704352 -0.00832186 0.08537935
v 0.05612222 -0.01316854 0.08527998
v 0.02660307 -0.05126565 0.08552203
v 0.03089243 -0.04876362 0.08550841
v 0.03104034 -0.04889577 0.08554788
v 0.02660307 -0.05126565 0.08552203
v 0.03104034 -0.04889577 0.08554788
v 0.02672211 -0.05138315 0.08554788
v 0.05477300 -0.01797413 0.08527332
v 0.05612222 -0.01316854 0.08527998
v 0.05483976 -0.01802311 0.08550841
v 0.05477300 -0.01797413 0.08527332
v 0.05483976 -0.01802311 0.08550841
v 0.05303980 -0.02261714 0.08541057
v 0.05089917 -0.02709295 0.08541055
v 0.05303980 -0.02261714 0.08541057
v 0.05097123 -0.02716292 0.08552203
v 0.05089917 -0.02709295 0.08541055
v 0.05097123 -0.02716292 0.08552203
v 0.04841945 -0.03142912 0.08550841
v 0.03499136 -0.04595101 0.08552203
v 0.03881197 -0.04277290 0.08552203
v 0.03895707 -0.04285611 0.08554788
v 0.03499136 -0.04595101 0.08552203
v 0.03895707 -0.04285611 0.08554788
v 0.03512875 -0.04604640 0.08554788
v 0.05754691 -0.00339180 0.08527333
v 0.05763216 0.00157250 0.08539525
v 0.05762396 -0.00342210 0.08550841
v 0.05754691 -0.00339180 0.08527333
v 0.05762396 -0.00342210 0.08550841
v 0.05704352 -0.00832186 0.08537935
v 0.04552545 -0.03546648 0.08549995
v 0.04841945 -0.03142912 0.08550841
v 0.04860901 -0.03148750 0.08554788
v 0.04552545 -0.03546648 0.08549995
v 0.04860901 -0.03148750 0.08554788
v 0.04572225 -0.03554961 0.08554788
v 0.05503795 -0.01803117 0.08554788
v 0.05311759 -0.02268065 0.08552203
v 0.05483976 -0.01802311 0.08550841
v 0.05773643 0.00154776 0.08552203
v 0.05762396 -0.00342210 0.08550841
v 0.05763216 0.00157250 0.08539525
v 0.05773643 0.00154776 0.08552203
v 0.05763216 0.00157250 0.08539525
v 0.05735847 0.00649908 0.08550840
v 0.05172109 0.02547287 0.08539525
v 0.05371359 0.02093008 0.08537936
v 0.05173845 0.02548604 0.08523402
v 0.05172109 0.02547287 0.08539525
v 0.05173845 0.02548604 0.08523402
v 0.04932856 0.02984593 0.08526499
v 0.04010622 0.04146155 0.08522259
v 0.03638566 0.04476036 0.08522526
v 0.04008395 0.04143060 0.08537936
v 0.03638566 0.04476036 0.08522526
v 0.03234898 0.04771486 0.08527375
v 0.03637398 0.04472304 0.08537935
v 0.03638566 0.04476036 0.08522526
v 0.03637398 0.04472304 0.08537935
v 0.04008395 0.04143060 0.08537936
v 0.04350918 0.03784477 0.08524625
v 0.04008395 0.04143060 0.08537936
v 0.04350696 0.03784043 0.08541056
v 0.04350918 0.03784477 0.08524625
v 0.04350696 0.03784043 0.08541056
v 0.04656820 0.03399402 0.08525978
v 0.04656820 0.03399402 0.08525978
v 0.04350696 0.03784043 0.08541056
v 0.04665734 0.03396368 0.08549995
v 0.04656820 0.03399402 0.08525978
v 0.04665734 0.03396368 0.08549995
v 0.04940430 0.02982707 0.08549995
v 0.05371359 0.02093008 0.08537936
v 0.05172109 0.02547287 0.08539525
v 0.05382590 0.02094427 0.08552203
v 0.05371359 0.02093008 0.08537936
v 0.05382590 0.02094427 0.08552203
v 0.05542712 0.01623961 0.08552203
v 0.05762396 -0.00342210 0.08550841
v 0.05773643 0.00154776 0.08552203
v 0.05789411 0.00160350 0.08554788
v 0.05762396 -0.00342210 0.08550841
v 0.05789411 0.00160350 0.08554788
v 0.05781764 -0.00337926 0.08554788
v 0.05556532 0.01633384 0.08554788
v 0.05661797 0.01141472 0.08552203
v 0.05542712 0.01623961 0.08552203
v 0.04679157 0.03412987 0.08554788
v 0.04940430 0.02982707 0.08549995
v 0.04665734 0.03396368 0.08549995
v 0.00954831 0.05685744 0.08539525
v 0.01440071 0.05582614 0.08539526
v 0.00952354 0.05688319 0.08523450
v 0.00954831 0.05685744 0.08539525
v 0.00952354 0.05688319 0.08523450
v 0.00456990 0.05746546 0.08527375
v -0.05800068 0.00075066 0.08567216
v -0.05769592 0.00589948 0.08564638
v -0.05795197 0.00090468 0.08557813
v -0.05800068 0.00075066 0.08567216
v -0.05795197 0.00090468 0.08557813
v -0.05783823 -0.00410992 0.08560258
v -0.05769592 0.00589948 0.08564638
v -0.05697282 0.01084155 0.08563595
v -0.05762954 0.00586362 0.08555107
v -0.05769592 0.00589948 0.08564638
v -0.05762954 0.00586362 0.08555107
v -0.05795197 0.00090468 0.08557813
v -0.05630137 -0.01392040 0.08564638
v -0.05728878 -0.00902429 0.08563596
v -0.05622682 -0.01393173 0.08555107
v -0.05630137 -0.01392040 0.08564638
v -0.05622682 -0.01393173 0.08555107
v -0.05488985 -0.01872268 0.08563574
v -0.03849119 -0.04338257 0.08564620
v -0.04208746 -0.03990097 0.08563595
v -0.03843144 -0.04334249 0.08555107
v -0.03849119 -0.04338257 0.08564620
v -0.03843144 -0.04334249 0.08555107
v -0.03462265 -0.04652759 0.08564455
v -0.03462265 -0.04652759 0.08564455
v -0.03843144 -0.04334249 0.08555107
v -0.03456318 -0.04648583 0.08555107
v -0.03462265 -0.04652759 0.08564455
v -0.03456318 -0.04648583 0.08555107
v -0.03050331 -0.04932535 0.08563595
v 0.05739022 -0.00836552 0.08564619
v 0.05645365 -0.01328262 0.08563595
v 0.05732392 -0.00833755 0.08555107
v 0.05739022 -0.00836552 0.08564619
v 0.05732392 -0.00833755 0.08555107
v 0.05789558 -0.00339658 0.08563574
v 0.05762378 0.00656659 0.08564621
v 0.05797243 0.00158423 0.08563371
v 0.05755252 0.00657674 0.08555107
v 0.05762378 0.00656659 0.08564621
v 0.05755252 0.00657674 0.08555107
v 0.05684354 0.01149991 0.08563574
v 0.03659751 0.04499161 0.08564638
v 0.04032325 0.04168149 0.08563371
v 0.03653112 0.04495580 0.08555106
v 0.03659751 0.04499161 0.08564638
v 0.03653112 0.04495580 0.08555106
v 0.03259433 0.04797116 0.08564638
v 0.03259433 0.04797116 0.08564638
v 0.03653112 0.04495580 0.08555106
v 0.03253127 0.04792977 0.08555106
v 0.03259433 0.04797116 0.08564638
v 0.03253127 0.04792977 0.08555106
v 0.02833584 0.05060154 0.08563573
v -0.01026535 0.05707833 0.08563373
v -0.01027269 0.05699799 0.08554787
v -0.01512388 0.05598848 0.08563595
v -0.01512388 0.05598848 0.08563595
v -0.01027269 0.05699799 0.08554787
v -0.01513450 0.05590390 0.08554787
v -0.01512388 0.05598848 0.08563595
v -0.01513450 0.05590390 0.08554787
v -0.01989936 0.05447432 0.08563573
v -0.01989936 0.05447432 0.08563573
v -0.01513450 0.05590390 0.08554787
v -0.01988424 0.05439592 0.08554787
v -0.01989936 0.05447432 0.08563573
v -0.01988424 0.05439592 0.08554787
v -0.02450018 0.05256475 0.08563373
v -0.02450018 0.05256475 0.08563373
v -0.01988424 0.05439592 0.08554787
v -0.02448678 0.05248520 0.08554787
v -0.02450018 0.05256475 0.08563373
v -0.02448678 0.05248520 0.08554787
v -0.02891931 0.05027043 0.08563595
v -0.02890800 0.05018592 0.08554787
v -0.02891931 0.05027043 0.08563595
v -0.02890800 0.05018592 0.08554787
v -0.03313376 0.04759829 0.08563595
v -0.03313376 0.04759829 0.08563595
v -0.02890800 0.05018592 0.08554787
v -0.03311519 0.04751508 0.08554787
v -0.03313376 0.04759829 0.08563595
v -0.03311519 0.04751508 0.08554787
v -0.03711052 0.04456593 0.08563373
v -0.03711052 0.04456593 0.08563373
v -0.03311519 0.04751508 0.08554787
v -0.03707724 0.04449244 0.08554788
v -0.03711052 0.04456593 0.08563373
v -0.03707724 0.04449244 0.08554788
v -0.04079732 0.04121919 0.08563596
v -0.04076478 0.04114040 0.08554788
v -0.04079732 0.04121919 0.08563596
v -0.04076478 0.04114040 0.08554788
v -0.04418968 0.03755947 0.08563595
v -0.04418968 0.03755947 0.08563595
v -0.04076478 0.04114040 0.08554788
v -0.04415049 0.03748377 0.08554788
v -0.04418968 0.03755947 0.08563595
v -0.04415049 0.03748377 0.08554788
v -0.04726624 0.03360564 0.08563573
v -0.04726624 0.03360564 0.08563573
v -0.04415049 0.03748377 0.08554788
v -0.04720934 0.03354962 0.08554788
v -0.04726624 0.03360564 0.08563573
v -0.04720934 0.03354962 0.08554788
v -0.04998016 0.02941801 0.08563573
v -0.04998016 0.02941801 0.08563573
v -0.04720934 0.03354962 0.08554788
v -0.04991867 0.02936708 0.08554788
v -0.04998016 0.02941801 0.08563573
v -0.04991867 0.02936708 0.08554788
v -0.05231932 0.02502003 0.08563373
v -0.05231932 0.02502003 0.08563373
v -0.04991867 0.02936708 0.08554788
v -0.05225841 0.02496714 0.08554788
v -0.05231932 0.02502003 0.08563373
v -0.05225841 0.02496714 0.08554788
v -0.05427369 0.02044035 0.08563596
v -0.05427369 0.02044035 0.08563596
v -0.05225841 0.02496714 0.08554788
v -0.05421127 0.02038229 0.08554788
v -0.05427369 0.02044035 0.08563596
v -0.05421127 0.02038229 0.08554788
v -0.05583181 0.01568826 0.08563373
v -0.05583181 0.01568826 0.08563373
v -0.05421127 0.02038229 0.08554788
v -0.05576273 0.01564665 0.08554788
v -0.05583181 0.01568826 0.08563373
v -0.05576273 0.01564665 0.08554788
v -0.05697282 0.01084155 0.08563595
v -0.05697282 0.01084155 0.08563595
v -0.05576273 0.01564665 0.08554788
v -0.05690138 0.01079505 0.08554788
v -0.05697282 0.01084155 0.08563595
v -0.05690138 0.01079505 0.08554788
v -0.05762954 0.00586362 0.08555107
v -0.05728878 -0.00902429 0.08563596
v -0.05783823 -0.00410992 0.08560258
v -0.05720582 -0.00904392 0.08554788
v -0.05728878 -0.00902429 0.08563596
v -0.05720582 -0.00904392 0.08554788
v -0.05622682 -0.01393173 0.08555107
v -0.05488985 -0.01872268 0.08563574
v -0.05622682 -0.01393173 0.08555107
v -0.05481115 -0.01870926 0.08554788
v -0.05488985 -0.01872268 0.08563574
v -0.05481115 -0.01870926 0.08554788
v -0.05307717 -0.02337197 0.08563574
v -0.05307717 -0.02337197 0.08563574
v -0.05481115 -0.01870926 0.08554788
v -0.05299993 -0.02335179 0.08554788
v -0.05307717 -0.02337197 0.08563574
v -0.05299993 -0.02335179 0.08554788
v -0.05087482 -0.02783999 0.08563374
v -0.05087482 -0.02783999 0.08563374
v -0.05299993 -0.02335179 0.08554788
v -0.05079629 -0.02782149 0.08554788
v -0.05087482 -0.02783999 0.08563374
v -0.05079629 -0.02782149 0.08554788
v -0.04828924 -0.03211829 0.08563575
v -0.04828924 -0.03211829 0.08563575
v -0.05079629 -0.02782149 0.08554788
v -0.04821659 -0.03208519 0.08554788
v -0.04828924 -0.03211829 0.08563575
v -0.04821659 -0.03208519 0.08554788
v -0.04535408 -0.03614304 0.08563373
v -0.04535408 -0.03614304 0.08563373
v -0.04821659 -0.03208519 0.08554788
v -0.04527989 -0.03611136 0.08554788
v -0.04535408 -0.03614304 0.08563373
v -0.04527989 -0.03611136 0.08554788
v -0.04208746 -0.03990097 0.08563595
v -0.04200796 -0.03987016 0.08554788
v -0.04208746 -0.03990097 0.08563595
v -0.04200796 -0.03987016 0.08554788
v -0.03843144 -0.04334249 0.08555107
v -0.03050331 -0.04932535 0.08563595
v -0.03456318 -0.04648583 0.08555107
v -0.03043435 -0.04927524 0.08554788
v -0.03050331 -0.04932535 0.08563595
v -0.03043435 -0.04927524 0.08554788
v -0.02615016 -0.05176495 0.08563596
v -0.02615016 -0.05176495 0.08563596
v -0.03043435 -0.04927524 0.08554788
v -0.02608573 -0.05170912 0.08554788
v -0.02615016 -0.05176495 0.08563596
v -0.02608573 -0.05170912 0.08554788
v -0.02159286 -0.05382434 0.08563373
v -0.02159286 -0.05382434 0.08563373
v -0.02608573 -0.05170912 0.08554788
v -0.02154402 -0.05376015 0.08554788
v -0.02159286 -0.05382434 0.08563373
v -0.02154402 -0.05376015 0.08554788
v -0.01689666 -0.05547922 0.08563595
v -0.01684277 -0.05541317 0.08554788
v -0.01689666 -0.05547922 0.08563595
v -0.01684277 -0.05541317 0.08554788
v -0.01206486 -0.05672636 0.08563595
v -0.01206486 -0.05672636 0.08563595
v -0.01684277 -0.05541317 0.08554788
v -0.01201688 -0.05665592 0.08554788
v -0.01206486 -0.05672636 0.08563595
v -0.01201688 -0.05665592 0.08554788
v -0.00712424 -0.05755589 0.08563574
v -0.00712424 -0.05755589 0.08563574
v -0.01201688 -0.05665592 0.08554788
v -0.00710195 -0.05747922 0.08554788
v -0.00712424 -0.05755589 0.08563574
v -0.00710195 -0.05747922 0.08554788
v -0.00215878 -0.05795388 0.08563373
v -0.00215878 -0.05795388 0.08563373
v -0.00710195 -0.05747922 0.08554788
v -0.00213445 -0.05787696 0.08554788
v -0.00215878 -0.05795388 0.08563373
v -0.00213445 -0.05787696 0.08554788
v 0.00282039 -0.05792656 0.08563595
v 0.00282039 -0.05792656 0.08563595
v -0.00213445 -0.05787696 0.08554788
v 0.00284881 -0.05784619 0.08554788
v 0.00282039 -0.05792656 0.08563595
v 0.00284881 -0.05784619 0.08554788
v 0.00778959 -0.05746968 0.08563595
v 0.00778959 -0.05746968 0.08563595
v 0.00284881 -0.05784619 0.08554788
v 0.00781100 -0.05738717 0.08554788
v 0.00778959 -0.05746968 0.08563595
v 0.00781100 -0.05738717 0.08554788
v 0.01272027 -0.05658295 0.08563573
v 0.01272027 -0.05658295 0.08563573
v 0.00781100 -0.05738717 0.08554788
v 0.01271536 -0.05650326 0.08554788
v 0.01272027 -0.05658295 0.08563573
v 0.01271536 -0.05650326 0.08554788
v 0.01752868 -0.05528161 0.08563373
v 0.01752868 -0.05528161 0.08563373
v 0.01271536 -0.05650326 0.08554788
v 0.01752558 -0.05520103 0.08554788
v 0.01752868 -0.05528161 0.08563373
v 0.01752558 -0.05520103 0.08554788
v 0.02220643 -0.05357533 0.08563595
v 0.02220643 -0.05357533 0.08563595
v 0.01752558 -0.05520103 0.08554788
v 0.02220607 -0.05349009 0.08554788
v 0.02220643 -0.05357533 0.08563595
v 0.02220607 -0.05349009 0.08554788
v 0.02674719 -0.05145895 0.08563575
v 0.02674719 -0.05145895 0.08563575
v 0.02220607 -0.05349009 0.08554788
v 0.02672211 -0.05138315 0.08554788
v 0.02674719 -0.05145895 0.08563575
v 0.02672211 -0.05138315 0.08554788
v 0.03107184 -0.04896913 0.08563574
v 0.03107184 -0.04896913 0.08563574
v 0.02672211 -0.05138315 0.08554788
v 0.03104034 -0.04889577 0.08554788
v 0.03107184 -0.04896913 0.08563574
v 0.03104034 -0.04889577 0.08554788
v 0.03515886 -0.04612122 0.08563373
v 0.03515886 -0.04612122 0.08563373
v 0.03104034 -0.04889577 0.08554788
v 0.03512875 -0.04604640 0.08554788
v 0.03515886 -0.04612122 0.08563373
v 0.03512875 -0.04604640 0.08554788
v 0.03898619 -0.04293622 0.08563595
v 0.03898619 -0.04293622 0.08563595
v 0.03512875 -0.04604640 0.08554788
v 0.03895707 -0.04285611 0.08554788
v 0.03898619 -0.04293622 0.08563595
v 0.03895707 -0.04285611 0.08554788
v 0.04254616 -0.03941141 0.08563573
v 0.04254616 -0.03941141 0.08563573
v 0.03895707 -0.04285611 0.08554788
v 0.04249698 -0.03934852 0.08554788
v 0.04254616 -0.03941141 0.08563573
v 0.04249698 -0.03934852 0.08554788
v 0.04577046 -0.03561428 0.08563373
v 0.04577046 -0.03561428 0.08563373
v 0.04249698 -0.03934852 0.08554788
v 0.04572225 -0.03554961 0.08554788
v 0.04577046 -0.03561428 0.08563373
v 0.04572225 -0.03554961 0.08554788
v 0.04865762 -0.03155753 0.08563596
v 0.04865762 -0.03155753 0.08563596
v 0.04572225 -0.03554961 0.08554788
v 0.04860901 -0.03148750 0.08554788
v 0.04865762 -0.03155753 0.08563596
v 0.04860901 -0.03148750 0.08554788
v 0.05119951 -0.02724050 0.08563573
v 0.05119951 -0.02724050 0.08563573
v 0.04860901 -0.03148750 0.08554788
v 0.05113588 -0.02719231 0.08554788
v 0.05119951 -0.02724050 0.08563573
v 0.05113588 -0.02719231 0.08554788
v 0.05335170 -0.02273831 0.08563574
v 0.05335170 -0.02273831 0.08563574
v 0.05113588 -0.02719231 0.08554788
v 0.05328417 -0.02269573 0.08554788
v 0.05335170 -0.02273831 0.08563574
v 0.05328417 -0.02269573 0.08554788
v 0.05510516 -0.01807577 0.08563373
v 0.05510516 -0.01807577 0.08563373
v 0.05328417 -0.02269573 0.08554788
v 0.05503795 -0.01803117 0.08554788
v 0.05510516 -0.01807577 0.08563373
v 0.05503795 -0.01803117 0.08554788
v 0.05645365 -0.01328262 0.08563595
v 0.05645365 -0.01328262 0.08563595
v 0.05503795 -0.01803117 0.08554788
v 0.05638425 -0.01323310 0.08554788
v 0.05645365 -0.01328262 0.08563595
v 0.05638425 -0.01323310 0.08554788
v 0.05732392 -0.00833755 0.08555107
v 0.05789558 -0.00339658 0.08563574
v 0.05732392 -0.00833755 0.08555107
v 0.05781764 -0.00337926 0.08554788
v 0.05789558 -0.00339658 0.08563574
v 0.05781764 -0.00337926 0.08554788
v 0.05797243 0.00158423 0.08563371
v 0.05797243 0.00158423 0.08563371
v 0.05781764 -0.00337926 0.08554788
v 0.05789411 0.00160350 0.08554788
v 0.05797243 0.00158423 0.08563371
v 0.05789411 0.00160350 0.08554788
v 0.05755252 0.00657674 0.08555107
v 0.05684354 0.01149991 0.08563574
v 0.05755252 0.00657674 0.08555107
v 0.05676377 0.01149669 0.08554788
v 0.05684354 0.01149991 0.08563574
v 0.05676377 0.01149669 0.08554788
v 0.05564597 0.01633516 0.08563373
v 0.05564597 0.01633516 0.08563373
v 0.05676377 0.01149669 0.08554788
v 0.05556532 0.01633384 0.08554788
v 0.05564597 0.01633516 0.08563373
v 0.05556532 0.01633384 0.08554788
v 0.05404074 0.02104854 0.08563595
v 0.05404074 0.02104854 0.08563595
v 0.05556532 0.01633384 0.08554788
v 0.05395550 0.02105002 0.08554788
v 0.05404074 0.02104854 0.08563595
v 0.05395550 0.02105002 0.08554788
v 0.05202544 0.02562550 0.08563373
v 0.05202544 0.02562550 0.08563373
v 0.05395550 0.02105002 0.08554788
v 0.05194620 0.02561038 0.08554788
v 0.05202544 0.02562550 0.08563373
v 0.05194620 0.02561038 0.08554788
v 0.04963654 0.02999427 0.08563595
v 0.04955233 0.02998110 0.08554788
v 0.04963654 0.02999427 0.08563595
v 0.04955233 0.02998110 0.08554788
v 0.04687436 0.03415021 0.08563596
v 0.04687436 0.03415021 0.08563596
v 0.04955233 0.02998110 0.08554788
v 0.04679157 0.03412987 0.08554788
v 0.04687436 0.03415021 0.08563596
v 0.04679157 0.03412987 0.08554788
v 0.04375217 0.03806813 0.08563573
v 0.04375217 0.03806813 0.08563573
v 0.04679157 0.03412987 0.08554788
v 0.04368439 0.03802595 0.08554788
v 0.04375217 0.03806813 0.08563573
v 0.04368439 0.03802595 0.08554788
v 0.04032325 0.04168149 0.08563371
v 0.04032325 0.04168149 0.08563371
v 0.04368439 0.03802595 0.08554788
v 0.04025378 0.04164051 0.08554788
v 0.04032325 0.04168149 0.08563371
v 0.04025378 0.04164051 0.08554788
v 0.03653112 0.04495580 0.08555106
v 0.02833584 0.05060154 0.08563573
v 0.03253127 0.04792977 0.08555106
v 0.02828623 0.05053899 0.08554787
v 0.02833584 0.05060154 0.08563573
v 0.02828623 0.05053899 0.08554787
v 0.02388852 0.05284554 0.08563373
v 0.02388852 0.05284554 0.08563373
v 0.02828623 0.05053899 0.08554787
v 0.02383696 0.05278351 0.08554787
v 0.02388852 0.05284554 0.08563373
v 0.02383696 0.05278351 0.08554787
v 0.01926787 0.05470093 0.08563595
v 0.01921118 0.05463725 0.08554787
v 0.01926787 0.05470093 0.08563595
v 0.01921118 0.05463725 0.08554787
v 0.01448336 0.05615643 0.08563373
v 0.01448336 0.05615643 0.08563373
v 0.01921118 0.05463725 0.08554787
v 0.01444317 0.05608649 0.08554787
v 0.01448336 0.05615643 0.08563373
v 0.01444317 0.05608649 0.08554787
v 0.00960428 0.05719515 0.08563737
v 0.00956827 0.05712047 0.08554787
v 0.00960428 0.05719515 0.08563737
v 0.00956827 0.05712047 0.08554787
v 0.00465010 0.05780734 0.08563373
v 0.00465010 0.05780734 0.08563373
v 0.00956827 0.05712047 0.08554787
v 0.00462252 0.05773154 0.08554787
v 0.00465010 0.05780734 0.08563373
v 0.00462252 0.05773154 0.08554787
v -0.00032564 0.05799428 0.08563595
v -0.00035748 0.05791521 0.08554787
v -0.00032564 0.05799428 0.08563595
v -0.00035748 0.05791521 0.08554787
v -0.00532945 0.05774974 0.08563573
v -0.00532945 0.05774974 0.08563573
v -0.00035748 0.05791521 0.08554787
v -0.00533482 0.05767008 0.08554787
v -0.00532945 0.05774974 0.08563573
v -0.00533482 0.05767008 0.08554787
v -0.01026535 0.05707833 0.08563373
v -0.01026535 0.05707833 0.08563373
v -0.00533482 0.05767008 0.08554787
v -0.01027269 0.05699799 0.08554787
v -0.05795197 0.00090468 0.08557813
v -0.05762954 0.00586362 0.08555107
v -0.05780116 0.00089656 0.08553304
v -0.05795197 0.00090468 0.08557813
v -0.05780116 0.00089656 0.08553304
v -0.05783823 -0.00410992 0.08560258
v -0.05783823 -0.00410992 0.08560258
v -0.05780116 0.00089656 0.08553304
v -0.05766425 -0.00407564 0.08553304
v -0.05783823 -0.00410992 0.08560258
v -0.05766425 -0.00407564 0.08553304
v -0.05720582 -0.00904392 0.08554788
v -0.05800068 0.00075066 0.08567216
v -0.05798727 0.00090588 0.09755753
v -0.05769592 0.00589948 0.08564638
v -0.05769604 0.00589805 0.09755141
v -0.05769592 0.00589948 0.08564638
v -0.05769604 0.00589805 0.09755141
v -0.05697282 0.01084155 0.08563595
v -0.05697567 0.01083141 0.09755305
v -0.05697282 0.01084155 0.08563595
v -0.05697567 0.01083141 0.09755305
v -0.05583565 0.01567872 0.09756167
v -0.05583181 0.01568826 0.08563373
v -0.05583181 0.01568826 0.08563373
v -0.05583565 0.01567872 0.09756167
v -0.05427369 0.02044035 0.08563596
v -0.05427720 0.02043539 0.09755141
v -0.05427369 0.02044035 0.08563596
v -0.05427720 0.02043539 0.09755141
v -0.05231932 0.02502003 0.08563373
v -0.05232098 0.02502122 0.09755303
v -0.05231932 0.02502003 0.08563373
v -0.05232098 0.02502122 0.09755303
v -0.04998016 0.02941801 0.08563573
v -0.04998003 0.02942142 0.09755123
v -0.04998016 0.02941801 0.08563573
v -0.04998003 0.02942142 0.09755123
v -0.04726624 0.03360564 0.08563573
v -0.04726582 0.03360901 0.09755122
v -0.04726624 0.03360564 0.08563573
v -0.04726582 0.03360901 0.09755122
v -0.04418968 0.03755947 0.08563595
v -0.04419466 0.03755599 0.09755141
v -0.04418968 0.03755947 0.08563595
v -0.04419466 0.03755599 0.09755141
v -0.04079732 0.04121919 0.08563596
v -0.04079833 0.04121811 0.09756187
v -0.04079732 0.04121919 0.08563596
v -0.04079833 0.04121811 0.09756187
v -0.03711052 0.04456593 0.08563373
v -0.03711154 0.04456770 0.09755303
v -0.03711052 0.04456593 0.08563373
v -0.03711154 0.04456770 0.09755303
v -0.03313376 0.04759829 0.08563595
v -0.03313947 0.04759618 0.09755139
v -0.03313376 0.04759829 0.08563595
v -0.03313947 0.04759618 0.09755139
v -0.02891931 0.05027043 0.08563595
v -0.02892518 0.05026882 0.09755141
v -0.02891931 0.05027043 0.08563595
v -0.02892518 0.05026882 0.09755141
v -0.02450018 0.05256475 0.08563373
v -0.02450072 0.05256673 0.09755303
v -0.02450018 0.05256475 0.08563373
v -0.02450072 0.05256673 0.09755303
v -0.01989936 0.05447432 0.08563573
v -0.01989710 0.05447687 0.09755123
v -0.01989936 0.05447432 0.08563573
v -0.01989710 0.05447687 0.09755123
v -0.01512388 0.05598848 0.08563595
v -0.01513425 0.05598661 0.09755304
v -0.01512388 0.05598848 0.08563595
v -0.01513425 0.05598661 0.09755304
v -0.01027150 0.05707994 0.09755122
v -0.01026535 0.05707833 0.08563373
v -0.01026535 0.05707833 0.08563373
v -0.01027150 0.05707994 0.09755122
v -0.00532945 0.05774974 0.08563573
v -0.00532661 0.05775163 0.09755122
v -0.00532945 0.05774974 0.08563573
v -0.00532661 0.05775163 0.09755122
v -0.00032564 0.05799428 0.08563595
v -0.00032713 0.05799421 0.09756188
v -0.00032564 0.05799428 0.08563595
v -0.00032713 0.05799421 0.09756188
v 0.00465010 0.05780734 0.08563373
v 0.00465063 0.05780934 0.09755303
v 0.00465010 0.05780734 0.08563373
v 0.00465063 0.05780934 0.09755303
v 0.00960428 0.05719515 0.08563737
v 0.00960206 0.05719679 0.09755010
v 0.00960428 0.05719515 0.08563737
v 0.00960206 0.05719679 0.09755010
v 0.01448336 0.05615643 0.08563373
v 0.01448422 0.05615829 0.09755303
v 0.01448336 0.05615643 0.08563373
v 0.01448422 0.05615829 0.09755303
v 0.01926787 0.05470093 0.08563595
v 0.01926281 0.05470434 0.09755138
v 0.01926787 0.05470093 0.08563595
v 0.01926281 0.05470434 0.09755138
v 0.02388852 0.05284554 0.08563373
v 0.02388970 0.05284723 0.09755303
v 0.02388852 0.05284554 0.08563373
v 0.02388970 0.05284723 0.09755303
v 0.02833584 0.05060154 0.08563573
v 0.02833925 0.05060149 0.09755123
v 0.02833584 0.05060154 0.08563573
v 0.02833925 0.05060149 0.09755123
v 0.03259433 0.04797116 0.08564638
v 0.03259314 0.04797194 0.09755141
v 0.03259433 0.04797116 0.08564638
v 0.03259314 0.04797194 0.09755141
v 0.03659751 0.04499161 0.08564638
v 0.03659240 0.04499492 0.09755304
v 0.03659751 0.04499161 0.08564638
v 0.03659240 0.04499492 0.09755304
v 0.04032099 0.04168743 0.09755123
v 0.04032325 0.04168149 0.08563371
v 0.04032325 0.04168149 0.08563371
v 0.04032099 0.04168743 0.09755123
v 0.04375217 0.03806813 0.08563573
v 0.04375537 0.03806693 0.09755123
v 0.04375217 0.03806813 0.08563573
v 0.04375537 0.03806693 0.09755123
v 0.04687436 0.03415021 0.08563596
v 0.04687212 0.03415589 0.09755139
v 0.04687436 0.03415021 0.08563596
v 0.04687212 0.03415589 0.09755139
v 0.04963654 0.02999427 0.08563595
v 0.04963481 0.03000010 0.09755140
v 0.04963654 0.02999427 0.08563595
v 0.04963481 0.03000010 0.09755140
v 0.05202544 0.02562550 0.08563373
v 0.05202741 0.02562606 0.09755302
v 0.05202544 0.02562550 0.08563373
v 0.05202741 0.02562606 0.09755302
v 0.05404074 0.02104854 0.08563595
v 0.05404002 0.02105460 0.09755141
v 0.05404074 0.02104854 0.08563595
v 0.05404002 0.02105460 0.09755141
v 0.05564597 0.01633516 0.08563373
v 0.05564801 0.01633539 0.09755305
v 0.05564597 0.01633516 0.08563373
v 0.05564801 0.01633539 0.09755305
v 0.05684354 0.01149991 0.08563574
v 0.05684572 0.01149728 0.09755122
v 0.05684354 0.01149991 0.08563574
v 0.05684572 0.01149728 0.09755122
v 0.05762378 0.00656659 0.08564621
v 0.05762365 0.00656797 0.09755122
v 0.05762378 0.00656659 0.08564621
v 0.05762365 0.00656797 0.09755122
v 0.05797243 0.00158423 0.08563371
v 0.05797522 0.00157931 0.09755141
v 0.05797243 0.00158423 0.08563371
v 0.05797522 0.00157931 0.09755141
v 0.05789558 -0.00339658 0.08563574
v 0.05789600 -0.00340572 0.09755305
v 0.05789558 -0.00339658 0.08563574
v 0.05789600 -0.00340572 0.09755305
v 0.05739022 -0.00836552 0.08564619
v 0.05739045 -0.00836414 0.09755125
v 0.05739022 -0.00836552 0.08564619
v 0.05739045 -0.00836414 0.09755125
v 0.05645365 -0.01328262 0.08563595
v 0.05645648 -0.01327723 0.09755141
v 0.05645365 -0.01328262 0.08563595
v 0.05645648 -0.01327723 0.09755141
v 0.05510516 -0.01807577 0.08563373
v 0.05510613 -0.01808133 0.09755139
v 0.05510516 -0.01807577 0.08563373
v 0.05510613 -0.01808133 0.09755139
v 0.05335170 -0.02273831 0.08563574
v 0.05334902 -0.02274706 0.09755305
v 0.05335170 -0.02273831 0.08563574
v 0.05334902 -0.02274706 0.09755305
v 0.05119951 -0.02724050 0.08563573
v 0.05119954 -0.02724391 0.09755122
v 0.05119951 -0.02724050 0.08563573
v 0.05119954 -0.02724391 0.09755122
v 0.04865762 -0.03155753 0.08563596
v 0.04866211 -0.03155343 0.09755141
v 0.04865762 -0.03155753 0.08563596
v 0.04866211 -0.03155343 0.09755141
v 0.04577046 -0.03561428 0.08563373
v 0.04577183 -0.03561580 0.09755303
v 0.04577046 -0.03561428 0.08563373
v 0.04577183 -0.03561580 0.09755303
v 0.04254616 -0.03941141 0.08563573
v 0.04254532 -0.03941469 0.09755125
v 0.04254616 -0.03941141 0.08563573
v 0.04254532 -0.03941469 0.09755125
v 0.03898619 -0.04293622 0.08563595
v 0.03899157 -0.04293340 0.09755142
v 0.03898619 -0.04293622 0.08563595
v 0.03899157 -0.04293340 0.09755142
v 0.03515886 -0.04612122 0.08563373
v 0.03515647 -0.04612638 0.09755142
v 0.03515886 -0.04612122 0.08563373
v 0.03515647 -0.04612638 0.09755142
v 0.03107184 -0.04896913 0.08563574
v 0.03106466 -0.04897481 0.09755306
v 0.03107184 -0.04896913 0.08563574
v 0.03106466 -0.04897481 0.09755306
v 0.02674719 -0.05145895 0.08563575
v 0.02674531 -0.05146175 0.09755123
v 0.02674719 -0.05145895 0.08563575
v 0.02674531 -0.05146175 0.09755123
v 0.02220643 -0.05357533 0.08563595
v 0.02221243 -0.05357450 0.09755141
v 0.02220643 -0.05357533 0.08563595
v 0.02221243 -0.05357450 0.09755141
v 0.01752868 -0.05528161 0.08563373
v 0.01752893 -0.05528365 0.09755305
v 0.01752868 -0.05528161 0.08563373
v 0.01752893 -0.05528365 0.09755305
v 0.01272027 -0.05658295 0.08563573
v 0.01271770 -0.05658517 0.09755123
v 0.01272027 -0.05658295 0.08563573
v 0.01271770 -0.05658517 0.09755123
v 0.00778959 -0.05746968 0.08563595
v 0.00779563 -0.05747041 0.09755141
v 0.00778959 -0.05746968 0.08563595
v 0.00779563 -0.05747041 0.09755141
v 0.00282039 -0.05792656 0.08563595
v 0.00283093 -0.05792695 0.09755303
v 0.00282039 -0.05792656 0.08563595
v 0.00283093 -0.05792695 0.09755303
v -0.00215314 -0.05795676 0.09755123
v -0.00215878 -0.05795388 0.08563373
v -0.00215878 -0.05795388 0.08563373
v -0.00215314 -0.05795676 0.09755123
v -0.00712424 -0.05755589 0.08563574
v -0.00712741 -0.05755713 0.09755123
v -0.00712424 -0.05755589 0.08563574
v -0.00712741 -0.05755713 0.09755123
v -0.01206486 -0.05672636 0.08563595
v -0.01205477 -0.05672943 0.09755303
v -0.01206486 -0.05672636 0.08563595
v -0.01205477 -0.05672943 0.09755303
v -0.01688120 -0.05548556 0.09755123
v -0.01689666 -0.05547922 0.08563595
v -0.01689666 -0.05547922 0.08563595
v -0.01688120 -0.05548556 0.09755123
v -0.02158853 -0.05382896 0.09755123
v -0.02159286 -0.05382434 0.08563373
v -0.02159286 -0.05382434 0.08563373
v -0.02158853 -0.05382896 0.09755123
v -0.02615016 -0.05176495 0.08563596
v -0.02614559 -0.05176898 0.09755142
v -0.02615016 -0.05176495 0.08563596
v -0.02614559 -0.05176898 0.09755142
v -0.03050331 -0.04932535 0.08563595
v -0.03049485 -0.04933164 0.09755305
v -0.03050331 -0.04932535 0.08563595
v -0.03049485 -0.04933164 0.09755305
v -0.03461821 -0.04653172 0.09755123
v -0.03462265 -0.04652759 0.08564455
v -0.03462265 -0.04652759 0.08564455
v -0.03461821 -0.04653172 0.09755123
v -0.03849119 -0.04338257 0.08564620
v -0.03849015 -0.04338354 0.09755125
v -0.03849119 -0.04338257 0.08564620
v -0.03849015 -0.04338354 0.09755125
v -0.04208746 -0.03990097 0.08563595
v -0.04208087 -0.03990923 0.09755306
v -0.04208746 -0.03990097 0.08563595
v -0.04208087 -0.03990923 0.09755306
v -0.04535258 -0.03614922 0.09755122
v -0.04535408 -0.03614304 0.08563373
v -0.04535408 -0.03614304 0.08563373
v -0.04535258 -0.03614922 0.09755122
v -0.04828924 -0.03211829 0.08563575
v -0.04829224 -0.03211671 0.09755122
v -0.04828924 -0.03211829 0.08563575
v -0.04829224 -0.03211671 0.09755122
v -0.05087482 -0.02783999 0.08563374
v -0.05087675 -0.02784065 0.09755303
v -0.05087482 -0.02783999 0.08563374
v -0.05087675 -0.02784065 0.09755303
v -0.05307717 -0.02337197 0.08563574
v -0.05307985 -0.02336989 0.09755123
v -0.05307717 -0.02337197 0.08563574
v -0.05307985 -0.02336989 0.09755123
v -0.05488985 -0.01872268 0.08563574
v -0.05489236 -0.01872036 0.09755123
v -0.05488985 -0.01872268 0.08563574
v -0.05489236 -0.01872036 0.09755123
v -0.05630137 -0.01392040 0.08564638
v -0.05630101 -0.01392180 0.09755139
v -0.05630137 -0.01392040 0.08564638
v -0.05630101 -0.01392180 0.09755139
v -0.05728878 -0.00902429 0.08563596
v -0.05728938 -0.00903035 0.09755141
v -0.05728878 -0.00902429 0.08563596
v -0.05728938 -0.00903035 0.09755141
v -0.05783823 -0.00410992 0.08560258
v -0.05785257 -0.00407732 0.09755307
v -0.05783823 -0.00410992 0.08560258
v -0.05785257 -0.00407732 0.09755307
v -0.05800068 0.00075066 0.08567216
v -0.05798727 0.00090588 0.09755753
v -0.03313947 0.04759618 0.09755139
v -0.03704984 0.04452928 0.09764656
v -0.03308476 0.04754942 0.09764656
v 0.03259314 0.04797194 0.09755141
v 0.02833044 0.05052657 0.09764656
v 0.03256908 0.04790409 0.09764656
v -0.00032713 0.05799421 0.09756188
v -0.00529142 0.05768490 0.09764656
v -0.00031390 0.05791543 0.09764976
v -0.02892518 0.05026882 0.09755141
v -0.03313947 0.04759618 0.09755139
v -0.03308476 0.04754942 0.09764656
v -0.02887468 0.05021752 0.09764656
v 0.03659240 0.04499492 0.09755304
v 0.03259314 0.04797194 0.09755141
v 0.03256908 0.04790409 0.09764656
v 0.03659240 0.04499492 0.09755304
v 0.03256908 0.04790409 0.09764656
v 0.03656657 0.04492698 0.09764656
v 0.00465063 0.05780934 0.09755303
v -0.00032713 0.05799421 0.09756188
v 0.00466783 0.05773872 0.09764656
v 0.00466783 0.05773872 0.09764656
v -0.00032713 0.05799421 0.09756188
v -0.00031390 0.05791543 0.09764976
v -0.02450072 0.05256673 0.09755303
v -0.02892518 0.05026882 0.09755141
v -0.02887468 0.05021752 0.09764656
v -0.02450072 0.05256673 0.09755303
v -0.02887468 0.05021752 0.09764656
v -0.02445085 0.05251384 0.09764656
v 0.04032099 0.04168743 0.09755123
v 0.03659240 0.04499492 0.09755304
v 0.03656657 0.04492698 0.09764656
v 0.04032099 0.04168743 0.09755123
v 0.03656657 0.04492698 0.09764656
v 0.04029335 0.04161721 0.09764656
v 0.00960206 0.05719679 0.09755010
v 0.00465063 0.05780934 0.09755303
v 0.00466783 0.05773872 0.09764656
v 0.00961407 0.05712370 0.09764656
v -0.01509422 0.05592595 0.09764656
v -0.01023067 0.05701650 0.09764656
v -0.01027150 0.05707994 0.09755122
v -0.01509422 0.05592595 0.09764656
v -0.01027150 0.05707994 0.09755122
v -0.01513425 0.05598661 0.09755304
v -0.01984602 0.05442135 0.09764656
v -0.01509422 0.05592595 0.09764656
v -0.01513425 0.05598661 0.09755304
v -0.01984602 0.05442135 0.09764656
v -0.01513425 0.05598661 0.09755304
v -0.01989710 0.05447687 0.09755123
v -0.04412979 0.03752478 0.09764656
v -0.04073381 0.04117104 0.09764976
v -0.04079833 0.04121811 0.09756187
v -0.04412979 0.03752478 0.09764656
v -0.04079833 0.04121811 0.09756187
v -0.04419466 0.03755599 0.09755141
v -0.04719224 0.03359226 0.09764656
v -0.04412979 0.03752478 0.09764656
v -0.04419466 0.03755599 0.09755141
v -0.04719224 0.03359226 0.09764656
v -0.04419466 0.03755599 0.09755141
v -0.04726582 0.03360901 0.09755122
v -0.05224889 0.02501202 0.09764656
v -0.04990530 0.02941101 0.09764656
v -0.04998003 0.02942142 0.09755123
v -0.05224889 0.02501202 0.09764656
v -0.04998003 0.02942142 0.09755123
v -0.05232098 0.02502122 0.09755303
v -0.05690363 0.01084090 0.09764656
v -0.05575093 0.01568854 0.09764976
v -0.05583565 0.01567872 0.09756167
v -0.05690363 0.01084090 0.09764656
v -0.05583565 0.01567872 0.09756167
v -0.05697567 0.01083141 0.09755305
v -0.05778540 -0.00404903 0.09764656
v -0.05791956 0.00093343 0.09764656
v -0.05798727 0.00090588 0.09755753
v -0.05778540 -0.00404903 0.09764656
v -0.05798727 0.00090588 0.09755753
v -0.05785257 -0.00407732 0.09755307
v -0.05302776 -0.02331530 0.09764656
v -0.05483576 -0.01867048 0.09764656
v -0.05489236 -0.01872036 0.09755123
v -0.05302776 -0.02331530 0.09764656
v -0.05489236 -0.01872036 0.09755123
v -0.05307985 -0.02336989 0.09755123
v -0.04531614 -0.03608316 0.09764656
v -0.04825026 -0.03205402 0.09764656
v -0.04829224 -0.03211671 0.09755122
v -0.04531614 -0.03608316 0.09764656
v -0.04829224 -0.03211671 0.09755122
v -0.04535258 -0.03614922 0.09755122
v -0.03459985 -0.04645854 0.09764656
v -0.03846557 -0.04331220 0.09764656
v -0.03849015 -0.04338354 0.09755125
v -0.03459985 -0.04645854 0.09764656
v -0.03849015 -0.04338354 0.09755125
v -0.03461821 -0.04653172 0.09755123
v -0.02613040 -0.05169864 0.09764656
v -0.03047795 -0.04926095 0.09764656
v -0.03049485 -0.04933164 0.09755305
v -0.02613040 -0.05169864 0.09764656
v -0.03049485 -0.04933164 0.09755305
v -0.02614559 -0.05176898 0.09755142
v -0.02158949 -0.05375352 0.09764656
v -0.02613040 -0.05169864 0.09764656
v -0.02614559 -0.05176898 0.09755142
v -0.02158949 -0.05375352 0.09764656
v -0.02614559 -0.05176898 0.09755142
v -0.02158853 -0.05382896 0.09755123
v -0.01206273 -0.05665719 0.09764656
v -0.01688860 -0.05541048 0.09764656
v -0.01688120 -0.05548556 0.09755123
v -0.01206273 -0.05665719 0.09764656
v -0.01688120 -0.05548556 0.09755123
v -0.01205477 -0.05672943 0.09755303
v -0.00714755 -0.05748442 0.09764656
v -0.01206273 -0.05665719 0.09764656
v -0.01205477 -0.05672943 0.09755303
v -0.00714755 -0.05748442 0.09764656
v -0.01205477 -0.05672943 0.09755303
v -0.00712741 -0.05755713 0.09755123
v 0.00280479 -0.05785913 0.09764656
v -0.00217947 -0.05788607 0.09764656
v -0.00215314 -0.05795676 0.09755123
v 0.00280479 -0.05785913 0.09764656
v -0.00215314 -0.05795676 0.09755123
v 0.00283093 -0.05792695 0.09755303
v 0.01748630 -0.05522477 0.09764656
v 0.01267421 -0.05652355 0.09764656
v 0.01271770 -0.05658517 0.09755123
v 0.01748630 -0.05522477 0.09764656
v 0.01271770 -0.05658517 0.09755123
v 0.01752893 -0.05528365 0.09755305
v 0.03100840 -0.04892878 0.09764656
v 0.02668752 -0.05141326 0.09764656
v 0.02674531 -0.05146175 0.09755123
v 0.03100840 -0.04892878 0.09764656
v 0.02674531 -0.05146175 0.09755123
v 0.03106466 -0.04897481 0.09755306
v 0.03893129 -0.04289407 0.09764656
v 0.03509980 -0.04608200 0.09764656
v 0.03515647 -0.04612638 0.09755142
v 0.03893129 -0.04289407 0.09764656
v 0.03515647 -0.04612638 0.09755142
v 0.03899157 -0.04293340 0.09755142
v 0.04247454 -0.03938857 0.09764656
v 0.03893129 -0.04289407 0.09764656
v 0.03899157 -0.04293340 0.09755142
v 0.04247454 -0.03938857 0.09764656
v 0.03899157 -0.04293340 0.09755142
v 0.04254532 -0.03941469 0.09755125
v 0.04859377 -0.03153082 0.09764656
v 0.04570337 -0.03559141 0.09764656
v 0.04577183 -0.03561580 0.09755303
v 0.04859377 -0.03153082 0.09764656
v 0.04577183 -0.03561580 0.09755303
v 0.04866211 -0.03155343 0.09755141
v 0.05112441 -0.02723675 0.09764656
v 0.04859377 -0.03153082 0.09764656
v 0.04866211 -0.03155343 0.09755141
v 0.05112441 -0.02723675 0.09764656
v 0.04866211 -0.03155343 0.09755141
v 0.05119954 -0.02724391 0.09755122
v 0.05503428 -0.01807691 0.09764656
v 0.05327659 -0.02274098 0.09764656
v 0.05334902 -0.02274706 0.09755305
v 0.05503428 -0.01807691 0.09764656
v 0.05334902 -0.02274706 0.09755305
v 0.05510613 -0.01808133 0.09755139
v 0.05782577 -0.00342443 0.09764656
v 0.05731733 -0.00838275 0.09764656
v 0.05739045 -0.00836414 0.09755125
v 0.05782577 -0.00342443 0.09764656
v 0.05739045 -0.00836414 0.09755125
v 0.05789600 -0.00340572 0.09755305
v 0.05678317 0.01145510 0.09764656
v 0.05755770 0.00653133 0.09764656
v 0.05762365 0.00656797 0.09755122
v 0.05678317 0.01145510 0.09764656
v 0.05762365 0.00656797 0.09755122
v 0.05684572 0.01149728 0.09755122
v 0.05398173 0.02101237 0.09764656
v 0.05558823 0.01629405 0.09764656
v 0.05564801 0.01633539 0.09755305
v 0.05398173 0.02101237 0.09764656
v 0.05564801 0.01633539 0.09755305
v 0.05404002 0.02105460 0.09755141
v 0.05197560 0.02557508 0.09764656
v 0.05398173 0.02101237 0.09764656
v 0.05404002 0.02105460 0.09755141
v 0.05197560 0.02557508 0.09764656
v 0.05404002 0.02105460 0.09755141
v 0.05202741 0.02562606 0.09755302
v 0.04682655 0.03410017 0.09764656
v 0.04958464 0.02994848 0.09764656
v 0.04963481 0.03000010 0.09755140
v 0.04682655 0.03410017 0.09764656
v 0.04963481 0.03000010 0.09755140
v 0.04687212 0.03415589 0.09755139
v 0.04372180 0.03799935 0.09764656
v 0.04682655 0.03410017 0.09764656
v 0.04687212 0.03415589 0.09755139
v 0.04372180 0.03799935 0.09764656
v 0.04687212 0.03415589 0.09755139
v 0.04375537 0.03806693 0.09755123
v 0.01925688 0.05463259 0.09764656
v 0.02388201 0.05277497 0.09764656
v 0.02388970 0.05284723 0.09755303
v 0.01925688 0.05463259 0.09764656
v 0.02388970 0.05284723 0.09755303
v 0.01926281 0.05470434 0.09755138
v 0.01448908 0.05608577 0.09764656
v 0.01925688 0.05463259 0.09764656
v 0.01926281 0.05470434 0.09755138
v 0.01448908 0.05608577 0.09764656
v 0.01926281 0.05470434 0.09755138
v 0.01448422 0.05615829 0.09755303
v -0.02445085 0.05251384 0.09764656
v -0.01984602 0.05442135 0.09764656
v -0.01989710 0.05447687 0.09755123
v -0.02445085 0.05251384 0.09764656
v -0.01989710 0.05447687 0.09755123
v -0.02450072 0.05256673 0.09755303
v -0.03711154 0.04456770 0.09755303
v -0.03711154 0.04456770 0.09755303
v -0.04079833 0.04121811 0.09756187
v -0.03704984 0.04452928 0.09764656
v -0.03704984 0.04452928 0.09764656
v -0.04079833 0.04121811 0.09756187
v -0.04073381 0.04117104 0.09764976
v -0.04726582 0.03360901 0.09755122
v -0.04998003 0.02942142 0.09755123
v -0.04990530 0.02941101 0.09764656
v -0.04726582 0.03360901 0.09755122
v -0.04990530 0.02941101 0.09764656
v -0.04719224 0.03359226 0.09764656
v -0.05420562 0.02042788 0.09764656
v -0.05224889 0.02501202 0.09764656
v -0.05232098 0.02502122 0.09755303
v -0.05420562 0.02042788 0.09764656
v -0.05232098 0.02502122 0.09755303
v -0.05427720 0.02043539 0.09755141
v -0.05427720 0.02043539 0.09755141
v -0.05583565 0.01567872 0.09756167
v -0.05420562 0.02042788 0.09764656
v -0.05420562 0.02042788 0.09764656
v -0.05583565 0.01567872 0.09756167
v -0.05575093 0.01568854 0.09764976
v -0.05762489 0.00590914 0.09764656
v -0.05690363 0.01084090 0.09764656
v -0.05697567 0.01083141 0.09755305
v -0.05762489 0.00590914 0.09764656
v -0.05697567 0.01083141 0.09755305
v -0.05769604 0.00589805 0.09755141
v -0.05769604 0.00589805 0.09755141
v -0.05798727 0.00090588 0.09755753
v -0.05791956 0.00093343 0.09764656
v -0.05769604 0.00589805 0.09755141
v -0.05791956 0.00093343 0.09764656
v -0.05762489 0.00590914 0.09764656
v -0.05722342 -0.00900151 0.09764656
v -0.05778540 -0.00404903 0.09764656
v -0.05785257 -0.00407732 0.09755307
v -0.05722342 -0.00900151 0.09764656
v -0.05785257 -0.00407732 0.09755307
v -0.05728938 -0.00903035 0.09755141
v -0.05623778 -0.01388741 0.09764656
v -0.05722342 -0.00900151 0.09764656
v -0.05728938 -0.00903035 0.09755141
v -0.05630101 -0.01392180 0.09755139
v -0.05630101 -0.01392180 0.09755139
v -0.05489236 -0.01872036 0.09755123
v -0.05483576 -0.01867048 0.09764656
v -0.05630101 -0.01392180 0.09755139
v -0.05483576 -0.01867048 0.09764656
v -0.05623778 -0.01388741 0.09764656
v -0.05082717 -0.02778750 0.09764656
v -0.05302776 -0.02331530 0.09764656
v -0.05307985 -0.02336989 0.09755123
v -0.05082717 -0.02778750 0.09764656
v -0.05307985 -0.02336989 0.09755123
v -0.05087675 -0.02784065 0.09755303
v -0.05087675 -0.02784065 0.09755303
v -0.04829224 -0.03211671 0.09755122
v -0.04825026 -0.03205402 0.09764656
v -0.05087675 -0.02784065 0.09755303
v -0.04825026 -0.03205402 0.09764656
v -0.05082717 -0.02778750 0.09764656
v -0.04204652 -0.03984516 0.09764656
v -0.04531614 -0.03608316 0.09764656
v -0.04535258 -0.03614922 0.09755122
v -0.04204652 -0.03984516 0.09764656
v -0.04535258 -0.03614922 0.09755122
v -0.04208087 -0.03990923 0.09755306
v -0.04208087 -0.03990923 0.09755306
v -0.03849015 -0.04338354 0.09755125
v -0.03846557 -0.04331220 0.09764656
v -0.04208087 -0.03990923 0.09755306
v -0.03846557 -0.04331220 0.09764656
v -0.04204652 -0.03984516 0.09764656
v -0.03461821 -0.04653172 0.09755123
v -0.03049485 -0.04933164 0.09755305
v -0.03047795 -0.04926095 0.09764656
v -0.03461821 -0.04653172 0.09755123
v -0.03047795 -0.04926095 0.09764656
v -0.03459985 -0.04645854 0.09764656
v -0.02158853 -0.05382896 0.09755123
v -0.01688120 -0.05548556 0.09755123
v -0.01688860 -0.05541048 0.09764656
v -0.02158853 -0.05382896 0.09755123
v -0.01688860 -0.05541048 0.09764656
v -0.02158949 -0.05375352 0.09764656
v -0.00712741 -0.05755713 0.09755123
v -0.00215314 -0.05795676 0.09755123
v -0.00217947 -0.05788607 0.09764656
v -0.00712741 -0.05755713 0.09755123
v -0.00217947 -0.05788607 0.09764656
v -0.00714755 -0.05748442 0.09764656
v 0.00776822 -0.05740385 0.09764656
v 0.00280479 -0.05785913 0.09764656
v 0.00283093 -0.05792695 0.09755303
v 0.00776822 -0.05740385 0.09764656
v 0.00283093 -0.05792695 0.09755303
v 0.00779563 -0.05747041 0.09755141
v 0.00779563 -0.05747041 0.09755141
v 0.01271770 -0.05658517 0.09755123
v 0.01267421 -0.05652355 0.09764656
v 0.00779563 -0.05747041 0.09755141
v 0.01267421 -0.05652355 0.09764656
v 0.00776822 -0.05740385 0.09764656
v 0.02216895 -0.05351714 0.09764656
v 0.01748630 -0.05522477 0.09764656
v 0.01752893 -0.05528365 0.09755305
v 0.02216895 -0.05351714 0.09764656
v 0.01752893 -0.05528365 0.09755305
v 0.02221243 -0.05357450 0.09755141
v 0.02221243 -0.05357450 0.09755141
v 0.02674531 -0.05146175 0.09755123
v 0.02668752 -0.05141326 0.09764656
v 0.02221243 -0.05357450 0.09755141
v 0.02668752 -0.05141326 0.09764656
v 0.02216895 -0.05351714 0.09764656
v 0.03106466 -0.04897481 0.09755306
v 0.03515647 -0.04612638 0.09755142
v 0.03509980 -0.04608200 0.09764656
v 0.03106466 -0.04897481 0.09755306
v 0.03509980 -0.04608200 0.09764656
v 0.03100840 -0.04892878 0.09764656
v 0.04254532 -0.03941469 0.09755125
v 0.04577183 -0.03561580 0.09755303
v 0.04570337 -0.03559141 0.09764656
v 0.04254532 -0.03941469 0.09755125
v 0.04570337 -0.03559141 0.09764656
v 0.04247454 -0.03938857 0.09764656
v 0.05119954 -0.02724391 0.09755122
v 0.05334902 -0.02274706 0.09755305
v 0.05327659 -0.02274098 0.09764656
v 0.05119954 -0.02724391 0.09755122
v 0.05327659 -0.02274098 0.09764656
v 0.05112441 -0.02723675 0.09764656
v 0.05638453 -0.01327897 0.09764656
v 0.05503428 -0.01807691 0.09764656
v 0.05510613 -0.01808133 0.09755139
v 0.05638453 -0.01327897 0.09764656
v 0.05510613 -0.01808133 0.09755139
v 0.05645648 -0.01327723 0.09755141
v 0.05645648 -0.01327723 0.09755141
v 0.05739045 -0.00836414 0.09755125
v 0.05731733 -0.00838275 0.09764656
v 0.05645648 -0.01327723 0.09755141
v 0.05731733 -0.00838275 0.09764656
v 0.05638453 -0.01327897 0.09764656
v 0.05790610 0.00155921 0.09764656
v 0.05782577 -0.00342443 0.09764656
v 0.05789600 -0.00340572 0.09755305
v 0.05790610 0.00155921 0.09764656
v 0.05789600 -0.00340572 0.09755305
v 0.05797522 0.00157931 0.09755141
v 0.05797522 0.00157931 0.09755141
v 0.05762365 0.00656797 0.09755122
v 0.05755770 0.00653133 0.09764656
v 0.05797522 0.00157931 0.09755141
v 0.05755770 0.00653133 0.09764656
v 0.05790610 0.00155921 0.09764656
v 0.05684572 0.01149728 0.09755122
v 0.05564801 0.01633539 0.09755305
v 0.05558823 0.01629405 0.09764656
v 0.05684572 0.01149728 0.09755122
v 0.05558823 0.01629405 0.09764656
v 0.05678317 0.01145510 0.09764656
v 0.05202741 0.02562606 0.09755302
v 0.04963481 0.03000010 0.09755140
v 0.04958464 0.02994848 0.09764656
v 0.05202741 0.02562606 0.09755302
v 0.04958464 0.02994848 0.09764656
v 0.05197560 0.02557508 0.09764656
v 0.04029335 0.04161721 0.09764656
v 0.04372180 0.03799935 0.09764656
v 0.04375537 0.03806693 0.09755123
v 0.04029335 0.04161721 0.09764656
v 0.04375537 0.03806693 0.09755123
v 0.04032099 0.04168743 0.09755123
v 0.03259314 0.04797194 0.09755141
v 0.02833925 0.05060149 0.09755123
v 0.02833044 0.05052657 0.09764656
v 0.02833925 0.05060149 0.09755123
v 0.02388970 0.05284723 0.09755303
v 0.02388201 0.05277497 0.09764656
v 0.02833925 0.05060149 0.09755123
v 0.02388201 0.05277497 0.09764656
v 0.02833044 0.05052657 0.09764656
v 0.00961407 0.05712370 0.09764656
v 0.01448908 0.05608577 0.09764656
v 0.01448422 0.05615829 0.09755303
v 0.00961407 0.05712370 0.09764656
v 0.01448422 0.05615829 0.09755303
v 0.00960206 0.05719679 0.09755010
v -0.00032713 0.05799421 0.09756188
v -0.00532661 0.05775163 0.09755122
v -0.00529142 0.05768490 0.09764656
v -0.01023067 0.05701650 0.09764656
v -0.00529142 0.05768490 0.09764656
v -0.00532661 0.05775163 0.09755122
v -0.01023067 0.05701650 0.09764656
v -0.00532661 0.05775163 0.09755122
v -0.01027150 0.05707994 0.09755122
v 0.05706754 -0.00833909 0.09795999
v 0.05754260 -0.00338317 0.09783481
v 0.05759627 -0.00339377 0.09798673
v 0.05759627 -0.00339377 0.09798673
v 0.05754260 -0.00338317 0.09783481
v 0.05764298 0.00155600 0.09794675
v -0.00527348 0.05744337 0.09797458
v -0.01020578 0.05673676 0.09781828
v -0.01019207 0.05677739 0.09797458
v -0.01019207 0.05677739 0.09797458
v -0.01020578 0.05673676 0.09781828
v -0.01504538 0.05564938 0.09781828
v -0.01504084 0.05568824 0.09797237
v -0.01504084 0.05568824 0.09797237
v -0.01504538 0.05564938 0.09781828
v -0.01975604 0.05418574 0.09796313
v -0.03688455 0.04432455 0.09794675
v -0.04056160 0.04096309 0.09781828
v -0.04058421 0.04099379 0.09797506
v -0.04058421 0.04099379 0.09797506
v -0.04056160 0.04096309 0.09781828
v -0.04394502 0.03733780 0.09795139
v 0.00279589 -0.05759615 0.09794675
v 0.00775539 -0.05712329 0.09781829
v 0.00800115 -0.05713540 0.09797428
v 0.00800115 -0.05713540 0.09797428
v 0.00775539 -0.05712329 0.09781829
v 0.01261108 -0.05627121 0.09795502
v 0.04353204 0.03781844 0.09795091
v 0.04008086 0.04143359 0.09781827
v 0.04011653 0.04144961 0.09797237
v 0.04011653 0.04144961 0.09797237
v 0.04008086 0.04143359 0.09781827
v 0.03638360 0.04473822 0.09795139
v -0.00033231 0.05767404 0.09796361
v -0.00529065 0.05740406 0.09781827
v -0.00527348 0.05744337 0.09797458
v -0.00527348 0.05744337 0.09797458
v -0.00529065 0.05740406 0.09781827
v -0.01020578 0.05673676 0.09781828
v -0.01504538 0.05564938 0.09781828
v -0.01977569 0.05415590 0.09780237
v -0.01975604 0.05418574 0.09796313
v -0.01975604 0.05418574 0.09796313
v -0.01977569 0.05415590 0.09780237
v -0.02435797 0.05225541 0.09780237
v -0.01975604 0.05418574 0.09796313
v -0.02435797 0.05225541 0.09780237
v -0.02434099 0.05228682 0.09796313
v -0.02434099 0.05228682 0.09796313
v -0.02435797 0.05225541 0.09780237
v -0.02875994 0.04996803 0.09780237
v -0.02434099 0.05228682 0.09796313
v -0.02875994 0.04996803 0.09780237
v -0.02875443 0.04999429 0.09796000
v -0.02875443 0.04999429 0.09796000
v -0.02875994 0.04996803 0.09780237
v -0.03295384 0.04732145 0.09795138
v -0.05550881 0.01561749 0.09794675
v -0.05663962 0.01076530 0.09780237
v -0.05665874 0.01078356 0.09796546
v -0.05665874 0.01078356 0.09796546
v -0.05663962 0.01076530 0.09780237
v -0.05735539 0.00585639 0.09780237
v -0.05737347 0.00587622 0.09795999
v -0.05737347 0.00587622 0.09795999
v -0.05735539 0.00585639 0.09780237
v -0.05765749 0.00094131 0.09795091
v -0.05752498 -0.00401865 0.09795091
v -0.05694939 -0.00898362 0.09780237
v -0.05697193 -0.00896907 0.09795999
v -0.05697193 -0.00896907 0.09795999
v -0.05694939 -0.00898362 0.09780237
v -0.05597806 -0.01384672 0.09795139
v -0.05597806 -0.01384672 0.09795139
v -0.05456885 -0.01860589 0.09780237
v -0.05459355 -0.01859542 0.09795999
v -0.05459355 -0.01859542 0.09795999
v -0.05456885 -0.01860589 0.09780237
v -0.05276740 -0.02322800 0.09780237
v -0.05459355 -0.01859542 0.09795999
v -0.05276740 -0.02322800 0.09780237
v -0.05278866 -0.02323281 0.09796361
v -0.05278866 -0.02323281 0.09796361
v -0.05276740 -0.02322800 0.09780237
v -0.05057527 -0.02767816 0.09780237
v -0.05059604 -0.02768477 0.09796361
v -0.05059604 -0.02768477 0.09796361
v -0.05057527 -0.02767816 0.09780237
v -0.04800868 -0.03192342 0.09780237
v -0.05059604 -0.02768477 0.09796361
v -0.04800868 -0.03192342 0.09780237
v -0.04804232 -0.03191131 0.09796313
v -0.04804232 -0.03191131 0.09796313
v -0.04800868 -0.03192342 0.09780237
v -0.04508669 -0.03593228 0.09780237
v -0.04804232 -0.03191131 0.09796313
v -0.04508669 -0.03593228 0.09780237
v -0.04511348 -0.03593074 0.09795999
v -0.04511348 -0.03593074 0.09795999
v -0.04508669 -0.03593228 0.09780237
v -0.04183087 -0.03967513 0.09780237
v -0.04511348 -0.03593074 0.09795999
v -0.04183087 -0.03967513 0.09780237
v -0.04184925 -0.03968683 0.09796361
v -0.04184925 -0.03968683 0.09796361
v -0.04183087 -0.03967513 0.09780237
v -0.03830067 -0.04310836 0.09795092
v -0.03031346 -0.04904365 0.09793830
v -0.02598487 -0.05146575 0.09780237
v -0.02599821 -0.05148299 0.09796362
v -0.02599821 -0.05148299 0.09796362
v -0.02598487 -0.05146575 0.09780237
v -0.02146441 -0.05350904 0.09780237
v -0.02599821 -0.05148299 0.09796362
v -0.02146441 -0.05350904 0.09780237
v -0.02149898 -0.05351812 0.09796313
v -0.02149898 -0.05351812 0.09796313
v -0.02146441 -0.05350904 0.09780237
v -0.01678508 -0.05515613 0.09780237
v -0.02149898 -0.05351812 0.09796313
v -0.01678508 -0.05515613 0.09780237
v -0.01681873 -0.05516815 0.09796313
v -0.01681873 -0.05516815 0.09796313
v -0.01678508 -0.05515613 0.09780237
v -0.01200418 -0.05640066 0.09794675
v -0.01200418 -0.05640066 0.09794675
v -0.00708911 -0.05721611 0.09780237
v -0.00712020 -0.05723371 0.09796313
v -0.00712020 -0.05723371 0.09796313
v -0.00708911 -0.05721611 0.09780237
v -0.00214431 -0.05761371 0.09780237
v -0.00712020 -0.05723371 0.09796313
v -0.00214431 -0.05761371 0.09780237
v -0.00217377 -0.05763393 0.09796313
v -0.00217377 -0.05763393 0.09796313
v -0.00214431 -0.05761371 0.09780237
v 0.00279589 -0.05759615 0.09794675
v 0.02655609 -0.05118639 0.09795093
v 0.03088305 -0.04868444 0.09780237
v 0.03087021 -0.04871780 0.09796313
v 0.03087021 -0.04871780 0.09796313
v 0.03088305 -0.04868444 0.09780237
v 0.03491890 -0.04587876 0.09793785
v 0.03875731 -0.04269666 0.09794675
v 0.04229095 -0.03918435 0.09780237
v 0.04229346 -0.03921106 0.09796000
v 0.04229346 -0.03921106 0.09796000
v 0.04229095 -0.03918435 0.09780237
v 0.04551069 -0.03541260 0.09795139
v 0.05478552 -0.01799113 0.09794675
v 0.05612403 -0.01319206 0.09780237
v 0.05614391 -0.01320103 0.09796361
v 0.05614391 -0.01320103 0.09796361
v 0.05612403 -0.01319206 0.09780237
v 0.05705033 -0.00831854 0.09780237
v 0.05706754 -0.00833909 0.09795999
v 0.05706754 -0.00833909 0.09795999
v 0.05705033 -0.00831854 0.09780237
v 0.05754260 -0.00338317 0.09783481
v 0.05729882 0.00648982 0.09795091
v 0.05651016 0.01142541 0.09780236
v 0.05653330 0.01141184 0.09795998
v 0.05653330 0.01141184 0.09795998
v 0.05651016 0.01142541 0.09780236
v 0.05531880 0.01624099 0.09780236
v 0.05653330 0.01141184 0.09795998
v 0.05531880 0.01624099 0.09780236
v 0.05534050 0.01624300 0.09796361
v 0.05534050 0.01624300 0.09796361
v 0.05531880 0.01624099 0.09780236
v 0.05371962 0.02093775 0.09793831
v 0.04933916 0.02983008 0.09793831
v 0.04659081 0.03395930 0.09780237
v 0.04661056 0.03396854 0.09796362
v 0.04661056 0.03396854 0.09796362
v 0.04659081 0.03395930 0.09780237
v 0.04353204 0.03781844 0.09795091
v 0.03638360 0.04473822 0.09795139
v 0.03239474 0.04769192 0.09780237
v 0.03241020 0.04770727 0.09796361
v 0.03241020 0.04770727 0.09796361
v 0.03239474 0.04769192 0.09780237
v 0.02817497 0.05030020 0.09780235
v 0.03241020 0.04770727 0.09796361
v 0.02817497 0.05030020 0.09780235
v 0.02821040 0.05030476 0.09796313
v 0.02821040 0.05030476 0.09796313
v 0.02817497 0.05030020 0.09780235
v 0.02377004 0.05253684 0.09794675
v 0.00462049 0.05747032 0.09793831
v -0.00033633 0.05765263 0.09780237
v -0.00033231 0.05767404 0.09796361
v -0.00033231 0.05767404 0.09796361
v -0.00033633 0.05765263 0.09780237
v -0.00529065 0.05740406 0.09781827
v -0.02875994 0.04996803 0.09780237
v -0.03295276 0.04731670 0.09778706
v -0.03295384 0.04732145 0.09795138
v -0.03295384 0.04732145 0.09795138
v -0.03295276 0.04731670 0.09778706
v -0.03689832 0.04430880 0.09778706
v -0.03688455 0.04432455 0.09794675
v -0.03688455 0.04432455 0.09794675
v -0.03689832 0.04430880 0.09778706
v -0.04056160 0.04096309 0.09781828
v -0.04056160 0.04096309 0.09781828
v -0.04394274 0.03733349 0.09778708
v -0.04394502 0.03733780 0.09795139
v -0.04394502 0.03733780 0.09795139
v -0.04394274 0.03733349 0.09778708
v -0.04698945 0.03341776 0.09778706
v -0.04394502 0.03733780 0.09795139
v -0.04698945 0.03341776 0.09778706
v -0.04697187 0.03345022 0.09795091
v -0.04697187 0.03345022 0.09795091
v -0.04698945 0.03341776 0.09778706
v -0.04968825 0.02925460 0.09778706
v -0.04697187 0.03345022 0.09795091
v -0.04968825 0.02925460 0.09778706
v -0.04968059 0.02927411 0.09794675
v -0.04968059 0.02927411 0.09794675
v -0.04968825 0.02925460 0.09778706
v -0.05201918 0.02487486 0.09778706
v -0.04968059 0.02927411 0.09794675
v -0.05201918 0.02487486 0.09778706
v -0.05202247 0.02487844 0.09795138
v -0.05202247 0.02487844 0.09795138
v -0.05201918 0.02487486 0.09778706
v -0.05396072 0.02030828 0.09793829
v -0.05396072 0.02030828 0.09793829
v -0.05551124 0.01559668 0.09778706
v -0.05550881 0.01561749 0.09794675
v -0.05550881 0.01561749 0.09794675
v -0.05551124 0.01559668 0.09778706
v -0.05663962 0.01076530 0.09780237
v -0.05735539 0.00585639 0.09780237
v -0.05765358 0.00090466 0.09778706
v -0.05765749 0.00094131 0.09795091
v -0.05765749 0.00094131 0.09795091
v -0.05765358 0.00090466 0.09778706
v -0.05751793 -0.00405489 0.09778706
v -0.05765749 0.00094131 0.09795091
v -0.05751793 -0.00405489 0.09778706
v -0.05752498 -0.00401865 0.09795091
v -0.05752498 -0.00401865 0.09795091
v -0.05751793 -0.00405489 0.09778706
v -0.05694939 -0.00898362 0.09780237
v -0.05694939 -0.00898362 0.09780237
v -0.05597325 -0.01384735 0.09778708
v -0.05597806 -0.01384672 0.09795139
v -0.05597806 -0.01384672 0.09795139
v -0.05597325 -0.01384735 0.09778708
v -0.05456885 -0.01860589 0.09780237
v -0.04183087 -0.03967513 0.09780237
v -0.03827032 -0.04312930 0.09778706
v -0.03830067 -0.04310836 0.09795092
v -0.03830067 -0.04310836 0.09795092
v -0.03827032 -0.04312930 0.09778706
v -0.03443653 -0.04624080 0.09793264
v -0.01678508 -0.05515613 0.09780237
v -0.01198326 -0.05640173 0.09778707
v -0.01200418 -0.05640066 0.09794675
v -0.01200418 -0.05640066 0.09794675
v -0.01198326 -0.05640173 0.09778707
v -0.00708911 -0.05721611 0.09780237
v -0.00214431 -0.05761371 0.09780237
v 0.00281638 -0.05759186 0.09778706
v 0.00279589 -0.05759615 0.09794675
v 0.00279589 -0.05759615 0.09794675
v 0.00281638 -0.05759186 0.09778706
v 0.00775539 -0.05712329 0.09781829
v 0.00775539 -0.05712329 0.09781829
v 0.01263985 -0.05625822 0.09778709
v 0.01261108 -0.05627121 0.09795502
v 0.01261108 -0.05627121 0.09795502
v 0.01263985 -0.05625822 0.09778709
v 0.01740501 -0.05496500 0.09793264
v 0.02208876 -0.05325667 0.09793830
v 0.02658654 -0.05116551 0.09778706
v 0.02655609 -0.05118639 0.09795093
v 0.02655609 -0.05118639 0.09795093
v 0.02658654 -0.05116551 0.09778706
v 0.03088305 -0.04868444 0.09780237
v 0.03491890 -0.04587876 0.09793785
v 0.03877041 -0.04268031 0.09778706
v 0.03875731 -0.04269666 0.09794675
v 0.03875731 -0.04269666 0.09794675
v 0.03877041 -0.04268031 0.09778706
v 0.04229095 -0.03918435 0.09780237
v 0.04229095 -0.03918435 0.09780237
v 0.04550824 -0.03540839 0.09778706
v 0.04551069 -0.03541260 0.09795139
v 0.04551069 -0.03541260 0.09795139
v 0.04550824 -0.03540839 0.09778706
v 0.04838006 -0.03136168 0.09793830
v 0.04838006 -0.03136168 0.09793830
v 0.05090084 -0.02708982 0.09778708
v 0.05088760 -0.02712425 0.09795092
v 0.05088760 -0.02712425 0.09795092
v 0.05090084 -0.02708982 0.09778708
v 0.05304120 -0.02261385 0.09778706
v 0.05088760 -0.02712425 0.09795092
v 0.05304120 -0.02261385 0.09778706
v 0.05303095 -0.02264929 0.09795091
v 0.05303095 -0.02264929 0.09795091
v 0.05304120 -0.02261385 0.09778706
v 0.05478883 -0.01797047 0.09778706
v 0.05303095 -0.02264929 0.09795091
v 0.05478883 -0.01797047 0.09778706
v 0.05478552 -0.01799113 0.09794675
v 0.05478552 -0.01799113 0.09794675
v 0.05478883 -0.01797047 0.09778706
v 0.05612403 -0.01319206 0.09780237
v 0.05754260 -0.00338317 0.09783481
v 0.05763913 0.00157658 0.09778706
v 0.05764298 0.00155600 0.09794675
v 0.05764298 0.00155600 0.09794675
v 0.05763913 0.00157658 0.09778706
v 0.05729022 0.00652569 0.09778706
v 0.05764298 0.00155600 0.09794675
v 0.05729022 0.00652569 0.09778706
v 0.05729882 0.00648982 0.09795091
v 0.05729882 0.00648982 0.09795091
v 0.05729022 0.00652569 0.09778706
v 0.05651016 0.01142541 0.09780236
v 0.04659081 0.03395930 0.09780237
v 0.04350463 0.03784312 0.09778707
v 0.04353204 0.03781844 0.09795091
v 0.04353204 0.03781844 0.09795091
v 0.04350463 0.03784312 0.09778707
v 0.04008086 0.04143359 0.09781827
v 0.04008086 0.04143359 0.09781827
v 0.03637934 0.04473587 0.09778706
v 0.03638360 0.04473822 0.09795139
v 0.03638360 0.04473822 0.09795139
v 0.03637934 0.04473587 0.09778706
v 0.03239474 0.04769192 0.09780237
v 0.02817497 0.05030020 0.09780235
v 0.02374983 0.05254237 0.09778706
v 0.02377004 0.05253684 0.09794675
v 0.02377004 0.05253684 0.09794675
v 0.02374983 0.05254237 0.09778706
v 0.01914513 0.05438951 0.09778708
v 0.02377004 0.05253684 0.09794675
v 0.01914513 0.05438951 0.09778708
v 0.01914836 0.05439316 0.09795138
v 0.01914836 0.05439316 0.09795138
v 0.01914513 0.05438951 0.09778708
v 0.01444135 0.05581791 0.09793784
v -0.05201918 0.02487486 0.09778706
v -0.05402223 0.02029867 0.09769768
v -0.05396072 0.02030828 0.09793829
v -0.05396072 0.02030828 0.09793829
v -0.05402223 0.02029867 0.09769768
v -0.05551124 0.01559668 0.09778706
v -0.03827032 -0.04312930 0.09778706
v -0.03442501 -0.04631799 0.09769769
v -0.03443653 -0.04624080 0.09793264
v -0.03443653 -0.04624080 0.09793264
v -0.03442501 -0.04631799 0.09769769
v -0.03031587 -0.04910586 0.09769768
v -0.03443653 -0.04624080 0.09793264
v -0.03031587 -0.04910586 0.09769768
v -0.03031346 -0.04904365 0.09793830
v -0.03031346 -0.04904365 0.09793830
v -0.03031587 -0.04910586 0.09769768
v -0.02598487 -0.05146575 0.09780237
v 0.01263985 -0.05625822 0.09778709
v 0.01747438 -0.05500076 0.09769768
v 0.01740501 -0.05496500 0.09793264
v 0.01740501 -0.05496500 0.09793264
v 0.01747438 -0.05500076 0.09769768
v 0.02213784 -0.05329497 0.09769769
v 0.01740501 -0.05496500 0.09793264
v 0.02213784 -0.05329497 0.09769769
v 0.02208876 -0.05325667 0.09793830
v 0.02208876 -0.05325667 0.09793830
v 0.02213784 -0.05329497 0.09769769
v 0.02658654 -0.05116551 0.09778706
v 0.03088305 -0.04868444 0.09780237
v 0.03501295 -0.04587516 0.09769769
v 0.03491890 -0.04587876 0.09793785
v 0.03491890 -0.04587876 0.09793785
v 0.03501295 -0.04587516 0.09769769
v 0.03877041 -0.04268031 0.09778706
v 0.04550824 -0.03540839 0.09778706
v 0.04844221 -0.03136542 0.09769769
v 0.04838006 -0.03136168 0.09793830
v 0.04838006 -0.03136168 0.09793830
v 0.04844221 -0.03136542 0.09769769
v 0.05090084 -0.02708982 0.09778708
v 0.05531880 0.01624099 0.09780236
v 0.05375895 0.02098599 0.09769769
v 0.05371962 0.02093775 0.09793831
v 0.05371962 0.02093775 0.09793831
v 0.05375895 0.02098599 0.09769769
v 0.05175588 0.02552972 0.09769768
v 0.05173095 0.02545575 0.09793263
v 0.05173095 0.02545575 0.09793263
v 0.05175588 0.02552972 0.09769768
v 0.04936966 0.02988435 0.09769769
v 0.05173095 0.02545575 0.09793263
v 0.04936966 0.02988435 0.09769769
v 0.04933916 0.02983008 0.09793831
v 0.04933916 0.02983008 0.09793831
v 0.04936966 0.02988435 0.09769769
v 0.04659081 0.03395930 0.09780237
v 0.01914513 0.05438951 0.09778708
v 0.01438031 0.05588957 0.09769768
v 0.01444135 0.05581791 0.09793784
v 0.01444135 0.05581791 0.09793784
v 0.01438031 0.05588957 0.09769768
v 0.00952253 0.05691889 0.09769768
v 0.01444135 0.05581791 0.09793784
v 0.00952253 0.05691889 0.09769768
v 0.00956796 0.05685544 0.09793262
v 0.00956796 0.05685544 0.09793262
v 0.00952253 0.05691889 0.09769768
v 0.00459427 0.05752678 0.09769769
v 0.00956796 0.05685544 0.09793262
v 0.00459427 0.05752678 0.09769769
v 0.00462049 0.05747032 0.09793831
v 0.00462049 0.05747032 0.09793831
v 0.00459427 0.05752678 0.09769769
v -0.00033633 0.05765263 0.09780237
v -0.00529065 0.05740406 0.09781827
v -0.01025232 0.05683994 0.09767560
v -0.01020578 0.05673676 0.09781828
v -0.01020578 0.05673676 0.09781828
v -0.01025232 0.05683994 0.09767560
v -0.01510061 0.05574818 0.09767560
v -0.01020578 0.05673676 0.09781828
v -0.01510061 0.05574818 0.09767560
v -0.01504538 0.05564938 0.09781828
v -0.01504538 0.05564938 0.09781828
v -0.01510061 0.05574818 0.09767560
v -0.01983710 0.05424369 0.09767560
v -0.01504538 0.05564938 0.09781828
v -0.01983710 0.05424369 0.09767560
v -0.01977569 0.05415590 0.09780237
v -0.01977569 0.05415590 0.09780237
v -0.01983710 0.05424369 0.09767560
v -0.02442672 0.05233761 0.09767560
v -0.01977569 0.05415590 0.09780237
v -0.02442672 0.05233761 0.09767560
v -0.02435797 0.05225541 0.09780237
v -0.02435797 0.05225541 0.09780237
v -0.02442672 0.05233761 0.09767560
v -0.02883546 0.05004403 0.09767560
v -0.02435797 0.05225541 0.09780237
v -0.02883546 0.05004403 0.09767560
v -0.02875994 0.04996803 0.09780237
v -0.02875994 0.04996803 0.09780237
v -0.02883546 0.05004403 0.09767560
v -0.03303077 0.04737993 0.09767560
v -0.02875994 0.04996803 0.09780237
v -0.03303077 0.04737993 0.09767560
v -0.03295276 0.04731670 0.09778706
v -0.03295276 0.04731670 0.09778706
v -0.03303077 0.04737993 0.09767560
v -0.03698151 0.04436505 0.09767560
v -0.03295276 0.04731670 0.09778706
v -0.03698151 0.04436505 0.09767560
v -0.03689832 0.04430880 0.09778706
v -0.03689832 0.04430880 0.09778706
v -0.03698151 0.04436505 0.09767560
v -0.04065844 0.04102171 0.09767560
v -0.03689832 0.04430880 0.09778706
v -0.04065844 0.04102171 0.09767560
v -0.04056160 0.04096309 0.09781828
v -0.04056160 0.04096309 0.09781828
v -0.04065844 0.04102171 0.09767560
v -0.04403433 0.03737468 0.09767560
v -0.04056160 0.04096309 0.09781828
v -0.04403433 0.03737468 0.09767560
v -0.04394274 0.03733349 0.09778708
v -0.04394274 0.03733349 0.09778708
v -0.04403433 0.03737468 0.09767560
v -0.04708424 0.03345091 0.09767560
v -0.04394274 0.03733349 0.09778708
v -0.04708424 0.03345091 0.09767560
v -0.04698945 0.03341776 0.09778706
v -0.04698945 0.03341776 0.09778706
v -0.04708424 0.03345091 0.09767560
v -0.04978554 0.02927950 0.09767560
v -0.04698945 0.03341776 0.09778706
v -0.04978554 0.02927950 0.09767560
v -0.04968825 0.02925460 0.09778706
v -0.04968825 0.02925460 0.09778706
v -0.04978554 0.02927950 0.09767560
v -0.05211824 0.02489130 0.09767560
v -0.04968825 0.02925460 0.09778706
v -0.05211824 0.02489130 0.09767560
v -0.05201918 0.02487486 0.09778706
v -0.05201918 0.02487486 0.09778706
v -0.05211824 0.02489130 0.09767560
v -0.05402223 0.02029867 0.09769768
v -0.05402223 0.02029867 0.09769768
v -0.05561165 0.01559590 0.09767560
v -0.05551124 0.01559668 0.09778706
v -0.05551124 0.01559668 0.09778706
v -0.05561165 0.01559590 0.09767560
v -0.05674649 0.01075755 0.09767560
v -0.05551124 0.01559668 0.09778706
v -0.05674649 0.01075755 0.09767560
v -0.05663962 0.01076530 0.09780237
v -0.05663962 0.01076530 0.09780237
v -0.05674649 0.01075755 0.09767560
v -0.05746118 0.00583953 0.09767560
v -0.05663962 0.01076530 0.09780237
v -0.05746118 0.00583953 0.09767560
v -0.05735539 0.00585639 0.09780237
v -0.05735539 0.00585639 0.09780237
v -0.05746118 0.00583953 0.09767560
v -0.05775047 0.00087822 0.09767560
v -0.05735539 0.00585639 0.09780237
v -0.05775047 0.00087822 0.09767560
v -0.05765358 0.00090466 0.09778706
v -0.05765358 0.00090466 0.09778706
v -0.05775047 0.00087822 0.09767560
v -0.05761219 -0.00408950 0.09767560
v -0.05765358 0.00090466 0.09778706
v -0.05761219 -0.00408950 0.09767560
v -0.05751793 -0.00405489 0.09778706
v -0.05751793 -0.00405489 0.09778706
v -0.05761219 -0.00408950 0.09767560
v -0.05704737 -0.00902699 0.09767560
v -0.05751793 -0.00405489 0.09778706
v -0.05704737 -0.00902699 0.09767560
v -0.05694939 -0.00898362 0.09780237
v -0.05694939 -0.00898362 0.09780237
v -0.05704737 -0.00902699 0.09767560
v -0.05606018 -0.01389765 0.09767560
v -0.05694939 -0.00898362 0.09780237
v -0.05606018 -0.01389765 0.09767560
v -0.05597325 -0.01384735 0.09778708
v -0.05597325 -0.01384735 0.09778708
v -0.05606018 -0.01389765 0.09767560
v -0.05465794 -0.01866538 0.09767561
v -0.05597325 -0.01384735 0.09778708
v -0.05465794 -0.01866538 0.09767561
v -0.05456885 -0.01860589 0.09780237
v -0.05456885 -0.01860589 0.09780237
v -0.05465794 -0.01866538 0.09767561
v -0.05285104 -0.02329497 0.09767560
v -0.05456885 -0.01860589 0.09780237
v -0.05285104 -0.02329497 0.09767560
v -0.05276740 -0.02322800 0.09780237
v -0.05276740 -0.02322800 0.09780237
v -0.05285104 -0.02329497 0.09767560
v -0.05065285 -0.02775205 0.09767560
v -0.05276740 -0.02322800 0.09780237
v -0.05065285 -0.02775205 0.09767560
v -0.05057527 -0.02767816 0.09780237
v -0.05057527 -0.02767816 0.09780237
v -0.05065285 -0.02775205 0.09767560
v -0.04807965 -0.03200367 0.09767560
v -0.05057527 -0.02767816 0.09780237
v -0.04807965 -0.03200367 0.09767560
v -0.04800868 -0.03192342 0.09780237
v -0.04800868 -0.03192342 0.09780237
v -0.04807965 -0.03200367 0.09767560
v -0.04515047 -0.03601836 0.09767560
v -0.04800868 -0.03192342 0.09780237
v -0.04515047 -0.03601836 0.09767560
v -0.04508669 -0.03593228 0.09780237
v -0.04508669 -0.03593228 0.09780237
v -0.04515047 -0.03601836 0.09767560
v -0.04188702 -0.03976638 0.09767561
v -0.04508669 -0.03593228 0.09780237
v -0.04188702 -0.03976638 0.09767561
v -0.04183087 -0.03967513 0.09780237
v -0.04183087 -0.03967513 0.09780237
v -0.04188702 -0.03976638 0.09767561
v -0.03831345 -0.04322000 0.09767561
v -0.04183087 -0.03967513 0.09780237
v -0.03831345 -0.04322000 0.09767561
v -0.03827032 -0.04312930 0.09778706
v -0.03827032 -0.04312930 0.09778706
v -0.03831345 -0.04322000 0.09767561
v -0.03442501 -0.04631799 0.09769769
v -0.03031587 -0.04910586 0.09769768
v -0.02600694 -0.05157060 0.09767561
v -0.02598487 -0.05146575 0.09780237
v -0.02598487 -0.05146575 0.09780237
v -0.02600694 -0.05157060 0.09767561
v -0.02147738 -0.05361539 0.09767561
v -0.02598487 -0.05146575 0.09780237
v -0.02147738 -0.05361539 0.09767561
v -0.02146441 -0.05350904 0.09780237
v -0.02146441 -0.05350904 0.09780237
v -0.02147738 -0.05361539 0.09767561
v -0.01678884 -0.05526321 0.09767561
v -0.02146441 -0.05350904 0.09780237
v -0.01678884 -0.05526321 0.09767561
v -0.01678508 -0.05515613 0.09780237
v -0.01678508 -0.05515613 0.09780237
v -0.01678884 -0.05526321 0.09767561
v -0.01197602 -0.05650189 0.09767561
v -0.01678508 -0.05515613 0.09780237
v -0.01197602 -0.05650189 0.09767561
v -0.01198326 -0.05640173 0.09778707
v -0.01198326 -0.05640173 0.09778707
v -0.01197602 -0.05650189 0.09767561
v -0.00707450 -0.05732223 0.09767561
v -0.01198326 -0.05640173 0.09778707
v -0.00707450 -0.05732223 0.09767561
v -0.00708911 -0.05721611 0.09780237
v -0.00708911 -0.05721611 0.09780237
v -0.00707450 -0.05732223 0.09767561
v -0.00212061 -0.05771819 0.09767561
v -0.00708911 -0.05721611 0.09780237
v -0.00212061 -0.05771819 0.09767561
v -0.00214431 -0.05761371 0.09780237
v -0.00214431 -0.05761371 0.09780237
v -0.00212061 -0.05771819 0.09767561
v 0.00284899 -0.05768684 0.09767561
v -0.00214431 -0.05761371 0.09780237
v 0.00284899 -0.05768684 0.09767561
v 0.00281638 -0.05759186 0.09778706
v 0.00281638 -0.05759186 0.09778706
v 0.00284899 -0.05768684 0.09767561
v 0.00779744 -0.05722838 0.09767561
v 0.00281638 -0.05759186 0.09778706
v 0.00779744 -0.05722838 0.09767561
v 0.00775539 -0.05712329 0.09781829
v 0.00775539 -0.05712329 0.09781829
v 0.00779744 -0.05722838 0.09767561
v 0.01268825 -0.05634621 0.09767561
v 0.00775539 -0.05712329 0.09781829
v 0.01268825 -0.05634621 0.09767561
v 0.01263985 -0.05625822 0.09778709
v 0.01263985 -0.05625822 0.09778709
v 0.01268825 -0.05634621 0.09767561
v 0.01747438 -0.05500076 0.09769768
v 0.02213784 -0.05329497 0.09769769
v 0.02665577 -0.05123825 0.09767561
v 0.02658654 -0.05116551 0.09778706
v 0.02658654 -0.05116551 0.09778706
v 0.02665577 -0.05123825 0.09767561
v 0.03096178 -0.04875711 0.09767561
v 0.02658654 -0.05116551 0.09778706
v 0.03096178 -0.04875711 0.09767561
v 0.03088305 -0.04868444 0.09780237
v 0.03088305 -0.04868444 0.09780237
v 0.03096178 -0.04875711 0.09767561
v 0.03501295 -0.04587516 0.09769769
v 0.03501295 -0.04587516 0.09769769
v 0.03885594 -0.04273294 0.09767561
v 0.03877041 -0.04268031 0.09778706
v 0.03877041 -0.04268031 0.09778706
v 0.03885594 -0.04273294 0.09767561
v 0.04238563 -0.03923451 0.09767561
v 0.03877041 -0.04268031 0.09778706
v 0.04238563 -0.03923451 0.09767561
v 0.04229095 -0.03918435 0.09780237
v 0.04229095 -0.03918435 0.09780237
v 0.04238563 -0.03923451 0.09767561
v 0.04560150 -0.03544561 0.09767560
v 0.04229095 -0.03918435 0.09780237
v 0.04560150 -0.03544561 0.09767560
v 0.04550824 -0.03540839 0.09778706
v 0.04550824 -0.03540839 0.09778706
v 0.04560150 -0.03544561 0.09767560
v 0.04844221 -0.03136542 0.09769769
v 0.04844221 -0.03136542 0.09769769
v 0.05099912 -0.02711048 0.09767560
v 0.05090084 -0.02708982 0.09778708
v 0.05090084 -0.02708982 0.09778708
v 0.05099912 -0.02711048 0.09767560
v 0.05314088 -0.02262599 0.09767560
v 0.05090084 -0.02708982 0.09778708
v 0.05314088 -0.02262599 0.09767560
v 0.05304120 -0.02261385 0.09778706
v 0.05304120 -0.02261385 0.09778706
v 0.05314088 -0.02262599 0.09767560
v 0.05488920 -0.01797397 0.09767560
v 0.05304120 -0.02261385 0.09778706
v 0.05488920 -0.01797397 0.09767560
v 0.05478883 -0.01797047 0.09778706
v 0.05478883 -0.01797047 0.09778706
v 0.05488920 -0.01797397 0.09767560
v 0.05623113 -0.01318893 0.09767560
v 0.05478883 -0.01797047 0.09778706
v 0.05623113 -0.01318893 0.09767560
v 0.05612403 -0.01319206 0.09780237
v 0.05612403 -0.01319206 0.09780237
v 0.05623113 -0.01318893 0.09767560
v 0.05715676 -0.00830621 0.09767560
v 0.05612403 -0.01319206 0.09780237
v 0.05715676 -0.00830621 0.09767560
v 0.05705033 -0.00831854 0.09780237
v 0.05705033 -0.00831854 0.09780237
v 0.05715676 -0.00830621 0.09767560
v 0.05765921 -0.00336199 0.09767560
v 0.05705033 -0.00831854 0.09780237
v 0.05765921 -0.00336199 0.09767560
v 0.05754260 -0.00338317 0.09783481
v 0.05754260 -0.00338317 0.09783481
v 0.05765921 -0.00336199 0.09767560
v 0.05773479 0.00160716 0.09767560
v 0.05754260 -0.00338317 0.09783481
v 0.05773479 0.00160716 0.09767560
v 0.05763913 0.00157658 0.09778706
v 0.05763913 0.00157658 0.09778706
v 0.05773479 0.00160716 0.09767560
v 0.05738292 0.00656429 0.09767560
v 0.05763913 0.00157658 0.09778706
v 0.05738292 0.00656429 0.09767560
v 0.05729022 0.00652569 0.09778706
v 0.05729022 0.00652569 0.09778706
v 0.05738292 0.00656429 0.09767560
v 0.05660618 0.01147294 0.09767560
v 0.05729022 0.00652569 0.09778706
v 0.05660618 0.01147294 0.09767560
v 0.05651016 0.01142541 0.09780236
v 0.05651016 0.01142541 0.09780236
v 0.05660618 0.01147294 0.09767560
v 0.05541037 0.01629663 0.09767560
v 0.05651016 0.01142541 0.09780236
v 0.05541037 0.01629663 0.09767560
v 0.05531880 0.01624099 0.09780236
v 0.05531880 0.01624099 0.09780236
v 0.05541037 0.01629663 0.09767560
v 0.05375895 0.02098599 0.09769769
v 0.04936966 0.02988435 0.09769769
v 0.04665825 0.03404256 0.09767560
v 0.04659081 0.03395930 0.09780237
v 0.04659081 0.03395930 0.09780237
v 0.04665825 0.03404256 0.09767560
v 0.04355907 0.03792750 0.09767560
v 0.04659081 0.03395930 0.09780237
v 0.04355907 0.03792750 0.09767560
v 0.04350463 0.03784312 0.09778707
v 0.04350463 0.03784312 0.09778707
v 0.04355907 0.03792750 0.09767560
v 0.04013740 0.04153166 0.09767560
v 0.04350463 0.03784312 0.09778707
v 0.04013740 0.04153166 0.09767560
v 0.04008086 0.04143359 0.09781827
v 0.04008086 0.04143359 0.09781827
v 0.04013740 0.04153166 0.09767560
v 0.03641855 0.04482833 0.09767560
v 0.04008086 0.04143359 0.09781827
v 0.03641855 0.04482833 0.09767560
v 0.03637934 0.04473587 0.09778706
v 0.03637934 0.04473587 0.09778706
v 0.03641855 0.04482833 0.09767560
v 0.03243009 0.04779307 0.09767560
v 0.03637934 0.04473587 0.09778706
v 0.03243009 0.04779307 0.09767560
v 0.03239474 0.04769192 0.09780237
v 0.03239474 0.04769192 0.09780237
v 0.03243009 0.04779307 0.09767560
v 0.02820152 0.05040401 0.09767560
v 0.03239474 0.04769192 0.09780237
v 0.02820152 0.05040401 0.09767560
v 0.02817497 0.05030020 0.09780235
v 0.02817497 0.05030020 0.09780235
v 0.02820152 0.05040401 0.09767560
v 0.02376415 0.05264176 0.09767560
v 0.02817497 0.05030020 0.09780235
v 0.02376415 0.05264176 0.09767560
v 0.02374983 0.05254237 0.09778706
v 0.02374983 0.05254237 0.09778706
v 0.02376415 0.05264176 0.09767560
v 0.01915087 0.05448975 0.09767560
v 0.02374983 0.05254237 0.09778706
v 0.01915087 0.05448975 0.09767560
v 0.01914513 0.05438951 0.09778708
v 0.01914513 0.05438951 0.09778708
v 0.01915087 0.05448975 0.09767560
v 0.01438031 0.05588957 0.09769768
v 0.00459427 0.05752678 0.09769769
v -0.00036455 0.05775600 0.09767560
v -0.00033633 0.05765263 0.09780237
v -0.00033633 0.05765263 0.09780237
v -0.00036455 0.05775600 0.09767560
v -0.00532816 0.05751086 0.09767560
v -0.00033633 0.05765263 0.09780237
v -0.00532816 0.05751086 0.09767560
v -0.00529065 0.05740406 0.09781827
v -0.00529065 0.05740406 0.09781827
v -0.00532816 0.05751086 0.09767560
v -0.01025232 0.05683994 0.09767560
v -0.00529142 0.05768490 0.09764656
v -0.00532816 0.05751086 0.09767560
v -0.00031390 0.05791543 0.09764976
v -0.00031390 0.05791543 0.09764976
v -0.00532816 0.05751086 0.09767560
v -0.00036455 0.05775600 0.09767560
v -0.00031390 0.05791543 0.09764976
v -0.00036455 0.05775600 0.09767560
v 0.00466783 0.05773872 0.09764656
v 0.00466783 0.05773872 0.09764656
v -0.00036455 0.05775600 0.09767560
v 0.00459427 0.05752678 0.09769769
v 0.00466783 0.05773872 0.09764656
v 0.00459427 0.05752678 0.09769769
v 0.00961407 0.05712370 0.09764656
v 0.00952253 0.05691889 0.09769768
v 0.00961407 0.05712370 0.09764656
v 0.00952253 0.05691889 0.09769768
v 0.01448908 0.05608577 0.09764656
v 0.01448908 0.05608577 0.09764656
v 0.00952253 0.05691889 0.09769768
v 0.01438031 0.05588957 0.09769768
v 0.01448908 0.05608577 0.09764656
v 0.01438031 0.05588957 0.09769768
v 0.01925688 0.05463259 0.09764656
v 0.01925688 0.05463259 0.09764656
v 0.01438031 0.05588957 0.09769768
v 0.01915087 0.05448975 0.09767560
v 0.01925688 0.05463259 0.09764656
v 0.01915087 0.05448975 0.09767560
v 0.02388201 0.05277497 0.09764656
v 0.02388201 0.05277497 0.09764656
v 0.01915087 0.05448975 0.09767560
v 0.02376415 0.05264176 0.09767560
v 0.02388201 0.05277497 0.09764656
v 0.02376415 0.05264176 0.09767560
v 0.02833044 0.05052657 0.09764656
v 0.02820152 0.05040401 0.09767560
v 0.02833044 0.05052657 0.09764656
v 0.02820152 0.05040401 0.09767560
v 0.03256908 0.04790409 0.09764656
v 0.03256908 0.04790409 0.09764656
v 0.02820152 0.05040401 0.09767560
v 0.03243009 0.04779307 0.09767560
v 0.03256908 0.04790409 0.09764656
v 0.03243009 0.04779307 0.09767560
v 0.03656657 0.04492698 0.09764656
v 0.03656657 0.04492698 0.09764656
v 0.03243009 0.04779307 0.09767560
v 0.03641855 0.04482833 0.09767560
v 0.03656657 0.04492698 0.09764656
v 0.03641855 0.04482833 0.09767560
v 0.04029335 0.04161721 0.09764656
v 0.04029335 0.04161721 0.09764656
v 0.03641855 0.04482833 0.09767560
v 0.04013740 0.04153166 0.09767560
v 0.04029335 0.04161721 0.09764656
v 0.04013740 0.04153166 0.09767560
v 0.04372180 0.03799935 0.09764656
v 0.04372180 0.03799935 0.09764656
v 0.04013740 0.04153166 0.09767560
v 0.04355907 0.03792750 0.09767560
v 0.04372180 0.03799935 0.09764656
v 0.04355907 0.03792750 0.09767560
v 0.04682655 0.03410017 0.09764656
v 0.04682655 0.03410017 0.09764656
v 0.04355907 0.03792750 0.09767560
v 0.04665825 0.03404256 0.09767560
v 0.04682655 0.03410017 0.09764656
v 0.04665825 0.03404256 0.09767560
v 0.04958464 0.02994848 0.09764656
v 0.04958464 0.02994848 0.09764656
v 0.04665825 0.03404256 0.09767560
v 0.04936966 0.02988435 0.09769769
v 0.04958464 0.02994848 0.09764656
v 0.04936966 0.02988435 0.09769769
v 0.05197560 0.02557508 0.09764656
v 0.05175588 0.02552972 0.09769768
v 0.05197560 0.02557508 0.09764656
v 0.05175588 0.02552972 0.09769768
v 0.05398173 0.02101237 0.09764656
v 0.05375895 0.02098599 0.09769769
v 0.05398173 0.02101237 0.09764656
v 0.05375895 0.02098599 0.09769769
v 0.05558823 0.01629405 0.09764656
v 0.05558823 0.01629405 0.09764656
v 0.05375895 0.02098599 0.09769769
v 0.05541037 0.01629663 0.09767560
v 0.05558823 0.01629405 0.09764656
v 0.05541037 0.01629663 0.09767560
v 0.05678317 0.01145510 0.09764656
v 0.05678317 0.01145510 0.09764656
v 0.05541037 0.01629663 0.09767560
v 0.05660618 0.01147294 0.09767560
v 0.05678317 0.01145510 0.09764656
v 0.05660618 0.01147294 0.09767560
v 0.05755770 0.00653133 0.09764656
v 0.05755770 0.00653133 0.09764656
v 0.05660618 0.01147294 0.09767560
v 0.05738292 0.00656429 0.09767560
v 0.05755770 0.00653133 0.09764656
v 0.05738292 0.00656429 0.09767560
v 0.05790610 0.00155921 0.09764656
v 0.05773479 0.00160716 0.09767560
v 0.05790610 0.00155921 0.09764656
v 0.05773479 0.00160716 0.09767560
v 0.05782577 -0.00342443 0.09764656
v 0.05765921 -0.00336199 0.09767560
v 0.05782577 -0.00342443 0.09764656
v 0.05765921 -0.00336199 0.09767560
v 0.05731733 -0.00838275 0.09764656
v 0.05715676 -0.00830621 0.09767560
v 0.05731733 -0.00838275 0.09764656
v 0.05715676 -0.00830621 0.09767560
v 0.05638453 -0.01327897 0.09764656
v 0.05638453 -0.01327897 0.09764656
v 0.05715676 -0.00830621 0.09767560
v 0.05623113 -0.01318893 0.09767560
v 0.05638453 -0.01327897 0.09764656
v 0.05623113 -0.01318893 0.09767560
v 0.05503428 -0.01807691 0.09764656
v 0.05488920 -0.01797397 0.09767560
v 0.05503428 -0.01807691 0.09764656
v 0.05488920 -0.01797397 0.09767560
v 0.05327659 -0.02274098 0.09764656
v 0.05314088 -0.02262599 0.09767560
v 0.05327659 -0.02274098 0.09764656
v 0.05314088 -0.02262599 0.09767560
v 0.05112441 -0.02723675 0.09764656
v 0.05099912 -0.02711048 0.09767560
v 0.05112441 -0.02723675 0.09764656
v 0.05099912 -0.02711048 0.09767560
v 0.04859377 -0.03153082 0.09764656
v 0.04859377 -0.03153082 0.09764656
v 0.05099912 -0.02711048 0.09767560
v 0.04844221 -0.03136542 0.09769769
v 0.04859377 -0.03153082 0.09764656
v 0.04844221 -0.03136542 0.09769769
v 0.04570337 -0.03559141 0.09764656
v 0.04570337 -0.03559141 0.09764656
v 0.04844221 -0.03136542 0.09769769
v 0.04560150 -0.03544561 0.09767560
v 0.04570337 -0.03559141 0.09764656
v 0.04560150 -0.03544561 0.09767560
v 0.04247454 -0.03938857 0.09764656
v 0.04238563 -0.03923451 0.09767561
v 0.04247454 -0.03938857 0.09764656
v 0.04238563 -0.03923451 0.09767561
v 0.03893129 -0.04289407 0.09764656
v 0.03885594 -0.04273294 0.09767561
v 0.03893129 -0.04289407 0.09764656
v 0.03885594 -0.04273294 0.09767561
v 0.03509980 -0.04608200 0.09764656
v 0.03509980 -0.04608200 0.09764656
v 0.03885594 -0.04273294 0.09767561
v 0.03501295 -0.04587516 0.09769769
v 0.03509980 -0.04608200 0.09764656
v 0.03501295 -0.04587516 0.09769769
v 0.03100840 -0.04892878 0.09764656
v 0.03100840 -0.04892878 0.09764656
v 0.03501295 -0.04587516 0.09769769
v 0.03096178 -0.04875711 0.09767561
v 0.03100840 -0.04892878 0.09764656
v 0.03096178 -0.04875711 0.09767561
v 0.02668752 -0.05141326 0.09764656
v 0.02668752 -0.05141326 0.09764656
v 0.03096178 -0.04875711 0.09767561
v 0.02665577 -0.05123825 0.09767561
v 0.02668752 -0.05141326 0.09764656
v 0.02665577 -0.05123825 0.09767561
v 0.02216895 -0.05351714 0.09764656
v 0.02216895 -0.05351714 0.09764656
v 0.02665577 -0.05123825 0.09767561
v 0.02213784 -0.05329497 0.09769769
v 0.02216895 -0.05351714 0.09764656
v 0.02213784 -0.05329497 0.09769769
v 0.01748630 -0.05522477 0.09764656
v 0.01748630 -0.05522477 0.09764656
v 0.02213784 -0.05329497 0.09769769
v 0.01747438 -0.05500076 0.09769768
v 0.01748630 -0.05522477 0.09764656
v 0.01747438 -0.05500076 0.09769768
v 0.01267421 -0.05652355 0.09764656
v 0.01267421 -0.05652355 0.09764656
v 0.01747438 -0.05500076 0.09769768
v 0.01268825 -0.05634621 0.09767561
v 0.01267421 -0.05652355 0.09764656
v 0.01268825 -0.05634621 0.09767561
v 0.00776822 -0.05740385 0.09764656
v 0.00776822 -0.05740385 0.09764656
v 0.01268825 -0.05634621 0.09767561
v 0.00779744 -0.05722838 0.09767561
v 0.00776822 -0.05740385 0.09764656
v 0.00779744 -0.05722838 0.09767561
v 0.00280479 -0.05785913 0.09764656
v 0.00284899 -0.05768684 0.09767561
v 0.00280479 -0.05785913 0.09764656
v 0.00284899 -0.05768684 0.09767561
v -0.00217947 -0.05788607 0.09764656
v -0.00212061 -0.05771819 0.09767561
v -0.00217947 -0.05788607 0.09764656
v -0.00212061 -0.05771819 0.09767561
v -0.00714755 -0.05748442 0.09764656
v -0.00707450 -0.05732223 0.09767561
v -0.00714755 -0.05748442 0.09764656
v -0.00707450 -0.05732223 0.09767561
v -0.01206273 -0.05665719 0.09764656
v -0.01206273 -0.05665719 0.09764656
v -0.00707450 -0.05732223 0.09767561
v -0.01197602 -0.05650189 0.09767561
v -0.01206273 -0.05665719 0.09764656
v -0.01197602 -0.05650189 0.09767561
v -0.01688860 -0.05541048 0.09764656
v -0.01688860 -0.05541048 0.09764656
v -0.01197602 -0.05650189 0.09767561
v -0.01678884 -0.05526321 0.09767561
v -0.01688860 -0.05541048 0.09764656
v -0.01678884 -0.05526321 0.09767561
v -0.02158949 -0.05375352 0.09764656
v -0.02147738 -0.05361539 0.09767561
v -0.02158949 -0.05375352 0.09764656
v -0.02147738 -0.05361539 0.09767561
v -0.02613040 -0.05169864 0.09764656
v -0.02613040 -0.05169864 0.09764656
v -0.02147738 -0.05361539 0.09767561
v -0.02600694 -0.05157060 0.09767561
v -0.02613040 -0.05169864 0.09764656
v -0.02600694 -0.05157060 0.09767561
v -0.03047795 -0.04926095 0.09764656
v -0.03047795 -0.04926095 0.09764656
v -0.02600694 -0.05157060 0.09767561
v -0.03031587 -0.04910586 0.09769768
v -0.03047795 -0.04926095 0.09764656
v -0.03031587 -0.04910586 0.09769768
v -0.03459985 -0.04645854 0.09764656
v -0.03442501 -0.04631799 0.09769769
v -0.03459985 -0.04645854 0.09764656
v -0.03442501 -0.04631799 0.09769769
v -0.03846557 -0.04331220 0.09764656
v -0.03846557 -0.04331220 0.09764656
v -0.03442501 -0.04631799 0.09769769
v -0.03831345 -0.04322000 0.09767561
v -0.03846557 -0.04331220 0.09764656
v -0.03831345 -0.04322000 0.09767561
v -0.04204652 -0.03984516 0.09764656
v -0.04188702 -0.03976638 0.09767561
v -0.04204652 -0.03984516 0.09764656
v -0.04188702 -0.03976638 0.09767561
v -0.04531614 -0.03608316 0.09764656
v -0.04515047 -0.03601836 0.09767560
v -0.04531614 -0.03608316 0.09764656
v -0.04515047 -0.03601836 0.09767560
v -0.04825026 -0.03205402 0.09764656
v -0.04825026 -0.03205402 0.09764656
v -0.04515047 -0.03601836 0.09767560
v -0.04807965 -0.03200367 0.09767560
v -0.04825026 -0.03205402 0.09764656
v -0.04807965 -0.03200367 0.09767560
v -0.05082717 -0.02778750 0.09764656
v -0.05082717 -0.02778750 0.09764656
v -0.04807965 -0.03200367 0.09767560
v -0.05065285 -0.02775205 0.09767560
v -0.05082717 -0.02778750 0.09764656
v -0.05065285 -0.02775205 0.09767560
v -0.05302776 -0.02331530 0.09764656
v -0.05302776 -0.02331530 0.09764656
v -0.05065285 -0.02775205 0.09767560
v -0.05285104 -0.02329497 0.09767560
v -0.05302776 -0.02331530 0.09764656
v -0.05285104 -0.02329497 0.09767560
v -0.05483576 -0.01867048 0.09764656
v -0.05465794 -0.01866538 0.09767561
v -0.05483576 -0.01867048 0.09764656
v -0.05465794 -0.01866538 0.09767561
v -0.05623778 -0.01388741 0.09764656
v -0.05606018 -0.01389765 0.09767560
v -0.05623778 -0.01388741 0.09764656
v -0.05606018 -0.01389765 0.09767560
v -0.05722342 -0.00900151 0.09764656
v -0.05722342 -0.00900151 0.09764656
v -0.05606018 -0.01389765 0.09767560
v -0.05704737 -0.00902699 0.09767560
v -0.05722342 -0.00900151 0.09764656
v -0.05704737 -0.00902699 0.09767560
v -0.05778540 -0.00404903 0.09764656
v -0.05761219 -0.00408950 0.09767560
v -0.05778540 -0.00404903 0.09764656
v -0.05761219 -0.00408950 0.09767560
v -0.05791956 0.00093343 0.09764656
v -0.05775047 0.00087822 0.09767560
v -0.05791956 0.00093343 0.09764656
v -0.05775047 0.00087822 0.09767560
v -0.05762489 0.00590914 0.09764656
v -0.05746118 0.00583953 0.09767560
v -0.05762489 0.00590914 0.09764656
v -0.05746118 0.00583953 0.09767560
v -0.05690363 0.01084090 0.09764656
v -0.05690363 0.01084090 0.09764656
v -0.05746118 0.00583953 0.09767560
v -0.05674649 0.01075755 0.09767560
v -0.05690363 0.01084090 0.09764656
v -0.05674649 0.01075755 0.09767560
v -0.05575093 0.01568854 0.09764976
v -0.05561165 0.01559590 0.09767560
v -0.05575093 0.01568854 0.09764976
v -0.05561165 0.01559590 0.09767560
v -0.05420562 0.02042788 0.09764656
v -0.05420562 0.02042788 0.09764656
v -0.05561165 0.01559590 0.09767560
v -0.05402223 0.02029867 0.09769768
v -0.05420562 0.02042788 0.09764656
v -0.05402223 0.02029867 0.09769768
v -0.05224889 0.02501202 0.09764656
v -0.05224889 0.02501202 0.09764656
v -0.05402223 0.02029867 0.09769768
v -0.05211824 0.02489130 0.09767560
v -0.05224889 0.02501202 0.09764656
v -0.05211824 0.02489130 0.09767560
v -0.04990530 0.02941101 0.09764656
v -0.04978554 0.02927950 0.09767560
v -0.04990530 0.02941101 0.09764656
v -0.04978554 0.02927950 0.09767560
v -0.04719224 0.03359226 0.09764656
v -0.04708424 0.03345091 0.09767560
v -0.04719224 0.03359226 0.09764656
v -0.04708424 0.03345091 0.09767560
v -0.04412979 0.03752478 0.09764656
v -0.04403433 0.03737468 0.09767560
v -0.04412979 0.03752478 0.09764656
v -0.04403433 0.03737468 0.09767560
v -0.04073381 0.04117104 0.09764976
v -0.04065844 0.04102171 0.09767560
v -0.04073381 0.04117104 0.09764976
v -0.04065844 0.04102171 0.09767560
v -0.03704984 0.04452928 0.09764656
v -0.03704984 0.04452928 0.09764656
v -0.04065844 0.04102171 0.09767560
v -0.03698151 0.04436505 0.09767560
v -0.03704984 0.04452928 0.09764656
v -0.03698151 0.04436505 0.09767560
v -0.03308476 0.04754942 0.09764656
v -0.03308476 0.04754942 0.09764656
v -0.03698151 0.04436505 0.09767560
v -0.03303077 0.04737993 0.09767560
v -0.03308476 0.04754942 0.09764656
v -0.03303077 0.04737993 0.09767560
v -0.02887468 0.05021752 0.09764656
v -0.02883546 0.05004403 0.09767560
v -0.02887468 0.05021752 0.09764656
v -0.02883546 0.05004403 0.09767560
v -0.02445085 0.05251384 0.09764656
v -0.02442672 0.05233761 0.09767560
v -0.02445085 0.05251384 0.09764656
v -0.02442672 0.05233761 0.09767560
v -0.01984602 0.05442135 0.09764656
v -0.01984602 0.05442135 0.09764656
v -0.02442672 0.05233761 0.09767560
v -0.01983710 0.05424369 0.09767560
v -0.01984602 0.05442135 0.09764656
v -0.01983710 0.05424369 0.09767560
v -0.01509422 0.05592595 0.09764656
v -0.01510061 0.05574818 0.09767560
v -0.01509422 0.05592595 0.09764656
v -0.01510061 0.05574818 0.09767560
v -0.01023067 0.05701650 0.09764656
v -0.01023067 0.05701650 0.09764656
v -0.01510061 0.05574818 0.09767560
v -0.01025232 0.05683994 0.09767560
v -0.01023067 0.05701650 0.09764656
v -0.01025232 0.05683994 0.09767560
v -0.00529142 0.05768490 0.09764656
v -0.00529142 0.05768490 0.09764656
v -0.01025232 0.05683994 0.09767560
v -0.00532816 0.05751086 0.09767560
v 0.00775446 -0.05733144 0.09811775
v 0.00800115 -0.05713540 0.09797428
v 0.01275051 -0.05645607 0.09814262
v 0.01275051 -0.05645607 0.09814262
v 0.00800115 -0.05713540 0.09797428
v 0.01261108 -0.05627121 0.09795502
v 0.01275051 -0.05645607 0.09814262
v 0.01261108 -0.05627121 0.09795502
v 0.01752909 -0.05517300 0.09815575
v 0.01752909 -0.05517300 0.09815575
v 0.01261108 -0.05627121 0.09795502
v 0.01740501 -0.05496500 0.09793264
v 0.01752909 -0.05517300 0.09815575
v 0.01740501 -0.05496500 0.09793264
v 0.02208876 -0.05325667 0.09793830
v 0.01752909 -0.05517300 0.09815575
v 0.02208876 -0.05325667 0.09793830
v 0.02216981 -0.05343232 0.09811359
v 0.02216981 -0.05343232 0.09811359
v 0.02208876 -0.05325667 0.09793830
v 0.02671043 -0.05134872 0.09814383
v 0.02655609 -0.05118639 0.09795093
v 0.02671043 -0.05134872 0.09814383
v 0.02655609 -0.05118639 0.09795093
v 0.03102077 -0.04887885 0.09815955
v 0.03102077 -0.04887885 0.09815955
v 0.02655609 -0.05118639 0.09795093
v 0.03087021 -0.04871780 0.09796313
v 0.03102077 -0.04887885 0.09815955
v 0.03087021 -0.04871780 0.09796313
v 0.03509386 -0.04604079 0.09815564
v 0.03509386 -0.04604079 0.09815564
v 0.03087021 -0.04871780 0.09796313
v 0.03491890 -0.04587876 0.09793785
v 0.03509386 -0.04604079 0.09815564
v 0.03491890 -0.04587876 0.09793785
v 0.03890370 -0.04281236 0.09811250
v 0.03875731 -0.04269666 0.09794675
v 0.03890370 -0.04281236 0.09811250
v 0.03875731 -0.04269666 0.09794675
v 0.04245023 -0.03931497 0.09812257
v 0.04229346 -0.03921106 0.09796000
v 0.04245023 -0.03931497 0.09812257
v 0.04229346 -0.03921106 0.09796000
v 0.04551069 -0.03541260 0.09795139
v 0.04245023 -0.03931497 0.09812257
v 0.04551069 -0.03541260 0.09795139
v 0.04569812 -0.03554029 0.09815955
v 0.04569812 -0.03554029 0.09815955
v 0.04551069 -0.03541260 0.09795139
v 0.04856788 -0.03148491 0.09814367
v 0.04838006 -0.03136168 0.09793830
v 0.04856788 -0.03148491 0.09814367
v 0.04838006 -0.03136168 0.09793830
v 0.05106954 -0.02717232 0.09811295
v 0.05106954 -0.02717232 0.09811295
v 0.04838006 -0.03136168 0.09793830
v 0.05088760 -0.02712425 0.09795092
v 0.05106954 -0.02717232 0.09811295
v 0.05088760 -0.02712425 0.09795092
v 0.05325847 -0.02269289 0.09815955
v 0.05325847 -0.02269289 0.09815955
v 0.05088760 -0.02712425 0.09795092
v 0.05303095 -0.02264929 0.09795091
v 0.05325847 -0.02269289 0.09815955
v 0.05303095 -0.02264929 0.09795091
v 0.05500603 -0.01804632 0.09815562
v 0.05500603 -0.01804632 0.09815562
v 0.05303095 -0.02264929 0.09795091
v 0.05478552 -0.01799113 0.09794675
v 0.05500603 -0.01804632 0.09815562
v 0.05478552 -0.01799113 0.09794675
v 0.05632546 -0.01323313 0.09812228
v 0.05632546 -0.01323313 0.09812228
v 0.05478552 -0.01799113 0.09794675
v 0.05614391 -0.01320103 0.09796361
v 0.05632546 -0.01323313 0.09812228
v 0.05614391 -0.01320103 0.09796361
v 0.05724493 -0.00833854 0.09811358
v 0.05724493 -0.00833854 0.09811358
v 0.05614391 -0.01320103 0.09796361
v 0.05706754 -0.00833909 0.09795999
v 0.05724493 -0.00833854 0.09811358
v 0.05706754 -0.00833909 0.09795999
v 0.05779066 -0.00340209 0.09815564
v 0.05759627 -0.00339377 0.09798673
v 0.05779066 -0.00340209 0.09815564
v 0.05759627 -0.00339377 0.09798673
v 0.05783727 0.00158848 0.09812227
v 0.05783727 0.00158848 0.09812227
v 0.05759627 -0.00339377 0.09798673
v 0.05764298 0.00155600 0.09794675
v 0.05783727 0.00158848 0.09812227
v 0.05764298 0.00155600 0.09794675
v 0.05750562 0.00657585 0.09814383
v 0.05750562 0.00657585 0.09814383
v 0.05764298 0.00155600 0.09794675
v 0.05729882 0.00648982 0.09795091
v 0.05750562 0.00657585 0.09814383
v 0.05729882 0.00648982 0.09795091
v 0.05673629 0.01150320 0.09815574
v 0.05673629 0.01150320 0.09815574
v 0.05729882 0.00648982 0.09795091
v 0.05653330 0.01141184 0.09795998
v 0.05673629 0.01150320 0.09815574
v 0.05653330 0.01141184 0.09795998
v 0.05534050 0.01624300 0.09796361
v 0.05553410 0.01631621 0.09814670
v 0.05553410 0.01631621 0.09814670
v 0.05534050 0.01624300 0.09796361
v 0.05390707 0.02101668 0.09812227
v 0.05390707 0.02101668 0.09812227
v 0.05534050 0.01624300 0.09796361
v 0.05371962 0.02093775 0.09793831
v 0.05390707 0.02101668 0.09812227
v 0.05371962 0.02093775 0.09793831
v 0.05189816 0.02557874 0.09812257
v 0.05189816 0.02557874 0.09812257
v 0.05371962 0.02093775 0.09793831
v 0.05173095 0.02545575 0.09793263
v 0.05189816 0.02557874 0.09812257
v 0.05173095 0.02545575 0.09793263
v 0.04933916 0.02983008 0.09793831
v 0.05189816 0.02557874 0.09812257
v 0.04933916 0.02983008 0.09793831
v 0.04953499 0.02996192 0.09815955
v 0.04953499 0.02996192 0.09815955
v 0.04933916 0.02983008 0.09793831
v 0.04677442 0.03409241 0.09814367
v 0.04677442 0.03409241 0.09814367
v 0.04933916 0.02983008 0.09793831
v 0.04661056 0.03396854 0.09796362
v 0.04677442 0.03409241 0.09814367
v 0.04661056 0.03396854 0.09796362
v 0.04364200 0.03797114 0.09811294
v 0.04353204 0.03781844 0.09795091
v 0.04364200 0.03797114 0.09811294
v 0.04353204 0.03781844 0.09795091
v 0.04023533 0.04160977 0.09814670
v 0.04023533 0.04160977 0.09814670
v 0.04353204 0.03781844 0.09795091
v 0.04011653 0.04144961 0.09797237
v 0.04023533 0.04160977 0.09814670
v 0.04011653 0.04144961 0.09797237
v 0.03649949 0.04489387 0.09812225
v 0.03638360 0.04473822 0.09795139
v 0.03649949 0.04489387 0.09812225
v 0.03638360 0.04473822 0.09795139
v 0.03249608 0.04785811 0.09811249
v 0.03249608 0.04785811 0.09811249
v 0.03638360 0.04473822 0.09795139
v 0.03241020 0.04770727 0.09796361
v 0.03249608 0.04785811 0.09811249
v 0.03241020 0.04770727 0.09796361
v 0.02826486 0.05047308 0.09811295
v 0.02826486 0.05047308 0.09811295
v 0.03241020 0.04770727 0.09796361
v 0.02821040 0.05030476 0.09796313
v 0.02826486 0.05047308 0.09811295
v 0.02821040 0.05030476 0.09796313
v 0.02383354 0.05275788 0.09815955
v 0.02383354 0.05275788 0.09815955
v 0.02821040 0.05030476 0.09796313
v 0.02377004 0.05253684 0.09794675
v 0.02383354 0.05275788 0.09815955
v 0.02377004 0.05253684 0.09794675
v 0.01920489 0.05457880 0.09812227
v 0.01920489 0.05457880 0.09812227
v 0.02377004 0.05253684 0.09794675
v 0.01914836 0.05439316 0.09795138
v 0.01920489 0.05457880 0.09812227
v 0.01914836 0.05439316 0.09795138
v 0.01442890 0.05605306 0.09814383
v 0.01442890 0.05605306 0.09814383
v 0.01914836 0.05439316 0.09795138
v 0.01444135 0.05581791 0.09793784
v 0.01442890 0.05605306 0.09814383
v 0.01444135 0.05581791 0.09793784
v 0.00957048 0.05708468 0.09814670
v 0.00957048 0.05708468 0.09814670
v 0.01444135 0.05581791 0.09793784
v 0.00956796 0.05685544 0.09793262
v 0.00957048 0.05708468 0.09814670
v 0.00956796 0.05685544 0.09793262
v 0.00464473 0.05770409 0.09815562
v 0.00464473 0.05770409 0.09815562
v 0.00956796 0.05685544 0.09793262
v 0.00462049 0.05747032 0.09793831
v 0.00464473 0.05770409 0.09815562
v 0.00462049 0.05747032 0.09793831
v -0.00034698 0.05784700 0.09811250
v -0.00034698 0.05784700 0.09811250
v 0.00462049 0.05747032 0.09793831
v -0.00033231 0.05767404 0.09796361
v -0.00034698 0.05784700 0.09811250
v -0.00033231 0.05767404 0.09796361
v -0.00531514 0.05760366 0.09811295
v -0.00527348 0.05744337 0.09797458
v -0.00531514 0.05760366 0.09811295
v -0.00527348 0.05744337 0.09797458
v -0.01026098 0.05697494 0.09815955
v -0.01026098 0.05697494 0.09815955
v -0.00527348 0.05744337 0.09797458
v -0.01019207 0.05677739 0.09797458
v -0.01026098 0.05697494 0.09815955
v -0.01019207 0.05677739 0.09797458
v -0.01510563 0.05587449 0.09814365
v -0.01510563 0.05587449 0.09814365
v -0.01019207 0.05677739 0.09797458
v -0.01504084 0.05568824 0.09797237
v -0.01510563 0.05587449 0.09814365
v -0.01504084 0.05568824 0.09797237
v -0.01985791 0.05434476 0.09812257
v -0.01975604 0.05418574 0.09796313
v -0.01985791 0.05434476 0.09812257
v -0.01975604 0.05418574 0.09796313
v -0.02446953 0.05246592 0.09815955
v -0.02446953 0.05246592 0.09815955
v -0.01975604 0.05418574 0.09796313
v -0.02434099 0.05228682 0.09796313
v -0.02446953 0.05246592 0.09815955
v -0.02434099 0.05228682 0.09796313
v -0.02886777 0.05014303 0.09812227
v -0.02886777 0.05014303 0.09812227
v -0.02434099 0.05228682 0.09796313
v -0.02875443 0.04999429 0.09796000
v -0.02886777 0.05014303 0.09812227
v -0.02875443 0.04999429 0.09796000
v -0.03307144 0.04747582 0.09812227
v -0.03307144 0.04747582 0.09812227
v -0.02875443 0.04999429 0.09796000
v -0.03295384 0.04732145 0.09795138
v -0.03307144 0.04747582 0.09812227
v -0.03295384 0.04732145 0.09795138
v -0.03703522 0.04445315 0.09812259
v -0.03703522 0.04445315 0.09812259
v -0.03295384 0.04732145 0.09795138
v -0.03688455 0.04432455 0.09794675
v -0.03703522 0.04445315 0.09812259
v -0.03688455 0.04432455 0.09794675
v -0.04058421 0.04099379 0.09797506
v -0.03703522 0.04445315 0.09812259
v -0.04058421 0.04099379 0.09797506
v -0.04074206 0.04112803 0.09815955
v -0.04074206 0.04112803 0.09815955
v -0.04058421 0.04099379 0.09797506
v -0.04409193 0.03744726 0.09811250
v -0.04394502 0.03733780 0.09795139
v -0.04409193 0.03744726 0.09811250
v -0.04394502 0.03733780 0.09795139
v -0.04714612 0.03352128 0.09811295
v -0.04714612 0.03352128 0.09811295
v -0.04394502 0.03733780 0.09795139
v -0.04697187 0.03345022 0.09795091
v -0.04714612 0.03352128 0.09811295
v -0.04697187 0.03345022 0.09795091
v -0.04990258 0.02934388 0.09815574
v -0.04990258 0.02934388 0.09815574
v -0.04697187 0.03345022 0.09795091
v -0.04968059 0.02927411 0.09794675
v -0.04990258 0.02934388 0.09815574
v -0.04968059 0.02927411 0.09794675
v -0.05202247 0.02487844 0.09795138
v -0.04990258 0.02934388 0.09815574
v -0.05202247 0.02487844 0.09795138
v -0.05219284 0.02494836 0.09811358
v -0.05219284 0.02494836 0.09811358
v -0.05202247 0.02487844 0.09795138
v -0.05415294 0.02037477 0.09812227
v -0.05415294 0.02037477 0.09812227
v -0.05202247 0.02487844 0.09795138
v -0.05396072 0.02030828 0.09793829
v -0.05415294 0.02037477 0.09812227
v -0.05396072 0.02030828 0.09793829
v -0.05570584 0.01563806 0.09812257
v -0.05550881 0.01561749 0.09794675
v -0.05570584 0.01563806 0.09812257
v -0.05550881 0.01561749 0.09794675
v -0.05665874 0.01078356 0.09796546
v -0.05570584 0.01563806 0.09812257
v -0.05665874 0.01078356 0.09796546
v -0.05684422 0.01079461 0.09812379
v -0.05684422 0.01079461 0.09812379
v -0.05665874 0.01078356 0.09796546
v -0.05756042 0.00587118 0.09812227
v -0.05756042 0.00587118 0.09812227
v -0.05665874 0.01078356 0.09796546
v -0.05737347 0.00587622 0.09795999
v -0.05756042 0.00587118 0.09812227
v -0.05737347 0.00587622 0.09795999
v -0.05785230 0.00089494 0.09812257
v -0.05785230 0.00089494 0.09812257
v -0.05737347 0.00587622 0.09795999
v -0.05765749 0.00094131 0.09795091
v -0.05785230 0.00089494 0.09812257
v -0.05765749 0.00094131 0.09795091
v -0.05774211 -0.00413922 0.09815780
v -0.05774211 -0.00413922 0.09815780
v -0.05765749 0.00094131 0.09795091
v -0.05752498 -0.00401865 0.09795091
v -0.05774211 -0.00413922 0.09815780
v -0.05752498 -0.00401865 0.09795091
v -0.05714117 -0.00902224 0.09811359
v -0.05714117 -0.00902224 0.09811359
v -0.05752498 -0.00401865 0.09795091
v -0.05697193 -0.00896907 0.09795999
v -0.05714117 -0.00902224 0.09811359
v -0.05697193 -0.00896907 0.09795999
v -0.05615275 -0.01390193 0.09811250
v -0.05615275 -0.01390193 0.09811250
v -0.05697193 -0.00896907 0.09795999
v -0.05597806 -0.01384672 0.09795139
v -0.05615275 -0.01390193 0.09811250
v -0.05597806 -0.01384672 0.09795139
v -0.05475122 -0.01867449 0.09811297
v -0.05459355 -0.01859542 0.09795999
v -0.05475122 -0.01867449 0.09811297
v -0.05459355 -0.01859542 0.09795999
v -0.05278866 -0.02323281 0.09796361
v -0.05475122 -0.01867449 0.09811297
v -0.05278866 -0.02323281 0.09796361
v -0.05297169 -0.02335230 0.09815575
v -0.05297169 -0.02335230 0.09815575
v -0.05278866 -0.02323281 0.09796361
v -0.05059604 -0.02768477 0.09796361
v -0.05297169 -0.02335230 0.09815575
v -0.05059604 -0.02768477 0.09796361
v -0.05076956 -0.02779761 0.09814671
v -0.05076956 -0.02779761 0.09814671
v -0.05059604 -0.02768477 0.09796361
v -0.04816750 -0.03203628 0.09811295
v -0.04816750 -0.03203628 0.09811295
v -0.05059604 -0.02768477 0.09796361
v -0.04804232 -0.03191131 0.09796313
v -0.04816750 -0.03203628 0.09811295
v -0.04804232 -0.03191131 0.09796313
v -0.04525765 -0.03608323 0.09814670
v -0.04525765 -0.03608323 0.09814670
v -0.04804232 -0.03191131 0.09796313
v -0.04511348 -0.03593074 0.09795999
v -0.04525765 -0.03608323 0.09814670
v -0.04511348 -0.03593074 0.09795999
v -0.04197573 -0.03982098 0.09812228
v -0.04197573 -0.03982098 0.09812228
v -0.04511348 -0.03593074 0.09795999
v -0.04184925 -0.03968683 0.09796361
v -0.04197573 -0.03982098 0.09812228
v -0.04184925 -0.03968683 0.09796361
v -0.03839008 -0.04327395 0.09811295
v -0.03839008 -0.04327395 0.09811295
v -0.04184925 -0.03968683 0.09796361
v -0.03830067 -0.04310836 0.09795092
v -0.03839008 -0.04327395 0.09811295
v -0.03830067 -0.04310836 0.09795092
v -0.03453225 -0.04642532 0.09812379
v -0.03453225 -0.04642532 0.09812379
v -0.03830067 -0.04310836 0.09795092
v -0.03443653 -0.04624080 0.09793264
v -0.03453225 -0.04642532 0.09812379
v -0.03443653 -0.04624080 0.09793264
v -0.03043260 -0.04923408 0.09814366
v -0.03043260 -0.04923408 0.09814366
v -0.03443653 -0.04624080 0.09793264
v -0.03031346 -0.04904365 0.09793830
v -0.03043260 -0.04923408 0.09814366
v -0.03031346 -0.04904365 0.09793830
v -0.02606400 -0.05164361 0.09811250
v -0.02606400 -0.05164361 0.09811250
v -0.03031346 -0.04904365 0.09793830
v -0.02599821 -0.05148299 0.09796362
v -0.02606400 -0.05164361 0.09811250
v -0.02599821 -0.05148299 0.09796362
v -0.02153128 -0.05369204 0.09811294
v -0.02153128 -0.05369204 0.09811294
v -0.02599821 -0.05148299 0.09796362
v -0.02149898 -0.05351812 0.09796313
v -0.02153128 -0.05369204 0.09811294
v -0.02149898 -0.05351812 0.09796313
v -0.01684272 -0.05538730 0.09815955
v -0.01684272 -0.05538730 0.09815955
v -0.02149898 -0.05351812 0.09796313
v -0.01681873 -0.05516815 0.09796313
v -0.01684272 -0.05538730 0.09815955
v -0.01681873 -0.05516815 0.09796313
v -0.01201255 -0.05658703 0.09811249
v -0.01200418 -0.05640066 0.09794675
v -0.01201255 -0.05658703 0.09811249
v -0.01200418 -0.05640066 0.09794675
v -0.00710703 -0.05741011 0.09811295
v -0.00710703 -0.05741011 0.09811295
v -0.01200418 -0.05640066 0.09794675
v -0.00712020 -0.05723371 0.09796313
v -0.00710703 -0.05741011 0.09811295
v -0.00712020 -0.05723371 0.09796313
v -0.00214549 -0.05780854 0.09811295
v -0.00214549 -0.05780854 0.09811295
v -0.00712020 -0.05723371 0.09796313
v -0.00217377 -0.05763393 0.09796313
v -0.00214549 -0.05780854 0.09811295
v -0.00217377 -0.05763393 0.09796313
v 0.00285936 -0.05782000 0.09815574
v 0.00285936 -0.05782000 0.09815574
v -0.00217377 -0.05763393 0.09796313
v 0.00279589 -0.05759615 0.09794675
v 0.00285936 -0.05782000 0.09815574
v 0.00279589 -0.05759615 0.09794675
v 0.00800115 -0.05713540 0.09797428
v 0.00285936 -0.05782000 0.09815574
v 0.00800115 -0.05713540 0.09797428
v 0.00775446 -0.05733144 0.09811775
v -0.01509901 0.05589112 0.09829819
v -0.01024714 0.05697880 0.09829873
v -0.01026098 0.05697494 0.09815955
v -0.04411529 0.03751156 0.09827681
v -0.04073283 0.04113908 0.09829873
v -0.04074206 0.04112803 0.09815955
v -0.05223147 0.02500300 0.09827681
v -0.04988745 0.02937397 0.09829873
v -0.04990258 0.02934388 0.09815574
v -0.05774211 -0.00413922 0.09815780
v -0.05774970 -0.00406942 0.09829873
v -0.05789911 0.00084357 0.09829030
v -0.05774970 -0.00406942 0.09829873
v -0.05774211 -0.00413922 0.09815780
v -0.05720394 -0.00899911 0.09827682
v -0.05079215 -0.02778406 0.09829819
v -0.05298726 -0.02332246 0.09829873
v -0.05297169 -0.02335230 0.09815575
v -0.01205802 -0.05663815 0.09827682
v -0.01685678 -0.05538444 0.09829874
v -0.01684272 -0.05538730 0.09815955
v 0.00776915 -0.05737919 0.09828519
v 0.00282594 -0.05782388 0.09829874
v 0.00285936 -0.05782000 0.09815574
v 0.02216204 -0.05349877 0.09827682
v 0.01749777 -0.05518528 0.09829874
v 0.01752909 -0.05517300 0.09815575
v 0.03891956 -0.04287721 0.09827000
v 0.03509725 -0.04604095 0.09829874
v 0.03509386 -0.04604079 0.09815564
v 0.04857410 -0.03150163 0.09829819
v 0.04569041 -0.03555241 0.09829874
v 0.04569812 -0.03554029 0.09815955
v 0.05500892 -0.01804453 0.09829873
v 0.05325410 -0.02270656 0.09829873
v 0.05325847 -0.02269289 0.09815955
v 0.05636183 -0.01326932 0.09828519
v 0.05500892 -0.01804453 0.09829873
v 0.05500603 -0.01804632 0.09815562
v 0.05788185 0.00156162 0.09828898
v 0.05779299 -0.00339961 0.09829873
v 0.05779066 -0.00340209 0.09815564
v 0.04679226 0.03409225 0.09829819
v 0.04954355 0.02995038 0.09829873
v 0.04953499 0.02996192 0.09815955
v 0.01924591 0.05461083 0.09828898
v 0.02384713 0.05275322 0.09829873
v 0.02383354 0.05275788 0.09815955
v -0.03307144 0.04747582 0.09812227
v -0.03703522 0.04445315 0.09812259
v -0.03703672 0.04450874 0.09828898
v -0.03307144 0.04747582 0.09812227
v -0.03703672 0.04450874 0.09828898
v -0.03307433 0.04752705 0.09828519
v 0.03249608 0.04785811 0.09811249
v 0.02832030 0.05050978 0.09827681
v 0.03255544 0.04788874 0.09826999
v -0.00034698 0.05784700 0.09811250
v -0.00529025 0.05766532 0.09827682
v -0.00031548 0.05790586 0.09826999
v -0.02886777 0.05014303 0.09812227
v -0.03307144 0.04747582 0.09812227
v -0.03307433 0.04752705 0.09828519
v -0.02886777 0.05014303 0.09812227
v -0.03307433 0.04752705 0.09828519
v -0.02886532 0.05019502 0.09828898
v 0.03649949 0.04489387 0.09812225
v 0.03249608 0.04785811 0.09811249
v 0.03255544 0.04788874 0.09826999
v 0.03649949 0.04489387 0.09812225
v 0.03255544 0.04788874 0.09826999
v 0.03654891 0.04491018 0.09828898
v 0.00464473 0.05770409 0.09815562
v -0.00034698 0.05784700 0.09811250
v -0.00031548 0.05790586 0.09826999
v 0.00464473 0.05770409 0.09815562
v -0.00031548 0.05790586 0.09826999
v 0.00464230 0.05770647 0.09829873
v -0.02446953 0.05246592 0.09815955
v -0.02886777 0.05014303 0.09812227
v -0.02886532 0.05019502 0.09828898
v -0.02446953 0.05246592 0.09815955
v -0.02886532 0.05019502 0.09828898
v -0.02445715 0.05247320 0.09829873
v 0.04023533 0.04160977 0.09814670
v 0.03649949 0.04489387 0.09812225
v 0.03654891 0.04491018 0.09828898
v 0.04023533 0.04160977 0.09814670
v 0.03654891 0.04491018 0.09828898
v 0.04026090 0.04160356 0.09829819
v 0.00957048 0.05708468 0.09814670
v 0.00464473 0.05770409 0.09815562
v 0.00959511 0.05709406 0.09829819
v 0.00959511 0.05709406 0.09829819
v 0.00464473 0.05770409 0.09815562
v 0.00464230 0.05770647 0.09829873
v -0.01509901 0.05589112 0.09829819
v -0.01026098 0.05697494 0.09815955
v -0.01510563 0.05587449 0.09814365
v -0.01984164 0.05439707 0.09828518
v -0.01509901 0.05589112 0.09829819
v -0.01510563 0.05587449 0.09814365
v -0.01984164 0.05439707 0.09828518
v -0.01510563 0.05587449 0.09814365
v -0.01985791 0.05434476 0.09812257
v -0.04411529 0.03751156 0.09827681
v -0.04074206 0.04112803 0.09815955
v -0.04409193 0.03744726 0.09811250
v -0.04717719 0.03357828 0.09826999
v -0.04411529 0.03751156 0.09827681
v -0.04409193 0.03744726 0.09811250
v -0.04717719 0.03357828 0.09826999
v -0.04409193 0.03744726 0.09811250
v -0.04714612 0.03352128 0.09811295
v -0.05223147 0.02500300 0.09827681
v -0.04990258 0.02934388 0.09815574
v -0.05219284 0.02494836 0.09811358
v -0.05688044 0.01083336 0.09828898
v -0.05573859 0.01568299 0.09828898
v -0.05570584 0.01563806 0.09812257
v -0.05688044 0.01083336 0.09828898
v -0.05570584 0.01563806 0.09812257
v -0.05684422 0.01079461 0.09812379
v -0.05774211 -0.00413922 0.09815780
v -0.05789911 0.00084357 0.09829030
v -0.05785230 0.00089494 0.09812257
v -0.05298726 -0.02332246 0.09829873
v -0.05481699 -0.01866476 0.09827682
v -0.05297169 -0.02335230 0.09815575
v -0.05297169 -0.02335230 0.09815575
v -0.05481699 -0.01866476 0.09827682
v -0.05475122 -0.01867449 0.09811297
v -0.04528224 -0.03607373 0.09829819
v -0.04823182 -0.03204494 0.09827000
v -0.04525765 -0.03608323 0.09814670
v -0.04525765 -0.03608323 0.09814670
v -0.04823182 -0.03204494 0.09827000
v -0.04816750 -0.03203628 0.09811295
v -0.03458297 -0.04644099 0.09828899
v -0.03845006 -0.04329874 0.09827000
v -0.03453225 -0.04642532 0.09812379
v -0.03453225 -0.04642532 0.09812379
v -0.03845006 -0.04329874 0.09827000
v -0.03839008 -0.04327395 0.09811295
v -0.02611889 -0.05168163 0.09827000
v -0.03044918 -0.04924068 0.09829819
v -0.03043260 -0.04923408 0.09814366
v -0.02611889 -0.05168163 0.09827000
v -0.03043260 -0.04923408 0.09814366
v -0.02606400 -0.05164361 0.09811250
v -0.02158154 -0.05373558 0.09827682
v -0.02611889 -0.05168163 0.09827000
v -0.02606400 -0.05164361 0.09811250
v -0.02158154 -0.05373558 0.09827682
v -0.02606400 -0.05164361 0.09811250
v -0.02153128 -0.05369204 0.09811294
v -0.01205802 -0.05663815 0.09827682
v -0.01684272 -0.05538730 0.09815955
v -0.01201255 -0.05658703 0.09811249
v -0.00714245 -0.05746454 0.09827000
v -0.01205802 -0.05663815 0.09827682
v -0.01201255 -0.05658703 0.09811249
v -0.00714245 -0.05746454 0.09827000
v -0.01201255 -0.05658703 0.09811249
v -0.00710703 -0.05741011 0.09811295
v 0.00282594 -0.05782388 0.09829874
v -0.00217811 -0.05786649 0.09827682
v 0.00285936 -0.05782000 0.09815574
v 0.00285936 -0.05782000 0.09815574
v -0.00217811 -0.05786649 0.09827682
v -0.00214549 -0.05780854 0.09811295
v 0.01749777 -0.05518528 0.09829874
v 0.01268056 -0.05648893 0.09829819
v 0.01752909 -0.05517300 0.09815575
v 0.01752909 -0.05517300 0.09815575
v 0.01268056 -0.05648893 0.09829819
v 0.01275051 -0.05645607 0.09814262
v 0.03100942 -0.04888765 0.09829874
v 0.02668488 -0.05137818 0.09829793
v 0.03102077 -0.04887885 0.09815955
v 0.03102077 -0.04887885 0.09815955
v 0.02668488 -0.05137818 0.09829793
v 0.02671043 -0.05134872 0.09814383
v 0.03891956 -0.04287721 0.09827000
v 0.03509386 -0.04604079 0.09815564
v 0.03890370 -0.04281236 0.09811250
v 0.04245893 -0.03936986 0.09828899
v 0.03891956 -0.04287721 0.09827000
v 0.04245023 -0.03931497 0.09812257
v 0.04245023 -0.03931497 0.09812257
v 0.03891956 -0.04287721 0.09827000
v 0.03890370 -0.04281236 0.09811250
v 0.04857410 -0.03150163 0.09829819
v 0.04569812 -0.03554029 0.09815955
v 0.04856788 -0.03148491 0.09814367
v 0.05110771 -0.02722481 0.09827000
v 0.04857410 -0.03150163 0.09829819
v 0.04856788 -0.03148491 0.09814367
v 0.05110771 -0.02722481 0.09827000
v 0.04856788 -0.03148491 0.09814367
v 0.05106954 -0.02717232 0.09811295
v 0.05500603 -0.01804632 0.09815562
v 0.05779299 -0.00339961 0.09829873
v 0.05729803 -0.00837927 0.09827682
v 0.05779066 -0.00340209 0.09815564
v 0.05779066 -0.00340209 0.09815564
v 0.05729803 -0.00837927 0.09827682
v 0.05724493 -0.00833854 0.09811358
v 0.05674513 0.01147073 0.09829873
v 0.05752399 0.00654144 0.09829792
v 0.05673629 0.01150320 0.09815574
v 0.05673629 0.01150320 0.09815574
v 0.05752399 0.00654144 0.09829792
v 0.05750562 0.00657585 0.09814383
v 0.05395756 0.02100746 0.09828519
v 0.05555328 0.01629814 0.09829819
v 0.05553410 0.01631621 0.09814670
v 0.05395756 0.02100746 0.09828519
v 0.05553410 0.01631621 0.09814670
v 0.05390707 0.02101668 0.09812227
v 0.05195254 0.02556719 0.09828898
v 0.05395756 0.02100746 0.09828519
v 0.05390707 0.02101668 0.09812227
v 0.05195254 0.02556719 0.09828898
v 0.05390707 0.02101668 0.09812227
v 0.05189816 0.02557874 0.09812257
v 0.04679226 0.03409225 0.09829819
v 0.04953499 0.02996192 0.09815955
v 0.04677442 0.03409241 0.09814367
v 0.04370470 0.03798799 0.09826999
v 0.04679226 0.03409225 0.09829819
v 0.04677442 0.03409241 0.09814367
v 0.04370470 0.03798799 0.09826999
v 0.04677442 0.03409241 0.09814367
v 0.04364200 0.03797114 0.09811294
v 0.01924591 0.05461083 0.09828898
v 0.02383354 0.05275788 0.09815955
v 0.01920489 0.05457880 0.09812227
v 0.01446760 0.05605791 0.09829792
v 0.01924591 0.05461083 0.09828898
v 0.01442890 0.05605306 0.09814383
v 0.01442890 0.05605306 0.09814383
v 0.01924591 0.05461083 0.09828898
v 0.01920489 0.05457880 0.09812227
v -0.02445715 0.05247320 0.09829873
v -0.01984164 0.05439707 0.09828518
v -0.02446953 0.05246592 0.09815955
v -0.02446953 0.05246592 0.09815955
v -0.01984164 0.05439707 0.09828518
v -0.01985791 0.05434476 0.09812257
v -0.03703522 0.04445315 0.09812259
v -0.04074206 0.04112803 0.09815955
v -0.03703672 0.04450874 0.09828898
v -0.03703672 0.04450874 0.09828898
v -0.04074206 0.04112803 0.09815955
v -0.04073283 0.04113908 0.09829873
v -0.04714612 0.03352128 0.09811295
v -0.04990258 0.02934388 0.09815574
v -0.04717719 0.03357828 0.09826999
v -0.04717719 0.03357828 0.09826999
v -0.04990258 0.02934388 0.09815574
v -0.04988745 0.02937397 0.09829873
v -0.05418435 0.02041537 0.09828519
v -0.05223147 0.02500300 0.09827681
v -0.05415294 0.02037477 0.09812227
v -0.05415294 0.02037477 0.09812227
v -0.05223147 0.02500300 0.09827681
v -0.05219284 0.02494836 0.09811358
v -0.05415294 0.02037477 0.09812227
v -0.05570584 0.01563806 0.09812257
v -0.05573859 0.01568299 0.09828898
v -0.05415294 0.02037477 0.09812227
v -0.05573859 0.01568299 0.09828898
v -0.05418435 0.02041537 0.09828519
v -0.05760117 0.00590355 0.09828898
v -0.05688044 0.01083336 0.09828898
v -0.05684422 0.01079461 0.09812379
v -0.05760117 0.00590355 0.09828898
v -0.05684422 0.01079461 0.09812379
v -0.05756042 0.00587118 0.09812227
v -0.05756042 0.00587118 0.09812227
v -0.05785230 0.00089494 0.09812257
v -0.05789911 0.00084357 0.09829030
v -0.05760117 0.00590355 0.09828898
v -0.05720394 -0.00899911 0.09827682
v -0.05774211 -0.00413922 0.09815780
v -0.05714117 -0.00902224 0.09811359
v -0.05621737 -0.01388510 0.09826999
v -0.05720394 -0.00899911 0.09827682
v -0.05714117 -0.00902224 0.09811359
v -0.05621737 -0.01388510 0.09826999
v -0.05714117 -0.00902224 0.09811359
v -0.05615275 -0.01390193 0.09811250
v -0.05615275 -0.01390193 0.09811250
v -0.05475122 -0.01867449 0.09811297
v -0.05481699 -0.01866476 0.09827682
v -0.05615275 -0.01390193 0.09811250
v -0.05481699 -0.01866476 0.09827682
v -0.05621737 -0.01388510 0.09826999
v -0.05079215 -0.02778406 0.09829819
v -0.05297169 -0.02335230 0.09815575
v -0.05076956 -0.02779761 0.09814671
v -0.05076956 -0.02779761 0.09814671
v -0.04816750 -0.03203628 0.09811295
v -0.04823182 -0.03204494 0.09827000
v -0.05076956 -0.02779761 0.09814671
v -0.04823182 -0.03204494 0.09827000
v -0.05079215 -0.02778406 0.09829819
v -0.04202684 -0.03983078 0.09828899
v -0.04528224 -0.03607373 0.09829819
v -0.04525765 -0.03608323 0.09814670
v -0.04202684 -0.03983078 0.09828899
v -0.04525765 -0.03608323 0.09814670
v -0.04197573 -0.03982098 0.09812228
v -0.04197573 -0.03982098 0.09812228
v -0.03839008 -0.04327395 0.09811295
v -0.03845006 -0.04329874 0.09827000
v -0.04197573 -0.03982098 0.09812228
v -0.03845006 -0.04329874 0.09827000
v -0.04202684 -0.03983078 0.09828899
v -0.03453225 -0.04642532 0.09812379
v -0.03043260 -0.04923408 0.09814366
v -0.03458297 -0.04644099 0.09828899
v -0.03458297 -0.04644099 0.09828899
v -0.03043260 -0.04923408 0.09814366
v -0.03044918 -0.04924068 0.09829819
v -0.02153128 -0.05369204 0.09811294
v -0.01684272 -0.05538730 0.09815955
v -0.02158154 -0.05373558 0.09827682
v -0.02158154 -0.05373558 0.09827682
v -0.01684272 -0.05538730 0.09815955
v -0.01685678 -0.05538444 0.09829874
v -0.00710703 -0.05741011 0.09811295
v -0.00214549 -0.05780854 0.09811295
v -0.00217811 -0.05786649 0.09827682
v -0.00710703 -0.05741011 0.09811295
v -0.00217811 -0.05786649 0.09827682
v -0.00714245 -0.05746454 0.09827000
v 0.00776915 -0.05737919 0.09828519
v 0.00285936 -0.05782000 0.09815574
v 0.00775446 -0.05733144 0.09811775
v 0.00775446 -0.05733144 0.09811775
v 0.01275051 -0.05645607 0.09814262
v 0.00776915 -0.05737919 0.09828519
v 0.00776915 -0.05737919 0.09828519
v 0.01275051 -0.05645607 0.09814262
v 0.01268056 -0.05648893 0.09829819
v 0.02216204 -0.05349877 0.09827682
v 0.01752909 -0.05517300 0.09815575
v 0.02216981 -0.05343232 0.09811359
v 0.02216981 -0.05343232 0.09811359
v 0.02671043 -0.05134872 0.09814383
v 0.02216204 -0.05349877 0.09827682
v 0.02216204 -0.05349877 0.09827682
v 0.02671043 -0.05134872 0.09814383
v 0.02668488 -0.05137818 0.09829793
v 0.03102077 -0.04887885 0.09815955
v 0.03509386 -0.04604079 0.09815564
v 0.03509725 -0.04604095 0.09829874
v 0.03100942 -0.04888765 0.09829874
v 0.04245023 -0.03931497 0.09812257
v 0.04569812 -0.03554029 0.09815955
v 0.04245893 -0.03936986 0.09828899
v 0.04245893 -0.03936986 0.09828899
v 0.04569812 -0.03554029 0.09815955
v 0.04569041 -0.03555241 0.09829874
v 0.05106954 -0.02717232 0.09811295
v 0.05325847 -0.02269289 0.09815955
v 0.05110771 -0.02722481 0.09827000
v 0.05110771 -0.02722481 0.09827000
v 0.05325847 -0.02269289 0.09815955
v 0.05325410 -0.02270656 0.09829873
v 0.05636183 -0.01326932 0.09828519
v 0.05500603 -0.01804632 0.09815562
v 0.05632546 -0.01323313 0.09812228
v 0.05632546 -0.01323313 0.09812228
v 0.05724493 -0.00833854 0.09811358
v 0.05729803 -0.00837927 0.09827682
v 0.05632546 -0.01323313 0.09812228
v 0.05729803 -0.00837927 0.09827682
v 0.05636183 -0.01326932 0.09828519
v 0.05788185 0.00156162 0.09828898
v 0.05779066 -0.00340209 0.09815564
v 0.05783727 0.00158848 0.09812227
v 0.05783727 0.00158848 0.09812227
v 0.05750562 0.00657585 0.09814383
v 0.05788185 0.00156162 0.09828898
v 0.05788185 0.00156162 0.09828898
v 0.05750562 0.00657585 0.09814383
v 0.05752399 0.00654144 0.09829792
v 0.05673629 0.01150320 0.09815574
v 0.05553410 0.01631621 0.09814670
v 0.05555328 0.01629814 0.09829819
v 0.05673629 0.01150320 0.09815574
v 0.05555328 0.01629814 0.09829819
v 0.05674513 0.01147073 0.09829873
v 0.05189816 0.02557874 0.09812257
v 0.04953499 0.02996192 0.09815955
v 0.05195254 0.02556719 0.09828898
v 0.05195254 0.02556719 0.09828898
v 0.04953499 0.02996192 0.09815955
v 0.04954355 0.02995038 0.09829873
v 0.04026090 0.04160356 0.09829819
v 0.04370470 0.03798799 0.09826999
v 0.04023533 0.04160977 0.09814670
v 0.04023533 0.04160977 0.09814670
v 0.04370470 0.03798799 0.09826999
v 0.04364200 0.03797114 0.09811294
v 0.03249608 0.04785811 0.09811249
v 0.02826486 0.05047308 0.09811295
v 0.02832030 0.05050978 0.09827681
v 0.02826486 0.05047308 0.09811295
v 0.02383354 0.05275788 0.09815955
v 0.02832030 0.05050978 0.09827681
v 0.02832030 0.05050978 0.09827681
v 0.02383354 0.05275788 0.09815955
v 0.02384713 0.05275322 0.09829873
v 0.00959511 0.05709406 0.09829819
v 0.01446760 0.05605791 0.09829792
v 0.01442890 0.05605306 0.09814383
v 0.00959511 0.05709406 0.09829819
v 0.01442890 0.05605306 0.09814383
v 0.00957048 0.05708468 0.09814670
v -0.00034698 0.05784700 0.09811250
v -0.00531514 0.05760366 0.09811295
v -0.00529025 0.05766532 0.09827682
v -0.01024714 0.05697880 0.09829873
v -0.00529025 0.05766532 0.09827682
v -0.01026098 0.05697494 0.09815955
v -0.01026098 0.05697494 0.09815955
v -0.00529025 0.05766532 0.09827682
v -0.00531514 0.05760366 0.09811295
v -0.05799925 -0.00000001 0.09829873
v -0.05789911 0.00084357 0.09829030
v -0.05774970 -0.00406942 0.09829873
v 0.02695361 -0.05135577 0.09829874
v 0.03100942 -0.04888765 0.09829874
v 0.03294735 -0.04773244 0.09829874
v 0.03509725 -0.04604095 0.09829874
v 0.03846064 -0.04341304 0.09829874
v 0.03509725 -0.04604095 0.09829874
v 0.03891956 -0.04287721 0.09827000
v 0.03846064 -0.04341304 0.09829874
v 0.03846064 -0.04341304 0.09829874
v 0.03891956 -0.04287721 0.09827000
v 0.04245893 -0.03936986 0.09828899
v 0.03846064 -0.04341304 0.09829874
v 0.04245893 -0.03936986 0.09828899
v 0.04341307 -0.03846060 0.09829874
v 0.04341307 -0.03846060 0.09829874
v 0.04245893 -0.03936986 0.09828899
v 0.04569041 -0.03555241 0.09829874
v 0.04341307 -0.03846060 0.09829874
v 0.04569041 -0.03555241 0.09829874
v 0.04773246 -0.03294731 0.09829874
v 0.04773246 -0.03294731 0.09829874
v 0.04569041 -0.03555241 0.09829874
v 0.04857410 -0.03150163 0.09829819
v 0.04773246 -0.03294731 0.09829874
v 0.04857410 -0.03150163 0.09829819
v 0.05135579 -0.02695357 0.09829873
v 0.04857410 -0.03150163 0.09829819
v 0.05110771 -0.02722481 0.09827000
v 0.05135579 -0.02695357 0.09829873
v 0.05135579 -0.02695357 0.09829873
v 0.05110771 -0.02722481 0.09827000
v 0.05325410 -0.02270656 0.09829873
v 0.05135579 -0.02695357 0.09829873
v 0.05325410 -0.02270656 0.09829873
v 0.05423024 -0.02056679 0.09829873
v 0.05500892 -0.01804453 0.09829873
v 0.05631389 -0.01388011 0.09829873
v -0.05799925 -0.00000001 0.09829873
v -0.05774970 -0.00406942 0.09829873
v -0.05757636 -0.00699105 0.09829873
v -0.05757636 -0.00699105 0.09829873
v -0.05774970 -0.00406942 0.09829873
v -0.05720394 -0.00899911 0.09827682
v -0.05757636 -0.00699105 0.09829873
v -0.05720394 -0.00899911 0.09827682
v -0.05631388 -0.01388014 0.09829873
v -0.02695357 -0.05135579 0.09829874
v -0.02158154 -0.05373558 0.09827682
v -0.02056679 -0.05423024 0.09829874
v -0.02056679 -0.05423024 0.09829874
v -0.02158154 -0.05373558 0.09827682
v -0.01685678 -0.05538444 0.09829874
v -0.02056679 -0.05423024 0.09829874
v -0.01685678 -0.05538444 0.09829874
v -0.01388011 -0.05631389 0.09829874
v -0.01388011 -0.05631389 0.09829874
v -0.01685678 -0.05538444 0.09829874
v -0.01205802 -0.05663815 0.09827682
v -0.01388011 -0.05631389 0.09829874
v -0.01205802 -0.05663815 0.09827682
v -0.00699102 -0.05757636 0.09829874
v -0.01205802 -0.05663815 0.09827682
v -0.00714245 -0.05746454 0.09827000
v -0.00699102 -0.05757636 0.09829874
v -0.00699102 -0.05757636 0.09829874
v -0.00714245 -0.05746454 0.09827000
v -0.00217811 -0.05786649 0.09827682
v -0.00699102 -0.05757636 0.09829874
v -0.00217811 -0.05786649 0.09827682
v 0.00000002 -0.05799924 0.09829874
v 0.00000002 -0.05799924 0.09829874
v -0.00217811 -0.05786649 0.09827682
v 0.00282594 -0.05782388 0.09829874
v 0.00000002 -0.05799924 0.09829874
v 0.00282594 -0.05782388 0.09829874
v 0.00699105 -0.05757636 0.09829874
v 0.00282594 -0.05782388 0.09829874
v 0.00776915 -0.05737919 0.09828519
v 0.00699105 -0.05757636 0.09829874
v 0.00699105 -0.05757636 0.09829874
v 0.00776915 -0.05737919 0.09828519
v 0.01268056 -0.05648893 0.09829819
v 0.00699105 -0.05757636 0.09829874
v 0.01268056 -0.05648893 0.09829819
v 0.01388015 -0.05631388 0.09829874
v 0.01388015 -0.05631388 0.09829874
v 0.01268056 -0.05648893 0.09829819
v 0.01749777 -0.05518528 0.09829874
v 0.02056683 -0.05423023 0.09829874
v 0.02056683 -0.05423023 0.09829874
v 0.01749777 -0.05518528 0.09829874
v 0.02216204 -0.05349877 0.09827682
v 0.02056683 -0.05423023 0.09829874
v 0.02216204 -0.05349877 0.09827682
v 0.02695361 -0.05135577 0.09829874
v 0.02216204 -0.05349877 0.09827682
v 0.02668488 -0.05137818 0.09829793
v 0.02695361 -0.05135577 0.09829874
v 0.02668488 -0.05137818 0.09829793
v 0.03100942 -0.04888765 0.09829874
v 0.05500892 -0.01804453 0.09829873
v 0.05636183 -0.01326932 0.09828519
v 0.05631389 -0.01388011 0.09829873
v 0.05631389 -0.01388011 0.09829873
v 0.05636183 -0.01326932 0.09828519
v 0.05729803 -0.00837927 0.09827682
v 0.05631389 -0.01388011 0.09829873
v 0.05729803 -0.00837927 0.09827682
v 0.05757636 -0.00699101 0.09829873
v 0.05757636 -0.00699101 0.09829873
v 0.05729803 -0.00837927 0.09827682
v 0.05779299 -0.00339961 0.09829873
v 0.05757636 -0.00699101 0.09829873
v 0.05779299 -0.00339961 0.09829873
v 0.05799925 0.00000002 0.09829873
v 0.05799925 0.00000002 0.09829873
v 0.05779299 -0.00339961 0.09829873
v 0.05788185 0.00156162 0.09828898
v 0.05799925 0.00000002 0.09829873
v 0.05788185 0.00156162 0.09828898
v 0.05757636 0.00699106 0.09829873
v 0.05788185 0.00156162 0.09828898
v 0.05752399 0.00654144 0.09829792
v 0.05757636 0.00699106 0.09829873
v 0.05757636 0.00699106 0.09829873
v 0.05752399 0.00654144 0.09829792
v 0.05674513 0.01147073 0.09829873
v 0.05674513 0.01147073 0.09829873
v 0.05631388 0.01388015 0.09829873
v 0.05555328 0.01629814 0.09829819
v 0.05631388 0.01388015 0.09829873
v 0.05555328 0.01629814 0.09829819
v 0.05423023 0.02056683 0.09829873
v 0.01388011 0.05631390 0.09829873
v 0.00959511 0.05709406 0.09829819
v 0.00699102 0.05757637 0.09829873
v 0.00699102 0.05757637 0.09829873
v 0.00959511 0.05709406 0.09829819
v 0.00464230 0.05770647 0.09829873
v -0.00000002 0.05799925 0.09829873
v -0.05720394 -0.00899911 0.09827682
v -0.05621737 -0.01388510 0.09826999
v -0.05631388 -0.01388014 0.09829873
v -0.05631388 -0.01388014 0.09829873
v -0.05621737 -0.01388510 0.09826999
v -0.05481699 -0.01866476 0.09827682
v -0.05631388 -0.01388014 0.09829873
v -0.05481699 -0.01866476 0.09827682
v -0.05423023 -0.02056683 0.09829873
v -0.05423023 -0.02056683 0.09829873
v -0.05481699 -0.01866476 0.09827682
v -0.05298726 -0.02332246 0.09829873
v -0.05423023 -0.02056683 0.09829873
v -0.05298726 -0.02332246 0.09829873
v -0.05135577 -0.02695360 0.09829873
v -0.05079215 -0.02778406 0.09829819
v -0.05135577 -0.02695360 0.09829873
v -0.05079215 -0.02778406 0.09829819
v -0.04773244 -0.03294734 0.09829874
v 0.05555328 0.01629814 0.09829819
v 0.05395756 0.02100746 0.09828519
v 0.05423023 0.02056683 0.09829873
v 0.05423023 0.02056683 0.09829873
v 0.05395756 0.02100746 0.09828519
v 0.05195254 0.02556719 0.09828898
v 0.05423023 0.02056683 0.09829873
v 0.05195254 0.02556719 0.09828898
v 0.05135577 0.02695361 0.09829873
v 0.05135577 0.02695361 0.09829873
v 0.05195254 0.02556719 0.09828898
v 0.04954355 0.02995038 0.09829873
v 0.05135577 0.02695361 0.09829873
v 0.04954355 0.02995038 0.09829873
v 0.04773244 0.03294735 0.09829873
v 0.04773244 0.03294735 0.09829873
v 0.04954355 0.02995038 0.09829873
v 0.04679226 0.03409225 0.09829819
v 0.04773244 0.03294735 0.09829873
v 0.04679226 0.03409225 0.09829819
v 0.04341304 0.03846064 0.09829873
v 0.04679226 0.03409225 0.09829819
v 0.04370470 0.03798799 0.09826999
v 0.04341304 0.03846064 0.09829873
v 0.04341304 0.03846064 0.09829873
v 0.04370470 0.03798799 0.09826999
v 0.04026090 0.04160356 0.09829819
v 0.04341304 0.03846064 0.09829873
v 0.04026090 0.04160356 0.09829819
v 0.03846061 0.04341307 0.09829873
v 0.03846061 0.04341307 0.09829873
v 0.04026090 0.04160356 0.09829819
v 0.03654891 0.04491018 0.09828898
v 0.03846061 0.04341307 0.09829873
v 0.03654891 0.04491018 0.09828898
v 0.03294732 0.04773247 0.09829873
v 0.03654891 0.04491018 0.09828898
v 0.03255544 0.04788874 0.09826999
v 0.03294732 0.04773247 0.09829873
v 0.03294732 0.04773247 0.09829873
v 0.03255544 0.04788874 0.09826999
v 0.02832030 0.05050978 0.09827681
v 0.03294732 0.04773247 0.09829873
v 0.02832030 0.05050978 0.09827681
v 0.02695357 0.05135580 0.09829873
v 0.02695357 0.05135580 0.09829873
v 0.02832030 0.05050978 0.09827681
v 0.02384713 0.05275322 0.09829873
v 0.02695357 0.05135580 0.09829873
v 0.02384713 0.05275322 0.09829873
v 0.02056679 0.05423025 0.09829873
v 0.02056679 0.05423025 0.09829873
v 0.02384713 0.05275322 0.09829873
v 0.01924591 0.05461083 0.09828898
v 0.02056679 0.05423025 0.09829873
v 0.01924591 0.05461083 0.09828898
v 0.01388011 0.05631390 0.09829873
v 0.01388011 0.05631390 0.09829873
v 0.01924591 0.05461083 0.09828898
v 0.01446760 0.05605791 0.09829792
v 0.01388011 0.05631390 0.09829873
v 0.01446760 0.05605791 0.09829792
v 0.00959511 0.05709406 0.09829819
v 0.00464230 0.05770647 0.09829873
v -0.00031548 0.05790586 0.09826999
v -0.00000002 0.05799925 0.09829873
v -0.00000002 0.05799925 0.09829873
v -0.00031548 0.05790586 0.09826999
v -0.00529025 0.05766532 0.09827682
v -0.00000002 0.05799925 0.09829873
v -0.00529025 0.05766532 0.09827682
v -0.00699105 0.05757636 0.09829873
v -0.00699105 0.05757636 0.09829873
v -0.00529025 0.05766532 0.09827682
v -0.01024714 0.05697880 0.09829873
v -0.00699105 0.05757636 0.09829873
v -0.01024714 0.05697880 0.09829873
v -0.01388015 0.05631389 0.09829873
v -0.01388015 0.05631389 0.09829873
v -0.01024714 0.05697880 0.09829873
v -0.01509901 0.05589112 0.09829819
v -0.01509901 0.05589112 0.09829819
v -0.02056683 0.05423023 0.09829873
v -0.05079215 -0.02778406 0.09829819
v -0.04823182 -0.03204494 0.09827000
v -0.04773244 -0.03294734 0.09829874
v -0.04773244 -0.03294734 0.09829874
v -0.04823182 -0.03204494 0.09827000
v -0.04528224 -0.03607373 0.09829819
v -0.04773244 -0.03294734 0.09829874
v -0.04528224 -0.03607373 0.09829819
v -0.04341304 -0.03846063 0.09829874
v -0.04341304 -0.03846063 0.09829874
v -0.04528224 -0.03607373 0.09829819
v -0.04202684 -0.03983078 0.09828899
v -0.04341304 -0.03846063 0.09829874
v -0.04202684 -0.03983078 0.09828899
v -0.03846061 -0.04341306 0.09829874
v -0.04202684 -0.03983078 0.09828899
v -0.03845006 -0.04329874 0.09827000
v -0.03846061 -0.04341306 0.09829874
v -0.03846061 -0.04341306 0.09829874
v -0.03845006 -0.04329874 0.09827000
v -0.03458297 -0.04644099 0.09828899
v -0.03846061 -0.04341306 0.09829874
v -0.03458297 -0.04644099 0.09828899
v -0.03294732 -0.04773246 0.09829874
v -0.03294732 -0.04773246 0.09829874
v -0.03458297 -0.04644099 0.09828899
v -0.03044918 -0.04924068 0.09829819
v -0.03294732 -0.04773246 0.09829874
v -0.03044918 -0.04924068 0.09829819
v -0.02695357 -0.05135579 0.09829874
v -0.02695357 -0.05135579 0.09829874
v -0.03044918 -0.04924068 0.09829819
v -0.02611889 -0.05168163 0.09827000
v -0.02695357 -0.05135579 0.09829874
v -0.02611889 -0.05168163 0.09827000
v -0.02158154 -0.05373558 0.09827682
v -0.01509901 0.05589112 0.09829819
v -0.01984164 0.05439707 0.09828518
v -0.02056683 0.05423023 0.09829873
v -0.02056683 0.05423023 0.09829873
v -0.01984164 0.05439707 0.09828518
v -0.02445715 0.05247320 0.09829873
v -0.02056683 0.05423023 0.09829873
v -0.02445715 0.05247320 0.09829873
v -0.02695361 0.05135578 0.09829873
v -0.02695361 0.05135578 0.09829873
v -0.02445715 0.05247320 0.09829873
v -0.02886532 0.05019502 0.09828898
v -0.02695361 0.05135578 0.09829873
v -0.02886532 0.05019502 0.09828898
v -0.03294735 0.04773244 0.09829873
v -0.02886532 0.05019502 0.09828898
v -0.03307433 0.04752705 0.09828519
v -0.03294735 0.04773244 0.09829873
v -0.03294735 0.04773244 0.09829873
v -0.03307433 0.04752705 0.09828519
v -0.03703672 0.04450874 0.09828898
v -0.03294735 0.04773244 0.09829873
v -0.03703672 0.04450874 0.09828898
v -0.03846064 0.04341305 0.09829873
v -0.03846064 0.04341305 0.09829873
v -0.03703672 0.04450874 0.09828898
v -0.04073283 0.04113908 0.09829873
v -0.03846064 0.04341305 0.09829873
v -0.04073283 0.04113908 0.09829873
v -0.04341307 0.03846061 0.09829873
v -0.04341307 0.03846061 0.09829873
v -0.04073283 0.04113908 0.09829873
v -0.04411529 0.03751156 0.09827681
v -0.04341307 0.03846061 0.09829873
v -0.04411529 0.03751156 0.09827681
v -0.04773246 0.03294732 0.09829873
v -0.04411529 0.03751156 0.09827681
v -0.04717719 0.03357828 0.09826999
v -0.04773246 0.03294732 0.09829873
v -0.04773246 0.03294732 0.09829873
v -0.04717719 0.03357828 0.09826999
v -0.04988745 0.02937397 0.09829873
v -0.04773246 0.03294732 0.09829873
v -0.04988745 0.02937397 0.09829873
v -0.05135579 0.02695358 0.09829873
v -0.05135579 0.02695358 0.09829873
v -0.04988745 0.02937397 0.09829873
v -0.05223147 0.02500300 0.09827681
v -0.05135579 0.02695358 0.09829873
v -0.05223147 0.02500300 0.09827681
v -0.05423024 0.02056680 0.09829873
v -0.05223147 0.02500300 0.09827681
v -0.05418435 0.02041537 0.09828519
v -0.05423024 0.02056680 0.09829873
v -0.05423024 0.02056680 0.09829873
v -0.05418435 0.02041537 0.09828519
v -0.05573859 0.01568299 0.09828898
v -0.05423024 0.02056680 0.09829873
v -0.05573859 0.01568299 0.09828898
v -0.05631389 0.01388012 0.09829873
v -0.05631389 0.01388012 0.09829873
v -0.05573859 0.01568299 0.09828898
v -0.05688044 0.01083336 0.09828898
v -0.05631389 0.01388012 0.09829873
v -0.05688044 0.01083336 0.09828898
v -0.05757636 0.00699102 0.09829873
v -0.05757636 0.00699102 0.09829873
v -0.05688044 0.01083336 0.09828898
v -0.05760117 0.00590355 0.09828898
v -0.05757636 0.00699102 0.09829873
v -0.05760117 0.00590355 0.09828898
v -0.05799925 -0.00000001 0.09829873
v -0.05799925 -0.00000001 0.09829873
v -0.05760117 0.00590355 0.09828898
v -0.05789911 0.00084357 0.09829030
v -0.05799925 -0.00000001 0.09829873
v -0.05756944 0.00699018 0.09909871
v -0.05757636 0.00699102 0.09829873
v -0.05757636 0.00699102 0.09829873
v -0.05756944 0.00699018 0.09909871
v -0.05630712 0.01387845 0.09909871
v -0.05631389 0.01388012 0.09829873
v -0.05631389 0.01388012 0.09829873
v -0.05630712 0.01387845 0.09909871
v -0.05422371 0.02056433 0.09909871
v -0.05423024 0.02056680 0.09829873
v -0.05423024 0.02056680 0.09829873
v -0.05422371 0.02056433 0.09909871
v -0.05134961 0.02695034 0.09909871
v -0.05135579 0.02695358 0.09829873
v -0.05135579 0.02695358 0.09829873
v -0.05134961 0.02695034 0.09909871
v -0.04772671 0.03294335 0.09909871
v -0.04773246 0.03294732 0.09829873
v -0.04773246 0.03294732 0.09829873
v -0.04772671 0.03294335 0.09909871
v -0.04340785 0.03845597 0.09909871
v -0.04341307 0.03846061 0.09829873
v -0.04341307 0.03846061 0.09829873
v -0.04340785 0.03845597 0.09909871
v -0.03845599 0.04340783 0.09909871
v -0.03846064 0.04341305 0.09829873
v -0.03846064 0.04341305 0.09829873
v -0.03845599 0.04340783 0.09909871
v -0.03294338 0.04772670 0.09909871
v -0.03294735 0.04773244 0.09829873
v -0.03294735 0.04773244 0.09829873
v -0.03294338 0.04772670 0.09909871
v -0.02695037 0.05134960 0.09909871
v -0.02695361 0.05135578 0.09829873
v -0.02695361 0.05135578 0.09829873
v -0.02695037 0.05134960 0.09909871
v -0.02056436 0.05422370 0.09909871
v -0.02056683 0.05423023 0.09829873
v -0.02056683 0.05423023 0.09829873
v -0.02056436 0.05422370 0.09909871
v -0.01387848 0.05630712 0.09909871
v -0.01388015 0.05631389 0.09829873
v -0.01388015 0.05631389 0.09829873
v -0.01387848 0.05630712 0.09909871
v -0.00699021 0.05756944 0.09909871
v -0.00699105 0.05757636 0.09829873
v -0.00699105 0.05757636 0.09829873
v -0.00699021 0.05756944 0.09909871
v -0.00000002 0.05799226 0.09909871
v -0.00000002 0.05799925 0.09829873
v -0.00000002 0.05799925 0.09829873
v -0.00000002 0.05799226 0.09909871
v 0.00699018 0.05756945 0.09909871
v 0.00699102 0.05757637 0.09829873
v 0.00699102 0.05757637 0.09829873
v 0.00699018 0.05756945 0.09909871
v 0.01387844 0.05630713 0.09909871
v 0.01388011 0.05631390 0.09829873
v 0.01388011 0.05631390 0.09829873
v 0.01387844 0.05630713 0.09909871
v 0.02056432 0.05422372 0.09909871
v 0.02056679 0.05423025 0.09829873
v 0.02056679 0.05423025 0.09829873
v 0.02056432 0.05422372 0.09909871
v 0.02695033 0.05134962 0.09909871
v 0.02695357 0.05135580 0.09829873
v 0.02695357 0.05135580 0.09829873
v 0.02695033 0.05134962 0.09909871
v 0.03294335 0.04772672 0.09909871
v 0.03294732 0.04773247 0.09829873
v 0.03294732 0.04773247 0.09829873
v 0.03294335 0.04772672 0.09909871
v 0.03845596 0.04340785 0.09909871
v 0.03846061 0.04341307 0.09829873
v 0.03846061 0.04341307 0.09829873
v 0.03845596 0.04340785 0.09909871
v 0.04340783 0.03845600 0.09909871
v 0.04341304 0.03846064 0.09829873
v 0.04341304 0.03846064 0.09829873
v 0.04340783 0.03845600 0.09909871
v 0.04772669 0.03294338 0.09909871
v 0.04773244 0.03294735 0.09829873
v 0.04773244 0.03294735 0.09829873
v 0.04772669 0.03294338 0.09909871
v 0.05134959 0.02695037 0.09909871
v 0.05135577 0.02695361 0.09829873
v 0.05135577 0.02695361 0.09829873
v 0.05134959 0.02695037 0.09909871
v 0.05422370 0.02056436 0.09909871
v 0.05423023 0.02056683 0.09829873
v 0.05423023 0.02056683 0.09829873
v 0.05422370 0.02056436 0.09909871
v 0.05630711 0.01387848 0.09909871
v 0.05631388 0.01388015 0.09829873
v 0.05631388 0.01388015 0.09829873
v 0.05630711 0.01387848 0.09909871
v 0.05756944 0.00699022 0.09909871
v 0.05757636 0.00699106 0.09829873
v 0.05757636 0.00699106 0.09829873
v 0.05756944 0.00699022 0.09909871
v 0.05799226 0.00000002 0.09909871
v 0.05799925 0.00000002 0.09829873
v 0.05799925 0.00000002 0.09829873
v 0.05799226 0.00000002 0.09909871
v 0.05756944 -0.00699017 0.09909871
v 0.05757636 -0.00699101 0.09829873
v 0.05757636 -0.00699101 0.09829873
v 0.05756944 -0.00699017 0.09909871
v 0.05630712 -0.01387844 0.09909871
v 0.05631389 -0.01388011 0.09829873
v 0.05631389 -0.01388011 0.09829873
v 0.05630712 -0.01387844 0.09909871
v 0.05422371 -0.02056432 0.09909871
v 0.05423024 -0.02056679 0.09829873
v 0.05423024 -0.02056679 0.09829873
v 0.05422371 -0.02056432 0.09909871
v 0.05134961 -0.02695033 0.09909871
v 0.05135579 -0.02695357 0.09829873
v 0.05135579 -0.02695357 0.09829873
v 0.05134961 -0.02695033 0.09909871
v 0.04772671 -0.03294334 0.09909871
v 0.04773246 -0.03294731 0.09829874
v 0.04773246 -0.03294731 0.09829874
v 0.04772671 -0.03294334 0.09909871
v 0.04340785 -0.03845596 0.09909871
v 0.04341307 -0.03846060 0.09829874
v 0.04341307 -0.03846060 0.09829874
v 0.04340785 -0.03845596 0.09909871
v 0.03845599 -0.04340783 0.09909871
v 0.03846064 -0.04341304 0.09829874
v 0.03846064 -0.04341304 0.09829874
v 0.03845599 -0.04340783 0.09909871
v 0.03294338 -0.04772669 0.09909871
v 0.03294735 -0.04773244 0.09829874
v 0.03294735 -0.04773244 0.09829874
v 0.03294338 -0.04772669 0.09909871
v 0.02695037 -0.05134959 0.09909871
v 0.02695361 -0.05135577 0.09829874
v 0.02695361 -0.05135577 0.09829874
v 0.02695037 -0.05134959 0.09909871
v 0.02056436 -0.05422370 0.09909871
v 0.02056683 -0.05423023 0.09829874
v 0.02056683 -0.05423023 0.09829874
v 0.02056436 -0.05422370 0.09909871
v 0.01387848 -0.05630711 0.09909871
v 0.01388015 -0.05631388 0.09829874
v 0.01388015 -0.05631388 0.09829874
v 0.01387848 -0.05630711 0.09909871
v 0.00699021 -0.05756944 0.09909871
v 0.00699105 -0.05757636 0.09829874
v 0.00699105 -0.05757636 0.09829874
v 0.00699021 -0.05756944 0.09909871
v 0.00000002 -0.05799225 0.09909871
v 0.00000002 -0.05799924 0.09829874
v 0.00000002 -0.05799924 0.09829874
v 0.00000002 -0.05799225 0.09909871
v -0.00699018 -0.05756944 0.09909871
v -0.00699102 -0.05757636 0.09829874
v -0.00699102 -0.05757636 0.09829874
v -0.00699018 -0.05756944 0.09909871
v -0.01387844 -0.05630712 0.09909871
v -0.01388011 -0.05631389 0.09829874
v -0.01388011 -0.05631389 0.09829874
v -0.01387844 -0.05630712 0.09909871
v -0.02056432 -0.05422371 0.09909871
v -0.02056679 -0.05423024 0.09829874
v -0.02056679 -0.05423024 0.09829874
v -0.02056432 -0.05422371 0.09909871
v -0.02695033 -0.05134961 0.09909871
v -0.02695357 -0.05135579 0.09829874
v -0.02695357 -0.05135579 0.09829874
v -0.02695033 -0.05134961 0.09909871
v -0.03294335 -0.04772671 0.09909871
v -0.03294732 -0.04773246 0.09829874
v -0.03294732 -0.04773246 0.09829874
v -0.03294335 -0.04772671 0.09909871
v -0.03845596 -0.04340785 0.09909871
v -0.03846061 -0.04341306 0.09829874
v -0.03846061 -0.04341306 0.09829874
v -0.03845596 -0.04340785 0.09909871
v -0.04340783 -0.03845599 0.09909871
v -0.04341304 -0.03846063 0.09829874
v -0.04341304 -0.03846063 0.09829874
v -0.04340783 -0.03845599 0.09909871
v -0.04772669 -0.03294337 0.09909871
v -0.04773244 -0.03294734 0.09829874
v -0.04773244 -0.03294734 0.09829874
v -0.04772669 -0.03294337 0.09909871
v -0.05134959 -0.02695036 0.09909871
v -0.05135577 -0.02695360 0.09829873
v -0.05135577 -0.02695360 0.09829873
v -0.05134959 -0.02695036 0.09909871
v -0.05422370 -0.02056436 0.09909871
v -0.05423023 -0.02056683 0.09829873
v -0.05423023 -0.02056683 0.09829873
v -0.05422370 -0.02056436 0.09909871
v -0.05630711 -0.01387847 0.09909871
v -0.05631388 -0.01388014 0.09829873
v -0.05631388 -0.01388014 0.09829873
v -0.05630711 -0.01387847 0.09909871
v -0.05756944 -0.00699021 0.09909871
v -0.05757636 -0.00699105 0.09829873
v -0.05757636 -0.00699105 0.09829873
v -0.05756944 -0.00699021 0.09909871
v -0.05799226 -0.00000001 0.09909871
v -0.05799925 -0.00000001 0.09829873
v -0.05799226 -0.00000001 0.09909871
v -0.05799226 -0.00000001 0.09909871
v -0.05756944 -0.00699021 0.09909871
v 0.03845599 -0.04340783 0.09909871
v -0.05422371 0.02056433 0.09909871
v -0.05630712 0.01387845 0.09909871
v -0.05756944 0.00699018 0.09909871
v -0.04340785 0.03845597 0.09909871
v -0.04772671 0.03294335 0.09909871
v -0.05134961 0.02695034 0.09909871
v -0.02695037 0.05134960 0.09909871
v -0.03294338 0.04772670 0.09909871
v -0.03845599 0.04340783 0.09909871
v -0.00699021 0.05756944 0.09909871
v -0.01387848 0.05630712 0.09909871
v -0.02056436 0.05422370 0.09909871
v 0.01387844 0.05630713 0.09909871
v 0.00699018 0.05756945 0.09909871
v -0.00000002 0.05799226 0.09909871
v 0.03294335 0.04772672 0.09909871
v 0.02695033 0.05134962 0.09909871
v 0.02056432 0.05422372 0.09909871
v 0.04772669 0.03294338 0.09909871
v 0.04340783 0.03845600 0.09909871
v 0.03845596 0.04340785 0.09909871
v 0.05630711 0.01387848 0.09909871
v 0.05422370 0.02056436 0.09909871
v 0.05134959 0.02695037 0.09909871
v 0.05756944 -0.00699017 0.09909871
v 0.05799226 0.00000002 0.09909871
v 0.05756944 0.00699022 0.09909871
v 0.05134961 -0.02695033 0.09909871
v 0.05422371 -0.02056432 0.09909871
v 0.05630712 -0.01387844 0.09909871
v 0.04340785 -0.03845596 0.09909871
v 0.04772671 -0.03294334 0.09909871
v 0.02056436 -0.05422370 0.09909871
v 0.02695037 -0.05134959 0.09909871
v 0.03294338 -0.04772669 0.09909871
v 0.00000002 -0.05799225 0.09909871
v 0.00699021 -0.05756944 0.09909871
v 0.01387848 -0.05630711 0.09909871
v -0.02056432 -0.05422371 0.09909871
v -0.01387844 -0.05630712 0.09909871
v -0.00699018 -0.05756944 0.09909871
v -0.03845596 -0.04340785 0.09909871
v -0.03294335 -0.04772671 0.09909871
v -0.02695033 -0.05134961 0.09909871
v -0.05134959 -0.02695036 0.09909871
v -0.04772669 -0.03294337 0.09909871
v -0.04340783 -0.03845599 0.09909871
v -0.05630711 -0.01387847 0.09909871
v -0.05422370 -0.02056436 0.09909871
vn -0.28899943 0.91201984 0.29103118
vn -0.28899943 0.91201984 0.29103118
vn -0.28899943 0.91201984 0.29103118
vn -0.20733288 0.93558681 0.28581531
vn -0.20733288 0.93558681 0.28581531
vn -0.20733288 0.93558681 0.28581531
vn -0.21351652 0.95088575 0.22411379
vn -0.21351652 0.95088575 0.22411379
vn -0.21351652 0.95088575 0.22411379
vn -0.13414646 0.97031409 0.20123442
vn -0.13414646 0.97031409 0.20123442
vn -0.13414646 0.97031409 0.20123442
vn -0.12843752 0.94830662 0.29020401
vn -0.12843752 0.94830662 0.29020401
vn -0.12843752 0.94830662 0.29020401
vn -0.04706471 0.98928319 0.13821608
vn -0.04706471 0.98928319 0.13821608
vn -0.04706471 0.98928319 0.13821608
vn -0.04924044 0.95645404 0.28769959
vn -0.04924044 0.95645404 0.28769959
vn -0.04924044 0.95645404 0.28769959
vn -0.44972922 0.86939947 0.20466604
vn -0.44972922 0.86939947 0.20466604
vn -0.44972922 0.86939947 0.20466604
vn -0.45859192 0.88078714 0.11792992
vn -0.45859192 0.88078714 0.11792992
vn -0.45859192 0.88078714 0.11792992
vn -0.59596097 0.77987561 0.19137543
vn -0.59596097 0.77987561 0.19137543
vn -0.59596097 0.77987561 0.19137543
vn -0.60018855 0.78810523 0.13661571
vn -0.60018855 0.78810523 0.13661571
vn -0.60018855 0.78810523 0.13661571
vn -0.72633766 0.67361561 0.13665875
vn -0.72633766 0.67361561 0.13665875
vn -0.72633766 0.67361561 0.13665875
vn -0.72848963 0.67483456 0.11790324
vn -0.72848963 0.67483456 0.11790324
vn -0.72848963 0.67483456 0.11790324
vn -0.82349041 0.53205175 0.19693773
vn -0.82349041 0.53205175 0.19693773
vn -0.82349041 0.53205175 0.19693773
vn -0.83169984 0.53974856 0.13018015
vn -0.83169984 0.53974856 0.13018015
vn -0.83169984 0.53974856 0.13018015
vn -0.89970606 0.38553937 0.20466656
vn -0.89970606 0.38553937 0.20466656
vn -0.89970606 0.38553937 0.20466656
vn -0.91378133 0.38870012 0.11796569
vn -0.91378133 0.38870012 0.11796569
vn -0.91378133 0.38870012 0.11796569
vn -0.96512409 0.22716246 0.13012575
vn -0.96512409 0.22716246 0.13012575
vn -0.96512409 0.22716246 0.13012575
vn -0.96687342 0.22715617 0.11642963
vn -0.96687342 0.22715617 0.11642963
vn -0.96687342 0.22715617 0.11642963
vn -0.98889309 0.05840852 0.13667076
vn -0.98889309 0.05840852 0.13667076
vn -0.98889309 0.05840852 0.13667076
vn -0.99056079 0.05812696 0.12413935
vn -0.99056079 0.05812696 0.12413935
vn -0.99056079 0.05812696 0.12413935
vn -0.95597305 -0.11020747 0.27197399
vn -0.95597305 -0.11020747 0.27197399
vn -0.95597305 -0.11020747 0.27197399
vn -0.97258659 -0.10999123 0.20488352
vn -0.97258659 -0.10999123 0.20488352
vn -0.97258659 -0.10999123 0.20488352
vn -0.93809808 -0.27516081 0.21037708
vn -0.93809808 -0.27516081 0.21037708
vn -0.93809808 -0.27516081 0.21037708
vn -0.94067946 -0.27638279 0.19681134
vn -0.94067946 -0.27638279 0.19681134
vn -0.94067946 -0.27638279 0.19681134
vn -0.87950746 -0.43478989 0.19345381
vn -0.87950746 -0.43478989 0.19345381
vn -0.87950746 -0.43478989 0.19345381
vn -0.88982944 -0.43776701 0.12869967
vn -0.88982944 -0.43776701 0.12869967
vn -0.88982944 -0.43776701 0.12869967
vn -0.79173891 -0.57479185 0.20679416
vn -0.79173891 -0.57479185 0.20679416
vn -0.79173891 -0.57479185 0.20679416
vn -0.80213045 -0.58566112 0.11656670
vn -0.80213045 -0.58566112 0.11656670
vn -0.80213045 -0.58566112 0.11656670
vn -0.68894177 -0.71179891 0.13675358
vn -0.68894177 -0.71179891 0.13675358
vn -0.68894177 -0.71179891 0.13675358
vn -0.68982235 -0.71325836 0.12412748
vn -0.68982235 -0.71325836 0.12412748
vn -0.68982235 -0.71325836 0.12412748
vn -0.55011020 -0.80955538 0.20493623
vn -0.55011020 -0.80955538 0.20493623
vn -0.55011020 -0.80955538 0.20493623
vn -0.55112999 -0.81174123 0.19321468
vn -0.55112999 -0.81174123 0.19321468
vn -0.55112999 -0.81174123 0.19321468
vn -0.40431002 -0.89017737 0.21004204
vn -0.40431002 -0.89017737 0.21004204
vn -0.40431002 -0.89017737 0.21004204
vn -0.40795550 -0.90451281 0.12421309
vn -0.40795550 -0.90451281 0.12421309
vn -0.40795550 -0.90451281 0.12421309
vn -0.24610475 -0.94692392 0.20680315
vn -0.24610475 -0.94692392 0.20680315
vn -0.24610475 -0.94692392 0.20680315
vn -0.24722223 -0.96192860 0.11650982
vn -0.24722223 -0.96192860 0.11650982
vn -0.24722223 -0.96192860 0.11650982
vn -0.07854883 -0.97518479 0.20698961
vn -0.07854883 -0.97518479 0.20698961
vn -0.07854883 -0.97518479 0.20698961
vn -0.07838292 -0.97731721 0.19674142
vn -0.07838292 -0.97731721 0.19674142
vn -0.07838292 -0.97731721 0.19674142
vn 0.08161941 -0.92802998 0.36345374
vn 0.08161941 -0.92802998 0.36345374
vn 0.08161941 -0.92802998 0.36345374
vn 0.09392027 -0.98851093 0.11842773
vn 0.09392027 -0.98851093 0.11842773
vn 0.09392027 -0.98851093 0.11842773
vn 0.25744161 -0.94713848 0.19144846
vn 0.25744161 -0.94713848 0.19144846
vn 0.25744161 -0.94713848 0.19144846
vn 0.25828323 -0.95725226 0.13022241
vn 0.25828323 -0.95725226 0.13022241
vn 0.25828323 -0.95725226 0.13022241
vn 0.41145711 -0.88689714 0.21003929
vn 0.41145711 -0.88689714 0.21003929
vn 0.41145711 -0.88689714 0.21003929
vn 0.41995163 -0.89900743 0.12420256
vn 0.41995163 -0.89900743 0.12420256
vn 0.41995163 -0.89900743 0.12420256
vn 0.56201178 -0.80465417 0.19150567
vn 0.56201178 -0.80465417 0.19150567
vn 0.56201178 -0.80465417 0.19150567
vn 0.56622671 -0.81391029 0.13014355
vn 0.56622671 -0.81391029 0.13014355
vn 0.56622671 -0.81391029 0.13014355
vn 0.68770033 -0.69485290 0.21035139
vn 0.68770033 -0.69485290 0.21035139
vn 0.68770033 -0.69485290 0.21035139
vn 0.68999724 -0.69654084 0.19681124
vn 0.68999724 -0.69654084 0.19681124
vn 0.68999724 -0.69654084 0.19681124
vn 0.79661707 -0.56874208 0.20477718
vn 0.79661707 -0.56874208 0.20477718
vn 0.79661707 -0.56874208 0.20477718
vn 0.80971136 -0.57484506 0.11798590
vn 0.80971136 -0.57484506 0.11798590
vn 0.80971136 -0.57484506 0.11798590
vn 0.88494388 -0.42147352 0.19807674
vn 0.88494388 -0.42147352 0.19807674
vn 0.88494388 -0.42147352 0.19807674
vn 0.89443612 -0.42825635 0.12876537
vn 0.89443612 -0.42825635 0.12876537
vn 0.89443612 -0.42825635 0.12876537
vn 0.89664006 -0.25200618 0.36404601
vn 0.89664006 -0.25200618 0.36404601
vn 0.89664006 -0.25200618 0.36404601
vn 0.90044285 -0.25269591 0.35404443
vn 0.90044285 -0.25269591 0.35404443
vn 0.90044285 -0.25269591 0.35404443
vn 0.98633183 -0.10101255 0.13017673
vn 0.98633183 -0.10101255 0.13017673
vn 0.98633183 -0.10101255 0.13017673
vn 0.98806356 -0.10078158 0.11650523
vn 0.98806356 -0.10078158 0.11650523
vn 0.98806356 -0.10078158 0.11650523
vn 0.98817852 0.06939637 0.13670168
vn 0.98817852 0.06939637 0.13670168
vn 0.98817852 0.06939637 0.13670168
vn 0.98980316 0.06989244 0.12411591
vn 0.98980316 0.06989244 0.12411591
vn 0.98980316 0.06989244 0.12411591
vn 0.95247539 0.23700661 0.19135962
vn 0.95247539 0.23700661 0.19135962
vn 0.95247539 0.23700661 0.19135962
vn 0.96259367 0.23762909 0.13017622
vn 0.96259367 0.23762909 0.13017622
vn 0.96259367 0.23762909 0.13017622
vn 0.89487371 0.39365382 0.21032762
vn 0.89487371 0.39365382 0.21032762
vn 0.89487371 0.39365382 0.21032762
vn 0.89727595 0.39519789 0.19675998
vn 0.89727595 0.39519789 0.19675998
vn 0.89727595 0.39519789 0.19675998
vn 0.81656331 0.54456746 0.19149583
vn 0.81656331 0.54456746 0.19149583
vn 0.81656331 0.54456746 0.19149583
vn 0.82589919 0.54857874 0.13019944
vn 0.82589919 0.54857874 0.13019944
vn 0.82589919 0.54857874 0.13019944
vn 0.70993581 0.67316781 0.20696917
vn 0.70993581 0.67316781 0.20696917
vn 0.70993581 0.67316781 0.20696917
vn 0.71123093 0.67485751 0.19676867
vn 0.71123093 0.67485751 0.19676867
vn 0.71123093 0.67485751 0.19676867
vn 0.55923099 0.74505044 0.36353891
vn 0.55923099 0.74505044 0.36353891
vn 0.55923099 0.74505044 0.36353891
vn 0.59050109 0.79830095 0.11842323
vn 0.59050109 0.79830095 0.11842323
vn 0.59050109 0.79830095 0.11842323
vn 0.44095314 0.87643134 0.19346430
vn 0.44095314 0.87643134 0.19346430
vn 0.44095314 0.87643134 0.19346430
vn 0.44740248 0.88501370 0.12877026
vn 0.44740248 0.88501370 0.12877026
vn 0.44740248 0.88501370 0.12877026
vn 0.27352592 0.88971300 0.36550560
vn 0.27352592 0.88971300 0.36550560
vn 0.27352592 0.88971300 0.36550560
vn 0.28307628 0.93862632 0.19710009
vn 0.28307628 0.93862632 0.19710009
vn 0.28307628 0.93862632 0.19710009
vn 0.12060075 0.97088748 0.20696127
vn 0.12060075 0.97088748 0.20696127
vn 0.12060075 0.97088748 0.20696127
vn 0.12048855 0.97411886 0.19124581
vn 0.12048855 0.97411886 0.19124581
vn 0.12048855 0.97411886 0.19124581
vn -0.24161569 0.75740472 0.60659702
vn -0.24161569 0.75740472 0.60659702
vn -0.24161569 0.75740472 0.60659702
vn -0.17586856 0.49047766 -0.85352323
vn -0.17586856 0.49047766 -0.85352323
vn -0.17586856 0.49047766 -0.85352323
vn -0.37724523 0.90612160 0.19138882
vn -0.37724523 0.90612160 0.19138882
vn -0.37724523 0.90612160 0.19138882
vn -0.27545123 0.65881317 0.70006558
vn -0.27545123 0.65881317 0.70006558
vn -0.27545123 0.65881317 0.70006558
vn -0.18542458 0.40393096 -0.89579992
vn -0.18542458 0.40393096 -0.89579992
vn -0.18542458 0.40393096 -0.89579992
vn -0.28376976 0.54433273 0.78941536
vn -0.28376976 0.54433273 0.78941536
vn -0.28376976 0.54433273 0.78941536
vn -0.21538030 0.37930659 -0.89985434
vn -0.21538030 0.37930659 -0.89985434
vn -0.21538030 0.37930659 -0.89985434
vn -0.53025241 0.83676451 0.13659260
vn -0.53025241 0.83676451 0.13659260
vn -0.53025241 0.83676451 0.13659260
vn -0.53202659 0.83849674 0.11777491
vn -0.53202659 0.83849674 0.11777491
vn -0.53202659 0.83849674 0.11777491
vn -0.31137430 0.49073929 0.81376962
vn -0.31137430 0.49073929 0.81376962
vn -0.31137430 0.49073929 0.81376962
vn -0.24718084 0.35937435 -0.89986205
vn -0.24718084 0.35937435 -0.89986205
vn -0.24718084 0.35937435 -0.89986205
vn -0.36564440 0.48064526 0.79704725
vn -0.36564440 0.48064526 0.79704725
vn -0.36564440 0.48064526 0.79704725
vn -0.28242087 0.34318789 -0.89580161
vn -0.28242087 0.34318789 -0.89580161
vn -0.28242087 0.34318789 -0.89580161
vn -0.65682226 0.72573318 0.20468482
vn -0.65682226 0.72573318 0.20468482
vn -0.65682226 0.72573318 0.20468482
vn -0.66829820 0.73448010 0.11796820
vn -0.66829820 0.73448010 0.11796820
vn -0.66829820 0.73448010 0.11796820
vn -0.41336758 0.45383352 0.78940635
vn -0.41336758 0.45383352 0.78940635
vn -0.41336758 0.45383352 0.78940635
vn -0.30510800 0.31174519 -0.89984668
vn -0.30510800 0.31174519 -0.89984668
vn -0.30510800 0.31174519 -0.89984668
vn -0.42636323 0.39496056 0.81376935
vn -0.42636323 0.39496056 0.81376935
vn -0.42636323 0.39496056 0.81376935
vn -0.33074070 0.28433043 -0.89987043
vn -0.33074070 0.28433043 -0.89987043
vn -0.33074070 0.28433043 -0.89987043
vn -0.45876527 0.35686628 0.81374498
vn -0.45876527 0.35686628 0.81374498
vn -0.45876527 0.35686628 0.81374498
vn -0.78320390 0.60924194 0.12416082
vn -0.78320390 0.60924194 0.12416082
vn -0.78320390 0.60924194 0.12416082
vn -0.78166180 0.60852472 0.13675706
vn -0.78166180 0.60852472 0.13675706
vn -0.78166180 0.60852472 0.13675706
vn -0.35397301 0.25485629 -0.89986187
vn -0.35397301 0.25485629 -0.89986187
vn -0.35397301 0.25485629 -0.89986187
vn -0.50641092 0.32902267 0.79705211
vn -0.50641092 0.32902267 0.79705211
vn -0.50641092 0.32902267 0.79705211
vn -0.38169782 0.22773567 -0.89579196
vn -0.38169782 0.22773567 -0.89579196
vn -0.38169782 0.22773567 -0.89579196
vn -0.56183040 0.29885734 0.77138246
vn -0.56183040 0.29885734 0.77138246
vn -0.56183040 0.29885734 0.77138246
vn -0.86657860 0.46096357 0.19119128
vn -0.86657860 0.46096357 0.19119128
vn -0.86657860 0.46096357 0.19119128
vn -0.86352039 0.45991245 0.20691321
vn -0.86352039 0.45991245 0.20691321
vn -0.86352039 0.45991245 0.20691321
vn -0.39988502 0.19409115 -0.89577932
vn -0.39988502 0.19409115 -0.89577932
vn -0.39988502 0.19409115 -0.89577932
vn -0.56493684 0.23996645 0.78946974
vn -0.56493684 0.23996645 0.78946974
vn -0.56493684 0.23996645 0.78946974
vn -0.40735471 0.15603305 -0.89984211
vn -0.40735471 0.15603305 -0.89984211
vn -0.40735471 0.15603305 -0.89984211
vn -0.55221859 0.18105587 0.81380182
vn -0.55221859 0.18105587 0.81380182
vn -0.55221859 0.18105587 0.81380182
vn -0.94288786 0.30914452 0.12406509
vn -0.94288786 0.30914452 0.12406509
vn -0.94288786 0.30914452 0.12406509
vn -0.94119440 0.30899017 0.13666816
vn -0.94119440 0.30899017 0.13666816
vn -0.94119440 0.30899017 0.13666816
vn -0.41923108 0.12042861 -0.89985679
vn -0.41923108 0.12042861 -0.89985679
vn -0.41923108 0.12042861 -0.89985679
vn -0.56581865 0.13293284 0.81374327
vn -0.56581865 0.13293284 0.81374327
vn -0.56581865 0.13293284 0.81374327
vn -0.42803692 0.08394608 -0.89985413
vn -0.42803692 0.08394608 -0.89985413
vn -0.42803692 0.08394608 -0.89985413
vn -0.57506291 0.08378732 0.81380731
vn -0.57506291 0.08378732 0.81380731
vn -0.57506291 0.08378732 0.81380731
vn -0.98266558 0.14317543 0.11776734
vn -0.98266558 0.14317543 0.11776734
vn -0.98266558 0.14317543 0.11776734
vn -0.98126598 0.14330795 0.12876296
vn -0.98126598 0.14330795 0.12876296
vn -0.98126598 0.14330795 0.12876296
vn -0.43370139 0.04684241 -0.89983826
vn -0.43370139 0.04684241 -0.89983826
vn -0.43370139 0.04684241 -0.89983826
vn -0.58013902 0.03404309 0.81380574
vn -0.58013902 0.03404309 0.81380574
vn -0.58013902 0.03404309 0.81380574
vn -0.43607586 0.00938371 -0.89986098
vn -0.43607586 0.00938371 -0.89986098
vn -0.43607586 0.00938371 -0.89986098
vn -0.60370846 -0.01589482 0.79704670
vn -0.60370846 -0.01589482 0.79704670
vn -0.60370846 -0.01589482 0.79704670
vn -0.99113582 -0.02661462 0.13015930
vn -0.99113582 -0.02661462 0.13015930
vn -0.99113582 -0.02661462 0.13015930
vn -0.98110005 -0.02816937 0.19143974
vn -0.98110005 -0.02816937 0.19143974
vn -0.98110005 -0.02816937 0.19143974
vn -0.44352799 -0.02867173 -0.89580179
vn -0.44352799 -0.02867173 -0.89580179
vn -0.44352799 -0.02867173 -0.89580179
vn -0.67702461 -0.07583044 0.73204332
vn -0.67702461 -0.07583044 0.73204332
vn -0.67702461 -0.07583044 0.73204332
vn -0.48113619 -0.07302403 -0.87359914
vn -0.48113619 -0.07302403 -0.87359914
vn -0.48113619 -0.07302403 -0.87359914
vn -0.68289058 -0.13970856 0.71703694
vn -0.68289058 -0.13970856 0.71703694
vn -0.68289058 -0.13970856 0.71703694
vn -0.96139946 -0.19565345 0.19347041
vn -0.96139946 -0.19565345 0.19347041
vn -0.96139946 -0.19565345 0.19347041
vn -0.93948158 -0.18818465 0.28628813
vn -0.93948158 -0.18818465 0.28628813
vn -0.93948158 -0.18818465 0.28628813
vn -0.43203827 -0.10421540 -0.89581365
vn -0.43203827 -0.10421540 -0.89581365
vn -0.43203827 -0.10421540 -0.89581365
vn -0.61067013 -0.17942210 0.77129093
vn -0.61067013 -0.17942210 0.77129093
vn -0.61067013 -0.17942210 0.77129093
vn -0.42149478 -0.14097352 -0.89580613
vn -0.42149478 -0.14097352 -0.89580613
vn -0.42149478 -0.14097352 -0.89580613
vn -0.57160302 -0.22365777 0.78946006
vn -0.57160302 -0.22365777 0.78946006
vn -0.57160302 -0.22365777 0.78946006
vn -0.92509402 -0.36142191 0.11651291
vn -0.92509402 -0.36142191 0.11651291
vn -0.92509402 -0.36142191 0.11651291
vn -0.91226938 -0.35356488 0.20677633
vn -0.91226938 -0.35356488 0.20677633
vn -0.91226938 -0.35356488 0.20677633
vn -0.40027136 -0.17341870 -0.89983820
vn -0.40027136 -0.17341870 -0.89983820
vn -0.40027136 -0.17341870 -0.89983820
vn -0.54201161 -0.26629912 0.79706223
vn -0.54201161 -0.26629912 0.79706223
vn -0.54201161 -0.26629912 0.79706223
vn -0.39114563 -0.21110460 -0.89579012
vn -0.39114563 -0.21110460 -0.89579012
vn -0.39114563 -0.21110460 -0.89579012
vn -0.54451119 -0.32935190 0.77138504
vn -0.54451119 -0.32935190 0.77138504
vn -0.54451119 -0.32935190 0.77138504
vn -0.83891514 -0.50742450 0.19682926
vn -0.83891514 -0.50742450 0.19682926
vn -0.83891514 -0.50742450 0.19682926
vn -0.83673854 -0.50558990 0.21035082
vn -0.83673854 -0.50558990 0.21035082
vn -0.83673854 -0.50558990 0.21035082
vn -0.37154610 -0.24394643 -0.89579218
vn -0.37154610 -0.24394643 -0.89579218
vn -0.37154610 -0.24394643 -0.89579218
vn -0.49558624 -0.36223556 0.78941730
vn -0.49558624 -0.36223556 0.78941730
vn -0.49558624 -0.36223556 0.78941730
vn -0.34270261 -0.26986598 -0.89984847
vn -0.34270261 -0.26986598 -0.89984847
vn -0.34270261 -0.26986598 -0.89984847
vn -0.43846765 -0.38149303 0.81376237
vn -0.43846765 -0.38149303 0.81376237
vn -0.43846765 -0.38149303 0.81376237
vn -0.74916064 -0.65181454 0.11788190
vn -0.74916064 -0.65181454 0.11788190
vn -0.74916064 -0.65181454 0.11788190
vn -0.74835179 -0.65067156 0.12882590
vn -0.74835179 -0.65067156 0.12882590
vn -0.74835179 -0.65067156 0.12882590
vn -0.31819224 -0.29828780 -0.89987671
vn -0.31819224 -0.29828780 -0.89987671
vn -0.31819224 -0.29828780 -0.89987671
vn -0.40405671 -0.41778409 0.81375342
vn -0.40405671 -0.41778409 0.81375342
vn -0.40405671 -0.41778409 0.81375342
vn -0.29142037 -0.32458988 -0.89984197
vn -0.29142037 -0.32458988 -0.89984197
vn -0.29142037 -0.32458988 -0.89984197
vn -0.38146843 -0.46811275 0.79708989
vn -0.38146843 -0.46811275 0.79708989
vn -0.38146843 -0.46811275 0.79708989
vn -0.62593853 -0.76893220 0.13017000
vn -0.62593853 -0.76893220 0.13017000
vn -0.62593853 -0.76893220 0.13017000
vn -0.61822082 -0.76233869 0.19142296
vn -0.61822082 -0.76233869 0.19142296
vn -0.61822082 -0.76233869 0.19142296
vn -0.26740192 -0.35503170 -0.89579501
vn -0.26740192 -0.35503170 -0.89579501
vn -0.26740192 -0.35503170 -0.89579501
vn -0.35748652 -0.52653010 0.77134262
vn -0.35748652 -0.52653010 0.77134262
vn -0.35748652 -0.52653010 0.77134262
vn -0.23590204 -0.37671898 -0.89578627
vn -0.23590204 -0.37671898 -0.89578627
vn -0.23590204 -0.37671898 -0.89578627
vn -0.31086503 -0.55524810 0.77140293
vn -0.31086503 -0.55524810 0.77140293
vn -0.31086503 -0.55524810 0.77140293
vn -0.47931147 -0.85611688 0.19319525
vn -0.47931147 -0.85611688 0.19319525
vn -0.47931147 -0.85611688 0.19319525
vn -0.47807760 -0.85276335 0.21032470
vn -0.47807760 -0.85276335 0.21032470
vn -0.47807760 -0.85276335 0.21032470
vn -0.20263566 -0.39558972 -0.89579438
vn -0.20263566 -0.39558972 -0.89579438
vn -0.20263566 -0.39558972 -0.89579438
vn -0.25210949 -0.55973861 0.78938805
vn -0.25210949 -0.55973861 0.78938805
vn -0.25210949 -0.55973861 0.78938805
vn -0.16473705 -0.40384270 -0.89987376
vn -0.16473705 -0.40384270 -0.89987376
vn -0.16473705 -0.40384270 -0.89987376
vn -0.20113207 -0.56953371 0.79698008
vn -0.20113207 -0.56953371 0.79698008
vn -0.20113207 -0.56953371 0.79698008
vn -0.32967319 -0.93507452 0.13019688
vn -0.32967319 -0.93507452 0.13019688
vn -0.32967319 -0.93507452 0.13019688
vn -0.32411146 -0.92528042 0.19699723
vn -0.32411146 -0.92528042 0.19699723
vn -0.32411146 -0.92528042 0.19699723
vn -0.13186364 -0.42439979 -0.89582186
vn -0.13186364 -0.42439979 -0.89582186
vn -0.13186364 -0.42439979 -0.89582186
vn -0.15249599 -0.59462637 0.78940766
vn -0.15249599 -0.59462637 0.78940766
vn -0.15249599 -0.59462637 0.78940766
vn -0.09314336 -0.42616545 -0.89983739
vn -0.09314336 -0.42616545 -0.89983739
vn -0.09314336 -0.42616545 -0.89983739
vn -0.10057863 -0.59542492 0.79709040
vn -0.10057863 -0.59542492 0.79709040
vn -0.10057863 -0.59542492 0.79709040
vn -0.16466126 -0.97791563 0.12871553
vn -0.16466126 -0.97791563 0.12871553
vn -0.16466126 -0.97791563 0.12871553
vn -0.16082740 -0.96712282 0.19699746
vn -0.16082740 -0.96712282 0.19699746
vn -0.16082740 -0.96712282 0.19699746
vn -0.05722101 -0.44074881 -0.89580480
vn -0.05722101 -0.44074881 -0.89580480
vn -0.05722101 -0.44074881 -0.89580480
vn -0.05088253 -0.63442857 0.77130497
vn -0.05088253 -0.63442857 0.77130497
vn -0.05088253 -0.63442857 0.77130497
vn -0.01912146 -0.44403994 -0.89580294
vn -0.01912146 -0.44403994 -0.89580294
vn -0.01912146 -0.44403994 -0.89580294
vn 0.00099403 -0.74224397 0.67012901
vn 0.00099403 -0.74224397 0.67012901
vn 0.00099403 -0.74224397 0.67012901
vn 0.00372098 -0.97840103 0.20668231
vn 0.00372098 -0.97840103 0.20668231
vn 0.00372098 -0.97840103 0.20668231
vn 0.00780236 -0.93624660 0.35125693
vn 0.00780236 -0.93624660 0.35125693
vn 0.00780236 -0.93624660 0.35125693
vn 0.02436758 -0.56588245 -0.82412576
vn 0.02436758 -0.56588245 -0.82412576
vn 0.02436758 -0.56588245 -0.82412576
vn 0.07374034 -0.75213744 0.65486765
vn 0.07374034 -0.75213744 0.65486765
vn 0.07374034 -0.75213744 0.65486765
vn 0.05615625 -0.43253677 -0.89986578
vn 0.05615625 -0.43253677 -0.89986578
vn 0.05615625 -0.43253677 -0.89986578
vn 0.10296502 -0.57206214 0.81372177
vn 0.10296502 -0.57206214 0.81372177
vn 0.10296502 -0.57206214 0.81372177
vn 0.17577134 -0.97656595 0.12419092
vn 0.17577134 -0.97656595 0.12419092
vn 0.17577134 -0.97656595 0.12419092
vn 0.17510687 -0.97501120 0.13671411
vn 0.17510687 -0.97501120 0.13671411
vn 0.17510687 -0.97501120 0.13671411
vn 0.09312704 -0.42609244 -0.89987365
vn 0.09312704 -0.42609244 -0.89987365
vn 0.09312704 -0.42609244 -0.89987365
vn 0.15701979 -0.58316228 0.79703610
vn 0.15701979 -0.58316228 0.79703610
vn 0.15701979 -0.58316228 0.79703610
vn 0.13187919 -0.42445185 -0.89579490
vn 0.13187919 -0.42445185 -0.89579490
vn 0.13187919 -0.42445185 -0.89579490
vn 0.21841030 -0.59773617 0.77136788
vn 0.21841030 -0.59773617 0.77136788
vn 0.21841030 -0.59773617 0.77136788
vn 0.33673517 -0.92156275 0.19321367
vn 0.33673517 -0.92156275 0.19321367
vn 0.33673517 -0.92156275 0.19321367
vn 0.33555375 -0.91945186 0.20496819
vn 0.33555375 -0.91945186 0.20496819
vn 0.33555375 -0.91945186 0.20496819
vn 0.16788153 -0.41154905 -0.89579193
vn 0.16788153 -0.41154905 -0.89579193
vn 0.16788153 -0.41154905 -0.89579193
vn 0.26005523 -0.55596203 0.78947925
vn 0.26005523 -0.55596203 0.78947925
vn 0.26005523 -0.55596203 0.78947925
vn 0.19877099 -0.38804274 -0.89995163
vn 0.19877099 -0.38804274 -0.89995163
vn 0.19877099 -0.38804274 -0.89995163
vn 0.28992431 -0.50359911 0.81383772
vn 0.28992431 -0.50359911 0.81383772
vn 0.28992431 -0.50359911 0.81383772
vn 0.49507674 -0.85994160 0.12409463
vn 0.49507674 -0.85994160 0.12409463
vn 0.49507674 -0.85994160 0.12409463
vn 0.49452631 -0.85935530 0.13020060
vn 0.49452631 -0.85935530 0.13020060
vn 0.49452631 -0.85935530 0.13020060
vn 0.23149974 -0.36969004 -0.89985396
vn 0.23149974 -0.36969004 -0.89985396
vn 0.23149974 -0.36969004 -0.89985396
vn 0.34461371 -0.49591119 0.79706555
vn 0.34461371 -0.49591119 0.79706555
vn 0.34461371 -0.49591119 0.79706555
vn 0.26739873 -0.35502563 -0.89579837
vn 0.26739873 -0.35502563 -0.89579837
vn 0.26739873 -0.35502563 -0.89579837
vn 0.40737895 -0.48898440 0.77132136
vn 0.40737895 -0.48898440 0.77132136
vn 0.40737895 -0.48898440 0.77132136
vn 0.62802375 -0.75382843 0.19320680
vn 0.62802375 -0.75382843 0.19320680
vn 0.62802375 -0.75382843 0.19320680
vn 0.62618879 -0.75223104 0.20502698
vn 0.62618879 -0.75223104 0.20502698
vn 0.62618879 -0.75223104 0.20502698
vn 0.29691884 -0.33071501 -0.89580510
vn 0.29691884 -0.33071501 -0.89580510
vn 0.29691884 -0.33071501 -0.89580510
vn 0.44791554 -0.45216333 0.77131056
vn 0.44791554 -0.45216333 0.77131056
vn 0.44791554 -0.45216333 0.77131056
vn 0.32423882 -0.30395587 -0.89581249
vn 0.32423882 -0.30395587 -0.89581249
vn 0.32423882 -0.30395587 -0.89581249
vn 0.48512411 -0.41198182 0.77131419
vn 0.48512411 -0.41198182 0.77131419
vn 0.48512411 -0.41198182 0.77131419
vn 0.74815090 -0.63535204 0.19130606
vn 0.74815090 -0.63535204 0.19130606
vn 0.74815090 -0.63535204 0.19130606
vn 0.74540118 -0.63368018 0.20694569
vn 0.74540118 -0.63368018 0.20694569
vn 0.74540118 -0.63368018 0.20694569
vn 0.34916109 -0.27495158 -0.89581704
vn 0.34916109 -0.27495158 -0.89581704
vn 0.34916109 -0.27495158 -0.89581704
vn 0.50077286 -0.35512981 0.78937277
vn 0.50077286 -0.35512981 0.78937277
vn 0.50077286 -0.35512981 0.78937277
vn 0.36460476 -0.23938781 -0.89986490
vn 0.36460476 -0.23938781 -0.89986490
vn 0.36460476 -0.23938781 -0.89986490
vn 0.50090035 -0.29483543 0.81373885
vn 0.50090035 -0.29483543 0.81373885
vn 0.50090035 -0.29483543 0.81373885
vn 0.85592788 -0.50380858 0.11646619
vn 0.85592788 -0.50380858 0.11646619
vn 0.85592788 -0.50380858 0.11646619
vn 0.85340476 -0.50301825 0.13664901
vn 0.85340476 -0.50301825 0.13664901
vn 0.85340476 -0.50301825 0.13664901
vn 0.38383531 -0.20716007 -0.89986397
vn 0.38383531 -0.20716007 -0.89986397
vn 0.38383531 -0.20716007 -0.89986397
vn 0.54457133 -0.26109193 0.79704019
vn 0.54457133 -0.26109193 0.79704019
vn 0.54457133 -0.26109193 0.79704019
vn 0.40783567 -0.17669542 -0.89579506
vn 0.40783567 -0.17669542 -0.89579506
vn 0.40783567 -0.17669542 -0.89579506
vn 0.69344489 -0.26455494 0.67018271
vn 0.69344489 -0.26455494 0.67018271
vn 0.69344489 -0.26455494 0.67018271
vn 0.91416655 -0.34620025 0.21081959
vn 0.91416655 -0.34620025 0.21081959
vn 0.91416655 -0.34620025 0.21081959
vn 0.87706006 -0.32770228 0.35125043
vn 0.87706006 -0.32770228 0.35125043
vn 0.87706006 -0.32770228 0.35125043
vn 0.53712713 -0.17964697 -0.82414890
vn 0.53712713 -0.17964697 -0.82414890
vn 0.53712713 -0.17964697 -0.82414890
vn 0.81397052 -0.22842873 0.53410889
vn 0.81397052 -0.22842873 0.53410889
vn 0.81397052 -0.22842873 0.53410889
vn 0.55064332 -0.13282549 -0.82410517
vn 0.55064332 -0.13282549 -0.82410517
vn 0.55064332 -0.13282549 -0.82410517
vn 0.74320236 -0.13677848 0.65493656
vn 0.74320236 -0.13677848 0.65493656
vn 0.74320236 -0.13677848 0.65493656
vn 0.97531392 -0.18250032 0.12432374
vn 0.97531392 -0.18250032 0.12432374
vn 0.97531392 -0.18250032 0.12432374
vn 0.91380019 -0.17751102 0.36532047
vn 0.91380019 -0.17751102 0.36532047
vn 0.91380019 -0.17751102 0.36532047
vn 0.43125000 -0.06545196 -0.89985525
vn 0.43125000 -0.06545196 -0.89985525
vn 0.43125000 -0.06545196 -0.89985525
vn 0.57822453 -0.05897834 0.81374317
vn 0.57822453 -0.05897834 0.81374317
vn 0.57822453 -0.05897834 0.81374317
vn 0.43525184 -0.02813595 -0.89986899
vn 0.43525184 -0.02813595 -0.89986899
vn 0.43525184 -0.02813595 -0.89986899
vn 0.58115157 -0.00905325 0.81374498
vn 0.58115157 -0.00905325 0.81374498
vn 0.58115157 -0.00905325 0.81374498
vn 0.99291238 -0.01546777 0.11783784
vn 0.99291238 -0.01546777 0.11783784
vn 0.99291238 -0.01546777 0.11783784
vn 0.99154051 -0.01577941 0.12883485
vn 0.99154051 -0.01577941 0.12883485
vn 0.99154051 -0.01577941 0.12883485
vn 0.43606294 0.00938471 -0.89986723
vn 0.43606294 0.00938471 -0.89986723
vn 0.43606294 0.00938471 -0.89986723
vn 0.57973953 0.04093687 0.81377285
vn 0.57973953 0.04093687 0.81377285
vn 0.57973953 0.04093687 0.81377285
vn 0.43368704 0.04684093 -0.89984525
vn 0.43368704 0.04684093 -0.89984525
vn 0.43368704 0.04684093 -0.89984525
vn 0.57404720 0.09061654 0.81379264
vn 0.57404720 0.09061654 0.81379264
vn 0.57404720 0.09061654 0.81379264
vn 0.98012802 0.15471859 0.12414196
vn 0.98012802 0.15471859 0.12414196
vn 0.98012802 0.15471859 0.12414196
vn 0.97939254 0.15441798 0.13017428
vn 0.97939254 0.15441798 0.13017428
vn 0.97939254 0.15441798 0.13017428
vn 0.42802858 0.08394422 -0.89985827
vn 0.42802858 0.08394422 -0.89985827
vn 0.42802858 0.08394422 -0.89985827
vn 0.58637066 0.14442775 0.79706341
vn 0.58637066 0.14442775 0.79706341
vn 0.58637066 0.14442775 0.79706341
vn 0.42720559 0.12272060 -0.89578739
vn 0.42720559 0.12272060 -0.89578739
vn 0.42720559 0.12272060 -0.89578739
vn 0.60231643 0.20550510 0.77135114
vn 0.60231643 0.20550510 0.77135114
vn 0.60231643 0.20550510 0.77135114
vn 0.92859846 0.31682964 0.19319387
vn 0.92859846 0.31682964 0.19319387
vn 0.92859846 0.31682964 0.19319387
vn 0.92647256 0.31569910 0.20489675
vn 0.92647256 0.31569910 0.20489675
vn 0.92647256 0.31569910 0.20489675
vn 0.41506941 0.15898812 -0.89579025
vn 0.41506941 0.15898812 -0.89579025
vn 0.41506941 0.15898812 -0.89579025
vn 0.58236736 0.25649899 0.77139907
vn 0.58236736 0.25649899 0.77139907
vn 0.58236736 0.25649899 0.77139907
vn 0.39987259 0.19408524 -0.89578615
vn 0.39987259 0.19408524 -0.89578615
vn 0.39987259 0.19408524 -0.89578615
vn 0.53808898 0.29540902 0.78942622
vn 0.53808898 0.29540902 0.78942622
vn 0.53808898 0.29540902 0.78942622
vn 0.87004340 0.47707059 0.12421006
vn 0.87004340 0.47707059 0.12421006
vn 0.87004340 0.47707059 0.12421006
vn 0.85907229 0.46823568 0.20676109
vn 0.85907229 0.46823568 0.20676109
vn 0.85907229 0.46823568 0.20676109
vn 0.37457749 0.22348766 -0.89985831
vn 0.37457749 0.22348766 -0.89985831
vn 0.37457749 0.22348766 -0.89985831
vn 0.50324606 0.33388652 0.79703400
vn 0.50324606 0.33388652 0.79703400
vn 0.50324606 0.33388652 0.79703400
vn 0.36067081 0.25967920 -0.89581431
vn 0.36067081 0.25967920 -0.89581431
vn 0.36067081 0.25967920 -0.89581431
vn 0.49765503 0.39677867 0.77130160
vn 0.49765503 0.39677867 0.77130160
vn 0.49765503 0.39677867 0.77130160
vn 0.76547814 0.60997533 0.20487389
vn 0.76660567 0.61121207 0.19681352
vn 0.76658474 0.61118897 0.19696672
vn 0.76545630 0.60995152 0.20502633
vn 0.33702099 0.28972970 -0.89580888
vn 0.33702099 0.28972970 -0.89580888
vn 0.33702099 0.28972970 -0.89580888
vn 0.46166569 0.43805545 0.77134442
vn 0.46166569 0.43805545 0.77134442
vn 0.46166569 0.43805545 0.77134442
vn 0.31089920 0.31766172 -0.89578609
vn 0.31089920 0.31766172 -0.89578609
vn 0.31089920 0.31766172 -0.89578609
vn 0.49509684 0.55293534 0.67018030
vn 0.49509684 0.55293534 0.67018030
vn 0.49509684 0.55293534 0.67018030
vn 0.65085799 0.73050702 0.20674468
vn 0.65085799 0.73050702 0.20674468
vn 0.65085799 0.73050702 0.20674468
vn 0.61965054 0.70185723 0.35132554
vn 0.61965054 0.70185723 0.35132554
vn 0.61965054 0.70185723 0.35132554
vn 0.35990219 0.43734287 -0.82413690
vn 0.35990219 0.43734287 -0.82413690
vn 0.35990219 0.43734287 -0.82413690
vn 0.44763281 0.60897042 0.65481286
vn 0.44763281 0.60897042 0.65481286
vn 0.44763281 0.60897042 0.65481286
vn 0.24718032 0.35937426 -0.89986223
vn 0.24718032 0.35937426 -0.89986223
vn 0.24718032 0.35937426 -0.89986223
vn 0.30553485 0.49442482 0.81375215
vn 0.30553485 0.49442482 0.81375215
vn 0.30553485 0.49442482 0.81375215
vn 0.52210790 0.84488916 0.11647166
vn 0.52210790 0.84488916 0.11647166
vn 0.52210790 0.84488916 0.11647166
vn 0.52126464 0.84238683 0.13662943
vn 0.52126464 0.84238683 0.13662943
vn 0.52126464 0.84238683 0.13662943
vn 0.21536938 0.37928760 -0.89986496
vn 0.21536938 0.37928760 -0.89986496
vn 0.21536938 0.37928760 -0.89986496
vn 0.27275714 0.53884340 0.79702656
vn 0.27275714 0.53884340 0.79702656
vn 0.27275714 0.53884340 0.79702656
vn 0.18541721 0.40391389 -0.89580915
vn 0.18541721 0.40391389 -0.89580915
vn 0.18541721 0.40391389 -0.89580915
vn 0.27943540 0.68764971 0.67011472
vn 0.27943540 0.68764971 0.67011472
vn 0.27943540 0.68764971 0.67011472
vn 0.36585145 0.90666986 0.21000590
vn 0.36585145 0.90666986 0.21000590
vn 0.36585145 0.90666986 0.21000590
vn 0.34598401 0.86872667 0.35441365
vn 0.34598401 0.86872667 0.35441365
vn 0.34598401 0.86872667 0.35441365
vn 0.19113814 0.53306606 -0.82420070
vn 0.19113814 0.53306606 -0.82420070
vn 0.19113814 0.53306606 -0.82420070
vn 0.22174126 0.74116041 0.63364980
vn 0.22174126 0.74116041 0.63364980
vn 0.22174126 0.74116041 0.63364980
vn 0.11349044 0.42970982 -0.89580656
vn 0.11349044 0.42970982 -0.89580656
vn 0.11349044 0.42970982 -0.89580656
vn 0.13214304 0.62260333 0.77129976
vn 0.13214304 0.62260333 0.77129976
vn 0.13214304 0.62260333 0.77129976
vn 0.20355681 0.95907541 0.19682220
vn 0.20355681 0.95907541 0.19682220
vn 0.20355681 0.95907541 0.19682220
vn 0.20344784 0.95696070 0.20696665
vn 0.20344784 0.95696070 0.20696665
vn 0.20344784 0.95696070 0.20696665
vn 0.07612853 0.43786203 -0.89581320
vn 0.07612853 0.43786203 -0.89581320
vn 0.07612853 0.43786203 -0.89581320
vn 0.07811999 0.63158002 0.77136499
vn 0.07811999 0.63158002 0.77136499
vn 0.07811999 0.63158002 0.77136499
vn 0.03821011 0.44284453 -0.89578385
vn 0.03821011 0.44284453 -0.89578385
vn 0.03821011 0.44284453 -0.89578385
vn 0.03820895 0.97807520 0.20471683
vn 0.03820895 0.97807520 0.20471683
vn 0.03820895 0.97807520 0.20471683
vn 0.03613221 0.99232522 0.11825868
vn 0.03613221 0.99232522 0.11825868
vn 0.03613221 0.99232522 0.11825868
vn 0.02207981 0.61440863 0.78867897
vn 0.02207981 0.61440863 0.78867897
vn 0.02207981 0.61440863 0.78867897
vn -0.36508250 0.88474519 0.28972523
vn -0.36508250 0.88474519 0.28972523
vn -0.36508250 0.88474519 0.28972523
vn -0.29096617 0.91652259 0.27445405
vn -0.29096617 0.91652259 0.27445405
vn -0.29096617 0.91652259 0.27445405
vn -0.03088871 0.71569467 0.69772991
vn -0.03088871 0.71569467 0.69772991
vn -0.03088871 0.71569467 0.69772991
vn -0.00000014 0.43748001 -0.89922813
vn -0.00000014 0.43748001 -0.89922813
vn -0.00000014 0.43748001 -0.89922813
vn -0.10328001 0.50564843 0.85653541
vn -0.10328001 0.50564843 0.85653541
vn -0.10328001 0.50564843 0.85653541
vn -0.16661209 0.63084316 -0.75781087
vn -0.16661209 0.63084316 -0.75781087
vn -0.16661209 0.63084316 -0.75781087
vn -0.09221983 0.60941417 0.78747055
vn -0.09221983 0.60941417 0.78747055
vn -0.09221983 0.60941417 0.78747055
vn -0.05609236 0.65009032 -0.75778375
vn -0.05609236 0.65009032 -0.75778375
vn -0.05609236 0.65009032 -0.75778375
vn -0.66247622 0.03835540 0.74810034
vn -0.66247622 0.03835540 0.74810034
vn -0.66247622 0.03835540 0.74810034
vn -0.65067538 0.03845434 0.75838171
vn -0.65067538 0.03845434 0.75838171
vn -0.65067538 0.03845434 0.75838171
vn -0.65250650 -0.01606882 0.75761274
vn -0.65250650 -0.01606882 0.75761274
vn -0.65250650 -0.01606882 0.75761274
vn -0.67302015 -0.01828811 0.73939801
vn -0.67302015 -0.01828811 0.73939801
vn -0.67302015 -0.01828811 0.73939801
vn -0.67034826 -0.07599924 0.73814452
vn -0.67034826 -0.07599924 0.73814452
vn -0.67034826 -0.07599924 0.73814452
vn -0.65204127 -0.07526638 0.75443831
vn -0.65204127 -0.07526638 0.75443831
vn -0.65204127 -0.07526638 0.75443831
vn -0.64818929 -0.13194123 0.74996143
vn -0.64818929 -0.13194123 0.74996143
vn -0.64818929 -0.13194123 0.74996143
vn -0.63326264 -0.12798535 0.76328119
vn -0.63326264 -0.12798535 0.76328119
vn -0.63326264 -0.12798535 0.76328119
vn -0.62654526 -0.18222655 0.75778264
vn -0.62654526 -0.18222655 0.75778264
vn -0.62654526 -0.18222655 0.75778264
vn -0.64445674 -0.18900208 0.74091411
vn -0.64445674 -0.18900208 0.74091411
vn -0.64445674 -0.18900208 0.74091411
vn -0.62672176 -0.24242627 0.74057366
vn -0.62672176 -0.24242627 0.74057366
vn -0.62672176 -0.24242627 0.74057366
vn -0.64741121 -0.25256161 0.71907674
vn -0.64741121 -0.25256161 0.71907674
vn -0.64741121 -0.25256161 0.71907674
vn -0.62689489 -0.31194433 0.71392824
vn -0.62689489 -0.31194433 0.71392824
vn -0.62689489 -0.31194433 0.71392824
vn -0.58526894 -0.28747929 0.75816616
vn -0.58526894 -0.28747929 0.75816616
vn -0.58526894 -0.28747929 0.75816616
vn -0.56540638 -0.33940927 0.75174262
vn -0.56540638 -0.33940927 0.75174262
vn -0.56540638 -0.33940927 0.75174262
vn -0.58416241 -0.35294229 0.73088031
vn -0.58416241 -0.35294229 0.73088031
vn -0.58416241 -0.35294229 0.73088031
vn -0.55051403 -0.40323101 0.73098499
vn -0.55051403 -0.40323101 0.73098499
vn -0.55051403 -0.40323101 0.73098499
vn -0.53706260 -0.39190907 0.74697459
vn -0.53706260 -0.39190907 0.74697459
vn -0.53706260 -0.39190907 0.74697459
vn -0.50469102 -0.43970252 0.74293248
vn -0.50469102 -0.43970252 0.74293248
vn -0.50469102 -0.43970252 0.74293248
vn -0.49472435 -0.42967743 0.75539733
vn -0.49472435 -0.42967743 0.75539733
vn -0.49472435 -0.42967743 0.75539733
vn -0.46095686 -0.47735906 0.74809565
vn -0.46095686 -0.47735906 0.74809565
vn -0.46095686 -0.47735906 0.74809565
vn -0.45334756 -0.46835608 0.75836572
vn -0.45334756 -0.46835608 0.75836572
vn -0.45334756 -0.46835608 0.75836572
vn -0.41393051 -0.50463935 0.75762831
vn -0.41393051 -0.50463935 0.75762831
vn -0.41393051 -0.50463935 0.75762831
vn -0.43157308 -0.53056882 0.72954877
vn -0.43157308 -0.53056882 0.72954877
vn -0.43157308 -0.53056882 0.72954877
vn -0.38499975 -0.56619124 0.72883652
vn -0.38499975 -0.56619124 0.72883652
vn -0.38499975 -0.56619124 0.72883652
vn -0.38871347 -0.57077821 0.72326625
vn -0.38871347 -0.57077821 0.72326625
vn -0.38871347 -0.57077821 0.72326625
vn -0.33947270 -0.60866714 0.71713499
vn -0.33947270 -0.60866714 0.71713499
vn -0.33947270 -0.60866714 0.71713499
vn -0.33178643 -0.59181876 0.73462121
vn -0.33178643 -0.59181876 0.73462121
vn -0.33178643 -0.59181876 0.73462121
vn -0.28341346 -0.62781009 0.72493538
vn -0.28341346 -0.62781009 0.72493538
vn -0.28341346 -0.62781009 0.72493538
vn -0.28191365 -0.62359232 0.72914835
vn -0.28191365 -0.62359232 0.72914835
vn -0.28191365 -0.62359232 0.72914835
vn -0.22712778 -0.64494853 0.72969471
vn -0.22711518 -0.64489953 0.72974194
vn -0.22681839 -0.64374482 0.73085294
vn -0.22680561 -0.64369511 0.73090069
vn -0.17120499 -0.66049361 0.73105201
vn -0.17120499 -0.66049361 0.73105201
vn -0.17120499 -0.66049361 0.73105201
vn -0.17332101 -0.67297523 0.71907174
vn -0.17332101 -0.67297523 0.71907174
vn -0.17332101 -0.67297523 0.71907174
vn -0.11359330 -0.69090007 0.71397034
vn -0.11359330 -0.69090007 0.71397034
vn -0.11359330 -0.69090007 0.71397034
vn -0.11024227 -0.65289162 0.74938587
vn -0.11024227 -0.65289162 0.74938587
vn -0.11024227 -0.65289162 0.74938587
vn -0.05240234 -0.66097963 0.74857192
vn -0.05240234 -0.66097963 0.74857192
vn -0.05240234 -0.66097963 0.74857192
vn -0.05219495 -0.64800104 0.75984889
vn -0.05219495 -0.64800104 0.75984889
vn -0.05219495 -0.64800104 0.75984889
vn 0.00390558 -0.65326161 0.75712219
vn 0.00389310 -0.65309011 0.75727020
vn 0.00351655 -0.64789891 0.76171821
vn 0.00350361 -0.64772001 0.76187040
vn 0.06003742 -0.64921687 0.75823015
vn 0.06003742 -0.64921687 0.75823015
vn 0.06003742 -0.64921687 0.75823015
vn 0.06020555 -0.65758087 0.75097450
vn 0.06020555 -0.65758087 0.75097450
vn 0.06020555 -0.65758087 0.75097450
vn 0.11848168 -0.65620793 0.74522027
vn 0.11848168 -0.65620793 0.74522027
vn 0.11848168 -0.65620793 0.74522027
vn 0.11626617 -0.64751218 0.75313356
vn 0.11626617 -0.64751218 0.75313356
vn 0.11626617 -0.64751218 0.75313356
vn 0.17160197 -0.63580585 0.75253151
vn 0.17162036 -0.63585842 0.75248290
vn 0.17211761 -0.63727941 0.75116608
vn 0.17213685 -0.63733437 0.75111504
vn 0.22804943 -0.62442780 0.74704979
vn 0.22796825 -0.62424735 0.74722535
vn 0.22597765 -0.61982029 0.75150310
vn 0.22589844 -0.61964401 0.75167227
vn 0.28339006 -0.60525408 0.74388008
vn 0.28339006 -0.60525408 0.74388008
vn 0.28339006 -0.60525408 0.74388008
vn 0.27546446 -0.59073790 0.75838517
vn 0.27546446 -0.59073790 0.75838517
vn 0.27546446 -0.59073790 0.75838517
vn 0.32317415 -0.56703313 0.75764893
vn 0.32317415 -0.56703313 0.75764893
vn 0.32317415 -0.56703313 0.75764893
vn 0.34134602 -0.59316863 0.72913227
vn 0.34134602 -0.59316863 0.72913227
vn 0.34134602 -0.59316863 0.72913227
vn 0.39159337 -0.56057165 0.72966709
vn 0.39159337 -0.56057165 0.72966709
vn 0.39159337 -0.56057165 0.72966709
vn 0.38259931 -0.54960186 0.74266787
vn 0.38259931 -0.54960186 0.74266787
vn 0.38259931 -0.54960186 0.74266787
vn 0.43261747 -0.51763262 0.73817247
vn 0.43261747 -0.51763262 0.73817247
vn 0.43261747 -0.51763262 0.73817247
vn 0.41701935 -0.50131672 0.75814010
vn 0.41701935 -0.50131672 0.75814010
vn 0.41701935 -0.50131672 0.75814010
vn 0.46439436 -0.46870666 0.75143326
vn 0.46439436 -0.46870666 0.75143326
vn 0.46439436 -0.46870666 0.75143326
vn 0.46003793 -0.46486275 0.75648379
vn 0.46003793 -0.46486275 0.75648379
vn 0.46003793 -0.46486275 0.75648379
vn 0.49847922 -0.42526407 0.75542633
vn 0.49847922 -0.42526407 0.75542633
vn 0.49847922 -0.42526407 0.75542633
vn 0.51310967 -0.43587999 0.73940997
vn 0.51310967 -0.43587999 0.73940997
vn 0.51310967 -0.43587999 0.73940997
vn 0.54966717 -0.39115863 0.73814696
vn 0.54966717 -0.39115863 0.73814696
vn 0.54966717 -0.39115863 0.73814696
vn 0.56245730 -0.40196114 0.72254344
vn 0.56245730 -0.40196114 0.72254344
vn 0.56245730 -0.40196114 0.72254344
vn 0.60305803 -0.35231002 0.71568056
vn 0.60305803 -0.35231002 0.71568056
vn 0.60305803 -0.35231002 0.71568056
vn 0.57581965 -0.33900017 0.74398294
vn 0.57581965 -0.33900017 0.74398294
vn 0.57581965 -0.33900017 0.74398294
vn 0.60422888 -0.28973829 0.74226625
vn 0.60422888 -0.28973829 0.74226625
vn 0.60422888 -0.28973829 0.74226625
vn 0.59577404 -0.28491338 0.75091788
vn 0.59577404 -0.28491338 0.75091788
vn 0.59577404 -0.28491338 0.75091788
vn 0.61914528 -0.23483958 0.74933937
vn 0.61914528 -0.23483958 0.74933937
vn 0.61914528 -0.23483958 0.74933937
vn 0.63951306 -0.24066915 0.73013794
vn 0.63951306 -0.24066915 0.73013794
vn 0.63951306 -0.24066915 0.73013794
vn 0.65832380 -0.18508403 0.72962571
vn 0.65832380 -0.18508403 0.72962571
vn 0.65832380 -0.18508403 0.72962571
vn 0.66718049 -0.18831543 0.72069930
vn 0.66718049 -0.18831543 0.72069930
vn 0.66718049 -0.18831543 0.72069930
vn 0.68680692 -0.12748276 0.71557278
vn 0.68680692 -0.12748276 0.71557278
vn 0.68680692 -0.12748276 0.71557278
vn 0.64038238 -0.12139051 0.75840277
vn 0.64038238 -0.12139051 0.75840277
vn 0.64038238 -0.12139051 0.75840277
vn 0.64897790 -0.06904565 0.75766773
vn 0.64897790 -0.06904565 0.75766773
vn 0.64897790 -0.06904565 0.75766773
vn 0.68318853 -0.06960430 0.72691724
vn 0.68318853 -0.06960430 0.72691724
vn 0.68318853 -0.06960430 0.72691724
vn 0.68747267 -0.01127883 0.72612266
vn 0.68747267 -0.01127883 0.72612266
vn 0.68747267 -0.01127883 0.72612266
vn 0.66048417 -0.00850903 0.75079176
vn 0.66048417 -0.00850903 0.75079176
vn 0.66048417 -0.00850903 0.75079176
vn 0.66499972 0.04514204 0.74547808
vn 0.66499972 0.04514204 0.74547808
vn 0.66499972 0.04514204 0.74547808
vn 0.68268700 0.04792143 0.72913785
vn 0.68268700 0.04792143 0.72913785
vn 0.68268700 0.04792143 0.72913785
vn 0.67512227 0.10866466 0.72965877
vn 0.67512227 0.10866466 0.72965877
vn 0.67512227 0.10866466 0.72965877
vn 0.64387146 0.10151738 0.75836915
vn 0.64387146 0.10151738 0.75836915
vn 0.64387146 0.10151738 0.75836915
vn 0.63382616 0.15607966 0.75756421
vn 0.63382616 0.15607966 0.75756421
vn 0.63382616 0.15607966 0.75756421
vn 0.64091587 0.15838871 0.75109245
vn 0.64091587 0.15838871 0.75109245
vn 0.64091587 0.15838871 0.75109245
vn 0.62903301 0.21538135 0.74694601
vn 0.62903301 0.21538135 0.74694601
vn 0.62903301 0.21538135 0.74694601
vn 0.61156377 0.20814838 0.76332431
vn 0.61156377 0.20814838 0.76332431
vn 0.61156377 0.20814838 0.76332431
vn 0.59748694 0.26270580 0.75762459
vn 0.59753015 0.26272839 0.75758268
vn 0.59862277 0.26329964 0.75652103
vn 0.59865836 0.26331825 0.75648640
vn 0.57569186 0.31284245 0.75545251
vn 0.57569186 0.31284245 0.75545251
vn 0.57569186 0.31284245 0.75545251
vn 0.59742316 0.32703895 0.73220974
vn 0.59742316 0.32703895 0.73220974
vn 0.59742316 0.32703895 0.73220974
vn 0.56949465 0.37988744 0.72894538
vn 0.56949465 0.37988744 0.72894538
vn 0.56949465 0.37988744 0.72894538
vn 0.55857403 0.37126399 0.74172643
vn 0.55857403 0.37126399 0.74172643
vn 0.55857403 0.37126399 0.74172643
vn 0.53052673 0.42402646 0.73399111
vn 0.53052673 0.42402646 0.73399111
vn 0.53052673 0.42402646 0.73399111
vn 0.51798880 0.41243521 0.74938962
vn 0.51798880 0.41243521 0.74938962
vn 0.51798880 0.41243521 0.74938962
vn 0.48046105 0.45695435 0.74856523
vn 0.48046105 0.45695435 0.74856523
vn 0.48046105 0.45695435 0.74856523
vn 0.46976422 0.44543487 0.76217410
vn 0.46976422 0.44543487 0.76217410
vn 0.46976422 0.44543487 0.76217410
vn 0.43084866 0.48531487 0.76081464
vn 0.43084866 0.48531487 0.76081464
vn 0.43084866 0.48531487 0.76081464
vn 0.42966980 0.48380259 0.76244273
vn 0.42966980 0.48380259 0.76244273
vn 0.42966980 0.48380259 0.76244273
vn 0.39057694 0.52118804 0.75882322
vn 0.39057694 0.52118804 0.75882322
vn 0.39057694 0.52118804 0.75882322
vn 0.40597521 0.54540497 0.73329227
vn 0.40597521 0.54540497 0.73329227
vn 0.40597521 0.54540497 0.73329227
vn 0.36120333 0.58907415 0.72285808
vn 0.36120333 0.58907415 0.72285808
vn 0.36120333 0.58907415 0.72285808
vn 0.34448538 0.55737204 0.75542453
vn 0.34448538 0.55737204 0.75542453
vn 0.34448538 0.55737204 0.75542453
vn 0.29715910 0.58697561 0.75309767
vn 0.29715910 0.58697561 0.75309767
vn 0.29715910 0.58697561 0.75309767
vn 0.30745697 0.60444510 0.73492607
vn 0.30745697 0.60444510 0.73492607
vn 0.30745697 0.60444510 0.73492607
vn 0.25304404 0.63614092 0.72889879
vn 0.25304404 0.63614092 0.72889879
vn 0.25304404 0.63614092 0.72889879
vn 0.24253747 0.60370996 0.75941415
vn 0.24253747 0.60370996 0.75941415
vn 0.24253747 0.60370996 0.75941415
vn 0.19135623 0.62848693 0.75391443
vn 0.19136752 0.62853422 0.75387214
vn 0.19165156 0.62972388 0.75280642
vn 0.19166060 0.62976174 0.75277246
vn 0.13703708 0.64752592 0.74962058
vn 0.13703708 0.64752592 0.74962058
vn 0.13703708 0.64752592 0.74962058
vn 0.13576019 0.63857730 0.75748809
vn 0.13576019 0.63857730 0.75748809
vn 0.13576019 0.63857730 0.75748809
vn 0.08270015 0.65281175 0.75299236
vn 0.08270015 0.65281175 0.75299236
vn 0.08270015 0.65281175 0.75299236
vn 0.08365901 0.67546884 0.73262747
vn 0.08365901 0.67546884 0.73262747
vn 0.08365901 0.67546884 0.73262747
vn 0.02505364 0.68945795 0.72389229
vn 0.02505364 0.68945795 0.72389229
vn 0.02505364 0.68945795 0.72389229
vn 0.02551389 0.67941379 0.73331163
vn 0.02551389 0.67941379 0.73331163
vn 0.02551389 0.67941379 0.73331163
vn -0.03594853 0.69000002 0.72291610
vn -0.03594853 0.69000002 0.72291610
vn -0.03594853 0.69000002 0.72291610
vn -0.03120214 0.65101640 0.75842209
vn -0.03120214 0.65101640 0.75842209
vn -0.03120214 0.65101640 0.75842209
vn -0.08794023 0.64774128 0.75676796
vn -0.08793535 0.64771697 0.75678934
vn -0.08779456 0.64701675 0.75740441
vn -0.08778989 0.64699353 0.75742479
vn -0.14342021 0.63933729 0.75543264
vn -0.14342021 0.63933729 0.75543264
vn -0.14342021 0.63933729 0.75543264
vn -0.14699390 0.66207620 0.73487951
vn -0.14699390 0.66207620 0.73487951
vn -0.14699390 0.66207620 0.73487951
vn -0.20857452 0.65141711 0.72948778
vn -0.20857452 0.65141711 0.72948778
vn -0.20857452 0.65141711 0.72948778
vn -0.19684894 0.62133205 0.75841742
vn -0.19684894 0.62133205 0.75841742
vn -0.19684894 0.62133205 0.75841742
vn -0.25015308 0.60390820 0.75678156
vn -0.25015308 0.60390820 0.75678156
vn -0.25015308 0.60390820 0.75678156
vn -0.25305287 0.60979445 0.75107588
vn -0.25305287 0.60979445 0.75107588
vn -0.25305287 0.60979445 0.75107588
vn -0.30701413 0.58971228 0.74698176
vn -0.30701413 0.58971228 0.74698176
vn -0.30701413 0.58971228 0.74698176
vn -0.30203584 0.58154618 0.75536640
vn -0.30203584 0.58154618 0.75536640
vn -0.30203584 0.58154618 0.75536640
vn -0.35378028 0.56094446 0.74845229
vn -0.35378028 0.56094446 0.74845229
vn -0.35378028 0.56094446 0.74845229
vn -0.36392304 0.57428858 0.73331620
vn -0.36392304 0.57428858 0.73331620
vn -0.36392304 0.57428858 0.73331620
vn -0.42089928 0.54801521 0.72285761
vn -0.42089928 0.54801521 0.72285761
vn -0.42089928 0.54801521 0.72285761
vn -0.39352809 0.51677532 0.76031501
vn -0.39352809 0.51677532 0.76031501
vn -0.39352809 0.51677532 0.76031501
vn -0.43850677 0.48290379 0.75796817
vn -0.43850677 0.48290379 0.75796817
vn -0.43850677 0.48290379 0.75796817
vn -0.46267345 0.51353498 0.72264452
vn -0.46267345 0.51353498 0.72264452
vn -0.46267345 0.51353498 0.72264452
vn -0.51402895 0.47286893 0.71565998
vn -0.51402895 0.47286893 0.71565998
vn -0.51402895 0.47286893 0.71565998
vn -0.48549864 0.45025957 0.74937133
vn -0.48549864 0.45025957 0.74937133
vn -0.48549864 0.45025957 0.74937133
vn -0.52990251 0.41198436 0.74126393
vn -0.52990251 0.41198436 0.74126393
vn -0.52990251 0.41198436 0.74126393
vn -0.52497418 0.40871968 0.74655899
vn -0.52497418 0.40871968 0.74655899
vn -0.52497418 0.40871968 0.74655899
vn -0.55898975 0.36150150 0.74622191
vn -0.55898975 0.36150150 0.74622191
vn -0.55898975 0.36150150 0.74622191
vn -0.54531991 0.35391153 0.75985053
vn -0.54531991 0.35391153 0.75985053
vn -0.54531991 0.35391153 0.75985053
vn -0.57598058 0.30801134 0.75721555
vn -0.57598058 0.30801134 0.75721555
vn -0.57598058 0.30801134 0.75721555
vn -0.59212394 0.31508473 0.74169458
vn -0.59212394 0.31508473 0.74169458
vn -0.59212394 0.31508473 0.74169458
vn -0.62445172 0.26655820 0.73417081
vn -0.62445172 0.26655820 0.73417081
vn -0.62445172 0.26655820 0.73417081
vn -0.62535593 0.26685844 0.73329157
vn -0.62535593 0.26685844 0.73329157
vn -0.62535593 0.26685844 0.73329157
vn -0.65736037 0.21300259 0.72284662
vn -0.65736037 0.21300259 0.72284662
vn -0.65736037 0.21300259 0.72284662
vn -0.61928200 0.20333131 0.75838393
vn -0.61928200 0.20333131 0.75838393
vn -0.61928200 0.20333131 0.75838393
vn -0.63526150 0.15004436 0.75758136
vn -0.63526150 0.15004436 0.75758136
vn -0.63526150 0.15004436 0.75758136
vn -0.64721711 0.15195340 0.74700748
vn -0.64721711 0.15195340 0.74700748
vn -0.64721711 0.15195340 0.74700748
vn -0.66240648 0.09606558 0.74295966
vn -0.66240648 0.09606558 0.74295966
vn -0.66240648 0.09606558 0.74295966
vn -0.64833233 0.09504498 0.75540165
vn -0.64833233 0.09504498 0.75540165
vn -0.64833233 0.09504498 0.75540165
vn -0.03916722 0.17404788 -0.98395796
vn -0.03916722 0.17404788 -0.98395796
vn -0.03916722 0.17404788 -0.98395796
vn -0.06777168 0.21346260 -0.97459772
vn -0.06777168 0.21346260 -0.97459772
vn -0.06777168 0.21346260 -0.97459772
vn -0.07488648 0.14430173 -0.98669602
vn -0.07303990 0.14044634 -0.98739050
vn -0.07308588 0.14054234 -0.98737344
vn -0.08483715 0.13363825 -0.98739226
vn -0.08483715 0.13363825 -0.98739226
vn -0.08483715 0.13363825 -0.98739226
vn -0.12152104 0.15928859 -0.97972434
vn -0.12152104 0.15928859 -0.97972434
vn -0.12152104 0.15928859 -0.97972434
vn -0.14706125 0.13616532 -0.97971016
vn -0.14706125 0.13616532 -0.97971016
vn -0.14706125 0.13616532 -0.97971016
vn -0.12496546 0.09716224 -0.98739209
vn -0.12496546 0.09716224 -0.98739209
vn -0.12496546 0.09716224 -0.98739209
vn -0.13976761 0.07432364 -0.98739101
vn -0.13976761 0.07432364 -0.98739101
vn -0.13976761 0.07432364 -0.98739101
vn -0.20604242 0.08776141 -0.97459964
vn -0.20604242 0.08776141 -0.97459964
vn -0.20604242 0.08776141 -0.97459964
vn -0.15410887 0.03616842 -0.98739167
vn -0.15410887 0.03616842 -0.98739167
vn -0.15410887 0.03616842 -0.98739167
vn -0.16607622 0.00931696 -0.98606890
vn -0.16607622 0.00931696 -0.98606890
vn -0.16607622 0.00931696 -0.98606890
vn -0.17474029 -0.03564178 -0.98396926
vn -0.17474029 -0.03564178 -0.98396926
vn -0.17474029 -0.03564178 -0.98396926
vn -0.15979615 -0.04669218 -0.98604515
vn -0.15979615 -0.04669218 -0.98604515
vn -0.15979615 -0.04669218 -0.98604515
vn -0.17970212 -0.08859641 -0.97972334
vn -0.17970212 -0.08859641 -0.97972334
vn -0.17970212 -0.08859641 -0.97972334
vn -0.13543540 -0.08194355 -0.98739177
vn -0.13543540 -0.08194355 -0.98739177
vn -0.13543540 -0.08194355 -0.98739177
vn -0.11939218 -0.10392762 -0.98739281
vn -0.11939218 -0.10392762 -0.98739281
vn -0.11939218 -0.10392762 -0.98739281
vn -0.10975590 -0.11395641 -0.98740447
vn -0.10975590 -0.11395641 -0.98740447
vn -0.10975590 -0.11395641 -0.98740447
vn -0.11537029 -0.16963206 -0.97873115
vn -0.11522409 -0.16943419 -0.97878264
vn -0.11522837 -0.16943998 -0.97878114
vn -0.08246186 -0.18259990 -0.97972308
vn -0.08246186 -0.18259990 -0.97972308
vn -0.08246186 -0.18259990 -0.97972308
vn -0.06817369 -0.19332871 -0.97876267
vn -0.06645822 -0.18900977 -0.97972374
vn -0.06650871 -0.18913688 -0.97969578
vn -0.03309974 -0.19759871 -0.97972402
vn -0.03309974 -0.19759871 -0.97972402
vn -0.03309974 -0.19759871 -0.97972402
vn -0.01311592 -0.16204420 -0.98669633
vn -0.01263434 -0.15779260 -0.98739145
vn -0.01264633 -0.15789846 -0.98737437
vn 0.01483447 -0.16189308 -0.98669680
vn 0.01458049 -0.15761886 -0.98739238
vn 0.01458682 -0.15772528 -0.98737529
vn 0.02869654 -0.16001679 -0.98669708
vn 0.02807590 -0.15577906 -0.98739284
vn 0.02809135 -0.15588457 -0.98737575
vn 0.05434631 -0.14867120 -0.98739220
vn 0.05434631 -0.14867120 -0.98739220
vn 0.05434631 -0.14867120 -0.98739220
vn 0.06692629 -0.14345103 -0.98739185
vn 0.06692629 -0.14345103 -0.98739185
vn 0.06692629 -0.14345103 -0.98739185
vn 0.11455713 -0.16437149 -0.97972378
vn 0.11455713 -0.16437149 -0.97972378
vn 0.11455713 -0.16437149 -0.97972378
vn 0.11141480 -0.11244155 -0.98739234
vn 0.11141480 -0.11244155 -0.98739234
vn 0.11141480 -0.11244155 -0.98739234
vn 0.12066664 -0.10244583 -0.98739274
vn 0.12066664 -0.10244583 -0.98739274
vn 0.12066664 -0.10244583 -0.98739274
vn 0.17269184 -0.10159480 -0.97972242
vn 0.17269184 -0.10159480 -0.97972242
vn 0.17269184 -0.10159480 -0.97972242
vn 0.14282991 -0.06823870 -0.98739207
vn 0.14282991 -0.06823870 -0.98739207
vn 0.14282991 -0.06823870 -0.98739207
vn 0.14817071 -0.05570930 -0.98739147
vn 0.14817071 -0.05570930 -0.98739147
vn 0.14817071 -0.05570930 -0.98739147
vn 0.15780796 0.01147219 -0.98740318
vn 0.15780796 0.01147219 -0.98740318
vn 0.15780796 0.01147219 -0.98740318
vn 0.20249030 0.03182806 -0.97876690
vn 0.20249030 0.03182806 -0.97876690
vn 0.20249030 0.03182806 -0.97876690
vn 0.15364781 0.03806756 -0.98739213
vn 0.15364781 0.03806756 -0.98739213
vn 0.15364781 0.03806756 -0.98739213
vn 0.18644897 0.12407027 -0.97459907
vn 0.18644897 0.12407027 -0.97459907
vn 0.18644897 0.12407027 -0.97459907
vn 0.17509145 0.13963802 -0.97459951
vn 0.17509145 0.13963802 -0.97459951
vn 0.17509145 0.13963802 -0.97459951
vn 0.11481828 0.10897516 -0.98739110
vn 0.11481828 0.10897516 -0.98739110
vn 0.11481828 0.10897516 -0.98739110
vn 0.10475749 0.11857924 -0.98740308
vn 0.10475749 0.11857924 -0.98740308
vn 0.10475749 0.11857924 -0.98740308
vn 0.04603415 0.15145258 -0.98739201
vn 0.04603415 0.15145258 -0.98739201
vn 0.04603415 0.15145258 -0.98739201
vn 0.03284150 0.15483869 -0.98739375
vn 0.03284150 0.15483869 -0.98739375
vn 0.03284150 0.15483869 -0.98739375
vn 0.00738451 0.20022666 -0.97972177
vn 0.00738451 0.20022666 -0.97972177
vn 0.00738451 0.20022666 -0.97972177
vn -0.00985506 0.20010864 -0.97972415
vn -0.00985506 0.20010864 -0.97972415
vn -0.00985506 0.20010864 -0.97972415
vn -0.38000002 0.91544317 0.13252845
vn -0.38000002 0.91544317 0.13252845
vn -0.38000002 0.91544317 0.13252845
vn -0.29679704 0.94601419 0.13026383
vn -0.29679704 0.94601419 0.13026383
vn -0.29679704 0.94601419 0.13026383
vn 0.10551976 0.20393220 -0.97328168
vn 0.10551976 0.20393220 -0.97328168
vn 0.10551976 0.20393220 -0.97328168
vn 0.07129890 0.14133432 -0.98739104
vn 0.07129890 0.14133432 -0.98739104
vn 0.07129890 0.14133432 -0.98739104
vn 0.70763084 0.66731728 0.23226329
vn 0.70763084 0.66731728 0.23226329
vn 0.70763084 0.66731728 0.23226329
vn 0.81251949 0.54041869 -0.21853997
vn 0.81251949 0.54041869 -0.21853997
vn 0.81251949 0.54041869 -0.21853997
vn 0.85492011 0.46062519 -0.23861274
vn 0.85492011 0.46062519 -0.23861274
vn 0.85492011 0.46062519 -0.23861274
vn 0.73687136 0.25009244 -0.62807194
vn 0.73687136 0.25009244 -0.62807194
vn 0.73687136 0.25009244 -0.62807194
vn 0.74867581 0.18478324 -0.63666294
vn 0.74867581 0.18478324 -0.63666294
vn 0.74867581 0.18478324 -0.63666294
vn 0.20436787 -0.02236699 -0.97863859
vn 0.20436787 -0.02236699 -0.97863859
vn 0.20436787 -0.02236699 -0.97863859
vn 0.16561712 -0.01712552 -0.98604142
vn 0.16561712 -0.01712552 -0.98604142
vn 0.16561712 -0.01712552 -0.98604142
vn 0.20588733 0.96981991 0.13061300
vn 0.20588733 0.96981991 0.13061300
vn 0.20588733 0.96981991 0.13061300
vn 0.28906538 0.94962451 0.12105579
vn 0.28906538 0.94962451 0.12105579
vn 0.28906538 0.94962451 0.12105579
vn 0.35773729 0.90822989 -0.21712323
vn 0.35773729 0.90822989 -0.21712323
vn 0.35773729 0.90822989 -0.21712323
vn 0.44375010 0.86377534 -0.23870067
vn 0.44375010 0.86377534 -0.23870067
vn 0.44375010 0.86377534 -0.23870067
vn 0.47294335 0.64056902 -0.60497596
vn 0.47294335 0.64056902 -0.60497596
vn 0.47294335 0.64056902 -0.60497596
vn 0.52433363 0.59025620 -0.61373599
vn 0.52433363 0.59025620 -0.61373599
vn 0.52433363 0.59025620 -0.61373599
vn 0.20250941 0.10822558 -0.97328165
vn 0.20250941 0.10822558 -0.97328165
vn 0.20250941 0.10822558 -0.97328165
vn 0.13883251 0.07603938 -0.98739230
vn 0.13883251 0.07603938 -0.98739230
vn 0.13883251 0.07603938 -0.98739230
vn -0.05311635 0.95190650 -0.30174934
vn -0.05311635 0.95190650 -0.30174934
vn -0.05311635 0.95190650 -0.30174934
vn 0.03566083 0.94302071 -0.33081753
vn 0.03566083 0.94302071 -0.33081753
vn 0.03566083 0.94302071 -0.33081753
vn 0.09297240 0.77309437 -0.62744021
vn 0.09297240 0.77309437 -0.62744021
vn 0.09297240 0.77309437 -0.62744021
vn 0.16068163 0.75425381 -0.63661810
vn 0.16068163 0.75425381 -0.63661810
vn 0.16068163 0.75425381 -0.63661810
vn 0.08388431 0.13871284 -0.98677362
vn 0.08388431 0.13871284 -0.98677362
vn 0.08388431 0.13871284 -0.98677362
vn 0.10782909 0.17423567 -0.97878231
vn 0.10782909 0.17423567 -0.97878231
vn 0.10782909 0.17423567 -0.97878231
vn 0.77249899 0.19202050 -0.60528790
vn 0.77249899 0.19202050 -0.60528790
vn 0.77249899 0.19202050 -0.60528790
vn 0.78019807 0.11923343 -0.61406381
vn 0.78019807 0.11923343 -0.61406381
vn 0.78019807 0.11923343 -0.61406381
vn 0.16756903 -0.03030421 -0.98539448
vn 0.16756903 -0.03030421 -0.98539448
vn 0.16756903 -0.03030421 -0.98539448
vn 0.19683950 -0.03714389 -0.97973187
vn 0.19683950 -0.03714389 -0.97973187
vn 0.19683950 -0.03714389 -0.97973187
vn 0.28784384 0.94756859 0.13877932
vn 0.28784384 0.94756859 0.13877932
vn 0.28784384 0.94756859 0.13877932
vn 0.37211470 0.91997052 0.12322702
vn 0.37211470 0.91997052 0.12322702
vn 0.37211470 0.91997052 0.12322702
vn 0.49549611 0.81454488 -0.30166246
vn 0.49549611 0.81454488 -0.30166246
vn 0.49549611 0.81454488 -0.30166246
vn 0.56819014 0.75266801 -0.33264221
vn 0.56819014 0.75266801 -0.33264221
vn 0.56819014 0.75266801 -0.33264221
vn 0.52829661 0.59528919 -0.60542007
vn 0.52829661 0.59528919 -0.60542007
vn 0.52829661 0.59528919 -0.60542007
vn 0.57313522 0.54299956 -0.61373244
vn 0.57313522 0.54299956 -0.61373244
vn 0.57313522 0.54299956 -0.61373244
vn 0.14894120 0.06546556 -0.98667663
vn 0.14894120 0.06546556 -0.98667663
vn 0.14894120 0.06546556 -0.98667663
vn 0.14485467 0.06382330 -0.98739238
vn 0.14485467 0.06382330 -0.98739238
vn 0.14485467 0.06382330 -0.98739238
vn -0.21945806 0.96236959 0.16025894
vn -0.21945806 0.96236959 0.16025894
vn -0.21945806 0.96236959 0.16025894
vn -0.13368374 0.97825710 0.15856136
vn -0.13368374 0.97825710 0.15856136
vn -0.13368374 0.97825710 0.15856136
vn 0.03459841 0.95212320 -0.30375048
vn 0.03459841 0.95212320 -0.30375048
vn 0.03459841 0.95212320 -0.30375048
vn 0.12232213 0.93507998 -0.33266008
vn 0.12232213 0.93507998 -0.33266008
vn 0.12232213 0.93507998 -0.33266008
vn 0.16180496 0.76131032 -0.62787399
vn 0.16180496 0.76131032 -0.62787399
vn 0.16180496 0.76131032 -0.62787399
vn 0.22492518 0.73765066 -0.63661619
vn 0.22492518 0.73765066 -0.63661619
vn 0.22492518 0.73765066 -0.63661619
vn 0.12653230 0.16760169 -0.97770100
vn 0.12653230 0.16760169 -0.97770100
vn 0.12653230 0.16760169 -0.97770100
vn 0.09930613 0.13356188 -0.98605249
vn 0.09930613 0.13356188 -0.98605249
vn 0.09930613 0.13356188 -0.98605249
vn 0.19747942 -0.05561105 -0.97872840
vn 0.19747942 -0.05561105 -0.97872840
vn 0.19747942 -0.05561105 -0.97872840
vn 0.19289930 -0.05412604 -0.97972457
vn 0.19289930 -0.05412604 -0.97972457
vn 0.19289930 -0.05412604 -0.97972457
vn 0.55297446 0.52158253 -0.64974680
vn 0.55297446 0.52158253 -0.64974680
vn 0.55297446 0.52158253 -0.64974680
vn 0.59089265 0.46497742 -0.65927374
vn 0.59089265 0.46497742 -0.65927374
vn 0.59089265 0.46497742 -0.65927374
vn 0.14991056 0.05116675 -0.98737470
vn 0.15401717 0.05241931 -0.98667671
vn 0.15390518 0.05238515 -0.98669600
vn 0.14980855 0.05113563 -0.98739179
vn 0.12471346 0.10291362 -0.98684109
vn 0.12471346 0.10291362 -0.98684109
vn 0.12471346 0.10291362 -0.98684109
vn 0.41818921 0.66934288 -0.61408297
vn 0.41818921 0.66934288 -0.61408297
vn 0.41818921 0.66934288 -0.61408297
vn 0.35498563 0.71287995 -0.60480359
vn 0.35498563 0.71287995 -0.60480359
vn 0.35498563 0.71287995 -0.60480359
vn 0.11811057 0.11190023 -0.98667534
vn 0.11811057 0.11190023 -0.98667534
vn 0.11811057 0.11190023 -0.98667534
vn 0.04744896 0.15561063 -0.98667823
vn 0.04744896 0.15561063 -0.98667823
vn 0.04744896 0.15561063 -0.98667823
vn -0.03405638 0.77014396 -0.63696031
vn -0.03405638 0.77014396 -0.63696031
vn -0.03405638 0.77014396 -0.63696031
vn -0.10597886 0.77122994 -0.62767257
vn -0.10597886 0.77122994 -0.62767257
vn -0.10597886 0.77122994 -0.62767257
vn -0.11060403 0.82645693 -0.55202871
vn -0.11060403 0.82645693 -0.55202871
vn -0.11060403 0.82645693 -0.55202871
vn -0.18749028 0.82043125 -0.54012957
vn -0.18749028 0.82043125 -0.54012957
vn -0.18749028 0.82043125 -0.54012957
vn -0.45748513 0.88057062 0.12370425
vn -0.45748513 0.88057062 0.12370425
vn -0.45748513 0.88057062 0.12370425
vn -0.53473012 0.83342282 0.13953530
vn -0.53473012 0.83342282 0.13953530
vn -0.53473012 0.83342282 0.13953530
vn 0.03389882 0.15912404 -0.98667645
vn 0.03389882 0.15912404 -0.98667645
vn 0.03389882 0.15912404 -0.98667645
vn -0.58189718 0.77046167 0.26035454
vn -0.58189718 0.77046167 0.26035454
vn -0.58189718 0.77046167 0.26035454
vn -0.65216636 0.71102262 0.26291799
vn -0.65216636 0.71102262 0.26291799
vn -0.65216636 0.71102262 0.26291799
vn 0.00775235 0.20500424 -0.97873038
vn 0.00775235 0.20500424 -0.97873038
vn 0.00775235 0.20500424 -0.97873038
vn -0.22827573 0.73617499 -0.63713152
vn -0.22827573 0.73617499 -0.63713152
vn -0.22827573 0.73617499 -0.63713152
vn -0.29811084 0.71892828 -0.62791086
vn -0.29811084 0.71892828 -0.62791086
vn -0.29811084 0.71892828 -0.62791086
vn -0.04855656 0.22427704 -0.97331499
vn -0.04855656 0.22427704 -0.97331499
vn -0.04855656 0.22427704 -0.97331499
vn -0.51308652 0.67699629 -0.52765353
vn -0.51308652 0.67699629 -0.52765353
vn -0.51308652 0.67699629 -0.52765353
vn -0.57680195 0.63281219 -0.51657355
vn -0.57680195 0.63281219 -0.51657355
vn -0.57680195 0.63281219 -0.51657355
vn -0.62919516 0.70046319 -0.33684532
vn -0.62919516 0.70046319 -0.33684532
vn -0.62919516 0.70046319 -0.33684532
vn -0.69980724 0.64051001 -0.31625426
vn -0.69980724 0.64051001 -0.31625426
vn -0.69980724 0.64051001 -0.31625426
vn -0.78891560 0.61390801 0.02700224
vn -0.78891560 0.61390801 0.02700224
vn -0.78891560 0.61390801 0.02700224
vn -0.84029794 0.54140261 0.02797480
vn -0.84029794 0.54140261 0.02797480
vn -0.84029794 0.54140261 0.02797480
vn -0.07493695 0.14440711 -0.98667677
vn -0.54934801 0.51364426 -0.65907991
vn -0.54934801 0.51364426 -0.65907991
vn -0.54934801 0.51364426 -0.65907991
vn -0.60017494 0.46703494 -0.64936000
vn -0.60017494 0.46703494 -0.64936000
vn -0.60017494 0.46703494 -0.64936000
vn -0.85485950 0.46280254 -0.23458270
vn -0.85485950 0.46280254 -0.23458270
vn -0.85485950 0.46280254 -0.23458270
vn -0.90138339 0.38090811 -0.20595386
vn -0.90138339 0.38090811 -0.20595386
vn -0.90138339 0.38090811 -0.20595386
vn -0.11997349 0.10900432 -0.98677476
vn -0.11997349 0.10900432 -0.98677476
vn -0.11997349 0.10900432 -0.98677476
vn -0.20161359 0.10988291 -0.97328193
vn -0.20161359 0.10988291 -0.97328193
vn -0.20161359 0.10988291 -0.97328193
vn -0.76304831 0.11169073 -0.63661798
vn -0.76304831 0.11169073 -0.63661798
vn -0.76304831 0.11169073 -0.63661798
vn -0.77746515 0.04297513 -0.62745604
vn -0.77746515 0.04297513 -0.62745604
vn -0.77746515 0.04297513 -0.62745604
vn -0.15835388 0.03731321 -0.98667714
vn -0.15835388 0.03731321 -0.98667714
vn -0.15835388 0.03731321 -0.98667714
vn -0.60470221 0.04007568 -0.79544275
vn -0.60470221 0.04007568 -0.79544275
vn -0.60470221 0.04007568 -0.79544275
vn -0.60083548 -0.01929522 -0.79913980
vn -0.60083548 -0.01929522 -0.79913980
vn -0.60083548 -0.01929522 -0.79913980
vn -0.74874070 -0.65121462 0.12372100
vn -0.74874070 -0.65121462 0.12372100
vn -0.74874070 -0.65121462 0.12372100
vn -0.68736678 -0.71289317 0.13896128
vn -0.68736678 -0.71289317 0.13896128
vn -0.68736678 -0.71289317 0.13896128
vn -0.67713231 -0.69822364 0.23232647
vn -0.67713231 -0.69822364 0.23232647
vn -0.67713231 -0.69822364 0.23232647
vn -0.60928649 -0.75723515 0.23529747
vn -0.60928649 -0.75723515 0.23529747
vn -0.60928649 -0.75723515 0.23529747
vn -0.81370349 -0.48409253 -0.32177796
vn -0.81370349 -0.48409253 -0.32177796
vn -0.81370349 -0.48409253 -0.32177796
vn -0.76394505 -0.56457550 -0.31247796
vn -0.76394505 -0.56457550 -0.31247796
vn -0.76394505 -0.56457550 -0.31247796
vn -0.16707158 -0.03439439 -0.98534467
vn -0.16707158 -0.03439439 -0.98534467
vn -0.16707158 -0.03439439 -0.98534467
vn -0.22095590 -0.06249184 -0.97327964
vn -0.22095590 -0.06249184 -0.97327964
vn -0.22095590 -0.06249184 -0.97327964
vn -0.62510310 -0.45116726 -0.63694130
vn -0.62510310 -0.45116726 -0.63694130
vn -0.62510310 -0.45116726 -0.63694130
vn -0.58727294 -0.51077863 -0.62786598
vn -0.58727294 -0.51077863 -0.62786598
vn -0.58727294 -0.51077863 -0.62786598
vn -0.14471183 -0.07304420 -0.98677405
vn -0.14471183 -0.07304420 -0.98677405
vn -0.14471183 -0.07304420 -0.98677405
vn -0.54924152 -0.56715153 -0.61373684
vn -0.54924152 -0.56715153 -0.61373684
vn -0.54924152 -0.56715153 -0.61373684
vn -0.50006072 -0.61962176 -0.60498607
vn -0.50006072 -0.61962176 -0.60498607
vn -0.50006072 -0.61962176 -0.60498607
vn -0.52970888 -0.77884246 -0.33587636
vn -0.52970888 -0.77884246 -0.33587636
vn -0.52970888 -0.77884246 -0.33587636
vn -0.46328285 -0.82734247 -0.31760580
vn -0.46328285 -0.82734247 -0.31760580
vn -0.46328285 -0.82734247 -0.31760580
vn -0.12281110 -0.10671146 -0.98667629
vn -0.12281110 -0.10671146 -0.98667629
vn -0.12281110 -0.10671146 -0.98667629
vn -0.31495663 -0.89308099 -0.32126106
vn -0.31495663 -0.89308099 -0.32126106
vn -0.31495663 -0.89308099 -0.32126106
vn -0.23657842 -0.91977497 -0.31312085
vn -0.23657842 -0.91977497 -0.31312085
vn -0.23657842 -0.91977497 -0.31312085
vn -0.16886464 -0.98526972 0.02698715
vn -0.16886464 -0.98526972 0.02698715
vn -0.16886464 -0.98526972 0.02698715
vn -0.07734025 -0.99661192 0.02798522
vn -0.07734025 -0.99661192 0.02798522
vn -0.07734025 -0.99661192 0.02798522
vn -0.11537525 -0.16963878 -0.97872940
vn 0.17545467 -0.97581392 0.13039500
vn 0.17545590 -0.97579582 0.13052872
vn 0.17545470 -0.97581353 0.13039784
vn 0.25897463 -0.95674303 0.13257043
vn 0.25897463 -0.95674303 0.13257043
vn 0.25897463 -0.95674303 0.13257043
vn -0.08461249 -0.18689565 -0.97872915
vn -0.08461249 -0.18689565 -0.97872915
vn -0.08461249 -0.18689565 -0.97872915
vn -0.06371734 -0.78698752 -0.61366989
vn -0.06371734 -0.78698752 -0.61366989
vn -0.06371734 -0.78698752 -0.61366989
vn 0.00552373 -0.79603806 -0.60522137
vn 0.00552373 -0.79603806 -0.60522137
vn 0.00552373 -0.79603806 -0.60522137
vn 0.40865905 -0.88261439 0.23235665
vn 0.40865905 -0.88261439 0.23235665
vn 0.40865905 -0.88261439 0.23235665
vn 0.48918171 -0.83982262 0.23537040
vn 0.48918171 -0.83982262 0.23537040
vn 0.48918171 -0.83982262 0.23537040
vn -0.06822876 -0.19346734 -0.97873144
vn 0.00407536 -0.77119835 -0.63658188
vn 0.00407536 -0.77119835 -0.63658188
vn 0.00407536 -0.77119835 -0.63658188
vn 0.07137677 -0.77506506 -0.62783717
vn 0.07137677 -0.77506506 -0.62783717
vn 0.07137677 -0.77506506 -0.62783717
vn 0.34150139 -0.93972003 0.01740911
vn 0.34150139 -0.93972003 0.01740911
vn 0.34150139 -0.93972003 0.01740911
vn 0.42477132 -0.90451976 0.03759428
vn 0.42477132 -0.90451976 0.03759428
vn 0.42477132 -0.90451976 0.03759428
vn -0.02527688 -0.16011907 -0.98677402
vn -0.02527688 -0.16011907 -0.98677402
vn -0.02527688 -0.16011907 -0.98677402
vn 0.13611007 -0.75907351 -0.63661720
vn 0.13611007 -0.75907351 -0.63661720
vn 0.13611007 -0.75907351 -0.63661720
vn 0.20307545 -0.75135238 -0.62787734
vn 0.20307545 -0.75135238 -0.62787734
vn 0.20307545 -0.75135238 -0.62787734
vn -0.01312909 -0.16216042 -0.98667706
vn 0.20085495 -0.74455001 -0.63663378
vn 0.20085495 -0.74455001 -0.63663378
vn 0.20085495 -0.74455001 -0.63663378
vn 0.26772301 -0.73091273 -0.62776665
vn 0.26772301 -0.73091273 -0.62776665
vn 0.26772301 -0.73091273 -0.62776665
vn 0.56872108 -0.82240196 0.01453758
vn 0.56872108 -0.82240196 0.01453758
vn 0.56872108 -0.82240196 0.01453758
vn 0.64080779 -0.76725098 0.02629277
vn 0.64080779 -0.76725098 0.02629277
vn 0.64080779 -0.76725098 0.02629277
vn 0.63393923 -0.76346540 0.12345706
vn 0.63393923 -0.76346540 0.12345706
vn 0.63393923 -0.76346540 0.12345706
vn 0.69695746 -0.70356613 0.13872632
vn 0.69695746 -0.70356613 0.13872632
vn 0.69695746 -0.70356613 0.13872632
vn 0.01484141 -0.16200991 -0.98667752
vn 0.33316727 -0.71577816 -0.61372730
vn 0.33316727 -0.71577816 -0.61372730
vn 0.33316727 -0.71577816 -0.61372730
vn 0.39976115 -0.68862364 -0.60496984
vn 0.39976115 -0.68862364 -0.60496984
vn 0.39976115 -0.68862364 -0.60496984
vn 0.05572207 -0.15285678 -0.98667617
vn 0.05572207 -0.15285678 -0.98667617
vn 0.05572207 -0.15285678 -0.98667617
vn 0.49314607 -0.59284369 -0.63666578
vn 0.49314607 -0.59284369 -0.63666578
vn 0.49314607 -0.59284369 -0.63666578
vn 0.54756640 -0.55306896 -0.62792178
vn 0.54756640 -0.55306896 -0.62792178
vn 0.54756640 -0.55306896 -0.62792178
vn 0.85967914 -0.51012195 0.02696971
vn 0.85967914 -0.51012195 0.02696971
vn 0.85967914 -0.51012195 0.02696971
vn 0.90179481 -0.43126070 0.02793444
vn 0.90179456 -0.43125976 0.02795699
vn 0.90180545 -0.43130317 0.02691662
vn 0.09392815 -0.13210725 -0.98677514
vn 0.09392815 -0.13210725 -0.98677514
vn 0.09392815 -0.13210725 -0.98677514
vn 0.11440654 -0.11566639 -0.98667747
vn 0.11440654 -0.11566639 -0.98667747
vn 0.11440654 -0.11566639 -0.98667747
vn 0.67856349 -0.32493438 -0.65876342
vn 0.67856349 -0.32493438 -0.65876342
vn 0.67856349 -0.32493438 -0.65876342
vn 0.71299578 -0.26553529 -0.64894378
vn 0.71299578 -0.26553529 -0.64894378
vn 0.71299578 -0.26553529 -0.64894378
vn 0.90665207 -0.25531694 -0.33585008
vn 0.90665207 -0.25531694 -0.33585008
vn 0.90665207 -0.25531694 -0.33585008
vn 0.93320603 -0.17091219 -0.31609417
vn 0.93320603 -0.17091219 -0.31609417
vn 0.93320603 -0.17091219 -0.31609417
vn 0.99251780 -0.02000201 0.12045055
vn 0.99251780 -0.02000201 0.12045055
vn 0.99251780 -0.02000201 0.12045055
vn 0.98860775 0.07418718 0.13096171
vn 0.98860775 0.07418718 0.13096171
vn 0.98860775 0.07418718 0.13096171
vn 0.17350031 -0.15039651 -0.97328235
vn 0.17350031 -0.15039651 -0.97328235
vn 0.17350031 -0.15039651 -0.97328235
vn 0.96158517 0.14644250 0.23218218
vn 0.96158517 0.14644250 0.23218218
vn 0.96158517 0.14644250 0.23218218
vn 0.94309315 0.23502385 0.23524262
vn 0.94309315 0.23502385 0.23524262
vn 0.94309315 0.23502385 0.23524262
vn 0.14047748 -0.08087495 -0.98677521
vn 0.14047748 -0.08087495 -0.98677521
vn 0.14047748 -0.08087495 -0.98677521
vn 0.77466034 -0.15109953 -0.61406049
vn 0.77466034 -0.15109953 -0.61406049
vn 0.77466034 -0.15109953 -0.61406049
vn 0.79242365 -0.07793862 -0.60497135
vn 0.79242365 -0.07793862 -0.60497135
vn 0.79242365 -0.07793862 -0.60497135
vn 0.96403470 0.23673871 0.12079688
vn 0.96403470 0.23673871 0.12079688
vn 0.96403470 0.23673871 0.12079688
vn 0.93786071 0.32145873 0.13069648
vn 0.93786071 0.32145873 0.13069648
vn 0.93786071 0.32145873 0.13069648
vn 0.92198578 0.31299867 0.22797818
vn 0.92198578 0.31299867 0.22797818
vn 0.92198578 0.31299867 0.22797818
vn 0.88814024 0.39265242 0.23881162
vn 0.88814024 0.39265242 0.23881162
vn 0.88814024 0.39265242 0.23881162
vn 0.14674159 -0.07026817 -0.98667588
vn 0.14674159 -0.07026817 -0.98667588
vn 0.14674159 -0.07026817 -0.98667588
vn 0.94491853 0.05988390 -0.32178082
vn 0.94491853 0.05988390 -0.32178082
vn 0.94491853 0.05988390 -0.32178082
vn 0.93730102 0.15439361 -0.31245705
vn 0.93730102 0.15439361 -0.31245705
vn 0.93730102 0.15439361 -0.31245705
vn 0.20966264 0.01331239 -0.97768316
vn 0.20966264 0.01331239 -0.97768316
vn 0.20966264 0.01331239 -0.97768316
vn 0.70600620 0.31031791 -0.63659881
vn 0.70600620 0.31031791 -0.63659881
vn 0.70600620 0.31031791 -0.63659881
vn 0.68122814 0.37755043 -0.62720323
vn 0.68122814 0.37755043 -0.62720323
vn 0.68122814 0.37755043 -0.62720323
vn 0.15986253 0.02681874 -0.98677491
vn 0.15986253 0.02681874 -0.98677491
vn 0.15986253 0.02681874 -0.98677491
vn 0.51539976 0.82489623 0.23218377
vn 0.51539976 0.82489623 0.23218377
vn 0.51539976 0.82489623 0.23218377
vn 0.43442759 0.86943518 0.23527670
vn 0.43442759 0.86943518 0.23527670
vn 0.43442759 0.86943518 0.23527670
vn 0.11346208 0.12772722 -0.98529798
vn 0.11346208 0.12772722 -0.98529798
vn 0.11346208 0.12772722 -0.98529798
vn 0.29154302 0.71354217 -0.63707161
vn 0.29154302 0.71354217 -0.63707161
vn 0.29154302 0.71354217 -0.63707161
vn 0.22665479 0.74459983 -0.62785245
vn 0.22665479 0.74459983 -0.62785245
vn 0.22665479 0.74459983 -0.62785245
vn -0.04425562 0.99050055 0.13019252
vn -0.04425562 0.99050055 0.13019252
vn -0.04425562 0.99050055 0.13019252
vn -0.13334440 0.98217463 0.13248501
vn -0.13334440 0.98217463 0.13248501
vn -0.13334440 0.98217463 0.13248501
vn -0.45728037 0.87969264 0.13052016
vn -0.45728037 0.87969264 0.13052016
vn -0.45728037 0.87969264 0.13052016
vn -0.38022263 0.91695026 0.12096681
vn -0.38022263 0.91695026 0.12096681
vn -0.38022263 0.91695026 0.12096681
vn -0.30088604 0.92860297 -0.21717301
vn -0.30088604 0.92860297 -0.21717301
vn -0.30088604 0.92860297 -0.21717301
vn -0.20710363 0.94878538 -0.23856738
vn -0.20710363 0.94878538 -0.23856738
vn -0.20710363 0.94878538 -0.23856738
vn 0.05763059 0.15106729 -0.98684213
vn 0.05763059 0.15106729 -0.98684213
vn 0.05763059 0.15106729 -0.98684213
vn 0.08330826 0.20788483 -0.97459922
vn 0.08330826 0.20788483 -0.97459922
vn 0.08330826 0.20788483 -0.97459922
vn 0.02676098 0.20385288 -0.97863571
vn 0.02676098 0.20385288 -0.97863571
vn 0.02676098 0.20385288 -0.97863571
vn 0.01941089 0.15710158 -0.98739167
vn 0.01941089 0.15710158 -0.98739167
vn 0.01941089 0.15710158 -0.98739167
vn -0.00949489 0.16182955 -0.98677305
vn -0.00949489 0.16182955 -0.98677305
vn -0.00949489 0.16182955 -0.98677305
vn -0.29503665 0.71247596 -0.63665642
vn -0.29503665 0.71247596 -0.63665642
vn -0.29503665 0.71247596 -0.63665642
vn -0.35880680 0.69063626 -0.62791659
vn -0.35880680 0.69063626 -0.62791659
vn -0.35880680 0.69063626 -0.62791659
vn -0.49972831 0.79975245 -0.33266746
vn -0.49972831 0.79975245 -0.33266746
vn -0.49972831 0.79975245 -0.33266746
vn -0.58254224 0.75458716 -0.30206417
vn -0.58254224 0.75458716 -0.30206417
vn -0.58254224 0.75458716 -0.30206417
vn -0.86038427 0.45308565 0.23335015
vn -0.86038427 0.45308565 0.23335015
vn -0.86038427 0.45308565 0.23335015
vn -0.81612330 0.53214936 0.22529941
vn -0.81612330 0.53214936 0.22529941
vn -0.81612330 0.53214936 0.22529941
vn -0.78886571 0.61344646 0.03707211
vn -0.78886571 0.61344646 0.03707211
vn -0.78886571 0.61344646 0.03707211
vn -0.73126893 0.68187516 0.01708881
vn -0.73126893 0.68187516 0.01708881
vn -0.73126893 0.68187516 0.01708881
vn -0.41946540 0.65603456 -0.62742923
vn -0.41946540 0.65603456 -0.62742923
vn -0.41946540 0.65603456 -0.62742923
vn -0.35521195 0.68451071 -0.63660785
vn -0.35521195 0.68451071 -0.63660785
vn -0.35521195 0.68451071 -0.63660785
vn -0.02389650 0.18165564 -0.98307181
vn -0.02389650 0.18165564 -0.98307181
vn -0.02389650 0.18165564 -0.98307181
vn -0.02134997 0.15685808 -0.98739036
vn -0.02134997 0.15685808 -0.98739036
vn -0.02134997 0.15685808 -0.98739036
vn -0.05149644 0.15327914 -0.98684022
vn -0.05149644 0.15327914 -0.98684022
vn -0.05149644 0.15327914 -0.98684022
vn -0.94651568 0.22078237 0.23529390
vn -0.94651568 0.22078237 0.23529390
vn -0.94651568 0.22078237 0.23529390
vn -0.92273532 0.30759262 0.23226345
vn -0.92273532 0.30759262 0.23226345
vn -0.92273532 0.30759262 0.23226345
vn -0.06073394 0.14630521 -0.98737337
vn -0.06225078 0.15032767 -0.98667443
vn -0.06220942 0.15021798 -0.98669375
vn -0.06069627 0.14620532 -0.98739048
vn -0.10886459 0.17440066 -0.97863829
vn -0.10886459 0.17440066 -0.97863829
vn -0.10886459 0.17440066 -0.97863829
vn -0.59353944 0.46233341 -0.65875545
vn -0.59353944 0.46233341 -0.65875545
vn -0.59353944 0.46233341 -0.65875545
vn -0.63671858 0.41526037 -0.64972938
vn -0.63671858 0.41526037 -0.64972938
vn -0.63671858 0.41526037 -0.64972938
vn -0.96594798 0.22880776 0.12079536
vn -0.96594798 0.22880776 0.12079536
vn -0.96594798 0.22880776 0.12079536
vn -0.98108889 0.14290043 0.13055291
vn -0.98108889 0.14290043 0.13055291
vn -0.98108889 0.14290043 0.13055291
vn -0.11137452 0.14482727 -0.98316874
vn -0.11137452 0.14482727 -0.98316874
vn -0.11137452 0.14482727 -0.98316874
vn -0.66229017 0.42985042 -0.61367772
vn -0.66229017 0.42985042 -0.61367772
vn -0.66229017 0.42985042 -0.61367772
vn -0.70513841 0.37027461 -0.60471195
vn -0.70513841 0.37027461 -0.60471195
vn -0.70513841 0.37027461 -0.60471195
vn -0.86666789 0.37270933 -0.33162408
vn -0.86666789 0.37270933 -0.33162408
vn -0.86666789 0.37270933 -0.33162408
vn -0.90800049 0.29067049 -0.30173792
vn -0.90800049 0.29067049 -0.30173792
vn -0.90800049 0.29067049 -0.30173792
vn -0.98192660 0.14324956 0.12369203
vn -0.98192660 0.14324956 0.12369203
vn -0.98192660 0.14324956 0.12369203
vn -0.98862839 0.05823549 0.13864536
vn -0.98862839 0.05823549 0.13864536
vn -0.98862839 0.05823549 0.13864536
vn -0.98316907 0.05919094 0.17284389
vn -0.98316907 0.05919094 0.17284389
vn -0.98316907 0.05919094 0.17284389
vn -0.98352830 -0.03137692 0.17801005
vn -0.98352830 -0.03137692 0.17801005
vn -0.98352830 -0.03137692 0.17801005
vn -0.13748073 0.15270963 -0.97866175
vn -0.13748073 0.15270963 -0.97866175
vn -0.13748073 0.15270963 -0.97866175
vn -0.11999724 0.13200735 -0.98395870
vn -0.11999724 0.13200735 -0.98395870
vn -0.11999724 0.13200735 -0.98395870
vn -0.12835309 0.09997971 -0.98667601
vn -0.12835309 0.09997971 -0.98667601
vn -0.12835309 0.09997971 -0.98667601
vn -0.74877423 0.24958346 -0.61404011
vn -0.74877423 0.24958346 -0.61404011
vn -0.74877423 0.24958346 -0.61404011
vn -0.77510990 0.18128825 -0.60525963
vn -0.77510990 0.18128825 -0.60525963
vn -0.77510990 0.18128825 -0.60525963
vn -0.98286827 -0.10912241 0.14853368
vn -0.98286827 -0.10912241 0.14853368
vn -0.98286827 -0.10912241 0.14853368
vn -0.96758009 -0.19640991 0.15878258
vn -0.96758009 -0.19640991 0.15878258
vn -0.96758009 -0.19640991 0.15878258
vn -0.95459604 -0.19168445 0.22804271
vn -0.95459604 -0.19168445 0.22804271
vn -0.95459604 -0.19168445 0.22804271
vn -0.93050603 -0.27742382 0.23915382
vn -0.93050603 -0.27742382 0.23915382
vn -0.93050603 -0.27742382 0.23915382
vn -0.98444510 -0.11608144 -0.13188234
vn -0.98444510 -0.11608144 -0.13188234
vn -0.98444510 -0.11608144 -0.13188234
vn -0.99082761 -0.02185546 -0.13335288
vn -0.99082761 -0.02185546 -0.13335288
vn -0.99082761 -0.02185546 -0.13335288
vn -0.77017101 0.11235730 -0.62786340
vn -0.77017101 0.11235730 -0.62786340
vn -0.77017101 0.11235730 -0.62786340
vn -0.75063475 0.17687360 -0.63660285
vn -0.75063475 0.17687360 -0.63660285
vn -0.75063475 0.17687360 -0.63660285
vn -0.13647779 0.08857901 -0.98667501
vn -0.13647779 0.08857901 -0.98667501
vn -0.13647779 0.08857901 -0.98667501
vn -0.13285883 0.08606204 -0.98739144
vn -0.13285883 0.08606204 -0.98739144
vn -0.13285883 0.08606204 -0.98739144
vn -0.18877455 0.07950092 -0.97879711
vn -0.18877455 0.07950092 -0.97879711
vn -0.18877455 0.07950092 -0.97879711
vn -0.84496366 -0.51631589 0.13947874
vn -0.84496366 -0.51631589 0.13947874
vn -0.84496366 -0.51631589 0.13947874
vn -0.89208887 -0.43480824 0.12296032
vn -0.89208887 -0.43480824 0.12296032
vn -0.89208887 -0.43480824 0.12296032
vn -0.90909891 -0.35738393 -0.21404648
vn -0.90909891 -0.35738393 -0.21404648
vn -0.90909891 -0.35738393 -0.21404648
vn -0.93680635 -0.26755282 -0.22540929
vn -0.93680635 -0.26755282 -0.22540929
vn -0.93680635 -0.26755282 -0.22540929
vn -0.82447555 -0.16747455 -0.54054819
vn -0.82447555 -0.16747455 -0.54054819
vn -0.82447555 -0.16747455 -0.54054819
vn -0.82869081 -0.09078731 -0.55229450
vn -0.82869081 -0.09078731 -0.55229450
vn -0.82869081 -0.09078731 -0.55229450
vn -0.15451005 0.04901631 -0.98677457
vn -0.15451005 0.04901631 -0.98677457
vn -0.15451005 0.04901631 -0.98677457
vn -0.19039274 0.06237512 -0.97972443
vn -0.19039274 0.06237512 -0.97972443
vn -0.19039274 0.06237512 -0.97972443
vn -0.74793561 -0.65080985 0.13053302
vn -0.74793561 -0.65080985 0.13053302
vn -0.74793561 -0.65080985 0.13053302
vn -0.80483565 -0.58114542 0.12045568
vn -0.80483565 -0.58114542 0.12045568
vn -0.80483565 -0.58114542 0.12045568
vn -0.84831122 -0.42474346 -0.31616619
vn -0.84831122 -0.42474346 -0.31616619
vn -0.84831122 -0.42474346 -0.31616619
vn -0.87850618 -0.33923713 -0.33637042
vn -0.87850618 -0.33923713 -0.33637042
vn -0.87850618 -0.33923713 -0.33637042
vn -0.76297435 -0.22859810 -0.60465945
vn -0.76297435 -0.22859810 -0.60465945
vn -0.76297435 -0.22859810 -0.60465945
vn -0.77423763 -0.15429902 -0.61379794
vn -0.77423763 -0.15429902 -0.61379794
vn -0.77423763 -0.15429902 -0.61379794
vn -0.51575027 -0.06271569 -0.85444040
vn -0.51575027 -0.06271569 -0.85444040
vn -0.51575027 -0.06271569 -0.85444040
vn -0.52432518 -0.01443733 -0.85139572
vn -0.52432518 -0.01443733 -0.85139572
vn -0.52432518 -0.01443733 -0.85139572
vn -0.16904080 0.02474321 -0.98529842
vn -0.16904080 0.02474321 -0.98529842
vn -0.16904080 0.02474321 -0.98529842
vn -0.15660463 0.02248549 -0.98740538
vn -0.15660463 0.02248549 -0.98740538
vn -0.15660463 0.02248549 -0.98740538
vn -0.66490430 -0.40525019 -0.62743490
vn -0.66490430 -0.40525019 -0.62743490
vn -0.66490430 -0.40525019 -0.62743490
vn -0.69313432 -0.33741740 -0.63695707
vn -0.69313432 -0.33741740 -0.63695707
vn -0.69313432 -0.33741740 -0.63695707
vn -0.18223080 -0.01975073 -0.98305740
vn -0.18223080 -0.01975073 -0.98305740
vn -0.18223080 -0.01975073 -0.98305740
vn -0.53313466 -0.78594339 -0.31314600
vn -0.53313466 -0.78594339 -0.31314600
vn -0.53313466 -0.78594339 -0.31314600
vn -0.60267789 -0.73021522 -0.32181530
vn -0.60267789 -0.73021522 -0.32181530
vn -0.60267789 -0.73021522 -0.32181530
vn -0.54183361 -0.55855267 -0.62804081
vn -0.54183361 -0.55855267 -0.62804081
vn -0.54183361 -0.55855267 -0.62804081
vn -0.58212255 -0.50581038 -0.63662327
vn -0.58212255 -0.50581038 -0.63662327
vn -0.58212255 -0.50581038 -0.63662327
vn -0.19052019 -0.07522339 -0.97879697
vn -0.19052019 -0.07522339 -0.97879697
vn -0.19052019 -0.07522339 -0.97879697
vn -0.20864602 -0.08140044 -0.97459777
vn -0.20864602 -0.08140044 -0.97459777
vn -0.20864602 -0.08140044 -0.97459777
vn -0.17670210 -0.10508653 -0.97863844
vn -0.17670210 -0.10508653 -0.97863844
vn -0.17670210 -0.10508653 -0.97863844
vn -0.46165957 -0.82303571 -0.33088165
vn -0.46165957 -0.82303571 -0.33088165
vn -0.46165957 -0.82303571 -0.33088165
vn -0.39208773 -0.86826075 -0.30395803
vn -0.39208773 -0.86826075 -0.30395803
vn -0.39208773 -0.86826075 -0.30395803
vn 0.00706016 -0.97242636 0.23310327
vn 0.00706016 -0.97242636 0.23310327
vn 0.00706016 -0.97242636 0.23310327
vn -0.08067851 -0.97095075 0.22526788
vn -0.08067851 -0.97095075 0.22526788
vn -0.08067851 -0.97095075 0.22526788
vn -0.31545284 -0.89575509 -0.31322886
vn -0.31545284 -0.89575509 -0.31322886
vn -0.31545284 -0.89575509 -0.31322886
vn -0.39056240 -0.86269059 -0.32128796
vn -0.39056240 -0.86269059 -0.32128796
vn -0.39056240 -0.86269059 -0.32128796
vn -0.13005398 -0.09674771 -0.98677548
vn -0.13005398 -0.09674771 -0.98677548
vn -0.13005398 -0.09674771 -0.98677548
vn -0.16186569 -0.11806531 -0.97972449
vn -0.16186569 -0.11806531 -0.97972449
vn -0.16186569 -0.11806531 -0.97972449
vn -0.11884531 -0.12272073 -0.98529966
vn -0.11884531 -0.12272073 -0.98529966
vn -0.11884531 -0.12272073 -0.98529966
vn -0.23575090 -0.91193845 -0.33584189
vn -0.23575090 -0.91193845 -0.33584189
vn -0.23575090 -0.91193845 -0.33584189
vn -0.15133565 -0.93653589 -0.31622469
vn -0.15133565 -0.93653589 -0.31622469
vn -0.15133565 -0.93653589 -0.31622469
vn 0.00404105 -0.99138680 0.13090407
vn 0.00404105 -0.99138680 0.13090407
vn 0.00404105 -0.99138680 0.13090407
vn 0.09137977 -0.98613971 0.13848542
vn 0.09137977 -0.98613971 0.13848542
vn 0.09137977 -0.98613971 0.13848542
vn 0.17545593 -0.97579540 0.13053178
vn 0.09102959 -0.98847075 0.12099252
vn 0.09102959 -0.98847075 0.12099252
vn 0.09102959 -0.98847075 0.12099252
vn -0.13362947 -0.16200675 -0.97769984
vn -0.13362947 -0.16200675 -0.97769984
vn -0.13362947 -0.16200675 -0.97769984
vn -0.10495811 -0.12916308 -0.98605309
vn -0.10495811 -0.12916308 -0.98605309
vn -0.10495811 -0.12916308 -0.98605309
vn 0.34178975 -0.93064249 0.13070705
vn 0.34178975 -0.93064249 0.13070705
vn 0.34178975 -0.93064249 0.13070705
vn 0.25900149 -0.95827128 0.12097264
vn 0.25900149 -0.95827128 0.12097264
vn 0.25900149 -0.95827128 0.12097264
vn -0.06302316 -0.75755206 -0.64972530
vn -0.06302316 -0.75755206 -0.64972530
vn -0.06302316 -0.75755206 -0.64972530
vn -0.12785964 -0.74109070 -0.65911796
vn -0.12785964 -0.74109070 -0.65911796
vn -0.12785964 -0.74109070 -0.65911796
vn -0.10036556 -0.17892938 -0.97872929
vn -0.10036556 -0.17892938 -0.97872929
vn -0.10036556 -0.17892938 -0.97872929
vn -0.09785158 -0.17483110 -0.97972402
vn -0.09785158 -0.17483110 -0.97972402
vn -0.09785158 -0.17483110 -0.97972402
vn 0.13773450 -0.76602832 -0.62787723
vn 0.13773450 -0.76602832 -0.62787723
vn 0.13773450 -0.76602832 -0.62787723
vn 0.07035194 -0.76796669 -0.63661430
vn 0.07035194 -0.76796669 -0.63661430
vn 0.07035194 -0.76796669 -0.63661430
vn -0.05134660 -0.19862046 -0.97873052
vn -0.05134660 -0.19862046 -0.97873052
vn -0.05134660 -0.19862046 -0.97873052
vn -0.04996191 -0.19401426 -0.97972561
vn -0.04996191 -0.19401426 -0.97972561
vn -0.04996191 -0.19401426 -0.97972561
vn 0.75739157 -0.63936914 0.13253344
vn 0.75739157 -0.63936914 0.13253344
vn 0.75739157 -0.63936914 0.13253344
vn 0.69756332 -0.70457318 0.13031517
vn 0.69756332 -0.70457318 0.13031517
vn 0.69756332 -0.70457318 0.13031517
vn 0.54768402 -0.77612559 -0.31252406
vn 0.54768402 -0.77612559 -0.31252406
vn 0.54768402 -0.77612559 -0.31252406
vn 0.46632815 -0.82400865 -0.32178844
vn 0.46632815 -0.82400865 -0.32178844
vn 0.46632815 -0.82400865 -0.32178844
vn 0.31926360 -0.68988925 -0.64971038
vn 0.31926360 -0.68988925 -0.64971038
vn 0.31926360 -0.68988925 -0.64971038
vn 0.25767968 -0.70686672 -0.65874170
vn 0.25767968 -0.70686672 -0.65874170
vn 0.25767968 -0.70686672 -0.65874170
vn 0.00097454 -0.15839359 -0.98737557
vn 0.00085972 -0.16268965 -0.98667692
vn 0.00086286 -0.16257250 -0.98669622
vn 0.00097739 -0.15828688 -0.98739268
vn 0.02871350 -0.16013262 -0.98667780
vn 0.79770665 -0.56379779 -0.21400035
vn 0.79770665 -0.56379779 -0.21400035
vn 0.79770665 -0.56379779 -0.21400035
vn 0.73816112 -0.63588767 -0.22531097
vn 0.73816112 -0.63588767 -0.22531097
vn 0.73816112 -0.63588767 -0.22531097
vn 0.48580674 -0.58488607 -0.64953837
vn 0.48580674 -0.58488607 -0.64953837
vn 0.48580674 -0.58488607 -0.64953837
vn 0.42699415 -0.61908344 -0.65909915
vn 0.42699415 -0.61908344 -0.65909915
vn 0.42699415 -0.61908344 -0.65909915
vn 0.04237405 -0.15707658 -0.98667694
vn 0.04237405 -0.15707658 -0.98667694
vn 0.04237405 -0.15707658 -0.98667694
vn 0.04136311 -0.15278781 -0.98739302
vn 0.04136311 -0.15278781 -0.98739302
vn 0.04136311 -0.15278781 -0.98739302
vn 0.06865517 -0.14749914 -0.98667648
vn 0.06865517 -0.14749914 -0.98667648
vn 0.06865517 -0.14749914 -0.98667648
vn 0.54229733 -0.54826895 -0.63664336
vn 0.54229733 -0.54826895 -0.63664336
vn 0.54229733 -0.54826895 -0.63664336
vn 0.59621240 -0.50107859 -0.62725674
vn 0.59621240 -0.50107859 -0.62725674
vn 0.59621240 -0.50107859 -0.62725674
vn 0.76573997 -0.54818154 -0.33636187
vn 0.76573997 -0.54818154 -0.33636187
vn 0.76573997 -0.54818154 -0.33636187
vn 0.82043208 -0.47631526 -0.31625143
vn 0.82043208 -0.47631526 -0.31625143
vn 0.82043208 -0.47631526 -0.31625143
vn 0.90180568 -0.43130411 0.02689404
vn 0.93675942 -0.34886245 0.02787084
vn 0.93675942 -0.34886245 0.02787084
vn 0.93675942 -0.34886245 0.02787084
vn 0.96739894 -0.09371862 0.23527878
vn 0.96739894 -0.09371862 0.23527878
vn 0.96739894 -0.09371862 0.23527878
vn 0.95467982 -0.18623520 0.23216999
vn 0.95467982 -0.18623520 0.23216999
vn 0.95467982 -0.18623520 0.23216999
vn 0.10126321 -0.17892734 -0.97863720
vn 0.10126321 -0.17892734 -0.97863720
vn 0.10126321 -0.17892734 -0.97863720
vn 0.07901003 -0.13716587 -0.98739199
vn 0.07901003 -0.13716587 -0.98739199
vn 0.07901003 -0.13716587 -0.98739199
vn 0.91448056 -0.25631428 -0.31309471
vn 0.91448056 -0.25631428 -0.31309471
vn 0.91448056 -0.25631428 -0.31309471
vn 0.88388722 -0.33946011 -0.32173004
vn 0.88388722 -0.33946011 -0.32173004
vn 0.88388722 -0.33946011 -0.32173004
vn 0.68603039 -0.32810246 -0.64939285
vn 0.68603039 -0.32810246 -0.64939285
vn 0.68603039 -0.32810246 -0.64939285
vn 0.64632516 -0.38448723 -0.65911559
vn 0.64632516 -0.38448723 -0.65911559
vn 0.64632516 -0.38448723 -0.65911559
vn 0.10404199 -0.12507584 -0.98667690
vn 0.10404199 -0.12507584 -0.98667690
vn 0.10404199 -0.12507584 -0.98667690
vn 0.10133692 -0.12160366 -0.98739221
vn 0.10133692 -0.12160366 -0.98739221
vn 0.10133692 -0.12160366 -0.98739221
vn 0.94989719 -0.00863823 -0.31244314
vn 0.94989719 -0.00863823 -0.31244314
vn 0.94989719 -0.00863823 -0.31244314
vn 0.94120131 -0.10302308 -0.32175508
vn 0.94120131 -0.10302308 -0.32175508
vn 0.94120131 -0.10302308 -0.32175508
vn 0.16745264 -0.11797976 -0.97879538
vn 0.16745264 -0.11797976 -0.97879538
vn 0.16745264 -0.11797976 -0.97879538
vn 0.18255062 -0.12973065 -0.97460004
vn 0.18255062 -0.12973065 -0.97460004
vn 0.18255062 -0.12973065 -0.97460004
vn 0.19188252 -0.07381212 -0.97863827
vn 0.19188252 -0.07381212 -0.97863827
vn 0.19188252 -0.07381212 -0.97863827
vn 0.77074247 -0.01569623 -0.63695343
vn 0.77074247 -0.01569623 -0.63695343
vn 0.77074247 -0.01569623 -0.63695343
vn 0.77654354 0.05754943 -0.62742983
vn 0.77654354 0.05754943 -0.62742983
vn 0.77654354 0.05754943 -0.62742983
vn 0.90815013 0.39786436 0.13025859
vn 0.90815013 0.39786436 0.13025859
vn 0.90815013 0.39786436 0.13025859
vn 0.86787912 0.47877062 0.13253123
vn 0.86787912 0.47877062 0.13253123
vn 0.86787912 0.47877062 0.13253123
vn 0.64491411 0.72717307 0.23517038
vn 0.64491411 0.72717307 0.23517038
vn 0.64491411 0.72717307 0.23517038
vn 0.57612994 0.78332942 0.23338662
vn 0.57612994 0.78332942 0.23338662
vn 0.57612994 0.78332942 0.23338662
vn 0.64667024 0.72867590 0.22549730
vn 0.64667024 0.72867590 0.22549730
vn 0.64667024 0.72867590 0.22549730
vn 0.72334939 0.68991415 0.02800219
vn 0.72334939 0.68991415 0.02800219
vn 0.72334939 0.68991415 0.02800219
vn 0.78267308 0.62184690 0.02700539
vn 0.78267308 0.62184690 0.02700539
vn 0.78267308 0.62184690 0.02700539
vn 0.76186643 0.61438796 -0.20515111
vn 0.76186643 0.61438796 -0.20515111
vn 0.76186643 0.61438796 -0.20515111
vn 0.81017668 0.53800630 -0.23272938
vn 0.81017668 0.53800630 -0.23272938
vn 0.81017668 0.53800630 -0.23272938
vn 0.72820101 0.32151064 -0.60527200
vn 0.72820101 0.32151064 -0.60527200
vn 0.72820101 0.32151064 -0.60527200
vn 0.74741766 0.25438167 -0.61372373
vn 0.74741766 0.25438167 -0.61372373
vn 0.74741766 0.25438167 -0.61372373
vn 0.16210164 -0.00096440 -0.98677359
vn 0.16210164 -0.00096440 -0.98677359
vn 0.16210164 -0.00096440 -0.98677359
vn 0.20032222 -0.00307424 -0.97972525
vn 0.20032222 -0.00307424 -0.97972525
vn 0.20032222 -0.00307424 -0.97972525
vn 0.15795847 0.03898623 -0.98667583
vn 0.15795847 0.03898623 -0.98667583
vn 0.15795847 0.03898623 -0.98667583
vn 0.19074036 0.12666309 -0.97343442
vn 0.19074036 0.12666309 -0.97343442
vn 0.19074036 0.12666309 -0.97343442
vn 0.20629359 0.97064117 0.12368782
vn 0.20629359 0.97064117 0.12368782
vn 0.20629359 0.97064117 0.12368782
vn 0.11668934 0.98331885 0.13952650
vn 0.11668934 0.98331885 0.13952650
vn 0.11668934 0.98331885 0.13952650
vn -0.91921434 0.05245369 -0.39024813
vn -0.91921434 0.05245369 -0.39024813
vn -0.91921434 0.05245369 -0.39024813
vn -0.87242834 -0.02216883 -0.48823902
vn -0.87242834 -0.02216883 -0.48823902
vn -0.87242834 -0.02216883 -0.48823902
vn -0.79436167 0.11496811 -0.59646616
vn -0.79436167 0.11496811 -0.59646616
vn -0.79436167 0.11496811 -0.59646616
vn -0.81076419 0.04953187 -0.58327354
vn -0.81076419 0.04953187 -0.58327354
vn -0.81076419 0.04953187 -0.58327354
vn -0.78664555 -0.15991399 -0.59633572
vn -0.78664555 -0.15991399 -0.59633572
vn -0.78664555 -0.15991399 -0.59633572
vn -0.77987703 -0.22793525 -0.58295569
vn -0.77987703 -0.22793525 -0.58295569
vn -0.77987703 -0.22793525 -0.58295569
vn -0.55840724 -0.57854933 -0.59452673
vn -0.55840724 -0.57854933 -0.59452673
vn -0.55840724 -0.57854933 -0.59452673
vn -0.51129260 -0.62860835 -0.58603022
vn -0.51129260 -0.62860835 -0.58603022
vn -0.51129260 -0.62860835 -0.58603022
vn -0.50502727 -0.62149420 -0.59890935
vn -0.50502727 -0.62149420 -0.59890935
vn -0.50502727 -0.62149420 -0.59890935
vn -0.45521438 -0.66843963 -0.58819072
vn -0.45521438 -0.66843963 -0.58819072
vn -0.45521438 -0.66843963 -0.58819072
vn 0.79007829 -0.14924950 -0.59455940
vn 0.79007829 -0.14924950 -0.59455940
vn 0.79007829 -0.14924950 -0.59455940
vn 0.80590622 -0.08319722 -0.58616839
vn 0.80590622 -0.08319722 -0.58616839
vn 0.80590622 -0.08319722 -0.58616839
vn 0.80200390 0.05761220 -0.59453392
vn 0.80200390 0.05761220 -0.59453392
vn 0.80200390 0.05761220 -0.59453392
vn 0.80045258 0.12535296 -0.58614188
vn 0.80045258 0.12535296 -0.58614188
vn 0.80045258 0.12535296 -0.58614188
vn 0.53200121 0.60108109 -0.59638597
vn 0.53200121 0.60108109 -0.59638597
vn 0.53200121 0.60108109 -0.59638597
vn 0.48516974 0.65185040 -0.58283907
vn 0.48516974 0.65185040 -0.58283907
vn 0.48516974 0.65185040 -0.58283907
vn 0.47888951 0.64408312 -0.59650798
vn 0.47888951 0.64408312 -0.59650798
vn 0.47888951 0.64408312 -0.59650798
vn 0.42800722 0.69056795 -0.58303149
vn 0.42800722 0.69056795 -0.58303149
vn 0.42800722 0.69056795 -0.58303149
vn -0.16344393 0.72727263 -0.66660378
vn -0.16344393 0.72727263 -0.66660378
vn -0.16344393 0.72727263 -0.66660378
vn -0.16234364 0.72140870 -0.67321172
vn -0.16234364 0.72140870 -0.67321172
vn -0.16234364 0.72140870 -0.67321172
vn -0.22698419 0.71597318 -0.66019738
vn -0.22698419 0.71597318 -0.66019738
vn -0.22698419 0.71597318 -0.66019738
vn -0.22463620 0.70754385 -0.67001514
vn -0.22463620 0.70754385 -0.67001514
vn -0.22463620 0.70754385 -0.67001514
vn -0.28608072 0.68996899 -0.66490647
vn -0.28608072 0.68996899 -0.66490647
vn -0.28608072 0.68996899 -0.66490647
vn -0.28278312 0.68116879 -0.67530940
vn -0.28278312 0.68116879 -0.67530940
vn -0.28278312 0.68116879 -0.67530940
vn -0.34375091 0.66145944 -0.66656336
vn -0.34371607 0.66138611 -0.66665409
vn -0.34118621 0.65606342 -0.67318107
vn -0.34115264 0.65599282 -0.67326688
vn -0.40216229 0.63428052 -0.66026791
vn -0.40216229 0.63428052 -0.66026791
vn -0.40216229 0.63428052 -0.66026791
vn -0.39629206 0.62425235 -0.67324706
vn -0.39629206 0.62425235 -0.67324706
vn -0.39629206 0.62425235 -0.67324706
vn -0.45515122 0.59738947 -0.66027508
vn -0.45515122 0.59738947 -0.66027508
vn -0.45515122 0.59738947 -0.66027508
vn -0.44733699 0.58636508 -0.67532629
vn -0.44733699 0.58636508 -0.67532629
vn -0.44733699 0.58636508 -0.67532629
vn -0.50125041 0.55173743 -0.66658371
vn -0.50119868 0.55167624 -0.66667324
vn -0.49744393 0.54723562 -0.67311419
vn -0.49739410 0.54717671 -0.67319890
vn -0.55083060 0.51059114 -0.66021385
vn -0.55083060 0.51059114 -0.66021385
vn -0.55083060 0.51059114 -0.66021385
vn -0.54257345 0.50237373 -0.67322707
vn -0.54257345 0.50237373 -0.67322707
vn -0.54257345 0.50237373 -0.67322707
vn -0.59274658 0.46126473 -0.66021689
vn -0.59274658 0.46126473 -0.66021689
vn -0.59274658 0.46126473 -0.66021689
vn -0.58603016 0.45564609 -0.67004126
vn -0.58603016 0.45564609 -0.67004126
vn -0.58603016 0.45564609 -0.67004126
vn -0.62679311 0.40621299 -0.66492210
vn -0.62679311 0.40621299 -0.66492210
vn -0.62679311 0.40621299 -0.66492210
vn -0.62303434 0.40358348 -0.67003626
vn -0.62303434 0.40358348 -0.67003626
vn -0.62303434 0.40358348 -0.67003626
vn -0.65931161 0.35097113 -0.66492667
vn -0.65931161 0.35097113 -0.66492667
vn -0.65931161 0.35097113 -0.66492667
vn -0.65118516 0.34627817 -0.67531424
vn -0.65118516 0.34627817 -0.67531424
vn -0.65118516 0.34627817 -0.67531424
vn -0.68573226 0.29231149 -0.66657727
vn -0.68573226 0.29231149 -0.66657727
vn -0.68573226 0.29231149 -0.66657727
vn -0.68035353 0.28978889 -0.67315783
vn -0.68035353 0.28978889 -0.67315783
vn -0.68035353 0.28978889 -0.67315783
vn -0.71363948 0.23429806 -0.66016900
vn -0.71363948 0.23429806 -0.66016900
vn -0.71363948 0.23429806 -0.66016900
vn -0.70091392 0.22962856 -0.67527061
vn -0.70091392 0.22962856 -0.67527061
vn -0.70091392 0.22962856 -0.67527061
vn -0.72568306 0.17053510 -0.66655974
vn -0.72568306 0.17053510 -0.66655974
vn -0.72568306 0.17053510 -0.66655974
vn -0.71988207 0.16895213 -0.67321986
vn -0.71988207 0.16895213 -0.67321986
vn -0.71988207 0.16895213 -0.67321986
vn -0.74292378 0.10927223 -0.66039672
vn -0.74292378 0.10927223 -0.66039672
vn -0.74292378 0.10927223 -0.66039672
vn -0.73477969 -0.08672030 -0.67273947
vn -0.73477969 -0.08672030 -0.67273947
vn -0.73477969 -0.08672030 -0.67273947
vn -0.73618458 -0.14788561 -0.66042570
vn -0.73618458 -0.14788561 -0.66042570
vn -0.73618458 -0.14788561 -0.66042570
vn -0.71197200 -0.21052235 -0.66990762
vn -0.71197200 -0.21052235 -0.66990762
vn -0.71197200 -0.21052235 -0.66990762
vn -0.69595323 -0.27134062 -0.66484838
vn -0.69595323 -0.27134062 -0.66484838
vn -0.69595323 -0.27134062 -0.66484838
vn -0.69160743 -0.26982122 -0.66998184
vn -0.69160743 -0.26982122 -0.66998184
vn -0.69160743 -0.26982122 -0.66998184
vn -0.67009151 -0.33000059 -0.66488870
vn -0.67009151 -0.33000059 -0.66488870
vn -0.67009151 -0.33000059 -0.66488870
vn -0.66151729 -0.32613992 -0.67529817
vn -0.66151729 -0.32613992 -0.67529817
vn -0.66151729 -0.32613992 -0.67529817
vn -0.63787531 -0.38581159 -0.66653170
vn -0.63787531 -0.38581159 -0.66653170
vn -0.63787531 -0.38581159 -0.66653170
vn -0.63520867 -0.38432515 -0.66992845
vn -0.63520867 -0.38432515 -0.66992845
vn -0.63520867 -0.38432515 -0.66992845
vn -0.60370227 -0.43993305 -0.66483267
vn -0.60370227 -0.43993305 -0.66483267
vn -0.60370227 -0.43993305 -0.66483267
vn -0.59587592 -0.43463353 -0.67529667
vn -0.59587592 -0.43463353 -0.67529667
vn -0.59587592 -0.43463353 -0.67529667
vn -0.56241811 -0.48928122 -0.66655064
vn -0.56235490 -0.48923009 -0.66664150
vn -0.55776779 -0.48551773 -0.67317726
vn -0.55770695 -0.48546847 -0.67326319
vn -0.52274194 -0.53903525 -0.66044066
vn -0.52274194 -0.53903525 -0.66044066
vn -0.52274194 -0.53903525 -0.66044066
vn -0.41440273 -0.61262396 -0.67302471
vn -0.41440273 -0.61262396 -0.67302471
vn -0.41440273 -0.61262396 -0.67302471
vn -0.36717310 -0.65517202 -0.66025263
vn -0.36717310 -0.65517202 -0.66025263
vn -0.36717310 -0.65517202 -0.66025263
vn -0.36115363 -0.64527190 -0.67319554
vn -0.36115363 -0.64527190 -0.67319554
vn -0.36115363 -0.64527190 -0.67319554
vn -0.30955987 -0.68432263 -0.66020847
vn -0.30955987 -0.68432263 -0.66020847
vn -0.30955987 -0.68432263 -0.66020847
vn -0.30356400 -0.67219856 -0.67527623
vn -0.30356400 -0.67219856 -0.67527623
vn -0.30356400 -0.67219856 -0.67527623
vn -0.24747945 -0.70319011 -0.66654152
vn -0.24744993 -0.70311493 -0.66663178
vn -0.24530844 -0.69765822 -0.67312464
vn -0.24528004 -0.69758583 -0.67321001
vn -0.18770868 -0.72723793 -0.66021999
vn -0.18770868 -0.72723793 -0.66021999
vn -0.18770868 -0.72723793 -0.66021999
vn -0.18440442 -0.71608705 -0.67321196
vn -0.18440442 -0.71608705 -0.67321196
vn -0.18440442 -0.71608705 -0.67321196
vn -0.12439343 -0.74071082 -0.66020736
vn -0.12439343 -0.74071082 -0.66020736
vn -0.12439343 -0.74071082 -0.66020736
vn -0.12264109 -0.73214223 -0.67002008
vn -0.12264109 -0.73214223 -0.67002008
vn -0.12264109 -0.73214223 -0.67002008
vn -0.05994191 -0.74451394 -0.66491049
vn -0.05994191 -0.74451394 -0.66491049
vn -0.05994191 -0.74451394 -0.66491049
vn -0.05886617 -0.73519014 -0.67530010
vn -0.05886617 -0.73519014 -0.67530010
vn -0.05886617 -0.73519014 -0.67530010
vn 0.00438650 -0.74543941 -0.66655896
vn 0.00438650 -0.74543941 -0.66655896
vn 0.00438650 -0.74543941 -0.66655896
vn 0.00456568 -0.73940766 -0.67324250
vn 0.00456568 -0.73940766 -0.67324250
vn 0.00456568 -0.73940766 -0.67324250
vn 0.06876310 -0.74788337 -0.66025912
vn 0.06876310 -0.74788337 -0.66025912
vn 0.06876310 -0.74788337 -0.66025912
vn 0.06811156 -0.73630310 -0.67321509
vn 0.06811156 -0.73630310 -0.67321509
vn 0.06811156 -0.73630310 -0.67321509
vn 0.13291282 -0.73923191 -0.66020479
vn 0.13291282 -0.73923191 -0.66020479
vn 0.13291282 -0.73923191 -0.66020479
vn 0.13166820 -0.73056062 -0.67003333
vn 0.13166820 -0.73056062 -0.67003333
vn 0.13166820 -0.73056062 -0.67003333
vn 0.19486375 -0.72103957 -0.66492861
vn 0.19486375 -0.72103957 -0.66492861
vn 0.19486375 -0.72103957 -0.66492861
vn 0.19274148 -0.71195174 -0.67525954
vn 0.19274148 -0.71195174 -0.67525954
vn 0.19274148 -0.71195174 -0.67525954
vn 0.25573776 -0.70023413 -0.66653609
vn 0.25573776 -0.70023413 -0.66653609
vn 0.25573776 -0.70023413 -0.66653609
vn 0.25386753 -0.69448650 -0.67323085
vn 0.25386753 -0.69448650 -0.67323085
vn 0.25386753 -0.69448650 -0.67323085
vn 0.31727015 -0.68077417 -0.66021677
vn 0.31727015 -0.68077417 -0.66021677
vn 0.31727015 -0.68077417 -0.66021677
vn 0.31389487 -0.67280787 -0.66992505
vn 0.31389487 -0.67280787 -0.66992505
vn 0.31389487 -0.67280787 -0.66992505
vn 0.37272191 -0.64739778 -0.66479658
vn 0.37272191 -0.64739778 -0.66479658
vn 0.37272191 -0.64739778 -0.66479658
vn 0.37054763 -0.64329145 -0.66997804
vn 0.37054763 -0.64329145 -0.66997804
vn 0.37054763 -0.64329145 -0.66997804
vn 0.42682627 -0.61300332 -0.66486560
vn 0.42682627 -0.61300332 -0.66486560
vn 0.42682627 -0.61300332 -0.66486560
vn 0.42172433 -0.60510805 -0.67527242
vn 0.42172433 -0.60510805 -0.67527242
vn 0.42172433 -0.60510805 -0.67527242
vn 0.47707097 -0.57281853 -0.66654498
vn 0.47707097 -0.57281853 -0.66654498
vn 0.47707097 -0.57281853 -0.66654498
vn 0.47339272 -0.56806809 -0.67319981
vn 0.47339272 -0.56806809 -0.67319981
vn 0.47339272 -0.56806809 -0.67319981
vn 0.52844260 -0.53375661 -0.66019111
vn 0.52844260 -0.53375661 -0.66019111
vn 0.52844260 -0.53375661 -0.66019111
vn 0.52251141 -0.52732647 -0.67000643
vn 0.52251141 -0.52732647 -0.67000643
vn 0.52251141 -0.52732647 -0.67000643
vn 0.56919326 -0.48367520 -0.66488896
vn 0.56919326 -0.48367520 -0.66488896
vn 0.56919326 -0.48367520 -0.66488896
vn 0.56224644 -0.47734636 -0.67529208
vn 0.56224644 -0.47734636 -0.67529208
vn 0.56224644 -0.47734636 -0.67529208
vn 0.60751808 -0.43200045 -0.66655637
vn 0.60751808 -0.43200045 -0.66655637
vn 0.60751808 -0.43200045 -0.66655637
vn 0.60274915 -0.42834705 -0.67321042
vn 0.60274915 -0.42834705 -0.67321042
vn 0.60274915 -0.42834705 -0.67321042
vn 0.64721380 -0.38111785 -0.66019958
vn 0.64721380 -0.38111785 -0.66019958
vn 0.64721380 -0.38111785 -0.66019958
vn 0.63986647 -0.37643404 -0.66997635
vn 0.63986647 -0.37643404 -0.66997635
vn 0.63986647 -0.37643404 -0.66997635
vn 0.67391857 -0.32215436 -0.66486865
vn 0.67391857 -0.32215436 -0.66486865
vn 0.67391857 -0.32215436 -0.66486865
vn 0.66983610 -0.32002206 -0.67000409
vn 0.66983610 -0.32002206 -0.67000409
vn 0.66983610 -0.32002206 -0.67000409
vn 0.69903429 -0.26317401 -0.66489887
vn 0.69903429 -0.26317401 -0.66489887
vn 0.69903429 -0.26317401 -0.66489887
vn 0.69036133 -0.25956223 -0.67529896
vn 0.69036133 -0.25956223 -0.67529896
vn 0.69036133 -0.25956223 -0.67529896
vn 0.71766958 -0.20159811 -0.66656476
vn 0.71766958 -0.20159811 -0.66656476
vn 0.71766958 -0.20159811 -0.66656476
vn 0.71189661 -0.19975250 -0.67327717
vn 0.71189661 -0.19975250 -0.67327717
vn 0.71189661 -0.19975250 -0.67327717
vn 0.73747401 -0.14112314 -0.66046676
vn 0.73747401 -0.14112314 -0.66046676
vn 0.73747401 -0.14112314 -0.66046676
vn 0.73873114 -0.07398987 -0.66992672
vn 0.73873114 -0.07398987 -0.66992672
vn 0.73873114 -0.07398987 -0.66992672
vn 0.74686098 -0.01179255 -0.66487564
vn 0.74686098 -0.01179255 -0.66487564
vn 0.74686098 -0.01179255 -0.66487564
vn 0.73740574 -0.01131646 -0.67535525
vn 0.73740574 -0.01131646 -0.67535525
vn 0.73740574 -0.01131646 -0.67535525
vn 0.74346794 0.05149280 -0.66678626
vn 0.74346794 0.05149280 -0.66678626
vn 0.74346794 0.05149280 -0.66678626
vn 0.73314175 0.11710040 -0.66991840
vn 0.73314175 0.11710040 -0.66991840
vn 0.73314175 0.11710040 -0.66991840
vn 0.72509604 0.17931142 -0.66489334
vn 0.72509604 0.17931142 -0.66489334
vn 0.72509604 0.17931142 -0.66489334
vn 0.71592834 0.17737752 -0.67526575
vn 0.71592834 0.17737752 -0.67526575
vn 0.71592834 0.17737752 -0.67526575
vn 0.70558626 0.24061495 -0.66652267
vn 0.70558626 0.24061495 -0.66652267
vn 0.70558626 0.24061495 -0.66652267
vn 0.69977721 0.23886204 -0.67324348
vn 0.69977721 0.23886204 -0.67324348
vn 0.69977721 0.23886204 -0.67324348
vn 0.68746987 0.30238332 -0.66026473
vn 0.68746987 0.30238332 -0.66026473
vn 0.68746987 0.30238332 -0.66026473
vn 0.67492945 0.29737564 -0.67530583
vn 0.67492945 0.29737564 -0.67530583
vn 0.67492945 0.29737564 -0.67530583
vn 0.65390821 0.35790368 -0.66656508
vn 0.65383612 0.35786751 -0.66665521
vn 0.64860413 0.35524129 -0.67313914
vn 0.64853472 0.35520644 -0.67322440
vn 0.62549646 0.41572742 -0.66024608
vn 0.62549646 0.41572742 -0.66024608
vn 0.62549646 0.41572742 -0.66024608
vn 0.61561681 0.40965505 -0.67320033
vn 0.61561681 0.40965505 -0.67320033
vn 0.61561681 0.40965505 -0.67320033
vn 0.58742002 0.46807683 -0.66018316
vn 0.58742002 0.46807683 -0.66018316
vn 0.58742002 0.46807683 -0.66018316
vn 0.58040081 0.46287832 -0.66998400
vn 0.58040081 0.46287832 -0.66998400
vn 0.58040081 0.46287832 -0.66998400
vn 0.54200129 0.51396393 -0.66488772
vn 0.54200129 0.51396393 -0.66488772
vn 0.54200129 0.51396393 -0.66488772
vn 0.53493053 0.50770800 -0.67533837
vn 0.53493053 0.50770800 -0.67533837
vn 0.53493053 0.50770800 -0.67533837
vn 0.49533956 0.55684537 -0.66675479
vn 0.49533956 0.55684537 -0.66675479
vn 0.49533956 0.55684537 -0.66675479
vn 0.38912509 0.63226631 -0.66994102
vn 0.38912509 0.63226631 -0.66994102
vn 0.38912509 0.63226631 -0.66994102
vn 0.33671808 0.66674037 -0.66488963
vn 0.33671808 0.66674037 -0.66488963
vn 0.33671808 0.66674037 -0.66488963
vn 0.33219756 0.65850845 -0.67528616
vn 0.33219756 0.65850845 -0.67528616
vn 0.33219756 0.65850845 -0.67528616
vn 0.27750020 0.69188335 -0.66655162
vn 0.27746738 0.69180930 -0.66664214
vn 0.27508659 0.68643510 -0.67315245
vn 0.27505502 0.68636380 -0.67323805
vn 0.21886423 0.71843820 -0.66026131
vn 0.21886423 0.71843820 -0.66026131
vn 0.21886423 0.71843820 -0.66026131
vn 0.21449352 0.70568483 -0.67527879
vn 0.21449352 0.70568483 -0.67527879
vn 0.21449352 0.70568483 -0.67527879
vn 0.15475570 0.72925312 -0.66651374
vn 0.15474858 0.72922468 -0.66654651
vn 0.15423825 0.72718627 -0.66888765
vn 0.15423122 0.72715816 -0.66891983
vn 0.09264367 0.74579940 -0.65969720
vn 0.09264367 0.74579940 -0.65969720
vn 0.09264367 0.74579940 -0.65969720
vn 0.09043861 0.73196293 -0.67531558
vn 0.09043861 0.73196293 -0.67531558
vn 0.09043861 0.73196293 -0.67531558
vn 0.02768833 0.74490999 -0.66659018
vn 0.02768246 0.74482964 -0.66668020
vn 0.02725760 0.73899868 -0.67315524
vn 0.02725198 0.73892131 -0.67324040
vn -0.03663169 0.75016009 -0.66024084
vn -0.03663169 0.75016009 -0.66024084
vn -0.03663169 0.75016009 -0.66024084
vn -0.03651418 0.74142654 -0.67003985
vn -0.03651418 0.74142654 -0.67003985
vn -0.03651418 0.74142654 -0.67003985
vn -0.10040563 0.74011555 -0.66494187
vn -0.10040563 0.74011555 -0.66494187
vn -0.10040563 0.74011555 -0.66494187
vn -0.09946461 0.73076586 -0.67534291
vn -0.09946461 0.73076586 -0.67534291
vn -0.09946461 0.73076586 -0.67534291
vn -0.28576814 0.01335127 -0.95820578
vn -0.28576814 0.01335127 -0.95820578
vn -0.28576814 0.01335127 -0.95820578
vn -0.28698887 -0.01118012 -0.95786867
vn -0.28698887 -0.01118012 -0.95786867
vn -0.28698887 -0.01118012 -0.95786867
vn -0.36941099 -0.01017177 -0.92921045
vn -0.36941099 -0.01017177 -0.92921045
vn -0.36941099 -0.01017177 -0.92921045
vn -0.36471471 -0.03643137 -0.93040633
vn -0.36471471 -0.03643137 -0.93040633
vn -0.36471471 -0.03643137 -0.93040633
vn -0.99825274 0.05908762 0.00035451
vn -0.99828984 0.05845836 0.00008979
vn -0.99826551 0.05887191 0.00026376
vn -0.99830274 0.05823785 -0.00000297
vn -0.98946484 0.14477335 0.00000745
vn -0.98949604 0.14455995 -0.00008298
vn -0.98947540 0.14470120 -0.00002313
vn -0.98950657 0.14448781 -0.00011355
vn -0.97340255 0.22910142 -0.00010671
vn -0.97344044 0.22894040 -0.00003778
vn -0.97342768 0.22899463 -0.00006100
vn -0.97338980 0.22915557 -0.00012989
vn -0.95022620 0.31156085 -0.00005653
vn -0.95027812 0.31140243 -0.00012658
vn -0.95024379 0.31150720 -0.00008025
vn -0.95029572 0.31134873 -0.00015033
vn -0.91975074 0.39250295 -0.00010756
vn -0.91979283 0.39240428 -0.00015243
vn -0.91976494 0.39246967 -0.00012269
vn -0.91980701 0.39237105 -0.00016754
vn -0.88288828 0.46958306 -0.00017011
vn -0.88285025 0.46965458 -0.00013625
vn -0.88287546 0.46960717 -0.00015869
vn -0.88283743 0.46967868 -0.00012484
vn -0.83917924 0.54385492 -0.00014654
vn -0.83915730 0.54388878 -0.00012966
vn -0.83917183 0.54386636 -0.00014084
vn -0.83914989 0.54390021 -0.00012396
vn -0.78922057 0.61410982 -0.00014558
vn -0.78922617 0.61410263 -0.00014941
vn -0.78922247 0.61410738 -0.00014688
vn -0.78922806 0.61410019 -0.00015071
vn -0.73338789 0.67981041 -0.00010818
vn -0.73325748 0.67995108 -0.00002775
vn -0.73334383 0.67985794 -0.00008100
vn -0.73321349 0.67999851 -0.00000063
vn -0.67213485 0.74042876 0.00001002
vn -0.67237041 0.74021484 -0.00012285
vn -0.67221420 0.74035672 -0.00003473
vn -0.67244977 0.74014274 -0.00016762
vn -0.60635129 0.79519688 -0.00017013
vn -0.60632256 0.79521879 -0.00015496
vn -0.60634158 0.79520429 -0.00016500
vn -0.60631283 0.79522622 -0.00014983
vn -0.53548086 0.84454735 -0.00010715
vn -0.53554510 0.84450662 -0.00013904
vn -0.53550256 0.84453359 -0.00011793
vn -0.53556680 0.84449285 -0.00014982
vn -0.46077930 0.88751475 -0.00010716
vn -0.46087636 0.88746434 -0.00015291
vn -0.46081204 0.88749775 -0.00012259
vn -0.46090905 0.88744736 -0.00016832
vn -0.38334159 0.92360662 -0.00017081
vn -0.38326626 0.92363789 -0.00013672
vn -0.38331620 0.92361716 -0.00015932
vn -0.38324087 0.92364843 -0.00012523
vn -0.30224123 0.95323146 -0.00014692
vn -0.30218456 0.95324943 -0.00012194
vn -0.30222204 0.95323755 -0.00013846
vn -0.30216534 0.95325552 -0.00011347
vn -0.21899956 0.97572494 -0.00019277
vn -0.21936157 0.97564363 -0.00003790
vn -0.21923965 0.97567103 -0.00009006
vn -0.21887754 0.97575231 -0.00024497
vn -0.13478460 0.99087490 -0.00020355
vn -0.13464615 0.99089373 -0.00014507
vn -0.13473788 0.99088126 -0.00018382
vn -0.13459948 0.99090008 -0.00012536
vn -0.04881249 0.99880795 -0.00014703
vn -0.04855201 0.99882065 -0.00003745
vn -0.04872420 0.99881226 -0.00010989
vn -0.04846378 0.99882494 -0.00000033
vn 0.03754283 0.99929502 0.00001038
vn 0.03722238 0.99930700 -0.00012352
vn 0.03743490 0.99929907 -0.00003471
vn 0.03711439 0.99931101 -0.00016864
vn 0.12263821 0.99245143 -0.00017129
vn 0.12273991 0.99243886 -0.00012837
vn 0.12267255 0.99244719 -0.00015680
vn 0.12277429 0.99243461 -0.00011385
vn 0.20822638 0.97808065 -0.00009598
vn 0.20810094 0.97810735 -0.00014969
vn 0.20818399 0.97808968 -0.00011413
vn 0.20805860 0.97811635 -0.00016782
vn 0.29104186 0.95671031 -0.00017046
vn 0.29107630 0.95669983 -0.00015536
vn 0.29105351 0.95670676 -0.00016535
vn 0.29108797 0.95669628 -0.00015024
vn 0.37262542 0.92798184 -0.00010739
vn 0.37252398 0.92802255 -0.00015311
vn 0.37259121 0.92799557 -0.00012281
vn 0.37248982 0.92803626 -0.00016851
vn 0.45047567 0.89278869 -0.00017124
vn 0.45054966 0.89275136 -0.00013660
vn 0.45050061 0.89277611 -0.00015956
vn 0.45057460 0.89273877 -0.00012492
vn 0.52551349 0.85078525 -0.00014648
vn 0.52573028 0.85065132 -0.00003941
vn 0.52558691 0.85073991 -0.00011022
vn 0.52580383 0.85060586 -0.00000307
vn 0.59706760 0.80219093 0.00000722
vn 0.59710453 0.80216344 0.00002652
vn 0.59708008 0.80218164 0.00001374
vn 0.59711702 0.80215414 0.00003305
vn 0.66403304 0.74770321 -0.00016511
vn 0.66360072 0.74808694 0.00007661
vn 0.66374657 0.74795754 -0.00000492
vn 0.66417861 0.74757388 -0.00024654
vn 0.72537712 0.68835165 -0.00020540
vn 0.72547540 0.68824809 -0.00014564
vn 0.72541029 0.68831670 -0.00018523
vn 0.72550852 0.68821317 -0.00012550
vn 0.78205058 0.62321494 -0.00014724
vn 0.78204736 0.62321899 -0.00014941
vn 0.78204949 0.62321631 -0.00014797
vn 0.78204627 0.62322036 -0.00015015
vn 0.83283077 0.55352768 -0.00010738
vn 0.83278891 0.55359066 -0.00013909
vn 0.83281663 0.55354895 -0.00011809
vn 0.83277476 0.55361193 -0.00014980
vn 0.87739431 0.47976995 -0.00010719
vn 0.87734192 0.47986575 -0.00015286
vn 0.87737664 0.47980226 -0.00012259
vn 0.87732427 0.47989801 -0.00016825
vn 0.91520858 0.40298042 -0.00017093
vn 0.91522392 0.40294560 -0.00015496
vn 0.91521377 0.40296865 -0.00016553
vn 0.91522911 0.40293380 -0.00014955
vn 0.94660835 0.32238581 -0.00010669
vn 0.94657298 0.32248965 -0.00015257
vn 0.94659642 0.32242083 -0.00012216
vn 0.94656106 0.32252462 -0.00016803
vn 0.97067144 0.24040991 -0.00017055
vn 0.97069129 0.24032977 -0.00013604
vn 0.97067813 0.24038290 -0.00015892
vn 0.97069798 0.24030276 -0.00012441
vn 0.98772299 0.15621546 -0.00014608
vn 0.98776158 0.15597135 -0.00004246
vn 0.98773603 0.15613300 -0.00011108
vn 0.98777462 0.15588873 -0.00000738
vn 0.99756064 0.06980527 0.00000274
vn 0.99753475 0.07017413 -0.00015227
vn 0.99755188 0.06993030 -0.00004980
vn 0.99752596 0.07029882 -0.00020467
vn 0.99988098 -0.01542635 -0.00024065
vn 0.99987560 -0.01577244 -0.00009609
vn 0.99987918 -0.01554302 -0.00019191
vn 0.99987376 -0.01588904 -0.00004739
vn 0.99486786 -0.10118265 -0.00011259
vn 0.99484885 -0.10136945 -0.00003397
vn 0.99486145 -0.10124567 -0.00008607
vn 0.99484241 -0.10143267 -0.00000736
vn 0.98233939 -0.18710777 0.00000281
vn 0.98238984 -0.18684267 -0.00011058
vn 0.98235652 -0.18701784 -0.00003566
vn 0.98240693 -0.18675279 -0.00014903
vn 0.96262918 -0.27082291 -0.00010636
vn 0.96267668 -0.27065398 -0.00017977
vn 0.96264522 -0.27076589 -0.00013114
vn 0.96269267 -0.27059707 -0.00020450
vn 0.93599855 -0.35200378 -0.00024030
vn 0.93587699 -0.35232691 -0.00009611
vn 0.93595758 -0.35211272 -0.00019169
vn 0.93583600 -0.35243577 -0.00004753
vn 0.90221415 -0.43128833 -0.00011301
vn 0.90222378 -0.43126818 -0.00012234
vn 0.90221739 -0.43128153 -0.00011615
vn 0.90222703 -0.43126138 -0.00012549
vn 0.86171952 -0.50738491 -0.00014726
vn 0.86172205 -0.50738061 -0.00014935
vn 0.86172038 -0.50738345 -0.00014797
vn 0.86172291 -0.50737915 -0.00015007
vn 0.81473132 -0.57983865 -0.00010742
vn 0.81479355 -0.57975120 -0.00015231
vn 0.81475231 -0.57980916 -0.00012256
vn 0.81481450 -0.57972175 -0.00016743
vn 0.76226240 -0.64726811 -0.00017000
vn 0.76220949 -0.64733042 -0.00013583
vn 0.76224456 -0.64728912 -0.00015848
vn 0.76219165 -0.64735143 -0.00012431
vn 0.70358803 -0.71060809 -0.00014583
vn 0.70359289 -0.71060328 -0.00014870
vn 0.70358968 -0.71060646 -0.00014681
vn 0.70359454 -0.71060165 -0.00014968
vn 0.63965810 -0.76865955 -0.00010706
vn 0.63979185 -0.76854821 -0.00017986
vn 0.63970325 -0.76862197 -0.00013163
vn 0.63983690 -0.76851070 -0.00020438
vn 0.57170965 -0.82045598 -0.00024054
vn 0.57142517 -0.82065417 -0.00009574
vn 0.57161376 -0.82052280 -0.00019173
vn 0.57132931 -0.82072091 -0.00004696
vn 0.49894443 -0.86663397 -0.00011244
vn 0.49896366 -0.86662290 -0.00012172
vn 0.49895092 -0.86663024 -0.00011557
vn 0.49897015 -0.86661916 -0.00012485
vn 0.42245289 -0.90638487 -0.00014627
vn 0.42245847 -0.90638227 -0.00014886
vn 0.42245478 -0.90638399 -0.00014715
vn 0.42246037 -0.90638139 -0.00014974
vn 0.34268002 -0.93945218 -0.00010726
vn 0.34278204 -0.93941495 -0.00015269
vn 0.34271443 -0.93943962 -0.00012258
vn 0.34281640 -0.93940241 -0.00016799
vn 0.26123907 -0.96527412 -0.00017071
vn 0.26115858 -0.96529590 -0.00013586
vn 0.26121194 -0.96528146 -0.00015896
vn 0.26113145 -0.96530324 -0.00012411
vn 0.17699915 -0.98421099 -0.00014579
vn 0.17700685 -0.98420961 -0.00014908
vn 0.17700176 -0.98421052 -0.00014690
vn 0.17700947 -0.98420914 -0.00015019
vn 0.09155744 -0.99579979 -0.00010758
vn 0.09156848 -0.99579878 -0.00011224
vn 0.09156116 -0.99579945 -0.00010915
vn 0.09157221 -0.99579843 -0.00011381
vn 0.00561057 -0.99998424 -0.00019276
vn 0.00598081 -0.99998211 -0.00003822
vn 0.00585611 -0.99998285 -0.00009027
vn 0.00548578 -0.99998492 -0.00024485
vn -0.07989445 -0.99680331 -0.00020369
vn -0.08003469 -0.99679207 -0.00014481
vn -0.07994178 -0.99679952 -0.00018382
vn -0.08008196 -0.99678827 -0.00012495
vn -0.16558172 -0.98619606 -0.00014658
vn -0.16563936 -0.98618639 -0.00012202
vn -0.16560124 -0.98619279 -0.00013826
vn -0.16565892 -0.98618310 -0.00011369
vn -0.24983151 -0.96828931 -0.00015232
vn -0.24956628 -0.96835772 -0.00003799
vn -0.24965577 -0.96833465 -0.00007656
vn -0.24992093 -0.96826623 -0.00019087
vn -0.33225559 -0.94318937 -0.00020098
vn -0.33196216 -0.94329270 -0.00007113
vn -0.33206105 -0.94325789 -0.00011489
vn -0.33235461 -0.94315447 -0.00024481
vn -0.41179497 -0.91127650 -0.00020359
vn -0.41188172 -0.91123730 -0.00016359
vn -0.41182435 -0.91126323 -0.00019004
vn -0.41191111 -0.91122402 -0.00015004
vn -0.48888506 -0.87234820 -0.00010737
vn -0.48887567 -0.87235347 -0.00011189
vn -0.48888189 -0.87234998 -0.00010890
vn -0.48887249 -0.87235524 -0.00011342
vn -0.56182301 -0.82725746 -0.00006728
vn -0.56176477 -0.82729701 -0.00003790
vn -0.56178440 -0.82728368 -0.00004780
vn -0.56184268 -0.82724410 -0.00007720
vn -0.63081470 -0.77593351 -0.00003370
vn -0.63085075 -0.77590420 -0.00001422
vn -0.63082689 -0.77592360 -0.00002711
vn -0.63086293 -0.77589430 -0.00000763
vn -0.69555909 -0.71846890 0.00000264
vn -0.69541091 -0.71861232 -0.00008402
vn -0.69550886 -0.71851751 -0.00002673
vn -0.69536068 -0.71866092 -0.00011338
vn -0.75463733 -0.65614211 -0.00019288
vn -0.75439320 -0.65642280 -0.00003760
vn -0.75447544 -0.65632828 -0.00008990
vn -0.75471958 -0.65604748 -0.00024522
vn -0.80796461 -0.58923098 -0.00020388
vn -0.80804753 -0.58911728 -0.00014497
vn -0.80799260 -0.58919261 -0.00018400
vn -0.80807548 -0.58907894 -0.00012512
vn -0.85584734 -0.51722849 -0.00014673
vn -0.85582845 -0.51725973 -0.00016203
vn -0.85584095 -0.51723906 -0.00015190
vn -0.85582206 -0.51727030 -0.00016721
vn -0.89695481 -0.44212221 -0.00016971
vn -0.89699039 -0.44205002 -0.00013608
vn -0.89696680 -0.44209788 -0.00015837
vn -0.89700238 -0.44202569 -0.00012474
vn -0.93169133 -0.36325095 -0.00014629
vn -0.93170478 -0.36321645 -0.00013079
vn -0.93169587 -0.36323930 -0.00014106
vn -0.93170932 -0.36320479 -0.00012556
vn -0.95941499 -0.28199797 -0.00014720
vn -0.95948662 -0.28175420 -0.00004044
vn -0.95943926 -0.28191542 -0.00011105
vn -0.95951091 -0.28167147 -0.00000421
vn -0.98026416 -0.19769214 0.00000629
vn -0.98020902 -0.19796530 -0.00011056
vn -0.98024551 -0.19778457 -0.00003325
vn -0.98019036 -0.19805767 -0.00015007
vn -0.99380788 -0.11111208 -0.00010651
vn -0.99365024 -0.11251103 -0.00068982
vn -0.99375507 -0.11158297 -0.00030284
vn -0.99359724 -0.11297674 -0.00088403
vn -0.99944188 -0.03338707 -0.00110815
vn -0.99959074 -0.02859465 0.00084118
vn -0.99949423 -0.03179749 -0.00046155
vn -0.99963373 -0.02702237 0.00148064
vn -0.48730083 0.63976335 0.59434061
vn -0.49029237 0.64337911 0.58794278
vn -0.48725848 0.63971214 0.59443044
vn 0.42304683 0.68376106 0.59456051
vn 0.42304683 0.68376106 0.59456051
vn 0.42304683 0.68376106 0.59456051
vn -0.03477566 0.74155627 0.66998877
vn -0.03477566 0.74155627 0.66998877
vn -0.03477566 0.74155627 0.66998877
vn -0.43044212 0.67919902 0.59448152
vn -0.43405200 0.68441722 0.58580878
vn -0.43400251 0.68434573 0.58592896
vn -0.43039083 0.67912484 0.59460339
vn 0.48372504 0.65014715 0.58593410
vn 0.48372504 0.65014715 0.58593410
vn 0.48372504 0.65014715 0.58593410
vn 0.47836947 0.64232647 0.59881496
vn 0.47836947 0.64232647 0.59881496
vn 0.47836947 0.64232647 0.59881496
vn 0.03079103 0.80038744 0.59869180
vn 0.03079103 0.80038744 0.59869180
vn 0.03079103 0.80038744 0.59869180
vn 0.02690296 0.74635346 0.66500583
vn 0.02690296 0.74635346 0.66500583
vn 0.02690296 0.74635346 0.66500583
vn -0.37364912 0.71902209 0.58599793
vn -0.37364912 0.71902209 0.58599793
vn -0.37364912 0.71902209 0.58599793
vn -0.36899884 0.71087150 0.59875001
vn -0.36899884 0.71087150 0.59875001
vn -0.36899884 0.71087150 0.59875001
vn 0.53697156 0.60501332 0.58789491
vn 0.53697156 0.60501332 0.58789491
vn 0.53697156 0.60501332 0.58789491
vn 0.53294285 0.60008983 0.59654348
vn 0.53294285 0.60008983 0.59654348
vn 0.53294285 0.60008983 0.59654348
vn 0.09934948 0.79902824 0.59302914
vn 0.09966320 0.80280625 0.58785149
vn 0.09965894 0.80275486 0.58792239
vn 0.09934520 0.79897684 0.59309910
vn -0.17561953 0.78321944 0.59642694
vn -0.17561953 0.78321944 0.59642694
vn -0.17561953 0.78321944 0.59642694
vn -0.17724597 0.78930864 0.58785691
vn -0.17724597 0.78930864 0.58785691
vn -0.17724597 0.78930864 0.58785691
vn -0.24177164 0.76355560 0.59877318
vn -0.24177164 0.76355560 0.59877318
vn -0.24177164 0.76355560 0.59877318
vn -0.24574447 0.77456086 0.58280797
vn -0.24574447 0.77456086 0.58280797
vn -0.24574447 0.77456086 0.58280797
vn -0.54358665 0.50568695 0.66992108
vn -0.54358665 0.50568695 0.66992108
vn -0.54358665 0.50568695 0.66992108
vn -0.59492363 0.55007148 0.58607785
vn -0.59492363 0.55007148 0.58607785
vn -0.59492363 0.55007148 0.58607785
vn -0.63436754 0.49401380 0.59458237
vn -0.63436754 0.49401380 0.59458237
vn -0.63436754 0.49401380 0.59458237
vn -0.64140919 0.49905384 0.58270019
vn -0.64140919 0.49905384 0.58270019
vn -0.64140919 0.49905384 0.58270019
vn -0.70835645 0.37738172 0.59650161
vn -0.70835645 0.37738172 0.59650161
vn -0.70835645 0.37738172 0.59650161
vn -0.71410878 0.38015389 0.58781942
vn -0.71410878 0.38015389 0.58781942
vn -0.71410878 0.38015389 0.58781942
vn -0.71963019 0.17067209 0.67305529
vn -0.71963019 0.17067209 0.67305529
vn -0.71963019 0.17067209 0.67305529
vn -0.78755977 0.18417685 0.58807184
vn -0.78755977 0.18417685 0.58807184
vn -0.78755977 0.18417685 0.58807184
vn -0.79257203 -0.02134094 0.60940474
vn -0.79257203 -0.02134094 0.60940474
vn -0.79257203 -0.02134094 0.60940474
vn -0.80870175 -0.02238639 0.58779276
vn -0.80870175 -0.02238639 0.58779276
vn -0.80870175 -0.02238639 0.58779276
vn -0.74797567 -0.29114947 0.59645988
vn -0.74797567 -0.29114947 0.59645988
vn -0.74797567 -0.29114947 0.59645988
vn -0.75715677 -0.29515959 0.58274732
vn -0.75715677 -0.29515959 0.58274732
vn -0.75715677 -0.29515959 0.58274732
vn -0.64885271 -0.47251100 0.59642562
vn -0.64885271 -0.47251100 0.59642562
vn -0.64885271 -0.47251100 0.59642562
vn -0.65668970 -0.47872019 0.58273975
vn -0.65668970 -0.47872019 0.58273975
vn -0.65668970 -0.47872019 0.58273975
vn -0.50662759 -0.62246154 0.59654850
vn -0.50662759 -0.62246154 0.59654850
vn -0.50662759 -0.62246154 0.59654850
vn -0.51265725 -0.63051668 0.58277891
vn -0.51265725 -0.63051668 0.58277891
vn -0.51265725 -0.63051668 0.58277891
vn -0.39168032 -0.69854784 0.59884676
vn -0.39168032 -0.69854784 0.59884676
vn -0.39168032 -0.69854784 0.59884676
vn -0.39600285 -0.70702904 0.58591098
vn -0.39600285 -0.70702904 0.58591098
vn -0.39600285 -0.70702904 0.58591098
vn -0.33150905 -0.73257728 0.59450171
vn -0.33150905 -0.73257728 0.59450171
vn -0.33150905 -0.73257728 0.59450171
vn -0.33472990 -0.74053661 0.58271899
vn -0.33472990 -0.74053661 0.58271899
vn -0.33472990 -0.74053661 0.58271899
vn -0.20076431 -0.77713543 0.59645135
vn -0.20076431 -0.77713543 0.59645135
vn -0.20076431 -0.77713543 0.59645135
vn -0.20210035 -0.78333125 0.58783297
vn -0.20210035 -0.78333125 0.58783297
vn -0.20210035 -0.78333125 0.58783297
vn -0.13292877 -0.78983021 0.59874717
vn -0.13292877 -0.78983021 0.59874717
vn -0.13292877 -0.78983021 0.59874717
vn -0.13440643 -0.80140746 0.58282158
vn -0.13440643 -0.80140746 0.58282158
vn -0.13440643 -0.80140746 0.58282158
vn 0.00433728 -0.80266228 0.59641802
vn 0.00433728 -0.80266228 0.59641802
vn 0.00433728 -0.80266228 0.59641802
vn 0.00462487 -0.80893268 0.58788309
vn 0.00462487 -0.80893268 0.58788309
vn 0.00462487 -0.80893268 0.58788309
vn 0.20915634 -0.77494451 0.59641816
vn 0.20915634 -0.77494451 0.59641816
vn 0.20915634 -0.77494451 0.59641816
vn 0.21102659 -0.78090507 0.58792436
vn 0.21102659 -0.78090507 0.58792436
vn 0.21102659 -0.78090507 0.58792436
vn 0.40009135 -0.69581808 0.59645965
vn 0.40009135 -0.69581808 0.59645965
vn 0.40009135 -0.69581808 0.59645965
vn 0.40344392 -0.70113880 0.58790934
vn 0.40344392 -0.70113880 0.58790934
vn 0.40344392 -0.70113880 0.58790934
vn 0.51426755 -0.61808380 0.59455976
vn 0.51426755 -0.61808380 0.59455976
vn 0.51426755 -0.61808380 0.59455976
vn 0.51850133 -0.62277403 0.58592566
vn 0.51850133 -0.62277403 0.58592566
vn 0.51850133 -0.62277403 0.58592566
vn 0.56550334 -0.57159331 0.59454778
vn 0.56550334 -0.57159331 0.59454778
vn 0.56550334 -0.57159331 0.59454778
vn 0.57175315 -0.57741942 0.58282514
vn 0.57175315 -0.57741942 0.58282514
vn 0.57175315 -0.57741942 0.58282514
vn 0.65250511 -0.46446556 0.59875607
vn 0.65250511 -0.46446556 0.59875607
vn 0.65250511 -0.46446556 0.59875607
vn 0.66041745 -0.46963734 0.58590917
vn 0.66041745 -0.46963734 0.58590917
vn 0.66041745 -0.46963734 0.58590917
vn 0.69272694 -0.40824824 0.59452734
vn 0.69272694 -0.40824824 0.59452734
vn 0.69272694 -0.40824824 0.59452734
vn 0.70028079 -0.41229785 0.58276693
vn 0.70028079 -0.41229785 0.58276693
vn 0.70028079 -0.41229785 0.58276693
vn 0.74943118 -0.28242915 0.59882107
vn 0.74943118 -0.28242915 0.59882107
vn 0.74943118 -0.28242915 0.59882107
vn 0.75846758 -0.28543090 0.58588064
vn 0.75846758 -0.28543090 0.58588064
vn 0.75846758 -0.28543090 0.58588064
vn 0.79841476 -0.08187187 0.59651561
vn 0.79841476 -0.08187187 0.59651561
vn 0.79841476 -0.08187187 0.59651561
vn 0.80472730 -0.08226228 0.58791742
vn 0.80472730 -0.08226228 0.58791742
vn 0.80472730 -0.08226228 0.58791742
vn 0.79289717 0.12472626 0.59645406
vn 0.79289717 0.12472626 0.59645406
vn 0.79289717 0.12472626 0.59645406
vn 0.80273859 0.12668671 0.58271882
vn 0.80273859 0.12668671 0.58271882
vn 0.80273859 0.12668671 0.58271882
vn 0.75814385 0.25813373 0.59881958
vn 0.75814385 0.25813373 0.59881958
vn 0.75814385 0.25813373 0.59881958
vn 0.76700267 0.26154782 0.58591778
vn 0.76700267 0.26154782 0.58591778
vn 0.76700267 0.26154782 0.58591778
vn 0.73607086 0.32363635 0.59452435
vn 0.73607086 0.32363635 0.59452435
vn 0.73607086 0.32363635 0.59452435
vn 0.74050020 0.32580061 0.58780390
vn 0.74050020 0.32580061 0.58780390
vn 0.74050020 0.32580061 0.58780390
vn 0.66976330 0.44494304 0.59451057
vn 0.66976330 0.44494304 0.59451057
vn 0.66976330 0.44494304 0.59451057
vn 0.67489454 0.44865851 0.58585228
vn 0.67489454 0.44865851 0.58585228
vn 0.67489454 0.44865851 0.58585228
vn 0.62905177 0.50088622 0.59448034
vn 0.62905177 0.50088622 0.59448034
vn 0.62905177 0.50088622 0.59448034
vn 0.63548435 0.50644763 0.58281253
vn 0.63548435 0.50644763 0.58281253
vn 0.63548435 0.50644763 0.58281253
vn 0.29850428 0.74321829 0.59876687
vn 0.29850428 0.74321829 0.59876687
vn 0.29850428 0.74321829 0.59876687
vn 0.30169607 0.75217784 0.58583955
vn 0.30169607 0.75217784 0.58583955
vn 0.30169607 0.75217784 0.58583955
vn 0.23444010 0.76918388 0.59446951
vn 0.23444010 0.76918388 0.59446951
vn 0.23444010 0.76918388 0.59446951
vn 0.23567194 0.77389834 0.58782659
vn 0.23567194 0.77389834 0.58782659
vn 0.23567194 0.77389834 0.58782659
vn -0.30716910 0.74152461 0.59648001
vn -0.30716910 0.74152461 0.59648001
vn -0.30716910 0.74152461 0.59648001
vn -0.30984411 0.74730917 0.58781429
vn -0.30984411 0.74730917 0.58781429
vn -0.30984411 0.74730917 0.58781429
vn -0.49033305 0.64342825 0.58785507
vn -0.53782924 0.59355130 0.59869571
vn -0.53782924 0.59355130 0.59869571
vn -0.53782924 0.59355130 0.59869571
vn -0.50284775 0.55225512 0.66494994
vn -0.50284775 0.55225512 0.66494994
vn -0.50284775 0.55225512 0.66494994
vn -0.68189739 0.44197711 0.58281403
vn -0.68189739 0.44197711 0.58281403
vn -0.68189739 0.44197711 0.58281403
vn -0.67334162 0.43690681 0.59642560
vn -0.67334162 0.43690681 0.59642560
vn -0.67334162 0.43690681 0.59642560
vn -0.73664975 0.31443783 0.59872866
vn -0.73664975 0.31443783 0.59872866
vn -0.73664975 0.31443783 0.59872866
vn -0.74548751 0.31780225 0.58587550
vn -0.74548751 0.31780225 0.58587550
vn -0.74548751 0.31780225 0.58587550
vn -0.76380284 0.25153098 0.59442189
vn -0.76380284 0.25153098 0.59442189
vn -0.76380284 0.25153098 0.59442189
vn -0.71375725 0.23317419 0.66043954
vn -0.71375725 0.23317419 0.66043954
vn -0.71375725 0.23317419 0.66043954
vn -0.79247324 0.11589875 0.59879350
vn -0.79247324 0.11589875 0.59879350
vn -0.79247324 0.11589875 0.59879350
vn -0.80186755 0.11689392 0.58595584
vn -0.80186755 0.11689392 0.58595584
vn -0.80186755 0.11689392 0.58595584
vn -0.80207906 0.04752138 0.59532419
vn -0.80207906 0.04752138 0.59532419
vn -0.80207906 0.04752138 0.59532419
vn -0.80261910 0.04753172 0.59459509
vn -0.80261910 0.04753172 0.59459509
vn -0.80261910 0.04753172 0.59459509
vn -0.79566452 -0.09028678 0.59897101
vn -0.79566452 -0.09028678 0.59897101
vn -0.79566452 -0.09028678 0.59897101
vn -0.80515236 -0.09174663 0.58592852
vn -0.80515236 -0.09174663 0.58592852
vn -0.80515236 -0.09174663 0.58592852
vn -0.79427695 -0.16049020 0.58597527
vn -0.78818292 -0.15900286 0.59454670
vn -0.78826948 -0.15902396 0.59442628
vn -0.79436041 -0.16051060 0.58585654
vn -0.77973838 -0.22891736 0.58275630
vn -0.77973838 -0.22891736 0.58275630
vn -0.77973838 -0.22891736 0.58275630
vn -0.77163766 -0.22618267 0.59448862
vn -0.77163766 -0.22618267 0.59448862
vn -0.77163766 -0.22618267 0.59448862
vn -0.72018269 -0.35437377 0.59645296
vn -0.72018269 -0.35437377 0.59645296
vn -0.72018269 -0.35437377 0.59645296
vn -0.72575675 -0.35740230 0.58782713
vn -0.72575675 -0.35740230 0.58782713
vn -0.72575675 -0.35740230 0.58782713
vn -0.69538093 -0.42054398 0.58274190
vn -0.69538093 -0.42054398 0.58274190
vn -0.69538093 -0.42054398 0.58274190
vn -0.68559084 -0.41408585 0.59874712
vn -0.68559084 -0.41408585 0.59874712
vn -0.68559084 -0.41408585 0.59874712
vn -0.60582902 -0.52653581 0.59643210
vn -0.60582902 -0.52653581 0.59643210
vn -0.60582902 -0.52653581 0.59643210
vn -0.61037563 -0.53082194 0.58793679
vn -0.61037563 -0.53082194 0.58793679
vn -0.61037563 -0.53082194 0.58793679
vn -0.56487680 -0.58410813 0.58286525
vn -0.56487680 -0.58410813 0.58286525
vn -0.56487680 -0.58410813 0.58286525
vn -0.55705771 -0.57536136 0.59887062
vn -0.55705771 -0.57536136 0.59887062
vn -0.55705771 -0.57536136 0.59887062
vn -0.45459020 -0.66908235 0.58794266
vn -0.45459020 -0.66908235 0.58794266
vn -0.45459020 -0.66908235 0.58794266
vn -0.45127654 -0.66375768 0.59646897
vn -0.45127654 -0.66375768 0.59646897
vn -0.45127654 -0.66375768 0.59646897
vn -0.26976608 -0.76655833 0.58276461
vn -0.26976608 -0.76655833 0.58276461
vn -0.26976608 -0.76655833 0.58276461
vn -0.26683001 -0.75700875 0.59643901
vn -0.26683001 -0.75700875 0.59643901
vn -0.26683001 -0.75700875 0.59643901
vn -0.06507997 -0.81005690 0.58272843
vn -0.06507997 -0.81005690 0.58272843
vn -0.06507997 -0.81005690 0.58272843
vn -0.06467725 -0.80001067 0.59648955
vn -0.06467725 -0.80001067 0.59648955
vn -0.06467725 -0.80001067 0.59648955
vn 0.07315838 -0.79755476 0.59879400
vn 0.07315838 -0.79755476 0.59879400
vn 0.07315838 -0.79755476 0.59879400
vn 0.07439783 -0.80695044 0.58591463
vn 0.07439783 -0.80695044 0.58591463
vn 0.07439783 -0.80695044 0.58591463
vn 0.14387032 -0.79983309 0.58272494
vn 0.14387032 -0.79983309 0.58272494
vn 0.14387032 -0.79983309 0.58272494
vn 0.14200919 -0.79143061 0.59453425
vn 0.14200919 -0.79143061 0.59453425
vn 0.14200919 -0.79143061 0.59453425
vn 0.27437628 -0.75239303 0.59885089
vn 0.27437628 -0.75239303 0.59885089
vn 0.27437628 -0.75239303 0.59885089
vn 0.27799254 -0.76120642 0.58590522
vn 0.27799254 -0.76120642 0.58590522
vn 0.27799254 -0.76120642 0.58590522
vn 0.34332626 -0.73655211 0.58276760
vn 0.34332626 -0.73655211 0.58276760
vn 0.34332626 -0.73655211 0.58276760
vn 0.33940146 -0.72894261 0.59451604
vn 0.33940146 -0.72894261 0.59451604
vn 0.33940146 -0.72894261 0.59451604
vn 0.46312961 -0.66495336 0.58595904
vn 0.46312961 -0.66495336 0.58595904
vn 0.46312961 -0.66495336 0.58595904
vn 0.45740968 -0.65739117 0.59884324
vn 0.45740968 -0.65739117 0.59884324
vn 0.45740968 -0.65739117 0.59884324
vn 0.61645269 -0.52384739 0.58785201
vn 0.61645269 -0.52384739 0.58785201
vn 0.61645269 -0.52384739 0.58785201
vn 0.61142746 -0.51991285 0.59652921
vn 0.61142746 -0.51991285 0.59652921
vn 0.61142746 -0.51991285 0.59652921
vn 0.72974579 -0.34905435 0.58790487
vn 0.72974579 -0.34905435 0.58790487
vn 0.72974579 -0.34905435 0.58790487
vn 0.72395061 -0.34656280 0.59648113
vn 0.72395061 -0.34656280 0.59648113
vn 0.72395061 -0.34656280 0.59648113
vn 0.77403382 -0.21783155 0.59449227
vn 0.77403382 -0.21783155 0.59449227
vn 0.77403382 -0.21783155 0.59449227
vn 0.78013424 -0.21928566 0.58592180
vn 0.78013424 -0.21928566 0.58592180
vn 0.78013424 -0.21928566 0.58592180
vn 0.79832219 -0.15173886 0.58280100
vn 0.79832219 -0.15173886 0.58280100
vn 0.79832219 -0.15173886 0.58280100
vn 0.78986216 -0.15047903 0.59453665
vn 0.78986216 -0.15047903 0.59453665
vn 0.78986216 -0.15047903 0.59453665
vn 0.80077279 -0.01290696 0.59882914
vn 0.80077279 -0.01290696 0.59882914
vn 0.80077279 -0.01290696 0.59882914
vn 0.81024576 -0.01268370 0.58595301
vn 0.81024576 -0.01268370 0.58595301
vn 0.81024576 -0.01268370 0.58595301
vn 0.81063805 0.05715055 0.58275190
vn 0.81063805 0.05715055 0.58275190
vn 0.81063805 0.05715055 0.58275190
vn 0.80207880 0.05620187 0.59456787
vn 0.80207880 0.05620187 0.59456787
vn 0.80207880 0.05620187 0.59456787
vn 0.78528455 0.19417992 0.58789653
vn 0.78528455 0.19417992 0.58789653
vn 0.78528455 0.19417992 0.58789653
vn 0.77927099 0.19243423 0.59641075
vn 0.77927099 0.19243423 0.59641075
vn 0.77927099 0.19243423 0.59641075
vn 0.71088695 0.38907321 0.58588547
vn 0.71088695 0.38907321 0.58588547
vn 0.71088695 0.38907321 0.58588547
vn 0.70277530 0.38421083 0.59873944
vn 0.70277530 0.38421083 0.59873944
vn 0.70277530 0.38421083 0.59873944
vn 0.58256745 0.55206817 0.59651982
vn 0.58256745 0.55206817 0.59651982
vn 0.58256745 0.55206817 0.59651982
vn 0.58953331 0.55922789 0.58285044
vn 0.58953331 0.55922789 0.58285044
vn 0.58953331 0.55922789 0.58285044
vn 0.42726168 0.69123240 0.58279089
vn 0.42726168 0.69123240 0.58279089
vn 0.42726168 0.69123240 0.58279089
vn 0.36468124 0.72208395 0.58787954
vn 0.36468124 0.72208395 0.58787954
vn 0.36468124 0.72208395 0.58787954
vn 0.36205635 0.71632348 0.59648627
vn 0.36205635 0.71632348 0.59648627
vn 0.36205635 0.71632348 0.59648627
vn 0.16678633 0.78337477 0.59875395
vn 0.16678633 0.78337477 0.59875395
vn 0.16678633 0.78337477 0.59875395
vn 0.16887853 0.79556648 0.58185394
vn 0.16887853 0.79556648 0.58185394
vn 0.16887853 0.79556648 0.58185394
vn -0.04061614 0.81147306 0.58297668
vn -0.04061614 0.81147306 0.58297668
vn -0.04061614 0.81147306 0.58297668
vn -0.10763686 0.79539366 0.59645891
vn -0.10763686 0.79539366 0.59645891
vn -0.10763686 0.79539366 0.59645891
vn -0.10938456 0.80527188 0.58272825
vn -0.10938456 0.80527188 0.58272825
vn -0.10938456 0.80527188 0.58272825
vn 0.93615388 -0.09826409 -0.33757975
vn 0.93615388 -0.09826409 -0.33757975
vn 0.93615388 -0.09826409 -0.33757975
vn 0.94257259 -0.01159062 -0.33380020
vn 0.94257259 -0.01159062 -0.33380020
vn 0.94257259 -0.01159062 -0.33380020
vn -0.13029446 0.96229703 -0.23876301
vn -0.13029446 0.96229703 -0.23876301
vn -0.13029446 0.96229703 -0.23876301
vn -0.21342219 0.94989649 -0.22835855
vn -0.21343104 0.94991992 -0.22825278
vn -0.21303836 0.94887619 -0.23291337
vn -0.21302963 0.94885287 -0.23301633
vn -0.29539174 0.92839878 -0.22543163
vn -0.29539174 0.92839878 -0.22543163
vn -0.29539174 0.92839878 -0.22543163
vn -0.65130718 0.72144479 -0.23519433
vn -0.65130718 0.72144479 -0.23519433
vn -0.65130718 0.72144479 -0.23519433
vn -0.71532793 0.65907703 -0.23221417
vn -0.71532793 0.65907703 -0.23221417
vn -0.71532793 0.65907703 -0.23221417
vn 0.08726439 -0.97313768 -0.21304457
vn 0.08726439 -0.97313768 -0.21304457
vn 0.08726439 -0.97313768 -0.21304457
vn 0.17174073 -0.92375981 -0.34230532
vn 0.17174073 -0.92375981 -0.34230532
vn 0.17174073 -0.92375981 -0.34230532
vn 0.70763799 0.66698693 -0.23318857
vn 0.70763799 0.66698693 -0.23318857
vn 0.70763799 0.66698693 -0.23318857
vn 0.64476621 0.73044388 -0.22522936
vn 0.64476621 0.73044388 -0.22522936
vn 0.64476621 0.73044388 -0.22522936
vn -0.04581252 0.96996270 -0.23890077
vn -0.04581252 0.96996270 -0.23890077
vn -0.04581252 0.96996270 -0.23890077
vn -0.13098040 0.96475585 -0.22823295
vn -0.13098040 0.96475585 -0.22823295
vn -0.13098040 0.96475585 -0.22823295
vn -0.29772973 0.94448028 -0.13897486
vn -0.29772973 0.94448028 -0.13897486
vn -0.29772973 0.94448028 -0.13897486
vn -0.38016087 0.91660784 -0.12372466
vn -0.38016087 0.91660784 -0.12372466
vn -0.38016087 0.91660784 -0.12372466
vn -0.37894486 0.91495965 -0.13874303
vn -0.37894486 0.91495965 -0.13874303
vn -0.37894486 0.91495965 -0.13874303
vn -0.45754934 0.88053588 -0.12371401
vn -0.45754934 0.88053588 -0.12371401
vn -0.45754934 0.88053588 -0.12371401
vn -0.45694182 0.87985589 -0.13060545
vn -0.45694182 0.87985589 -0.13060545
vn -0.45694182 0.87985589 -0.13060545
vn -0.53282978 0.83754095 -0.12090321
vn -0.53282978 0.83754095 -0.12090321
vn -0.53282978 0.83754095 -0.12090321
vn -0.96358723 0.22868720 -0.13857058
vn -0.96358723 0.22868720 -0.13857058
vn -0.96358723 0.22868720 -0.13857058
vn -0.98100719 0.14304039 -0.13101278
vn -0.98100578 0.14304054 -0.13102315
vn -0.98106927 0.14303399 -0.13055405
vn -0.98107074 0.14303383 -0.13054322
vn -0.99101278 0.05725932 -0.12089267
vn -0.99101278 0.05725932 -0.12089267
vn -0.99101278 0.05725932 -0.12089267
vn -0.98526292 -0.11031142 -0.13072250
vn -0.98526292 -0.11031142 -0.13072250
vn -0.98526292 -0.11031142 -0.13072250
vn -0.97272741 -0.19798983 -0.12083630
vn -0.97272741 -0.19798983 -0.12083630
vn -0.97272741 -0.19798983 -0.12083630
vn -0.95172973 -0.27771948 -0.13069969
vn -0.95172973 -0.27771948 -0.13069969
vn -0.95172973 -0.27771948 -0.13069969
vn -0.92488906 -0.36047194 -0.12099672
vn -0.92488906 -0.36047194 -0.12099672
vn -0.92488906 -0.36047194 -0.12099672
vn -0.92365251 -0.35959276 -0.13251068
vn -0.92365251 -0.35959276 -0.13251068
vn -0.92365251 -0.35959276 -0.13251068
vn -0.88941092 -0.43811833 -0.13038617
vn -0.88941575 -0.43812243 -0.13033940
vn -0.88919124 -0.43793259 -0.13249142
vn -0.88918636 -0.43792847 -0.13253782
vn -0.84845670 -0.51295843 -0.13036443
vn -0.84845670 -0.51295843 -0.13036443
vn -0.84845670 -0.51295843 -0.13036443
vn -0.84762222 -0.51212881 -0.13878272
vn -0.84762222 -0.51212881 -0.13878272
vn -0.84762222 -0.51212881 -0.13878272
vn -0.80190395 -0.58449312 -0.12376530
vn -0.80190395 -0.58449312 -0.12376530
vn -0.80190395 -0.58449312 -0.12376530
vn -0.80133558 -0.58380580 -0.13050702
vn -0.80133558 -0.58380580 -0.13050702
vn -0.80133558 -0.58380580 -0.13050702
vn -0.74895088 -0.65149422 -0.12094566
vn -0.74895088 -0.65149422 -0.12094566
vn -0.74895088 -0.65149422 -0.12094566
vn -0.74808312 -0.65024829 -0.13247192
vn -0.74808312 -0.65024829 -0.13247192
vn -0.74808312 -0.65024829 -0.13247192
vn -0.68842889 -0.71351084 -0.13026109
vn -0.68842889 -0.71351084 -0.13026109
vn -0.68842889 -0.71351084 -0.13026109
vn -0.48716865 -0.86319096 -0.13254462
vn -0.48716865 -0.86319096 -0.13254462
vn -0.48716865 -0.86319096 -0.13254462
vn -0.40837328 -0.90346307 -0.13032938
vn -0.40837328 -0.90346307 -0.13032938
vn -0.40837328 -0.90346307 -0.13032938
vn -0.40815647 -0.90230922 -0.13873130
vn -0.40815647 -0.90230922 -0.13873130
vn -0.40815647 -0.90230922 -0.13873130
vn -0.32947325 -0.93602458 -0.12371484
vn -0.32947325 -0.93602458 -0.12371484
vn -0.32947325 -0.93602458 -0.12371484
vn -0.32927596 -0.93397618 -0.13880145
vn -0.32927596 -0.93397618 -0.13880145
vn -0.32927596 -0.93397618 -0.13880145
vn -0.24649340 -0.96124158 -0.12351369
vn -0.24649340 -0.96124158 -0.12351369
vn -0.24649340 -0.96124158 -0.12351369
vn -0.16605417 -0.97627023 -0.13900519
vn -0.16605417 -0.97627023 -0.13900519
vn -0.16605417 -0.97627023 -0.13900519
vn -0.07953424 -0.98912977 -0.12367945
vn -0.07953424 -0.98912977 -0.12367945
vn -0.07953424 -0.98912977 -0.12367945
vn -0.07986736 -0.98709436 -0.13880175
vn -0.07986736 -0.98709436 -0.13880175
vn -0.07986736 -0.98709436 -0.13880175
vn 0.00713699 -0.99231708 -0.12351470
vn 0.00713699 -0.99231708 -0.12351470
vn 0.00713699 -0.99231708 -0.12351470
vn 0.49212714 -0.85935588 -0.13899050
vn 0.49212714 -0.85935588 -0.13899050
vn 0.49212714 -0.85935588 -0.13899050
vn 0.56924625 -0.81288658 -0.12318324
vn 0.56924625 -0.81288658 -0.12318324
vn 0.56924625 -0.81288658 -0.12318324
vn 0.69622542 -0.70582623 -0.13068854
vn 0.69622542 -0.70582623 -0.13068854
vn 0.69622542 -0.70582623 -0.13068854
vn 0.75735150 -0.64173640 -0.12080190
vn 0.75735150 -0.64173640 -0.12080190
vn 0.75735150 -0.64173640 -0.12080190
vn 0.95369770 -0.26998383 -0.13254970
vn 0.95369770 -0.26998383 -0.13254970
vn 0.95369770 -0.26998383 -0.13254970
vn 0.97403181 -0.18513210 -0.13033855
vn 0.97403221 -0.18513208 -0.13033561
vn 0.97401352 -0.18513317 -0.13047364
vn 0.97401309 -0.18513320 -0.13047680
vn 0.98787797 -0.09774180 -0.12059707
vn 0.98787797 -0.09774180 -0.12059707
vn 0.98787797 -0.09774180 -0.12059707
vn 0.97961169 0.15259957 -0.13066868
vn 0.97961169 0.15259957 -0.13066868
vn 0.97961169 0.15259957 -0.13066868
vn 0.96360922 0.23839527 -0.12093374
vn 0.96360922 0.23839527 -0.12093374
vn 0.96360922 0.23839527 -0.12093374
vn 0.96226827 0.23768160 -0.13246601
vn 0.96226827 0.23768160 -0.13246601
vn 0.96226827 0.23768160 -0.13246601
vn 0.93742061 0.32294655 -0.13018499
vn 0.93742061 0.32294655 -0.13018499
vn 0.93742061 0.32294655 -0.13018499
vn 0.82712678 0.54615927 -0.13255690
vn 0.82712678 0.54615927 -0.13255690
vn 0.82712678 0.54615927 -0.13255690
vn 0.77455995 0.61893543 -0.13029125
vn 0.77455995 0.61893543 -0.13029125
vn 0.77455995 0.61893543 -0.13029125
vn 0.59304054 0.79419360 -0.13251203
vn 0.59304054 0.79419360 -0.13251203
vn 0.59304054 0.79419360 -0.13251203
vn 0.52129448 0.84336809 -0.13031628
vn 0.52129448 0.84336809 -0.13031628
vn 0.52129448 0.84336809 -0.13031628
vn 0.52093228 0.84225571 -0.13868986
vn 0.52093228 0.84225571 -0.13868986
vn 0.52093228 0.84225571 -0.13868986
vn 0.44605688 0.88645058 -0.12344482
vn 0.44605688 0.88645058 -0.12344482
vn 0.44605688 0.88645058 -0.12344482
vn 0.04005946 0.99036563 -0.13255621
vn 0.04005946 0.99036563 -0.13255621
vn 0.04005946 0.99036563 -0.13255621
vn -0.05009886 0.99020988 -0.13028620
vn -0.05009886 0.99020988 -0.13028620
vn -0.05009886 0.99020988 -0.13028620
vn -0.53417733 0.84491096 -0.02792943
vn -0.53417733 0.84491096 -0.02792943
vn -0.53417733 0.84491096 -0.02792943
vn -0.60604867 0.79497117 -0.02694143
vn -0.60604795 0.79497115 -0.02695822
vn -0.60608168 0.79497198 -0.02616372
vn -0.60608247 0.79497199 -0.02614507
vn -0.67437178 0.73824641 -0.01466104
vn -0.67437178 0.73824641 -0.01466104
vn -0.67437178 0.73824641 -0.01466104
vn -0.73129965 0.68148003 -0.02803192
vn -0.73129965 0.68148003 -0.02803192
vn -0.73129965 0.68148003 -0.02803192
vn -0.78895132 0.61385964 -0.02705831
vn -0.78895132 0.61385964 -0.02705831
vn -0.78895132 0.61385964 -0.02705831
vn -0.78849707 0.61392400 -0.03700937
vn -0.78849707 0.61392400 -0.03700937
vn -0.78849707 0.61392400 -0.03700937
vn -0.83897922 0.54387499 -0.01771619
vn -0.83897922 0.54387499 -0.01771619
vn -0.83897922 0.54387499 -0.01771619
vn -0.83867006 0.54400755 -0.02623572
vn -0.83867006 0.54400755 -0.02623572
vn -0.83867006 0.54400755 -0.02623572
vn -0.88266485 0.46976177 -0.01505442
vn -0.88266485 0.46976177 -0.01505442
vn -0.88266485 0.46976177 -0.01505442
vn -0.88222790 0.46999557 -0.02789424
vn -0.88222790 0.46999557 -0.02789424
vn -0.88222790 0.46999557 -0.02789424
vn -0.92026424 0.39037035 -0.02692059
vn -0.92026424 0.39037035 -0.02692059
vn -0.92026424 0.39037035 -0.02692059
vn -0.94930353 0.31324866 -0.02642120
vn -0.94930353 0.31324866 -0.02642120
vn -0.94930353 0.31324866 -0.02642120
vn -0.97369689 0.22736223 -0.01485888
vn -0.97369689 0.22736223 -0.01485888
vn -0.97369689 0.22736223 -0.01485888
vn -0.99749135 0.06018487 -0.03726633
vn -0.99749135 0.06018487 -0.03726633
vn -0.99749135 0.06018487 -0.03726633
vn -0.99946894 -0.02733686 -0.01773487
vn -0.99946894 -0.02733686 -0.01773487
vn -0.99946894 -0.02733686 -0.01773487
vn -0.99895606 -0.02668827 -0.03707451
vn -0.99895606 -0.02668827 -0.03707451
vn -0.99895606 -0.02668827 -0.03707451
vn -0.99325636 -0.11462918 -0.01737687
vn -0.99325636 -0.11462918 -0.01737687
vn -0.99325636 -0.11462918 -0.01737687
vn -0.98008309 -0.19661248 -0.02794027
vn -0.98008309 -0.19661248 -0.02794027
vn -0.98008309 -0.19661248 -0.02794027
vn -0.95872863 -0.28303935 -0.02698400
vn -0.95872863 -0.28303935 -0.02698400
vn -0.95872863 -0.28303935 -0.02698400
vn -0.69590083 -0.71717031 -0.03726630
vn -0.69590083 -0.71717031 -0.03726630
vn -0.69590083 -0.71717031 -0.03726630
vn -0.62967737 -0.77666194 -0.01739645
vn -0.62967737 -0.77666194 -0.01739645
vn -0.62967737 -0.77666194 -0.01739645
vn -0.25108197 -0.96760516 -0.02642150
vn -0.25108197 -0.96760516 -0.02642150
vn -0.25108197 -0.96760516 -0.02642150
vn -0.16407840 -0.98633480 -0.01489804
vn -0.16407840 -0.98633480 -0.01489804
vn -0.16407840 -0.98633480 -0.01489804
vn 0.00432224 -0.99964449 -0.02630981
vn 0.00432224 -0.99964449 -0.02630981
vn 0.00432224 -0.99964449 -0.02630981
vn 0.09452801 -0.99541483 -0.01462063
vn 0.09452801 -0.99541483 -0.01462063
vn 0.09452801 -0.99541483 -0.01462063
vn 0.17391845 -0.98367167 -0.04628634
vn 0.17391845 -0.98367167 -0.04628634
vn 0.17391845 -0.98367167 -0.04628634
vn 0.26264474 -0.96443852 -0.02959857
vn 0.26264474 -0.96443852 -0.02959857
vn 0.26264474 -0.96443852 -0.02959857
vn 0.42026189 -0.90663118 -0.03741453
vn 0.42026189 -0.90663118 -0.03741453
vn 0.42026189 -0.90663118 -0.03741453
vn 0.50004312 -0.86582587 -0.01739076
vn 0.50004312 -0.86582587 -0.01739076
vn 0.50004312 -0.86582587 -0.01739076
vn 0.63803328 -0.76955433 -0.02645129
vn 0.63803328 -0.76955433 -0.02645129
vn 0.63803328 -0.76955433 -0.02645129
vn 0.70457993 -0.70946944 -0.01484064
vn 0.70457993 -0.70946944 -0.01484064
vn 0.70457993 -0.70946944 -0.01484064
vn 0.76081761 -0.64836405 -0.02793977
vn 0.76081761 -0.64836405 -0.02793977
vn 0.76081761 -0.64836405 -0.02793977
vn 0.81568945 -0.57786183 -0.02695235
vn 0.81568945 -0.57786183 -0.02695235
vn 0.81568945 -0.57786183 -0.02695235
vn 0.86005257 -0.50883116 -0.03742235
vn 0.86005257 -0.50883116 -0.03742235
vn 0.86005257 -0.50883116 -0.03742235
vn 0.90201721 -0.43133521 -0.01774510
vn 0.90201721 -0.43133521 -0.01774510
vn 0.90201721 -0.43133521 -0.01774510
vn 0.90126817 -0.43167761 -0.03701515
vn 0.90126817 -0.43167761 -0.03701515
vn 0.90126817 -0.43167761 -0.03701515
vn 0.93576046 -0.35219379 -0.01766043
vn 0.93576046 -0.35219379 -0.01766043
vn 0.93576046 -0.35219379 -0.01766043
vn 0.93548667 -0.35238976 -0.02619420
vn 0.93548667 -0.35238976 -0.02619420
vn 0.93548667 -0.35238976 -0.02619420
vn 0.96301436 -0.26904112 -0.01483999
vn 0.96301436 -0.26904112 -0.01483999
vn 0.96301436 -0.26904112 -0.01483999
vn 0.99945107 -0.01970795 -0.02663002
vn 0.99945107 -0.01970795 -0.02663002
vn 0.99945107 -0.01970795 -0.02663002
vn 0.99741226 0.07031688 -0.01497738
vn 0.99741226 0.07031688 -0.01497738
vn 0.99741226 0.07031688 -0.01497738
vn 0.99688764 0.06956934 -0.03708278
vn 0.99688764 0.06956934 -0.03708278
vn 0.99688764 0.06956934 -0.03708278
vn 0.98740498 0.15725445 -0.01739092
vn 0.98740498 0.15725445 -0.01739092
vn 0.98740498 0.15725445 -0.01739092
vn 0.78244518 0.62160417 -0.03725307
vn 0.78244518 0.62160417 -0.03725307
vn 0.78244518 0.62160417 -0.03725307
vn 0.72352714 0.69008456 -0.01708185
vn 0.72352714 0.69008456 -0.01708185
vn 0.72352714 0.69008456 -0.01708185
vn 0.66559054 0.74579456 -0.02792320
vn 0.66559054 0.74579456 -0.02792320
vn 0.66559054 0.74579456 -0.02792320
vn 0.59552964 0.80288206 -0.02692288
vn 0.59552964 0.80288206 -0.02692288
vn 0.59552964 0.80288206 -0.02692288
vn 0.45189647 0.89168165 -0.02633277
vn 0.45189647 0.89168165 -0.02633277
vn 0.45189647 0.89168165 -0.02633277
vn 0.37226219 0.92800653 -0.01499139
vn 0.37226219 0.92800653 -0.01499139
vn 0.37226219 0.92800653 -0.01499139
vn 0.37254466 0.92759240 -0.02797893
vn 0.37254466 0.92759240 -0.02797893
vn 0.37254466 0.92759240 -0.02797893
vn 0.28967193 0.95674514 -0.02699834
vn 0.28967193 0.95674514 -0.02699834
vn 0.28967193 0.95674514 -0.02699834
vn -0.89645616 0.38821589 0.21366979
vn -0.89645616 0.38821589 0.21366979
vn -0.89645616 0.38821589 0.21366979
vn -0.92760332 0.29802970 0.22523406
vn -0.92760332 0.29802970 0.22523406
vn -0.92760332 0.29802970 0.22523406
vn -0.62007792 -0.75385503 0.21726934
vn -0.62007792 -0.75385503 0.21726934
vn -0.62007792 -0.75385503 0.21726934
vn -0.54539106 -0.80387007 0.23736366
vn -0.54539106 -0.80387007 0.23736366
vn -0.54539106 -0.80387007 0.23736366
vn -0.54933383 -0.80765089 0.21431843
vn -0.54933383 -0.80765089 0.21431843
vn -0.54933383 -0.80765089 0.21431843
vn -0.47035704 -0.85322868 0.22531104
vn -0.47035704 -0.85322868 0.22531104
vn -0.47035704 -0.85322868 0.22531104
vn 0.24947296 -0.94369056 0.21728177
vn 0.24947296 -0.94369056 0.21728177
vn 0.24947296 -0.94369056 0.21728177
vn 0.33370022 -0.91230382 0.23737292
vn 0.33370022 -0.91230382 0.23737292
vn 0.33370022 -0.91230382 0.23737292
vn 0.33446550 -0.91771776 0.21430572
vn 0.33446550 -0.91771776 0.21430572
vn 0.33446550 -0.91771776 0.21430572
vn 0.41697668 -0.88057072 0.22522358
vn 0.41697668 -0.88057072 0.22522358
vn 0.41697668 -0.88057072 0.22522358
vn 0.55405463 -0.80687485 0.20488155
vn 0.55405463 -0.80687485 0.20488155
vn 0.55405463 -0.80687485 0.20488155
vn 0.62651096 -0.74339099 0.23420901
vn 0.62651096 -0.74339099 0.23420901
vn 0.62651096 -0.74339099 0.23420901
vn 0.79288966 -0.57067435 0.21367447
vn 0.79288966 -0.57067435 0.21367447
vn 0.79288966 -0.57067435 0.21367447
vn 0.84257374 -0.48921949 0.22524162
vn 0.84257374 -0.48921949 0.22524162
vn 0.84257374 -0.48921949 0.22524162
vn 0.92667329 0.30933855 0.21350941
vn 0.92667329 0.30933855 0.21350941
vn 0.92667329 0.30933855 0.21350941
vn 0.89170325 0.39309092 0.22437654
vn 0.89165758 0.39308174 0.22457404
vn 0.89297182 0.39334235 0.21882212
vn 0.89302167 0.39335209 0.21860107
vn 0.85190224 0.46681874 0.23736647
vn 0.85190224 0.46681874 0.23736647
vn 0.85190224 0.46681874 0.23736647
vn 0.85714111 0.46838800 0.21429370
vn 0.85714111 0.46838800 0.21429370
vn 0.85714111 0.46838800 0.21429370
vn 0.80762763 0.54496162 0.22528747
vn 0.80762763 0.54496162 0.22528747
vn 0.80762763 0.54496162 0.22528747
vn 0.29040671 0.93467079 0.20507181
vn 0.29040671 0.93467079 0.20507181
vn 0.29040671 0.93467079 0.20507181
vn 0.20160032 0.95143756 0.23264539
vn 0.20160032 0.95143756 0.23264539
vn 0.20160032 0.95143756 0.23264539
vn 0.20297286 0.95448915 0.21852342
vn 0.20297286 0.95448915 0.21852342
vn 0.20297286 0.95448915 0.21852342
vn 0.11892108 0.96411171 0.23737395
vn 0.11892108 0.96411171 0.23737395
vn 0.11892108 0.96411171 0.23737395
vn 0.12071090 0.96928679 0.21427087
vn 0.12071090 0.96928679 0.21427087
vn 0.12071090 0.96928679 0.21427087
vn 0.02963884 0.97384679 0.22526421
vn 0.02963884 0.97384679 0.22526421
vn 0.02963884 0.97384679 0.22526421
vn -0.10707998 0.78872280 0.60535132
vn -0.10707998 0.78872280 0.60535132
vn -0.10707998 0.78872280 0.60535132
vn -0.17345442 0.77027954 0.61366358
vn -0.17345442 0.77027954 0.61366358
vn -0.17345442 0.77027954 0.61366358
vn -0.17448737 0.77659292 0.60535740
vn -0.17448737 0.77659292 0.60535740
vn -0.17448737 0.77659292 0.60535740
vn -0.23902785 0.75251526 0.61366642
vn -0.23902785 0.75251526 0.61366642
vn -0.23902785 0.75251526 0.61366642
vn -0.23622458 0.74150599 0.62798632
vn -0.23622458 0.74150599 0.62798632
vn -0.23622458 0.74150599 0.62798632
vn -0.29579470 0.71223725 0.63657175
vn -0.29579470 0.71223725 0.63657175
vn -0.29579470 0.71223725 0.63657175
vn -0.29817302 0.71892655 0.62788332
vn -0.29817302 0.71892655 0.62788332
vn -0.29817302 0.71892655 0.62788332
vn -0.35590781 0.68412915 0.63662935
vn -0.35590781 0.68412915 0.63662935
vn -0.35590781 0.68412915 0.63662935
vn -0.35888294 0.69065626 0.62785107
vn -0.35888294 0.69065626 0.62785107
vn -0.35888294 0.69065626 0.62785107
vn -0.41341851 0.65103370 0.63658484
vn -0.41341851 0.65103370 0.63658484
vn -0.41341851 0.65103370 0.63658484
vn -0.40805487 0.64154798 0.64954400
vn -0.40805487 0.64154798 0.64954400
vn -0.40805487 0.64154798 0.64954400
vn -0.45642261 0.59810190 0.65875072
vn -0.45642261 0.59810190 0.65875072
vn -0.45642261 0.59810190 0.65875072
vn -0.46105777 0.60478324 0.64935581
vn -0.46105777 0.60478324 0.64935581
vn -0.46105777 0.60478324 0.64935581
vn -0.50615913 0.55666285 0.65873318
vn -0.50615913 0.55666285 0.65873318
vn -0.50615913 0.55666285 0.65873318
vn -0.53409107 0.59043323 0.60509117
vn -0.53409107 0.59043323 0.60509117
vn -0.53409107 0.59043323 0.60509117
vn -0.57943804 0.53635956 0.61365298
vn -0.57943804 0.53635956 0.61365298
vn -0.57943804 0.53635956 0.61365298
vn -0.55904090 0.51518846 0.64965693
vn -0.55904090 0.51518846 0.64965693
vn -0.55904090 0.51518846 0.64965693
vn -0.59406185 0.46175854 0.65868777
vn -0.59406185 0.46175854 0.65868777
vn -0.59406185 0.46175854 0.65868777
vn -0.60021656 0.46700682 0.64934175
vn -0.60021656 0.46700682 0.64934175
vn -0.60021656 0.46700682 0.64934175
vn -0.63153679 0.40896805 0.65871573
vn -0.63153679 0.40896805 0.65871573
vn -0.63153679 0.40896805 0.65871573
vn -0.63809888 0.41365273 0.64940068
vn -0.63809888 0.41365273 0.64940068
vn -0.63809888 0.41365273 0.64940068
vn -0.66431679 0.35314136 0.65876732
vn -0.66431679 0.35314136 0.65876732
vn -0.66431679 0.35314136 0.65876732
vn -0.67133033 0.35728776 0.64935433
vn -0.67133033 0.35728776 0.64935433
vn -0.67133033 0.35728776 0.64935433
vn -0.69349159 0.29067391 0.65922537
vn -0.69349159 0.29067391 0.65922537
vn -0.69349159 0.29067391 0.65922537
vn -0.72189419 0.24093638 0.64870521
vn -0.72189419 0.24093638 0.64870521
vn -0.72189419 0.24093638 0.64870521
vn -0.73249334 0.17180581 0.65873840
vn -0.73249334 0.17180581 0.65873840
vn -0.73249334 0.17180581 0.65873840
vn -0.75759389 0.17892739 0.62772326
vn -0.75759389 0.17892739 0.62772326
vn -0.75759389 0.17892739 0.62772326
vn -0.76318316 0.11090797 0.63659319
vn -0.76318316 0.11090797 0.63659319
vn -0.76318316 0.11090797 0.63659319
vn -0.77018728 0.11230110 0.62785350
vn -0.77018728 0.11230110 0.62785350
vn -0.77018728 0.11230110 0.62785350
vn -0.76990252 0.04489179 0.63658058
vn -0.76990252 0.04489179 0.63658058
vn -0.76990252 0.04489179 0.63658058
vn -0.75909556 0.04370485 0.64951045
vn -0.75909556 0.04370485 0.64951045
vn -0.75909556 0.04370485 0.64951045
vn -0.75207816 -0.02093442 0.65874137
vn -0.75207816 -0.02093442 0.65874137
vn -0.75207816 -0.02093442 0.65874137
vn -0.76019537 -0.02079236 0.64936175
vn -0.76019537 -0.02079236 0.64936175
vn -0.76019537 -0.02079236 0.64936175
vn -0.74750766 -0.08551122 0.65872614
vn -0.74750766 -0.08551122 0.65872614
vn -0.74750766 -0.08551122 0.65872614
vn -0.77353116 -0.08727906 0.62771961
vn -0.77353116 -0.08727906 0.62771961
vn -0.77353116 -0.08727906 0.62771961
vn -0.75583385 -0.15319298 0.63659021
vn -0.75583385 -0.15319298 0.63659021
vn -0.75583385 -0.15319298 0.63659021
vn -0.74514765 -0.15159082 0.64944223
vn -0.74514765 -0.15159082 0.64944223
vn -0.74514765 -0.15159082 0.64944223
vn -0.72185598 -0.21230332 0.65867386
vn -0.72185598 -0.21230332 0.65867386
vn -0.72185598 -0.21230332 0.65867386
vn -0.74715649 -0.21849384 0.62770822
vn -0.74715649 -0.21849384 0.62770822
vn -0.74715649 -0.21849384 0.62770822
vn -0.71843433 -0.28040281 0.63657393
vn -0.71843433 -0.28040281 0.63657393
vn -0.71843433 -0.28040281 0.63657393
vn -0.72522836 -0.28265492 0.62781368
vn -0.72522836 -0.28265492 0.62781368
vn -0.72522836 -0.28265492 0.62781368
vn -0.69167633 -0.34112730 0.63656581
vn -0.69167633 -0.34112730 0.63656581
vn -0.69167633 -0.34112730 0.63656581
vn -0.69824141 -0.34395073 0.62781911
vn -0.69824141 -0.34395073 0.62781911
vn -0.69824141 -0.34395073 0.62781911
vn -0.65979230 -0.39932630 0.63656313
vn -0.65979230 -0.39932630 0.63656313
vn -0.65979230 -0.39932630 0.63656313
vn -0.66609000 -0.40270347 0.62781687
vn -0.66609000 -0.40270347 0.62781687
vn -0.66609000 -0.40270347 0.62781687
vn -0.62303324 -0.45457279 0.63654784
vn -0.62303324 -0.45457279 0.63654784
vn -0.62303324 -0.45457279 0.63654784
vn -0.62901237 -0.45847558 0.62780855
vn -0.62901237 -0.45847558 0.62780855
vn -0.62901237 -0.45847558 0.62780855
vn -0.58164506 -0.50644555 0.63655473
vn -0.58164506 -0.50644555 0.63655473
vn -0.58164506 -0.50644555 0.63655473
vn -0.58725502 -0.51083888 0.62783372
vn -0.58725502 -0.51083888 0.62783372
vn -0.58725502 -0.51083888 0.62783372
vn -0.53594318 -0.55455918 0.63657601
vn -0.53594318 -0.55455918 0.63657601
vn -0.53594318 -0.55455918 0.63657601
vn -0.52797185 -0.54711345 0.64954800
vn -0.52797185 -0.54711345 0.64954800
vn -0.52797185 -0.54711345 0.64954800
vn -0.47081774 -0.58624702 0.65927618
vn -0.47081774 -0.58624702 0.65927618
vn -0.47081774 -0.58624702 0.65927618
vn -0.38428226 -0.67742993 0.62722870
vn -0.38428226 -0.67742993 0.62722870
vn -0.38428226 -0.67742993 0.62722870
vn -0.31730231 -0.70288143 0.63661365
vn -0.31730231 -0.70288143 0.63661365
vn -0.31730231 -0.70288143 0.63661365
vn -0.32059538 -0.70926794 0.62781972
vn -0.32059538 -0.70926794 0.62781972
vn -0.32059538 -0.70926794 0.62781972
vn -0.25572046 -0.72759794 0.63655973
vn -0.25572046 -0.72759794 0.63655973
vn -0.25572046 -0.72759794 0.63655973
vn -0.25842267 -0.73417177 0.62786108
vn -0.25842267 -0.73417177 0.62786108
vn -0.25842267 -0.73417177 0.62786108
vn -0.19221577 -0.74684951 0.63660734
vn -0.19221577 -0.74684951 0.63660734
vn -0.19221577 -0.74684951 0.63660734
vn -0.18897400 -0.73648190 0.64952540
vn -0.18897400 -0.73648190 0.64952540
vn -0.18897400 -0.73648190 0.64952540
vn -0.12419400 -0.74205134 0.65873792
vn -0.12419400 -0.74205134 0.65873792
vn -0.12419400 -0.74205134 0.65873792
vn -0.12969090 -0.76760220 0.62766801
vn -0.12969090 -0.76760220 0.62766801
vn -0.12969090 -0.76760220 0.62766801
vn -0.06144965 -0.76879664 0.63653410
vn -0.06144965 -0.76879664 0.63653410
vn -0.06144965 -0.76879664 0.63653410
vn -0.06238503 -0.77585310 0.62782169
vn -0.06238503 -0.77585310 0.62782169
vn -0.06238503 -0.77585310 0.62782169
vn 0.00486629 -0.77120684 0.63656605
vn 0.00486629 -0.77120684 0.63656605
vn 0.00486629 -0.77120684 0.63656605
vn 0.00535410 -0.76033509 0.64950895
vn 0.00535410 -0.76033509 0.64950895
vn 0.00535410 -0.76033509 0.64950895
vn 0.06940793 -0.74916814 0.65873336
vn 0.06940793 -0.74916814 0.65873336
vn 0.06940793 -0.74916814 0.65873336
vn 0.07140273 -0.79295741 0.60507868
vn 0.07140273 -0.79295741 0.60507868
vn 0.07140273 -0.79295741 0.60507868
vn 0.14015939 -0.77705384 0.61363073
vn 0.14015939 -0.77705384 0.61363073
vn 0.14015939 -0.77705384 0.61363073
vn 0.13660662 -0.74789489 0.64960901
vn 0.13660662 -0.74789489 0.64960901
vn 0.13660662 -0.74789489 0.64960901
vn 0.20069333 -0.72473453 0.65915253
vn 0.20069333 -0.72473453 0.65915253
vn 0.20069333 -0.72473453 0.65915253
vn 0.31793625 -0.69143568 0.64871661
vn 0.31793625 -0.69143568 0.64871661
vn 0.31793625 -0.69143568 0.64871661
vn 0.37562354 -0.65189393 0.65874219
vn 0.37562354 -0.65189393 0.65874219
vn 0.37562354 -0.65189393 0.65874219
vn 0.38760184 -0.67509061 0.62770812
vn 0.38760184 -0.67509061 0.62770812
vn 0.38760184 -0.67509061 0.62770812
vn 0.44451429 -0.62973690 0.63705453
vn 0.44451429 -0.62973690 0.63705453
vn 0.44451429 -0.62973690 0.63705453
vn 0.48396342 -0.58733549 0.64870365
vn 0.48396342 -0.58733549 0.64870365
vn 0.48396342 -0.58733549 0.64870365
vn 0.52963433 -0.53436779 0.65874012
vn 0.52963433 -0.53436779 0.65874012
vn 0.52963433 -0.53436779 0.65874012
vn 0.54712746 -0.55372415 0.62772693
vn 0.54712746 -0.55372415 0.62772693
vn 0.54712746 -0.55372415 0.62772693
vn 0.58796701 -0.49904319 0.63659303
vn 0.58796701 -0.49904319 0.63659303
vn 0.58796701 -0.49904319 0.63659303
vn 0.58005171 -0.49159619 0.64951766
vn 0.58005171 -0.49159619 0.64951766
vn 0.58005171 -0.49159619 0.64951766
vn 0.61542874 -0.43204246 0.65923196
vn 0.61542874 -0.43204246 0.65923196
vn 0.61542874 -0.43204246 0.65923196
vn 0.65385622 -0.38955213 0.64863023
vn 0.65385622 -0.38955213 0.64863023
vn 0.65385622 -0.38955213 0.64863023
vn 0.67896913 -0.32427053 0.65867256
vn 0.67896913 -0.32427053 0.65867256
vn 0.67896913 -0.32427053 0.65867256
vn 0.68610295 -0.32808385 0.64932560
vn 0.68610295 -0.32808385 0.64932560
vn 0.68610295 -0.32808385 0.64932560
vn 0.70430755 -0.26469420 0.65870164
vn 0.70430755 -0.26469420 0.65870164
vn 0.70430755 -0.26469420 0.65870164
vn 0.71173829 -0.26787814 0.64936116
vn 0.71173829 -0.26787814 0.64936116
vn 0.71173829 -0.26787814 0.64936116
vn 0.72441706 -0.20315726 0.65874657
vn 0.72441706 -0.20315726 0.65874657
vn 0.72441706 -0.20315726 0.65874657
vn 0.74918812 -0.21135212 0.62773199
vn 0.74918812 -0.21135212 0.62773199
vn 0.74918812 -0.21135212 0.62773199
vn 0.75770202 -0.14363901 0.63659680
vn 0.75770202 -0.14363901 0.63659680
vn 0.75770202 -0.14363901 0.63659680
vn 0.76465986 -0.14533713 0.62783152
vn 0.76465986 -0.14533713 0.62783152
vn 0.76465986 -0.14533713 0.62783152
vn 0.76726491 -0.07797262 0.63657272
vn 0.76726491 -0.07797262 0.63657272
vn 0.76726491 -0.07797262 0.63657272
vn 0.80919174 -0.08453335 0.58143172
vn 0.80919174 -0.08453335 0.58143172
vn 0.80919174 -0.08453335 0.58143172
vn 0.80746721 -0.01228049 0.58978462
vn 0.80746721 -0.01228049 0.58978462
vn 0.80746721 -0.01228049 0.58978462
vn 0.75997396 -0.00853366 0.64989749
vn 0.75997396 -0.00853366 0.64989749
vn 0.75997396 -0.00853366 0.64989749
vn 0.75049918 0.05327166 0.65872081
vn 0.75049918 0.05327166 0.65872081
vn 0.75049918 0.05327166 0.65872081
vn 0.75855045 0.05347732 0.64941619
vn 0.75855045 0.05347732 0.64941619
vn 0.75855045 0.05347732 0.64941619
vn 0.74310007 0.11758787 0.65876808
vn 0.74310007 0.11758787 0.65876808
vn 0.74310007 0.11758787 0.65876808
vn 0.76904138 0.12047574 0.62774274
vn 0.76904138 0.12047574 0.62774274
vn 0.76904138 0.12047574 0.62774274
vn 0.74852799 0.18556348 0.63660980
vn 0.74852799 0.18556348 0.63660980
vn 0.74852799 0.18556348 0.63660980
vn 0.75553730 0.18691866 0.62787324
vn 0.75553730 0.18691866 0.62787324
vn 0.75553730 0.18691866 0.62787324
vn 0.72794859 0.25335479 0.63710455
vn 0.72794859 0.25335479 0.63710455
vn 0.72794859 0.25335479 0.63710455
vn 0.65088587 0.42774932 0.62719862
vn 0.65088587 0.42774932 0.62719862
vn 0.65088587 0.42774932 0.62719862
vn 0.60287278 0.48093635 0.63658828
vn 0.60287278 0.48093635 0.63658828
vn 0.60287278 0.48093635 0.63658828
vn 0.59407016 0.47462265 0.64947208
vn 0.59407016 0.47462265 0.64947208
vn 0.59407016 0.47462265 0.64947208
vn 0.54566517 0.51803807 0.65870030
vn 0.54566517 0.51803807 0.65870030
vn 0.54566517 0.51803807 0.65870030
vn 0.57877556 0.54664577 0.60514234
vn 0.57877556 0.54664577 0.60514234
vn 0.57877556 0.54664577 0.60514234
vn 0.52374585 0.59081770 0.61369759
vn 0.52374585 0.59081770 0.61369759
vn 0.52374585 0.59081770 0.61369759
vn 0.50298748 0.56993831 0.64974912
vn 0.50298748 0.56993831 0.64974912
vn 0.50298748 0.56993831 0.64974912
vn 0.44882039 0.60379590 0.65877976
vn 0.44882039 0.60379590 0.65877976
vn 0.44882039 0.60379590 0.65877976
vn 0.46535795 0.62402652 0.62772038
vn 0.46535795 0.62402652 0.62772038
vn 0.46535795 0.62402652 0.62772038
vn 0.40516423 0.65618860 0.63659915
vn 0.40516423 0.65618860 0.63659915
vn 0.40516423 0.65618860 0.63659915
vn 0.40919073 0.66200924 0.62793846
vn 0.40919073 0.66200924 0.62793846
vn 0.40919073 0.66200924 0.62793846
vn 0.34722353 0.68853037 0.63668025
vn 0.34722353 0.68853037 0.63668025
vn 0.34722353 0.68853037 0.63668025
vn 0.34186527 0.67913321 0.64954309
vn 0.34186527 0.67913321 0.64954309
vn 0.34186527 0.67913321 0.64954309
vn 0.27977065 0.69841061 0.65874958
vn 0.27977065 0.69841061 0.65874958
vn 0.27977065 0.69841061 0.65874958
vn 0.28314627 0.70584271 0.64931830
vn 0.28314627 0.70584271 0.64931830
vn 0.28314627 0.70584271 0.64931830
vn 0.21453513 0.72073555 0.65917747
vn 0.21453513 0.72073555 0.65917747
vn 0.21453513 0.72073555 0.65917747
vn 0.03317744 0.77816128 0.62718760
vn 0.03317744 0.77816128 0.62718760
vn 0.03317744 0.77816128 0.62718760
vn -0.03804086 0.77025720 0.63659779
vn -0.03804086 0.77025720 0.63659779
vn -0.03804086 0.77025720 0.63659779
vn -0.03795111 0.79513515 0.60524360
vn -0.03795111 0.79513515 0.60524360
vn -0.03795111 0.79513515 0.60524360
vn -0.10659154 0.78231732 0.61369199
vn -0.10659154 0.78231732 0.61369199
vn -0.10659154 0.78231732 0.61369199
vn -0.00833748 0.16631537 0.98603736
vn -0.00833748 0.16631537 0.98603736
vn -0.00833748 0.16631537 0.98603736
vn -0.00802400 0.16247115 0.98668067
vn -0.00802400 0.16247115 0.98668067
vn -0.00802400 0.16247115 0.98668067
vn 0.00624183 0.15805711 0.98741024
vn 0.00624183 0.15805711 0.98741024
vn 0.00624183 0.15805711 0.98741024
vn 0.00641176 0.23241980 0.97259443
vn 0.00641176 0.23241980 0.97259443
vn 0.00641176 0.23241980 0.97259443
vn 0.02800641 0.22523963 0.97390079
vn 0.02801864 0.22539656 0.97386413
vn 0.02837385 0.22995691 0.97278710
vn 0.02838713 0.23012744 0.97274639
vn 0.04726135 0.22198073 0.97390498
vn 0.04726135 0.22198073 0.97390498
vn 0.04726135 0.22198073 0.97390498
vn 0.04806226 0.22682625 0.97274862
vn 0.04806226 0.22682625 0.97274862
vn 0.04806226 0.22682625 0.97274862
vn 0.06616726 0.21709084 0.97390629
vn 0.06616726 0.21709084 0.97390629
vn 0.06616726 0.21709084 0.97390629
vn 0.05202923 0.16177141 0.98545572
vn 0.05202923 0.16177141 0.98545572
vn 0.05202923 0.16177141 0.98545572
vn 0.06203831 0.15446352 0.98604882
vn 0.06203831 0.15446352 0.98604882
vn 0.06203831 0.15446352 0.98604882
vn 0.06353922 0.15861734 0.98529351
vn 0.06353922 0.15861734 0.98529351
vn 0.06353922 0.15861734 0.98529351
vn 0.07508915 0.14856289 0.98604801
vn 0.07513666 0.14866572 0.98602890
vn 0.07688856 0.15245752 0.98531460
vn 0.07694062 0.15257020 0.98529309
vn 0.08758150 0.14155604 0.98604836
vn 0.08758150 0.14155604 0.98604836
vn 0.08758150 0.14155604 0.98604836
vn 0.08976861 0.14538588 0.98529414
vn 0.08976861 0.14538588 0.98529414
vn 0.08976861 0.14538588 0.98529414
vn 0.09942217 0.13349829 0.98604941
vn 0.09942217 0.13349829 0.98604941
vn 0.09942217 0.13349829 0.98604941
vn 0.10193609 0.13713416 0.98529349
vn 0.10193609 0.13713416 0.98529349
vn 0.10193609 0.13713416 0.98529349
vn 0.11053273 0.12445910 0.98604891
vn 0.11053273 0.12445910 0.98604891
vn 0.11053273 0.12445910 0.98604891
vn 0.11335439 0.12787080 0.98529175
vn 0.11335439 0.12787080 0.98529175
vn 0.11335439 0.12787080 0.98529175
vn 0.12082809 0.11450239 0.98604755
vn 0.12082809 0.11450239 0.98604755
vn 0.12082809 0.11450239 0.98604755
vn 0.12391775 0.11764382 0.98529403
vn 0.12391775 0.11764382 0.98529403
vn 0.12391775 0.11764382 0.98529403
vn 0.13021570 0.10368507 0.98604933
vn 0.13021570 0.10368507 0.98604933
vn 0.13021570 0.10368507 0.98604933
vn 0.13356782 0.10655257 0.98529497
vn 0.13356782 0.10655257 0.98529497
vn 0.13356782 0.10655257 0.98529497
vn 0.13864357 0.09210495 0.98605002
vn 0.13864357 0.09210495 0.98605002
vn 0.13864357 0.09210495 0.98605002
vn 0.19236978 0.13060309 0.97259277
vn 0.19236978 0.13060309 0.97259277
vn 0.19236978 0.13060309 0.97259277
vn 0.19916027 0.10888197 0.97389933
vn 0.19929441 0.10896352 0.97386277
vn 0.20319206 0.11133328 0.97278872
vn 0.20333782 0.11142190 0.97274811
vn 0.20775238 0.09134480 0.97390712
vn 0.20789470 0.09141535 0.97387013
vn 0.21202934 0.09346492 0.97278357
vn 0.21218392 0.09354155 0.97274250
vn 0.21486347 0.07315701 0.97390027
vn 0.21486347 0.07315701 0.97390027
vn 0.21486347 0.07315701 0.97390027
vn 0.16167926 0.05229578 0.98545673
vn 0.16167926 0.05229578 0.98545673
vn 0.16167926 0.05229578 0.98545673
vn 0.16159646 0.03990489 0.98604979
vn 0.16159646 0.03990489 0.98604979
vn 0.16159646 0.03990489 0.98604979
vn 0.16583639 0.04111163 0.98529596
vn 0.16583639 0.04111163 0.98529596
vn 0.16583639 0.04111163 0.98529596
vn 0.16442337 0.02586457 0.98605070
vn 0.16442337 0.02586457 0.98605070
vn 0.16442337 0.02586457 0.98605070
vn 0.16877473 0.02670689 0.98529276
vn 0.16877473 0.02670689 0.98529276
vn 0.16877473 0.02670689 0.98529276
vn 0.16605824 0.01163578 0.98604730
vn 0.16617067 0.01164764 0.98602822
vn 0.17031601 0.01208509 0.98531538
vn 0.17043922 0.01209809 0.98529392
vn 0.16643057 -0.00268251 0.98604953
vn 0.16654393 -0.00268035 0.98603039
vn 0.17072219 -0.00260067 0.98531577
vn 0.17084636 -0.00259831 0.98529426
vn 0.16558595 -0.01697965 0.98604918
vn 0.16569908 -0.01698724 0.98603004
vn 0.16986968 -0.01726710 0.98531525
vn 0.16999363 -0.01727542 0.98529373
vn 0.16351508 -0.03115171 0.98604888
vn 0.16351508 -0.03115171 0.98604888
vn 0.16351508 -0.03115171 0.98604888
vn 0.16787559 -0.03182446 0.98529437
vn 0.16787559 -0.03182446 0.98529437
vn 0.16787559 -0.03182446 0.98529437
vn 0.16022988 -0.04509247 0.98604921
vn 0.16034005 -0.04511933 0.98603008
vn 0.16440191 -0.04610965 0.98531513
vn 0.16452263 -0.04613909 0.98529361
vn 0.15576134 -0.05869987 0.98604905
vn 0.15586857 -0.05873603 0.98602995
vn 0.15982119 -0.06006880 0.98531666
vn 0.15993865 -0.06010841 0.98529519
vn 0.15013332 -0.07187037 0.98605002
vn 0.15023730 -0.07191572 0.98603087
vn 0.15407116 -0.07358791 0.98531563
vn 0.15418512 -0.07363761 0.98529409
vn 0.14340127 -0.08451136 0.98604965
vn 0.14340127 -0.08451136 0.98604965
vn 0.14340127 -0.08451136 0.98604965
vn 0.20149392 -0.11603428 0.97259254
vn 0.20149392 -0.11603428 0.97259254
vn 0.20149392 -0.11603428 0.97259254
vn 0.18491753 -0.13162779 0.97389919
vn 0.18491753 -0.13162779 0.97389919
vn 0.18491753 -0.13162779 0.97389919
vn 0.13691410 -0.10065678 0.98545560
vn 0.13691410 -0.10065678 0.98545560
vn 0.13691410 -0.10065678 0.98545560
vn 0.12681298 -0.10783237 0.98604799
vn 0.12690187 -0.10790272 0.98602886
vn 0.13017974 -0.11049698 0.98531399
vn 0.13027716 -0.11057407 0.98529246
vn 0.11707485 -0.11833560 0.98604775
vn 0.11715716 -0.11841315 0.98602866
vn 0.12019151 -0.12127169 0.98531578
vn 0.12028168 -0.12135663 0.98529431
vn 0.10646299 -0.12795486 0.98604928
vn 0.10646299 -0.12795486 0.98604928
vn 0.10646299 -0.12795486 0.98604928
vn 0.15050248 -0.17723058 0.97259361
vn 0.15050248 -0.17723058 0.97259361
vn 0.15050248 -0.17723058 0.97259361
vn 0.12963672 -0.18631442 0.97390002
vn 0.12963672 -0.18631442 0.97390002
vn 0.12963672 -0.18631442 0.97390002
vn 0.09490397 -0.14095904 0.98545613
vn 0.09490397 -0.14095904 0.98545613
vn 0.09490397 -0.14095904 0.98545613
vn 0.08297159 -0.14429983 0.98604933
vn 0.08297159 -0.14429983 0.98604933
vn 0.08297159 -0.14429983 0.98604933
vn 0.08530401 -0.14804490 0.98529485
vn 0.08530401 -0.14804490 0.98529485
vn 0.08530401 -0.14804490 0.98529485
vn 0.07026001 -0.15089948 0.98604913
vn 0.07026001 -0.15089948 0.98604913
vn 0.07026001 -0.15089948 0.98604913
vn 0.10025942 -0.20979264 0.97259195
vn 0.10025942 -0.20979264 0.97259195
vn 0.10025942 -0.20979264 0.97259195
vn 0.07776383 -0.21324349 0.97389938
vn 0.07776383 -0.21324349 0.97389938
vn 0.07776383 -0.21324349 0.97389938
vn 0.07964980 -0.21775883 0.97274714
vn 0.07964980 -0.21775883 0.97274714
vn 0.07964980 -0.21775883 0.97274714
vn 0.05913867 -0.21911445 0.97390527
vn 0.05913867 -0.21911445 0.97390527
vn 0.05913867 -0.21911445 0.97390527
vn 0.04175598 -0.16470826 0.98545808
vn 0.04175598 -0.16470826 0.98545808
vn 0.04175598 -0.16470826 0.98545808
vn 0.02939604 -0.16382684 0.98605103
vn 0.02939604 -0.16382684 0.98605103
vn 0.02939604 -0.16382684 0.98605103
vn 0.03032902 -0.16814624 0.98529538
vn 0.03032902 -0.16814624 0.98529538
vn 0.03032902 -0.16814624 0.98529538
vn 0.01520417 -0.16575210 0.98605024
vn 0.01521851 -0.16586470 0.98603108
vn 0.01574716 -0.17001621 0.98531544
vn 0.01576287 -0.17013959 0.98529389
vn 0.00089945 -0.16645332 0.98604892
vn 0.00090403 -0.16656622 0.98602986
vn 0.00107305 -0.17072817 0.98531758
vn 0.00107807 -0.17085186 0.98529614
vn -0.01341238 -0.16590139 0.98605113
vn -0.01341754 -0.16601472 0.98603199
vn -0.01360768 -0.17019219 0.98531693
vn -0.01361333 -0.17031633 0.98529540
vn -0.02762493 -0.16414051 0.98605008
vn -0.02762493 -0.16414051 0.98605008
vn -0.02762493 -0.16414051 0.98605008
vn -0.02820411 -0.16851774 0.98529503
vn -0.02820411 -0.16851774 0.98529503
vn -0.02820411 -0.16851774 0.98529503
vn -0.04163390 -0.16115998 0.98604973
vn -0.04163390 -0.16115998 0.98604973
vn -0.04163390 -0.16115998 0.98604973
vn -0.04258787 -0.16547404 0.98529418
vn -0.04258787 -0.16547404 0.98529418
vn -0.04258787 -0.16547404 0.98529418
vn -0.05533507 -0.15698804 0.98604908
vn -0.05536894 -0.15709611 0.98602997
vn -0.05661756 -0.16108029 0.98531599
vn -0.05665467 -0.16119872 0.98529448
vn -0.06862266 -0.15164409 0.98605020
vn -0.06862266 -0.15164409 0.98605020
vn -0.06862266 -0.15164409 0.98605020
vn -0.07029849 -0.15572370 0.98529602
vn -0.07029849 -0.15572370 0.98529602
vn -0.07029849 -0.15572370 0.98529602
vn -0.08140595 -0.14518455 0.98604996
vn -0.08140595 -0.14518455 0.98604996
vn -0.08140595 -0.14518455 0.98604996
vn -0.11166020 -0.20391948 0.97259902
vn -0.11166020 -0.20391948 0.97259902
vn -0.11166020 -0.20391948 0.97259902
vn -0.12760483 -0.18768684 0.97390485
vn -0.12768807 -0.18782226 0.97386783
vn -0.13010704 -0.19175773 0.97278010
vn -0.13019748 -0.19190488 0.97273899
vn -0.14328566 -0.17604606 0.97389784
vn -0.14328566 -0.17604606 0.97389784
vn -0.14328566 -0.17604606 0.97389784
vn -0.10928113 -0.13013856 0.98545502
vn -0.10928113 -0.13013856 0.98545502
vn -0.10928113 -0.13013856 0.98545502
vn -0.11578709 -0.11959156 0.98604828
vn -0.11586289 -0.11967556 0.98602918
vn -0.11865697 -0.12277237 0.98531592
vn -0.11874001 -0.12286441 0.98529445
vn -0.12563200 -0.10918877 0.98604990
vn -0.12571484 -0.10926604 0.98603079
vn -0.12876834 -0.11211451 0.98531673
vn -0.12885909 -0.11219916 0.98529523
vn -0.13455142 -0.09798372 0.98605025
vn -0.13455142 -0.09798372 0.98605025
vn -0.13455142 -0.09798372 0.98605025
vn -0.13801418 -0.10069683 0.98529804
vn -0.13801418 -0.10069683 0.98529804
vn -0.13801418 -0.10069683 0.98529804
vn -0.14246579 -0.08604701 0.98605244
vn -0.14246579 -0.08604701 0.98605244
vn -0.14246579 -0.08604701 0.98605244
vn -0.14617742 -0.08847097 0.98529440
vn -0.14617742 -0.08847097 0.98529440
vn -0.14617742 -0.08847097 0.98529440
vn -0.14934997 -0.07348925 0.98604965
vn -0.14934997 -0.07348925 0.98604965
vn -0.14934997 -0.07348925 0.98604965
vn -0.15323590 -0.07557425 0.98529553
vn -0.15323590 -0.07557425 0.98529553
vn -0.15323590 -0.07557425 0.98529553
vn -0.15510839 -0.06037589 0.98605078
vn -0.15521339 -0.06042108 0.98603149
vn -0.15908364 -0.06208662 0.98531094
vn -0.15919865 -0.06213612 0.98528924
vn -0.15976107 -0.04682918 0.98604433
vn -0.15986771 -0.04686455 0.98602537
vn -0.16379948 -0.04816890 0.98531695
vn -0.16391635 -0.04820767 0.98529562
vn -0.16315803 -0.03291439 0.98605076
vn -0.16315803 -0.03291439 0.98605076
vn -0.16315803 -0.03291439 0.98605076
vn -0.16745781 -0.03394044 0.98529484
vn -0.16745781 -0.03394044 0.98529484
vn -0.16745781 -0.03394044 0.98529484
vn -0.16538702 -0.01876699 0.98605017
vn -0.16549921 -0.01878374 0.98603102
vn -0.16963512 -0.01940110 0.98531595
vn -0.16975802 -0.01941945 0.98529442
vn -0.16639442 -0.00448033 0.98604910
vn -0.16650746 -0.00448736 0.98602998
vn -0.17067530 -0.00474653 0.98531589
vn -0.17079916 -0.00475423 0.98529440
vn -0.16616321 0.00984035 0.98604917
vn -0.16627652 0.00984307 0.98603004
vn -0.17045443 0.00994323 0.98531539
vn -0.17057861 0.00994620 0.98529387
vn -0.16470053 0.02408739 0.98604946
vn -0.16470053 0.02408739 0.98604946
vn -0.16470053 0.02408739 0.98604946
vn -0.16908056 0.02457131 0.98529590
vn -0.16908056 0.02457131 0.98529590
vn -0.16908056 0.02457131 0.98529590
vn -0.16214528 0.03790391 0.98603864
vn -0.16205437 0.03788564 0.98605429
vn -0.15846139 0.03716343 0.98666553
vn -0.15835362 0.03714177 0.98668365
vn -0.15017919 0.04963505 0.98741206
vn -0.15017919 0.04963505 0.98741206
vn -0.15017919 0.04963505 0.98741206
vn -0.22158720 0.07032461 0.97260144
vn -0.22158720 0.07032461 0.97260144
vn -0.22158720 0.07032461 0.97260144
vn -0.20872666 0.08909470 0.97390724
vn -0.20872666 0.08909470 0.97390724
vn -0.20872666 0.08909470 0.97390724
vn -0.15523661 0.06909496 0.98545801
vn -0.15523661 0.06909496 0.98545801
vn -0.15523661 0.06909496 0.98545801
vn -0.14689869 0.07826131 0.98605068
vn -0.14700090 0.07831124 0.98603148
vn -0.15076980 0.08015196 0.98531423
vn -0.15088180 0.08020666 0.98529263
vn -0.13964237 0.09060888 0.98604769
vn -0.13973930 0.09066703 0.98602861
vn -0.14331258 0.09281088 0.98531601
vn -0.14341878 0.09287459 0.98529456
vn -0.13132530 0.10226964 0.98604999
vn -0.13141715 0.10233611 0.98603086
vn -0.13480285 0.10478638 0.98531620
vn -0.13490348 0.10485921 0.98529468
vn -0.12228660 0.11302655 0.98603802
vn -0.12221658 0.11296578 0.98605367
vn -0.11944983 0.11056455 0.98666469
vn -0.11936684 0.11049252 0.98668281
vn -0.10608847 0.11732053 0.98741133
vn -0.10608847 0.11732053 0.98741133
vn -0.10608847 0.11732053 0.98741133
vn -0.11495300 0.12642286 0.98529339
vn -0.11495300 0.12642286 0.98529339
vn -0.11495300 0.12642286 0.98529339
vn -0.10086196 0.13241973 0.98604862
vn -0.10086196 0.13241973 0.98604862
vn -0.10086196 0.13241973 0.98604862
vn -0.10365373 0.13582918 0.98529505
vn -0.10365373 0.13582918 0.98529505
vn -0.10365373 0.13582918 0.98529505
vn -0.08910065 0.14059426 0.98604986
vn -0.08916466 0.14068782 0.98603073
vn -0.09152463 0.14413703 0.98531607
vn -0.09159476 0.14423953 0.98529455
vn -0.07668669 0.14773595 0.98604931
vn -0.07674244 0.14783470 0.98603017
vn -0.07879798 0.15147545 0.98531521
vn -0.07885908 0.15158365 0.98529368
vn -0.06370320 0.15378337 0.98604897
vn -0.06370320 0.15378337 0.98604897
vn -0.06370320 0.15378337 0.98604897
vn -0.06553248 0.15779418 0.98529513
vn -0.06553248 0.15779418 0.98529513
vn -0.06553248 0.15779418 0.98529513
vn -0.05024593 0.15868516 0.98604988
vn -0.05028387 0.15879180 0.98603078
vn -0.05168275 0.16272341 0.98531720
vn -0.05172432 0.16284024 0.98529572
vn -0.03641758 0.16241341 0.98605053
vn -0.03641758 0.16241341 0.98605053
vn -0.03641758 0.16241341 0.98605053
vn -0.03753582 0.16668977 0.98529467
vn -0.03753582 0.16668977 0.98529467
vn -0.03753582 0.16668977 0.98529467
vn -0.02232167 0.16494835 0.98604958
vn -0.02232167 0.16494835 0.98604958
vn -0.02232167 0.16494835 0.98604958
vn -0.02306732 0.16930019 0.98529455
vn -0.02306732 0.16930019 0.98529455
vn -0.02306732 0.16930019 0.98529455
vn 0.12313923 -0.68232510 -0.72060335
vn 0.12313923 -0.68232510 -0.72060335
vn 0.12313923 -0.68232510 -0.72060335
vn 0.12076796 -0.66073149 -0.74084344
vn 0.12076796 -0.66073149 -0.74084344
vn 0.12076796 -0.66073149 -0.74084344
vn 0.17244171 -0.63452219 -0.75342249
vn 0.17244171 -0.63452219 -0.75342249
vn 0.17244171 -0.63452219 -0.75342249
vn 0.17867621 -0.66813616 -0.72226649
vn 0.17867621 -0.66813616 -0.72226649
vn 0.17867621 -0.66813616 -0.72226649
vn 0.23513475 -0.64225400 -0.72953509
vn 0.23513475 -0.64225400 -0.72953509
vn 0.23513475 -0.64225400 -0.72953509
vn 0.23036200 -0.63207146 -0.73987770
vn 0.23036200 -0.63207146 -0.73987770
vn 0.23036200 -0.63207146 -0.73987770
vn 0.28412133 -0.60840801 -0.74102278
vn 0.28413232 -0.60843772 -0.74099418
vn 0.28441037 -0.60918928 -0.74026966
vn 0.28442227 -0.60922146 -0.74023860
vn 0.33171610 -0.57413608 -0.74855340
vn 0.33171610 -0.57413608 -0.74855340
vn 0.33171610 -0.57413608 -0.74855340
vn 0.33681448 -0.58497184 -0.73781024
vn 0.33681448 -0.58497184 -0.73781024
vn 0.33681448 -0.58497184 -0.73781024
vn 0.38201841 -0.54928506 -0.74320109
vn 0.38201841 -0.54928506 -0.74320109
vn 0.38201841 -0.54928506 -0.74320109
vn 0.38913773 -0.56144466 -0.73030933
vn 0.38913773 -0.56144466 -0.73030933
vn 0.38913773 -0.56144466 -0.73030933
vn 0.43312936 -0.52095848 -0.73552785
vn 0.43302608 -0.52081501 -0.73569025
vn 0.43015531 -0.51682920 -0.74017159
vn 0.43001527 -0.51663484 -0.74038862
vn 0.46931715 -0.47376635 -0.74517573
vn 0.46920714 -0.47363838 -0.74532633
vn 0.46610985 -0.47003707 -0.74953770
vn 0.46599278 -0.46990101 -0.74969578
vn 0.50020280 -0.42537269 -0.75422493
vn 0.50020280 -0.42537269 -0.75422493
vn 0.50020280 -0.42537269 -0.75422493
vn 0.51763816 -0.43819742 -0.73486989
vn 0.51763816 -0.43819742 -0.73486989
vn 0.51763816 -0.43819742 -0.73486989
vn 0.55068371 -0.39257291 -0.73663692
vn 0.55064575 -0.39254114 -0.73668223
vn 0.54975332 -0.39179446 -0.73774547
vn 0.54971455 -0.39176202 -0.73779159
vn 0.58174072 -0.34271200 -0.73764912
vn 0.58174072 -0.34271200 -0.73764912
vn 0.58174072 -0.34271200 -0.73764912
vn 0.57462325 -0.33781778 -0.74544434
vn 0.57462325 -0.33781778 -0.74544434
vn 0.57462325 -0.33781778 -0.74544434
vn 0.59510675 -0.28298094 -0.75217667
vn 0.59510675 -0.28298094 -0.75217667
vn 0.59510675 -0.28298094 -0.75217667
vn 0.61466880 -0.29440723 -0.73178320
vn 0.61466880 -0.29440723 -0.73178320
vn 0.61466880 -0.29440723 -0.73178320
vn 0.63127955 -0.23804697 -0.73811907
vn 0.63127955 -0.23804697 -0.73811907
vn 0.63127955 -0.23804697 -0.73811907
vn 0.63527905 -0.23994353 -0.73406241
vn 0.63527905 -0.23994353 -0.73406241
vn 0.63527905 -0.23994353 -0.73406241
vn 0.65137905 -0.18366181 -0.73618861
vn 0.65137905 -0.18366181 -0.73618861
vn 0.65137905 -0.18366181 -0.73618861
vn 0.62994811 -0.17597865 -0.75643697
vn 0.62994811 -0.17597865 -0.75643697
vn 0.62994811 -0.17597865 -0.75643697
vn 0.64085760 -0.12173424 -0.75794611
vn 0.64085760 -0.12173424 -0.75794611
vn 0.64085760 -0.12173424 -0.75794611
vn 0.64974935 -0.12399370 -0.74996756
vn 0.64974935 -0.12399370 -0.74996756
vn 0.64974935 -0.12399370 -0.74996756
vn 0.65327887 -0.06579420 -0.75425316
vn 0.65326547 -0.06579176 -0.75426498
vn 0.65290485 -0.06572635 -0.75458287
vn 0.65289291 -0.06572418 -0.75459338
vn 0.65560134 -0.01117168 -0.75502456
vn 0.65560134 -0.01117168 -0.75502456
vn 0.65560134 -0.01117168 -0.75502456
vn 0.67143996 -0.01232053 -0.74095653
vn 0.67143996 -0.01232053 -0.74095653
vn 0.67143996 -0.01232053 -0.74095653
vn 0.66522311 0.04745679 -0.74513493
vn 0.66522311 0.04745679 -0.74513493
vn 0.66522311 0.04745679 -0.74513493
vn 0.67074771 0.04741298 -0.74016858
vn 0.67074771 0.04741298 -0.74016858
vn 0.67074771 0.04741298 -0.74016858
vn 0.65493651 0.10406859 -0.74848373
vn 0.65493651 0.10406859 -0.74848373
vn 0.65493651 0.10406859 -0.74848373
vn 0.66548995 0.10486543 -0.73900364
vn 0.66548995 0.10486543 -0.73900364
vn 0.66548995 0.10486543 -0.73900364
vn 0.64683877 0.16025918 -0.74559815
vn 0.64687761 0.16027210 -0.74556167
vn 0.64573181 0.15989113 -0.74663596
vn 0.64568925 0.15987698 -0.74667580
vn 0.62750917 0.21331427 -0.74881858
vn 0.62750917 0.21331427 -0.74881858
vn 0.62750917 0.21331427 -0.74881858
vn 0.63617292 0.21564917 -0.74079650
vn 0.63617292 0.21564917 -0.74079650
vn 0.63617292 0.21564917 -0.74079650
vn 0.61392277 0.27039180 -0.74161116
vn 0.61392277 0.27039180 -0.74161116
vn 0.61392277 0.27039180 -0.74161116
vn 0.62643235 0.27481754 -0.72942294
vn 0.62643235 0.27481754 -0.72942294
vn 0.62643235 0.27481754 -0.72942294
vn 0.59475354 0.32615168 -0.73477432
vn 0.59475354 0.32615168 -0.73477432
vn 0.59475354 0.32615168 -0.73477432
vn 0.60062671 0.32996910 -0.72826365
vn 0.60062671 0.32996910 -0.72826365
vn 0.60062671 0.32996910 -0.72826365
vn 0.56983015 0.37803396 -0.72964644
vn 0.56983015 0.37803396 -0.72964644
vn 0.56983015 0.37803396 -0.72964644
vn 0.54871746 0.36638037 -0.75144832
vn 0.54871746 0.36638037 -0.75144832
vn 0.54871746 0.36638037 -0.75144832
vn 0.51579752 0.41059620 -0.75190670
vn 0.51598703 0.41072918 -0.75170402
vn 0.52171341 0.41474550 -0.74552082
vn 0.52195821 0.41491710 -0.74525393
vn 0.47759900 0.45412968 -0.75210733
vn 0.47759900 0.45412968 -0.75210733
vn 0.47759900 0.45412968 -0.75210733
vn 0.48128836 0.45712205 -0.74793111
vn 0.48128836 0.45712205 -0.74793111
vn 0.48128836 0.45712205 -0.74793111
vn 0.43829052 0.49298367 -0.75157736
vn 0.43835362 0.49304654 -0.75149931
vn 0.44006793 0.49475427 -0.74937202
vn 0.44013228 0.49481836 -0.74929191
vn 0.39441905 0.53021740 -0.75053523
vn 0.39441905 0.53021740 -0.75053523
vn 0.39441905 0.53021740 -0.75053523
vn 0.38986310 0.52485668 -0.75665860
vn 0.38986310 0.52485668 -0.75665860
vn 0.38986310 0.52485668 -0.75665860
vn 0.34233479 0.55406042 -0.75883064
vn 0.34233479 0.55406042 -0.75883064
vn 0.34233479 0.55406042 -0.75883064
vn 0.34579217 0.55896255 -0.75365021
vn 0.34579217 0.55896255 -0.75365021
vn 0.34579217 0.55896255 -0.75365021
vn 0.29184704 0.58151882 -0.75938210
vn 0.29184704 0.58151882 -0.75938210
vn 0.29184704 0.58151882 -0.75938210
vn 0.31013666 0.61162447 -0.72782605
vn 0.31013666 0.61162447 -0.72782605
vn 0.31013666 0.61162447 -0.72782605
vn 0.25445083 0.63180595 -0.73217213
vn 0.25445083 0.63180595 -0.73217213
vn 0.25445083 0.63180595 -0.73217213
vn 0.24618249 0.61479154 -0.74928335
vn 0.24618249 0.61479154 -0.74928335
vn 0.24618249 0.61479154 -0.74928335
vn 0.19183623 0.63244078 -0.75047819
vn 0.19183623 0.63244078 -0.75047819
vn 0.19183623 0.63244078 -0.75047819
vn 0.19935059 0.65164702 -0.73185757
vn 0.19935059 0.65164702 -0.73185757
vn 0.19935059 0.65164702 -0.73185757
vn 0.13899874 0.65667926 -0.74125009
vn 0.13899874 0.65667926 -0.74125009
vn 0.13899874 0.65667926 -0.74125009
vn 0.14437696 0.67451587 -0.72400527
vn 0.14437696 0.67451587 -0.72400527
vn 0.14437696 0.67451587 -0.72400527
vn 0.08413870 0.67960094 -0.72874086
vn 0.08413870 0.67960094 -0.72874086
vn 0.08413870 0.67960094 -0.72874086
vn 0.08290923 0.67389299 -0.73416231
vn 0.08290923 0.67389299 -0.73416231
vn 0.08290923 0.67389299 -0.73416231
vn 0.02578256 0.67920109 -0.73349924
vn 0.02578256 0.67920109 -0.73349924
vn 0.02578256 0.67920109 -0.73349924
vn 0.02300743 0.65334009 -0.75671487
vn 0.02300743 0.65334009 -0.75671487
vn 0.02300743 0.65334009 -0.75671487
vn -0.03193055 0.65050198 -0.75883306
vn -0.03193124 0.65044207 -0.75888439
vn -0.03195456 0.64841033 -0.76062011
vn -0.03195536 0.64834010 -0.76067994
vn -0.08826904 0.63765039 -0.76525196
vn -0.08826904 0.63765039 -0.76525196
vn -0.08826904 0.63765039 -0.76525196
vn -0.08988299 0.66383586 -0.74245741
vn -0.08988299 0.66383586 -0.74245741
vn -0.08988299 0.66383586 -0.74245741
vn -0.14493540 0.64886221 -0.74697494
vn -0.14493540 0.64886221 -0.74697494
vn -0.14493540 0.64886221 -0.74697494
vn -0.14392536 0.64226584 -0.75284798
vn -0.14392536 0.64226584 -0.75284798
vn -0.14392536 0.64226584 -0.75284798
vn -0.19793825 0.62531820 -0.75484939
vn -0.19795623 0.62538985 -0.75478531
vn -0.19849158 0.62752332 -0.75287156
vn -0.19851335 0.62761012 -0.75279345
vn -0.25077206 0.60057858 -0.75922246
vn -0.25077206 0.60057858 -0.75922246
vn -0.25077206 0.60057858 -0.75922246
vn -0.25831178 0.62369450 -0.73775347
vn -0.25831178 0.62369450 -0.73775347
vn -0.25831178 0.62369450 -0.73775347
vn -0.30755558 0.59426389 -0.74314197
vn -0.30755558 0.59426389 -0.74314197
vn -0.30755558 0.59426389 -0.74314197
vn -0.30426813 0.58678308 -0.75040424
vn -0.30426813 0.58678308 -0.75040424
vn -0.30426813 0.58678308 -0.75040424
vn -0.35186106 0.55455075 -0.75410030
vn -0.35186106 0.55455075 -0.75410030
vn -0.35186106 0.55455075 -0.75410030
vn -0.35450544 0.55939490 -0.74926847
vn -0.35450544 0.55939490 -0.74926847
vn -0.35450544 0.55939490 -0.74926847
vn -0.40078412 0.52548980 -0.75048821
vn -0.40078412 0.52548980 -0.75048821
vn -0.40078412 0.52548980 -0.75048821
vn -0.40711537 0.53511216 -0.74021082
vn -0.40711537 0.53511216 -0.74021082
vn -0.40711537 0.53511216 -0.74021082
vn -0.44925190 0.49267457 -0.74528149
vn -0.44925190 0.49267457 -0.74528149
vn -0.44925190 0.49267457 -0.74528149
vn -0.45010249 0.49350193 -0.74422012
vn -0.45010249 0.49350193 -0.74422012
vn -0.45010249 0.49350193 -0.74422012
vn -0.48727168 0.45300854 -0.74655849
vn -0.48721134 0.45294586 -0.74663589
vn -0.48542808 0.45109377 -0.74891521
vn -0.48535713 0.45102010 -0.74900555
vn -0.52133150 0.40547977 -0.75086592
vn -0.52133150 0.40547977 -0.75086592
vn -0.52133150 0.40547977 -0.75086592
vn -0.52601670 0.40964437 -0.74531733
vn -0.52601670 0.40964437 -0.74531733
vn -0.52601670 0.40964437 -0.74531733
vn -0.55358067 0.35757591 -0.75212227
vn -0.55358067 0.35757591 -0.75212227
vn -0.55358067 0.35757591 -0.75212227
vn -0.57179945 0.37161227 -0.73140256
vn -0.57179945 0.37161227 -0.73140256
vn -0.57179945 0.37161227 -0.73140256
vn -0.59559378 0.31653692 -0.73829020
vn -0.59559378 0.31653692 -0.73829020
vn -0.59559378 0.31653692 -0.73829020
vn -0.58487317 0.31192616 -0.74874925
vn -0.58487317 0.31192616 -0.74874925
vn -0.58487317 0.31192616 -0.74874925
vn -0.60807471 0.25917828 -0.75038108
vn -0.60807471 0.25917828 -0.75038108
vn -0.60807471 0.25917828 -0.75038108
vn -0.61765760 0.26407558 -0.74078552
vn -0.61765760 0.26407558 -0.74078552
vn -0.61765760 0.26407558 -0.74078552
vn -0.63749019 0.20894875 -0.74158390
vn -0.63753315 0.20896646 -0.74154197
vn -0.63873378 0.20946141 -0.74036821
vn -0.63878412 0.20948217 -0.74031889
vn -0.64927414 0.15156864 -0.74529863
vn -0.64927414 0.15156864 -0.74529863
vn -0.64927414 0.15156864 -0.74529863
vn -0.63680634 0.14948045 -0.75639493
vn -0.63680634 0.14948045 -0.75639493
vn -0.63680634 0.14948045 -0.75639493
vn -0.64316693 0.09379532 -0.75995969
vn -0.64316693 0.09379532 -0.75995969
vn -0.64316693 0.09379532 -0.75995969
vn -0.65397700 0.09608509 -0.75038773
vn -0.65397700 0.09608509 -0.75038773
vn -0.65397700 0.09608509 -0.75038773
vn -0.65563955 0.03841062 -0.75409642
vn -0.65563955 0.03841062 -0.75409642
vn -0.65563955 0.03841062 -0.75409642
vn -0.66590705 0.03969522 -0.74497791
vn -0.66590705 0.03969522 -0.74497791
vn -0.66590705 0.03969522 -0.74497791
vn -0.65835744 -0.01967562 -0.75244823
vn -0.65835744 -0.01967562 -0.75244823
vn -0.65835744 -0.01967562 -0.75244823
vn -0.68436930 -0.01828375 -0.72890628
vn -0.68436930 -0.01828375 -0.72890628
vn -0.68436930 -0.01828375 -0.72890628
vn -0.66566803 -0.07519999 -0.74244935
vn -0.66566803 -0.07519999 -0.74244935
vn -0.66566803 -0.07519999 -0.74244935
vn -0.65720284 -0.07479590 -0.74999334
vn -0.65720284 -0.07479590 -0.74999334
vn -0.65720284 -0.07479590 -0.74999334
vn -0.64361220 -0.13019986 -0.75419582
vn -0.64361220 -0.13019986 -0.75419582
vn -0.64361220 -0.13019986 -0.75419582
vn -0.64942305 -0.13100598 -0.74905750
vn -0.64942305 -0.13100598 -0.74905750
vn -0.64942305 -0.13100598 -0.74905750
vn -0.63366719 -0.18615884 -0.75087334
vn -0.63368967 -0.18616387 -0.75085312
vn -0.63439314 -0.18632144 -0.75021974
vn -0.63441876 -0.18632718 -0.75019665
vn -0.61188350 -0.23873677 -0.75405791
vn -0.61188350 -0.23873677 -0.75405791
vn -0.61188350 -0.23873677 -0.75405791
vn -0.62214399 -0.24348136 -0.74407908
vn -0.62214399 -0.24348136 -0.74407908
vn -0.62214399 -0.24348136 -0.74407908
vn -0.59471420 -0.29289958 -0.74868208
vn -0.59471420 -0.29289958 -0.74868208
vn -0.59471420 -0.29289958 -0.74868208
vn -0.59667754 -0.29406581 -0.74666004
vn -0.59667754 -0.29406581 -0.74666004
vn -0.59667754 -0.29406581 -0.74666004
vn -0.56749567 -0.34241295 -0.74880040
vn -0.56749567 -0.34241295 -0.74880040
vn -0.56749567 -0.34241295 -0.74880040
vn -0.56262972 -0.33986267 -0.75361872
vn -0.56262972 -0.33986267 -0.75361872
vn -0.56262972 -0.33986267 -0.75361872
vn -0.52532141 -0.38405005 -0.75930427
vn -0.52532141 -0.38405005 -0.75930427
vn -0.52532141 -0.38405005 -0.75930427
vn -0.54260954 -0.39480261 -0.74142146
vn -0.54260954 -0.39480261 -0.74142146
vn -0.54260954 -0.39480261 -0.74142146
vn -0.50324954 -0.43700553 -0.74549720
vn -0.50324954 -0.43700553 -0.74549720
vn -0.50324954 -0.43700553 -0.74549720
vn -0.49336161 -0.42948496 -0.75639737
vn -0.49336161 -0.42948496 -0.75639737
vn -0.49336161 -0.42948496 -0.75639737
vn -0.45350668 -0.46888768 -0.75794197
vn -0.45350668 -0.46888768 -0.75794197
vn -0.45350668 -0.46888768 -0.75794197
vn -0.46418284 -0.47865538 -0.74526728
vn -0.46418284 -0.47865538 -0.74526728
vn -0.46418284 -0.47865538 -0.74526728
vn -0.41570084 -0.51147452 -0.75205493
vn -0.41570084 -0.51147452 -0.75205493
vn -0.41570084 -0.51147452 -0.75205493
vn -0.43325979 -0.53021174 -0.72880825
vn -0.43325979 -0.53021174 -0.72880825
vn -0.43325979 -0.53021174 -0.72880825
vn -0.38158042 -0.56214300 -0.73375175
vn -0.38158042 -0.56214300 -0.73375175
vn -0.38158042 -0.56214300 -0.73375175
vn -0.37877866 -0.55868309 -0.73783462
vn -0.37877866 -0.55868309 -0.73783462
vn -0.37877866 -0.55868309 -0.73783462
vn -0.33010434 -0.58895846 -0.73767137
vn -0.33010434 -0.58895846 -0.73767137
vn -0.33010434 -0.58895846 -0.73767137
vn -0.31833367 -0.57099643 -0.75672106
vn -0.31833367 -0.57099643 -0.75672106
vn -0.31833367 -0.57099643 -0.75672106
vn -0.26814835 -0.59351682 -0.75883743
vn -0.26814835 -0.59351682 -0.75883743
vn -0.26814835 -0.59351682 -0.75883743
vn -0.27095752 -0.59884559 -0.75363518
vn -0.27095752 -0.59884559 -0.75363518
vn -0.27095752 -0.59884559 -0.75363518
vn -0.21455240 -0.61426338 -0.75937327
vn -0.21455240 -0.61426338 -0.75937327
vn -0.21455240 -0.61426338 -0.75937327
vn -0.22446090 -0.63667309 -0.73774296
vn -0.22446090 -0.63667309 -0.73774296
vn -0.22446090 -0.63667309 -0.73774296
vn -0.16811266 -0.64767661 -0.74313736
vn -0.16814567 -0.64777831 -0.74304124
vn -0.16905494 -0.65057854 -0.74038368
vn -0.16909522 -0.65070252 -0.74026551
vn -0.11028330 -0.65769957 -0.74516365
vn -0.11028330 -0.65769957 -0.74516365
vn -0.11028330 -0.65769957 -0.74516365
vn -0.10803669 -0.64821497 -0.75375422
vn -0.10803669 -0.64821497 -0.75375422
vn -0.10803669 -0.64821497 -0.75375422
vn -0.05209415 -0.64870719 -0.75925304
vn -0.05209415 -0.64870719 -0.75925304
vn -0.05209415 -0.64870719 -0.75925304
vn -0.05301115 -0.65517386 -0.75361598
vn -0.05301115 -0.65517386 -0.75361598
vn -0.05301115 -0.65517386 -0.75361598
vn 0.00500289 -0.65068223 -0.75933366
vn 0.00500289 -0.65068223 -0.75933366
vn 0.00500289 -0.65068223 -0.75933366
vn 0.00277434 -0.68199647 -0.73135020
vn 0.00277434 -0.68199647 -0.73135020
vn 0.00277434 -0.68199647 -0.73135020
vn 0.06333370 -0.67139611 -0.73838751
vn 0.06333370 -0.67139611 -0.73838751
vn 0.06333370 -0.67139611 -0.73838751
vn 0.05747137 -0.63569255 -0.76979999
vn 0.05747137 -0.63569255 -0.76979999
vn 0.05747137 -0.63569255 -0.76979999
vn -0.21874567 0.97576745 -0.00531205
vn -0.21874567 0.97576745 -0.00531205
vn -0.21874567 0.97576745 -0.00531205
vn -0.73135149 0.68197771 -0.00560372
vn -0.73135149 0.68197771 -0.00560372
vn -0.73135149 0.68197771 -0.00560372
vn -0.88124600 0.47261741 -0.00618586
vn -0.88124600 0.47261741 -0.00618586
vn -0.88124600 0.47261741 -0.00618586
vn -0.99878624 -0.03044077 -0.03872211
vn -0.99878624 -0.03044077 -0.03872211
vn -0.99878624 -0.03044077 -0.03872211
vn -0.99392672 -0.11003980 0.00095916
vn -0.99392672 -0.11003980 0.00095916
vn -0.99392672 -0.11003980 0.00095916
vn -0.89726563 -0.44145516 -0.00563312
vn -0.89726563 -0.44145516 -0.00563312
vn -0.89726563 -0.44145516 -0.00563312
vn -0.25279225 -0.96750410 -0.00564703
vn -0.25279225 -0.96750410 -0.00564703
vn -0.25279225 -0.96750410 -0.00564703
vn 0.08958044 -0.99596102 -0.00608155
vn 0.08958044 -0.99596102 -0.00608155
vn 0.08958044 -0.99596102 -0.00608155
vn 0.34000182 -0.94040378 -0.00628471
vn 0.34000182 -0.94040378 -0.00628471
vn 0.34000182 -0.94040378 -0.00628471
vn 0.63746885 -0.77031060 -0.01596986
vn 0.63746885 -0.77031060 -0.01596986
vn 0.63746885 -0.77031060 -0.01596986
vn 0.81464533 -0.57993458 -0.00537341
vn 0.81464533 -0.57993458 -0.00537341
vn 0.81464533 -0.57993458 -0.00537341
vn 0.93588934 -0.35200310 -0.01431645
vn 0.93588265 -0.35227345 -0.00520339
vn 0.93588344 -0.35226896 -0.00536309
vn 0.96199508 -0.27259742 -0.01600334
vn 0.96199508 -0.27259742 -0.01600334
vn 0.96199508 -0.27259742 -0.01600334
vn 0.99971154 -0.01793647 -0.01597217
vn 0.99971154 -0.01793647 -0.01597217
vn 0.99971154 -0.01793647 -0.01597217
vn 0.83296183 0.55330453 -0.00535609
vn 0.83296183 0.55330453 -0.00535609
vn 0.83296183 0.55330453 -0.00535609
vn 0.37436834 0.92726364 -0.00552269
vn 0.37436834 0.92726364 -0.00552269
vn 0.37436834 0.92726364 -0.00552269
vn -0.58525813 0.76745213 -0.26170623
vn -0.58525813 0.76745213 -0.26170623
vn -0.58525813 0.76745213 -0.26170623
vn -0.58649034 0.76962106 -0.25241336
vn -0.58649034 0.76962106 -0.25241336
vn -0.58649034 0.76962106 -0.25241336
vn 0.49417547 0.79939255 -0.34170479
vn 0.49417547 0.79939255 -0.34170479
vn 0.49417547 0.79939255 -0.34170479
vn -0.04585723 0.93871395 -0.34163318
vn -0.04585723 0.93871395 -0.34163318
vn -0.04585723 0.93871395 -0.34163318
vn -0.51657388 0.81414649 -0.26517336
vn -0.51657388 0.81414649 -0.26517336
vn -0.51657388 0.81414649 -0.26517336
vn -0.51854722 0.81841391 -0.24760342
vn -0.51854722 0.81841391 -0.24760342
vn -0.51854722 0.81841391 -0.24760342
vn 0.55668863 0.75067410 -0.35578950
vn 0.55668863 0.75067410 -0.35578950
vn 0.55668863 0.75067410 -0.35578950
vn 0.57997921 0.77602018 -0.24782413
vn 0.57997921 0.77602018 -0.24782413
vn 0.57997921 0.77602018 -0.24782413
vn 0.02981894 0.93433844 -0.35513732
vn 0.02981894 0.93433844 -0.35513732
vn 0.02981894 0.93433844 -0.35513732
vn 0.04027175 0.99906084 -0.01598827
vn 0.04027175 0.99906084 -0.01598827
vn 0.04027175 0.99906084 -0.01598827
vn -0.44923038 0.85476012 -0.25995615
vn -0.44923038 0.85476012 -0.25995615
vn -0.44923038 0.85476012 -0.25995615
vn -0.45910155 0.88836629 -0.00557595
vn -0.45910155 0.88836629 -0.00557595
vn -0.45910155 0.88836629 -0.00557595
vn 0.63847189 0.72436029 -0.26010734
vn 0.63847189 0.72436029 -0.26010734
vn 0.63847189 0.72436029 -0.26010734
vn 0.66306534 0.74412518 -0.08137606
vn 0.66306534 0.74412518 -0.08137606
vn 0.66306534 0.74412518 -0.08137606
vn 0.12420622 0.98891417 -0.08137303
vn 0.12420622 0.98891417 -0.08137303
vn 0.12420622 0.98891417 -0.08137303
vn 0.12270163 0.99233797 -0.01447950
vn 0.12270163 0.99233797 -0.01447950
vn 0.12270163 0.99233797 -0.01447950
vn -0.22020644 0.97081851 -0.09497656
vn -0.22020644 0.97081851 -0.09497656
vn -0.22020644 0.97081851 -0.09497656
vn -0.29904235 0.95004606 -0.08936526
vn -0.29904235 0.95004606 -0.08936526
vn -0.29904235 0.95004606 -0.08936526
vn -0.29431520 0.91798529 -0.26586005
vn -0.29431520 0.91798529 -0.26586005
vn -0.29431520 0.91798529 -0.26586005
vn -0.69158966 0.63384229 -0.34633466
vn -0.69158966 0.63384229 -0.34633466
vn -0.69158966 0.63384229 -0.34633466
vn -0.74389460 0.57966954 -0.33257188
vn -0.74389460 0.57966954 -0.33257188
vn -0.74389460 0.57966954 -0.33257188
vn -0.73807207 0.57413693 -0.35442403
vn -0.73807207 0.57413693 -0.35442403
vn -0.73807207 0.57413693 -0.35442403
vn -0.83168812 0.43663579 -0.34299280
vn -0.83168812 0.43663579 -0.34299280
vn -0.83168812 0.43663579 -0.34299280
vn -0.94354758 0.22215925 -0.24568931
vn -0.94354758 0.22215925 -0.24568931
vn -0.94354758 0.22215925 -0.24568931
vn -0.94050481 0.22098551 -0.25810094
vn -0.94050481 0.22098551 -0.25810094
vn -0.94050481 0.22098551 -0.25810094
vn -0.96109437 -0.02296324 -0.27526405
vn -0.96109437 -0.02296324 -0.27526405
vn -0.96109437 -0.02296324 -0.27526405
vn -0.93042442 -0.36562530 -0.02507074
vn -0.93042442 -0.36562530 -0.02507074
vn -0.93042442 -0.36562530 -0.02507074
vn -0.88021461 -0.33789986 -0.33323554
vn -0.88021461 -0.33789986 -0.33323554
vn -0.88021461 -0.33789986 -0.33323554
vn -0.80302839 -0.58857253 -0.09342266
vn -0.80302839 -0.58857253 -0.09342266
vn -0.80302839 -0.58857253 -0.09342266
vn -0.76152466 -0.55040832 -0.34224387
vn -0.76152466 -0.55040832 -0.34224387
vn -0.76152466 -0.55040832 -0.34224387
vn -0.60851646 -0.75044492 -0.25795376
vn -0.60851646 -0.75044492 -0.25795376
vn -0.60851646 -0.75044492 -0.25795376
vn -0.59395607 -0.72827912 -0.34179776
vn -0.59395607 -0.72827912 -0.34179776
vn -0.59395607 -0.72827912 -0.34179776
vn -0.48952217 -0.86738377 -0.08951784
vn -0.48952217 -0.86738377 -0.08951784
vn -0.48952217 -0.86738377 -0.08951784
vn -0.45338114 -0.81740974 -0.35536862
vn -0.45338114 -0.81740974 -0.35536862
vn -0.45338114 -0.81740974 -0.35536862
vn -0.38714378 -0.85636836 -0.34169127
vn -0.38714378 -0.85636836 -0.34169127
vn -0.38714378 -0.85636836 -0.34169127
vn -0.38639615 -0.85508372 -0.34573088
vn -0.38639615 -0.85508372 -0.34573088
vn -0.38639615 -0.85508372 -0.34573088
vn -0.22931254 -0.90963484 -0.34638160
vn -0.22931254 -0.90963484 -0.34638160
vn -0.22931254 -0.90963484 -0.34638160
vn -0.15680022 -0.92993173 -0.33262692
vn -0.15680022 -0.92993173 -0.33262692
vn -0.15680022 -0.92993173 -0.33262692
vn -0.15469427 -0.92217032 -0.35450189
vn -0.15469427 -0.92217032 -0.35450189
vn -0.15469427 -0.92217032 -0.35450189
vn 0.00862233 -0.99964763 -0.02510517
vn 0.00862233 -0.99964763 -0.02510517
vn 0.00862233 -0.99964763 -0.02510517
vn 0.00069113 -0.94283099 -0.33327054
vn 0.00069113 -0.94283099 -0.33327054
vn 0.00069113 -0.94283099 -0.33327054
vn 0.26114274 -0.96495891 -0.02566673
vn 0.26114274 -0.96495891 -0.02566673
vn 0.26114274 -0.96495891 -0.02566673
vn 0.25855942 -0.96207431 -0.08694853
vn 0.25855942 -0.96207431 -0.08694853
vn 0.25855942 -0.96207431 -0.08694853
vn 0.49901306 -0.86647988 -0.01409186
vn 0.49901306 -0.86647988 -0.01409186
vn 0.49901306 -0.86647988 -0.01409186
vn 0.49568148 -0.86452036 -0.08309282
vn 0.49568148 -0.86452036 -0.08309282
vn 0.49568148 -0.86452036 -0.08309282
vn 0.60200649 -0.71516593 -0.35514206
vn 0.60200649 -0.71516593 -0.35514206
vn 0.60200649 -0.71516593 -0.35514206
vn 0.68010705 -0.68489998 -0.26146974
vn 0.68010705 -0.68489998 -0.26146974
vn 0.68010705 -0.68489998 -0.26146974
vn 0.66034454 -0.66863941 -0.34185732
vn 0.66034454 -0.66863941 -0.34185732
vn 0.66034454 -0.66863941 -0.34185732
vn 0.81242776 -0.57528087 -0.09493713
vn 0.81242776 -0.57528087 -0.09493713
vn 0.81242776 -0.57528087 -0.09493713
vn 0.85665501 -0.50807651 -0.08944522
vn 0.85665501 -0.50807651 -0.08944522
vn 0.85665501 -0.50807651 -0.08944522
vn 0.80793342 -0.47118809 -0.35387197
vn 0.80793342 -0.47118809 -0.35387197
vn 0.80793342 -0.47118809 -0.35387197
vn 0.93588873 -0.35199786 -0.01448395
vn 0.99499827 -0.09883537 -0.01449157
vn 0.99499827 -0.09883537 -0.01449157
vn 0.99499827 -0.09883537 -0.01449157
vn 0.93841299 -0.10092704 -0.33044636
vn 0.93841299 -0.10092704 -0.33044636
vn 0.93841299 -0.10092704 -0.33044636
vn 0.98742142 0.15602341 -0.02560525
vn 0.98742142 0.15602341 -0.02560525
vn 0.98742142 0.15602341 -0.02560525
vn 0.98459030 0.15392955 -0.08299174
vn 0.98459030 0.15392955 -0.08299174
vn 0.98459030 0.15392955 -0.08299174
vn 0.94403189 0.31965370 -0.08139593
vn 0.94403189 0.31965370 -0.08139593
vn 0.94403189 0.31965370 -0.08139593
vn 0.91169253 0.31419859 -0.26475643
vn 0.91169253 0.31419859 -0.26475643
vn 0.91169253 0.31419859 -0.26475643
vn 0.88568613 0.38966802 -0.25242606
vn 0.88568613 0.38966802 -0.25242606
vn 0.88568613 0.38966802 -0.25242606
vn 0.88330963 0.38898480 -0.26163892
vn 0.88330963 0.38898480 -0.26163892
vn 0.88330963 0.38898480 -0.26163892
vn 0.82781598 0.55289664 -0.09500532
vn 0.82781598 0.55289664 -0.09500532
vn 0.82781598 0.55289664 -0.09500532
vn 0.78087822 0.61823595 -0.08951821
vn 0.78087822 0.61823595 -0.08951821
vn 0.78087822 0.61823595 -0.08951821
vn 0.72900431 0.58593219 -0.35388724
vn 0.72900431 0.58593219 -0.35388724
vn 0.72900431 0.58593219 -0.35388724
vn 0.35531931 0.89787298 -0.25994673
vn 0.35531931 0.89787298 -0.25994673
vn 0.35531931 0.89787298 -0.25994673
vn 0.28814653 0.95210141 -0.10234489
vn 0.28814653 0.95210141 -0.10234489
vn 0.28814653 0.95210141 -0.10234489
vn 0.28471515 0.92598347 -0.24797560
vn 0.28471515 0.92598347 -0.24797560
vn 0.28471515 0.92598347 -0.24797560
vn -0.38474019 0.92291881 -0.01399452
vn -0.38474019 0.92291881 -0.01399452
vn -0.38474019 0.92291881 -0.01399452
vn -0.36691186 0.89563923 -0.25140815
vn -0.36691186 0.89563923 -0.25140815
vn -0.36691186 0.89563923 -0.25140815
vn -0.64849653 0.72020511 -0.24648907
vn -0.64849653 0.72020511 -0.24648907
vn -0.64849653 0.72020511 -0.24648907
vn -0.67367388 0.73889716 -0.01394559
vn -0.67367388 0.73889716 -0.01394559
vn -0.67367388 0.73889716 -0.01394559
vn -0.78581985 0.51501612 -0.34241139
vn -0.78581985 0.51501612 -0.34241139
vn -0.78581985 0.51501612 -0.34241139
vn -0.84031207 0.54152537 -0.02501780
vn -0.84031207 0.54152537 -0.02501780
vn -0.84031207 0.54152537 -0.02501780
vn -0.88736245 0.37725258 -0.26508182
vn -0.88736245 0.37725258 -0.26508182
vn -0.88736245 0.37725258 -0.26508182
vn -0.86796925 0.37135992 -0.32972896
vn -0.86796925 0.37135992 -0.32972896
vn -0.86796925 0.37135992 -0.32972896
vn -0.91712958 0.30065745 -0.26168385
vn -0.91712958 0.30065745 -0.26168385
vn -0.91712958 0.30065745 -0.26168385
vn -0.91936348 0.30174109 -0.25243438
vn -0.91936348 0.30174109 -0.25243438
vn -0.91936348 0.30174109 -0.25243438
vn -0.95972573 0.14031059 -0.24339157
vn -0.95972573 0.14031059 -0.24339157
vn -0.95972573 0.14031059 -0.24339157
vn -0.95538409 0.13905800 -0.26058418
vn -0.95538409 0.13905800 -0.26058418
vn -0.95538409 0.13905800 -0.26058418
vn -0.96718844 0.05688093 -0.24761073
vn -0.96600219 0.05664591 -0.25225187
vn -0.96603506 0.05665238 -0.25212452
vn -0.96721209 0.05688565 -0.24751727
vn -0.93271570 -0.11168266 -0.34288251
vn -0.93271570 -0.11168266 -0.34288251
vn -0.93271570 -0.11168266 -0.34288251
vn -0.92555350 -0.18642660 -0.32953882
vn -0.92555350 -0.18642660 -0.32953882
vn -0.92555350 -0.18642660 -0.32953882
vn -0.91591131 -0.18544508 -0.35597274
vn -0.91591131 -0.18544508 -0.35597274
vn -0.91591131 -0.18544508 -0.35597274
vn -0.90032737 -0.26442679 -0.34567196
vn -0.90032737 -0.26442679 -0.34567196
vn -0.90032737 -0.26442679 -0.34567196
vn -0.90176414 -0.26469271 -0.34170046
vn -0.90176414 -0.26469271 -0.34170046
vn -0.90176414 -0.26469271 -0.34170046
vn -0.89222324 -0.44180084 -0.09353993
vn -0.89222324 -0.44180084 -0.09353993
vn -0.89222324 -0.44180084 -0.09353993
vn -0.79834698 -0.48727470 -0.35384384
vn -0.79834698 -0.48727470 -0.35384384
vn -0.79834698 -0.48727470 -0.35384384
vn -0.85453840 -0.51294514 -0.08155619
vn -0.85453840 -0.51294514 -0.08155619
vn -0.85453840 -0.51294514 -0.08155619
vn -0.75335416 -0.65256440 -0.08134622
vn -0.75335416 -0.65256440 -0.08134622
vn -0.75335416 -0.65256440 -0.08134622
vn -0.72642019 -0.63613111 -0.26009792
vn -0.72642019 -0.63613111 -0.26009792
vn -0.72642019 -0.63613111 -0.26009792
vn -0.64916566 -0.67315561 -0.35418280
vn -0.64916566 -0.67315561 -0.35418280
vn -0.64916566 -0.67315561 -0.35418280
vn -0.67506547 -0.69489404 -0.24780814
vn -0.67506547 -0.69489404 -0.24780814
vn -0.67506547 -0.69489404 -0.24780814
vn -0.54731907 -0.80058974 -0.24392191
vn -0.54731907 -0.80058974 -0.24392191
vn -0.54731907 -0.80058974 -0.24392191
vn -0.55808011 -0.82432675 -0.09503681
vn -0.55808011 -0.82432675 -0.09503681
vn -0.55808011 -0.82432675 -0.09503681
vn -0.31765363 -0.88769269 -0.33331345
vn -0.31765363 -0.88769269 -0.33331345
vn -0.31765363 -0.88769269 -0.33331345
vn -0.32940513 -0.94408684 -0.01386716
vn -0.32940513 -0.94408684 -0.01386716
vn -0.32940513 -0.94408684 -0.01386716
vn -0.07511136 -0.93533113 -0.34570792
vn -0.07511136 -0.93533113 -0.34570792
vn -0.07511136 -0.93533113 -0.34570792
vn -0.07538021 -0.93678843 -0.34168006
vn -0.07538021 -0.93678843 -0.34168006
vn -0.07538021 -0.93678843 -0.34168006
vn 0.09316718 -0.95529764 -0.28058208
vn 0.09316718 -0.95529764 -0.28058208
vn 0.09316718 -0.95529764 -0.28058208
vn 0.16685367 -0.94422695 -0.28389314
vn 0.16685367 -0.94422695 -0.28389314
vn 0.16685367 -0.94422695 -0.28389314
vn 0.17724966 -0.97600875 -0.12644951
vn 0.17724966 -0.97600875 -0.12644951
vn 0.17724966 -0.97600875 -0.12644951
vn 0.32716883 -0.88054698 -0.34292501
vn 0.32716883 -0.88054698 -0.34292501
vn 0.32716883 -0.88054698 -0.34292501
vn 0.39549880 -0.85708835 -0.33012159
vn 0.39549880 -0.85708835 -0.33012159
vn 0.39549880 -0.85708835 -0.33012159
vn 0.42269112 -0.90050700 -0.10207525
vn 0.42269112 -0.90050700 -0.10207525
vn 0.42269112 -0.90050700 -0.10207525
vn 0.57146431 -0.82060888 -0.00544135
vn 0.57162047 -0.82039063 -0.01446538
vn 0.57161802 -0.82039524 -0.01429965
vn 0.57146116 -0.82061211 -0.00528338
vn 0.73582097 -0.63071495 -0.24650792
vn 0.73582097 -0.63071495 -0.24650792
vn 0.73582097 -0.63071495 -0.24650792
vn 0.76319856 -0.64601285 -0.01397683
vn 0.76319856 -0.64601285 -0.01397683
vn 0.76319856 -0.64601285 -0.01397683
vn 0.84554542 -0.40962452 -0.34243348
vn 0.84554542 -0.40962452 -0.34243348
vn 0.84554542 -0.40962452 -0.34243348
vn 0.90320874 -0.42898081 -0.01376353
vn 0.90320874 -0.42898081 -0.01376353
vn 0.90320874 -0.42898081 -0.01376353
vn 0.92959518 -0.25666079 -0.26453364
vn 0.92959518 -0.25666079 -0.26453364
vn 0.92959518 -0.25666079 -0.26453364
vn 0.92285599 -0.17397238 -0.34361379
vn 0.92285599 -0.17397238 -0.34361379
vn 0.92285599 -0.17397238 -0.34361379
vn 0.95022340 -0.18235270 -0.25263210
vn 0.95022340 -0.18235270 -0.25263210
vn 0.95022340 -0.18235270 -0.25263210
vn 0.96557117 -0.01075598 -0.25991656
vn 0.96557117 -0.01075598 -0.25991656
vn 0.96557117 -0.01075598 -0.25991656
vn 0.96657287 0.06534635 -0.24792486
vn 0.96657287 0.06534635 -0.24792486
vn 0.96657287 0.06534635 -0.24792486
vn 0.99218148 0.07148335 -0.10230363
vn 0.99218148 0.07148335 -0.10230363
vn 0.99218148 0.07148335 -0.10230363
vn 0.96598006 0.24110574 -0.09354432
vn 0.96598006 0.24110574 -0.09354432
vn 0.96598006 0.24110574 -0.09354432
vn 0.97083344 0.23968997 -0.00558060
vn 0.97083344 0.23968997 -0.00558060
vn 0.97083344 0.23968997 -0.00558060
vn 0.85220252 0.46154005 -0.24643791
vn 0.85220252 0.46154005 -0.24643791
vn 0.85220252 0.46154005 -0.24643791
vn 0.87626650 0.48162442 -0.01396235
vn 0.87626650 0.48162442 -0.01396235
vn 0.87626650 0.48162442 -0.01396235
vn 0.72056754 0.68706213 -0.09342405
vn 0.72056754 0.68706213 -0.09342405
vn 0.72056754 0.68706213 -0.09342405
vn 0.68431871 0.64386820 -0.34225962
vn 0.68431871 0.64386820 -0.34225962
vn 0.68431871 0.64386820 -0.34225962
vn 0.49328357 0.79823424 -0.34567819
vn 0.49328357 0.79823424 -0.34567819
vn 0.49328357 0.79823424 -0.34567819
vn 0.42930570 0.83942580 -0.33325808
vn 0.42930570 0.83942580 -0.33325808
vn 0.42930570 0.83942580 -0.33325808
vn 0.44821219 0.89381987 -0.01385201
vn 0.44821219 0.89381987 -0.01385201
vn 0.44821219 0.89381987 -0.01385201
vn 0.20728296 0.97477488 -0.08275087
vn 0.20728296 0.97477488 -0.08275087
vn 0.20728296 0.97477488 -0.08275087
vn 0.20673650 0.97388438 -0.09385752
vn 0.20673650 0.97388438 -0.09385752
vn 0.20673650 0.97388438 -0.09385752
vn -0.04593706 0.93722839 -0.34567721
vn -0.04593706 0.93722839 -0.34567721
vn -0.04593706 0.93722839 -0.34567721
vn -0.13723547 0.99044198 -0.01382463
vn -0.13723547 0.99044198 -0.01382463
vn -0.13723547 0.99044198 -0.01382463
vn -0.12198703 0.93491245 -0.33325348
vn -0.12198703 0.93491245 -0.33325348
vn -0.12198703 0.93491245 -0.33325348
vn -0.05547506 -0.00340194 -0.99845428
vn -0.05547506 -0.00340194 -0.99845428
vn -0.05547506 -0.00340194 -0.99845428
vn 0.00262811 0.00425993 -0.99998747
vn -0.00000000 -0.00000004 -1.00000000
vn 0.00000000 -0.00000004 -1.00000000
vn -0.00000000 -0.00000004 -1.00000000
vn -0.00000000 -0.00000004 -1.00000000
vn 0.12408458 -0.15881194 -0.97948037
vn 0.12408458 -0.15881194 -0.97948037
vn 0.12408458 -0.15881194 -0.97948037
vn 0.33956756 -0.33791498 -0.87778548
vn 0.33956756 -0.33791498 -0.87778548
vn 0.33956756 -0.33791498 -0.87778548
vn 0.20767355 -0.20767346 -0.95589928
vn 0.20767355 -0.20767346 -0.95589928
vn 0.20767355 -0.20767346 -0.95589928
vn 0.04021808 -0.03149391 -0.99869447
vn 0.04021808 -0.03149391 -0.99869447
vn 0.04021808 -0.03149391 -0.99869447
vn 0.00000000 -0.00000004 -1.00000000
vn 0.00000000 -0.00000004 -1.00000000
vn 0.00000000 -0.00000004 -1.00000000
vn 0.00185768 -0.00145622 -0.99999721
vn 0.00185768 -0.00145622 -0.99999721
vn 0.00185768 -0.00145622 -0.99999721
vn 0.01676425 -0.01013434 -0.99980811
vn 0.01676425 -0.01013434 -0.99980811
vn 0.01676425 -0.01013434 -0.99980811
vn 0.32325836 -0.19760160 -0.92544997
vn 0.32325836 -0.19760160 -0.92544997
vn 0.32325836 -0.19760160 -0.92544997
vn 0.21990111 -0.09829034 -0.97055784
vn 0.21990111 -0.09829034 -0.97055784
vn 0.21990111 -0.09829034 -0.97055784
vn 0.00000000 -0.00000004 -1.00000000
vn 0.00000000 -0.00000004 -1.00000000
vn 0.00000000 -0.00000004 -1.00000000
vn -0.00000000 -0.00000004 -1.00000000
vn -0.00000000 -0.00000004 -1.00000000
vn 0.00000000 -0.00000004 -1.00000000
vn 0.00000000 -0.00000004 -1.00000000
vn 0.00000000 -0.00000004 -1.00000000
vn -0.08618725 -0.00511348 -0.99626583
vn -0.08618725 -0.00511348 -0.99626583
vn -0.08618725 -0.00511348 -0.99626583
vn -0.96476268 -0.17679961 -0.19487144
vn -0.96476268 -0.17679961 -0.19487144
vn -0.96476268 -0.17679961 -0.19487144
vn -0.21957832 -0.48788342 -0.84484030
vn -0.21957832 -0.48788342 -0.84484030
vn -0.21957832 -0.48788342 -0.84484030
vn -0.03779345 -0.12148168 -0.99187391
vn -0.03779345 -0.12148168 -0.99187391
vn -0.03779345 -0.12148168 -0.99187391
vn 0.00000000 -0.00000004 -1.00000000
vn 0.00000000 -0.00000004 -1.00000000
vn 0.00000000 -0.00000004 -1.00000000
vn -0.02783948 -0.08915926 -0.99562824
vn -0.02783948 -0.08915926 -0.99562824
vn -0.02783948 -0.08915926 -0.99562824
vn -0.16539334 -0.90252416 -0.39761185
vn -0.16539334 -0.90252416 -0.39761185
vn -0.16539334 -0.90252416 -0.39761185
vn -0.05466977 -0.31736463 -0.94672642
vn -0.05466977 -0.31736463 -0.94672642
vn -0.05466977 -0.31736463 -0.94672642
vn -0.02098069 -0.27543254 -0.96109142
vn -0.02098069 -0.27543254 -0.96109142
vn -0.02098069 -0.27543254 -0.96109142
vn -0.06031679 -0.99715042 -0.04530918
vn -0.06031679 -0.99715042 -0.04530918
vn -0.06031679 -0.99715042 -0.04530918
vn 0.00505996 -0.08154085 -0.99665716
vn 0.00505996 -0.08154085 -0.99665716
vn 0.00505996 -0.08154085 -0.99665716
vn 0.00000000 -0.00000004 -1.00000000
vn 0.00000000 -0.00000004 -1.00000000
vn 0.00000000 -0.00000004 -1.00000000
vn 0.00531083 -0.08936538 -0.99598475
vn 0.00531083 -0.08936538 -0.99598475
vn 0.00531083 -0.08936538 -0.99598475
vn 0.05102902 -0.26746713 -0.96221483
vn 0.05102902 -0.26746713 -0.96221483
vn 0.05102902 -0.26746713 -0.96221483
vn 0.00221633 -0.01209413 -0.99992441
vn 0.00221633 -0.01209413 -0.99992441
vn 0.00221633 -0.01209413 -0.99992441
vn 0.00084828 -0.00271914 -0.99999594
vn 0.00084838 -0.00271944 -0.99999594
vn 0.00001017 -0.00003265 -1.00000000
vn -0.00000000 -0.00000004 -1.00000000
vn 0.02887274 -0.09278227 -0.99526771
vn 0.02887274 -0.09278227 -0.99526771
vn 0.02887274 -0.09278227 -0.99526771
vn 0.35777193 -0.79493586 -0.48997574
vn 0.35777193 -0.79493586 -0.48997574
vn 0.35777193 -0.79493586 -0.48997574
vn 0.00265099 0.00429702 -0.99998725
vn 0.00265099 0.00429702 -0.99998725
vn 0.00348724 -0.00573057 -0.99997750
vn 0.00348724 -0.00573057 -0.99997750
vn 0.00348724 -0.00573057 -0.99997750
vn 0.09393671 -0.02943627 -0.99514290
vn 0.09393671 -0.02943627 -0.99514290
vn 0.09393671 -0.02943627 -0.99514290
vn 0.17809059 -0.03577999 -0.98336338
vn 0.17809059 -0.03577999 -0.98336338
vn 0.17809059 -0.03577999 -0.98336338
vn 0.67035761 -0.12284737 -0.73179860
vn 0.67035761 -0.12284737 -0.73179860
vn 0.67035761 -0.12284737 -0.73179860
vn 0.11192633 -0.00675117 -0.99369357
vn 0.11192633 -0.00675117 -0.99369357
vn 0.11192633 -0.00675117 -0.99369357
vn 0.00000000 -0.00000004 -1.00000000
vn 0.00000000 -0.00000004 -1.00000000
vn 0.00000000 -0.00000004 -1.00000000
vn 0.04591209 -0.00278555 -0.99894160
vn 0.04591209 -0.00278555 -0.99894160
vn 0.04591209 -0.00278555 -0.99894160
vn 0.39106486 0.02365540 -0.92005907
vn 0.39106486 0.02365540 -0.92005907
vn 0.39106486 0.02365540 -0.92005907
vn 0.00001646 0.00179669 -0.99999839
vn 0.00001646 0.00179669 -0.99999839
vn 0.00001625 0.00177378 -0.99999843
vn 0.00595499 0.00110494 -0.99998166
vn 0.00595499 0.00110494 -0.99998166
vn 0.00595499 0.00110494 -0.99998166
vn 0.00003353 0.00000596 -1.00000000
vn 0.00165007 0.00029529 -0.99999860
vn 0.00165233 0.00029569 -0.99999859
vn 0.07575687 0.02360675 -0.99684684
vn 0.07575687 0.02360675 -0.99684684
vn 0.07575687 0.02360675 -0.99684684
vn 0.01936777 0.10568670 -0.99421085
vn 0.01936777 0.10568670 -0.99421085
vn 0.01936777 0.10568670 -0.99421085
vn 0.00008861 0.00159958 -0.99999872
vn 0.00008876 0.00160227 -0.99999871
vn 0.00000188 0.00003383 -1.00000000
vn 0.00000000 -0.00000004 -1.00000000
vn -0.28759768 -0.05673545 -0.95606938
vn -0.28759768 -0.05673545 -0.95606938
vn -0.28759768 -0.05673545 -0.95606938
vn -0.28837668 -0.08585286 -0.95366041
vn -0.28837668 -0.08585286 -0.95366041
vn -0.28837668 -0.08585286 -0.95366041
vn -0.92421350 -0.28799658 -0.25077356
vn -0.92421350 -0.28799658 -0.25077356
vn -0.92421350 -0.28799658 -0.25077356
vn -0.08048152 -0.03630231 -0.99609481
vn -0.08048152 -0.03630231 -0.99609481
vn -0.08048152 -0.03630231 -0.99609481
vn -0.00000000 -0.00000004 -1.00000000
vn -0.00003130 -0.00001411 -1.00000000
vn -0.00284297 -0.00127740 -0.99999514
vn -0.00284357 -0.00127768 -0.99999514
vn -0.00879405 -0.00531622 -0.99994720
vn -0.00879405 -0.00531622 -0.99994720
vn -0.00879405 -0.00531622 -0.99994720
vn 0.09936936 0.03092498 -0.99456995
vn 0.09936936 0.03092498 -0.99456995
vn 0.09936936 0.03092498 -0.99456995
vn 0.17305829 0.07691450 -0.98190376
vn 0.17305829 0.07691450 -0.98190376
vn 0.17305829 0.07691450 -0.98190376
vn 0.33345929 0.15007795 -0.93074245
vn 0.33345929 0.15007795 -0.93074245
vn 0.33345929 0.15007795 -0.93074245
vn 0.04030522 0.02437357 -0.99889009
vn 0.04030522 0.02437357 -0.99889009
vn 0.04030522 0.02437357 -0.99889009
vn 0.00000000 -0.00000004 -1.00000000
vn 0.00000000 -0.00000004 -1.00000000
vn 0.00000000 -0.00000004 -1.00000000
vn 0.00218151 0.00131827 -0.99999675
vn 0.00218151 0.00131827 -0.99999675
vn 0.00218151 0.00131827 -0.99999675
vn 0.01253497 0.00982051 -0.99987321
vn 0.01253497 0.00982051 -0.99987321
vn 0.01253497 0.00982051 -0.99987321
vn 0.34814568 0.26942327 -0.89788957
vn 0.34814568 0.26942327 -0.89788957
vn 0.34814568 0.26942327 -0.89788957
vn 0.15421285 0.15449711 -0.97588372
vn 0.15421285 0.15449711 -0.97588372
vn 0.15421285 0.15449711 -0.97588372
vn 0.05854876 0.05854875 -0.99656615
vn 0.05854876 0.05854875 -0.99656615
vn 0.05854876 0.05854875 -0.99656615
vn 0.02414051 0.02431666 -0.99941280
vn 0.02414051 0.02431666 -0.99941280
vn 0.02414051 0.02431666 -0.99941280
vn 0.61597514 0.78623299 -0.04911538
vn 0.61597514 0.78623299 -0.04911538
vn 0.61597514 0.78623299 -0.04911538
vn 0.14762377 0.19173889 -0.97028007
vn 0.14762377 0.19173889 -0.97028007
vn 0.14762377 0.19173889 -0.97028007
vn 0.19421415 0.31623335 -0.92858889
vn 0.19421415 0.31623335 -0.92858889
vn 0.19421415 0.31623335 -0.92858889
vn 0.40924793 0.67698167 -0.61172866
vn 0.40924793 0.67698167 -0.61172866
vn 0.40924793 0.67698167 -0.61172866
vn 0.04241937 0.09429728 -0.99463994
vn 0.04241937 0.09429728 -0.99463994
vn 0.04241937 0.09429728 -0.99463994
vn 0.00000000 -0.00000004 -1.00000000
vn 0.00000000 -0.00000004 -1.00000000
vn 0.00000000 -0.00000004 -1.00000000
vn 0.02047346 0.04546948 -0.99875591
vn 0.02047346 0.04546948 -0.99875591
vn 0.02047346 0.04546948 -0.99875591
vn 0.09303478 0.29855975 -0.94984557
vn 0.09303478 0.29855975 -0.94984557
vn 0.09303478 0.29855975 -0.94984557
vn -0.00299877 -0.00372313 -0.99998857
vn -0.00299877 -0.00372313 -0.99998857
vn -0.00299877 -0.00372313 -0.99998857
vn 0.00120516 0.00592494 -0.99998172
vn 0.00120516 0.00592494 -0.99998172
vn 0.00120516 0.00592494 -0.99998172
vn 0.01550642 0.24587282 -0.96917806
vn 0.01550642 0.24587282 -0.96917806
vn 0.01550642 0.24587282 -0.96917806
vn -0.01819465 0.34970907 -0.93668166
vn -0.01819465 0.34970907 -0.93668166
vn -0.01819465 0.34970907 -0.93668166
vn -0.05098767 0.84291318 -0.53562825
vn -0.05098767 0.84291318 -0.53562825
vn -0.05098767 0.84291318 -0.53562825
vn -0.01792888 0.09769339 -0.99505505
vn -0.01792888 0.09769339 -0.99505505
vn -0.01792888 0.09769339 -0.99505505
vn -0.00000000 -0.00000004 -1.00000000
vn -0.00000000 -0.00000004 -1.00000000
vn -0.00390054 0.01251723 -0.99991405
vn -0.00049644 0.00271244 -0.99999620
vn -0.00049644 0.00271244 -0.99999620
vn -0.00049644 0.00271244 -0.99999620
vn -0.00392870 0.01260759 -0.99991280
vn -0.00392870 0.01260759 -0.99991280
vn -0.58966336 -0.34950522 -0.72810935
vn -0.58966336 -0.34950522 -0.72810935
vn -0.58966336 -0.34950522 -0.72810935
vn -0.13691101 -0.10712880 -0.98477347
vn -0.13691101 -0.10712880 -0.98477347
vn -0.13691101 -0.10712880 -0.98477347
vn -0.50406336 -0.39490958 -0.76809280
vn -0.50406336 -0.39490958 -0.76809280
vn -0.50406336 -0.39490958 -0.76809280
vn -0.03209423 -0.02535999 -0.99916307
vn -0.03209423 -0.02535999 -0.99916307
vn -0.03209423 -0.02535999 -0.99916307
vn -0.46082008 -0.46082041 -0.75847835
vn -0.46082008 -0.46082041 -0.75847835
vn -0.46082008 -0.46082041 -0.75847835
vn -0.21742399 -0.21903906 -0.95118279
vn -0.21742399 -0.21903906 -0.95118279
vn -0.21742399 -0.21903906 -0.95118279
vn -0.17768095 -0.22445786 -0.95814829
vn -0.17768095 -0.22445786 -0.95814829
vn -0.17768095 -0.22445786 -0.95814829
vn -0.47946713 -0.61199369 -0.62894753
vn -0.47946713 -0.61199369 -0.62894753
vn -0.47946713 -0.61199369 -0.62894753
vn -0.02027160 -0.03321803 -0.99924253
vn -0.02027160 -0.03321803 -0.99924253
vn -0.02027160 -0.03321803 -0.99924253
vn -0.15959413 -0.26400212 -0.95122689
vn -0.15959413 -0.26400212 -0.95122689
vn -0.15959413 -0.26400212 -0.95122689
vn -0.09564380 -0.15832059 -0.98274455
vn -0.09564380 -0.15832059 -0.98274455
vn -0.09564380 -0.15832059 -0.98274455
vn -0.21942175 -0.48752773 -0.84508627
vn -0.21942175 -0.48752773 -0.84508627
vn -0.21942175 -0.48752773 -0.84508627
vn -0.07417015 0.24386168 -0.96696963
vn -0.07417015 0.24386168 -0.96696963
vn -0.07417015 0.24386168 -0.96696963
vn -0.03792143 0.08396306 -0.99574704
vn -0.03792143 0.08396306 -0.99574704
vn -0.03792143 0.08396306 -0.99574704
vn -0.00000000 -0.00000004 -1.00000000
vn -0.00000000 -0.00000004 -1.00000000
vn -0.00000000 -0.00000004 -1.00000000
vn -0.01429695 0.03194120 -0.99938749
vn -0.01429695 0.03194120 -0.99938749
vn -0.01429695 0.03194120 -0.99938749
vn -0.47239514 0.78143922 -0.40767093
vn -0.47239514 0.78143922 -0.40767093
vn -0.47239514 0.78143922 -0.40767093
vn -0.06670636 0.10664609 -0.99205689
vn -0.06670636 0.10664609 -0.99205689
vn -0.06670636 0.10664609 -0.99205689
vn -0.09553672 0.12417879 -0.98764992
vn -0.09553672 0.12417879 -0.98764992
vn -0.09553672 0.12417879 -0.98764992
vn -0.32624262 0.41641671 -0.84862411
vn -0.32624262 0.41641671 -0.84862411
vn -0.32624262 0.41641671 -0.84862411
vn -0.02960383 0.02958072 -0.99912391
vn -0.02960383 0.02958072 -0.99912391
vn -0.02960383 0.02958072 -0.99912391
vn -0.00000000 -0.00000004 -1.00000000
vn -0.00000000 -0.00000004 -1.00000000
vn -0.00000000 -0.00000004 -1.00000000
vn -0.08788930 0.08794727 -0.99224027
vn -0.08788930 0.08794727 -0.99224027
vn -0.08788930 0.08794727 -0.99224027
vn -0.43993990 0.34467138 -0.82924937
vn -0.43993990 0.34467138 -0.82924937
vn -0.43993990 0.34467138 -0.82924937
vn -0.40073584 0.31345001 -0.86090643
vn -0.40073584 0.31345001 -0.86090643
vn -0.40073584 0.31345001 -0.86090643
vn -0.16150372 0.09739821 -0.98205404
vn -0.16150372 0.09739821 -0.98205404
vn -0.16150372 0.09739821 -0.98205404
vn 0.00000000 -0.00000004 -1.00000000
vn 0.00000000 -0.00000004 -1.00000000
vn 0.00000000 -0.00000004 -1.00000000
vn -0.07100092 0.04307302 -0.99654583
vn -0.07100092 0.04307302 -0.99654583
vn -0.07100092 0.04307302 -0.99654583
vn -0.90809300 0.40869917 -0.09128029
vn -0.90809300 0.40869917 -0.09128029
vn -0.90809300 0.40869917 -0.09128029
vn -0.12409111 0.05101417 -0.99095860
vn -0.12409111 0.05101417 -0.99095860
vn -0.12409111 0.05101417 -0.99095860
vn -0.14130314 0.04561530 -0.98891489
vn -0.14130314 0.04561530 -0.98891489
vn -0.14130314 0.04561530 -0.98891489
vn -0.57588935 0.17945393 -0.79758871
vn -0.57588935 0.17945393 -0.79758871
vn -0.57588935 0.17945393 -0.79758871
vn -0.06450931 0.01518874 -0.99780151
vn -0.06450931 0.01518874 -0.99780151
vn -0.06450931 0.01518874 -0.99780151
vn -0.75745316 0.13880818 0.63796316
vn -0.75745316 0.13880818 0.63796316
vn -0.75745316 0.13880818 0.63796316
vn -0.07247225 0.01059530 -0.99731415
vn -0.07247225 0.01059530 -0.99731415
vn -0.07247225 0.01059530 -0.99731415
vn -0.23149670 0.01400300 -0.97273490
vn -0.23149670 0.01400300 -0.97273490
vn -0.23149670 0.01400300 -0.97273490
vn -0.16073787 0.00920832 -0.98695418
vn -0.16073787 0.00920832 -0.98695418
vn -0.16073787 0.00920832 -0.98695418
vn -0.99813775 0.06037416 0.00871791
vn -0.99813778 0.06037634 0.00869894
vn -0.99813778 0.06037652 0.00869733
vn -0.98358269 0.18024825 0.00869774
vn -0.98358269 0.18024828 0.00869746
vn -0.98358273 0.18024788 0.00870100
vn -0.98358274 0.18024785 0.00870127
vn -0.95468457 0.29749225 0.00870219
vn -0.95468455 0.29749233 0.00870141
vn -0.95468481 0.29749122 0.00871138
vn -0.95468483 0.29749113 0.00871215
vn -0.91186561 0.41039643 0.00871078
vn -0.91186563 0.41039638 0.00871119
vn -0.91186542 0.41039695 0.00870590
vn -0.91186541 0.41039700 0.00870549
vn -0.85574915 0.51731770 0.00870576
vn -0.85574910 0.51731780 0.00870485
vn -0.85574970 0.51731661 0.00871646
vn -0.85574975 0.51731652 0.00871737
vn -0.78715339 0.61669567 0.00871744
vn -0.78715341 0.61669564 0.00871774
vn -0.78715317 0.61669601 0.00871387
vn -0.78715315 0.61669603 0.00871356
vn -0.70708015 0.70707969 0.00871574
vn -0.70708015 0.70707969 0.00871574
vn -0.70708015 0.70707969 0.00871574
vn -0.70708015 0.70707969 0.00871574
vn -0.61669620 0.78715302 0.00871386
vn -0.61669617 0.78715304 0.00871356
vn -0.61669650 0.78715274 0.00871743
vn -0.61669652 0.78715272 0.00871773
vn -0.51731821 0.85574873 0.00871645
vn -0.51731830 0.85574867 0.00871735
vn -0.51731722 0.85574944 0.00870574
vn -0.51731713 0.85574950 0.00870484
vn -0.41039704 0.91186538 0.00870588
vn -0.41039700 0.91186541 0.00870547
vn -0.41039753 0.91186512 0.00871076
vn -0.41039757 0.91186509 0.00871117
vn -0.29749285 0.95468430 0.00871135
vn -0.29749293 0.95468427 0.00871213
vn -0.29749187 0.95468469 0.00870216
vn -0.29749178 0.95468473 0.00870138
vn -0.18024889 0.98358255 0.00870096
vn -0.18024892 0.98358254 0.00870124
vn -0.18024853 0.98358264 0.00869770
vn -0.18024849 0.98358265 0.00869743
vn -0.06037482 0.99813787 0.00869889
vn -0.06037464 0.99813790 0.00869729
vn -0.06037698 0.99813758 0.00871787
vn -0.06037716 0.99813755 0.00871948
vn 0.06037416 0.99813775 0.00871787
vn 0.06037398 0.99813774 0.00871948
vn 0.06037634 0.99813778 0.00869890
vn 0.06037652 0.99813778 0.00869729
vn 0.18024825 0.98358270 0.00869770
vn 0.18024828 0.98358269 0.00869743
vn 0.18024788 0.98358273 0.00870096
vn 0.18024785 0.98358274 0.00870124
vn 0.29749225 0.95468457 0.00870216
vn 0.29749233 0.95468455 0.00870138
vn 0.29749122 0.95468481 0.00871135
vn 0.29749113 0.95468483 0.00871213
vn 0.41039643 0.91186561 0.00871076
vn 0.41039638 0.91186563 0.00871117
vn 0.41039695 0.91186542 0.00870588
vn 0.41039700 0.91186541 0.00870547
vn 0.51731770 0.85574915 0.00870574
vn 0.51731780 0.85574910 0.00870484
vn 0.51731661 0.85574970 0.00871645
vn 0.51731652 0.85574975 0.00871735
vn 0.61669566 0.78715339 0.00871743
vn 0.61669564 0.78715341 0.00871773
vn 0.61669601 0.78715317 0.00871386
vn 0.61669603 0.78715315 0.00871356
vn 0.70707969 0.70708015 0.00871574
vn 0.70707969 0.70708015 0.00871574
vn 0.70707969 0.70708015 0.00871574
vn 0.70707969 0.70708015 0.00871574
vn 0.78715301 0.61669620 0.00871387
vn 0.78715304 0.61669617 0.00871356
vn 0.78715274 0.61669650 0.00871744
vn 0.78715272 0.61669652 0.00871774
vn 0.85574873 0.51731821 0.00871646
vn 0.85574867 0.51731830 0.00871737
vn 0.85574944 0.51731722 0.00870576
vn 0.85574950 0.51731713 0.00870485
vn 0.91186538 0.41039704 0.00870590
vn 0.91186541 0.41039700 0.00870549
vn 0.91186512 0.41039753 0.00871078
vn 0.91186509 0.41039757 0.00871119
vn 0.95468430 0.29749285 0.00871138
vn 0.95468427 0.29749293 0.00871215
vn 0.95468469 0.29749187 0.00870219
vn 0.95468472 0.29749178 0.00870141
vn 0.98358255 0.18024889 0.00870100
vn 0.98358254 0.18024892 0.00870127
vn 0.98358264 0.18024853 0.00869774
vn 0.98358265 0.18024850 0.00869746
vn 0.99813787 0.06037482 0.00869894
vn 0.99813790 0.06037464 0.00869733
vn 0.99813758 0.06037698 0.00871791
vn 0.99813755 0.06037716 0.00871952
vn 0.99813775 -0.06037416 0.00871792
vn 0.99813774 -0.06037398 0.00871952
vn 0.99813778 -0.06037633 0.00869894
vn 0.99813778 -0.06037652 0.00869734
vn 0.98358269 -0.18024825 0.00869775
vn 0.98358269 -0.18024828 0.00869748
vn 0.98358273 -0.18024788 0.00870101
vn 0.98358274 -0.18024785 0.00870129
vn 0.95468457 -0.29749225 0.00870221
vn 0.95468455 -0.29749233 0.00870143
vn 0.95468481 -0.29749122 0.00871140
vn 0.95468483 -0.29749113 0.00871218
vn 0.91186561 -0.41039643 0.00871082
vn 0.91186563 -0.41039638 0.00871123
vn 0.91186542 -0.41039695 0.00870594
vn 0.91186541 -0.41039700 0.00870552
vn 0.85574915 -0.51731770 0.00870580
vn 0.85574910 -0.51731780 0.00870490
vn 0.85574970 -0.51731661 0.00871651
vn 0.85574975 -0.51731652 0.00871741
vn 0.78715339 -0.61669566 0.00871749
vn 0.78715341 -0.61669564 0.00871779
vn 0.78715317 -0.61669600 0.00871392
vn 0.78715315 -0.61669603 0.00871362
vn 0.70708066 -0.70707919 0.00871531
vn 0.70708070 -0.70707915 0.00871580
vn 0.70708023 -0.70707969 0.00870955
vn 0.70708020 -0.70707973 0.00870906
vn 0.61669561 -0.78715355 0.00870696
vn 0.61669554 -0.78715362 0.00870612
vn 0.61669645 -0.78715278 0.00871696
vn 0.61669652 -0.78715271 0.00871780
vn 0.51731821 -0.85574873 0.00871652
vn 0.51731830 -0.85574867 0.00871743
vn 0.51731722 -0.85574944 0.00870582
vn 0.51731713 -0.85574950 0.00870491
vn 0.41039704 -0.91186538 0.00870596
vn 0.41039700 -0.91186541 0.00870555
vn 0.41039753 -0.91186512 0.00871084
vn 0.41039757 -0.91186509 0.00871125
vn 0.29749285 -0.95468430 0.00871143
vn 0.29749293 -0.95468427 0.00871221
vn 0.29749187 -0.95468469 0.00870224
vn 0.29749178 -0.95468472 0.00870146
vn 0.18024889 -0.98358255 0.00870105
vn 0.18024892 -0.98358254 0.00870132
vn 0.18024853 -0.98358264 0.00869779
vn 0.18024849 -0.98358265 0.00869751
vn 0.06037482 -0.99813787 0.00869898
vn 0.06037464 -0.99813790 0.00869737
vn 0.06037698 -0.99813757 0.00871796
vn 0.06037716 -0.99813755 0.00871956
vn -0.06037416 -0.99813774 0.00871796
vn -0.06037398 -0.99813774 0.00871957
vn -0.06037634 -0.99813778 0.00869898
vn -0.06037652 -0.99813778 0.00869738
vn -0.18024825 -0.98358269 0.00869779
vn -0.18024828 -0.98358269 0.00869751
vn -0.18024788 -0.98358273 0.00870105
vn -0.18024785 -0.98358274 0.00870132
vn -0.29749225 -0.95468457 0.00870224
vn -0.29749233 -0.95468455 0.00870146
vn -0.29749122 -0.95468481 0.00871143
vn -0.29749113 -0.95468483 0.00871221
vn -0.41039643 -0.91186561 0.00871084
vn -0.41039638 -0.91186563 0.00871125
vn -0.41039695 -0.91186542 0.00870596
vn -0.41039700 -0.91186541 0.00870555
vn -0.51731770 -0.85574915 0.00870582
vn -0.51731780 -0.85574910 0.00870491
vn -0.51731661 -0.85574970 0.00871652
vn -0.51731652 -0.85574975 0.00871743
vn -0.61669566 -0.78715339 0.00871750
vn -0.61669564 -0.78715341 0.00871780
vn -0.61669601 -0.78715316 0.00871393
vn -0.61669603 -0.78715315 0.00871363
vn -0.70707969 -0.70708015 0.00871580
vn -0.70707969 -0.70708015 0.00871580
vn -0.70707969 -0.70708015 0.00871580
vn -0.70707969 -0.70708015 0.00871580
vn -0.78715301 -0.61669620 0.00871392
vn -0.78715304 -0.61669617 0.00871362
vn -0.78715274 -0.61669650 0.00871749
vn -0.78715272 -0.61669652 0.00871779
vn -0.85574873 -0.51731821 0.00871651
vn -0.85574867 -0.51731830 0.00871741
vn -0.85574944 -0.51731721 0.00870580
vn -0.85574950 -0.51731713 0.00870490
vn -0.91186538 -0.41039704 0.00870594
vn -0.91186541 -0.41039700 0.00870552
vn -0.91186512 -0.41039753 0.00871082
vn -0.91186509 -0.41039757 0.00871123
vn -0.95468430 -0.29749285 0.00871140
vn -0.95468427 -0.29749293 0.00871218
vn -0.95468469 -0.29749187 0.00870221
vn -0.95468472 -0.29749178 0.00870143
vn -0.98358255 -0.18024889 0.00870101
vn -0.98358254 -0.18024892 0.00870129
vn -0.98358264 -0.18024853 0.00869775
vn -0.98358265 -0.18024849 0.00869748
vn -0.99813787 -0.06037482 0.00869894
vn -0.99813790 -0.06037464 0.00869733
vn -0.99813758 -0.06037698 0.00871792
vn -0.99813755 -0.06037716 0.00871952
vn -0.99813774 0.06037398 0.00871952
vn -0.00000000 0.00000004 1.00000000
vn -0.00000000 0.00000004 1.00000000
vn -0.00000000 0.00000004 1.00000000
vn -0.00000000 0.00000004 1.00000000
vn -0.00000000 0.00000004 1.00000000
vn -0.00000000 0.00000004 1.00000000
vn -0.00000000 0.00000004 1.00000000
vn -0.00000000 0.00000004 1.00000000
vn -0.00000000 0.00000004 1.00000000
vn -0.00000000 0.00000004 1.00000000
vn -0.00000000 0.00000004 1.00000000
vn -0.00000000 0.00000004 1.00000000
vn -0.00000000 0.00000004 1.00000000
vn -0.00000000 0.00000004 1.00000000
vn -0.00000000 0.00000004 1.00000000
vn -0.00000000 0.00000004 1.00000000
vn -0.00000000 0.00000004 1.00000000
vn -0.00000000 0.00000004 1.00000000
vn -0.00000000 0.00000004 1.00000000
vn -0.00000000 0.00000004 1.00000000
vn -0.00000000 0.00000004 1.00000000
vn -0.00000000 0.00000004 1.00000000
vn -0.00000000 0.00000004 1.00000000
vn -0.00000000 0.00000004 1.00000000
vn -0.00000000 0.00000004 1.00000000
vn -0.00000000 0.00000004 1.00000000
vn -0.00000000 0.00000004 1.00000000
vn -0.00000000 0.00000004 1.00000000
vn -0.00000000 0.00000004 1.00000000
vn -0.00000000 0.00000004 1.00000000
vn -0.00000000 0.00000004 1.00000000
vn -0.00000000 0.00000004 1.00000000
vn -0.00000000 0.00000004 1.00000000
vn -0.00000000 0.00000004 1.00000000
vn -0.00000000 0.00000004 1.00000000
vn -0.00000000 0.00000004 1.00000000
vn -0.00000000 0.00000004 1.00000000
vn -0.00000000 0.00000004 1.00000000
vn -0.00000000 0.00000004 1.00000000
vn -0.00000000 0.00000004 1.00000000
vn -0.00000000 0.00000004 1.00000000
vn -0.00000000 0.00000004 1.00000000
vn -0.00000000 0.00000004 1.00000000
vn -0.00000000 0.00000004 1.00000000
vn -0.00000000 0.00000004 1.00000000
vn -0.00000000 0.00000004 1.00000000
vn -0.00000000 0.00000004 1.00000000
vn -0.00000000 0.00000004 1.00000000
vn -0.00000000 0.00000004 1.00000000
vn -0.00000000 0.00000004 1.00000000
vn -0.00000000 0.00000004 1.00000000
vn -0.00000000 0.00000004 1.00000000
f 1//1 2//2 3//3
f 4//4 5//5 6//6
f 7//7 8//8 9//9
f 10//10 11//11 12//12
f 13//13 14//14 15//15
f 16//16 17//17 18//18
f 19//19 20//20 21//21
f 22//22 23//23 24//24
f 25//25 26//26 27//27
f 28//28 29//29 30//30
f 31//31 32//32 33//33
f 34//34 35//35 36//36
f 37//37 38//38 39//39
f 40//40 41//41 42//42
f 43//43 44//44 45//45
f 46//46 47//47 48//48
f 49//49 50//50 51//51
f 52//52 53//53 54//54
f 55//55 56//56 57//57
f 58//58 59//59 60//60
f 61//61 62//62 63//63
f 64//64 65//65 66//66
f 67//67 68//68 69//69
f 70//70 71//71 72//72
f 73//73 74//74 75//75
f 76//76 77//77 78//78
f 79//79 80//80 81//81
f 82//82 83//83 84//84
f 85//85 86//86 87//87
f 88//88 89//89 90//90
f 91//91 92//92 93//93
f 94//94 95//95 96//96
f 97//97 98//98 99//99
f 100//100 101//101 102//102
f 103//103 104//104 105//105
f 106//106 107//107 108//108
f 109//109 110//110 111//111
f 112//112 113//113 114//114
f 115//115 116//116 117//117
f 118//118 119//119 120//120
f 121//121 122//122 123//123
f 124//124 125//125 126//126
f 127//127 128//128 129//129
f 130//130 131//131 132//132
f 133//133 134//134 135//135
f 136//136 137//137 138//138
f 139//139 140//140 141//141
f 142//142 143//143 144//144
f 145//145 146//146 147//147
f 148//148 149//149 150//150
f 151//151 152//152 153//153
f 154//154 155//155 156//156
f 157//157 158//158 159//159
f 160//160 161//161 162//162
f 163//163 164//164 165//165
f 166//166 167//167 168//168
f 169//169 170//170 171//171
f 172//172 173//173 174//174
f 175//175 176//176 177//177
f 178//178 179//179 180//180
f 181//181 182//182 183//183
f 184//184 185//185 186//186
f 187//187 188//188 189//189
f 190//190 191//191 192//192
f 193//193 194//194 195//195
f 196//196 197//197 198//198
f 199//199 200//200 201//201
f 202//202 203//203 204//204
f 205//205 206//206 207//207
f 208//208 209//209 210//210
f 211//211 212//212 213//213
f 214//214 215//215 216//216
f 217//217 218//218 219//219
f 220//220 221//221 222//222
f 223//223 224//224 225//225
f 226//226 227//227 228//228
f 229//229 230//230 231//231
f 232//232 233//233 234//234
f 235//235 236//236 237//237
f 238//238 239//239 240//240
f 241//241 242//242 243//243
f 244//244 245//245 246//246
f 247//247 248//248 249//249
f 250//250 251//251 252//252
f 253//253 254//254 255//255
f 256//256 257//257 258//258
f 259//259 260//260 261//261
f 262//262 263//263 264//264
f 265//265 266//266 267//267
f 268//268 269//269 270//270
f 271//271 272//272 273//273
f 274//274 275//275 276//276
f 277//277 278//278 279//279
f 280//280 281//281 282//282
f 283//283 284//284 285//285
f 286//286 287//287 288//288
f 289//289 290//290 291//291
f 292//292 293//293 294//294
f 295//295 296//296 297//297
f 298//298 299//299 300//300
f 301//301 302//302 303//303
f 304//304 305//305 306//306
f 307//307 308//308 309//309
f 310//310 311//311 312//312
f 313//313 314//314 315//315
f 316//316 317//317 318//318
f 319//319 320//320 321//321
f 322//322 323//323 324//324
f 325//325 326//326 327//327
f 328//328 329//329 330//330
f 331//331 332//332 333//333
f 334//334 335//335 336//336
f 337//337 338//338 339//339
f 340//340 341//341 342//342
f 343//343 344//344 345//345
f 346//346 347//347 348//348
f 349//349 350//350 351//351
f 352//352 353//353 354//354
f 355//355 356//356 357//357
f 358//358 359//359 360//360
f 361//361 362//362 363//363
f 364//364 365//365 366//366
f 367//367 368//368 369//369
f 370//370 371//371 372//372
f 373//373 374//374 375//375
f 376//376 377//377 378//378
f 379//379 380//380 381//381
f 382//382 383//383 384//384
f 385//385 386//386 387//387
f 388//388 389//389 390//390
f 391//391 392//392 393//393
f 394//394 395//395 396//396
f 397//397 398//398 399//399
f 400//400 401//401 402//402
f 403//403 404//404 405//405
f 406//406 407//407 408//408
f 409//409 410//410 411//411
f 412//412 413//413 414//414
f 415//415 416//416 417//417
f 418//418 419//419 420//420
f 421//421 422//422 423//423
f 424//424 425//425 426//426
f 427//427 428//428 429//429
f 430//430 431//431 432//432
f 433//433 434//434 435//435
f 436//436 437//437 438//438
f 439//439 440//440 441//441
f 442//442 443//443 444//444
f 445//445 446//446 447//447
f 448//448 449//449 450//450
f 451//451 452//452 453//453
f 454//454 455//455 456//456
f 457//457 458//458 459//459
f 460//460 461//461 462//462
f 463//463 464//464 465//465
f 466//466 467//467 468//468
f 469//469 470//470 471//471
f 472//472 473//473 474//474
f 475//475 476//476 477//477
f 478//478 479//479 480//480
f 481//481 482//482 483//483
f 484//484 485//485 486//486
f 487//487 488//488 489//489
f 490//490 491//491 492//492
f 493//493 494//494 495//495
f 496//496 497//497 498//498
f 499//499 500//500 501//501
f 502//502 503//503 504//504
f 505//505 506//506 507//507
f 508//508 509//509 510//510
f 511//511 512//512 513//513
f 514//514 515//515 516//516
f 517//517 518//518 519//519
f 520//520 521//521 522//522
f 523//523 524//524 525//525
f 526//526 527//527 528//528
f 529//529 530//530 531//531
f 532//532 533//533 534//534
f 535//535 536//536 537//537
f 538//538 539//539 540//540
f 541//541 542//542 543//543
f 544//544 545//545 546//546
f 547//547 548//548 549//549
f 550//550 551//551 552//552
f 553//553 554//554 555//555
f 556//556 557//557 558//558
f 559//559 560//560 561//561
f 562//562 563//563 564//564
f 565//565 566//566 567//567
f 568//568 569//569 570//570
f 571//571 572//572 573//573
f 574//574 575//575 576//576
f 577//577 578//578 579//579
f 580//580 581//581 582//582
f 583//583 584//584 585//585
f 586//586 587//587 588//588
f 589//589 590//590 591//591
f 592//592 593//593 594//594
f 595//595 596//596 597//597
f 598//598 599//599 600//600
f 601//601 602//602 603//603
f 604//604 605//605 606//606
f 607//607 608//608 609//609
f 610//610 611//611 612//612
f 613//613 614//614 615//615
f 616//616 617//617 618//618
f 619//619 620//620 621//621
f 622//622 623//623 624//624
f 625//625 626//626 627//627
f 628//628 629//629 630//630
f 631//631 632//632 633//633
f 634//634 635//635 636//636
f 637//637 638//638 639//639
f 640//640 641//641 642//642
f 643//643 644//644 645//645
f 646//646 647//647 648//648
f 649//649 650//650 651//651
f 652//652 653//653 654//654
f 655//655 656//656 657//657
f 658//658 659//659 660//660
f 661//661 662//662 663//663
f 664//664 665//665 666//666
f 667//667 668//668 669//669
f 670//670 671//671 672//672
f 673//673 674//674 675//675
f 676//676 677//677 678//678
f 679//679 680//680 681//681
f 682//682 683//683 684//684
f 685//685 686//686 687//687
f 688//688 689//689 690//690
f 691//691 692//692 693//693
f 694//694 695//695 696//696
f 697//697 698//698 699//699
f 700//700 701//701 702//702
f 703//703 704//704 705//705
f 706//706 707//707 708//708
f 709//709 710//710 711//711
f 712//712 713//713 714//714
f 715//715 716//716 717//717
f 718//718 719//719 720//720
f 721//721 722//722 723//723
f 724//724 725//725 726//726
f 727//727 728//728 729//729
f 730//730 731//731 732//732
f 733//733 734//734 735//735
f 736//736 737//737 738//738
f 739//739 740//740 741//741
f 742//742 743//743 744//744
f 745//745 746//746 747//747
f 748//748 749//749 750//750
f 751//751 752//752 753//753
f 754//754 755//755 756//756
f 754//754 756//756 757//757
f 758//758 759//759 760//760
f 761//761 762//762 763//763
f 764//764 765//765 766//766
f 767//767 768//768 769//769
f 770//770 771//771 772//772
f 773//773 774//774 775//775
f 776//776 777//777 778//778
f 779//779 780//780 781//781
f 782//782 783//783 784//784
f 785//785 786//786 787//787
f 788//788 789//789 790//790
f 791//791 792//792 793//793
f 794//794 795//795 796//796
f 797//797 798//798 799//799
f 800//800 801//801 802//802
f 803//803 804//804 805//805
f 806//806 807//807 808//808
f 809//809 810//810 811//811
f 812//812 813//813 814//814
f 815//815 816//816 817//817
f 818//818 819//819 820//820
f 821//821 822//822 823//823
f 824//824 825//825 826//826
f 827//827 828//828 829//829
f 830//830 831//831 832//832
f 833//833 834//834 835//835
f 836//836 837//837 838//838
f 839//839 840//840 841//841
f 842//842 843//843 844//844
f 845//845 846//846 847//847
f 848//848 849//849 850//850
f 851//851 852//852 853//853
f 854//854 855//855 856//856
f 857//857 858//858 859//859
f 860//860 861//861 862//862
f 863//863 864//864 865//865
f 866//866 867//867 868//868
f 869//869 870//870 871//871
f 872//872 873//873 874//874
f 875//875 876//876 877//877
f 878//878 879//879 880//880
f 881//881 882//882 883//883
f 884//884 885//885 886//886
f 887//887 888//888 889//889
f 890//890 891//891 892//892
f 893//893 894//894 895//895
f 896//896 897//897 898//898
f 899//899 900//900 901//901
f 902//902 903//903 904//904
f 905//905 906//906 907//907
f 908//908 909//909 910//910
f 911//911 912//912 913//913
f 914//914 915//915 916//916
f 917//917 918//918 919//919
f 920//920 921//921 922//922
f 923//923 924//924 925//925
f 926//926 927//927 928//928
f 929//929 930//930 931//931
f 932//932 933//933 934//934
f 935//935 936//936 937//937
f 938//938 939//939 940//940
f 941//941 942//942 943//943
f 944//944 945//945 946//946
f 947//947 948//948 949//949
f 950//950 951//951 952//952
f 953//953 954//954 955//955
f 956//956 957//957 958//958
f 959//959 960//960 961//961
f 962//962 963//963 964//964
f 964//964 963//963 965//965
f 966//966 967//967 968//968
f 969//969 970//970 971//971
f 972//972 973//973 974//974
f 975//975 976//976 977//977
f 978//978 979//979 980//980
f 981//981 982//982 983//983
f 984//984 985//985 986//986
f 986//986 985//985 987//987
f 988//988 989//989 990//990
f 991//991 992//992 993//993
f 994//994 995//995 996//996
f 997//997 998//998 999//999
f 1000//1000 1001//1001 1002//1002
f 1002//1002 1001//1001 1003//1003
f 1004//1004 1005//1005 1006//1006
f 1006//1006 1005//1005 1007//1007
f 1008//1008 1009//1009 1010//1010
f 1011//1011 1012//1012 1013//1013
f 1014//1014 1015//1015 1016//1016
f 1017//1017 1018//1018 1019//1019
f 1020//1020 1021//1021 1022//1022
f 1023//1023 1024//1024 1025//1025
f 1026//1026 1027//1027 1028//1028
f 1029//1029 1030//1030 1031//1031
f 1032//1032 1033//1033 1034//1034
f 1035//1035 1036//1036 1037//1037
f 1038//1038 1039//1039 1040//1040
f 1041//1041 1042//1042 1043//1043
f 1044//1044 1045//1045 1046//1046
f 1047//1047 1048//1048 1049//1049
f 1050//1050 1051//1051 1052//1052
f 1053//1053 1054//1054 1055//1055
f 1056//1056 1057//1057 1058//1058
f 1059//1059 1060//1060 1061//1061
f 1062//1062 1063//1063 1064//1064
f 1065//1065 1066//1066 1067//1067
f 1068//1068 1069//1069 1070//1070
f 1071//1071 1072//1072 1073//1073
f 1074//1074 1075//1075 1076//1076
f 1077//1077 1078//1078 1079//1079
f 1080//1080 1081//1081 1082//1082
f 1083//1083 1084//1084 1085//1085
f 1086//1086 1087//1087 1088//1088
f 1089//1089 1090//1090 1091//1091
f 1092//1092 1093//1093 1094//1094
f 1095//1095 1096//1096 1097//1097
f 1098//1098 1099//1099 1100//1100
f 1101//1101 1102//1102 1103//1103
f 1104//1104 1105//1105 1106//1106
f 1107//1107 1108//1108 1109//1109
f 1110//1110 1111//1111 1112//1112
f 1113//1113 1114//1114 1115//1115
f 1116//1116 1117//1117 1118//1118
f 1118//1118 1117//1117 1119//1119
f 1120//1120 1121//1121 1122//1122
f 1123//1123 1124//1124 1125//1125
f 1126//1126 1127//1127 1128//1128
f 1129//1129 1130//1130 1131//1131
f 1132//1132 1133//1133 1134//1134
f 1135//1135 1136//1136 1137//1137
f 1138//1138 1139//1139 1140//1140
f 1141//1141 1142//1142 1143//1143
f 1144//1144 1145//1145 1146//1146
f 1147//1147 1148//1148 1149//1149
f 1150//1150 1151//1151 1152//1152
f 1153//1153 1154//1154 1155//1155
f 1156//1156 1157//1157 1158//1158
f 1159//1159 1160//1160 1161//1161
f 1162//1162 1163//1163 1164//1164
f 1165//1165 1166//1166 1167//1167
f 1168//1168 1169//1169 1170//1170
f 1171//1171 1172//1172 1173//1173
f 1174//1174 1175//1175 1176//1176
f 1176//1176 1175//1175 1177//1177
f 1178//1178 1179//1179 1180//1180
f 1181//1181 1182//1182 1183//1183
f 1184//1184 1185//1185 1186//1186
f 1187//1187 1188//1188 1189//1189
f 1190//1190 1191//1191 1192//1192
f 1193//1193 1194//1194 1195//1195
f 1196//1196 1197//1197 1198//1198
f 1199//1199 1200//1200 1201//1201
f 1202//1202 1203//1203 1204//1204
f 1204//1204 1203//1203 1205//1205
f 1206//1206 1207//1207 1208//1208
f 1209//1209 1210//1210 1211//1211
f 1212//1212 1213//1213 1214//1214
f 1215//1215 1216//1216 1217//1217
f 1218//1218 1219//1219 1220//1220
f 1221//1221 1222//1222 1223//1223
f 1224//1224 1225//1225 1226//1226
f 1227//1227 1228//1228 1229//1229
f 1230//1230 1231//1231 1232//1232
f 1233//1233 1234//1234 1235//1235
f 1236//1236 1237//1237 1238//1238
f 1239//1239 1240//1240 1241//1241
f 1242//1242 1243//1243 1244//1244
f 1245//1245 1246//1246 1247//1247
f 1248//1248 1249//1249 1250//1250
f 1251//1251 1252//1252 1253//1253
f 1254//1254 1255//1255 1256//1256
f 1257//1257 1258//1258 1259//1259
f 1260//1260 1261//1261 1262//1262
f 1263//1263 1264//1264 1265//1265
f 1266//1266 1267//1267 1268//1268
f 1269//1269 1270//1270 1271//1271
f 1272//1272 1273//1273 1274//1274
f 1275//1275 1276//1276 1277//1277
f 1278//1278 1279//1279 1280//1280
f 1281//1281 1282//1282 1283//1283
f 1284//1284 1285//1285 1286//1286
f 1287//1287 1288//1288 1289//1289
f 1290//1290 1291//1291 1292//1292
f 1293//1293 1294//1294 1295//1295
f 1296//1296 1297//1297 1298//1298
f 1299//1299 1300//1300 1301//1301
f 1302//1302 1303//1303 1304//1304
f 1305//1305 1306//1306 1307//1307
f 1308//1308 1309//1309 1310//1310
f 1311//1311 1312//1312 1313//1313
f 1314//1314 1315//1315 1316//1316
f 1317//1317 1318//1318 1319//1319
f 1320//1320 1321//1321 1322//1322
f 1323//1323 1324//1324 1325//1325
f 1326//1326 1327//1327 1328//1328
f 1329//1329 1330//1330 1331//1331
f 1332//1332 1333//1333 1334//1334
f 1335//1335 1336//1336 1337//1337
f 1338//1338 1339//1339 1340//1340
f 1341//1341 1342//1342 1343//1343
f 1344//1344 1345//1345 1346//1346
f 1347//1347 1348//1348 1349//1349
f 1350//1350 1351//1351 1352//1352
f 1353//1353 1354//1354 1355//1355
f 1356//1356 1357//1357 1358//1358
f 1359//1359 1360//1360 1361//1361
f 1362//1362 1363//1363 1364//1364
f 1365//1365 1366//1366 1367//1367
f 1368//1368 1369//1369 1370//1370
f 1371//1371 1372//1372 1373//1373
f 1374//1374 1375//1375 1376//1376
f 1377//1377 1378//1378 1379//1379
f 1380//1380 1381//1381 1382//1382
f 1383//1383 1384//1384 1385//1385
f 1386//1386 1387//1387 1388//1388
f 1389//1389 1390//1390 1391//1391
f 1392//1392 1393//1393 1394//1394
f 1395//1395 1396//1396 1397//1397
f 1398//1398 1399//1399 1400//1400
f 1401//1401 1402//1402 1403//1403
f 1404//1404 1405//1405 1406//1406
f 1407//1407 1408//1408 1409//1409
f 1410//1410 1411//1411 1412//1412
f 1413//1413 1414//1414 1415//1415
f 1416//1416 1417//1417 1418//1418
f 1419//1419 1420//1420 1421//1421
f 1422//1422 1423//1423 1424//1424
f 1425//1425 1426//1426 1427//1427
f 1428//1428 1429//1429 1430//1430
f 1431//1431 1432//1432 1433//1433
f 1434//1434 1435//1435 1436//1436
f 1437//1437 1438//1438 1439//1439
f 1440//1440 1441//1441 1442//1442
f 1443//1443 1444//1444 1445//1445
f 1446//1446 1447//1447 1448//1448
f 1449//1449 1450//1450 1451//1451
f 1452//1452 1453//1453 1454//1454
f 1455//1455 1456//1456 1457//1457
f 1458//1458 1459//1459 1460//1460
f 1461//1461 1462//1462 1463//1463
f 1464//1464 1465//1465 1466//1466
f 1467//1467 1468//1468 1469//1469
f 1470//1470 1471//1471 1472//1472
f 1473//1473 1474//1474 1475//1475
f 1476//1476 1477//1477 1478//1478
f 1479//1479 1480//1480 1481//1481
f 1482//1482 1483//1483 1484//1484
f 1485//1485 1486//1486 1487//1487
f 1488//1488 1489//1489 1490//1490
f 1491//1491 1492//1492 1493//1493
f 1494//1494 1495//1495 1496//1496
f 1497//1497 1498//1498 1499//1499
f 1500//1500 1501//1501 1502//1502
f 1503//1503 1504//1504 1505//1505
f 1506//1506 1507//1507 1508//1508
f 1509//1509 1510//1510 1511//1511
f 1512//1512 1513//1513 1514//1514
f 1515//1515 1516//1516 1517//1517
f 1518//1518 1519//1519 1520//1520
f 1521//1521 1522//1522 1523//1523
f 1524//1524 1525//1525 1526//1526
f 1527//1527 1528//1528 1529//1529
f 1530//1530 1531//1531 1532//1532
f 1533//1533 1534//1534 1535//1535
f 1536//1536 1537//1537 1538//1538
f 1539//1539 1540//1540 1541//1541
f 1542//1542 1543//1543 1544//1544
f 1545//1545 1546//1546 1547//1547
f 1548//1548 1549//1549 1550//1550
f 1551//1551 1552//1552 1553//1553
f 1554//1554 1555//1555 1556//1556
f 1557//1557 1558//1558 1559//1559
f 1560//1560 1561//1561 1562//1562
f 1563//1563 1564//1564 1565//1565
f 1566//1566 1567//1567 1568//1568
f 1569//1569 1570//1570 1571//1571
f 1572//1572 1573//1573 1574//1574
f 1572//1572 1574//1574 1575//1575
f 1576//1576 1577//1577 1578//1578
f 1579//1579 1580//1580 1581//1581
f 1582//1582 1583//1583 1584//1584
f 1585//1585 1586//1586 1587//1587
f 1588//1588 1589//1589 1590//1590
f 1591//1591 1592//1592 1593//1593
f 1594//1594 1595//1595 1596//1596
f 1597//1597 1598//1598 1599//1599
f 1600//1600 1601//1601 1602//1602
f 1603//1603 1604//1604 1605//1605
f 1606//1606 1607//1607 1608//1608
f 1609//1609 1610//1610 1611//1611
f 1612//1612 1613//1613 1614//1614
f 1615//1615 1616//1616 1617//1617
f 1618//1618 1619//1619 1620//1620
f 1621//1621 1622//1622 1623//1623
f 1624//1624 1625//1625 1626//1626
f 1627//1627 1628//1628 1629//1629
f 1630//1630 1631//1631 1632//1632
f 1633//1633 1634//1634 1635//1635
f 1636//1636 1637//1637 1638//1638
f 1639//1639 1640//1640 1641//1641
f 1642//1642 1643//1643 1644//1644
f 1645//1645 1646//1646 1647//1647
f 1302//1302 1304//1304 1648//1648
f 1649//1649 1650//1650 1651//1651
f 1652//1652 1653//1653 1654//1654
f 1655//1655 1656//1656 1657//1657
f 1658//1658 1659//1659 1660//1660
f 1661//1661 1662//1662 1663//1663
f 1664//1664 1665//1665 1666//1666
f 1667//1667 1668//1668 1669//1669
f 1670//1670 1671//1671 1672//1672
f 1673//1673 1674//1674 1675//1675
f 1676//1676 1677//1677 1678//1678
f 1679//1679 1680//1680 1681//1681
f 1682//1682 1683//1683 1684//1684
f 1685//1685 1686//1686 1687//1687
f 1688//1688 1689//1689 1690//1690
f 1691//1691 1692//1692 1693//1693
f 1694//1694 1695//1695 1696//1696
f 1697//1697 1698//1698 1699//1699
f 1700//1700 1701//1701 1702//1702
f 1703//1703 1704//1704 1705//1705
f 1706//1706 1707//1707 1708//1708
f 1709//1709 1710//1710 1711//1711
f 1712//1712 1713//1713 1714//1714
f 1715//1715 1716//1716 1717//1717
f 1718//1718 1719//1719 1720//1720
f 1721//1721 1722//1722 1723//1723
f 1724//1724 1725//1725 1726//1726
f 1727//1727 1728//1728 1729//1729
f 1730//1730 1731//1731 1732//1732
f 1733//1733 1734//1734 1735//1735
f 1736//1736 1737//1737 1738//1738
f 1739//1739 1740//1740 1741//1741
f 1347//1347 1349//1349 1742//1742
f 1743//1743 1744//1744 1745//1745
f 1746//1746 1747//1747 1748//1748
f 1749//1749 1750//1750 1751//1751
f 1752//1752 1753//1753 1754//1754
f 1755//1755 1756//1756 1757//1757
f 1758//1758 1759//1759 1760//1760
f 1761//1761 1762//1762 1763//1763
f 1353//1353 1355//1355 1764//1764
f 1765//1765 1766//1766 1767//1767
f 1768//1768 1769//1769 1770//1770
f 1771//1771 1772//1772 1773//1773
f 1774//1774 1775//1775 1776//1776
f 1777//1777 1778//1778 1779//1779
f 1780//1780 1781//1781 1782//1782
f 1783//1783 1784//1784 1785//1785
f 1359//1359 1361//1361 1786//1786
f 1787//1787 1788//1788 1789//1789
f 1790//1790 1791//1791 1792//1792
f 1793//1793 1794//1794 1795//1795
f 1796//1796 1797//1797 1798//1798
f 1799//1799 1800//1800 1801//1801
f 1802//1802 1803//1803 1804//1804
f 1362//1362 1364//1364 1805//1805
f 1806//1806 1807//1807 1808//1808
f 1809//1809 1810//1810 1811//1811
f 1812//1812 1813//1813 1814//1814
f 1815//1815 1816//1816 1817//1817
f 1818//1818 1819//1819 1820//1820
f 1821//1821 1822//1822 1823//1823
f 1824//1824 1825//1825 1826//1826
f 1827//1827 1828//1828 1829//1829
f 1830//1830 1831//1831 1832//1832
f 1833//1833 1834//1834 1835//1835
f 1836//1836 1837//1837 1838//1838
f 1839//1839 1840//1840 1841//1841
f 1842//1842 1843//1843 1844//1844
f 1845//1845 1846//1846 1847//1847
f 1848//1848 1849//1849 1850//1850
f 1851//1851 1852//1852 1853//1853
f 1854//1854 1855//1855 1856//1856
f 1857//1857 1858//1858 1859//1859
f 1860//1860 1861//1861 1862//1862
f 1863//1863 1864//1864 1865//1865
f 1866//1866 1867//1867 1868//1868
f 1869//1869 1870//1870 1871//1871
f 1872//1872 1873//1873 1874//1874
f 1875//1875 1876//1876 1877//1877
f 1878//1878 1879//1879 1880//1880
f 1881//1881 1882//1882 1883//1883
f 1884//1884 1885//1885 1886//1886
f 1887//1887 1888//1888 1889//1889
f 1890//1890 1891//1891 1892//1892
f 1893//1893 1894//1894 1895//1895
f 1896//1896 1897//1897 1898//1898
f 1899//1899 1900//1900 1901//1901
f 1902//1902 1903//1903 1904//1904
f 1905//1905 1906//1906 1907//1907
f 1908//1908 1909//1909 1910//1910
f 1911//1911 1912//1912 1913//1913
f 1914//1914 1915//1915 1916//1916
f 1917//1917 1918//1918 1919//1919
f 1920//1920 1921//1921 1922//1922
f 1923//1923 1924//1924 1925//1925
f 1926//1926 1927//1927 1928//1928
f 1929//1929 1930//1930 1931//1931
f 1932//1932 1933//1933 1934//1934
f 1935//1935 1936//1936 1937//1937
f 1938//1938 1939//1939 1940//1940
f 1941//1941 1942//1942 1943//1943
f 1944//1944 1945//1945 1946//1946
f 1947//1947 1948//1948 1949//1949
f 1950//1950 1951//1951 1952//1952
f 1953//1953 1954//1954 1955//1955
f 1956//1956 1957//1957 1958//1958
f 1959//1959 1960//1960 1961//1961
f 1962//1962 1963//1963 1964//1964
f 1965//1965 1966//1966 1967//1967
f 1968//1968 1969//1969 1970//1970
f 1971//1971 1972//1972 1973//1973
f 1974//1974 1975//1975 1976//1976
f 1977//1977 1978//1978 1979//1979
f 1980//1980 1981//1981 1982//1982
f 1983//1983 1984//1984 1985//1985
f 1986//1986 1987//1987 1988//1988
f 1989//1989 1990//1990 1991//1991
f 1992//1992 1993//1993 1994//1994
f 1995//1995 1996//1996 1997//1997
f 1995//1995 1997//1997 1998//1998
f 1999//1999 2000//2000 2001//2001
f 2002//2002 2003//2003 2004//2004
f 2005//2005 2006//2006 2007//2007
f 2008//2008 2009//2009 2010//2010
f 2011//2011 2012//2012 2013//2013
f 2014//2014 2015//2015 2016//2016
f 2017//2017 2018//2018 2019//2019
f 2020//2020 2021//2021 2022//2022
f 2023//2023 2024//2024 2025//2025
f 2026//2026 2027//2027 2028//2028
f 2029//2029 2030//2030 2031//2031
f 2032//2032 2033//2033 2034//2034
f 2035//2035 2036//2036 2037//2037
f 2038//2038 2039//2039 2040//2040
f 2041//2041 2042//2042 2043//2043
f 2044//2044 2045//2045 2046//2046
f 2047//2047 2048//2048 2049//2049
f 2050//2050 2051//2051 2052//2052
f 2053//2053 2054//2054 2055//2055
f 2056//2056 2057//2057 2058//2058
f 2059//2059 2060//2060 2061//2061
f 2062//2062 2063//2063 2064//2064
f 2065//2065 2066//2066 2067//2067
f 2068//2068 2069//2069 2070//2070
f 2071//2071 2072//2072 2073//2073
f 2074//2074 2075//2075 2076//2076
f 2077//2077 2078//2078 2079//2079
f 2080//2080 2081//2081 2082//2082
f 2083//2083 2084//2084 2085//2085
f 2086//2086 2087//2087 2088//2088
f 2089//2089 2090//2090 2091//2091
f 2092//2092 2093//2093 2094//2094
f 2095//2095 2096//2096 2097//2097
f 2098//2098 2099//2099 2100//2100
f 2101//2101 2102//2102 2103//2103
f 2104//2104 2105//2105 2106//2106
f 2107//2107 2108//2108 2109//2109
f 2110//2110 2111//2111 2112//2112
f 2113//2113 2114//2114 2115//2115
f 2116//2116 2117//2117 2118//2118
f 2119//2119 2120//2120 2121//2121
f 2122//2122 2123//2123 2124//2124
f 2125//2125 2126//2126 2127//2127
f 2128//2128 2129//2129 2130//2130
f 2131//2131 2132//2132 2133//2133
f 2134//2134 2135//2135 2136//2136
f 2137//2137 2138//2138 2139//2139
f 2140//2140 2141//2141 2142//2142
f 2143//2143 2144//2144 2145//2145
f 2146//2146 2147//2147 2148//2148
f 2149//2149 2150//2150 2151//2151
f 2152//2152 2153//2153 2154//2154
f 2155//2155 2156//2156 2157//2157
f 2158//2158 2159//2159 2160//2160
f 2161//2161 2162//2162 2163//2163
f 2164//2164 2165//2165 2166//2166
f 2167//2167 2168//2168 2169//2169
f 2170//2170 2171//2171 2172//2172
f 2173//2173 2174//2174 2175//2175
f 2176//2176 2177//2177 2178//2178
f 2179//2179 2180//2180 2181//2181
f 2182//2182 2183//2183 2184//2184
f 2185//2185 2186//2186 2187//2187
f 2188//2188 2189//2189 2190//2190
f 2191//2191 2192//2192 2193//2193
f 2194//2194 2195//2195 2196//2196
f 2197//2197 2198//2198 2199//2199
f 2200//2200 2201//2201 2202//2202
f 2203//2203 2204//2204 2205//2205
f 2206//2206 2207//2207 2208//2208
f 2209//2209 2210//2210 2211//2211
f 2212//2212 1745//1745 1744//1744
f 2213//2213 2214//2214 2215//2215
f 2216//2216 2217//2217 2218//2218
f 2219//2219 2220//2220 2221//2221
f 2222//2222 2223//2223 2224//2224
f 2225//2225 2226//2226 2227//2227
f 2228//2228 2229//2229 2230//2230
f 2231//2231 2232//2232 2233//2233
f 2234//2234 2235//2235 2236//2236
f 2237//2237 2238//2238 2239//2239
f 2240//2240 2241//2241 2242//2242
f 2243//2243 2244//2244 2245//2245
f 2246//2246 2247//2247 2248//2248
f 2249//2249 2250//2250 2251//2251
f 2252//2252 2253//2253 2254//2254
f 2255//2255 2256//2256 2257//2257
f 2258//2258 2259//2259 2260//2260
f 2261//2261 2262//2262 2263//2263
f 2264//2264 2265//2265 2266//2266
f 2267//2267 2268//2268 2269//2269
f 2270//2270 2271//2271 2272//2272
f 2270//2270 2272//2272 2273//2273
f 1365//1365 1367//1367 2274//2274
f 2275//2275 2276//2276 2277//2277
f 2278//2278 2279//2279 2280//2280
f 2281//2281 2282//2282 2283//2283
f 2284//2284 2285//2285 2286//2286
f 2287//2287 2288//2288 2289//2289
f 2290//2290 2291//2291 2292//2292
f 2293//2293 2294//2294 2295//2295
f 2296//2296 2297//2297 2298//2298
f 2299//2299 2300//2300 2301//2301
f 2302//2302 2303//2303 2304//2304
f 2305//2305 2306//2306 2307//2307
f 2308//2308 1824//1824 1826//1826
f 2309//2309 2310//2310 2311//2311
f 2312//2312 2313//2313 2314//2314
f 2315//2315 2316//2316 2317//2317
f 2318//2318 2319//2319 2320//2320
f 2321//2321 2322//2322 2323//2323
f 2324//2324 2325//2325 2326//2326
f 2327//2327 2328//2328 2329//2329
f 2330//2330 2331//2331 2332//2332
f 2333//2333 2334//2334 2335//2335
f 2336//2336 2337//2337 2338//2338
f 2339//2339 2340//2340 2341//2341
f 2342//2342 2343//2343 2344//2344
f 2345//2345 2346//2346 2347//2347
f 2348//2348 2349//2349 2350//2350
f 2351//2351 2352//2352 2353//2353
f 2354//2354 2355//2355 2356//2356
f 2357//2357 2358//2358 2359//2359
f 2360//2360 2361//2361 2362//2362
f 2363//2363 2364//2364 2365//2365
f 2366//2366 2367//2367 2368//2368
f 2369//2369 2370//2370 2371//2371
f 2372//2372 2373//2373 2374//2374
f 2375//2375 2376//2376 2377//2377
f 2378//2378 2379//2379 2380//2380
f 2381//2381 2382//2382 2383//2383
f 2384//2384 2385//2385 2386//2386
f 2387//2387 2388//2388 2389//2389
f 2390//2390 2391//2391 2392//2392
f 2393//2393 2394//2394 2395//2395
f 2396//2396 2397//2397 2398//2398
f 2399//2399 2400//2400 2401//2401
f 2402//2402 2403//2403 2404//2404
f 2405//2405 2406//2406 2407//2407
f 2408//2408 2409//2409 2410//2410
f 2411//2411 2412//2412 2413//2413
f 2414//2414 2415//2415 2416//2416
f 2417//2417 2418//2418 2419//2419
f 2420//2420 2421//2421 2422//2422
f 2423//2423 2424//2424 2425//2425
f 2426//2426 2427//2427 2428//2428
f 2429//2429 2430//2430 2431//2431
f 2432//2432 2433//2433 2434//2434
f 2435//2435 2436//2436 2437//2437
f 2438//2438 2439//2439 2440//2440
f 2441//2441 2442//2442 2443//2443
f 2444//2444 2445//2445 2446//2446
f 2447//2447 2448//2448 2449//2449
f 2450//2450 2451//2451 2452//2452
f 2453//2453 2454//2454 2455//2455
f 2456//2456 2457//2457 2458//2458
f 2459//2459 2460//2460 2461//2461
f 2462//2462 2463//2463 2464//2464
f 2465//2465 2466//2466 2467//2467
f 2468//2468 2469//2469 2470//2470
f 2471//2471 2472//2472 2473//2473
f 2474//2474 2475//2475 2476//2476
f 2477//2477 2478//2478 2479//2479
f 2480//2480 2481//2481 2482//2482
f 2483//2483 2484//2484 2485//2485
f 2486//2486 2487//2487 2488//2488
f 2488//2488 2487//2487 2489//2489
f 2490//2490 2491//2491 2492//2492
f 2493//2493 2494//2494 2495//2495
f 2496//2496 2497//2497 2498//2498
f 2499//2499 2500//2500 2501//2501
f 2502//2502 2503//2503 2504//2504
f 2504//2504 2503//2503 2505//2505
f 2506//2506 2507//2507 2508//2508
f 2509//2509 2510//2510 2511//2511
f 2512//2512 2513//2513 2514//2514
f 2515//2515 2516//2516 2517//2517
f 2518//2518 2519//2519 2520//2520
f 2521//2521 2522//2522 2523//2523
f 2524//2524 2525//2525 2526//2526
f 2527//2527 2528//2528 2529//2529
f 2530//2530 2531//2531 2532//2532
f 2533//2533 2534//2534 2535//2535
f 2536//2536 2537//2537 2538//2538
f 2539//2539 2540//2540 2541//2541
f 2542//2542 2543//2543 2544//2544
f 2545//2545 2546//2546 2547//2547
f 2548//2548 2549//2549 2550//2550
f 2551//2551 2552//2552 2553//2553
f 2554//2554 2555//2555 2556//2556
f 2557//2557 2558//2558 2559//2559
f 2560//2560 2561//2561 2562//2562
f 2563//2563 2564//2564 2565//2565
f 2566//2566 2567//2567 2568//2568
f 2569//2569 2570//2570 2571//2571
f 2572//2572 2573//2573 2574//2574
f 2575//2575 2576//2576 2577//2577
f 2578//2578 2579//2579 2580//2580
f 2581//2581 2582//2582 2583//2583
f 2584//2584 2585//2585 2586//2586
f 2586//2586 2585//2585 2587//2587
f 2588//2588 2589//2589 2590//2590
f 2591//2591 2592//2592 2593//2593
f 2594//2594 2595//2595 2596//2596
f 2597//2597 2598//2598 2599//2599
f 2600//2600 2601//2601 2602//2602
f 2603//2603 2604//2604 2605//2605
f 2606//2606 2607//2607 2608//2608
f 2608//2608 2607//2607 2609//2609
f 2610//2610 2611//2611 2612//2612
f 2613//2613 2614//2614 2615//2615
f 2616//2616 2617//2617 2618//2618
f 2619//2619 2620//2620 2621//2621
f 2622//2622 2623//2623 2624//2624
f 2625//2625 2626//2626 2627//2627
f 2628//2628 2629//2629 2630//2630
f 2631//2631 2632//2632 2633//2633
f 2634//2634 2635//2635 2636//2636
f 2637//2637 2638//2638 2639//2639
f 2640//2640 2641//2641 2642//2642
f 2643//2643 2644//2644 2645//2645
f 2646//2646 2647//2647 2648//2648
f 2649//2649 2650//2650 2651//2651
f 2652//2652 2653//2653 2654//2654
f 2655//2655 2656//2656 2657//2657
f 2658//2658 2659//2659 2660//2660
f 2661//2661 2662//2662 2663//2663
f 2664//2664 2665//2665 2666//2666
f 2667//2667 2668//2668 2669//2669
f 2670//2670 2671//2671 2672//2672
f 2673//2673 2674//2674 2675//2675
f 2676//2676 2677//2677 2678//2678
f 2679//2679 2680//2680 2681//2681
f 2682//2682 2683//2683 2684//2684
f 2685//2685 2686//2686 2687//2687
f 2688//2688 2689//2689 2690//2690
f 2691//2691 2692//2692 2693//2693
f 2694//2694 2695//2695 2696//2696
f 2697//2697 2698//2698 2699//2699
f 2700//2700 2701//2701 2702//2702
f 2703//2703 2704//2704 2705//2705
f 2706//2706 2707//2707 2708//2708
f 2709//2709 2710//2710 2711//2711
f 2712//2712 2713//2713 2714//2714
f 2715//2715 2716//2716 2717//2717
f 2718//2718 2719//2719 2720//2720
f 2721//2721 2722//2722 2723//2723
f 2724//2724 2725//2725 2726//2726
f 2727//2727 2728//2728 2729//2729
f 2730//2730 2731//2731 2732//2732
f 2733//2733 2734//2734 2735//2735
f 2736//2736 2737//2737 2738//2738
f 2739//2739 2740//2740 2741//2741
f 2742//2742 2743//2743 2744//2744
f 2745//2745 2746//2746 2747//2747
f 2748//2748 2749//2749 2750//2750
f 2751//2751 2752//2752 2753//2753
f 2754//2754 2755//2755 2756//2756
f 2757//2757 2758//2758 2759//2759
f 2760//2760 2761//2761 2762//2762
f 2762//2762 2761//2761 2763//2763
f 2764//2764 2765//2765 2766//2766
f 2767//2767 2768//2768 2769//2769
f 2770//2770 2771//2771 2772//2772
f 2773//2773 2774//2774 2775//2775
f 2776//2776 2777//2777 2778//2778
f 2779//2779 2780//2780 2781//2781
f 2782//2782 2783//2783 2784//2784
f 2785//2785 2786//2786 2787//2787
f 2788//2788 2789//2789 2790//2790
f 2791//2791 2792//2792 2793//2793
f 2794//2794 2795//2795 2796//2796
f 2796//2796 2795//2795 2797//2797
f 2798//2798 2799//2799 2800//2800
f 2801//2801 2802//2802 2803//2803
f 2804//2804 2805//2805 2806//2806
f 2806//2806 2805//2805 2807//2807
f 2808//2808 2809//2809 2810//2810
f 2811//2811 2812//2812 2813//2813
f 2814//2814 2815//2815 2816//2816
f 2816//2816 2815//2815 2817//2817
f 2818//2818 2819//2819 2820//2820
f 2821//2821 2822//2822 2823//2823
f 2824//2824 2825//2825 2826//2826
f 2827//2827 2828//2828 2829//2829
f 2830//2830 2831//2831 2832//2832
f 2833//2833 2834//2834 2835//2835
f 2836//2836 2837//2837 2838//2838
f 2839//2839 2840//2840 2841//2841
f 2842//2842 2843//2843 2844//2844
f 2844//2844 2843//2843 2845//2845
f 2846//2846 2847//2847 2848//2848
f 2848//2848 2847//2847 2849//2849
f 2850//2850 2851//2851 2852//2852
f 2850//2850 2852//2852 2853//2853
f 2854//2854 2855//2855 2856//2856
f 2856//2856 2855//2855 2857//2857
f 2858//2858 2859//2859 2860//2860
f 2860//2860 2859//2859 2861//2861
f 2862//2862 2863//2863 2864//2864
f 2864//2864 2863//2863 2865//2865
f 2866//2866 2867//2867 2868//2868
f 2868//2868 2867//2867 2869//2869
f 2870//2870 2871//2871 2872//2872
f 2872//2872 2871//2871 2873//2873
f 2874//2874 2875//2875 2876//2876
f 2876//2876 2875//2875 2877//2877
f 2878//2878 2879//2879 2880//2880
f 2880//2880 2879//2879 2881//2881
f 2882//2882 2883//2883 2884//2884
f 2884//2884 2883//2883 2885//2885
f 2886//2886 2887//2887 2888//2888
f 2888//2888 2887//2887 2889//2889
f 2890//2890 2891//2891 2892//2892
f 2892//2892 2891//2891 2893//2893
f 2894//2894 2895//2895 2896//2896
f 2896//2896 2895//2895 2897//2897
f 2898//2898 2899//2899 2900//2900
f 2900//2900 2899//2899 2901//2901
f 2902//2902 2903//2903 2904//2904
f 2902//2902 2904//2904 2905//2905
f 2906//2906 2907//2907 2908//2908
f 2908//2908 2907//2907 2909//2909
f 2910//2910 2911//2911 2912//2912
f 2912//2912 2911//2911 2913//2913
f 2914//2914 2915//2915 2916//2916
f 2916//2916 2915//2915 2917//2917
f 2918//2918 2919//2919 2920//2920
f 2920//2920 2919//2919 2921//2921
f 2922//2922 2923//2923 2924//2924
f 2924//2924 2923//2923 2925//2925
f 2926//2926 2927//2927 2928//2928
f 2928//2928 2927//2927 2929//2929
f 2930//2930 2931//2931 2932//2932
f 2932//2932 2931//2931 2933//2933
f 2934//2934 2935//2935 2936//2936
f 2936//2936 2935//2935 2937//2937
f 2938//2938 2939//2939 2940//2940
f 2940//2940 2939//2939 2941//2941
f 2942//2942 2943//2943 2944//2944
f 2944//2944 2943//2943 2945//2945
f 2946//2946 2947//2947 2948//2948
f 2946//2946 2948//2948 2949//2949
f 2950//2950 2951//2951 2952//2952
f 2952//2952 2951//2951 2953//2953
f 2954//2954 2955//2955 2956//2956
f 2956//2956 2955//2955 2957//2957
f 2958//2958 2959//2959 2960//2960
f 2960//2960 2959//2959 2961//2961
f 2962//2962 2963//2963 2964//2964
f 2964//2964 2963//2963 2965//2965
f 2966//2966 2967//2967 2968//2968
f 2968//2968 2967//2967 2969//2969
f 2970//2970 2971//2971 2972//2972
f 2972//2972 2971//2971 2973//2973
f 2974//2974 2975//2975 2976//2976
f 2976//2976 2975//2975 2977//2977
f 2978//2978 2979//2979 2980//2980
f 2980//2980 2979//2979 2981//2981
f 2982//2982 2983//2983 2984//2984
f 2984//2984 2983//2983 2985//2985
f 2986//2986 2987//2987 2988//2988
f 2988//2988 2987//2987 2989//2989
f 2990//2990 2991//2991 2992//2992
f 2992//2992 2991//2991 2993//2993
f 2994//2994 2995//2995 2996//2996
f 2996//2996 2995//2995 2997//2997
f 2998//2998 2999//2999 3000//3000
f 3000//3000 2999//2999 3001//3001
f 3002//3002 3003//3003 3004//3004
f 3004//3004 3003//3003 3005//3005
f 3006//3006 3007//3007 3008//3008
f 3008//3008 3007//3007 3009//3009
f 3010//3010 3011//3011 3012//3012
f 3012//3012 3011//3011 3013//3013
f 3014//3014 3015//3015 3016//3016
f 3016//3016 3015//3015 3017//3017
f 3018//3018 3019//3019 3020//3020
f 3020//3020 3019//3019 3021//3021
f 3022//3022 3023//3023 3024//3024
f 3024//3024 3023//3023 3025//3025
f 3026//3026 3027//3027 3028//3028
f 3028//3028 3027//3027 3029//3029
f 3030//3030 3031//3031 3032//3032
f 3032//3032 3031//3031 3033//3033
f 3034//3034 3035//3035 3036//3036
f 3036//3036 3035//3035 3037//3037
f 3038//3038 3039//3039 3040//3040
f 3040//3040 3039//3039 3041//3041
f 3042//3042 3043//3043 3044//3044
f 3044//3044 3043//3043 3045//3045
f 3046//3046 3047//3047 3048//3048
f 3048//3048 3047//3047 3049//3049
f 3050//3050 3051//3051 3052//3052
f 3052//3052 3051//3051 3053//3053
f 3054//3054 3055//3055 3056//3056
f 3056//3056 3055//3055 3057//3057
f 3058//3058 3059//3059 3060//3060
f 3058//3058 3060//3060 3061//3061
f 3062//3062 3063//3063 3064//3064
f 3064//3064 3063//3063 3065//3065
f 3066//3066 3067//3067 3068//3068
f 3068//3068 3067//3067 3069//3069
f 3070//3070 3071//3071 3072//3072
f 3070//3070 3072//3072 3073//3073
f 3074//3074 3075//3075 3076//3076
f 3074//3074 3076//3076 3077//3077
f 3078//3078 3079//3079 3080//3080
f 3080//3080 3079//3079 3081//3081
f 3082//3082 3083//3083 3084//3084
f 3084//3084 3083//3083 3085//3085
f 3086//3086 3087//3087 3088//3088
f 3086//3086 3088//3088 3089//3089
f 3090//3090 3091//3091 3092//3092
f 3092//3092 3091//3091 3093//3093
f 3094//3094 3095//3095 3096//3096
f 3096//3096 3095//3095 3097//3097
f 3098//3098 3099//3099 3100//3100
f 3098//3098 3100//3100 3101//3101
f 3102//3102 3103//3103 3104//3104
f 3104//3104 3103//3103 3105//3105
f 3106//3106 3107//3107 3108//3108
f 3108//3108 3107//3107 3109//3109
f 3110//3110 3111//3111 3112//3112
f 3112//3112 3111//3111 3113//3113
f 3114//3114 3115//3115 3116//3116
f 3116//3116 3115//3115 3117//3117
f 3118//3118 3119//3119 3120//3120
f 3120//3120 3119//3119 3121//3121
f 3122//3122 3123//3123 3124//3124
f 3124//3124 3123//3123 3125//3125
f 3126//3126 3127//3127 3128//3128
f 3128//3128 3127//3127 3129//3129
f 3130//3130 3131//3131 3132//3132
f 3132//3132 3131//3131 3133//3133
f 3134//3134 3135//3135 3136//3136
f 3137//3137 3138//3138 3139//3139
f 3140//3140 3141//3141 3142//3142
f 3143//3143 3144//3144 3145//3145
f 3143//3143 3145//3145 3146//3146
f 3147//3147 3148//3148 3149//3149
f 3150//3150 3151//3151 3152//3152
f 3153//3153 3154//3154 3155//3155
f 3156//3156 3157//3157 3158//3158
f 3159//3159 3160//3160 3161//3161
f 3162//3162 3163//3163 3164//3164
f 3165//3165 3166//3166 3167//3167
f 3168//3168 3169//3169 3170//3170
f 3171//3171 3172//3172 3173//3173
f 3171//3171 3173//3173 3174//3174
f 3175//3175 3176//3176 3177//3177
f 3178//3178 3179//3179 3180//3180
f 3181//3181 3182//3182 3183//3183
f 3184//3184 3185//3185 3186//3186
f 3187//3187 3188//3188 3189//3189
f 3190//3190 3191//3191 3192//3192
f 3193//3193 3194//3194 3195//3195
f 3196//3196 3197//3197 3198//3198
f 3199//3199 3200//3200 3201//3201
f 3202//3202 3203//3203 3204//3204
f 3205//3205 3206//3206 3207//3207
f 3208//3208 3209//3209 3210//3210
f 3211//3211 3212//3212 3213//3213
f 3214//3214 3215//3215 3216//3216
f 3217//3217 3218//3218 3219//3219
f 3220//3220 3221//3221 3222//3222
f 3223//3223 3224//3224 3225//3225
f 3226//3226 3227//3227 3228//3228
f 3229//3229 3230//3230 3231//3231
f 3232//3232 3233//3233 3234//3234
f 3235//3235 3236//3236 3237//3237
f 3238//3238 3239//3239 3240//3240
f 3241//3241 3242//3242 3243//3243
f 3244//3244 3245//3245 3246//3246
f 3247//3247 3248//3248 3249//3249
f 3250//3250 3251//3251 3252//3252
f 3253//3253 3254//3254 3255//3255
f 3256//3256 3257//3257 3258//3258
f 3259//3259 3260//3260 3261//3261
f 3262//3262 3263//3263 3264//3264
f 3265//3265 3266//3266 3267//3267
f 3268//3268 3269//3269 3270//3270
f 3271//3271 3272//3272 3273//3273
f 3274//3274 3275//3275 3276//3276
f 3277//3277 3278//3278 3279//3279
f 3280//3280 3281//3281 3282//3282
f 3283//3283 3284//3284 3285//3285
f 3286//3286 3287//3287 3288//3288
f 3289//3289 3290//3290 3291//3291
f 3292//3292 3293//3293 3294//3294
f 3295//3295 3296//3296 3297//3297
f 3298//3298 3299//3299 3300//3300
f 3301//3301 3302//3302 3303//3303
f 3304//3304 3305//3305 3306//3306
f 3307//3307 3308//3308 3309//3309
f 3310//3310 3311//3311 3312//3312
f 3313//3313 3314//3314 3315//3315
f 3316//3316 3317//3317 3318//3318
f 3319//3319 3320//3320 3321//3321
f 3322//3322 3323//3323 3324//3324
f 3325//3325 3326//3326 3327//3327
f 3328//3328 3329//3329 3330//3330
f 3331//3331 3332//3332 3333//3333
f 3334//3334 3335//3335 3336//3336
f 3337//3337 3338//3338 3339//3339
f 3340//3340 3341//3341 3342//3342
f 3343//3343 3344//3344 3345//3345
f 3346//3346 3347//3347 3348//3348
f 3349//3349 3350//3350 3351//3351
f 3352//3352 3353//3353 3354//3354
f 3355//3355 3356//3356 3357//3357
f 3358//3358 3359//3359 3360//3360
f 3134//3134 3361//3361 3135//3135
f 3362//3362 3363//3363 3364//3364
f 3365//3365 3366//3366 3367//3367
f 3368//3368 3369//3369 3370//3370
f 3371//3371 3372//3372 3373//3373
f 3374//3374 3375//3375 3376//3376
f 3377//3377 3378//3378 3379//3379
f 3380//3380 3381//3381 3382//3382
f 3383//3383 3384//3384 3385//3385
f 3386//3386 3387//3387 3388//3388
f 3389//3389 3390//3390 3391//3391
f 3392//3392 3393//3393 3394//3394
f 3395//3395 3396//3396 3397//3397
f 3398//3398 3399//3399 3400//3400
f 3401//3401 3402//3402 3403//3403
f 3404//3404 3405//3405 3406//3406
f 3404//3404 3406//3406 3407//3407
f 3408//3408 3409//3409 3410//3410
f 3411//3411 3412//3412 3413//3413
f 3414//3414 3415//3415 3416//3416
f 3417//3417 3418//3418 3419//3419
f 3420//3420 3421//3421 3422//3422
f 3423//3423 3424//3424 3425//3425
f 3426//3426 3427//3427 3428//3428
f 3429//3429 3430//3430 3431//3431
f 3432//3432 3433//3433 3434//3434
f 3435//3435 3436//3436 3437//3437
f 3438//3438 3439//3439 3440//3440
f 3441//3441 3442//3442 3443//3443
f 3444//3444 3445//3445 3446//3446
f 3447//3447 3448//3448 3449//3449
f 3450//3450 3451//3451 3452//3452
f 3453//3453 3454//3454 3455//3455
f 3456//3456 3457//3457 3458//3458
f 3459//3459 3460//3460 3461//3461
f 3462//3462 3463//3463 3464//3464
f 3465//3465 3466//3466 3467//3467
f 3468//3468 3469//3469 3470//3470
f 3471//3471 3472//3472 3473//3473
f 3474//3474 3475//3475 3476//3476
f 3477//3477 3478//3478 3479//3479
f 3480//3480 3481//3481 3482//3482
f 3483//3483 3484//3484 3485//3485
f 3486//3486 3487//3487 3488//3488
f 3489//3489 3490//3490 3491//3491
f 3492//3492 3493//3493 3494//3494
f 3495//3495 3496//3496 3497//3497
f 3498//3498 3499//3499 3500//3500
f 3501//3501 3502//3502 3503//3503
f 3504//3504 3505//3505 3506//3506
f 3507//3507 3508//3508 3509//3509
f 3510//3510 3511//3511 3512//3512
f 3513//3513 3514//3514 3515//3515
f 3516//3516 3517//3517 3518//3518
f 3519//3519 3520//3520 3521//3521
f 3522//3522 3523//3523 3524//3524
f 3525//3525 3526//3526 3527//3527
f 3528//3528 3529//3529 3530//3530
f 3531//3531 3532//3532 3533//3533
f 3534//3534 3535//3535 3536//3536
f 3537//3537 3538//3538 3539//3539
f 3540//3540 3541//3541 3542//3542
f 3543//3543 3544//3544 3545//3545
f 3546//3546 3547//3547 3548//3548
f 3549//3549 3550//3550 3551//3551
f 3552//3552 3553//3553 3554//3554
f 3555//3555 3556//3556 3557//3557
f 3558//3558 3559//3559 3560//3560
f 3561//3561 3562//3562 3563//3563
f 3564//3564 3565//3565 3566//3566
f 3567//3567 3568//3568 3569//3569
f 3570//3570 3571//3571 3572//3572
f 3573//3573 3574//3574 3575//3575
f 3573//3573 3575//3575 3576//3576
f 3577//3577 3578//3578 3579//3579
f 3580//3580 3581//3581 3582//3582
f 3583//3583 3584//3584 3585//3585
f 3586//3586 3587//3587 3588//3588
f 3589//3589 3590//3590 3591//3591
f 3592//3592 3593//3593 3594//3594
f 3595//3595 3596//3596 3597//3597
f 3598//3598 3599//3599 3600//3600
f 3601//3601 3602//3602 3603//3603
f 3604//3604 3605//3605 3606//3606
f 3607//3607 3608//3608 3609//3609
f 3610//3610 3611//3611 3612//3612
f 3613//3613 3614//3614 3615//3615
f 3616//3616 3617//3617 3618//3618
f 3619//3619 3620//3620 3621//3621
f 3622//3622 3623//3623 3624//3624
f 3625//3625 3626//3626 3627//3627
f 3625//3625 3627//3627 3628//3628
f 3629//3629 3630//3630 3631//3631
f 3632//3632 3633//3633 3634//3634
f 3635//3635 3636//3636 3637//3637
f 3638//3638 3639//3639 3640//3640
f 3641//3641 3642//3642 3643//3643
f 3644//3644 3645//3645 3646//3646
f 3647//3647 3648//3648 3649//3649
f 3647//3647 3649//3649 3650//3650
f 3651//3651 3652//3652 3653//3653
f 3654//3654 3655//3655 3656//3656
f 3657//3657 3658//3658 3659//3659
f 3660//3660 3661//3661 3662//3662
f 3663//3663 3664//3664 3665//3665
f 3666//3666 3667//3667 3668//3668
f 3669//3669 3670//3670 3671//3671
f 3672//3672 3673//3673 3674//3674
f 3675//3675 3676//3676 3677//3677
f 3678//3678 3679//3679 3680//3680
f 3681//3681 3682//3682 3683//3683
f 3684//3684 3685//3685 3686//3686
f 3687//3687 3688//3688 3689//3689
f 3690//3690 3691//3691 3692//3692
f 3693//3693 3694//3694 3695//3695
f 3696//3696 3697//3697 3698//3698
f 3699//3699 3700//3700 3701//3701
f 3702//3702 3703//3703 3704//3704
f 3705//3705 3706//3706 3707//3707
f 3708//3708 3709//3709 3710//3710
f 3711//3711 3712//3712 3713//3713
f 3714//3714 3715//3715 3716//3716
f 3717//3717 3718//3718 3719//3719
f 3717//3717 3719//3719 3720//3720
f 3721//3721 3722//3722 3723//3723
f 3724//3724 3725//3725 3726//3726
f 3727//3727 3728//3728 3729//3729
f 3730//3730 3731//3731 3732//3732
f 3733//3733 3734//3734 3735//3735
f 3736//3736 3737//3737 3738//3738
f 3739//3739 3740//3740 3741//3741
f 3742//3742 3743//3743 3744//3744
f 3745//3745 3746//3746 3747//3747
f 3748//3748 3749//3749 3750//3750
f 3751//3751 3752//3752 3753//3753
f 3754//3754 3755//3755 3756//3756
f 3757//3757 3758//3758 3759//3759
f 3760//3760 3761//3761 3762//3762
f 3763//3763 3764//3764 3765//3765
f 3763//3763 3765//3765 3766//3766
f 3767//3767 3768//3768 3769//3769
f 3770//3770 3771//3771 3772//3772
f 3773//3773 3774//3774 3775//3775
f 3776//3776 3777//3777 3778//3778
f 3779//3779 3780//3780 3781//3781
f 3782//3782 3783//3783 3784//3784
f 3785//3785 3786//3786 3787//3787
f 3788//3788 3789//3789 3790//3790
f 3791//3791 3792//3792 3793//3793
f 3794//3794 3795//3795 3796//3796
f 3797//3797 3798//3798 3799//3799
f 3800//3800 3801//3801 3802//3802
f 3803//3803 3804//3804 3805//3805
f 3806//3806 3807//3807 3808//3808
f 3809//3809 3810//3810 3811//3811
f 3812//3812 3813//3813 3814//3814
f 3815//3815 3816//3816 3817//3817
f 3818//3818 3819//3819 3820//3820
f 3821//3821 3822//3822 3823//3823
f 3824//3824 3825//3825 3826//3826
f 3827//3827 3828//3828 3829//3829
f 3830//3830 3831//3831 3832//3832
f 3833//3833 3834//3834 3835//3835
f 3836//3836 3837//3837 3838//3838
f 3839//3839 3840//3840 3841//3841
f 3842//3842 3843//3843 3844//3844
f 3845//3845 3846//3846 3847//3847
f 3848//3848 3849//3849 3850//3850
f 3851//3851 3852//3852 3853//3853
f 3854//3854 3855//3855 3856//3856
f 3857//3857 3858//3858 3859//3859
f 3860//3860 3861//3861 3862//3862
f 3863//3863 3864//3864 3865//3865
f 3866//3866 3867//3867 3868//3868
f 3869//3869 3870//3870 3871//3871
f 3872//3872 3873//3873 3874//3874
f 3875//3875 3876//3876 3877//3877
f 3878//3878 3879//3879 3880//3880
f 3881//3881 3882//3882 3883//3883
f 3884//3884 3885//3885 3886//3886
f 3887//3887 3888//3888 3889//3889
f 3890//3890 3891//3891 3892//3892
f 3893//3893 3894//3894 3895//3895
f 3896//3896 3897//3897 3898//3898
f 3899//3899 3900//3900 3901//3901
f 3902//3902 3903//3903 3904//3904
f 3905//3905 3906//3906 3907//3907
f 3908//3908 3909//3909 3910//3910
f 3911//3911 3912//3912 3913//3913
f 3914//3914 3915//3915 3916//3916
f 3917//3917 3918//3918 3919//3919
f 3920//3920 3921//3921 3922//3922
f 3923//3923 3924//3924 3925//3925
f 3926//3926 3927//3927 3928//3928
f 3929//3929 3930//3930 3931//3931
f 3932//3932 3933//3933 3934//3934
f 3935//3935 3936//3936 3937//3937
f 3938//3938 3939//3939 3940//3940
f 3941//3941 3942//3942 3943//3943
f 3944//3944 3945//3945 3946//3946
f 3947//3947 3948//3948 3949//3949
f 3950//3950 3951//3951 3952//3952
f 3953//3953 3954//3954 3955//3955
f 3956//3956 3957//3957 3958//3958
f 3959//3959 3960//3960 3961//3961
f 3959//3959 3961//3961 3962//3962
f 3963//3963 3964//3964 3965//3965
f 3966//3966 3967//3967 3968//3968
f 3969//3969 3970//3970 3971//3971
f 3972//3972 3973//3973 3974//3974
f 3975//3975 3976//3976 3977//3977
f 3978//3978 3979//3979 3980//3980
f 3981//3981 3982//3982 3983//3983
f 3984//3984 3985//3985 3986//3986
f 3987//3987 3988//3988 3989//3989
f 3990//3990 3991//3991 3992//3992
f 3993//3993 3994//3994 3995//3995
f 3996//3996 3997//3997 3998//3998
f 3999//3999 4000//4000 4001//4001
f 4002//4002 4003//4003 4004//4004
f 4005//4005 4006//4006 4007//4007
f 4008//4008 4009//4009 4010//4010
f 4011//4011 4012//4012 4013//4013
f 4014//4014 4015//4015 4016//4016
f 4017//4017 4018//4018 4019//4019
f 4020//4020 4021//4021 4022//4022
f 4023//4023 4024//4024 4025//4025
f 4026//4026 4027//4027 4028//4028
f 4029//4029 4030//4030 4031//4031
f 4032//4032 4033//4033 4034//4034
f 4035//4035 4036//4036 4037//4037
f 4038//4038 4039//4039 4040//4040
f 4041//4041 4042//4042 4043//4043
f 4044//4044 4045//4045 4046//4046
f 4047//4047 4048//4048 4049//4049
f 4050//4050 4051//4051 4052//4052
f 4053//4053 4054//4054 4055//4055
f 4056//4056 4057//4057 4058//4058
f 4059//4059 4060//4060 4061//4061
f 4062//4062 4063//4063 4064//4064
f 4065//4065 4066//4066 4067//4067
f 4068//4068 4069//4069 4070//4070
f 4071//4071 4072//4072 4073//4073
f 4074//4074 4075//4075 4076//4076
f 4077//4077 4078//4078 4079//4079
f 4080//4080 4081//4081 4082//4082
f 4083//4083 4084//4084 4085//4085
f 4086//4086 4087//4087 4088//4088
f 4089//4089 4090//4090 4091//4091
f 4092//4092 4093//4093 4094//4094
f 4095//4095 4096//4096 4097//4097
f 4098//4098 4099//4099 4100//4100
f 4101//4101 4102//4102 4103//4103
f 4104//4104 4105//4105 4106//4106
f 4107//4107 4108//4108 4109//4109
f 4110//4110 4111//4111 4112//4112
f 4113//4113 4114//4114 4115//4115
f 4116//4116 4117//4117 4118//4118
f 4119//4119 4120//4120 4121//4121
f 4122//4122 4123//4123 4124//4124
f 4125//4125 4126//4126 4127//4127
f 4128//4128 4129//4129 4130//4130
f 4131//4131 4132//4132 4133//4133
f 4134//4134 4135//4135 4136//4136
f 4137//4137 4138//4138 4139//4139
f 4140//4140 4141//4141 4142//4142
f 4143//4143 4144//4144 4145//4145
f 4146//4146 4147//4147 4148//4148
f 4149//4149 4150//4150 4151//4151
f 4152//4152 4153//4153 4154//4154
f 4155//4155 4156//4156 4157//4157
f 4158//4158 4159//4159 4160//4160
f 4161//4161 4162//4162 4163//4163
f 4164//4164 4165//4165 4166//4166
f 4167//4167 4168//4168 4169//4169
f 4170//4170 4171//4171 4172//4172
f 4173//4173 4174//4174 4175//4175
f 4176//4176 4177//4177 4178//4178
f 4179//4179 4180//4180 4181//4181
f 4182//4182 4183//4183 4184//4184
f 4185//4185 4186//4186 4187//4187
f 4188//4188 4189//4189 4190//4190
f 4191//4191 4192//4192 4193//4193
f 4194//4194 4195//4195 4196//4196
f 4197//4197 4198//4198 4199//4199
f 4200//4200 4201//4201 4202//4202
f 4203//4203 4204//4204 4205//4205
f 4206//4206 4207//4207 4208//4208
f 4209//4209 4210//4210 4211//4211
f 4212//4212 4213//4213 4214//4214
f 4215//4215 4216//4216 4217//4217
f 4218//4218 4219//4219 4220//4220
f 4221//4221 4222//4222 4223//4223
f 4224//4224 4225//4225 4226//4226
f 4227//4227 4228//4228 4229//4229
f 4230//4230 4231//4231 4232//4232
f 4233//4233 4234//4234 4235//4235
f 4236//4236 4237//4237 4238//4238
f 4239//4239 4240//4240 4241//4241
f 4242//4242 4243//4243 4244//4244
f 4245//4245 4246//4246 4247//4247
f 4248//4248 4249//4249 4250//4250
f 4251//4251 4252//4252 4253//4253
f 4254//4254 4255//4255 4256//4256
f 4257//4257 4258//4258 4259//4259
f 4260//4260 4261//4261 4262//4262
f 4263//4263 4264//4264 4265//4265
f 4266//4266 4267//4267 4268//4268
f 4269//4269 4270//4270 4271//4271
f 4272//4272 4273//4273 4274//4274
f 4275//4275 4276//4276 4277//4277
f 4278//4278 4279//4279 4280//4280
f 4281//4281 4282//4282 4283//4283
f 4284//4284 4285//4285 4286//4286
f 4287//4287 4288//4288 4289//4289
f 4290//4290 4291//4291 4292//4292
f 4293//4293 4294//4294 4295//4295
f 4296//4296 4297//4297 4298//4298
f 4299//4299 4300//4300 4301//4301
f 4302//4302 4303//4303 4304//4304
f 4305//4305 4306//4306 4307//4307
f 4308//4308 4309//4309 4310//4310
f 4311//4311 4312//4312 4313//4313
f 4314//4314 4315//4315 4316//4316
f 4317//4317 4318//4318 4319//4319
f 4320//4320 4321//4321 4322//4322
f 4323//4323 4324//4324 4325//4325
f 4326//4326 4327//4327 4328//4328
f 4329//4329 4330//4330 4331//4331
f 4332//4332 4333//4333 4334//4334
f 4335//4335 4336//4336 4337//4337
f 4338//4338 4339//4339 4340//4340
f 4341//4341 4342//4342 4343//4343
f 4344//4344 4345//4345 4346//4346
f 4347//4347 4348//4348 4349//4349
f 4350//4350 4351//4351 4352//4352
f 4353//4353 4354//4354 4355//4355
f 4356//4356 4357//4357 4358//4358
f 4359//4359 4360//4360 4361//4361
f 4362//4362 4363//4363 4364//4364
f 4364//4364 4363//4363 4365//4365
f 4366//4366 4367//4367 4368//4368
f 4369//4369 4370//4370 4371//4371
f 4372//4372 4373//4373 4374//4374
f 4375//4375 4376//4376 4377//4377
f 4378//4378 4379//4379 4380//4380
f 4381//4381 4382//4382 4383//4383
f 4384//4384 4385//4385 4386//4386
f 4386//4386 4385//4385 4387//4387
f 4388//4388 4389//4389 4390//4390
f 4391//4391 4392//4392 4393//4393
f 4394//4394 4395//4395 4396//4396
f 4397//4397 4398//4398 4399//4399
f 4400//4400 4401//4401 4402//4402
f 4403//4403 4404//4404 4405//4405
f 4406//4406 4407//4407 4408//4408
f 4409//4409 4410//4410 4411//4411
f 4412//4412 4413//4413 4414//4414
f 4415//4415 4416//4416 4417//4417
f 4418//4418 4419//4419 4420//4420
f 4421//4421 4422//4422 4423//4423
f 4424//4424 4425//4425 4426//4426
f 4426//4426 4425//4425 4427//4427
f 4428//4428 4429//4429 4430//4430
f 4430//4430 4429//4429 4431//4431
f 4432//4432 4433//4433 4434//4434
f 4435//4435 4436//4436 4437//4437
f 4438//4438 4439//4439 4440//4440
f 4441//4441 4442//4442 4443//4443
f 4444//4444 4445//4445 4446//4446
f 4447//4447 4448//4448 4449//4449
f 4450//4450 4451//4451 4452//4452
f 4452//4452 4451//4451 4453//4453
f 4454//4454 4455//4455 4456//4456
f 4456//4456 4455//4455 4457//4457
f 4458//4458 4459//4459 4460//4460
f 4460//4460 4459//4459 4461//4461
f 4462//4462 4463//4463 4464//4464
f 4465//4465 4466//4466 4467//4467
f 4468//4468 4469//4469 4470//4470
f 4470//4470 4469//4469 4471//4471
f 4472//4472 4473//4473 4474//4474
f 4474//4474 4473//4473 4475//4475
f 4476//4476 4477//4477 4478//4478
f 4478//4478 4477//4477 4479//4479
f 4480//4480 4481//4481 4482//4482
f 4483//4483 4484//4484 4485//4485
f 4486//4486 4487//4487 4488//4488
f 4489//4489 4490//4490 4491//4491
f 4492//4492 4493//4493 4494//4494
f 4494//4494 4493//4493 4495//4495
f 4496//4496 4497//4497 4498//4498
f 4498//4498 4497//4497 4499//4499
f 4500//4500 4501//4501 4502//4502
f 4503//4503 4504//4504 4505//4505
f 4506//4506 4507//4507 4508//4508
f 4509//4509 4510//4510 4511//4511
f 4512//4512 4513//4513 4514//4514
f 4515//4515 4516//4516 4517//4517
f 4518//4518 4519//4519 4520//4520
f 4521//4521 4522//4522 4523//4523
f 4524//4524 4525//4525 4526//4526
f 4527//4527 4528//4528 4529//4529
f 4530//4530 4531//4531 4532//4532
f 4533//4533 4534//4534 4535//4535
f 4536//4536 4537//4537 4538//4538
f 4539//4539 4540//4540 4541//4541
f 4542//4542 4543//4543 4544//4544
f 4544//4544 4543//4543 4545//4545
f 4546//4546 4547//4547 4548//4548
f 4548//4548 4547//4547 4549//4549
f 4550//4550 4551//4551 4552//4552
f 4552//4552 4551//4551 4553//4553
f 4554//4554 4555//4555 4556//4556
f 4557//4557 4558//4558 4559//4559
f 4560//4560 4561//4561 4562//4562
f 4563//4563 4564//4564 4565//4565
f 4566//4566 4567//4567 4568//4568
f 4568//4568 4567//4567 4569//4569
f 4570//4570 4571//4571 4572//4572
f 4573//4573 4574//4574 4575//4575
f 4576//4576 4577//4577 4578//4578
f 4579//4579 4580//4580 4581//4581
f 4582//4582 4583//4583 4584//4584
f 4584//4584 4583//4583 4585//4585
f 4586//4586 4587//4587 4588//4588
f 4589//4589 4590//4590 4591//4591
f 4592//4592 4593//4593 4594//4594
f 4594//4594 4593//4593 4595//4595
f 4596//4596 4597//4597 4598//4598
f 4598//4598 4597//4597 4599//4599
f 4600//4600 4601//4601 4602//4602
f 4603//4603 4604//4604 4605//4605
f 4606//4606 4607//4607 4608//4608
f 4609//4609 4610//4610 4611//4611
f 4612//4612 4613//4613 4614//4614
f 4615//4615 4616//4616 4617//4617
f 4618//4618 4619//4619 4620//4620
f 4620//4620 4619//4619 4621//4621
f 4622//4622 4623//4623 4624//4624
f 4624//4624 4623//4623 4625//4625
f 4626//4626 4627//4627 4628//4628
f 4629//4629 4630//4630 4631//4631
f 4632//4632 4633//4633 4634//4634
f 4634//4634 4633//4633 4635//4635
f 4636//4636 4637//4637 4638//4638
f 4638//4638 4637//4637 4639//4639
f 4640//4640 4641//4641 4642//4642
f 4642//4642 4641//4641 4643//4643
f 4644//4644 4645//4645 4646//4646
f 4647//4647 4648//4648 4649//4649
f 4650//4650 4651//4651 4652//4652
f 4652//4652 4651//4651 4653//4653
f 4654//4654 4655//4655 4656//4656
f 4657//4657 4658//4658 4659//4659
f 4660//4660 4661//4661 4662//4662
f 4663//4663 4664//4664 4665//4665
f 4666//4666 4667//4667 4668//4668
f 4668//4668 4667//4667 4669//4669
f 4670//4670 4671//4671 4672//4672
f 4672//4672 4671//4671 4673//4673
f 4674//4674 4675//4675 4676//4676
f 4676//4676 4675//4675 4677//4677
f 4678//4678 4679//4679 4680//4680
f 4680//4680 4679//4679 4681//4681
f 4682//4682 4683//4683 4684//4684
f 4685//4685 4686//4686 4687//4687
f 4688//4688 4689//4689 4690//4690
f 4691//4691 4692//4692 4693//4693
f 4694//4694 4695//4695 4696//4696
f 4696//4696 4695//4695 4697//4697
f 4698//4698 4699//4699 4700//4700
f 4700//4700 4699//4699 4701//4701
f 4702//4702 4703//4703 4704//4704
f 4705//4705 4706//4706 4707//4707
f 4708//4708 4709//4709 4710//4710
f 4710//4710 4709//4709 4711//4711
f 4712//4712 4713//4713 4714//4714
f 4715//4715 4716//4716 4717//4717
f 4718//4718 4719//4719 4720//4720
f 4721//4721 4722//4722 4723//4723
f 4724//4724 4725//4725 4726//4726
f 4727//4727 4728//4728 4729//4729
f 4730//4730 4731//4731 4732//4732
f 4733//4733 4734//4734 4735//4735
f 4736//4736 4737//4737 4738//4738
f 4739//4739 4740//4740 4741//4741
f 4742//4742 4743//4743 4744//4744
f 4744//4744 4743//4743 4745//4745
f 4746//4746 4747//4747 4748//4748
f 4749//4749 4750//4750 4751//4751
f 4752//4752 4753//4753 4754//4754
f 4755//4755 4756//4756 4757//4757
f 4758//4758 4759//4759 4760//4760
f 4760//4760 4759//4759 4761//4761
f 4762//4762 4763//4763 4764//4764
f 4764//4764 4763//4763 4765//4765
f 4766//4766 4767//4767 4768//4768
f 4769//4769 4770//4770 4771//4771
f 4772//4772 4773//4773 4774//4774
f 4774//4774 4773//4773 4775//4775
f 4776//4776 4777//4777 4778//4778
f 4779//4779 4780//4780 4781//4781
f 4782//4782 4783//4783 4784//4784
f 4785//4785 4786//4786 4787//4787
f 4788//4788 4789//4789 4790//4790
f 4791//4791 4792//4792 4793//4793
f 4794//4794 4795//4795 4796//4796
f 4797//4797 4798//4798 4799//4799
f 4800//4800 4801//4801 4802//4802
f 4803//4803 4804//4804 4805//4805
f 4806//4806 4807//4807 4808//4808
f 4808//4808 4807//4807 4809//4809
f 4810//4810 4811//4811 4812//4812
f 4813//4813 4814//4814 4815//4815
f 4816//4816 4817//4817 4818//4818
f 4819//4819 4820//4820 4821//4821
f 4822//4822 4823//4823 4824//4824
f 4825//4825 4826//4826 4827//4827
f 4828//4828 4829//4829 4830//4830
f 4828//4828 4830//4830 4831//4831
f 4832//4832 4833//4833 4834//4834
f 4835//4835 4836//4836 4837//4837
f 4838//4838 4839//4839 4840//4840
f 4841//4841 4842//4842 4843//4843
f 4844//4844 4845//4845 4846//4846
f 4847//4847 4848//4848 4849//4849
f 4850//4850 4851//4851 4852//4852
f 4853//4853 4854//4854 4855//4855
f 4856//4856 4857//4857 4858//4858
f 4858//4858 4857//4857 4859//4859
f 4860//4860 4861//4861 4862//4862
f 4863//4863 4864//4864 4865//4865
f 4866//4866 4867//4867 4868//4868
f 4868//4868 4867//4867 4869//4869
f 4870//4870 4871//4871 4872//4872
f 4873//4873 4874//4874 4875//4875
f 4876//4876 4877//4877 4878//4878
f 4879//4879 4880//4880 4881//4881
f 4882//4882 4883//4883 4884//4884
f 4885//4885 4886//4886 4887//4887
f 4888//4888 4889//4889 4890//4890
f 4891//4891 4892//4892 4893//4893
f 4894//4894 4895//4895 4896//4896
f 4897//4897 4898//4898 4899//4899
f 4900//4900 4901//4901 4902//4902
f 4903//4903 4904//4904 4905//4905
f 4906//4906 4907//4907 4908//4908
f 4909//4909 4910//4910 4911//4911
f 4912//4912 4913//4913 4914//4914
f 4915//4915 4916//4916 4917//4917
f 4918//4918 4919//4919 4920//4920
f 4920//4920 4919//4919 4921//4921
f 4922//4922 4923//4923 4924//4924
f 4925//4925 4926//4926 4927//4927
f 4928//4928 4929//4929 4930//4930
f 4931//4931 4932//4932 4933//4933
f 4934//4934 4935//4935 4936//4936
f 4936//4936 4935//4935 4937//4937
f 4938//4938 4939//4939 4940//4940
f 4941//4941 4942//4942 4943//4943
f 4944//4944 4945//4945 4946//4946
f 4947//4947 4948//4948 4949//4949
f 4950//4950 4951//4951 4952//4952
f 4953//4953 4954//4954 4955//4955
f 4956//4956 4957//4957 4958//4958
f 4959//4959 4960//4960 4961//4961
f 4962//4962 4963//4963 4964//4964
f 4965//4965 4966//4966 4967//4967
f 4968//4968 4969//4969 4970//4970
f 4970//4970 4969//4969 4971//4971
f 4972//4972 4973//4973 4974//4974
f 4975//4975 4976//4976 4977//4977
f 4978//4978 4979//4979 4980//4980
f 4981//4981 4982//4982 4983//4983
f 4984//4984 4985//4985 4986//4986
f 4987//4987 4988//4988 4989//4989
f 4990//4990 4991//4991 4992//4992
f 4993//4993 4994//4994 4995//4995
f 4996//4996 4997//4997 4998//4998
f 4998//4998 4997//4997 4999//4999
f 5000//5000 5001//5001 5002//5002
f 5003//5003 5004//5004 5005//5005
f 5006//5006 5007//5007 5008//5008
f 5009//5009 5010//5010 5011//5011
f 5012//5012 5013//5013 5014//5014
f 5015//5015 5016//5016 5017//5017
f 5018//5018 5019//5019 5020//5020
f 5021//5021 5022//5022 5023//5023
f 5024//5024 5025//5025 5026//5026
f 5027//5027 5028//5028 5029//5029
f 5030//5030 5031//5031 5032//5032
f 5033//5033 5034//5034 5035//5035
f 5036//5036 5037//5037 5038//5038
f 5038//5038 5037//5037 5039//5039
f 5040//5040 5041//5041 5042//5042
f 5043//5043 5044//5044 5045//5045
f 5046//5046 5047//5047 5048//5048
f 5049//5049 5050//5050 5051//5051
f 5052//5052 5053//5053 5054//5054
f 5055//5055 5056//5056 5057//5057
f 5058//5058 5059//5059 5060//5060
f 5061//5061 5062//5062 5063//5063
f 5064//5064 5065//5065 5066//5066
f 5067//5067 5068//5068 5069//5069
f 5070//5070 5071//5071 5072//5072
f 5073//5073 5074//5074 5075//5075
f 5076//5076 5077//5077 5078//5078
f 5079//5079 5080//5080 5081//5081
f 5082//5082 5083//5083 5084//5084
f 5085//5085 5086//5086 5087//5087
f 5088//5088 5089//5089 5090//5090
f 5091//5091 5092//5092 5093//5093
f 5094//5094 5095//5095 5096//5096
f 5097//5097 5098//5098 5099//5099
f 5100//5100 5101//5101 5102//5102
f 5103//5103 5104//5104 5105//5105
f 5106//5106 5107//5107 5108//5108
f 5108//5108 5107//5107 5109//5109
f 5110//5110 5111//5111 5112//5112
f 5113//5113 5114//5114 5115//5115
f 5116//5116 5117//5117 5118//5118
f 5119//5119 5120//5120 5121//5121
f 5122//5122 5123//5123 5124//5124
f 5125//5125 5126//5126 5127//5127
f 5128//5128 5129//5129 5130//5130
f 5131//5131 5132//5132 5133//5133
f 5134//5134 5135//5135 5136//5136
f 5137//5137 5138//5138 5139//5139
f 5140//5140 5141//5141 5142//5142
f 5143//5143 5144//5144 5145//5145
f 5146//5146 5147//5147 5148//5148
f 5149//5149 5150//5150 5151//5151
f 5152//5152 5153//5153 5154//5154
f 5155//5155 5156//5156 5157//5157
f 5158//5158 5159//5159 5160//5160
f 5161//5161 5162//5162 5163//5163
f 5164//5164 5165//5165 5166//5166
f 5167//5167 5168//5168 5169//5169
f 5170//5170 5171//5171 5172//5172
f 5173//5173 5174//5174 5175//5175
f 5176//5176 5177//5177 5178//5178
f 5179//5179 5180//5180 5181//5181
f 5182//5182 5183//5183 5184//5184
f 5185//5185 5186//5186 5187//5187
f 5188//5188 5189//5189 5190//5190
f 5191//5191 5192//5192 5193//5193
f 5194//5194 5195//5195 5196//5196
f 5197//5197 5198//5198 5199//5199
f 5200//5200 5201//5201 5202//5202
f 5203//5203 5204//5204 5205//5205
f 5206//5206 5207//5207 5208//5208
f 5209//5209 5210//5210 5211//5211
f 5212//5212 5213//5213 5214//5214
f 5215//5215 5216//5216 5217//5217
f 5218//5218 5219//5219 5220//5220
f 5221//5221 5222//5222 5223//5223
f 5224//5224 5225//5225 5226//5226
f 5227//5227 5228//5228 5229//5229
f 5230//5230 5231//5231 5232//5232
f 5233//5233 5234//5234 5235//5235
f 5236//5236 5237//5237 5238//5238
f 5239//5239 5240//5240 5241//5241
f 5242//5242 5243//5243 5244//5244
f 5245//5245 5246//5246 5247//5247
f 5248//5248 5249//5249 5250//5250
f 5251//5251 5252//5252 5253//5253
f 5254//5254 5255//5255 5256//5256
f 5257//5257 5258//5258 5259//5259
f 5260//5260 5261//5261 5262//5262
f 5263//5263 5264//5264 5265//5265
f 5266//5266 5267//5267 5268//5268
f 5269//5269 5270//5270 5271//5271
f 5272//5272 5273//5273 5274//5274
f 5275//5275 5276//5276 5277//5277
f 5278//5278 5279//5279 5280//5280
f 5281//5281 5282//5282 5283//5283
f 5284//5284 5285//5285 5286//5286
f 5287//5287 5288//5288 5289//5289
f 5290//5290 5291//5291 5292//5292
f 5293//5293 5294//5294 5295//5295
f 5296//5296 5297//5297 5298//5298
f 5299//5299 5300//5300 5301//5301
f 5302//5302 5303//5303 5304//5304
f 5305//5305 5306//5306 5307//5307
f 5308//5308 5309//5309 5310//5310
f 5311//5311 5312//5312 5313//5313
f 5314//5314 5315//5315 5316//5316
f 5317//5317 5318//5318 5319//5319
f 5320//5320 5321//5321 5322//5322
f 5323//5323 5324//5324 5325//5325
f 5326//5326 5327//5327 5328//5328
f 5329//5329 5330//5330 5331//5331
f 5332//5332 5333//5333 5334//5334
f 5167//5167 5169//5169 5335//5335
f 5336//5336 5337//5337 5338//5338
f 5339//5339 5340//5340 5341//5341
f 5342//5342 5343//5343 5344//5344
f 5345//5345 5346//5346 5347//5347
f 5348//5348 5349//5349 5350//5350
f 5351//5351 5352//5352 5353//5353
f 5354//5354 5355//5355 5356//5356
f 5357//5357 5358//5358 5359//5359
f 5360//5360 5361//5361 5362//5362
f 5363//5363 5364//5364 5365//5365
f 5366//5366 5367//5367 5368//5368
f 5369//5369 5370//5370 5371//5371
f 5372//5372 5373//5373 5374//5374
f 5375//5375 5376//5376 5377//5377
f 5378//5378 5379//5379 5380//5380
f 5381//5381 5382//5382 5383//5383
f 5384//5384 5385//5385 5386//5386
f 5387//5387 5388//5388 5389//5389
f 5390//5390 5391//5391 5392//5392
f 5393//5393 5394//5394 5395//5395
f 5396//5396 5397//5397 5398//5398
f 5399//5399 5400//5400 5401//5401
f 5402//5402 5403//5403 5404//5404
f 5405//5405 5406//5406 5407//5407
f 5408//5408 5409//5409 5410//5410
f 5411//5411 5412//5412 5413//5413
f 5414//5414 5415//5415 5416//5416
f 5414//5414 5416//5416 5417//5417
f 5418//5418 5419//5419 5420//5420
f 5421//5421 5422//5422 5423//5423
f 5424//5424 5425//5425 5426//5426
f 5427//5427 5428//5428 5429//5429
f 5430//5430 5431//5431 5432//5432
f 5433//5433 5434//5434 5435//5435
f 5436//5436 5437//5437 5438//5438
f 5439//5439 5440//5440 5441//5441
f 5442//5442 5443//5443 5444//5444
f 5445//5445 5446//5446 5447//5447
f 5448//5448 5449//5449 5450//5450
f 5451//5451 5452//5452 5453//5453
f 5454//5454 5455//5455 5456//5456
f 5457//5457 5458//5458 5459//5459
f 5460//5460 5461//5461 5462//5462
f 5463//5463 5464//5464 5465//5465
f 5466//5466 5467//5467 5468//5468
f 5469//5469 5470//5470 5471//5471
f 5472//5472 5473//5473 5474//5474
f 5475//5475 5476//5476 5477//5477
f 5478//5478 5479//5479 5480//5480
f 5481//5481 5482//5482 5483//5483
f 5484//5484 5485//5485 5486//5486
f 5487//5487 5488//5488 5489//5489
f 5490//5490 5491//5491 5492//5492
f 5490//5490 5492//5492 5493//5493
f 5494//5494 5495//5495 5496//5496
f 5497//5497 5498//5498 5499//5499
f 5500//5500 5501//5501 5502//5502
f 5503//5503 5504//5504 5505//5505
f 5506//5506 5507//5507 5508//5508
f 5509//5509 5510//5510 5511//5511
f 5512//5512 5513//5513 5514//5514
f 5515//5515 5516//5516 5517//5517
f 5518//5518 5519//5519 5520//5520
f 5521//5521 5522//5522 5523//5523
f 5524//5524 5525//5525 5526//5526
f 5527//5527 5528//5528 5529//5529
f 5530//5530 5531//5531 5532//5532
f 5533//5533 5534//5534 5535//5535
f 5536//5536 5537//5537 5538//5538
f 5539//5539 5540//5540 5541//5541
f 5542//5542 5543//5543 5544//5544
f 5545//5545 5546//5546 5547//5547
f 5548//5548 5549//5549 5550//5550
f 5551//5551 5552//5552 5553//5553
f 5554//5554 5555//5555 5556//5556
f 5557//5557 5558//5558 5559//5559
f 5560//5560 5561//5561 5562//5562
f 5563//5563 5564//5564 5565//5565
f 5566//5566 5567//5567 5568//5568
f 5569//5569 5570//5570 5571//5571
f 5571//5571 5570//5570 5572//5572
f 5571//5571 5572//5572 5573//5573
f 5574//5574 5575//5575 5576//5576
f 5577//5577 5578//5578 5579//5579
f 5580//5580 5581//5581 5582//5582
f 5583//5583 5584//5584 5585//5585
f 5586//5586 5587//5587 5588//5588
f 5589//5589 5590//5590 5591//5591
f 5592//5592 5593//5593 5594//5594
f 5595//5595 5596//5596 5597//5597
f 5598//5598 5599//5599 5600//5600
f 5601//5601 5602//5602 5603//5603
f 5603//5603 5602//5602 5604//5604
f 5603//5603 5604//5604 5605//5605
f 5606//5606 5607//5607 5608//5608
f 5609//5609 5610//5610 5611//5611
f 5612//5612 5613//5613 5614//5614
f 5615//5615 5616//5616 5617//5617
f 5618//5618 5619//5619 5620//5620
f 5621//5621 5622//5622 5623//5623
f 5624//5624 5625//5625 5626//5626
f 5627//5627 5628//5628 5629//5629
f 5630//5630 5631//5631 5632//5632
f 5633//5633 5634//5634 5635//5635
f 5636//5636 5637//5637 5638//5638
f 5639//5639 5640//5640 5641//5641
f 5642//5642 5643//5643 5644//5644
f 5645//5645 5646//5646 5647//5647
f 5648//5648 5649//5649 5650//5650
f 5651//5651 5652//5652 5653//5653
f 5654//5654 5655//5655 5656//5656
f 5654//5654 5656//5656 5657//5657
f 5658//5658 5659//5659 5660//5660
f 5661//5661 5662//5662 5663//5663
f 5569//5569 5664//5664 5665//5665
f 5666//5666 5667//5667 5668//5668
f 5669//5669 5670//5670 5671//5671
f 5672//5672 5673//5673 5674//5674
f 5675//5675 5676//5676 5677//5677
f 5678//5678 5679//5679 5680//5680
f 5681//5681 5682//5682 5683//5683
f 5684//5684 5685//5685 5686//5686
f 5687//5687 5688//5688 5689//5689
f 5690//5690 5691//5691 5692//5692
f 5693//5693 5694//5694 5695//5695
f 5692//5692 5696//5696 5697//5697
f 5697//5697 5696//5696 5698//5698
f 5699//5699 5700//5700 5701//5701
f 5702//5702 5703//5703 5704//5704
f 5705//5705 5706//5706 5707//5707
f 5705//5705 5707//5707 5708//5708
f 5709//5709 5710//5710 5711//5711
f 5712//5712 5713//5713 5714//5714
f 5715//5715 5716//5716 5717//5717
f 5718//5718 5719//5719 5720//5720
f 5721//5721 5722//5722 5723//5723
f 5723//5723 5722//5722 5724//5724
f 5725//5725 5726//5726 5727//5727
f 5728//5728 5729//5729 5730//5730
f 5731//5731 5732//5732 5733//5733
f 5734//5734 5735//5735 5736//5736
f 5737//5737 5738//5738 5739//5739
f 5740//5740 5741//5741 5742//5742
f 5743//5743 5744//5744 5745//5745
f 5746//5746 5747//5747 5748//5748
f 5749//5749 5750//5750 5751//5751
f 5752//5752 5753//5753 5754//5754
f 5755//5755 5756//5756 5757//5757
f 5758//5758 5759//5759 5760//5760
f 5761//5761 5762//5762 5763//5763
f 5764//5764 5765//5765 5766//5766
f 5767//5767 5768//5768 5769//5769
f 5770//5770 5771//5771 5772//5772
f 5773//5773 5774//5774 5775//5775
f 5776//5776 5777//5777 5778//5778
f 5779//5779 5780//5780 5781//5781
f 5782//5782 5783//5783 5784//5784
f 5785//5785 5786//5786 5787//5787
f 5788//5788 5789//5789 5790//5790
f 5791//5791 5792//5792 5793//5793
f 5794//5794 5795//5795 5796//5796
f 5797//5797 5798//5798 5799//5799
f 5800//5800 5801//5801 5802//5802
f 5803//5803 5804//5804 5805//5805
f 5806//5806 5807//5807 5808//5808
f 5805//5805 5809//5809 5810//5810
f 5811//5811 5812//5812 5813//5813
f 5814//5814 5815//5815 5816//5816
f 5817//5817 5818//5818 5819//5819
f 5820//5820 5821//5821 5822//5822
f 5823//5823 5824//5824 5825//5825
f 5826//5826 5827//5827 5828//5828
f 5829//5829 5830//5830 5831//5831
f 5832//5832 5833//5833 5834//5834
f 5835//5835 5836//5836 5837//5837
f 5838//5838 5839//5839 5840//5840
f 5841//5841 5842//5842 5843//5843
f 5844//5844 5845//5845 5846//5846
f 5847//5847 5848//5848 5849//5849
f 5850//5850 5851//5851 5852//5852
f 5853//5853 5854//5854 5855//5855
f 5856//5856 5857//5857 5858//5858
f 5859//5859 5860//5860 5861//5861
f 5862//5862 5863//5863 5864//5864
f 5865//5865 5866//5866 5867//5867
f 5868//5868 5869//5869 5870//5870
f 5871//5871 5872//5872 5873//5873
f 5874//5874 5875//5875 5876//5876
f 5877//5877 5878//5878 5879//5879
f 5880//5880 5881//5881 5882//5882
f 5883//5883 5884//5884 5885//5885
f 5886//5886 5887//5887 5888//5888
f 5889//5889 5890//5890 5891//5891
f 5892//5892 5893//5893 5894//5894
f 5895//5895 5896//5896 5897//5897
f 5898//5898 5899//5899 5900//5900
f 5901//5901 5902//5902 5903//5903
f 5904//5904 5905//5905 5906//5906
f 5907//5907 5908//5908 5909//5909
f 5910//5910 5911//5911 5912//5912
f 5913//5913 5914//5914 5915//5915
f 5916//5916 5917//5917 5918//5918
f 5919//5919 5920//5920 5921//5921
f 5922//5922 5923//5923 5924//5924
f 5925//5925 5926//5926 5927//5927
f 5925//5925 5927//5927 5928//5928
f 5929//5929 5930//5930 5931//5931
f 5929//5929 5931//5931 5932//5932
f 5933//5933 5934//5934 5935//5935
f 5933//5933 5935//5935 5936//5936
f 5937//5937 5938//5938 5939//5939
f 5937//5937 5939//5939 5940//5940
f 5941//5941 5942//5942 5943//5943
f 5941//5941 5943//5943 5944//5944
f 5945//5945 5946//5946 5947//5947
f 5945//5945 5947//5947 5948//5948
f 5949//5949 5950//5950 5951//5951
f 5949//5949 5951//5951 5952//5952
f 5953//5953 5954//5954 5955//5955
f 5953//5953 5955//5955 5956//5956
f 5957//5957 5958//5958 5959//5959
f 5957//5957 5959//5959 5960//5960
f 5961//5961 5962//5962 5963//5963
f 5961//5961 5963//5963 5964//5964
f 5965//5965 5966//5966 5967//5967
f 5965//5965 5967//5967 5968//5968
f 5969//5969 5970//5970 5971//5971
f 5969//5969 5971//5971 5972//5972
f 5973//5973 5974//5974 5975//5975
f 5973//5973 5975//5975 5976//5976
f 5977//5977 5978//5978 5979//5979
f 5977//5977 5979//5979 5980//5980
f 5981//5981 5982//5982 5983//5983
f 5981//5981 5983//5983 5984//5984
f 5985//5985 5986//5986 5987//5987
f 5985//5985 5987//5987 5988//5988
f 5989//5989 5990//5990 5991//5991
f 5989//5989 5991//5991 5992//5992
f 5993//5993 5994//5994 5995//5995
f 5993//5993 5995//5995 5996//5996
f 5997//5997 5998//5998 5999//5999
f 5997//5997 5999//5999 6000//6000
f 6001//6001 6002//6002 6003//6003
f 6001//6001 6003//6003 6004//6004
f 6005//6005 6006//6006 6007//6007
f 6005//6005 6007//6007 6008//6008
f 6009//6009 6010//6010 6011//6011
f 6009//6009 6011//6011 6012//6012
f 6013//6013 6014//6014 6015//6015
f 6013//6013 6015//6015 6016//6016
f 6017//6017 6018//6018 6019//6019
f 6017//6017 6019//6019 6020//6020
f 6021//6021 6022//6022 6023//6023
f 6021//6021 6023//6023 6024//6024
f 6025//6025 6026//6026 6027//6027
f 6025//6025 6027//6027 6028//6028
f 6029//6029 6030//6030 6031//6031
f 6029//6029 6031//6031 6032//6032
f 6033//6033 6034//6034 6035//6035
f 6033//6033 6035//6035 6036//6036
f 6037//6037 6038//6038 6039//6039
f 6037//6037 6039//6039 6040//6040
f 6041//6041 6042//6042 6043//6043
f 6041//6041 6043//6043 6044//6044
f 6045//6045 6046//6046 6047//6047
f 6045//6045 6047//6047 6048//6048
f 6049//6049 6050//6050 6051//6051
f 6049//6049 6051//6051 6052//6052
f 6053//6053 6054//6054 6055//6055
f 6053//6053 6055//6055 6056//6056
f 6057//6057 6058//6058 6059//6059
f 6057//6057 6059//6059 6060//6060
f 6061//6061 6062//6062 6063//6063
f 6061//6061 6063//6063 6064//6064
f 6065//6065 6066//6066 6067//6067
f 6065//6065 6067//6067 6068//6068
f 6069//6069 6070//6070 6071//6071
f 6069//6069 6071//6071 6072//6072
f 6073//6073 6074//6074 6075//6075
f 6073//6073 6075//6075 6076//6076
f 6077//6077 6078//6078 6079//6079
f 6077//6077 6079//6079 6080//6080
f 6081//6081 6082//6082 6083//6083
f 6081//6081 6083//6083 6084//6084
f 6085//6085 6086//6086 6087//6087
f 6085//6085 6087//6087 6088//6088
f 6089//6089 6090//6090 6091//6091
f 6089//6089 6091//6091 6092//6092
f 6093//6093 6094//6094 6095//6095
f 6093//6093 6095//6095 6096//6096
f 6097//6097 6098//6098 6099//6099
f 6097//6097 6099//6099 6100//6100
f 6101//6101 6102//6102 6103//6103
f 6101//6101 6103//6103 6104//6104
f 6105//6105 6106//6106 6107//6107
f 6105//6105 6107//6107 6108//6108
f 6109//6109 6110//6110 6111//6111
f 6109//6109 6111//6111 6112//6112
f 6113//6113 6114//6114 6115//6115
f 6113//6113 6115//6115 6116//6116
f 6117//6117 6118//6118 6119//6119
f 6117//6117 6119//6119 6120//6120
f 6121//6121 6122//6122 6123//6123
f 6121//6121 6123//6123 6124//6124
f 6125//6125 6126//6126 6127//6127
f 6125//6125 6127//6127 6128//6128
f 5922//5922 6129//6129 5923//5923
f 6130//6130 6131//6131 6132//6132
f 6133//6133 6134//6134 6132//6132
f 6132//6132 6134//6134 6135//6135
f 6132//6132 6135//6135 6130//6130
f 6136//6136 6137//6137 6132//6132
f 6132//6132 6137//6137 6138//6138
f 6132//6132 6138//6138 6133//6133
f 6139//6139 6140//6140 6132//6132
f 6132//6132 6140//6140 6141//6141
f 6132//6132 6141//6141 6136//6136
f 6142//6142 6143//6143 6132//6132
f 6132//6132 6143//6143 6144//6144
f 6132//6132 6144//6144 6139//6139
f 6145//6145 6146//6146 6132//6132
f 6132//6132 6146//6146 6147//6147
f 6132//6132 6147//6147 6142//6142
f 6148//6148 6149//6149 6132//6132
f 6132//6132 6149//6149 6150//6150
f 6132//6132 6150//6150 6145//6145
f 6151//6151 6152//6152 6132//6132
f 6132//6132 6152//6152 6153//6153
f 6132//6132 6153//6153 6148//6148
f 6154//6154 6155//6155 6132//6132
f 6132//6132 6155//6155 6156//6156
f 6132//6132 6156//6156 6151//6151
f 6157//6157 6158//6158 6132//6132
f 6132//6132 6158//6158 6159//6159
f 6132//6132 6159//6159 6154//6154
f 6160//6160 6161//6161 6132//6132
f 6132//6132 6161//6161 6162//6162
f 6132//6132 6162//6162 6157//6157
f 6132//6132 6163//6163 6164//6164
f 6132//6132 6164//6164 6160//6160
f 6165//6165 6166//6166 6132//6132
f 6132//6132 6166//6166 6167//6167
f 6168//6168 6169//6169 6132//6132
f 6132//6132 6169//6169 6170//6170
f 6132//6132 6170//6170 6165//6165
f 6171//6171 6172//6172 6132//6132
f 6132//6132 6172//6172 6173//6173
f 6132//6132 6173//6173 6168//6168
f 6174//6174 6175//6175 6132//6132
f 6132//6132 6175//6175 6176//6176
f 6132//6132 6176//6176 6171//6171
f 6177//6177 6178//6178 6132//6132
f 6132//6132 6178//6178 6179//6179
f 6132//6132 6179//6179 6174//6174
f 6131//6131 6180//6180 6132//6132
f 6132//6132 6180//6180 6181//6181
f 6132//6132 6181//6181 6177//6177

