# https://github.com/mikedh/trimesh
v -0.05422373 0.07439902 -0.02106644
v -0.05647578 0.07440015 -0.01374885
v 0.05756942 0.07439906 0.00648810
v -0.05799228 0.07439902 -0.00050210
v -0.05756947 0.07439902 0.00648810
v 0.05647560 0.07439954 0.01274524
v 0.05799223 0.07439906 -0.00050210
v 0.05756942 0.07439906 -0.00749231
v 0.04772668 0.07439906 -0.03344546
v 0.00699017 0.07439904 -0.05807154
v 0.01387844 0.07439904 -0.05680922
v 0.02056432 0.07439905 -0.05472581
v -0.00000002 0.07439904 -0.05849436
v -0.00699022 0.07439904 -0.05807154
v -0.01387848 0.07439904 -0.05680922
v -0.05756947 0.07439902 -0.00749231
v -0.05630714 0.07439902 0.01337635
v -0.05422373 0.07439903 0.02006224
v -0.05134963 0.07439903 0.02644824
v -0.03845600 0.07439903 0.04290573
v 0.05422368 0.07439906 0.02006224
v 0.05134958 0.07439906 0.02644824
v 0.04340781 0.07439906 -0.03895809
v 0.03845595 0.07439905 -0.04390994
v 0.03294334 0.07439905 -0.04822880
v 0.02695033 0.07439905 -0.05185170
v -0.04340786 0.07439903 -0.03895809
v -0.03845600 0.07439903 -0.04390994
v -0.03294339 0.07439903 -0.04822880
v -0.04772673 0.07439903 0.03244126
v -0.04340786 0.07439903 0.03795388
v -0.00699022 0.07439904 0.05706734
v -0.00000002 0.07439905 0.05749015
v 0.00699017 0.07439905 0.05706734
v 0.03845595 0.07439906 0.04290573
v 0.04340781 0.07439906 0.03795388
v 0.04772668 0.07439906 0.03244126
v 0.05630709 0.07439906 -0.01438056
v 0.05422368 0.07439906 -0.02106644
v 0.05134958 0.07439906 -0.02745246
v -0.02056437 0.07439903 -0.05472581
v -0.02695037 0.07439903 -0.05185170
v -0.03294339 0.07439903 0.04722460
v -0.02695037 0.07439904 0.05084751
v -0.02056437 0.07439904 0.05372160
v 0.01387844 0.07439905 0.05580501
v 0.02056432 0.07439905 0.05372160
v 0.02695033 0.07439905 0.05084751
v -0.01387848 0.07439904 0.05580501
v 0.03294334 0.07439906 0.04722460
v -0.04772673 0.07439903 -0.03344546
v -0.05134963 0.07439902 -0.02745246
v -0.00000002 0.07439905 0.05749015
v 0.00107178 0.07359906 0.05748756
v 0.00443894 0.07359906 0.05732766
v -0.00000002 0.07439905 0.05749015
v 0.00443894 0.07359906 0.05732766
v 0.00699017 0.07439905 0.05706734
v 0.00699017 0.07439905 0.05706734
v 0.00443894 0.07359906 0.05732766
v 0.00774141 0.07359906 0.05697840
v 0.00699017 0.07439905 0.05706734
v 0.00774141 0.07359906 0.05697840
v 0.01099954 0.07359906 0.05644468
v 0.00699017 0.07439905 0.05706734
v 0.01099954 0.07359906 0.05644468
v 0.01387844 0.07439905 0.05580501
v 0.01387844 0.07439905 0.05580501
v 0.01099954 0.07359906 0.05644468
v 0.01429107 0.07359906 0.05570962
v 0.01387844 0.07439905 0.05580501
v 0.01429107 0.07359906 0.05570962
v 0.01753386 0.07359907 0.05478390
v 0.01387844 0.07439905 0.05580501
v 0.01753386 0.07359907 0.05478390
v 0.02056432 0.07439905 0.05372160
v 0.02056432 0.07439905 0.05372160
v 0.01753386 0.07359907 0.05478390
v 0.02067088 0.07359907 0.05368856
v 0.02680723 0.07359907 0.05093021
v 0.02695033 0.07439905 0.05084751
v 0.02378311 0.07359907 0.05239669
v 0.02378311 0.07359907 0.05239669
v 0.02695033 0.07439905 0.05084751
v 0.02056432 0.07439905 0.05372160
v 0.02378311 0.07359907 0.05239669
v 0.02056432 0.07439905 0.05372160
v 0.02067088 0.07359907 0.05368856
v 0.03260136 0.07359907 0.04746730
v 0.03294334 0.07439906 0.04722460
v 0.02975446 0.07359907 0.04928331
v 0.02975446 0.07359907 0.04928331
v 0.03294334 0.07439906 0.04722460
v 0.02695033 0.07439905 0.05084751
v 0.02975446 0.07359907 0.04928331
v 0.02695033 0.07439905 0.05084751
v 0.02680723 0.07359907 0.05093021
v 0.03796723 0.07359907 0.04334312
v 0.03845595 0.07439906 0.04290573
v 0.03534535 0.07359907 0.04548290
v 0.03534535 0.07359907 0.04548290
v 0.03845595 0.07439906 0.04290573
v 0.03294334 0.07439906 0.04722460
v 0.03534535 0.07359907 0.04548290
v 0.03294334 0.07439906 0.04722460
v 0.03260136 0.07359907 0.04746730
v 0.04284882 0.07359907 0.03858671
v 0.04340781 0.07439906 0.03795388
v 0.04049290 0.07359907 0.04102181
v 0.04049290 0.07359907 0.04102181
v 0.04340781 0.07439906 0.03795388
v 0.03845595 0.07439906 0.04290573
v 0.04049290 0.07359907 0.04102181
v 0.03845595 0.07439906 0.04290573
v 0.03796723 0.07359907 0.04334312
v 0.04712971 0.07359907 0.03330220
v 0.04772668 0.07439906 0.03244126
v 0.04504730 0.07359907 0.03603197
v 0.04504730 0.07359907 0.03603197
v 0.04772668 0.07439906 0.03244126
v 0.04340781 0.07439906 0.03795388
v 0.04504730 0.07359907 0.03603197
v 0.04340781 0.07439906 0.03795388
v 0.04284882 0.07359907 0.03858671
v 0.05077925 0.07359908 0.02752376
v 0.05134958 0.07439906 0.02644824
v 0.04906400 0.07359907 0.03042762
v 0.04906400 0.07359907 0.03042762
v 0.05134958 0.07439906 0.02644824
v 0.04772668 0.07439906 0.03244126
v 0.04906400 0.07359907 0.03042762
v 0.04772668 0.07439906 0.03244126
v 0.04712971 0.07359907 0.03330220
v 0.05376759 0.07359908 0.02124551
v 0.05422368 0.07439906 0.02006224
v 0.05233462 0.07359908 0.02449881
v 0.05233462 0.07359908 0.02449881
v 0.05422368 0.07439906 0.02006224
v 0.05134958 0.07439906 0.02644824
v 0.05233462 0.07359908 0.02449881
v 0.05134958 0.07439906 0.02644824
v 0.05077925 0.07359908 0.02752376
v 0.05376759 0.07359908 0.02124551
v 0.05494197 0.07359908 0.01808118
v 0.05422368 0.07439906 0.02006224
v 0.05422368 0.07439906 0.02006224
v 0.05494197 0.07359908 0.01808118
v 0.05647560 0.07439954 0.01274524
v 0.05494197 0.07359908 0.01808118
v 0.05596748 0.07359910 0.01472119
v 0.05647560 0.07439954 0.01274524
v 0.05647560 0.07439954 0.01274524
v 0.05596748 0.07359910 0.01472119
v 0.05672881 0.07359908 0.01157068
v 0.05647560 0.07439954 0.01274524
v 0.05672881 0.07359908 0.01157068
v 0.05756942 0.07439906 0.00648810
v 0.05756942 0.07439906 0.00648810
v 0.05672881 0.07359908 0.01157068
v 0.05731068 0.07359908 0.00841075
v 0.05756942 0.07439906 0.00648810
v 0.05731068 0.07359908 0.00841075
v 0.05773188 0.07359908 0.00506504
v 0.05756942 0.07439906 0.00648810
v 0.05773188 0.07359908 0.00506504
v 0.05799223 0.07439906 -0.00050210
v 0.05799223 0.07439906 -0.00050210
v 0.05773188 0.07359908 0.00506504
v 0.05795197 0.07359908 0.00183964
v 0.05795197 0.07359908 0.00183964
v 0.05799107 0.07359908 -0.00149242
v 0.05799223 0.07439906 -0.00050210
v 0.05799223 0.07439906 -0.00050210
v 0.05799107 0.07359908 -0.00149242
v 0.05783593 0.07359908 -0.00485991
v 0.05799223 0.07439906 -0.00050210
v 0.05783593 0.07359908 -0.00485991
v 0.05756942 0.07439906 -0.00749231
v 0.05756942 0.07439906 -0.00749231
v 0.05783593 0.07359908 -0.00485991
v 0.05749090 0.07359908 -0.00816582
v 0.05756942 0.07439906 -0.00749231
v 0.05749090 0.07359908 -0.00816582
v 0.05696215 0.07359908 -0.01142160
v 0.05756942 0.07439906 -0.00749231
v 0.05696215 0.07359908 -0.01142160
v 0.05630709 0.07439906 -0.01438056
v 0.05630709 0.07439906 -0.01438056
v 0.05696215 0.07359908 -0.01142160
v 0.05623166 0.07359908 -0.01471444
v 0.05630709 0.07439906 -0.01438056
v 0.05623166 0.07359908 -0.01471444
v 0.05531056 0.07359907 -0.01795828
v 0.05630709 0.07439906 -0.01438056
v 0.05531056 0.07359907 -0.01795828
v 0.05422368 0.07439906 -0.02106644
v 0.05422368 0.07439906 -0.02106644
v 0.05531056 0.07359907 -0.01795828
v 0.05421918 0.07359907 -0.02109802
v 0.05146996 0.07359907 -0.02723699
v 0.05134958 0.07439906 -0.02745246
v 0.05293194 0.07359907 -0.02421130
v 0.05293194 0.07359907 -0.02421130
v 0.05134958 0.07439906 -0.02745246
v 0.05422368 0.07439906 -0.02106644
v 0.05293194 0.07359907 -0.02421130
v 0.05422368 0.07439906 -0.02106644
v 0.05421918 0.07359907 -0.02109802
v 0.04801523 0.07359907 -0.03303591
v 0.04772668 0.07439906 -0.03344546
v 0.04982714 0.07359907 -0.03018664
v 0.04982714 0.07359907 -0.03018664
v 0.04772668 0.07439906 -0.03344546
v 0.05134958 0.07439906 -0.02745246
v 0.04982714 0.07359907 -0.03018664
v 0.05134958 0.07439906 -0.02745246
v 0.05146996 0.07359907 -0.02723699
v 0.04389853 0.07359907 -0.03840770
v 0.04340781 0.07439906 -0.03895809
v 0.04603485 0.07359907 -0.03578251
v 0.04603485 0.07359907 -0.03578251
v 0.04340781 0.07439906 -0.03895809
v 0.04772668 0.07439906 -0.03344546
v 0.04603485 0.07359907 -0.03578251
v 0.04772668 0.07439906 -0.03344546
v 0.04801523 0.07359907 -0.03303591
v 0.03914887 0.07359907 -0.04329604
v 0.03845595 0.07439905 -0.04390994
v 0.04158184 0.07359907 -0.04093554
v 0.04158184 0.07359907 -0.04093554
v 0.03845595 0.07439905 -0.04390994
v 0.04340781 0.07439906 -0.03895809
v 0.04158184 0.07359907 -0.04093554
v 0.04340781 0.07439906 -0.03895809
v 0.04389853 0.07359907 -0.03840770
v 0.03845595 0.07439905 -0.04390994
v 0.03914887 0.07359907 -0.04329604
v 0.03659722 0.07359907 -0.04549812
v 0.03845595 0.07439905 -0.04390994
v 0.03659722 0.07359907 -0.04549812
v 0.03294334 0.07439905 -0.04822880
v 0.03294334 0.07439905 -0.04822880
v 0.03659722 0.07359907 -0.04549812
v 0.03387330 0.07359907 -0.04758227
v 0.02809703 0.07359906 -0.05124201
v 0.02695033 0.07439905 -0.05185170
v 0.03099871 0.07359907 -0.04952254
v 0.03099871 0.07359907 -0.04952254
v 0.02695033 0.07439905 -0.05185170
v 0.03294334 0.07439905 -0.04822880
v 0.03099871 0.07359907 -0.04952254
v 0.03294334 0.07439905 -0.04822880
v 0.03387330 0.07359907 -0.04758227
v 0.02182303 0.07359906 -0.05423913
v 0.02056432 0.07439905 -0.05472581
v 0.02507867 0.07359906 -0.05279953
v 0.02507867 0.07359906 -0.05279953
v 0.02056432 0.07439905 -0.05472581
v 0.02695033 0.07439905 -0.05185170
v 0.02507867 0.07359906 -0.05279953
v 0.02695033 0.07439905 -0.05185170
v 0.02809703 0.07359906 -0.05124201
v 0.02056432 0.07439905 -0.05472581
v 0.02182303 0.07359906 -0.05423913
v 0.01866018 0.07359906 -0.05541802
v 0.02056432 0.07439905 -0.05472581
v 0.01866018 0.07359906 -0.05541802
v 0.01387844 0.07439904 -0.05680922
v 0.01387844 0.07439904 -0.05680922
v 0.01866018 0.07359906 -0.05541802
v 0.01543626 0.07359906 -0.05640989
v 0.01387844 0.07439904 -0.05680922
v 0.01543626 0.07359906 -0.05640989
v 0.01215366 0.07359906 -0.05721365
v 0.01387844 0.07439904 -0.05680922
v 0.01215366 0.07359906 -0.05721365
v 0.00699017 0.07439904 -0.05807154
v 0.00883236 0.07359906 -0.05782525
v 0.00883236 0.07359906 -0.05782525
v 0.00548597 0.07359906 -0.05824177
v 0.00699017 0.07439904 -0.05807154
v 0.00699017 0.07439904 -0.05807154
v 0.00548597 0.07359906 -0.05824177
v -0.00000002 0.07439904 -0.05849436
v -0.00000002 0.07439904 -0.05849436
v 0.00548597 0.07359906 -0.05824177
v 0.00226469 0.07359906 -0.05845716
v -0.00000002 0.07439904 -0.05849436
v 0.00226469 0.07359906 -0.05845716
v -0.00107176 0.07359905 -0.05849176
v -0.00000002 0.07439904 -0.05849436
v -0.00107176 0.07359905 -0.05849176
v -0.00443898 0.07359905 -0.05833188
v -0.00000002 0.07439904 -0.05849436
v -0.00443898 0.07359905 -0.05833188
v -0.00699022 0.07439904 -0.05807154
v -0.00699022 0.07439904 -0.05807154
v -0.00443898 0.07359905 -0.05833188
v -0.00774150 0.07359905 -0.05798260
v -0.00699022 0.07439904 -0.05807154
v -0.00774150 0.07359905 -0.05798260
v -0.01099959 0.07359905 -0.05744888
v -0.00699022 0.07439904 -0.05807154
v -0.01099959 0.07359905 -0.05744888
v -0.01387848 0.07439904 -0.05680922
v -0.01387848 0.07439904 -0.05680922
v -0.01099959 0.07359905 -0.05744888
v -0.01429121 0.07359905 -0.05671381
v -0.01387848 0.07439904 -0.05680922
v -0.01429121 0.07359905 -0.05671381
v -0.01753391 0.07359905 -0.05578809
v -0.01387848 0.07439904 -0.05680922
v -0.01753391 0.07359905 -0.05578809
v -0.02056437 0.07439903 -0.05472581
v -0.02056437 0.07439903 -0.05472581
v -0.01753391 0.07359905 -0.05578809
v -0.02067094 0.07359905 -0.05469276
v -0.02680723 0.07359905 -0.05193445
v -0.02695037 0.07439903 -0.05185170
v -0.02378315 0.07359905 -0.05340088
v -0.02378315 0.07359905 -0.05340088
v -0.02695037 0.07439903 -0.05185170
v -0.02056437 0.07439903 -0.05472581
v -0.02378315 0.07359905 -0.05340088
v -0.02056437 0.07439903 -0.05472581
v -0.02067094 0.07359905 -0.05469276
v -0.03260135 0.07359904 -0.04847155
v -0.03294339 0.07439903 -0.04822880
v -0.02975451 0.07359905 -0.05028753
v -0.02975451 0.07359905 -0.05028753
v -0.03294339 0.07439903 -0.04822880
v -0.02695037 0.07439903 -0.05185170
v -0.02975451 0.07359905 -0.05028753
v -0.02695037 0.07439903 -0.05185170
v -0.02680723 0.07359905 -0.05193445
v -0.03796730 0.07359904 -0.04434731
v -0.03845600 0.07439903 -0.04390994
v -0.03534539 0.07359904 -0.04648711
v -0.03534539 0.07359904 -0.04648711
v -0.03845600 0.07439903 -0.04390994
v -0.03294339 0.07439903 -0.04822880
v -0.03534539 0.07359904 -0.04648711
v -0.03294339 0.07439903 -0.04822880
v -0.03260135 0.07359904 -0.04847155
v -0.04284886 0.07359904 -0.03959092
v -0.04340786 0.07439903 -0.03895809
v -0.04049295 0.07359904 -0.04202602
v -0.04049295 0.07359904 -0.04202602
v -0.04340786 0.07439903 -0.03895809
v -0.03845600 0.07439903 -0.04390994
v -0.04049295 0.07359904 -0.04202602
v -0.03845600 0.07439903 -0.04390994
v -0.03796730 0.07359904 -0.04434731
v -0.04712976 0.07359904 -0.03430640
v -0.04772673 0.07439903 -0.03344546
v -0.04504735 0.07359904 -0.03703616
v -0.04504735 0.07359904 -0.03703616
v -0.04772673 0.07439903 -0.03344546
v -0.04340786 0.07439903 -0.03895809
v -0.04504735 0.07359904 -0.03703616
v -0.04340786 0.07439903 -0.03895809
v -0.04284886 0.07359904 -0.03959092
v -0.05077923 0.07359904 -0.02852807
v -0.05134963 0.07439902 -0.02745246
v -0.04906404 0.07359904 -0.03143183
v -0.04906404 0.07359904 -0.03143183
v -0.05134963 0.07439902 -0.02745246
v -0.04772673 0.07439903 -0.03344546
v -0.04906404 0.07359904 -0.03143183
v -0.04772673 0.07439903 -0.03344546
v -0.04712976 0.07359904 -0.03430640
v -0.05376764 0.07359904 -0.02224971
v -0.05422373 0.07439902 -0.02106644
v -0.05233464 0.07359904 -0.02550307
v -0.05233464 0.07359904 -0.02550307
v -0.05422373 0.07439902 -0.02106644
v -0.05134963 0.07439902 -0.02745246
v -0.05233464 0.07359904 -0.02550307
v -0.05134963 0.07439902 -0.02745246
v -0.05077923 0.07359904 -0.02852807
v -0.05376764 0.07359904 -0.02224971
v -0.05494202 0.07359904 -0.01908539
v -0.05422373 0.07439902 -0.02106644
v -0.05422373 0.07439902 -0.02106644
v -0.05494202 0.07359904 -0.01908539
v -0.05647578 0.07440015 -0.01374885
v -0.05494202 0.07359904 -0.01908539
v -0.05596755 0.07359906 -0.01572534
v -0.05647578 0.07440015 -0.01374885
v -0.05647578 0.07440015 -0.01374885
v -0.05596755 0.07359906 -0.01572534
v -0.05672886 0.07359904 -0.01257488
v -0.05647578 0.07440015 -0.01374885
v -0.05672886 0.07359904 -0.01257488
v -0.05756947 0.07439902 -0.00749231
v -0.05756947 0.07439902 -0.00749231
v -0.05672886 0.07359904 -0.01257488
v -0.05731074 0.07359904 -0.00941486
v -0.05731074 0.07359904 -0.00941486
v -0.05773193 0.07359904 -0.00606921
v -0.05756947 0.07439902 -0.00749231
v -0.05756947 0.07439902 -0.00749231
v -0.05773193 0.07359904 -0.00606921
v -0.05799228 0.07439902 -0.00050210
v -0.05799228 0.07439902 -0.00050210
v -0.05773193 0.07359904 -0.00606921
v -0.05795202 0.07359904 -0.00284379
v -0.05799228 0.07439902 -0.00050210
v -0.05795202 0.07359904 -0.00284379
v -0.05799112 0.07359904 0.00048823
v -0.05799228 0.07439902 -0.00050210
v -0.05799112 0.07359904 0.00048823
v -0.05783597 0.07359904 0.00385571
v -0.05799228 0.07439902 -0.00050210
v -0.05783597 0.07359904 0.00385571
v -0.05756947 0.07439902 0.00648810
v -0.05783597 0.07359904 0.00385571
v -0.05727463 0.07359796 0.00877166
v -0.05756947 0.07439902 0.00648810
v -0.05756947 0.07439902 0.00648810
v -0.05727463 0.07359796 0.00877166
v -0.05630714 0.07439902 0.01337635
v -0.05630714 0.07439902 0.01337635
v -0.05727463 0.07359796 0.00877166
v -0.05623170 0.07359904 0.01371024
v -0.05630714 0.07439902 0.01337635
v -0.05623170 0.07359904 0.01371024
v -0.05531060 0.07359904 0.01695408
v -0.05630714 0.07439902 0.01337635
v -0.05531060 0.07359904 0.01695408
v -0.05422373 0.07439903 0.02006224
v -0.05422373 0.07439903 0.02006224
v -0.05531060 0.07359904 0.01695408
v -0.05421923 0.07359904 0.02009381
v -0.05147001 0.07359904 0.02623279
v -0.05134963 0.07439903 0.02644824
v -0.05293199 0.07359904 0.02320709
v -0.05293199 0.07359904 0.02320709
v -0.05134963 0.07439903 0.02644824
v -0.05422373 0.07439903 0.02006224
v -0.05293199 0.07359904 0.02320709
v -0.05422373 0.07439903 0.02006224
v -0.05421923 0.07359904 0.02009381
v -0.04801534 0.07359904 0.03203164
v -0.04772673 0.07439903 0.03244126
v -0.04982719 0.07359904 0.02918242
v -0.04982719 0.07359904 0.02918242
v -0.04772673 0.07439903 0.03244126
v -0.05134963 0.07439903 0.02644824
v -0.04982719 0.07359904 0.02918242
v -0.05134963 0.07439903 0.02644824
v -0.05147001 0.07359904 0.02623279
v -0.04389851 0.07359904 0.03740356
v -0.04340786 0.07439903 0.03795388
v -0.04603489 0.07359904 0.03477830
v -0.04603489 0.07359904 0.03477830
v -0.04340786 0.07439903 0.03795388
v -0.04772673 0.07439903 0.03244126
v -0.04603489 0.07359904 0.03477830
v -0.04772673 0.07439903 0.03244126
v -0.04801534 0.07359904 0.03203164
v -0.03914888 0.07359905 0.04229188
v -0.03845600 0.07439903 0.04290573
v -0.04158189 0.07359905 0.03993133
v -0.04158189 0.07359905 0.03993133
v -0.03845600 0.07439903 0.04290573
v -0.04340786 0.07439903 0.03795388
v -0.04158189 0.07359905 0.03993133
v -0.04340786 0.07439903 0.03795388
v -0.04389851 0.07359904 0.03740356
v -0.03845600 0.07439903 0.04290573
v -0.03914888 0.07359905 0.04229188
v -0.03659727 0.07359905 0.04449391
v -0.03845600 0.07439903 0.04290573
v -0.03659727 0.07359905 0.04449391
v -0.03294339 0.07439903 0.04722460
v -0.03294339 0.07439903 0.04722460
v -0.03659727 0.07359905 0.04449391
v -0.03387339 0.07359905 0.04657804
v -0.02809709 0.07359905 0.05023780
v -0.02695037 0.07439904 0.05084751
v -0.03099875 0.07359905 0.04851834
v -0.03099875 0.07359905 0.04851834
v -0.02695037 0.07439904 0.05084751
v -0.03294339 0.07439903 0.04722460
v -0.03099875 0.07359905 0.04851834
v -0.03294339 0.07439903 0.04722460
v -0.03387339 0.07359905 0.04657804
v -0.02182299 0.07359905 0.05323495
v -0.02056437 0.07439904 0.05372160
v -0.02507876 0.07359905 0.05179531
v -0.02507876 0.07359905 0.05179531
v -0.02056437 0.07439904 0.05372160
v -0.02695037 0.07439904 0.05084751
v -0.02507876 0.07359905 0.05179531
v -0.02695037 0.07439904 0.05084751
v -0.02809709 0.07359905 0.05023780
v -0.02056437 0.07439904 0.05372160
v -0.02182299 0.07359905 0.05323495
v -0.01866023 0.07359905 0.05441381
v -0.02056437 0.07439904 0.05372160
v -0.01866023 0.07359905 0.05441381
v -0.01387848 0.07439904 0.05580501
v -0.01387848 0.07439904 0.05580501
v -0.01866023 0.07359905 0.05441381
v -0.01543619 0.07359905 0.05540571
v -0.01387848 0.07439904 0.05580501
v -0.01543619 0.07359905 0.05540571
v -0.01215371 0.07359906 0.05620946
v -0.01387848 0.07439904 0.05580501
v -0.01215371 0.07359906 0.05620946
v -0.00699022 0.07439904 0.05706734
v -0.00883242 0.07359906 0.05682105
v -0.00699022 0.07439904 0.05706734
v -0.00883242 0.07359906 0.05682105
v -0.00548609 0.07359906 0.05723755
v -0.00699022 0.07439904 0.05706734
v -0.00548609 0.07359906 0.05723755
v -0.00000002 0.07439905 0.05749015
v -0.00000002 0.07439905 0.05749015
v -0.00548609 0.07359906 0.05723755
v -0.00226474 0.07359906 0.05745295
v -0.00000002 0.07439905 0.05749015
v -0.00226474 0.07359906 0.05745295
v 0.00107178 0.07359906 0.05748756
v 0.01335589 0.07358578 0.05584117
v 0.01429107 0.07359906 0.05570962
v 0.01099954 0.07359906 0.05644468
v 0.00443894 0.07359906 0.05732766
v 0.00352248 0.07359894 0.05728434
v 0.00774141 0.07359906 0.05697840
v 0.00847694 0.07359891 0.05676763
v 0.01335589 0.07358578 0.05584117
v 0.01099954 0.07359906 0.05644468
v 0.00847694 0.07359891 0.05676763
v 0.01099954 0.07359906 0.05644468
v 0.01429107 0.07359906 0.05570962
v 0.01335589 0.07358578 0.05584117
v 0.01816159 0.07359891 0.05446915
v 0.01429107 0.07359906 0.05570962
v 0.01816159 0.07359891 0.05446915
v 0.01753386 0.07359907 0.05478390
v 0.02067088 0.07359907 0.05368856
v 0.02281999 0.07359891 0.05270437
v 0.04293362 0.07359798 0.03833928
v 0.04284882 0.07359907 0.03858671
v 0.04049290 0.07359907 0.04102181
v -0.03796730 0.07359904 -0.04434731
v -0.03757935 0.07359889 -0.04454158
v -0.04122613 0.07359892 -0.04114801
v -0.04284886 0.07359904 -0.03959092
v -0.04122613 0.07359892 -0.04114801
v -0.04456592 0.07358574 -0.03747273
v 0.03158924 0.07358578 0.04802690
v 0.03564987 0.07359895 0.04511331
v 0.03260136 0.07359907 0.04746730
v 0.03260136 0.07359907 0.04746730
v 0.03564987 0.07359895 0.04511331
v 0.03534535 0.07359907 0.04548290
v 0.04293362 0.07359798 0.03833928
v 0.04049290 0.07359907 0.04102181
v 0.03943920 0.07359887 0.04187986
v 0.03796723 0.07359907 0.04334312
v 0.05784885 0.07359892 -0.00278035
v 0.05745184 0.07358798 -0.00772995
v 0.05783593 0.07359908 -0.00485991
v 0.05783593 0.07359908 -0.00485991
v 0.05745184 0.07358798 -0.00772995
v 0.05749090 0.07359908 -0.00816582
v 0.04801523 0.07359907 -0.03303591
v 0.04917974 0.07359892 -0.03104769
v 0.04637189 0.07359892 -0.03516228
v 0.03195206 0.07359891 -0.04877991
v 0.02768355 0.07359894 -0.05134796
v 0.03099871 0.07359907 -0.04952254
v 0.02809703 0.07359906 -0.05124201
v -0.04284886 0.07359904 -0.03959092
v -0.04049295 0.07359904 -0.04202602
v -0.00548609 0.07359906 0.05723755
v -0.00644507 0.07358575 0.05704272
v -0.00146524 0.07359769 0.05737541
v 0.02378311 0.07359907 0.05239669
v 0.02730936 0.07359895 0.05054571
v 0.02680723 0.07359907 0.05093021
v 0.03158924 0.07358578 0.04802690
v 0.03260136 0.07359907 0.04746730
v 0.02975446 0.07359907 0.04928331
v 0.03158924 0.07358578 0.04802690
v 0.02975446 0.07359907 0.04928331
v 0.02730936 0.07359895 0.05054571
v 0.02975446 0.07359907 0.04928331
v 0.04611369 0.07359772 0.03450474
v 0.04895486 0.07358578 0.03042304
v 0.04906400 0.07359907 0.03042762
v 0.04906400 0.07359907 0.03042762
v 0.04895486 0.07358578 0.03042304
v 0.05077925 0.07359908 0.02752376
v 0.05077925 0.07359908 0.02752376
v 0.04895486 0.07358578 0.03042304
v 0.05142971 0.07359892 0.02608107
v 0.05077925 0.07359908 0.02752376
v 0.05142971 0.07359892 0.02608107
v 0.05233462 0.07359908 0.02449881
v 0.05352453 0.07359892 0.02156154
v 0.05376759 0.07359908 0.02124551
v 0.05494197 0.07359908 0.01808118
v 0.05522308 0.07359895 0.01687867
v 0.05783593 0.07359908 -0.00485991
v 0.05799107 0.07359908 -0.00149242
v 0.05784885 0.07359892 -0.00278035
v 0.05795197 0.07359908 0.00183964
v 0.05783055 0.07359892 0.00220098
v 0.05531056 0.07359907 -0.01795828
v 0.05623166 0.07359908 -0.01471444
v 0.05534926 0.07359895 -0.01747672
v 0.05534926 0.07359895 -0.01747672
v 0.05623166 0.07359908 -0.01471444
v 0.05661724 0.07358248 -0.01264350
v 0.05661724 0.07358248 -0.01264350
v 0.05623166 0.07359908 -0.01471444
v 0.05696215 0.07359908 -0.01142160
v 0.05661724 0.07358248 -0.01264350
v 0.05696215 0.07359908 -0.01142160
v 0.05745184 0.07358798 -0.00772995
v 0.05745184 0.07358798 -0.00772995
v 0.05696215 0.07359908 -0.01142160
v 0.05749090 0.07359908 -0.00816582
v 0.05421918 0.07359907 -0.02109802
v 0.05368514 0.07359892 -0.02217203
v 0.05293194 0.07359907 -0.02421130
v 0.05162358 0.07359895 -0.02670678
v 0.05146996 0.07359907 -0.02723699
v 0.04982714 0.07359907 -0.03018664
v 0.04322067 0.07359892 -0.03902032
v 0.04389853 0.07359907 -0.03840770
v 0.04603485 0.07359907 -0.03578251
v 0.03974945 0.07359892 -0.04259321
v 0.04158184 0.07359907 -0.04093554
v 0.03598394 0.07359891 -0.04585446
v 0.03914887 0.07359907 -0.04329604
v 0.02321014 0.07359891 -0.05353955
v 0.01858339 0.07358576 -0.05534372
v 0.02182303 0.07359906 -0.05423913
v 0.02182303 0.07359906 -0.05423913
v 0.01858339 0.07358576 -0.05534372
v 0.01866018 0.07359906 -0.05541802
v 0.01866018 0.07359906 -0.05541802
v 0.01858339 0.07358576 -0.05534372
v 0.01543626 0.07359906 -0.05640989
v 0.01543626 0.07359906 -0.05640989
v 0.01378214 0.07359891 -0.05673141
v -0.00774150 0.07359905 -0.05798260
v -0.00600530 0.07359890 -0.05808351
v -0.01093307 0.07359890 -0.05735411
v -0.02680723 0.07359905 -0.05193445
v -0.02508797 0.07359889 -0.05267755
v -0.02948032 0.07359889 -0.05032774
v -0.01543619 0.07359905 0.05540571
v -0.01618858 0.07359890 0.05508218
v -0.01135029 0.07359890 0.05626809
v 0.00107178 0.07359906 0.05748756
v -0.00146524 0.07359769 0.05737541
v -0.00146524 0.07359769 0.05737541
v 0.00107178 0.07359906 0.05748756
v -0.00226474 0.07359906 0.05745295
v -0.00146524 0.07359769 0.05737541
v -0.00226474 0.07359906 0.05745295
v -0.00548609 0.07359906 0.05723755
v 0.04906400 0.07359907 0.03042762
v 0.04712971 0.07359907 0.03330220
v 0.04611369 0.07359772 0.03450474
v 0.04611369 0.07359772 0.03450474
v 0.04712971 0.07359907 0.03330220
v 0.04504730 0.07359907 0.03603197
v 0.05652000 0.07358577 0.01208490
v 0.05596748 0.07359910 0.01472119
v 0.05522308 0.07359895 0.01687867
v 0.05596748 0.07359910 0.01472119
v 0.05739281 0.07358577 0.00717957
v 0.05731068 0.07359908 0.00841075
v 0.05652000 0.07358577 0.01208490
v 0.05652000 0.07358577 0.01208490
v 0.05731068 0.07359908 0.00841075
v 0.05672881 0.07359908 0.01157068
v 0.05652000 0.07358577 0.01208490
v 0.05672881 0.07359908 0.01157068
v 0.05596748 0.07359910 0.01472119
v 0.05773188 0.07359908 0.00506504
v 0.05783055 0.07359892 0.00220098
v 0.05773188 0.07359908 0.00506504
v 0.05739281 0.07358577 0.00717957
v 0.05739281 0.07358577 0.00717957
v 0.05773188 0.07359908 0.00506504
v 0.05731068 0.07359908 0.00841075
v 0.02321014 0.07359891 -0.05353955
v 0.02182303 0.07359906 -0.05423913
v 0.02507867 0.07359906 -0.05279953
v 0.01543626 0.07359906 -0.05640989
v 0.01378214 0.07359891 -0.05673141
v 0.01215366 0.07359906 -0.05721365
v 0.00889737 0.07359891 -0.05770803
v 0.00883236 0.07359906 -0.05782525
v 0.00548597 0.07359906 -0.05824177
v 0.00394675 0.07359893 -0.05826113
v -0.00443898 0.07359905 -0.05833188
v -0.00103305 0.07359890 -0.05838659
v -0.05077923 0.07359904 -0.02852807
v -0.05023845 0.07359889 -0.02927330
v -0.05252582 0.07359889 -0.02484800
v -0.05494202 0.07359904 -0.01908539
v -0.05442425 0.07359889 -0.02024258
v -0.05591975 0.07359889 -0.01549097
v -0.04783851 0.07358795 0.03212361
v -0.04801534 0.07359904 0.03203164
v -0.04982719 0.07359904 0.02918242
v -0.04389851 0.07359904 0.03740356
v -0.04483786 0.07359889 0.03612098
v -0.04152356 0.07359889 0.03983991
v -0.03790186 0.07359889 0.04326012
v -0.03399951 0.07359890 0.04635637
v -0.03659727 0.07359905 0.04449391
v -0.03387339 0.07359905 0.04657804
v -0.00548609 0.07359906 0.05723755
v -0.00883242 0.07359906 0.05682105
v -0.00644507 0.07358575 0.05704272
v -0.00644507 0.07358575 0.05704272
v -0.00883242 0.07359906 0.05682105
v -0.01135029 0.07359890 0.05626809
v -0.00883242 0.07359906 0.05682105
v -0.01215371 0.07359906 0.05620946
v 0.03387330 0.07359907 -0.04758227
v 0.03659722 0.07359907 -0.04549812
v -0.00107176 0.07359905 -0.05849176
v 0.00226469 0.07359906 -0.05845716
v -0.02067094 0.07359905 -0.05469276
v -0.02050979 0.07359893 -0.05464110
v -0.02378315 0.07359905 -0.05340088
v -0.03364789 0.07358575 -0.04762712
v -0.03260135 0.07359904 -0.04847155
v -0.02948032 0.07359889 -0.05032774
v -0.03260135 0.07359904 -0.04847155
v -0.02975451 0.07359905 -0.05028753
v -0.03534539 0.07359904 -0.04648711
v -0.03757935 0.07359889 -0.04454158
v -0.03534539 0.07359904 -0.04648711
v -0.03364789 0.07358575 -0.04762712
v -0.03364789 0.07358575 -0.04762712
v -0.03534539 0.07359904 -0.04648711
v -0.03260135 0.07359904 -0.04847155
v -0.05376764 0.07359904 -0.02224971
v -0.05233464 0.07359904 -0.02550307
v -0.05731074 0.07359904 -0.00941486
v -0.05700924 0.07358794 -0.01064646
v -0.05773193 0.07359904 -0.00606921
v -0.05773193 0.07359904 -0.00606921
v -0.05700924 0.07358794 -0.01064646
v -0.05767020 0.07358573 -0.00570749
v -0.05727463 0.07359796 0.00877166
v -0.05783597 0.07359904 0.00385571
v -0.05708752 0.07358573 0.00919135
v -0.05458336 0.07358574 0.01882677
v -0.05272005 0.07358795 0.02344695
v -0.05421923 0.07359904 0.02009381
v -0.05421923 0.07359904 0.02009381
v -0.05272005 0.07358795 0.02344695
v -0.05293199 0.07359904 0.02320709
v -0.05046513 0.07358246 0.02789155
v -0.05046513 0.07358246 0.02789155
v -0.04982719 0.07359904 0.02918242
v -0.05147001 0.07359904 0.02623279
v -0.05046513 0.07358246 0.02789155
v -0.05147001 0.07359904 0.02623279
v -0.05272005 0.07358795 0.02344695
v -0.05147001 0.07359904 0.02623279
v -0.05293199 0.07359904 0.02320709
v -0.03914888 0.07359905 0.04229188
v -0.04158189 0.07359905 0.03993133
v -0.02986530 0.07358795 0.04910661
v -0.03387339 0.07359905 0.04657804
v -0.02986530 0.07358795 0.04910661
v -0.03099875 0.07359905 0.04851834
v -0.01577984 0.07359890 -0.05620381
v -0.01429121 0.07359905 -0.05671381
v -0.01099959 0.07359905 -0.05744888
v -0.01753391 0.07359905 -0.05578809
v -0.04757916 0.07359889 -0.03348555
v -0.04712976 0.07359904 -0.03430640
v -0.04456592 0.07358574 -0.03747273
v -0.04456592 0.07358574 -0.03747273
v -0.04712976 0.07359904 -0.03430640
v -0.04504735 0.07359904 -0.03703616
v -0.04456592 0.07358574 -0.03747273
v -0.04504735 0.07359904 -0.03703616
v -0.04284886 0.07359904 -0.03959092
v -0.04906404 0.07359904 -0.03143183
v -0.04757916 0.07359889 -0.03348555
v -0.04712976 0.07359904 -0.03430640
v -0.05708752 0.07358573 0.00919135
v -0.05783597 0.07359904 0.00385571
v -0.05769731 0.07359889 0.00426287
v -0.05727463 0.07359796 0.00877166
v -0.05708752 0.07358573 0.00919135
v -0.05603237 0.07359795 0.01406936
v -0.05727463 0.07359796 0.00877166
v -0.05603237 0.07359795 0.01406936
v -0.05623170 0.07359904 0.01371024
v -0.05458336 0.07358574 0.01882677
v -0.05421923 0.07359904 0.02009381
v -0.05531060 0.07359904 0.01695408
v -0.05458336 0.07358574 0.01882677
v -0.05531060 0.07359904 0.01695408
v -0.05603237 0.07359795 0.01406936
v -0.05531060 0.07359904 0.01695408
v -0.04603489 0.07359904 0.03477830
v -0.04483786 0.07359889 0.03612098
v -0.04603489 0.07359904 0.03477830
v -0.04783851 0.07358795 0.03212361
v -0.04783851 0.07358795 0.03212361
v -0.04603489 0.07359904 0.03477830
v -0.04801534 0.07359904 0.03203164
v -0.05731074 0.07359904 -0.00941486
v -0.05672886 0.07359904 -0.01257488
v -0.05700924 0.07358794 -0.01064646
v -0.05700924 0.07358794 -0.01064646
v -0.05672886 0.07359904 -0.01257488
v -0.05596755 0.07359906 -0.01572534
v -0.05700924 0.07358794 -0.01064646
v -0.05596755 0.07359906 -0.01572534
v -0.05789334 0.07359889 -0.00071471
v -0.05795202 0.07359904 -0.00284379
v -0.05767020 0.07358573 -0.00570749
v -0.05767020 0.07358573 -0.00570749
v -0.05795202 0.07359904 -0.00284379
v -0.05773193 0.07359904 -0.00606921
v -0.05769731 0.07359889 0.00426287
v -0.05783597 0.07359904 0.00385571
v -0.05799112 0.07359904 0.00048823
v -0.05789334 0.07359889 -0.00071471
v -0.05795202 0.07359904 -0.00284379
v -0.02108780 0.07359616 0.05342616
v -0.02182299 0.07359905 0.05323495
v -0.02507876 0.07359905 0.05179531
v -0.02108780 0.07359616 0.05342616
v -0.02507876 0.07359905 0.05179531
v -0.02546904 0.07359043 0.05149593
v -0.02546904 0.07359043 0.05149593
v -0.02507876 0.07359905 0.05179531
v -0.02809709 0.07359905 0.05023780
v -0.02809709 0.07359905 0.05023780
v -0.02986530 0.07358795 0.04910661
v -0.02986530 0.07358795 0.04910661
v -0.02809709 0.07359905 0.05023780
v -0.03099875 0.07359905 0.04851834
v -0.01866023 0.07359905 0.05441381
v -0.01618858 0.07359890 0.05508218
v -0.01866023 0.07359905 0.05441381
v -0.02108780 0.07359616 0.05342616
v -0.02108780 0.07359616 0.05342616
v -0.01866023 0.07359905 0.05441381
v -0.02182299 0.07359905 0.05323495
v -0.02316852 0.07337585 0.05245046
v -0.02086877 0.07341367 0.05345645
v -0.02543108 0.07341323 0.05146193
v 0.02321014 0.07359891 -0.05353955
v 0.02317561 0.07344558 -0.05354363
v 0.01858339 0.07358576 -0.05534372
v 0.01378214 0.07359891 -0.05673141
v 0.01858339 0.07358576 -0.05534372
v 0.01377246 0.07344543 -0.05672340
v 0.01378214 0.07359891 -0.05673141
v 0.01377246 0.07344543 -0.05672340
v 0.00889737 0.07359891 -0.05770803
v 0.00889737 0.07359891 -0.05770803
v 0.01377246 0.07344543 -0.05672340
v 0.00886296 0.07344559 -0.05770317
v 0.00889737 0.07359891 -0.05770803
v 0.00886296 0.07344559 -0.05770317
v 0.00394675 0.07359893 -0.05826113
v 0.00394675 0.07359893 -0.05826113
v 0.00886296 0.07344559 -0.05770317
v 0.00392652 0.07344849 -0.05825335
v 0.00394675 0.07359893 -0.05826113
v 0.00392652 0.07344849 -0.05825335
v -0.00103305 0.07359890 -0.05838659
v -0.00103305 0.07359890 -0.05838659
v 0.00392652 0.07344849 -0.05825335
v -0.00104045 0.07344542 -0.05837638
v -0.00103305 0.07359890 -0.05838659
v -0.00104045 0.07344542 -0.05837638
v -0.00600530 0.07359890 -0.05808351
v -0.00600530 0.07359890 -0.05808351
v -0.00104045 0.07344542 -0.05837638
v -0.00603731 0.07344558 -0.05807002
v -0.00600530 0.07359890 -0.05808351
v -0.00603731 0.07344558 -0.05807002
v -0.01093307 0.07359890 -0.05735411
v -0.01093307 0.07359890 -0.05735411
v -0.00603731 0.07344558 -0.05807002
v -0.01095063 0.07344849 -0.05734143
v -0.01093307 0.07359890 -0.05735411
v -0.01095063 0.07344849 -0.05734143
v -0.01577984 0.07359890 -0.05620381
v -0.01577984 0.07359890 -0.05620381
v -0.01095063 0.07344849 -0.05734143
v -0.01578431 0.07344542 -0.05619205
v -0.01577984 0.07359890 -0.05620381
v -0.01578431 0.07344542 -0.05619205
v -0.02050979 0.07359893 -0.05464110
v -0.02050979 0.07359893 -0.05464110
v -0.01578431 0.07344542 -0.05619205
v -0.02053744 0.07344558 -0.05461983
v -0.02050979 0.07359893 -0.05464110
v -0.02053744 0.07344558 -0.05461983
v -0.02508797 0.07359889 -0.05267755
v -0.02508797 0.07359889 -0.05267755
v -0.02053744 0.07344558 -0.05461983
v -0.02511352 0.07344558 -0.05265406
v -0.02508797 0.07359889 -0.05267755
v -0.02511352 0.07344558 -0.05265406
v -0.02948032 0.07359889 -0.05032774
v -0.02948032 0.07359889 -0.05032774
v -0.02511352 0.07344558 -0.05265406
v -0.02949261 0.07344850 -0.05030986
v -0.02948032 0.07359889 -0.05032774
v -0.02949261 0.07344850 -0.05030986
v -0.03364789 0.07358575 -0.04762712
v -0.03757935 0.07359889 -0.04454158
v -0.03364789 0.07358575 -0.04762712
v -0.03759816 0.07344557 -0.04451227
v -0.03757935 0.07359889 -0.04454158
v -0.03759816 0.07344557 -0.04451227
v -0.04122613 0.07359892 -0.04114801
v -0.04122613 0.07359892 -0.04114801
v -0.03759816 0.07344557 -0.04451227
v -0.04124230 0.07344558 -0.04111724
v -0.04122613 0.07359892 -0.04114801
v -0.04124230 0.07344558 -0.04111724
v -0.04456592 0.07358574 -0.03747273
v -0.04757916 0.07359889 -0.03348555
v -0.04456592 0.07358574 -0.03747273
v -0.04758984 0.07344557 -0.03345244
v -0.04757916 0.07359889 -0.03348555
v -0.04758984 0.07344557 -0.03345244
v -0.05023845 0.07359889 -0.02927330
v -0.05023845 0.07359889 -0.02927330
v -0.04758984 0.07344557 -0.03345244
v -0.05024623 0.07344557 -0.02923941
v -0.05023845 0.07359889 -0.02927330
v -0.05024623 0.07344557 -0.02923941
v -0.05252582 0.07359889 -0.02484800
v -0.05252582 0.07359889 -0.02484800
v -0.05024623 0.07344557 -0.02923941
v -0.05252578 0.07344850 -0.02482638
v -0.05252582 0.07359889 -0.02484800
v -0.05252578 0.07344850 -0.02482638
v -0.05442425 0.07359889 -0.02024258
v -0.05442425 0.07359889 -0.02024258
v -0.05252578 0.07344850 -0.02482638
v -0.05441734 0.07344541 -0.02023206
v -0.05442425 0.07359889 -0.02024258
v -0.05441734 0.07344541 -0.02023206
v -0.05591975 0.07359889 -0.01549097
v -0.05591975 0.07359889 -0.01549097
v -0.05441734 0.07344541 -0.02023206
v -0.05591863 0.07344557 -0.01545617
v -0.05591975 0.07359889 -0.01549097
v -0.05591863 0.07344557 -0.01545617
v -0.05700924 0.07358794 -0.01064646
v -0.05789334 0.07359889 -0.00071471
v -0.05767020 0.07358573 -0.00570749
v -0.05788337 0.07344557 -0.00068140
v -0.05789334 0.07359889 -0.00071471
v -0.05788337 0.07344557 -0.00068140
v -0.05769731 0.07359889 0.00426287
v -0.05769731 0.07359889 0.00426287
v -0.05788337 0.07344557 -0.00068140
v -0.05768660 0.07344849 0.00428172
v -0.05769731 0.07359889 0.00426287
v -0.05768660 0.07344849 0.00428172
v -0.05708752 0.07358573 0.00919135
v -0.04483786 0.07359889 0.03612098
v -0.04783851 0.07358795 0.03212361
v -0.04481831 0.07344850 0.03613049
v -0.04483786 0.07359889 0.03612098
v -0.04481831 0.07344850 0.03613049
v -0.04152356 0.07359889 0.03983991
v -0.04152356 0.07359889 0.03983991
v -0.04481831 0.07344850 0.03613049
v -0.04151107 0.07344541 0.03983830
v -0.04152356 0.07359889 0.03983991
v -0.04151107 0.07344541 0.03983830
v -0.03790186 0.07359889 0.04326012
v -0.03790186 0.07359889 0.04326012
v -0.04151107 0.07344541 0.03983830
v -0.03788957 0.07344542 0.04325745
v -0.03790186 0.07359889 0.04326012
v -0.03788957 0.07344542 0.04325745
v -0.03399951 0.07359890 0.04635637
v -0.03399951 0.07359890 0.04635637
v -0.03788957 0.07344542 0.04325745
v -0.03396665 0.07344559 0.04636775
v -0.03399951 0.07359890 0.04635637
v -0.03396665 0.07344559 0.04636775
v -0.02986530 0.07358795 0.04910661
v -0.01618858 0.07359890 0.05508218
v -0.02108780 0.07359616 0.05342616
v -0.01615380 0.07344558 0.05508180
v -0.01618858 0.07359890 0.05508218
v -0.01615380 0.07344558 0.05508180
v -0.01135029 0.07359890 0.05626809
v -0.01135029 0.07359890 0.05626809
v -0.01615380 0.07344558 0.05508180
v -0.01132925 0.07344852 0.05626298
v -0.01135029 0.07359890 0.05626809
v -0.01132925 0.07344852 0.05626298
v -0.00644507 0.07358575 0.05704272
v 0.00352248 0.07359894 0.05728434
v -0.00146524 0.07359769 0.05737541
v 0.00354149 0.07344851 0.05727404
v 0.00352248 0.07359894 0.05728434
v 0.00354149 0.07344851 0.05727404
v 0.00847694 0.07359891 0.05676763
v 0.00847694 0.07359891 0.05676763
v 0.00354149 0.07344851 0.05727404
v 0.00848296 0.07344543 0.05675656
v 0.00847694 0.07359891 0.05676763
v 0.00848296 0.07344543 0.05675656
v 0.01335589 0.07358578 0.05584117
v 0.01816159 0.07359891 0.05446915
v 0.01335589 0.07358578 0.05584117
v 0.01819007 0.07344559 0.05444910
v 0.01816159 0.07359891 0.05446915
v 0.01819007 0.07344559 0.05444910
v 0.02281999 0.07359891 0.05270437
v 0.02281999 0.07359891 0.05270437
v 0.01819007 0.07344559 0.05444910
v 0.02283443 0.07344853 0.05268826
v 0.02281999 0.07359891 0.05270437
v 0.02283443 0.07344853 0.05268826
v 0.02730936 0.07359895 0.05054571
v 0.02730936 0.07359895 0.05054571
v 0.02283443 0.07344853 0.05268826
v 0.02731124 0.07344545 0.05053328
v 0.02730936 0.07359895 0.05054571
v 0.02731124 0.07344545 0.05053328
v 0.03158924 0.07358578 0.04802690
v 0.03564987 0.07359895 0.04511331
v 0.03158924 0.07358578 0.04802690
v 0.03565972 0.07344853 0.04509404
v 0.03564987 0.07359895 0.04511331
v 0.03565972 0.07344853 0.04509404
v 0.03943920 0.07359887 0.04187986
v 0.03943920 0.07359887 0.04187986
v 0.03565972 0.07344853 0.04509404
v 0.03943788 0.07344543 0.04186729
v 0.03943920 0.07359887 0.04187986
v 0.03943788 0.07344543 0.04186729
v 0.04293362 0.07359798 0.03833928
v 0.05142971 0.07359892 0.02608107
v 0.04895486 0.07358578 0.03042304
v 0.05142420 0.07344542 0.02606975
v 0.05142971 0.07359892 0.02608107
v 0.05142420 0.07344542 0.02606975
v 0.05352453 0.07359892 0.02156154
v 0.05352453 0.07359892 0.02156154
v 0.05142420 0.07344542 0.02606975
v 0.05352359 0.07344853 0.02153988
v 0.05352453 0.07359892 0.02156154
v 0.05352359 0.07344853 0.02153988
v 0.05522308 0.07359895 0.01687867
v 0.05522308 0.07359895 0.01687867
v 0.05352359 0.07344853 0.02153988
v 0.05521574 0.07344545 0.01686842
v 0.05522308 0.07359895 0.01687867
v 0.05521574 0.07344545 0.01686842
v 0.05652000 0.07358577 0.01208490
v 0.05783055 0.07359892 0.00220098
v 0.05739281 0.07358577 0.00717957
v 0.05782083 0.07344545 0.00219304
v 0.05783055 0.07359892 0.00220098
v 0.05782083 0.07344545 0.00219304
v 0.05784885 0.07359892 -0.00278035
v 0.05784885 0.07359892 -0.00278035
v 0.05782083 0.07344545 0.00219304
v 0.05783847 0.07344545 -0.00278751
v 0.05784885 0.07359892 -0.00278035
v 0.05783847 0.07344545 -0.00278751
v 0.05745184 0.07358798 -0.00772995
v 0.05534926 0.07359895 -0.01747672
v 0.05661724 0.07358248 -0.01264350
v 0.05533742 0.07344544 -0.01748099
v 0.05534926 0.07359895 -0.01747672
v 0.05533742 0.07344544 -0.01748099
v 0.05368514 0.07359892 -0.02217203
v 0.05368514 0.07359892 -0.02217203
v 0.05533742 0.07344544 -0.01748099
v 0.05367300 0.07344545 -0.02217519
v 0.05368514 0.07359892 -0.02217203
v 0.05367300 0.07344545 -0.02217519
v 0.05162358 0.07359895 -0.02670678
v 0.05162358 0.07359895 -0.02670678
v 0.05367300 0.07344545 -0.02217519
v 0.05159951 0.07344560 -0.02673193
v 0.05162358 0.07359895 -0.02670678
v 0.05159951 0.07344560 -0.02673193
v 0.04917974 0.07359892 -0.03104769
v 0.04917974 0.07359892 -0.03104769
v 0.05159951 0.07344560 -0.02673193
v 0.04916164 0.07344851 -0.03105953
v 0.04917974 0.07359892 -0.03104769
v 0.04916164 0.07344851 -0.03105953
v 0.04637189 0.07359892 -0.03516228
v 0.04637189 0.07359892 -0.03516228
v 0.04916164 0.07344851 -0.03105953
v 0.04635930 0.07344544 -0.03516229
v 0.04637189 0.07359892 -0.03516228
v 0.04635930 0.07344544 -0.03516229
v 0.04322067 0.07359892 -0.03902032
v 0.04322067 0.07359892 -0.03902032
v 0.04635930 0.07344544 -0.03516229
v 0.04320814 0.07344544 -0.03901924
v 0.04322067 0.07359892 -0.03902032
v 0.04320814 0.07344544 -0.03901924
v 0.03974945 0.07359892 -0.04259321
v 0.03974945 0.07359892 -0.04259321
v 0.04320814 0.07344544 -0.03901924
v 0.03971834 0.07344560 -0.04260871
v 0.03974945 0.07359892 -0.04259321
v 0.03971834 0.07344560 -0.04260871
v 0.03598394 0.07359891 -0.04585446
v 0.03598394 0.07359891 -0.04585446
v 0.03971834 0.07344560 -0.04260871
v 0.03596289 0.07344853 -0.04585952
v 0.03598394 0.07359891 -0.04585446
v 0.03596289 0.07344853 -0.04585952
v 0.03195206 0.07359891 -0.04877991
v 0.03195206 0.07359891 -0.04877991
v 0.03596289 0.07344853 -0.04585952
v 0.03194022 0.07344543 -0.04877566
v 0.03195206 0.07359891 -0.04877991
v 0.03194022 0.07344543 -0.04877566
v 0.02768355 0.07359894 -0.05134796
v 0.02768355 0.07359894 -0.05134796
v 0.03194022 0.07344543 -0.04877566
v 0.02764952 0.07344559 -0.05135501
v 0.02768355 0.07359894 -0.05134796
v 0.02764952 0.07344559 -0.05135501
v 0.02321014 0.07359891 -0.05353955
v 0.02321014 0.07359891 -0.05353955
v 0.02764952 0.07344559 -0.05135501
v 0.02317561 0.07344558 -0.05354363
v -0.05603237 0.07359795 0.01406936
v -0.05708752 0.07358573 0.00919135
v -0.05600554 0.07343428 0.01408104
v -0.05603237 0.07359795 0.01406936
v -0.05600554 0.07343428 0.01408104
v -0.05458336 0.07358574 0.01882677
v -0.00146524 0.07359769 0.05737541
v -0.00644507 0.07358575 0.05704272
v -0.00143028 0.07343451 0.05735326
v -0.00146524 0.07359769 0.05737541
v -0.00143028 0.07343451 0.05735326
v 0.00354149 0.07344851 0.05727404
v 0.04293362 0.07359798 0.03833928
v 0.03943788 0.07344543 0.04186729
v 0.04293966 0.07343454 0.03829835
v 0.04293362 0.07359798 0.03833928
v 0.04293966 0.07343454 0.03829835
v 0.04611369 0.07359772 0.03450474
v 0.04611369 0.07359772 0.03450474
v 0.04293966 0.07343454 0.03829835
v 0.04611617 0.07343453 0.03446340
v 0.04611369 0.07359772 0.03450474
v 0.04611617 0.07343453 0.03446340
v 0.04895486 0.07358578 0.03042304
v -0.02546904 0.07359043 0.05149593
v -0.02986530 0.07358795 0.04910661
v -0.02543108 0.07341323 0.05146193
v -0.02546904 0.07359043 0.05149593
v -0.02543108 0.07341323 0.05146193
v -0.02108780 0.07359616 0.05342616
v -0.02108780 0.07359616 0.05342616
v -0.02543108 0.07341323 0.05146193
v -0.02086877 0.07341367 0.05345645
v -0.02108780 0.07359616 0.05342616
v -0.02086877 0.07341367 0.05345645
v -0.01615380 0.07344558 0.05508180
v 0.01858339 0.07358576 -0.05534372
v 0.02317561 0.07344558 -0.05354363
v 0.01853568 0.07341542 -0.05530443
v 0.01858339 0.07358576 -0.05534372
v 0.01853568 0.07341542 -0.05530443
v 0.01377246 0.07344543 -0.05672340
v -0.03364789 0.07358575 -0.04762712
v -0.02949261 0.07344850 -0.05030986
v -0.03364360 0.07341400 -0.04756414
v -0.03364789 0.07358575 -0.04762712
v -0.03364360 0.07341400 -0.04756414
v -0.03759816 0.07344557 -0.04451227
v -0.04456592 0.07358574 -0.03747273
v -0.04124230 0.07344558 -0.04111724
v -0.04454629 0.07341540 -0.03741412
v -0.04456592 0.07358574 -0.03747273
v -0.04454629 0.07341540 -0.03741412
v -0.04758984 0.07344557 -0.03345244
v -0.05700924 0.07358794 -0.01064646
v -0.05591863 0.07344557 -0.01545617
v -0.05696322 0.07341538 -0.01060458
v -0.05700924 0.07358794 -0.01064646
v -0.05696322 0.07341538 -0.01060458
v -0.05767020 0.07358573 -0.00570749
v -0.05767020 0.07358573 -0.00570749
v -0.05696322 0.07341538 -0.01060458
v -0.05761964 0.07341397 -0.00566966
v -0.05767020 0.07358573 -0.00570749
v -0.05761964 0.07341397 -0.00566966
v -0.05788337 0.07344557 -0.00068140
v -0.05708752 0.07358573 0.00919135
v -0.05768660 0.07344849 0.00428172
v -0.05702898 0.07341397 0.00921502
v -0.05708752 0.07358573 0.00919135
v -0.05702898 0.07341397 0.00921502
v -0.05600554 0.07343428 0.01408104
v -0.05458336 0.07358574 0.01882677
v -0.05600554 0.07343428 0.01408104
v -0.05452239 0.07341435 0.01883862
v -0.05458336 0.07358574 0.01882677
v -0.05452239 0.07341435 0.01883862
v -0.05272005 0.07358795 0.02344695
v -0.05272005 0.07358795 0.02344695
v -0.05452239 0.07341435 0.01883862
v -0.05265839 0.07341540 0.02345543
v -0.05272005 0.07358795 0.02344695
v -0.05265839 0.07341540 0.02345543
v -0.05046513 0.07358246 0.02789155
v -0.05046513 0.07358246 0.02789155
v -0.05265839 0.07341540 0.02345543
v -0.05040265 0.07341400 0.02789337
v -0.05046513 0.07358246 0.02789155
v -0.05040265 0.07341400 0.02789337
v -0.04783851 0.07358795 0.03212361
v -0.04777612 0.07341436 0.03211992
v -0.04783851 0.07358795 0.03212361
v -0.04777612 0.07341436 0.03211992
v -0.04481831 0.07344850 0.03613049
v -0.02986530 0.07358795 0.04910661
v -0.03396665 0.07344559 0.04636775
v -0.02980972 0.07341539 0.04907862
v -0.02986530 0.07358795 0.04910661
v -0.02980972 0.07341539 0.04907862
v -0.02543108 0.07341323 0.05146193
v -0.00644507 0.07358575 0.05704272
v -0.01132925 0.07344852 0.05626298
v -0.00640611 0.07341399 0.05699301
v -0.00644507 0.07358575 0.05704272
v -0.00640611 0.07341399 0.05699301
v -0.00143028 0.07343451 0.05735326
v 0.01335589 0.07358578 0.05584117
v 0.00848296 0.07344543 0.05675656
v 0.01337418 0.07341441 0.05578187
v 0.01335589 0.07358578 0.05584117
v 0.01337418 0.07341441 0.05578187
v 0.01819007 0.07344559 0.05444910
v 0.03158924 0.07358578 0.04802690
v 0.02731124 0.07344545 0.05053328
v 0.03158648 0.07341441 0.04796486
v 0.03158924 0.07358578 0.04802690
v 0.03158648 0.07341441 0.04796486
v 0.03565972 0.07344853 0.04509404
v 0.04895486 0.07358578 0.03042304
v 0.04611617 0.07343453 0.03446340
v 0.04892786 0.07341543 0.03036746
v 0.04895486 0.07358578 0.03042304
v 0.04892786 0.07341543 0.03036746
v 0.05142420 0.07344542 0.02606975
v 0.05652000 0.07358577 0.01208490
v 0.05521574 0.07344545 0.01686842
v 0.05647474 0.07341401 0.01204084
v 0.05652000 0.07358577 0.01208490
v 0.05647474 0.07341401 0.01204084
v 0.05739281 0.07358577 0.00717957
v 0.05739281 0.07358577 0.00717957
v 0.05647474 0.07341401 0.01204084
v 0.05734506 0.07341541 0.00714029
v 0.05739281 0.07358577 0.00717957
v 0.05734506 0.07341541 0.00714029
v 0.05782083 0.07344545 0.00219304
v 0.05745184 0.07358798 -0.00772995
v 0.05783847 0.07344545 -0.00278751
v 0.05739419 0.07341401 -0.00775672
v 0.05745184 0.07358798 -0.00772995
v 0.05739419 0.07341401 -0.00775672
v 0.05661724 0.07358248 -0.01264350
v 0.05661724 0.07358248 -0.01264350
v 0.05739419 0.07341401 -0.00775672
v 0.05655939 0.07341542 -0.01266347
v 0.05661724 0.07358248 -0.01264350
v 0.05655939 0.07341542 -0.01266347
v 0.05533742 0.07344544 -0.01748099
v -0.02083346 0.07327981 0.05329273
v -0.02086877 0.07341367 0.05345645
v -0.02316852 0.07337585 0.05245046
v -0.02083346 0.07327981 0.05329273
v -0.02316852 0.07337585 0.05245046
v -0.02539078 0.07327999 0.05129785
v -0.02539078 0.07327999 0.05129785
v -0.02316852 0.07337585 0.05245046
v -0.02543108 0.07341323 0.05146193
v -0.02539078 0.07327999 0.05129785
v -0.02543108 0.07341323 0.05146193
v -0.02973559 0.07321795 0.04888321
v -0.02973559 0.07321795 0.04888321
v -0.02543108 0.07341323 0.05146193
v -0.02980972 0.07341539 0.04907862
v -0.02973559 0.07321795 0.04888321
v -0.02980972 0.07341539 0.04907862
v -0.03389017 0.07325126 0.04615335
v -0.03389017 0.07325126 0.04615335
v -0.02980972 0.07341539 0.04907862
v -0.03396665 0.07344559 0.04636775
v -0.03389017 0.07325126 0.04615335
v -0.03396665 0.07344559 0.04636775
v -0.03775709 0.07326395 0.04309618
v -0.03775709 0.07326395 0.04309618
v -0.03396665 0.07344559 0.04636775
v -0.03788957 0.07344542 0.04325745
v -0.03775709 0.07326395 0.04309618
v -0.03788957 0.07344542 0.04325745
v -0.04136459 0.07323294 0.03966078
v -0.04136459 0.07323294 0.03966078
v -0.03788957 0.07344542 0.04325745
v -0.04151107 0.07344541 0.03983830
v -0.04136459 0.07323294 0.03966078
v -0.04151107 0.07344541 0.03983830
v -0.04468253 0.07326342 0.03596524
v -0.04468253 0.07326342 0.03596524
v -0.04151107 0.07344541 0.03983830
v -0.04481831 0.07344850 0.03613049
v -0.04468253 0.07326342 0.03596524
v -0.04481831 0.07344850 0.03613049
v -0.04765581 0.07327487 0.03200135
v -0.04765581 0.07327487 0.03200135
v -0.04481831 0.07344850 0.03613049
v -0.04777612 0.07341436 0.03211992
v -0.04765581 0.07327487 0.03200135
v -0.04777612 0.07341436 0.03211992
v -0.05026623 0.07327535 0.02779766
v -0.05026623 0.07327535 0.02779766
v -0.04777612 0.07341436 0.03211992
v -0.05040265 0.07341400 0.02789337
v -0.05026623 0.07327535 0.02779766
v -0.05040265 0.07341400 0.02789337
v -0.05248371 0.07323861 0.02336522
v -0.05248371 0.07323861 0.02336522
v -0.05040265 0.07341400 0.02789337
v -0.05265839 0.07341540 0.02345543
v -0.05248371 0.07323861 0.02336522
v -0.05265839 0.07341540 0.02345543
v -0.05452239 0.07341435 0.01883862
v -0.05248371 0.07323861 0.02336522
v -0.05452239 0.07341435 0.01883862
v -0.05436419 0.07326029 0.01875361
v -0.05436419 0.07326029 0.01875361
v -0.05452239 0.07341435 0.01883862
v -0.05582624 0.07327535 0.01402376
v -0.05582624 0.07327535 0.01402376
v -0.05452239 0.07341435 0.01883862
v -0.05600554 0.07343428 0.01408104
v -0.05582624 0.07327535 0.01402376
v -0.05600554 0.07343428 0.01408104
v -0.05686830 0.07327535 0.00917094
v -0.05686830 0.07327535 0.00917094
v -0.05600554 0.07343428 0.01408104
v -0.05702898 0.07341397 0.00921502
v -0.05686830 0.07327535 0.00917094
v -0.05702898 0.07341397 0.00921502
v -0.05746075 0.07323294 0.00422557
v -0.05746075 0.07323294 0.00422557
v -0.05702898 0.07341397 0.00921502
v -0.05768660 0.07344849 0.00428172
v -0.05746075 0.07323294 0.00422557
v -0.05768660 0.07344849 0.00428172
v -0.05767445 0.07326343 -0.00073633
v -0.05767445 0.07326343 -0.00073633
v -0.05768660 0.07344849 0.00428172
v -0.05788337 0.07344557 -0.00068140
v -0.05767445 0.07326343 -0.00073633
v -0.05788337 0.07344557 -0.00068140
v -0.05746329 0.07328617 -0.00567294
v -0.05746329 0.07328617 -0.00567294
v -0.05788337 0.07344557 -0.00068140
v -0.05761964 0.07341397 -0.00566966
v -0.05746329 0.07328617 -0.00567294
v -0.05761964 0.07341397 -0.00566966
v -0.05676303 0.07323294 -0.01060397
v -0.05676303 0.07323294 -0.01060397
v -0.05761964 0.07341397 -0.00566966
v -0.05696322 0.07341538 -0.01060458
v -0.05676303 0.07323294 -0.01060397
v -0.05696322 0.07341538 -0.01060458
v -0.05570261 0.07326344 -0.01545591
v -0.05570261 0.07326344 -0.01545591
v -0.05696322 0.07341538 -0.01060458
v -0.05591863 0.07344557 -0.01545617
v -0.05570261 0.07326344 -0.01545591
v -0.05591863 0.07344557 -0.01545617
v -0.05422837 0.07327535 -0.02017070
v -0.05422837 0.07327535 -0.02017070
v -0.05591863 0.07344557 -0.01545617
v -0.05441734 0.07344541 -0.02023206
v -0.05422837 0.07327535 -0.02017070
v -0.05441734 0.07344541 -0.02023206
v -0.05234593 0.07328617 -0.02476465
v -0.05252578 0.07344850 -0.02482638
v -0.05234593 0.07328617 -0.02476465
v -0.05252578 0.07344850 -0.02482638
v -0.05024623 0.07344557 -0.02923941
v -0.05234593 0.07328617 -0.02476465
v -0.05024623 0.07344557 -0.02923941
v -0.05001371 0.07321795 -0.02916820
v -0.05001371 0.07321795 -0.02916820
v -0.05024623 0.07344557 -0.02923941
v -0.04739937 0.07327487 -0.03337839
v -0.04739937 0.07327487 -0.03337839
v -0.05024623 0.07344557 -0.02923941
v -0.04758984 0.07344557 -0.03345244
v -0.04739937 0.07327487 -0.03337839
v -0.04758984 0.07344557 -0.03345244
v -0.04438887 0.07323860 -0.03729634
v -0.04438887 0.07323860 -0.03729634
v -0.04758984 0.07344557 -0.03345244
v -0.04454629 0.07341540 -0.03741412
v -0.04438887 0.07323860 -0.03729634
v -0.04454629 0.07341540 -0.03741412
v -0.04124230 0.07344558 -0.04111724
v -0.04438887 0.07323860 -0.03729634
v -0.04124230 0.07344558 -0.04111724
v -0.04107080 0.07327265 -0.04100637
v -0.04107080 0.07327265 -0.04100637
v -0.04124230 0.07344558 -0.04111724
v -0.03743288 0.07327487 -0.04439206
v -0.03743288 0.07327487 -0.04439206
v -0.04124230 0.07344558 -0.04111724
v -0.03759816 0.07344557 -0.04451227
v -0.03743288 0.07327487 -0.04439206
v -0.03759816 0.07344557 -0.04451227
v -0.03353377 0.07327536 -0.04743882
v -0.03353377 0.07327536 -0.04743882
v -0.03759816 0.07344557 -0.04451227
v -0.03364360 0.07341400 -0.04756414
v -0.03353377 0.07327536 -0.04743882
v -0.03364360 0.07341400 -0.04756414
v -0.02933677 0.07321795 -0.05012536
v -0.02933677 0.07321795 -0.05012536
v -0.03364360 0.07341400 -0.04756414
v -0.02949261 0.07344850 -0.05030986
v -0.02933677 0.07321795 -0.05012536
v -0.02949261 0.07344850 -0.05030986
v -0.02496124 0.07325124 -0.05248489
v -0.02496124 0.07325124 -0.05248489
v -0.02949261 0.07344850 -0.05030986
v -0.02511352 0.07344558 -0.05265406
v -0.02496124 0.07325124 -0.05248489
v -0.02511352 0.07344558 -0.05265406
v -0.02041132 0.07326345 -0.05444443
v -0.02041132 0.07326345 -0.05444443
v -0.02511352 0.07344558 -0.05265406
v -0.02053744 0.07344558 -0.05461983
v -0.02041132 0.07326345 -0.05444443
v -0.02053744 0.07344558 -0.05461983
v -0.01569770 0.07323295 -0.05597884
v -0.01569770 0.07323295 -0.05597884
v -0.02053744 0.07344558 -0.05461983
v -0.01578431 0.07344542 -0.05619205
v -0.01569770 0.07323295 -0.05597884
v -0.01578431 0.07344542 -0.05619205
v -0.01086972 0.07326345 -0.05714347
v -0.01086972 0.07326345 -0.05714347
v -0.01578431 0.07344542 -0.05619205
v -0.01095063 0.07344849 -0.05734143
v -0.01086972 0.07326345 -0.05714347
v -0.01095063 0.07344849 -0.05734143
v -0.00596030 0.07326344 -0.05786820
v -0.00596030 0.07326344 -0.05786820
v -0.01095063 0.07344849 -0.05734143
v -0.00603731 0.07344558 -0.05807002
v -0.00596030 0.07326344 -0.05786820
v -0.00603731 0.07344558 -0.05807002
v -0.00103131 0.07326392 -0.05816787
v -0.00103131 0.07326392 -0.05816787
v -0.00603731 0.07344558 -0.05807002
v -0.00104045 0.07344542 -0.05837638
v -0.00103131 0.07326392 -0.05816787
v -0.00104045 0.07344542 -0.05837638
v 0.00392365 0.07323864 -0.05802419
v 0.00392365 0.07323864 -0.05802419
v -0.00104045 0.07344542 -0.05837638
v 0.00392652 0.07344849 -0.05825335
v 0.00392365 0.07323864 -0.05802419
v 0.00392652 0.07344849 -0.05825335
v 0.00886296 0.07344559 -0.05770317
v 0.00392365 0.07323864 -0.05802419
v 0.00886296 0.07344559 -0.05770317
v 0.00887502 0.07326030 -0.05748875
v 0.00887502 0.07326030 -0.05748875
v 0.00886296 0.07344559 -0.05770317
v 0.01372802 0.07326394 -0.05651947
v 0.01372802 0.07326394 -0.05651947
v 0.00886296 0.07344559 -0.05770317
v 0.01377246 0.07344543 -0.05672340
v 0.01372802 0.07326394 -0.05651947
v 0.01377246 0.07344543 -0.05672340
v 0.01850126 0.07328619 -0.05515068
v 0.01850126 0.07328619 -0.05515068
v 0.01377246 0.07344543 -0.05672340
v 0.01853568 0.07341542 -0.05530443
v 0.01850126 0.07328619 -0.05515068
v 0.01853568 0.07341542 -0.05530443
v 0.02317561 0.07344558 -0.05354363
v 0.01850126 0.07328619 -0.05515068
v 0.02317561 0.07344558 -0.05354363
v 0.02312977 0.07321799 -0.05330481
v 0.02312977 0.07321799 -0.05330481
v 0.02317561 0.07344558 -0.05354363
v 0.02759639 0.07327490 -0.05115768
v 0.02759639 0.07327490 -0.05115768
v 0.02317561 0.07344558 -0.05354363
v 0.02764952 0.07344559 -0.05135501
v 0.02759639 0.07327490 -0.05115768
v 0.02764952 0.07344559 -0.05135501
v 0.03183625 0.07327538 -0.04860634
v 0.03183625 0.07327538 -0.04860634
v 0.02764952 0.07344559 -0.05135501
v 0.03194022 0.07344543 -0.04877566
v 0.03183625 0.07327538 -0.04860634
v 0.03194022 0.07344543 -0.04877566
v 0.03583062 0.07323863 -0.04567235
v 0.03583062 0.07323863 -0.04567235
v 0.03194022 0.07344543 -0.04877566
v 0.03596289 0.07344853 -0.04585952
v 0.03583062 0.07323863 -0.04567235
v 0.03596289 0.07344853 -0.04585952
v 0.03971834 0.07344560 -0.04260871
v 0.03959835 0.07323298 -0.04240740
v 0.03959835 0.07323298 -0.04240740
v 0.03971834 0.07344560 -0.04260871
v 0.04305598 0.07326395 -0.03887638
v 0.04305598 0.07326395 -0.03887638
v 0.03971834 0.07344560 -0.04260871
v 0.04320814 0.07344544 -0.03901924
v 0.04305598 0.07326395 -0.03887638
v 0.04320814 0.07344544 -0.03901924
v 0.04620432 0.07327538 -0.03503799
v 0.04620432 0.07327538 -0.03503799
v 0.04320814 0.07344544 -0.03901924
v 0.04635930 0.07344544 -0.03516229
v 0.04620432 0.07327538 -0.03503799
v 0.04635930 0.07344544 -0.03516229
v 0.04898053 0.07321800 -0.03089977
v 0.04898053 0.07321800 -0.03089977
v 0.04635930 0.07344544 -0.03516229
v 0.04916164 0.07344851 -0.03105953
v 0.04898053 0.07321800 -0.03089977
v 0.04916164 0.07344851 -0.03105953
v 0.05142923 0.07323818 -0.02656402
v 0.05142923 0.07323818 -0.02656402
v 0.04916164 0.07344851 -0.03105953
v 0.05159951 0.07344560 -0.02673193
v 0.05142923 0.07323818 -0.02656402
v 0.05159951 0.07344560 -0.02673193
v 0.05349137 0.07327538 -0.02209463
v 0.05349137 0.07327538 -0.02209463
v 0.05159951 0.07344560 -0.02673193
v 0.05367300 0.07344545 -0.02217519
v 0.05349137 0.07327538 -0.02209463
v 0.05367300 0.07344545 -0.02217519
v 0.05512612 0.07323298 -0.01738979
v 0.05512612 0.07323298 -0.01738979
v 0.05367300 0.07344545 -0.02217519
v 0.05533742 0.07344544 -0.01748099
v 0.05512612 0.07323298 -0.01738979
v 0.05533742 0.07344544 -0.01748099
v 0.05639436 0.07326348 -0.01258796
v 0.05639436 0.07326348 -0.01258796
v 0.05533742 0.07344544 -0.01748099
v 0.05655939 0.07341542 -0.01266347
v 0.05639436 0.07326348 -0.01258796
v 0.05655939 0.07341542 -0.01266347
v 0.05720188 0.07323864 -0.00772202
v 0.05720188 0.07323864 -0.00772202
v 0.05655939 0.07341542 -0.01266347
v 0.05739419 0.07341401 -0.00775672
v 0.05720188 0.07323864 -0.00772202
v 0.05739419 0.07341401 -0.00775672
v 0.05760258 0.07321800 -0.00275018
v 0.05760258 0.07321800 -0.00275018
v 0.05739419 0.07341401 -0.00775672
v 0.05783847 0.07344545 -0.00278751
v 0.05760258 0.07321800 -0.00275018
v 0.05783847 0.07344545 -0.00278751
v 0.05761093 0.07326346 0.00221320
v 0.05761093 0.07326346 0.00221320
v 0.05783847 0.07344545 -0.00278751
v 0.05782083 0.07344545 0.00219304
v 0.05761093 0.07326346 0.00221320
v 0.05782083 0.07344545 0.00219304
v 0.05716423 0.07326346 0.00715565
v 0.05716423 0.07326346 0.00715565
v 0.05782083 0.07344545 0.00219304
v 0.05734506 0.07341541 0.00714029
v 0.05716423 0.07326346 0.00715565
v 0.05734506 0.07341541 0.00714029
v 0.05631926 0.07328621 0.01202395
v 0.05631926 0.07328621 0.01202395
v 0.05734506 0.07341541 0.00714029
v 0.05647474 0.07341401 0.01204084
v 0.05631926 0.07328621 0.01202395
v 0.05647474 0.07341401 0.01204084
v 0.05503397 0.07328621 0.01681910
v 0.05503397 0.07328621 0.01681910
v 0.05647474 0.07341401 0.01204084
v 0.05521574 0.07344545 0.01686842
v 0.05503397 0.07328621 0.01681910
v 0.05521574 0.07344545 0.01686842
v 0.05332721 0.07327269 0.02148906
v 0.05332721 0.07327269 0.02148906
v 0.05521574 0.07344545 0.01686842
v 0.05352359 0.07344853 0.02153988
v 0.05332721 0.07327269 0.02148906
v 0.05352359 0.07344853 0.02153988
v 0.05123636 0.07326397 0.02597880
v 0.05142420 0.07344542 0.02606975
v 0.05123636 0.07326397 0.02597880
v 0.05142420 0.07344542 0.02606975
v 0.04875195 0.07324708 0.03029365
v 0.04875195 0.07324708 0.03029365
v 0.05142420 0.07344542 0.02606975
v 0.04892786 0.07341543 0.03036746
v 0.04875195 0.07324708 0.03029365
v 0.04892786 0.07341543 0.03036746
v 0.04590272 0.07323819 0.03438526
v 0.04590272 0.07323819 0.03438526
v 0.04892786 0.07341543 0.03036746
v 0.04611617 0.07343453 0.03446340
v 0.04590272 0.07323819 0.03438526
v 0.04611617 0.07343453 0.03446340
v 0.04273370 0.07323819 0.03820215
v 0.04273370 0.07323819 0.03820215
v 0.04611617 0.07343453 0.03446340
v 0.04293966 0.07343454 0.03829835
v 0.04273370 0.07323819 0.03820215
v 0.04293966 0.07343454 0.03829835
v 0.03929766 0.07327539 0.04172657
v 0.03929766 0.07327539 0.04172657
v 0.04293966 0.07343454 0.03829835
v 0.03943788 0.07344543 0.04186729
v 0.03929766 0.07327539 0.04172657
v 0.03943788 0.07344543 0.04186729
v 0.03550882 0.07323864 0.04492155
v 0.03550882 0.07323864 0.04492155
v 0.03943788 0.07344543 0.04186729
v 0.03565972 0.07344853 0.04509404
v 0.03550882 0.07323864 0.04492155
v 0.03565972 0.07344853 0.04509404
v 0.03158648 0.07341441 0.04796486
v 0.03145143 0.07323298 0.04781862
v 0.03145143 0.07323298 0.04781862
v 0.03158648 0.07341441 0.04796486
v 0.02720521 0.07325170 0.05034225
v 0.02720521 0.07325170 0.05034225
v 0.03158648 0.07341441 0.04796486
v 0.02731124 0.07344545 0.05053328
v 0.02720521 0.07325170 0.05034225
v 0.02731124 0.07344545 0.05053328
v 0.02272253 0.07326032 0.05250667
v 0.02283443 0.07344853 0.05268826
v 0.02272253 0.07326032 0.05250667
v 0.02283443 0.07344853 0.05268826
v 0.01804957 0.07323821 0.05425558
v 0.01819007 0.07344559 0.05444910
v 0.01804957 0.07323821 0.05425558
v 0.01819007 0.07344559 0.05444910
v 0.01330656 0.07327490 0.05562706
v 0.01330656 0.07327490 0.05562706
v 0.01819007 0.07344559 0.05444910
v 0.01337418 0.07341441 0.05578187
v 0.01330656 0.07327490 0.05562706
v 0.01337418 0.07341441 0.05578187
v 0.00844717 0.07327539 0.05656114
v 0.00844717 0.07327539 0.05656114
v 0.01337418 0.07341441 0.05578187
v 0.00848296 0.07344543 0.05675656
v 0.00844717 0.07327539 0.05656114
v 0.00848296 0.07344543 0.05675656
v 0.00350142 0.07327272 0.05707523
v 0.00350142 0.07327272 0.05707523
v 0.00848296 0.07344543 0.05675656
v 0.00354149 0.07344851 0.05727404
v 0.00350142 0.07327272 0.05707523
v 0.00354149 0.07344851 0.05727404
v -0.00150070 0.07322420 0.05712525
v -0.00150070 0.07322420 0.05712525
v 0.00354149 0.07344851 0.05727404
v -0.00143028 0.07343451 0.05735326
v -0.00150070 0.07322420 0.05712525
v -0.00143028 0.07343451 0.05735326
v -0.00640416 0.07327536 0.05682638
v -0.00640416 0.07327536 0.05682638
v -0.00143028 0.07343451 0.05735326
v -0.00640611 0.07341399 0.05699301
v -0.00640416 0.07327536 0.05682638
v -0.00640611 0.07341399 0.05699301
v -0.01130872 0.07327537 0.05606362
v -0.01130872 0.07327537 0.05606362
v -0.00640611 0.07341399 0.05699301
v -0.01132925 0.07344852 0.05626298
v -0.01130872 0.07327537 0.05606362
v -0.01132925 0.07344852 0.05626298
v -0.01615380 0.07344558 0.05508180
v -0.01130872 0.07327537 0.05606362
v -0.01615380 0.07344558 0.05508180
v -0.01613765 0.07327267 0.05487823
v -0.01613765 0.07327267 0.05487823
v -0.01615380 0.07344558 0.05508180
v -0.02083346 0.07327981 0.05329273
v -0.02083346 0.07327981 0.05329273
v -0.01615380 0.07344558 0.05508180
v -0.02086877 0.07341367 0.05345645
v 0.02312977 0.07321799 -0.05330481
v 0.01848194 0.07316930 -0.05510524
v 0.01850126 0.07328619 -0.05515068
v 0.01850126 0.07328619 -0.05515068
v 0.01848194 0.07316930 -0.05510524
v 0.01372802 0.07326394 -0.05651947
v -0.05001371 0.07321795 -0.02916820
v -0.05230281 0.07316927 -0.02474057
v -0.05234593 0.07328617 -0.02476465
v -0.05234593 0.07328617 -0.02476465
v -0.05230281 0.07316927 -0.02474057
v -0.05422837 0.07327535 -0.02017070
v -0.05676303 0.07323294 -0.01060397
v -0.05741458 0.07316929 -0.00566481
v -0.05746329 0.07328617 -0.00567294
v -0.05746329 0.07328617 -0.00567294
v -0.05741458 0.07316929 -0.00566481
v -0.05767445 0.07326343 -0.00073633
v 0.05332721 0.07327269 0.02148906
v 0.05498812 0.07316933 0.01680074
v 0.05503397 0.07328621 0.01681910
v 0.05503397 0.07328621 0.01681910
v 0.05498812 0.07316933 0.01680074
v 0.05627200 0.07316934 0.01200966
v 0.05631926 0.07328621 0.01202395
v 0.05631926 0.07328621 0.01202395
v 0.05627200 0.07316934 0.01200966
v 0.05716423 0.07326346 0.00715565
v -0.02933677 0.07321795 -0.05012536
v -0.03351515 0.07313569 -0.04740554
v -0.03353377 0.07327536 -0.04743882
v -0.03353377 0.07327536 -0.04743882
v -0.03351515 0.07313569 -0.04740554
v -0.03742311 0.07315255 -0.04435187
v -0.03353377 0.07327536 -0.04743882
v -0.03742311 0.07315255 -0.04435187
v -0.03743288 0.07327487 -0.04439206
v -0.03743288 0.07327487 -0.04439206
v -0.03742311 0.07315255 -0.04435187
v -0.04105402 0.07313568 -0.04097140
v -0.03743288 0.07327487 -0.04439206
v -0.04105402 0.07313568 -0.04097140
v -0.04107080 0.07327265 -0.04100637
v -0.04107080 0.07327265 -0.04100637
v -0.04105402 0.07313568 -0.04097140
v -0.04438887 0.07323860 -0.03729634
v -0.04438887 0.07323860 -0.03729634
v -0.04737966 0.07315254 -0.03334200
v -0.04739937 0.07327487 -0.03337839
v -0.04739937 0.07327487 -0.03337839
v -0.04737966 0.07315254 -0.03334200
v -0.05001371 0.07321795 -0.02916820
v -0.05230281 0.07316927 -0.02474057
v -0.05419470 0.07315251 -0.02015475
v -0.05422837 0.07327535 -0.02017070
v -0.05422837 0.07327535 -0.02017070
v -0.05419470 0.07315251 -0.02015475
v -0.05570261 0.07326344 -0.01545591
v -0.05746075 0.07323294 0.00422557
v -0.05683023 0.07313568 0.00916871
v -0.05686830 0.07327535 0.00917094
v -0.05686830 0.07327535 0.00917094
v -0.05683023 0.07313568 0.00916871
v -0.05578850 0.07313569 0.01401829
v -0.05582624 0.07327535 0.01402376
v -0.05582624 0.07327535 0.01402376
v -0.05578850 0.07313569 0.01401829
v -0.05436419 0.07326029 0.01875361
v -0.05248371 0.07323861 0.02336522
v -0.05023220 0.07315252 0.02778249
v -0.05026623 0.07327535 0.02779766
v -0.05026623 0.07327535 0.02779766
v -0.05023220 0.07315252 0.02778249
v -0.04761478 0.07315255 0.03199596
v -0.05026623 0.07327535 0.02779766
v -0.04761478 0.07315255 0.03199596
v -0.04765581 0.07327487 0.03200135
v -0.04765581 0.07327487 0.03200135
v -0.04761478 0.07315255 0.03199596
v -0.04468253 0.07326342 0.03596524
v -0.02973559 0.07321795 0.04888321
v -0.02535854 0.07315252 0.05126888
v -0.02539078 0.07327999 0.05129785
v -0.02539078 0.07327999 0.05129785
v -0.02535854 0.07315252 0.05126888
v -0.02081328 0.07313573 0.05325666
v -0.02539078 0.07327999 0.05129785
v -0.02081328 0.07313573 0.05325666
v -0.02083346 0.07327981 0.05329273
v -0.02083346 0.07327981 0.05329273
v -0.02081328 0.07313573 0.05325666
v -0.01611484 0.07313573 0.05484686
v -0.02083346 0.07327981 0.05329273
v -0.01611484 0.07313573 0.05484686
v -0.01613765 0.07327267 0.05487823
v -0.01613765 0.07327267 0.05487823
v -0.01611484 0.07313573 0.05484686
v -0.01129800 0.07315259 0.05602794
v -0.01613765 0.07327267 0.05487823
v -0.01129800 0.07315259 0.05602794
v -0.01130872 0.07327537 0.05606362
v -0.01130872 0.07327537 0.05606362
v -0.01129800 0.07315259 0.05602794
v -0.00639655 0.07315253 0.05678990
v -0.00640416 0.07327536 0.05682638
v -0.00640416 0.07327536 0.05682638
v -0.00639655 0.07315253 0.05678990
v -0.00150070 0.07322420 0.05712525
v -0.00150070 0.07322420 0.05712525
v 0.00351234 0.07313576 0.05703796
v 0.00350142 0.07327272 0.05707523
v 0.00350142 0.07327272 0.05707523
v 0.00351234 0.07313576 0.05703796
v 0.00844578 0.07313576 0.05652301
v 0.00350142 0.07327272 0.05707523
v 0.00844578 0.07313576 0.05652301
v 0.00844717 0.07327539 0.05656114
v 0.00844717 0.07327539 0.05656114
v 0.00844578 0.07313576 0.05652301
v 0.01331801 0.07311861 0.05558575
v 0.00844717 0.07327539 0.05656114
v 0.01331801 0.07311861 0.05558575
v 0.01330656 0.07327490 0.05562706
v 0.01330656 0.07327490 0.05562706
v 0.01331801 0.07311861 0.05558575
v 0.01804957 0.07323821 0.05425558
v 0.03550882 0.07323864 0.04492155
v 0.03927489 0.07313572 0.04169597
v 0.03929766 0.07327539 0.04172657
v 0.03929766 0.07327539 0.04172657
v 0.03927489 0.07313572 0.04169597
v 0.04273370 0.07323819 0.03820215
v 0.05123636 0.07326397 0.02597880
v 0.05329847 0.07313575 0.02146299
v 0.05332721 0.07327269 0.02148906
v 0.05332721 0.07327269 0.02148906
v 0.05329847 0.07313575 0.02146299
v 0.05498812 0.07316933 0.01680074
v 0.05512612 0.07323298 -0.01738979
v 0.05345467 0.07313572 -0.02208431
v 0.05349137 0.07327538 -0.02209463
v 0.05349137 0.07327538 -0.02209463
v 0.05345467 0.07313572 -0.02208431
v 0.05142923 0.07323818 -0.02656402
v 0.04898053 0.07321800 -0.03089977
v 0.04617249 0.07315257 -0.03501859
v 0.04620432 0.07327538 -0.03503799
v 0.04620432 0.07327538 -0.03503799
v 0.04617249 0.07315257 -0.03501859
v 0.04305598 0.07326395 -0.03887638
v 0.03583062 0.07323863 -0.04567235
v 0.03181183 0.07313569 -0.04857706
v 0.03183625 0.07327538 -0.04860634
v 0.03183625 0.07327538 -0.04860634
v 0.03181183 0.07313569 -0.04857706
v 0.02756137 0.07313573 -0.05113377
v 0.03183625 0.07327538 -0.04860634
v 0.02756137 0.07313573 -0.05113377
v 0.02759639 0.07327490 -0.05115768
v 0.02759639 0.07327490 -0.05115768
v 0.02756137 0.07313573 -0.05113377
v 0.02312977 0.07321799 -0.05330481
v 0.01848194 0.07316930 -0.05510524
v 0.01372003 0.07313612 -0.05649638
v 0.01372802 0.07326394 -0.05651947
v 0.01372802 0.07326394 -0.05651947
v 0.01372003 0.07313612 -0.05649638
v 0.00885521 0.07311944 -0.05746962
v 0.01372802 0.07326394 -0.05651947
v 0.00885521 0.07311944 -0.05746962
v 0.00887502 0.07326030 -0.05748875
v 0.00887502 0.07326030 -0.05748875
v 0.00885521 0.07311944 -0.05746962
v 0.00392365 0.07323864 -0.05802419
v 0.00392365 0.07323864 -0.05802419
v -0.00103380 0.07311944 -0.05814449
v -0.00103131 0.07326392 -0.05816787
v -0.00103131 0.07326392 -0.05816787
v -0.00103380 0.07311944 -0.05814449
v -0.00598519 0.07311947 -0.05784223
v -0.00103131 0.07326392 -0.05816787
v -0.00598519 0.07311947 -0.05784223
v -0.00596030 0.07326344 -0.05786820
v -0.00596030 0.07326344 -0.05786820
v -0.00598519 0.07311947 -0.05784223
v -0.01089225 0.07311948 -0.05711545
v -0.00596030 0.07326344 -0.05786820
v -0.01089225 0.07311948 -0.05711545
v -0.01086972 0.07326345 -0.05714347
v -0.01086972 0.07326345 -0.05714347
v -0.01089225 0.07311948 -0.05711545
v -0.01569770 0.07323295 -0.05597884
v -0.01569770 0.07323295 -0.05597884
v -0.02042877 0.07311944 -0.05441295
v -0.02041132 0.07326345 -0.05444443
v -0.02041132 0.07326345 -0.05444443
v -0.02042877 0.07311944 -0.05441295
v -0.02496124 0.07325124 -0.05248489
v -0.05419470 0.07315251 -0.02015475
v -0.05568726 0.07311943 -0.01542338
v -0.05570261 0.07326344 -0.01545591
v -0.05570261 0.07326344 -0.01545591
v -0.05568726 0.07311943 -0.01542338
v -0.05676303 0.07323294 -0.01060397
v -0.05741458 0.07316929 -0.00566481
v -0.05765131 0.07311945 -0.00070882
v -0.05767445 0.07326343 -0.00073633
v -0.05767445 0.07326343 -0.00073633
v -0.05765131 0.07311945 -0.00070882
v -0.05746075 0.07323294 0.00422557
v -0.05578850 0.07313569 0.01401829
v -0.05433793 0.07311946 0.01876195
v -0.05436419 0.07326029 0.01875361
v -0.05436419 0.07326029 0.01875361
v -0.05433793 0.07311946 0.01876195
v -0.05248371 0.07323861 0.02336522
v -0.04761478 0.07315255 0.03199596
v -0.04464718 0.07311941 0.03597178
v -0.04468253 0.07326342 0.03596524
v -0.04468253 0.07326342 0.03596524
v -0.04464718 0.07311941 0.03597178
v -0.04136459 0.07323294 0.03966078
v -0.04136459 0.07323294 0.03966078
v -0.03774028 0.07308584 0.04308636
v -0.03775709 0.07326395 0.04309618
v -0.03775709 0.07326395 0.04309618
v -0.03774028 0.07308584 0.04308636
v -0.03389017 0.07325126 0.04615335
v 0.01804957 0.07323821 0.05425558
v 0.02272916 0.07311942 0.05247996
v 0.02272253 0.07326032 0.05250667
v 0.02272253 0.07326032 0.05250667
v 0.02272916 0.07311942 0.05247996
v 0.02720521 0.07325170 0.05034225
v 0.04875195 0.07324708 0.03029365
v 0.05121697 0.07311950 0.02596546
v 0.05123636 0.07326397 0.02597880
v 0.05123636 0.07326397 0.02597880
v 0.05121697 0.07311950 0.02596546
v 0.05329847 0.07313575 0.02146299
v 0.05627200 0.07316934 0.01200966
v 0.05714483 0.07311948 0.00712539
v 0.05716423 0.07326346 0.00715565
v 0.05716423 0.07326346 0.00715565
v 0.05714483 0.07311948 0.00712539
v 0.05758898 0.07311948 0.00218469
v 0.05716423 0.07326346 0.00715565
v 0.05758898 0.07311948 0.00218469
v 0.05761093 0.07326346 0.00221320
v 0.05761093 0.07326346 0.00221320
v 0.05758898 0.07311948 0.00218469
v 0.05760258 0.07321800 -0.00275018
v 0.05720188 0.07323864 -0.00772202
v 0.05636586 0.07311947 -0.01260991
v 0.05639436 0.07326348 -0.01258796
v 0.05639436 0.07326348 -0.01258796
v 0.05636586 0.07311947 -0.01260991
v 0.05512612 0.07323298 -0.01738979
v 0.04617249 0.07315257 -0.03501859
v 0.04303629 0.07313612 -0.03886192
v 0.04305598 0.07326395 -0.03887638
v 0.04305598 0.07326395 -0.03887638
v 0.04303629 0.07313612 -0.03886192
v 0.03959835 0.07323298 -0.04240740
v -0.02042877 0.07311944 -0.05441295
v -0.02499607 0.07307116 -0.05246834
v -0.02496124 0.07325124 -0.05248489
v -0.02496124 0.07325124 -0.05248489
v -0.02499607 0.07307116 -0.05246834
v -0.02933677 0.07321795 -0.05012536
v -0.03774028 0.07308584 0.04308636
v -0.03385905 0.07307119 0.04617614
v -0.03389017 0.07325126 0.04615335
v -0.03389017 0.07325126 0.04615335
v -0.03385905 0.07307119 0.04617614
v -0.02973559 0.07321795 0.04888321
v 0.02272916 0.07311942 0.05247996
v 0.02720855 0.07307119 0.05034064
v 0.02720521 0.07325170 0.05034225
v 0.02720521 0.07325170 0.05034225
v 0.02720855 0.07307119 0.05034064
v 0.03145143 0.07323298 0.04781862
v 0.04590272 0.07323819 0.03438526
v 0.04876520 0.07307118 0.03027526
v 0.04875195 0.07324708 0.03029365
v 0.04875195 0.07324708 0.03029365
v 0.04876520 0.07307118 0.03027526
v 0.05121697 0.07311950 0.02596546
v 0.00885521 0.07311944 -0.05746962
v 0.00392478 0.07305724 -0.05804323
v 0.00392365 0.07323864 -0.05802419
v 0.00392365 0.07323864 -0.05802419
v 0.00392478 0.07305724 -0.05804323
v -0.00103380 0.07311944 -0.05814449
v -0.01089225 0.07311948 -0.05711545
v -0.01572698 0.07305723 -0.05599128
v -0.01569770 0.07323295 -0.05597884
v -0.01569770 0.07323295 -0.05597884
v -0.01572698 0.07305723 -0.05599128
v -0.02042877 0.07311944 -0.05441295
v -0.04105402 0.07313568 -0.04097140
v -0.04441112 0.07304200 -0.03731076
v -0.04438887 0.07323860 -0.03729634
v -0.04438887 0.07323860 -0.03729634
v -0.04441112 0.07304200 -0.03731076
v -0.04737966 0.07315254 -0.03334200
v -0.05568726 0.07311943 -0.01542338
v -0.05679465 0.07304200 -0.01058139
v -0.05676303 0.07323294 -0.01060397
v -0.05676303 0.07323294 -0.01060397
v -0.05679465 0.07304200 -0.01058139
v -0.05741458 0.07316929 -0.00566481
v -0.05765131 0.07311945 -0.00070882
v -0.05748557 0.07304199 0.00425544
v -0.05746075 0.07323294 0.00422557
v -0.05746075 0.07323294 0.00422557
v -0.05748557 0.07304199 0.00425544
v -0.05683023 0.07313568 0.00916871
v -0.05433793 0.07311946 0.01876195
v -0.05250638 0.07304200 0.02337894
v -0.05248371 0.07323861 0.02336522
v -0.05248371 0.07323861 0.02336522
v -0.05250638 0.07304200 0.02337894
v -0.05023220 0.07315252 0.02778249
v -0.04464718 0.07311941 0.03597178
v -0.04136163 0.07305722 0.03969247
v -0.04136459 0.07323294 0.03966078
v -0.04136459 0.07323294 0.03966078
v -0.04136163 0.07305722 0.03969247
v -0.03774028 0.07308584 0.04308636
v 0.01331801 0.07311861 0.05558575
v 0.01809966 0.07305723 0.05425908
v 0.01804957 0.07323821 0.05425558
v 0.01804957 0.07323821 0.05425558
v 0.01809966 0.07305723 0.05425908
v 0.02272916 0.07311942 0.05247996
v 0.02720855 0.07307119 0.05034064
v 0.03148305 0.07305729 0.04782179
v 0.03145143 0.07323298 0.04781862
v 0.03145143 0.07323298 0.04781862
v 0.03148305 0.07305729 0.04782179
v 0.03552072 0.07305725 0.04493645
v 0.03145143 0.07323298 0.04781862
v 0.03552072 0.07305725 0.04493645
v 0.03550882 0.07323864 0.04492155
v 0.03550882 0.07323864 0.04492155
v 0.03552072 0.07305725 0.04493645
v 0.03927489 0.07313572 0.04169597
v 0.03927489 0.07313572 0.04169597
v 0.04277898 0.07305726 0.03818049
v 0.04273370 0.07323819 0.03820215
v 0.04273370 0.07323819 0.03820215
v 0.04277898 0.07305726 0.03818049
v 0.04595356 0.07304202 0.03436180
v 0.04590272 0.07323819 0.03438526
v 0.04590272 0.07323819 0.03438526
v 0.04595356 0.07304202 0.03436180
v 0.04876520 0.07307118 0.03027526
v 0.05760258 0.07321800 -0.00275018
v 0.05722079 0.07305725 -0.00772458
v 0.05720188 0.07323864 -0.00772202
v 0.05720188 0.07323864 -0.00772202
v 0.05722079 0.07305725 -0.00772458
v 0.05636586 0.07311947 -0.01260991
v 0.05636586 0.07311947 -0.01260991
v 0.05513792 0.07305723 -0.01741936
v 0.05512612 0.07323298 -0.01738979
v 0.05512612 0.07323298 -0.01738979
v 0.05513792 0.07305723 -0.01741936
v 0.05345467 0.07313572 -0.02208431
v 0.05345467 0.07313572 -0.02208431
v 0.05143031 0.07304200 -0.02662000
v 0.05142923 0.07323818 -0.02656402
v 0.05142923 0.07323818 -0.02656402
v 0.05143031 0.07304200 -0.02662000
v 0.04898053 0.07321800 -0.03089977
v 0.04303629 0.07313612 -0.03886192
v 0.03959403 0.07305723 -0.04243893
v 0.03959835 0.07323298 -0.04240740
v 0.03959835 0.07323298 -0.04240740
v 0.03959403 0.07305723 -0.04243893
v 0.03584234 0.07305723 -0.04568741
v 0.03959835 0.07323298 -0.04240740
v 0.03584234 0.07305723 -0.04568741
v 0.03583062 0.07323863 -0.04567235
v 0.03583062 0.07323863 -0.04567235
v 0.03584234 0.07305723 -0.04568741
v 0.03181183 0.07313569 -0.04857706
v 0.02756137 0.07313573 -0.05113377
v 0.02310928 0.07298956 -0.05340005
v 0.02312977 0.07321799 -0.05330481
v 0.02312977 0.07321799 -0.05330481
v 0.02310928 0.07298956 -0.05340005
v 0.01847634 0.07298956 -0.05519083
v 0.02312977 0.07321799 -0.05330481
v 0.01847634 0.07298956 -0.05519083
v 0.01848194 0.07316930 -0.05510524
v 0.01848194 0.07316930 -0.05510524
v 0.01847634 0.07298956 -0.05519083
v 0.01370667 0.07298956 -0.05657670
v 0.01848194 0.07316930 -0.05510524
v 0.01370667 0.07298956 -0.05657670
v 0.01372003 0.07313612 -0.05649638
v 0.01372003 0.07313612 -0.05649638
v 0.01370667 0.07298956 -0.05657670
v 0.00885521 0.07311944 -0.05746962
v -0.02499607 0.07307116 -0.05246834
v -0.02942609 0.07298954 -0.05016435
v -0.02933677 0.07321795 -0.05012536
v -0.02933677 0.07321795 -0.05012536
v -0.02942609 0.07298954 -0.05016435
v -0.03351515 0.07313569 -0.04740554
v -0.03351515 0.07313569 -0.04740554
v -0.03749792 0.07298955 -0.04438991
v -0.03742311 0.07315255 -0.04435187
v -0.03742311 0.07315255 -0.04435187
v -0.03749792 0.07298955 -0.04438991
v -0.04105402 0.07313568 -0.04097140
v -0.04441112 0.07304200 -0.03731076
v -0.04746167 0.07298954 -0.03335971
v -0.04737966 0.07315254 -0.03334200
v -0.04737966 0.07315254 -0.03334200
v -0.04746167 0.07298954 -0.03335971
v -0.05011059 0.07298954 -0.02915802
v -0.04737966 0.07315254 -0.03334200
v -0.05011059 0.07298954 -0.02915802
v -0.05001371 0.07321795 -0.02916820
v -0.05001371 0.07321795 -0.02916820
v -0.05011059 0.07298954 -0.02915802
v -0.05238849 0.07298954 -0.02474421
v -0.05001371 0.07321795 -0.02916820
v -0.05238849 0.07298954 -0.02474421
v -0.05230281 0.07316927 -0.02474057
v -0.05230281 0.07316927 -0.02474057
v -0.05238849 0.07298954 -0.02474421
v -0.05427853 0.07298953 -0.02015092
v -0.05230281 0.07316927 -0.02474057
v -0.05427853 0.07298953 -0.02015092
v -0.05419470 0.07315251 -0.02015475
v -0.05419470 0.07315251 -0.02015475
v -0.05427853 0.07298953 -0.02015092
v -0.05568726 0.07311943 -0.01542338
v -0.05679465 0.07304200 -0.01058139
v -0.05749647 0.07298953 -0.00563930
v -0.05741458 0.07316929 -0.00566481
v -0.05741458 0.07316929 -0.00566481
v -0.05749647 0.07298953 -0.00563930
v -0.05765131 0.07311945 -0.00070882
v -0.05250638 0.07304200 0.02337894
v -0.05028393 0.07298954 0.02784857
v -0.05023220 0.07315252 0.02778249
v -0.05023220 0.07315252 0.02778249
v -0.05028393 0.07298954 0.02784857
v -0.04766061 0.07298955 0.03206629
v -0.05023220 0.07315252 0.02778249
v -0.04766061 0.07298955 0.03206629
v -0.04761478 0.07315255 0.03199596
v -0.04761478 0.07315255 0.03199596
v -0.04766061 0.07298955 0.03206629
v -0.04464718 0.07311941 0.03597178
v -0.03385905 0.07307119 0.04617614
v -0.02972752 0.07298955 0.04898030
v -0.02973559 0.07321795 0.04888321
v -0.02973559 0.07321795 0.04888321
v -0.02972752 0.07298955 0.04898030
v -0.02536371 0.07298955 0.05135265
v -0.02973559 0.07321795 0.04888321
v -0.02536371 0.07298955 0.05135265
v -0.02535854 0.07315252 0.05126888
v -0.02535854 0.07315252 0.05126888
v -0.02536371 0.07298955 0.05135265
v -0.02081328 0.07313573 0.05325666
v -0.01611484 0.07313573 0.05484686
v -0.01128156 0.07298956 0.05611024
v -0.01129800 0.07315259 0.05602794
v -0.01129800 0.07315259 0.05602794
v -0.01128156 0.07298956 0.05611024
v -0.00637308 0.07298955 0.05687051
v -0.01129800 0.07315259 0.05602794
v -0.00637308 0.07298955 0.05687051
v -0.00639655 0.07315253 0.05678990
v -0.00639655 0.07315253 0.05678990
v -0.00637308 0.07298955 0.05687051
v -0.00141754 0.07298956 0.05720597
v -0.00639655 0.07315253 0.05678990
v -0.00141754 0.07298956 0.05720597
v -0.00150070 0.07322420 0.05712525
v -0.00150070 0.07322420 0.05712525
v -0.00141754 0.07298956 0.05720597
v 0.00351234 0.07313576 0.05703796
v 0.05329847 0.07313575 0.02146299
v 0.05507357 0.07298957 0.01679332
v 0.05498812 0.07316933 0.01680074
v 0.05498812 0.07316933 0.01680074
v 0.05507357 0.07298957 0.01679332
v 0.05635649 0.07298957 0.01199491
v 0.05498812 0.07316933 0.01680074
v 0.05635649 0.07298957 0.01199491
v 0.05627200 0.07316934 0.01200966
v 0.05627200 0.07316934 0.01200966
v 0.05635649 0.07298957 0.01199491
v 0.05714483 0.07311948 0.00712539
v 0.05758898 0.07311948 0.00218469
v 0.05767931 0.07298957 -0.00281022
v 0.05760258 0.07321800 -0.00275018
v 0.05760258 0.07321800 -0.00275018
v 0.05767931 0.07298957 -0.00281022
v 0.05722079 0.07305725 -0.00772458
v 0.05143031 0.07304200 -0.02662000
v 0.04901760 0.07298958 -0.03098987
v 0.04898053 0.07321800 -0.03089977
v 0.04898053 0.07321800 -0.03089977
v 0.04901760 0.07298958 -0.03098987
v 0.04621529 0.07298957 -0.03509081
v 0.04898053 0.07321800 -0.03089977
v 0.04621529 0.07298957 -0.03509081
v 0.04617249 0.07315257 -0.03501859
v 0.04617249 0.07315257 -0.03501859
v 0.04621529 0.07298957 -0.03509081
v 0.04307079 0.07298957 -0.03893564
v 0.04617249 0.07315257 -0.03501859
v 0.04307079 0.07298957 -0.03893564
v 0.04303629 0.07313612 -0.03886192
v 0.04303629 0.07313612 -0.03886192
v 0.04307079 0.07298957 -0.03893564
v 0.03959403 0.07305723 -0.04243893
v 0.01370667 0.07298956 -0.05657670
v 0.00883911 0.07298221 -0.05756277
v 0.00885521 0.07311944 -0.05746962
v 0.00885521 0.07311944 -0.05746962
v 0.00883911 0.07298221 -0.05756277
v 0.00392478 0.07305724 -0.05804323
v 0.00392478 0.07305724 -0.05804323
v -0.00106563 0.07298221 -0.05823351
v -0.00103380 0.07311944 -0.05814449
v -0.00103380 0.07311944 -0.05814449
v -0.00106563 0.07298221 -0.05823351
v -0.00602457 0.07298221 -0.05792819
v -0.00103380 0.07311944 -0.05814449
v -0.00602457 0.07298221 -0.05792819
v -0.00598519 0.07311947 -0.05784223
v -0.00598519 0.07311947 -0.05784223
v -0.00602457 0.07298221 -0.05792819
v -0.01093890 0.07298221 -0.05719771
v -0.00598519 0.07311947 -0.05784223
v -0.01093890 0.07298221 -0.05719771
v -0.01089225 0.07311948 -0.05711545
v -0.01089225 0.07311948 -0.05711545
v -0.01093890 0.07298221 -0.05719771
v -0.01572698 0.07305723 -0.05599128
v -0.01572698 0.07305723 -0.05599128
v -0.02048877 0.07298220 -0.05448602
v -0.02042877 0.07311944 -0.05441295
v -0.02042877 0.07311944 -0.05441295
v -0.02048877 0.07298220 -0.05448602
v -0.02499607 0.07307116 -0.05246834
v -0.02942609 0.07298954 -0.05016435
v -0.03359449 0.07298220 -0.04746447
v -0.03351515 0.07313569 -0.04740554
v -0.03351515 0.07313569 -0.04740554
v -0.03359449 0.07298220 -0.04746447
v -0.03749792 0.07298955 -0.04438991
v -0.03749792 0.07298955 -0.04438991
v -0.04114231 0.07298220 -0.04101584
v -0.04105402 0.07313568 -0.04097140
v -0.04105402 0.07313568 -0.04097140
v -0.04114231 0.07298220 -0.04101584
v -0.04441112 0.07304200 -0.03731076
v -0.05427853 0.07298953 -0.02015092
v -0.05578161 0.07298219 -0.01541735
v -0.05568726 0.07311943 -0.01542338
v -0.05568726 0.07311943 -0.01542338
v -0.05578161 0.07298219 -0.01541735
v -0.05679465 0.07304200 -0.01058139
v -0.05749647 0.07298953 -0.00563930
v -0.05774099 0.07298219 -0.00067889
v -0.05765131 0.07311945 -0.00070882
v -0.05765131 0.07311945 -0.00070882
v -0.05774099 0.07298219 -0.00067889
v -0.05748557 0.07304199 0.00425544
v -0.05748557 0.07304199 0.00425544
v -0.05691786 0.07298220 0.00921437
v -0.05683023 0.07313568 0.00916871
v -0.05683023 0.07313568 0.00916871
v -0.05691786 0.07298220 0.00921437
v -0.05587189 0.07298220 0.01407134
v -0.05683023 0.07313568 0.00916871
v -0.05587189 0.07298220 0.01407134
v -0.05578850 0.07313569 0.01401829
v -0.05578850 0.07313569 0.01401829
v -0.05587189 0.07298220 0.01407134
v -0.05441226 0.07298220 0.01882043
v -0.05578850 0.07313569 0.01401829
v -0.05441226 0.07298220 0.01882043
v -0.05433793 0.07311946 0.01876195
v -0.05433793 0.07311946 0.01876195
v -0.05441226 0.07298220 0.01882043
v -0.05250638 0.07304200 0.02337894
v -0.04766061 0.07298955 0.03206629
v -0.04469746 0.07298220 0.03605182
v -0.04464718 0.07311941 0.03597178
v -0.04464718 0.07311941 0.03597178
v -0.04469746 0.07298220 0.03605182
v -0.04136163 0.07305722 0.03969247
v -0.02536371 0.07298955 0.05135265
v -0.02081893 0.07298221 0.05335533
v -0.02081328 0.07313573 0.05325666
v -0.02081328 0.07313573 0.05325666
v -0.02081893 0.07298221 0.05335533
v -0.01611202 0.07298221 0.05494564
v -0.02081328 0.07313573 0.05325666
v -0.01611202 0.07298221 0.05494564
v -0.01611484 0.07313573 0.05484686
v -0.01611484 0.07313573 0.05484686
v -0.01611202 0.07298221 0.05494564
v -0.01128156 0.07298956 0.05611024
v -0.00141754 0.07298956 0.05720597
v 0.00354838 0.07298222 0.05713001
v 0.00351234 0.07313576 0.05703796
v 0.00351234 0.07313576 0.05703796
v 0.00354838 0.07298222 0.05713001
v 0.00848959 0.07298223 0.05661161
v 0.00351234 0.07313576 0.05703796
v 0.00848959 0.07298223 0.05661161
v 0.00844578 0.07313576 0.05652301
v 0.00844578 0.07313576 0.05652301
v 0.00848959 0.07298223 0.05661161
v 0.01331801 0.07311861 0.05558575
v 0.01809966 0.07305723 0.05425908
v 0.02279225 0.07298222 0.05255035
v 0.02272916 0.07311942 0.05247996
v 0.02272916 0.07311942 0.05247996
v 0.02279225 0.07298222 0.05255035
v 0.02720855 0.07307119 0.05034064
v 0.03552072 0.07305725 0.04493645
v 0.03936116 0.07298224 0.04174416
v 0.03927489 0.07313572 0.04169597
v 0.03927489 0.07313572 0.04169597
v 0.03936116 0.07298224 0.04174416
v 0.04277898 0.07305726 0.03818049
v 0.04876520 0.07307118 0.03027526
v 0.05131044 0.07298223 0.02597973
v 0.05121697 0.07311950 0.02596546
v 0.05121697 0.07311950 0.02596546
v 0.05131044 0.07298223 0.02597973
v 0.05339700 0.07298223 0.02147081
v 0.05121697 0.07311950 0.02596546
v 0.05339700 0.07298223 0.02147081
v 0.05329847 0.07313575 0.02146299
v 0.05329847 0.07313575 0.02146299
v 0.05339700 0.07298223 0.02147081
v 0.05507357 0.07298957 0.01679332
v 0.05635649 0.07298957 0.01199491
v 0.05723762 0.07298223 0.00710727
v 0.05714483 0.07311948 0.00712539
v 0.05714483 0.07311948 0.00712539
v 0.05723762 0.07298223 0.00710727
v 0.05767988 0.07298223 0.00215866
v 0.05714483 0.07311948 0.00712539
v 0.05767988 0.07298223 0.00215866
v 0.05758898 0.07311948 0.00218469
v 0.05758898 0.07311948 0.00218469
v 0.05767988 0.07298223 0.00215866
v 0.05767931 0.07298957 -0.00281022
v 0.05722079 0.07305725 -0.00772458
v 0.05644710 0.07298223 -0.01265831
v 0.05636586 0.07311947 -0.01260991
v 0.05636586 0.07311947 -0.01260991
v 0.05644710 0.07298223 -0.01265831
v 0.05513792 0.07305723 -0.01741936
v 0.05513792 0.07305723 -0.01741936
v 0.05353055 0.07298223 -0.02214762
v 0.05345467 0.07313572 -0.02208431
v 0.05345467 0.07313572 -0.02208431
v 0.05353055 0.07298223 -0.02214762
v 0.05143031 0.07304200 -0.02662000
v 0.03584234 0.07305723 -0.04568741
v 0.03183848 0.07298222 -0.04867223
v 0.03181183 0.07313569 -0.04857706
v 0.03181183 0.07313569 -0.04857706
v 0.03183848 0.07298222 -0.04867223
v 0.02757970 0.07298222 -0.05123089
v 0.03181183 0.07313569 -0.04857706
v 0.02757970 0.07298222 -0.05123089
v 0.02756137 0.07313573 -0.05113377
v 0.02756137 0.07313573 -0.05113377
v 0.02757970 0.07298222 -0.05123089
v 0.02310928 0.07298956 -0.05340005
v 0.00848959 0.07298223 0.05661161
v 0.01337013 0.07297592 0.05568625
v 0.01331801 0.07311861 0.05558575
v 0.01331801 0.07311861 0.05558575
v 0.01337013 0.07297592 0.05568625
v 0.01809966 0.07305723 0.05425908
v 0.00883911 0.07298221 -0.05756277
v 0.00390667 0.07297066 -0.05814307
v 0.00392478 0.07305724 -0.05804323
v 0.00392478 0.07305724 -0.05804323
v 0.00390667 0.07297066 -0.05814307
v -0.00106563 0.07298221 -0.05823351
v -0.01093890 0.07298221 -0.05719771
v -0.01577775 0.07297066 -0.05607914
v -0.01572698 0.07305723 -0.05599128
v -0.01572698 0.07305723 -0.05599128
v -0.01577775 0.07297066 -0.05607914
v -0.02048877 0.07298220 -0.05448602
v -0.02048877 0.07298220 -0.05448602
v -0.02506449 0.07297065 -0.05255511
v -0.02499607 0.07307116 -0.05246834
v -0.02499607 0.07307116 -0.05246834
v -0.02506449 0.07297065 -0.05255511
v -0.02942609 0.07298954 -0.05016435
v -0.04469746 0.07298220 0.03605182
v -0.04141488 0.07297064 0.03977883
v -0.04136163 0.07305722 0.03969247
v -0.04136163 0.07305722 0.03969247
v -0.04141488 0.07297064 0.03977883
v -0.03779878 0.07297064 0.04318999
v -0.04136163 0.07305722 0.03969247
v -0.03779878 0.07297064 0.04318999
v -0.03774028 0.07308584 0.04308636
v -0.03774028 0.07308584 0.04308636
v -0.03779878 0.07297064 0.04318999
v -0.03390292 0.07297065 0.04627757
v -0.03774028 0.07308584 0.04308636
v -0.03390292 0.07297065 0.04627757
v -0.03385905 0.07307119 0.04617614
v -0.03385905 0.07307119 0.04617614
v -0.03390292 0.07297065 0.04627757
v -0.02972752 0.07298955 0.04898030
v 0.01337013 0.07297592 0.05568625
v 0.01815417 0.07297067 0.05434467
v 0.01809966 0.07305723 0.05425908
v 0.01809966 0.07305723 0.05425908
v 0.01815417 0.07297067 0.05434467
v 0.02279225 0.07298222 0.05255035
v 0.02279225 0.07298222 0.05255035
v 0.02728070 0.07297067 0.05042438
v 0.02720855 0.07307119 0.05034064
v 0.02720855 0.07307119 0.05034064
v 0.02728070 0.07297067 0.05042438
v 0.03155754 0.07297068 0.04789069
v 0.02720855 0.07307119 0.05034064
v 0.03155754 0.07297068 0.04789069
v 0.03148305 0.07305729 0.04782179
v 0.03148305 0.07305729 0.04782179
v 0.03155754 0.07297068 0.04789069
v 0.03560089 0.07297067 0.04499865
v 0.03148305 0.07305729 0.04782179
v 0.03560089 0.07297067 0.04499865
v 0.03552072 0.07305725 0.04493645
v 0.03552072 0.07305725 0.04493645
v 0.03560089 0.07297067 0.04499865
v 0.03936116 0.07298224 0.04174416
v 0.03936116 0.07298224 0.04174416
v 0.04286864 0.07297067 0.03822800
v 0.04277898 0.07305726 0.03818049
v 0.04277898 0.07305726 0.03818049
v 0.04286864 0.07297067 0.03822800
v 0.04595356 0.07304202 0.03436180
v 0.04595356 0.07304202 0.03436180
v 0.04886926 0.07297067 0.03031247
v 0.04876520 0.07307118 0.03027526
v 0.04876520 0.07307118 0.03027526
v 0.04886926 0.07297067 0.03031247
v 0.05131044 0.07298223 0.02597973
v 0.05767931 0.07298957 -0.00281022
v 0.05731528 0.07297067 -0.00776154
v 0.05722079 0.07305725 -0.00772458
v 0.05722079 0.07305725 -0.00772458
v 0.05731528 0.07297067 -0.00776154
v 0.05644710 0.07298223 -0.01265831
v 0.05644710 0.07298223 -0.01265831
v 0.05522468 0.07297067 -0.01747196
v 0.05513792 0.07305723 -0.01741936
v 0.05513792 0.07305723 -0.01741936
v 0.05522468 0.07297067 -0.01747196
v 0.05353055 0.07298223 -0.02214762
v 0.04307079 0.07298957 -0.03893564
v 0.03964348 0.07297067 -0.04252754
v 0.03959403 0.07305723 -0.04243893
v 0.03959403 0.07305723 -0.04243893
v 0.03964348 0.07297067 -0.04252754
v 0.03588403 0.07297067 -0.04577990
v 0.03959403 0.07305723 -0.04243893
v 0.03588403 0.07297067 -0.04577990
v 0.03584234 0.07305723 -0.04568741
v 0.03584234 0.07305723 -0.04568741
v 0.03588403 0.07297067 -0.04577990
v 0.03183848 0.07298222 -0.04867223
v -0.04114231 0.07298220 -0.04101584
v -0.04453184 0.07296007 -0.03741508
v -0.04441112 0.07304200 -0.03731076
v -0.04441112 0.07304200 -0.03731076
v -0.04453184 0.07296007 -0.03741508
v -0.04746167 0.07298954 -0.03335971
v -0.05578161 0.07298219 -0.01541735
v -0.05690357 0.07296634 -0.01058140
v -0.05679465 0.07304200 -0.01058139
v -0.05679465 0.07304200 -0.01058139
v -0.05690357 0.07296634 -0.01058140
v -0.05749647 0.07298953 -0.00563930
v -0.05774099 0.07298219 -0.00067889
v -0.05764482 0.07296006 0.00426532
v -0.05748557 0.07304199 0.00425544
v -0.05748557 0.07304199 0.00425544
v -0.05764482 0.07296006 0.00426532
v -0.05691786 0.07298220 0.00921437
v -0.05441226 0.07298220 0.01882043
v -0.05259609 0.07296634 0.02344075
v -0.05250638 0.07304200 0.02337894
v -0.05250638 0.07304200 0.02337894
v -0.05259609 0.07296634 0.02344075
v -0.05028393 0.07298954 0.02784857
v 0.04286864 0.07297067 0.03822800
v 0.04607866 0.07296011 0.03446079
v 0.04595356 0.07304202 0.03436180
v 0.04595356 0.07304202 0.03436180
v 0.04607866 0.07296011 0.03446079
v 0.04886926 0.07297067 0.03031247
v 0.05353055 0.07298223 -0.02214762
v 0.05157404 0.07296010 -0.02668925
v 0.05143031 0.07304200 -0.02662000
v 0.05143031 0.07304200 -0.02662000
v 0.05157404 0.07296010 -0.02668925
v 0.04901760 0.07298958 -0.03098987
v 0.02771593 0.07294689 -0.05136833
v 0.02757970 0.07298222 -0.05123089
v 0.03196437 0.07295457 -0.04877386
v 0.03196437 0.07295457 -0.04877386
v 0.02757970 0.07298222 -0.05123089
v 0.03183848 0.07298222 -0.04867223
v 0.03196437 0.07295457 -0.04877386
v 0.03183848 0.07298222 -0.04867223
v 0.03599570 0.07295457 -0.04584737
v 0.03599570 0.07295457 -0.04584737
v 0.03183848 0.07298222 -0.04867223
v 0.03588403 0.07297067 -0.04577990
v 0.03599570 0.07295457 -0.04584737
v 0.03588403 0.07297067 -0.04577990
v 0.03976056 0.07295458 -0.04258512
v 0.03976056 0.07295458 -0.04258512
v 0.03588403 0.07297067 -0.04577990
v 0.03964348 0.07297067 -0.04252754
v 0.03976056 0.07295458 -0.04258512
v 0.03964348 0.07297067 -0.04252754
v 0.04323100 0.07295458 -0.03901138
v 0.04323100 0.07295458 -0.03901138
v 0.03964348 0.07297067 -0.04252754
v 0.04307079 0.07298957 -0.03893564
v 0.04323100 0.07295458 -0.03901138
v 0.04307079 0.07298957 -0.03893564
v 0.04638147 0.07295458 -0.03515237
v 0.04638147 0.07295458 -0.03515237
v 0.04307079 0.07298957 -0.03893564
v 0.04621529 0.07298957 -0.03509081
v 0.04638147 0.07295458 -0.03515237
v 0.04621529 0.07298957 -0.03509081
v 0.04918845 0.07295456 -0.03103703
v 0.04918845 0.07295456 -0.03103703
v 0.04621529 0.07298957 -0.03509081
v 0.04901760 0.07298958 -0.03098987
v 0.04918845 0.07295456 -0.03103703
v 0.04901760 0.07298958 -0.03098987
v 0.05157404 0.07296010 -0.02668925
v 0.05369185 0.07295458 -0.02216009
v 0.05157404 0.07296010 -0.02668925
v 0.05353055 0.07298223 -0.02214762
v 0.05369185 0.07295458 -0.02216009
v 0.05353055 0.07298223 -0.02214762
v 0.05535493 0.07295458 -0.01746426
v 0.05535493 0.07295458 -0.01746426
v 0.05353055 0.07298223 -0.02214762
v 0.05522468 0.07297067 -0.01747196
v 0.05535493 0.07295458 -0.01746426
v 0.05522468 0.07297067 -0.01747196
v 0.05660816 0.07295458 -0.01264291
v 0.05660816 0.07295458 -0.01264291
v 0.05522468 0.07297067 -0.01747196
v 0.05644710 0.07298223 -0.01265831
v 0.05660816 0.07295458 -0.01264291
v 0.05644710 0.07298223 -0.01265831
v 0.05744228 0.07295458 -0.00773163
v 0.05744228 0.07295458 -0.00773163
v 0.05644710 0.07298223 -0.01265831
v 0.05731528 0.07297067 -0.00776154
v 0.05744228 0.07295458 -0.00773163
v 0.05731528 0.07297067 -0.00776154
v 0.05789385 0.07294301 -0.00276264
v 0.05789385 0.07294301 -0.00276264
v 0.05731528 0.07297067 -0.00776154
v 0.05767931 0.07298957 -0.00281022
v 0.05789385 0.07294301 -0.00276264
v 0.05767931 0.07298957 -0.00281022
v 0.05787387 0.07294301 0.00222256
v 0.05787387 0.07294301 0.00222256
v 0.05767931 0.07298957 -0.00281022
v 0.05767988 0.07298223 0.00215866
v 0.05787387 0.07294301 0.00222256
v 0.05767988 0.07298223 0.00215866
v 0.05739388 0.07295263 0.00717991
v 0.05739388 0.07295263 0.00717991
v 0.05767988 0.07298223 0.00215866
v 0.05723762 0.07298223 0.00710727
v 0.05739388 0.07295263 0.00717991
v 0.05723762 0.07298223 0.00710727
v 0.05654133 0.07294690 0.01209247
v 0.05654133 0.07294690 0.01209247
v 0.05723762 0.07298223 0.00710727
v 0.05635649 0.07298957 0.01199491
v 0.05654133 0.07294690 0.01209247
v 0.05635649 0.07298957 0.01199491
v 0.05522068 0.07295458 0.01689215
v 0.05507357 0.07298957 0.01679332
v 0.05522068 0.07295458 0.01689215
v 0.05507357 0.07298957 0.01679332
v 0.05352097 0.07295458 0.02157479
v 0.05352097 0.07295458 0.02157479
v 0.05507357 0.07298957 0.01679332
v 0.05339700 0.07298223 0.02147081
v 0.05352097 0.07295458 0.02157479
v 0.05339700 0.07298223 0.02147081
v 0.05142501 0.07295458 0.02609398
v 0.05142501 0.07295458 0.02609398
v 0.05339700 0.07298223 0.02147081
v 0.05131044 0.07298223 0.02597973
v 0.05142501 0.07295458 0.02609398
v 0.05131044 0.07298223 0.02597973
v 0.04894832 0.07295458 0.03041625
v 0.04894832 0.07295458 0.03041625
v 0.05131044 0.07298223 0.02597973
v 0.04886926 0.07297067 0.03031247
v 0.04607866 0.07296011 0.03446079
v 0.04292873 0.07295458 0.03834382
v 0.04607866 0.07296011 0.03446079
v 0.04286864 0.07297067 0.03822800
v 0.04292873 0.07295458 0.03834382
v 0.04286864 0.07297067 0.03822800
v 0.03943048 0.07295458 0.04189036
v 0.03943048 0.07295458 0.04189036
v 0.04286864 0.07297067 0.03822800
v 0.03936116 0.07298224 0.04174416
v 0.03943048 0.07295458 0.04189036
v 0.03936116 0.07298224 0.04174416
v 0.03564023 0.07295458 0.04512308
v 0.03564023 0.07295458 0.04512308
v 0.03936116 0.07298224 0.04174416
v 0.03560089 0.07297067 0.04499865
v 0.03564023 0.07295458 0.04512308
v 0.03560089 0.07297067 0.04499865
v 0.03158619 0.07295458 0.04801796
v 0.03158619 0.07295458 0.04801796
v 0.03560089 0.07297067 0.04499865
v 0.03155754 0.07297068 0.04789069
v 0.03158619 0.07295458 0.04801796
v 0.03155754 0.07297068 0.04789069
v 0.02729819 0.07295458 0.05055368
v 0.02728070 0.07297067 0.05042438
v 0.02729819 0.07295458 0.05055368
v 0.02728070 0.07297067 0.05042438
v 0.02280991 0.07295263 0.05272176
v 0.02280991 0.07295263 0.05272176
v 0.02728070 0.07297067 0.05042438
v 0.02279225 0.07298222 0.05255035
v 0.02280991 0.07295263 0.05272176
v 0.02279225 0.07298222 0.05255035
v 0.01814920 0.07295457 0.05447509
v 0.01814920 0.07295457 0.05447509
v 0.02279225 0.07298222 0.05255035
v 0.01815417 0.07297067 0.05434467
v 0.01814920 0.07295457 0.05447509
v 0.01815417 0.07297067 0.05434467
v 0.01335598 0.07295456 0.05583176
v 0.01335598 0.07295456 0.05583176
v 0.01815417 0.07297067 0.05434467
v 0.01337013 0.07297592 0.05568625
v 0.01335598 0.07295456 0.05583176
v 0.01337013 0.07297592 0.05568625
v 0.00846377 0.07295456 0.05677137
v 0.00846377 0.07295456 0.05677137
v 0.01337013 0.07297592 0.05568625
v 0.00848959 0.07298223 0.05661161
v 0.00846377 0.07295456 0.05677137
v 0.00848959 0.07298223 0.05661161
v 0.00350901 0.07295457 0.05728693
v 0.00350901 0.07295457 0.05728693
v 0.00848959 0.07298223 0.05661161
v 0.00354838 0.07298222 0.05713001
v 0.00350901 0.07295457 0.05728693
v 0.00354838 0.07298222 0.05713001
v -0.00147187 0.07295457 0.05737463
v -0.00147187 0.07295457 0.05737463
v 0.00354838 0.07298222 0.05713001
v -0.00141754 0.07298956 0.05720597
v -0.00147187 0.07295457 0.05737463
v -0.00141754 0.07298956 0.05720597
v -0.00644795 0.07295008 0.05705415
v -0.00637308 0.07298955 0.05687051
v -0.00644795 0.07295008 0.05705415
v -0.00637308 0.07298955 0.05687051
v -0.01136400 0.07295455 0.05626715
v -0.01128156 0.07298956 0.05611024
v -0.01136400 0.07295455 0.05626715
v -0.01128156 0.07298956 0.05611024
v -0.01620212 0.07295456 0.05508007
v -0.01620212 0.07295456 0.05508007
v -0.01128156 0.07298956 0.05611024
v -0.01611202 0.07298221 0.05494564
v -0.01620212 0.07295456 0.05508007
v -0.01611202 0.07298221 0.05494564
v -0.02092027 0.07295455 0.05348151
v -0.02081893 0.07298221 0.05335533
v -0.02092027 0.07295455 0.05348151
v -0.02081893 0.07298221 0.05335533
v -0.02548347 0.07295456 0.05148329
v -0.02548347 0.07295456 0.05148329
v -0.02081893 0.07298221 0.05335533
v -0.02536371 0.07298955 0.05135265
v -0.02548347 0.07295456 0.05148329
v -0.02536371 0.07298955 0.05135265
v -0.02985808 0.07295456 0.04910015
v -0.02972752 0.07298955 0.04898030
v -0.02985808 0.07295456 0.04910015
v -0.02972752 0.07298955 0.04898030
v -0.03403418 0.07294687 0.04637245
v -0.03403418 0.07294687 0.04637245
v -0.02972752 0.07298955 0.04898030
v -0.03390292 0.07297065 0.04627757
v -0.03403418 0.07294687 0.04637245
v -0.03390292 0.07297065 0.04627757
v -0.03791327 0.07295455 0.04325254
v -0.03791327 0.07295455 0.04325254
v -0.03390292 0.07297065 0.04627757
v -0.03779878 0.07297064 0.04318999
v -0.03791327 0.07295455 0.04325254
v -0.03779878 0.07297064 0.04318999
v -0.04153431 0.07295455 0.03983136
v -0.04153431 0.07295455 0.03983136
v -0.03779878 0.07297064 0.04318999
v -0.04141488 0.07297064 0.03977883
v -0.04153431 0.07295455 0.03983136
v -0.04141488 0.07297064 0.03977883
v -0.04484779 0.07295455 0.03611161
v -0.04484779 0.07295455 0.03611161
v -0.04141488 0.07297064 0.03977883
v -0.04469746 0.07298220 0.03605182
v -0.04484779 0.07295455 0.03611161
v -0.04469746 0.07298220 0.03605182
v -0.04782927 0.07295455 0.03212071
v -0.04782927 0.07295455 0.03212071
v -0.04469746 0.07298220 0.03605182
v -0.04766061 0.07298955 0.03206629
v -0.04782927 0.07295455 0.03212071
v -0.04766061 0.07298955 0.03206629
v -0.05047674 0.07295006 0.02789507
v -0.05028393 0.07298954 0.02784857
v -0.05047674 0.07295006 0.02789507
v -0.05028393 0.07298954 0.02784857
v -0.05274132 0.07294687 0.02345419
v -0.05274132 0.07294687 0.02345419
v -0.05028393 0.07298954 0.02784857
v -0.05259609 0.07296634 0.02344075
v -0.05274132 0.07294687 0.02345419
v -0.05259609 0.07296634 0.02344075
v -0.05457398 0.07295455 0.01882581
v -0.05457398 0.07295455 0.01882581
v -0.05259609 0.07296634 0.02344075
v -0.05441226 0.07298220 0.01882043
v -0.05457398 0.07295455 0.01882581
v -0.05441226 0.07298220 0.01882043
v -0.05603348 0.07295455 0.01406285
v -0.05587189 0.07298220 0.01407134
v -0.05603348 0.07295455 0.01406285
v -0.05587189 0.07298220 0.01407134
v -0.05707812 0.07295455 0.00919205
v -0.05707812 0.07295455 0.00919205
v -0.05587189 0.07298220 0.01407134
v -0.05691786 0.07298220 0.00921437
v -0.05707812 0.07295455 0.00919205
v -0.05691786 0.07298220 0.00921437
v -0.05764482 0.07296006 0.00426532
v -0.05789506 0.07295455 -0.00072830
v -0.05764482 0.07296006 0.00426532
v -0.05774099 0.07298219 -0.00067889
v -0.05789506 0.07295455 -0.00072830
v -0.05774099 0.07298219 -0.00067889
v -0.05766128 0.07295455 -0.00570441
v -0.05766128 0.07295455 -0.00570441
v -0.05774099 0.07298219 -0.00067889
v -0.05749647 0.07298953 -0.00563930
v -0.05766128 0.07295455 -0.00570441
v -0.05749647 0.07298953 -0.00563930
v -0.05703085 0.07294686 -0.01065251
v -0.05703085 0.07294686 -0.01065251
v -0.05749647 0.07298953 -0.00563930
v -0.05690357 0.07296634 -0.01058140
v -0.05703085 0.07294686 -0.01065251
v -0.05690357 0.07296634 -0.01058140
v -0.05591794 0.07295455 -0.01550449
v -0.05591794 0.07295455 -0.01550449
v -0.05690357 0.07296634 -0.01058140
v -0.05578161 0.07298219 -0.01541735
v -0.05591794 0.07295455 -0.01550449
v -0.05578161 0.07298219 -0.01541735
v -0.05442126 0.07295455 -0.02025594
v -0.05442126 0.07295455 -0.02025594
v -0.05578161 0.07298219 -0.01541735
v -0.05427853 0.07298953 -0.02015092
v -0.05442126 0.07295455 -0.02025594
v -0.05427853 0.07298953 -0.02015092
v -0.05254822 0.07294686 -0.02487902
v -0.05254822 0.07294686 -0.02487902
v -0.05427853 0.07298953 -0.02015092
v -0.05238849 0.07298954 -0.02474421
v -0.05254822 0.07294686 -0.02487902
v -0.05238849 0.07298954 -0.02474421
v -0.05023322 0.07295455 -0.02928596
v -0.05011059 0.07298954 -0.02915802
v -0.05023322 0.07295455 -0.02928596
v -0.05011059 0.07298954 -0.02915802
v -0.04757285 0.07295455 -0.03349771
v -0.04746167 0.07298954 -0.03335971
v -0.04757285 0.07295455 -0.03349771
v -0.04746167 0.07298954 -0.03335971
v -0.04453184 0.07296007 -0.03741508
v -0.04121780 0.07295455 -0.04115898
v -0.04453184 0.07296007 -0.03741508
v -0.04114231 0.07298220 -0.04101584
v -0.04121780 0.07295455 -0.04115898
v -0.04114231 0.07298220 -0.04101584
v -0.03757018 0.07295455 -0.04455174
v -0.03757018 0.07295455 -0.04455174
v -0.04114231 0.07298220 -0.04101584
v -0.03749792 0.07298955 -0.04438991
v -0.03757018 0.07295455 -0.04455174
v -0.03749792 0.07298955 -0.04438991
v -0.03364438 0.07295455 -0.04761838
v -0.03364438 0.07295455 -0.04761838
v -0.03749792 0.07298955 -0.04438991
v -0.03359449 0.07298220 -0.04746447
v -0.03364438 0.07295455 -0.04761838
v -0.03359449 0.07298220 -0.04746447
v -0.02946951 0.07295455 -0.05033618
v -0.02946951 0.07295455 -0.05033618
v -0.03359449 0.07298220 -0.04746447
v -0.02942609 0.07298954 -0.05016435
v -0.02946951 0.07295455 -0.05033618
v -0.02942609 0.07298954 -0.05016435
v -0.02507643 0.07295455 -0.05268504
v -0.02507643 0.07295455 -0.05268504
v -0.02942609 0.07298954 -0.05016435
v -0.02506449 0.07297065 -0.05255511
v -0.02507643 0.07295455 -0.05268504
v -0.02506449 0.07297065 -0.05255511
v -0.02050421 0.07294687 -0.05467890
v -0.02050421 0.07294687 -0.05467890
v -0.02506449 0.07297065 -0.05255511
v -0.02048877 0.07298220 -0.05448602
v -0.02050421 0.07294687 -0.05467890
v -0.02048877 0.07298220 -0.05448602
v -0.01576724 0.07295456 -0.05620919
v -0.01576724 0.07295456 -0.05620919
v -0.02048877 0.07298220 -0.05448602
v -0.01577775 0.07297066 -0.05607914
v -0.01576724 0.07295456 -0.05620919
v -0.01577775 0.07297066 -0.05607914
v -0.01092101 0.07294688 -0.05739042
v -0.01092101 0.07294688 -0.05739042
v -0.01577775 0.07297066 -0.05607914
v -0.01093890 0.07298221 -0.05719771
v -0.01092101 0.07294688 -0.05739042
v -0.01093890 0.07298221 -0.05719771
v -0.00599196 0.07295456 -0.05808667
v -0.00602457 0.07298221 -0.05792819
v -0.00599196 0.07295456 -0.05808667
v -0.00602457 0.07298221 -0.05792819
v -0.00101955 0.07295456 -0.05838860
v -0.00101955 0.07295456 -0.05838860
v -0.00602457 0.07298221 -0.05792819
v -0.00106563 0.07298221 -0.05823351
v -0.00101955 0.07295456 -0.05838860
v -0.00106563 0.07298221 -0.05823351
v 0.00396362 0.07295262 -0.05827200
v 0.00396362 0.07295262 -0.05827200
v -0.00106563 0.07298221 -0.05823351
v 0.00390667 0.07297066 -0.05814307
v 0.00396362 0.07295262 -0.05827200
v 0.00390667 0.07297066 -0.05814307
v 0.00891113 0.07295457 -0.05770768
v 0.00891113 0.07295457 -0.05770768
v 0.00390667 0.07297066 -0.05814307
v 0.00883911 0.07298221 -0.05756277
v 0.00891113 0.07295457 -0.05770768
v 0.00883911 0.07298221 -0.05756277
v 0.01379578 0.07295455 -0.05672988
v 0.01379578 0.07295455 -0.05672988
v 0.00883911 0.07298221 -0.05756277
v 0.01370667 0.07298956 -0.05657670
v 0.01379578 0.07295455 -0.05672988
v 0.01370667 0.07298956 -0.05657670
v 0.01857833 0.07295457 -0.05533576
v 0.01857833 0.07295457 -0.05533576
v 0.01370667 0.07298956 -0.05657670
v 0.01847634 0.07298956 -0.05519083
v 0.01857833 0.07295457 -0.05533576
v 0.01847634 0.07298956 -0.05519083
v 0.02322333 0.07295457 -0.05353569
v 0.02310928 0.07298956 -0.05340005
v 0.02322333 0.07295457 -0.05353569
v 0.02310928 0.07298956 -0.05340005
v 0.02771593 0.07294689 -0.05136833
v 0.02771593 0.07294689 -0.05136833
v 0.02310928 0.07298956 -0.05340005
v 0.02757970 0.07298222 -0.05123089
v 0.02733702 0.07288372 0.05064043
v 0.03167167 0.07288344 0.04807561
v 0.03158619 0.07295458 0.04801796
v 0.02733702 0.07288372 0.05064043
v 0.03158619 0.07295458 0.04801796
v 0.02729819 0.07295458 0.05055368
v 0.05150618 0.07288373 0.02614343
v 0.05361225 0.07288632 0.02159645
v 0.05352097 0.07295458 0.02157479
v 0.05142501 0.07295458 0.02609398
v 0.05753720 0.07288372 -0.00773683
v 0.05669257 0.07288344 -0.01270218
v 0.05660816 0.07295458 -0.01264291
v 0.05753720 0.07288372 -0.00773683
v 0.05660816 0.07295458 -0.01264291
v 0.05744228 0.07295458 -0.00773163
v 0.04330625 0.07288372 -0.03906945
v 0.03979652 0.07288343 -0.04268181
v 0.03976056 0.07295458 -0.04258512
v 0.04330625 0.07288372 -0.03906945
v 0.03976056 0.07295458 -0.04258512
v 0.04323100 0.07295458 -0.03901138
v 0.01859406 0.07288632 -0.05542824
v 0.01382489 0.07288371 -0.05682034
v 0.01379578 0.07295455 -0.05672988
v 0.01859406 0.07288632 -0.05542824
v 0.01379578 0.07295455 -0.05672988
v 0.01857833 0.07295457 -0.05533576
v 0.02286115 0.07287523 0.05279304
v 0.02733702 0.07288372 0.05064043
v 0.02280991 0.07295263 0.05272176
v 0.02280991 0.07295263 0.05272176
v 0.02733702 0.07288372 0.05064043
v 0.02729819 0.07295458 0.05055368
v 0.04902491 0.07288372 0.03047254
v 0.05150618 0.07288373 0.02614343
v 0.05142501 0.07295458 0.02609398
v 0.04894832 0.07295458 0.03041625
v 0.05795302 0.07283905 -0.00278957
v 0.05753720 0.07288372 -0.00773683
v 0.05789385 0.07294301 -0.00276264
v 0.05789385 0.07294301 -0.00276264
v 0.05753720 0.07288372 -0.00773683
v 0.05744228 0.07295458 -0.00773163
v 0.04644680 0.07288633 -0.03521973
v 0.04330625 0.07288372 -0.03906945
v 0.04323100 0.07295458 -0.03901138
v 0.04644680 0.07288633 -0.03521973
v 0.04323100 0.07295458 -0.03901138
v 0.04638147 0.07295458 -0.03515237
v 0.02322453 0.07288343 -0.05363883
v 0.01859406 0.07288632 -0.05542824
v 0.01857833 0.07295457 -0.05533576
v 0.02322453 0.07288343 -0.05363883
v 0.01857833 0.07295457 -0.05533576
v 0.02322333 0.07295457 -0.05353569
v 0.01821718 0.07288343 0.05455264
v 0.02286115 0.07287523 0.05279304
v 0.02280991 0.07295263 0.05272176
v 0.01821718 0.07288343 0.05455264
v 0.02280991 0.07295263 0.05272176
v 0.01814920 0.07295457 0.05447509
v 0.04619196 0.07288632 0.03455389
v 0.04902491 0.07288372 0.03047254
v 0.04894832 0.07295458 0.03041625
v 0.04619196 0.07288632 0.03455389
v 0.04894832 0.07295458 0.03041625
v 0.04607866 0.07296011 0.03446079
v 0.05793529 0.07283893 0.00219855
v 0.05795302 0.07283905 -0.00278957
v 0.05789385 0.07294301 -0.00276264
v 0.05793529 0.07283893 0.00219855
v 0.05789385 0.07294301 -0.00276264
v 0.05787387 0.07294301 0.00222256
v 0.04924791 0.07288344 -0.03112126
v 0.04644680 0.07288633 -0.03521973
v 0.04638147 0.07295458 -0.03515237
v 0.04924791 0.07288344 -0.03112126
v 0.04638147 0.07295458 -0.03515237
v 0.04918845 0.07295456 -0.03103703
v 0.00396362 0.07295262 -0.05827200
v 0.00891113 0.07295457 -0.05770768
v 0.00888595 0.07288342 -0.05780770
v 0.00396362 0.07295262 -0.05827200
v 0.00888595 0.07288342 -0.05780770
v 0.00393347 0.07287263 -0.05836166
v -0.01092101 0.07294688 -0.05739042
v -0.00599196 0.07295456 -0.05808667
v -0.00604183 0.07288342 -0.05817695
v -0.01092101 0.07294688 -0.05739042
v -0.00604183 0.07288342 -0.05817695
v -0.01096256 0.07285156 -0.05745336
v -0.02507643 0.07295455 -0.05268504
v -0.02050421 0.07294687 -0.05467890
v -0.02515382 0.07288341 -0.05275321
v -0.02515382 0.07288341 -0.05275321
v -0.02050421 0.07294687 -0.05467890
v -0.02055593 0.07285158 -0.05473380
v -0.03364438 0.07295455 -0.04761838
v -0.02946951 0.07295455 -0.05033618
v -0.02952940 0.07288628 -0.05040839
v -0.03364438 0.07295455 -0.04761838
v -0.02952940 0.07288628 -0.05040839
v -0.03369406 0.07288369 -0.04769939
v -0.03757018 0.07295455 -0.04455174
v -0.03364438 0.07295455 -0.04761838
v -0.03369406 0.07288369 -0.04769939
v -0.03757018 0.07295455 -0.04455174
v -0.03369406 0.07288369 -0.04769939
v -0.03766243 0.07288341 -0.04459785
v -0.04453184 0.07296007 -0.03741508
v -0.04121780 0.07295455 -0.04115898
v -0.04129415 0.07288629 -0.04121348
v -0.04453184 0.07296007 -0.03741508
v -0.04129415 0.07288629 -0.04121348
v -0.04462903 0.07288369 -0.03753082
v -0.04757285 0.07295455 -0.03349771
v -0.04453184 0.07296007 -0.03741508
v -0.04462903 0.07288369 -0.03753082
v -0.04757285 0.07295455 -0.03349771
v -0.04462903 0.07288369 -0.03753082
v -0.04767384 0.07288340 -0.03351876
v -0.05254822 0.07294686 -0.02487902
v -0.05023322 0.07295455 -0.02928596
v -0.05032096 0.07288629 -0.02931920
v -0.05254822 0.07294686 -0.02487902
v -0.05032096 0.07288629 -0.02931920
v -0.05261904 0.07285174 -0.02489184
v -0.05703085 0.07294686 -0.01065251
v -0.05591794 0.07295455 -0.01550449
v -0.05602009 0.07288340 -0.01549025
v -0.05703085 0.07294686 -0.01065251
v -0.05602009 0.07288340 -0.01549025
v -0.05710278 0.07285340 -0.01064216
v -0.05764482 0.07296006 0.00426532
v -0.05789506 0.07295455 -0.00072830
v -0.05799017 0.07288340 -0.00068846
v -0.05764482 0.07296006 0.00426532
v -0.05799017 0.07288340 -0.00068846
v -0.05779152 0.07288340 0.00429734
v -0.05603348 0.07295455 0.01406285
v -0.05707812 0.07295455 0.00919205
v -0.05716500 0.07288340 0.00924760
v -0.05603348 0.07295455 0.01406285
v -0.05716500 0.07288340 0.00924760
v -0.05611942 0.07288629 0.01410046
v -0.05457398 0.07295455 0.01882581
v -0.05603348 0.07295455 0.01406285
v -0.05611942 0.07288629 0.01410046
v -0.05457398 0.07295455 0.01882581
v -0.05611942 0.07288629 0.01410046
v -0.05465004 0.07288341 0.01889550
v -0.05047674 0.07295006 0.02789507
v -0.05274132 0.07294687 0.02345419
v -0.05053923 0.07286220 0.02794476
v -0.05053923 0.07286220 0.02794476
v -0.05274132 0.07294687 0.02345419
v -0.05279470 0.07285337 0.02350350
v -0.04782927 0.07295455 0.03212071
v -0.05047674 0.07295006 0.02789507
v -0.04788505 0.07288342 0.03220747
v -0.04788505 0.07288342 0.03220747
v -0.05047674 0.07295006 0.02789507
v -0.05053923 0.07286220 0.02794476
v -0.04153431 0.07295455 0.03983136
v -0.04484779 0.07295455 0.03611161
v -0.04491024 0.07288630 0.03618160
v -0.04153431 0.07295455 0.03983136
v -0.04491024 0.07288630 0.03618160
v -0.04160695 0.07288370 0.03989265
v -0.02985808 0.07295456 0.04910015
v -0.03403418 0.07294687 0.04637245
v -0.02989317 0.07288628 0.04918715
v -0.02989317 0.07288628 0.04918715
v -0.03403418 0.07294687 0.04637245
v -0.03405172 0.07285158 0.04644578
v -0.01620212 0.07295456 0.05508007
v -0.02092027 0.07295455 0.05348151
v -0.02091705 0.07288342 0.05358459
v -0.01620212 0.07295456 0.05508007
v -0.02091705 0.07288342 0.05358459
v -0.01619010 0.07288343 0.05518248
v -0.00644795 0.07295008 0.05705415
v -0.01136400 0.07295455 0.05626715
v -0.01136773 0.07288630 0.05636086
v -0.00644795 0.07295008 0.05705415
v -0.01136773 0.07288630 0.05636086
v -0.00644424 0.07286224 0.05713388
v -0.00147187 0.07295457 0.05737463
v -0.00644795 0.07295008 0.05705415
v -0.00143405 0.07288343 0.05747060
v -0.00143405 0.07288343 0.05747060
v -0.00644795 0.07295008 0.05705415
v -0.00644424 0.07286224 0.05713388
v 0.00846377 0.07295456 0.05677137
v 0.00350901 0.07295457 0.05728693
v 0.00352932 0.07288629 0.05737851
v 0.00846377 0.07295456 0.05677137
v 0.00352932 0.07288629 0.05737851
v 0.00847102 0.07288372 0.05686613
v 0.01335598 0.07295456 0.05583176
v 0.00846377 0.07295456 0.05677137
v 0.00847102 0.07288372 0.05686613
v 0.01335598 0.07295456 0.05583176
v 0.00847102 0.07288372 0.05686613
v 0.01341701 0.07288344 0.05591487
v 0.03943048 0.07295458 0.04189036
v 0.03564023 0.07295458 0.04512308
v 0.03570892 0.07288633 0.04518698
v 0.03943048 0.07295458 0.04189036
v 0.03570892 0.07288633 0.04518698
v 0.03949012 0.07288373 0.04196435
v 0.04292873 0.07295458 0.03834382
v 0.03943048 0.07295458 0.04189036
v 0.03949012 0.07288373 0.04196435
v 0.04292873 0.07295458 0.03834382
v 0.03949012 0.07288373 0.04196435
v 0.04302619 0.07288345 0.03837766
v 0.05654133 0.07294690 0.01209247
v 0.05522068 0.07295458 0.01689215
v 0.05531834 0.07288148 0.01690364
v 0.05654133 0.07294690 0.01209247
v 0.05531834 0.07288148 0.01690364
v 0.05661361 0.07285340 0.01208526
v 0.05739388 0.07295263 0.00717991
v 0.05654133 0.07294690 0.01209247
v 0.05748528 0.07287265 0.00715559
v 0.05748528 0.07287265 0.00715559
v 0.05654133 0.07294690 0.01209247
v 0.05661361 0.07285340 0.01208526
v 0.05369185 0.07295458 -0.02216009
v 0.05535493 0.07295458 -0.01746426
v 0.05543917 0.07288632 -0.01750554
v 0.05369185 0.07295458 -0.02216009
v 0.05543917 0.07288632 -0.01750554
v 0.05378229 0.07288372 -0.02218932
v 0.05157404 0.07296010 -0.02668925
v 0.05369185 0.07295458 -0.02216009
v 0.05378229 0.07288372 -0.02218932
v 0.05157404 0.07296010 -0.02668925
v 0.05378229 0.07288372 -0.02218932
v 0.05169778 0.07288344 -0.02677432
v 0.03196437 0.07295457 -0.04877386
v 0.03599570 0.07295457 -0.04584737
v 0.03604175 0.07288632 -0.04592910
v 0.03196437 0.07295457 -0.04877386
v 0.03604175 0.07288632 -0.04592910
v 0.03202226 0.07288371 -0.04884925
v 0.02771593 0.07294689 -0.05136833
v 0.03196437 0.07295457 -0.04877386
v 0.03202226 0.07288371 -0.04884925
v 0.02771593 0.07294689 -0.05136833
v 0.03202226 0.07288371 -0.04884925
v 0.02772384 0.07285159 -0.05144335
v 0.01382489 0.07288371 -0.05682034
v 0.00888595 0.07288342 -0.05780770
v 0.00891113 0.07295457 -0.05770768
v 0.01382489 0.07288371 -0.05682034
v 0.00891113 0.07295457 -0.05770768
v 0.01379578 0.07295455 -0.05672988
v -0.00101955 0.07295456 -0.05838860
v 0.00396362 0.07295262 -0.05827200
v -0.00103592 0.07288631 -0.05848096
v -0.00103592 0.07288631 -0.05848096
v 0.00396362 0.07295262 -0.05827200
v 0.00393347 0.07287263 -0.05836166
v -0.00103592 0.07288631 -0.05848096
v -0.00604183 0.07288342 -0.05817695
v -0.00599196 0.07295456 -0.05808667
v -0.00103592 0.07288631 -0.05848096
v -0.00599196 0.07295456 -0.05808667
v -0.00101955 0.07295456 -0.05838860
v -0.01576724 0.07295456 -0.05620919
v -0.01092101 0.07294688 -0.05739042
v -0.01580671 0.07288630 -0.05629431
v -0.01580671 0.07288630 -0.05629431
v -0.01092101 0.07294688 -0.05739042
v -0.01096256 0.07285156 -0.05745336
v -0.01580671 0.07288630 -0.05629431
v -0.02055593 0.07285158 -0.05473380
v -0.02050421 0.07294687 -0.05467890
v -0.01580671 0.07288630 -0.05629431
v -0.02050421 0.07294687 -0.05467890
v -0.01576724 0.07295456 -0.05620919
v -0.02515382 0.07288341 -0.05275321
v -0.02952940 0.07288628 -0.05040839
v -0.02946951 0.07295455 -0.05033618
v -0.02515382 0.07288341 -0.05275321
v -0.02946951 0.07295455 -0.05033618
v -0.02507643 0.07295455 -0.05268504
v -0.03766243 0.07288341 -0.04459785
v -0.04129415 0.07288629 -0.04121348
v -0.04121780 0.07295455 -0.04115898
v -0.03766243 0.07288341 -0.04459785
v -0.04121780 0.07295455 -0.04115898
v -0.03757018 0.07295455 -0.04455174
v -0.04767384 0.07288340 -0.03351876
v -0.05032096 0.07288629 -0.02931920
v -0.05023322 0.07295455 -0.02928596
v -0.04767384 0.07288340 -0.03351876
v -0.05023322 0.07295455 -0.02928596
v -0.04757285 0.07295455 -0.03349771
v -0.05442126 0.07295455 -0.02025594
v -0.05254822 0.07294686 -0.02487902
v -0.05450810 0.07288369 -0.02029457
v -0.05450810 0.07288369 -0.02029457
v -0.05254822 0.07294686 -0.02487902
v -0.05261904 0.07285174 -0.02489184
v -0.05450810 0.07288369 -0.02029457
v -0.05602009 0.07288340 -0.01549025
v -0.05591794 0.07295455 -0.01550449
v -0.05450810 0.07288369 -0.02029457
v -0.05591794 0.07295455 -0.01550449
v -0.05442126 0.07295455 -0.02025594
v -0.05766128 0.07295455 -0.00570441
v -0.05703085 0.07294686 -0.01065251
v -0.05775511 0.07288369 -0.00571961
v -0.05775511 0.07288369 -0.00571961
v -0.05703085 0.07294686 -0.01065251
v -0.05710278 0.07285340 -0.01064216
v -0.05775511 0.07288369 -0.00571961
v -0.05799017 0.07288340 -0.00068846
v -0.05789506 0.07295455 -0.00072830
v -0.05775511 0.07288369 -0.00571961
v -0.05789506 0.07295455 -0.00072830
v -0.05766128 0.07295455 -0.00570441
v -0.05779152 0.07288340 0.00429734
v -0.05716500 0.07288340 0.00924760
v -0.05707812 0.07295455 0.00919205
v -0.05779152 0.07288340 0.00429734
v -0.05707812 0.07295455 0.00919205
v -0.05764482 0.07296006 0.00426532
v -0.05465004 0.07288341 0.01889550
v -0.05279470 0.07285337 0.02350350
v -0.05274132 0.07294687 0.02345419
v -0.05465004 0.07288341 0.01889550
v -0.05274132 0.07294687 0.02345419
v -0.05457398 0.07295455 0.01882581
v -0.04788505 0.07288342 0.03220747
v -0.04491024 0.07288630 0.03618160
v -0.04484779 0.07295455 0.03611161
v -0.04788505 0.07288342 0.03220747
v -0.04484779 0.07295455 0.03611161
v -0.04782927 0.07295455 0.03212071
v -0.03791327 0.07295455 0.04325254
v -0.04153431 0.07295455 0.03983136
v -0.04160695 0.07288370 0.03989265
v -0.03791327 0.07295455 0.04325254
v -0.04160695 0.07288370 0.03989265
v -0.03798039 0.07288370 0.04331985
v -0.03798039 0.07288370 0.04331985
v -0.03405172 0.07285158 0.04644578
v -0.03403418 0.07294687 0.04637245
v -0.03798039 0.07288370 0.04331985
v -0.03403418 0.07294687 0.04637245
v -0.03791327 0.07295455 0.04325254
v -0.02548347 0.07295456 0.05148329
v -0.02985808 0.07295456 0.04910015
v -0.02989317 0.07288628 0.04918715
v -0.02548347 0.07295456 0.05148329
v -0.02989317 0.07288628 0.04918715
v -0.02553114 0.07288370 0.05156550
v -0.02553114 0.07288370 0.05156550
v -0.02091705 0.07288342 0.05358459
v -0.02092027 0.07295455 0.05348151
v -0.02553114 0.07288370 0.05156550
v -0.02092027 0.07295455 0.05348151
v -0.02548347 0.07295456 0.05148329
v -0.01619010 0.07288343 0.05518248
v -0.01136773 0.07288630 0.05636086
v -0.01136400 0.07295455 0.05626715
v -0.01619010 0.07288343 0.05518248
v -0.01136400 0.07295455 0.05626715
v -0.01620212 0.07295456 0.05508007
v -0.00143405 0.07288343 0.05747060
v 0.00352932 0.07288629 0.05737851
v 0.00350901 0.07295457 0.05728693
v -0.00143405 0.07288343 0.05747060
v 0.00350901 0.07295457 0.05728693
v -0.00147187 0.07295457 0.05737463
v 0.01814920 0.07295457 0.05447509
v 0.01335598 0.07295456 0.05583176
v 0.01341701 0.07288344 0.05591487
v 0.01814920 0.07295457 0.05447509
v 0.01341701 0.07288344 0.05591487
v 0.01821718 0.07288343 0.05455264
v 0.03167167 0.07288344 0.04807561
v 0.03570892 0.07288633 0.04518698
v 0.03564023 0.07295458 0.04512308
v 0.03167167 0.07288344 0.04807561
v 0.03564023 0.07295458 0.04512308
v 0.03158619 0.07295458 0.04801796
v 0.04607866 0.07296011 0.03446079
v 0.04292873 0.07295458 0.03834382
v 0.04302619 0.07288345 0.03837766
v 0.04302619 0.07288345 0.03837766
v 0.04619196 0.07288632 0.03455389
v 0.05361225 0.07288632 0.02159645
v 0.05531834 0.07288148 0.01690364
v 0.05522068 0.07295458 0.01689215
v 0.05361225 0.07288632 0.02159645
v 0.05522068 0.07295458 0.01689215
v 0.05352097 0.07295458 0.02157479
v 0.05787387 0.07294301 0.00222256
v 0.05739388 0.07295263 0.00717991
v 0.05748528 0.07287265 0.00715559
v 0.05787387 0.07294301 0.00222256
v 0.05748528 0.07287265 0.00715559
v 0.05793529 0.07283893 0.00219855
v 0.05793529 0.07283893 0.00219855
v 0.05799922 0.07281537 -0.00050210
v 0.05795302 0.07283905 -0.00278957
v 0.05669257 0.07288344 -0.01270218
v 0.05543917 0.07288632 -0.01750554
v 0.05535493 0.07295458 -0.01746426
v 0.05669257 0.07288344 -0.01270218
v 0.05535493 0.07295458 -0.01746426
v 0.05660816 0.07295458 -0.01264291
v 0.04918845 0.07295456 -0.03103703
v 0.05157404 0.07296010 -0.02668925
v 0.05169778 0.07288344 -0.02677432
v 0.04918845 0.07295456 -0.03103703
v 0.05169778 0.07288344 -0.02677432
v 0.04924791 0.07288344 -0.03112126
v 0.03979652 0.07288343 -0.04268181
v 0.03604175 0.07288632 -0.04592910
v 0.03599570 0.07295457 -0.04584737
v 0.03979652 0.07288343 -0.04268181
v 0.03599570 0.07295457 -0.04584737
v 0.03976056 0.07295458 -0.04258512
v 0.02322333 0.07295457 -0.05353569
v 0.02771593 0.07294689 -0.05136833
v 0.02322453 0.07288343 -0.05363883
v 0.02322453 0.07288343 -0.05363883
v 0.02771593 0.07294689 -0.05136833
v 0.02772384 0.07285159 -0.05144335
v 0.05793529 0.07283893 0.00219855
v 0.05792826 0.06092307 0.00220334
v 0.05799922 0.07281537 -0.00050210
v 0.05799922 0.07281537 -0.00050210
v 0.05792826 0.06092307 0.00220334
v 0.05794517 0.06092094 -0.00278358
v 0.05799922 0.07281537 -0.00050210
v 0.05794517 0.06092094 -0.00278358
v 0.05795302 0.07283905 -0.00278957
v 0.05795302 0.07283905 -0.00278957
v 0.05794517 0.06092094 -0.00278358
v 0.05753720 0.07288372 -0.00773683
v 0.05753894 0.06092569 -0.00774561
v 0.05753720 0.07288372 -0.00773683
v 0.05753894 0.06092569 -0.00774561
v 0.05669257 0.07288344 -0.01270218
v 0.05669655 0.06092543 -0.01269588
v 0.05669257 0.07288344 -0.01270218
v 0.05669655 0.06092543 -0.01269588
v 0.05543917 0.07288632 -0.01750554
v 0.05544112 0.06092310 -0.01751055
v 0.05543917 0.07288632 -0.01750554
v 0.05544112 0.06092310 -0.01751055
v 0.05378229 0.07288372 -0.02218932
v 0.05378174 0.06092569 -0.02219826
v 0.05378229 0.07288372 -0.02218932
v 0.05378174 0.06092569 -0.02219826
v 0.05169778 0.07288344 -0.02677432
v 0.05170323 0.06092543 -0.02676925
v 0.05169778 0.07288344 -0.02677432
v 0.05170323 0.06092543 -0.02676925
v 0.04924791 0.07288344 -0.03112126
v 0.04925377 0.06092542 -0.03111670
v 0.04924791 0.07288344 -0.03112126
v 0.04925377 0.06092542 -0.03111670
v 0.04644680 0.07288633 -0.03521973
v 0.04644694 0.06092309 -0.03522510
v 0.04644680 0.07288633 -0.03521973
v 0.04644694 0.06092309 -0.03522510
v 0.04330625 0.07288372 -0.03906945
v 0.04330271 0.06092567 -0.03907767
v 0.04330625 0.07288372 -0.03906945
v 0.04330271 0.06092567 -0.03907767
v 0.03979652 0.07288343 -0.04268181
v 0.03979495 0.06091458 -0.04268305
v 0.03979652 0.07288343 -0.04268181
v 0.03979495 0.06091458 -0.04268305
v 0.03604175 0.07288632 -0.04592910
v 0.03604049 0.06092309 -0.04593433
v 0.03604175 0.07288632 -0.04592910
v 0.03604049 0.06092309 -0.04593433
v 0.03202226 0.07288371 -0.04884925
v 0.03201675 0.06092568 -0.04885630
v 0.03202226 0.07288371 -0.04884925
v 0.03201675 0.06092568 -0.04885630
v 0.02772384 0.07285159 -0.05144335
v 0.02771383 0.06092542 -0.05144454
v 0.02772384 0.07285159 -0.05144335
v 0.02771383 0.06092542 -0.05144454
v 0.02322453 0.07288343 -0.05363883
v 0.02324437 0.06092306 -0.05363123
v 0.02322453 0.07288343 -0.05363883
v 0.02324437 0.06092306 -0.05363123
v 0.01860794 0.06092566 -0.05542882
v 0.01859406 0.07288632 -0.05542824
v 0.01859406 0.07288632 -0.05542824
v 0.01860794 0.06092566 -0.05542882
v 0.01382489 0.07288371 -0.05682034
v 0.01380856 0.06094671 -0.05683101
v 0.01382489 0.07288371 -0.05682034
v 0.01380856 0.06094671 -0.05683101
v 0.00888595 0.07288342 -0.05780770
v 0.00889323 0.06092542 -0.05780916
v 0.00888595 0.07288342 -0.05780770
v 0.00889323 0.06092542 -0.05780916
v 0.00393347 0.07287263 -0.05836166
v 0.00394805 0.06092308 -0.05835899
v 0.00393347 0.07287263 -0.05836166
v 0.00394805 0.06092308 -0.05835899
v -0.00102304 0.06092567 -0.05848619
v 0.00393347 0.07287263 -0.05836166
v -0.00102304 0.06092567 -0.05848619
v -0.00103592 0.07288631 -0.05848096
v -0.00103592 0.07288631 -0.05848096
v -0.00102304 0.06092567 -0.05848619
v -0.00604183 0.07288342 -0.05817695
v -0.00603511 0.06092541 -0.05818024
v -0.00604183 0.07288342 -0.05817695
v -0.00603511 0.06092541 -0.05818024
v -0.01096256 0.07285156 -0.05745336
v -0.01095679 0.06092307 -0.05744905
v -0.01096256 0.07285156 -0.05745336
v -0.01095679 0.06092307 -0.05744905
v -0.01579556 0.06092566 -0.05630266
v -0.01580671 0.07288630 -0.05629431
v -0.01580671 0.07288630 -0.05629431
v -0.01579556 0.06092566 -0.05630266
v -0.02055593 0.07285158 -0.05473380
v -0.02056329 0.06092541 -0.05472702
v -0.02055593 0.07285158 -0.05473380
v -0.02056329 0.06092541 -0.05472702
v -0.02515382 0.07288341 -0.05275321
v -0.02515382 0.07288341 -0.05275321
v -0.02056329 0.06092541 -0.05472702
v -0.02514865 0.06092540 -0.05275854
v -0.02515382 0.07288341 -0.05275321
v -0.02514865 0.06092540 -0.05275854
v -0.02952940 0.07288628 -0.05040839
v -0.02953471 0.06092307 -0.05040910
v -0.02952940 0.07288628 -0.05040839
v -0.02953471 0.06092307 -0.05040910
v -0.03369406 0.07288369 -0.04769939
v -0.03370261 0.06092566 -0.04769676
v -0.03369406 0.07288369 -0.04769939
v -0.03370261 0.06092566 -0.04769676
v -0.03766243 0.07288341 -0.04459785
v -0.03765878 0.06092540 -0.04460434
v -0.03766243 0.07288341 -0.04459785
v -0.03765878 0.06092540 -0.04460434
v -0.04129415 0.07288629 -0.04121348
v -0.04129946 0.06092305 -0.04121281
v -0.04129415 0.07288629 -0.04121348
v -0.04129946 0.06092305 -0.04121281
v -0.04462903 0.07288369 -0.03753082
v -0.04463662 0.06092565 -0.03752608
v -0.04462903 0.07288369 -0.03753082
v -0.04463662 0.06092565 -0.03752608
v -0.04767384 0.07288340 -0.03351876
v -0.04767195 0.06092542 -0.03352600
v -0.04767384 0.07288340 -0.03351876
v -0.04767195 0.06092542 -0.03352600
v -0.05032096 0.07288629 -0.02931920
v -0.05033438 0.06092540 -0.02930560
v -0.05032096 0.07288629 -0.02931920
v -0.05033438 0.06092540 -0.02930560
v -0.05261904 0.07285174 -0.02489184
v -0.05261671 0.06092306 -0.02488428
v -0.05261904 0.07285174 -0.02489184
v -0.05261671 0.06092306 -0.02488428
v -0.05450810 0.07288369 -0.02029457
v -0.05451366 0.06092565 -0.02028756
v -0.05450810 0.07288369 -0.02029457
v -0.05451366 0.06092565 -0.02028756
v -0.05602009 0.07288340 -0.01549025
v -0.05602075 0.06092540 -0.01549765
v -0.05602009 0.07288340 -0.01549025
v -0.05602075 0.06092540 -0.01549765
v -0.05710278 0.07285340 -0.01064216
v -0.05709842 0.06092305 -0.01064007
v -0.05710278 0.07285340 -0.01064216
v -0.05709842 0.06092305 -0.01064007
v -0.05775511 0.07288369 -0.00571961
v -0.05775869 0.06092565 -0.00571141
v -0.05775511 0.07288369 -0.00571961
v -0.05775869 0.06092565 -0.00571141
v -0.05799017 0.07288340 -0.00068846
v -0.05799271 0.06092539 -0.00069543
v -0.05799017 0.07288340 -0.00068846
v -0.05799271 0.06092539 -0.00069543
v -0.05779152 0.07288340 0.00429734
v -0.05779465 0.06092540 0.00429059
v -0.05779152 0.07288340 0.00429734
v -0.05779465 0.06092540 0.00429059
v -0.05716500 0.07288340 0.00924760
v -0.05716870 0.06092539 0.00924115
v -0.05716500 0.07288340 0.00924760
v -0.05716870 0.06092539 0.00924115
v -0.05611942 0.07288629 0.01410046
v -0.05612156 0.06092306 0.01410538
v -0.05611942 0.07288629 0.01410046
v -0.05612156 0.06092306 0.01410538
v -0.05465004 0.07288341 0.01889550
v -0.05465481 0.06092540 0.01888974
v -0.05465004 0.07288341 0.01889550
v -0.05465481 0.06092540 0.01888974
v -0.05279470 0.07285337 0.02350350
v -0.05278991 0.06092305 0.02350274
v -0.05279470 0.07285337 0.02350350
v -0.05278991 0.06092305 0.02350274
v -0.05053923 0.07286220 0.02794476
v -0.05054086 0.06092565 0.02793775
v -0.05053923 0.07286220 0.02794476
v -0.05054086 0.06092565 0.02793775
v -0.04788505 0.07288342 0.03220747
v -0.04789111 0.06092540 0.03220315
v -0.04788505 0.07288342 0.03220747
v -0.04789111 0.06092540 0.03220315
v -0.04491024 0.07288630 0.03618160
v -0.04491011 0.06092305 0.03618699
v -0.04491024 0.07288630 0.03618160
v -0.04491011 0.06092305 0.03618699
v -0.04160695 0.07288370 0.03989265
v -0.04160695 0.07288370 0.03989265
v -0.04491011 0.06092305 0.03618699
v -0.04160307 0.06092567 0.03990072
v -0.04160695 0.07288370 0.03989265
v -0.04160307 0.06092567 0.03990072
v -0.03798039 0.07288370 0.04331985
v -0.03797584 0.06092565 0.04332753
v -0.03798039 0.07288370 0.04331985
v -0.03797584 0.06092565 0.04332753
v -0.03405172 0.07285158 0.04644578
v -0.03404196 0.06092540 0.04644825
v -0.03405172 0.07285158 0.04644578
v -0.03404196 0.06092540 0.04644825
v -0.02989317 0.07288628 0.04918715
v -0.02989125 0.06092307 0.04919217
v -0.02989317 0.07288628 0.04918715
v -0.02989125 0.06092307 0.04919217
v -0.02553114 0.07288370 0.05156550
v -0.02552480 0.06092565 0.05157176
v -0.02553114 0.07288370 0.05156550
v -0.02552480 0.06092565 0.05157176
v -0.02091705 0.07288342 0.05358459
v -0.02092446 0.06092539 0.05358447
v -0.02091705 0.07288342 0.05358459
v -0.02092446 0.06092539 0.05358447
v -0.01619010 0.07288343 0.05518248
v -0.01620419 0.06093602 0.05518325
v -0.01619010 0.07288343 0.05518248
v -0.01620419 0.06093602 0.05518325
v -0.01136773 0.07288630 0.05636086
v -0.01136626 0.06094486 0.05636928
v -0.01136773 0.07288630 0.05636086
v -0.01136626 0.06094486 0.05636928
v -0.00644424 0.07286224 0.05713388
v -0.00644424 0.07286224 0.05713388
v -0.01136626 0.06094486 0.05636928
v -0.00645086 0.06092567 0.05713113
v -0.00644424 0.07286224 0.05713388
v -0.00645086 0.06092567 0.05713113
v -0.00143405 0.07288343 0.05747060
v -0.00144108 0.06092541 0.05747300
v -0.00143405 0.07288343 0.05747060
v -0.00144108 0.06092541 0.05747300
v 0.00352932 0.07288629 0.05737851
v 0.00353371 0.06092308 0.05738157
v 0.00352932 0.07288629 0.05737851
v 0.00353371 0.06092308 0.05738157
v 0.00847102 0.07288372 0.05686613
v 0.00847303 0.06091484 0.05686598
v 0.00847102 0.07288372 0.05686613
v 0.00847303 0.06091484 0.05686598
v 0.01341701 0.07288344 0.05591487
v 0.01341084 0.06092540 0.05591897
v 0.01341701 0.07288344 0.05591487
v 0.01341084 0.06092540 0.05591897
v 0.01821718 0.07288343 0.05455264
v 0.01819736 0.06092308 0.05456024
v 0.01821718 0.07288343 0.05455264
v 0.01819736 0.06092308 0.05456024
v 0.02285879 0.06094671 0.05279984
v 0.02286115 0.07287523 0.05279304
v 0.02286115 0.07287523 0.05279304
v 0.02285879 0.06094671 0.05279984
v 0.02733702 0.07288372 0.05064043
v 0.02734584 0.06092568 0.05063893
v 0.02733702 0.07288372 0.05064043
v 0.02734584 0.06092568 0.05063893
v 0.03167167 0.07288344 0.04807561
v 0.03166725 0.06092542 0.04808157
v 0.03167167 0.07288344 0.04807561
v 0.03166725 0.06092542 0.04808157
v 0.03570892 0.07288633 0.04518698
v 0.03571431 0.06092307 0.04518698
v 0.03570892 0.07288633 0.04518698
v 0.03571431 0.06092307 0.04518698
v 0.03949012 0.07288373 0.04196435
v 0.03949828 0.06092567 0.04196064
v 0.03949012 0.07288373 0.04196435
v 0.03949828 0.06092567 0.04196064
v 0.04302619 0.07288345 0.03837766
v 0.04302341 0.06092543 0.03838457
v 0.04302619 0.07288345 0.03837766
v 0.04302341 0.06092543 0.03838457
v 0.04619196 0.07288632 0.03455389
v 0.04620700 0.06092543 0.03454217
v 0.04619196 0.07288632 0.03455389
v 0.04620700 0.06092543 0.03454217
v 0.04902491 0.07288372 0.03047254
v 0.04903960 0.06092310 0.03045143
v 0.04902491 0.07288372 0.03047254
v 0.04903960 0.06092310 0.03045143
v 0.05150618 0.07288373 0.02614343
v 0.05151259 0.06092569 0.02613720
v 0.05150618 0.07288373 0.02614343
v 0.05151259 0.06092569 0.02613720
v 0.05361225 0.07288632 0.02159645
v 0.05362381 0.06092544 0.02158125
v 0.05361225 0.07288632 0.02159645
v 0.05362381 0.06092544 0.02158125
v 0.05531834 0.07288148 0.01690364
v 0.05531792 0.06092310 0.01690284
v 0.05531834 0.07288148 0.01690364
v 0.05531792 0.06092310 0.01690284
v 0.05660727 0.06092569 0.01210017
v 0.05661361 0.07285340 0.01208526
v 0.05661361 0.07285340 0.01208526
v 0.05660727 0.06092569 0.01210017
v 0.05748528 0.07287265 0.00715559
v 0.05748512 0.06092543 0.00715608
v 0.05748528 0.07287265 0.00715559
v 0.05748512 0.06092543 0.00715608
v 0.05793529 0.07283893 0.00219855
v 0.05792826 0.06092307 0.00220334
v 0.01380856 0.06094671 -0.05683101
v 0.01860794 0.06092566 -0.05542882
v 0.01376390 0.06085140 -0.05677023
v 0.01380856 0.06094671 -0.05683101
v 0.01376390 0.06085140 -0.05677023
v 0.00889323 0.06092542 -0.05780916
v -0.01136626 0.06094486 0.05636928
v -0.01620419 0.06093602 0.05518325
v -0.01133038 0.06085139 0.05630607
v -0.01136626 0.06094486 0.05636928
v -0.01133038 0.06085139 0.05630607
v -0.00645086 0.06092567 0.05713113
v 0.02285879 0.06094671 0.05279984
v 0.01819736 0.06092308 0.05456024
v 0.02285796 0.06085140 0.05272439
v 0.02285879 0.06094671 0.05279984
v 0.02285796 0.06085140 0.05272439
v 0.02734584 0.06092568 0.05063893
v -0.01620419 0.06093602 0.05518325
v -0.02092446 0.06092539 0.05358447
v -0.01617004 0.06084820 0.05511109
v -0.01620419 0.06093602 0.05518325
v -0.01617004 0.06084820 0.05511109
v -0.01133038 0.06085139 0.05630607
v 0.02324437 0.06092306 -0.05363123
v 0.02319258 0.06084567 -0.05356033
v 0.01860794 0.06092566 -0.05542882
v 0.01860794 0.06092566 -0.05542882
v 0.02319258 0.06084567 -0.05356033
v 0.01854557 0.06084566 -0.05535766
v 0.01860794 0.06092566 -0.05542882
v 0.01854557 0.06084566 -0.05535766
v 0.01376390 0.06085140 -0.05677023
v 0.00889323 0.06092542 -0.05780916
v 0.01376390 0.06085140 -0.05677023
v 0.00887511 0.06084566 -0.05772364
v 0.00889323 0.06092542 -0.05780916
v 0.00887511 0.06084566 -0.05772364
v 0.00394805 0.06092308 -0.05835899
v 0.00394805 0.06092308 -0.05835899
v 0.00887511 0.06084566 -0.05772364
v 0.00392314 0.06084566 -0.05827477
v 0.00394805 0.06092308 -0.05835899
v 0.00392314 0.06084566 -0.05827477
v -0.00102304 0.06092567 -0.05848619
v -0.00105774 0.06084566 -0.05839816
v -0.00102304 0.06092567 -0.05848619
v -0.00105774 0.06084566 -0.05839816
v -0.00603511 0.06092541 -0.05818024
v -0.00603511 0.06092541 -0.05818024
v -0.00105774 0.06084566 -0.05839816
v -0.00603085 0.06084566 -0.05809291
v -0.00603511 0.06092541 -0.05818024
v -0.00603085 0.06084566 -0.05809291
v -0.01095679 0.06092307 -0.05744905
v -0.01095679 0.06092307 -0.05744905
v -0.00603085 0.06084566 -0.05809291
v -0.01095936 0.06084565 -0.05736127
v -0.01095679 0.06092307 -0.05744905
v -0.01095936 0.06084565 -0.05736127
v -0.01579556 0.06092566 -0.05630266
v -0.01579556 0.06092566 -0.05630266
v -0.01095936 0.06084565 -0.05736127
v -0.01580664 0.06084565 -0.05620868
v -0.01579556 0.06092566 -0.05630266
v -0.01580664 0.06084565 -0.05620868
v -0.02056329 0.06092541 -0.05472702
v -0.02056329 0.06092541 -0.05472702
v -0.01580664 0.06084565 -0.05620868
v -0.02053689 0.06084565 -0.05464366
v -0.02056329 0.06092541 -0.05472702
v -0.02053689 0.06084565 -0.05464366
v -0.02514865 0.06092540 -0.05275854
v -0.02511519 0.06084565 -0.05267776
v -0.02514865 0.06092540 -0.05275854
v -0.02511519 0.06084565 -0.05267776
v -0.02953471 0.06092307 -0.05040910
v -0.02953471 0.06092307 -0.05040910
v -0.02511519 0.06084565 -0.05267776
v -0.02950745 0.06084565 -0.05032563
v -0.02953471 0.06092307 -0.05040910
v -0.02950745 0.06084565 -0.05032563
v -0.03370261 0.06092566 -0.04769676
v -0.03368128 0.06084565 -0.04760459
v -0.03370261 0.06092566 -0.04769676
v -0.03368128 0.06084565 -0.04760459
v -0.03765878 0.06092540 -0.04460434
v -0.03765878 0.06092540 -0.04460434
v -0.03368128 0.06084565 -0.04760459
v -0.03760577 0.06084565 -0.04453481
v -0.03765878 0.06092540 -0.04460434
v -0.03760577 0.06084565 -0.04453481
v -0.04129946 0.06092305 -0.04121281
v -0.04129946 0.06092305 -0.04121281
v -0.03760577 0.06084565 -0.04453481
v -0.04125182 0.06084565 -0.04113906
v -0.04129946 0.06092305 -0.04121281
v -0.04125182 0.06084565 -0.04113906
v -0.04463662 0.06092565 -0.03752608
v -0.04459249 0.06084564 -0.03744239
v -0.04463662 0.06092565 -0.03752608
v -0.04459249 0.06084564 -0.03744239
v -0.04767195 0.06092542 -0.03352600
v -0.04767195 0.06092542 -0.03352600
v -0.04459249 0.06084564 -0.03744239
v -0.04760294 0.06084564 -0.03347231
v -0.04767195 0.06092542 -0.03352600
v -0.04760294 0.06084564 -0.03347231
v -0.05033438 0.06092540 -0.02930560
v -0.05026105 0.06084564 -0.02925798
v -0.05033438 0.06092540 -0.02930560
v -0.05026105 0.06084564 -0.02925798
v -0.05261671 0.06092306 -0.02488428
v -0.05261671 0.06092306 -0.02488428
v -0.05026105 0.06084564 -0.02925798
v -0.05254697 0.06084564 -0.02483092
v -0.05261671 0.06092306 -0.02488428
v -0.05254697 0.06084564 -0.02483092
v -0.05451366 0.06092565 -0.02028756
v -0.05451366 0.06092565 -0.02028756
v -0.05254697 0.06084564 -0.02483092
v -0.05444385 0.06084564 -0.02022369
v -0.05451366 0.06092565 -0.02028756
v -0.05444385 0.06084564 -0.02022369
v -0.05602075 0.06092540 -0.01549765
v -0.05602075 0.06092540 -0.01549765
v -0.05444385 0.06084564 -0.02022369
v -0.05593768 0.06084564 -0.01547035
v -0.05602075 0.06092540 -0.01549765
v -0.05593768 0.06084564 -0.01547035
v -0.05709842 0.06092305 -0.01064007
v -0.05709842 0.06092305 -0.01064007
v -0.05593768 0.06084564 -0.01547035
v -0.05701736 0.06084564 -0.01060633
v -0.05709842 0.06092305 -0.01064007
v -0.05701736 0.06084564 -0.01060633
v -0.05775869 0.06092565 -0.00571141
v -0.05775869 0.06092565 -0.00571141
v -0.05701736 0.06084564 -0.01060633
v -0.05767489 0.06084564 -0.00566744
v -0.05775869 0.06092565 -0.00571141
v -0.05767489 0.06084564 -0.00566744
v -0.05799271 0.06092539 -0.00069543
v -0.05799271 0.06092539 -0.00069543
v -0.05767489 0.06084564 -0.00566744
v -0.05790543 0.06084564 -0.00069029
v -0.05799271 0.06092539 -0.00069543
v -0.05790543 0.06084564 -0.00069029
v -0.05779465 0.06092540 0.00429059
v -0.05779465 0.06092540 0.00429059
v -0.05790543 0.06084564 -0.00069029
v -0.05770726 0.06084564 0.00428818
v -0.05779465 0.06092540 0.00429059
v -0.05770726 0.06084564 0.00428818
v -0.05716870 0.06092539 0.00924115
v -0.05708184 0.06084564 0.00923126
v -0.05716870 0.06092539 0.00924115
v -0.05708184 0.06084564 0.00923126
v -0.05612156 0.06092306 0.01410538
v -0.05612156 0.06092306 0.01410538
v -0.05708184 0.06084564 0.00923126
v -0.05603380 0.06084564 0.01410223
v -0.05612156 0.06092306 0.01410538
v -0.05603380 0.06084564 0.01410223
v -0.05465481 0.06092540 0.01888974
v -0.05457091 0.06084564 0.01886512
v -0.05465481 0.06092540 0.01888974
v -0.05457091 0.06084564 0.01886512
v -0.05278991 0.06092305 0.02350274
v -0.05278991 0.06092305 0.02350274
v -0.05457091 0.06084564 0.01886512
v -0.05270397 0.06084564 0.02348466
v -0.05278991 0.06092305 0.02350274
v -0.05270397 0.06084564 0.02348466
v -0.05054086 0.06092565 0.02793775
v -0.05054086 0.06092565 0.02793775
v -0.05270397 0.06084564 0.02348466
v -0.05044690 0.06084565 0.02792650
v -0.05054086 0.06092565 0.02793775
v -0.05044690 0.06084565 0.02792650
v -0.04789111 0.06092540 0.03220315
v -0.04789111 0.06092540 0.03220315
v -0.05044690 0.06084565 0.02792650
v -0.04781625 0.06084565 0.03215797
v -0.04789111 0.06092540 0.03220315
v -0.04781625 0.06084565 0.03215797
v -0.04491011 0.06092305 0.03618699
v -0.04491011 0.06092305 0.03618699
v -0.04781625 0.06084565 0.03215797
v -0.04483167 0.06084565 0.03614754
v -0.04491011 0.06092305 0.03618699
v -0.04483167 0.06084565 0.03614754
v -0.04160307 0.06092567 0.03990072
v -0.04151515 0.06084565 0.03986578
v -0.04160307 0.06092567 0.03990072
v -0.04151515 0.06084565 0.03986578
v -0.03797584 0.06092565 0.04332753
v -0.03797584 0.06092565 0.04332753
v -0.04151515 0.06084565 0.03986578
v -0.03789120 0.06084565 0.04328521
v -0.03797584 0.06092565 0.04332753
v -0.03789120 0.06084565 0.04328521
v -0.03404196 0.06092540 0.04644825
v -0.03404196 0.06092540 0.04644825
v -0.03789120 0.06084565 0.04328521
v -0.03398677 0.06084565 0.04638044
v -0.03404196 0.06092540 0.04644825
v -0.03398677 0.06084565 0.04638044
v -0.02989125 0.06092307 0.04919217
v -0.02983074 0.06084565 0.04912854
v -0.02989125 0.06092307 0.04919217
v -0.02983074 0.06084565 0.04912854
v -0.02552480 0.06092565 0.05157176
v -0.02545380 0.06084565 0.05150922
v -0.02552480 0.06092565 0.05157176
v -0.02545380 0.06084565 0.05150922
v -0.02092446 0.06092539 0.05358447
v -0.02092446 0.06092539 0.05358447
v -0.02545380 0.06084565 0.05150922
v -0.02088845 0.06084566 0.05350481
v -0.02092446 0.06092539 0.05358447
v -0.02088845 0.06084566 0.05350481
v -0.01617004 0.06084820 0.05511109
v -0.00645086 0.06092567 0.05713113
v -0.01133038 0.06085139 0.05630607
v -0.00640508 0.06084566 0.05704830
v -0.00645086 0.06092567 0.05713113
v -0.00640508 0.06084566 0.05704830
v -0.00144108 0.06092541 0.05747300
v -0.00144108 0.06092541 0.05747300
v -0.00640508 0.06084566 0.05704830
v -0.00143405 0.06084567 0.05738587
v -0.00144108 0.06092541 0.05747300
v -0.00143405 0.06084567 0.05738587
v 0.00353371 0.06092308 0.05738157
v 0.00353371 0.06092308 0.05738157
v -0.00143405 0.06084567 0.05738587
v 0.00354757 0.06084566 0.05729485
v 0.00353371 0.06092308 0.05738157
v 0.00354757 0.06084566 0.05729485
v 0.00847303 0.06091484 0.05686598
v 0.01341084 0.06092540 0.05591897
v 0.00847303 0.06091484 0.05686598
v 0.01339534 0.06084567 0.05583293
v 0.01341084 0.06092540 0.05591897
v 0.01339534 0.06084567 0.05583293
v 0.01819736 0.06092308 0.05456024
v 0.01819736 0.06092308 0.05456024
v 0.01339534 0.06084567 0.05583293
v 0.01818852 0.06084567 0.05447288
v 0.01819736 0.06092308 0.05456024
v 0.01818852 0.06084567 0.05447288
v 0.02285796 0.06085140 0.05272439
v 0.02734584 0.06092568 0.05063893
v 0.02285796 0.06085140 0.05272439
v 0.02733655 0.06084567 0.05054478
v 0.02734584 0.06092568 0.05063893
v 0.02733655 0.06084567 0.05054478
v 0.03166725 0.06092542 0.04808157
v 0.03166725 0.06092542 0.04808157
v 0.02733655 0.06084567 0.05054478
v 0.03162362 0.06084567 0.04800581
v 0.03166725 0.06092542 0.04808157
v 0.03162362 0.06084567 0.04800581
v 0.03571431 0.06092307 0.04518698
v 0.03571431 0.06092307 0.04518698
v 0.03162362 0.06084567 0.04800581
v 0.03567654 0.06084567 0.04510769
v 0.03571431 0.06092307 0.04518698
v 0.03567654 0.06084567 0.04510769
v 0.03949828 0.06092567 0.04196064
v 0.03949828 0.06092567 0.04196064
v 0.03567654 0.06084567 0.04510769
v 0.03946527 0.06084568 0.04187199
v 0.03949828 0.06092567 0.04196064
v 0.03946527 0.06084568 0.04187199
v 0.04302341 0.06092543 0.03838457
v 0.04302341 0.06092543 0.03838457
v 0.03946527 0.06084568 0.04187199
v 0.04296192 0.06084568 0.03832241
v 0.04302341 0.06092543 0.03838457
v 0.04296192 0.06084568 0.03832241
v 0.04620700 0.06092543 0.03454217
v 0.04614040 0.06084568 0.03448553
v 0.04620700 0.06092543 0.03454217
v 0.04614040 0.06084568 0.03448553
v 0.04903960 0.06092310 0.03045143
v 0.04903960 0.06092310 0.03045143
v 0.04614040 0.06084568 0.03448553
v 0.04897729 0.06084568 0.03038954
v 0.04903960 0.06092310 0.03045143
v 0.04897729 0.06084568 0.03038954
v 0.05151259 0.06092569 0.02613720
v 0.05151259 0.06092569 0.02613720
v 0.04897729 0.06084568 0.03038954
v 0.05145159 0.06084568 0.02606487
v 0.05151259 0.06092569 0.02613720
v 0.05145159 0.06084568 0.02606487
v 0.05362381 0.06092544 0.02158125
v 0.05362381 0.06092544 0.02158125
v 0.05145159 0.06084568 0.02606487
v 0.05354494 0.06084568 0.02154352
v 0.05362381 0.06092544 0.02158125
v 0.05354494 0.06084568 0.02154352
v 0.05531792 0.06092310 0.01690284
v 0.05531792 0.06092310 0.01690284
v 0.05354494 0.06084568 0.02154352
v 0.05524187 0.06084568 0.01685892
v 0.05531792 0.06092310 0.01690284
v 0.05524187 0.06084568 0.01685892
v 0.05660727 0.06092569 0.01210017
v 0.05652982 0.06084568 0.01204579
v 0.05660727 0.06092569 0.01210017
v 0.05652982 0.06084568 0.01204579
v 0.05748512 0.06092543 0.00715608
v 0.05748512 0.06092543 0.00715608
v 0.05652982 0.06084568 0.01204579
v 0.05739922 0.06084568 0.00713978
v 0.05748512 0.06092543 0.00715608
v 0.05739922 0.06084568 0.00713978
v 0.05792826 0.06092307 0.00220334
v 0.05792826 0.06092307 0.00220334
v 0.05739922 0.06084568 0.00713978
v 0.05784368 0.06084568 0.00217711
v 0.05792826 0.06092307 0.00220334
v 0.05784368 0.06084568 0.00217711
v 0.05794517 0.06092094 -0.00278358
v 0.05794517 0.06092094 -0.00278358
v 0.05784368 0.06084568 0.00217711
v 0.05785988 0.06084568 -0.00280526
v 0.05794517 0.06092094 -0.00278358
v 0.05785988 0.06084568 -0.00280526
v 0.05753894 0.06092569 -0.00774561
v 0.05744769 0.06084568 -0.00777067
v 0.05753894 0.06092569 -0.00774561
v 0.05744769 0.06084568 -0.00777067
v 0.05669655 0.06092543 -0.01269588
v 0.05669655 0.06092543 -0.01269588
v 0.05744769 0.06084568 -0.00777067
v 0.05661018 0.06084568 -0.01268229
v 0.05669655 0.06092543 -0.01269588
v 0.05661018 0.06084568 -0.01268229
v 0.05544112 0.06092310 -0.01751055
v 0.05535358 0.06084568 -0.01750361
v 0.05544112 0.06092310 -0.01751055
v 0.05535358 0.06084568 -0.01750361
v 0.05378174 0.06092569 -0.02219826
v 0.05378174 0.06092569 -0.02219826
v 0.05535358 0.06084568 -0.01750361
v 0.05368710 0.06084568 -0.02219921
v 0.05378174 0.06092569 -0.02219826
v 0.05368710 0.06084568 -0.02219921
v 0.05170323 0.06092543 -0.02676925
v 0.05170323 0.06092543 -0.02676925
v 0.05368710 0.06084568 -0.02219921
v 0.05162321 0.06084568 -0.02673405
v 0.05170323 0.06092543 -0.02676925
v 0.05162321 0.06084568 -0.02673405
v 0.04925377 0.06092542 -0.03111670
v 0.04917708 0.06084568 -0.03107473
v 0.04925377 0.06092542 -0.03111670
v 0.04917708 0.06084568 -0.03107473
v 0.04644694 0.06092309 -0.03522510
v 0.04644694 0.06092309 -0.03522510
v 0.04917708 0.06084568 -0.03107473
v 0.04636688 0.06084567 -0.03518904
v 0.04644694 0.06092309 -0.03522510
v 0.04636688 0.06084567 -0.03518904
v 0.04330271 0.06092567 -0.03907767
v 0.04330271 0.06092567 -0.03907767
v 0.04636688 0.06084567 -0.03518904
v 0.04321335 0.06084567 -0.03904658
v 0.04330271 0.06092567 -0.03907767
v 0.04321335 0.06084567 -0.03904658
v 0.03979495 0.06091458 -0.04268305
v 0.03604049 0.06092309 -0.04593433
v 0.03979495 0.06091458 -0.04268305
v 0.03597227 0.06084567 -0.04587904
v 0.03604049 0.06092309 -0.04593433
v 0.03597227 0.06084567 -0.04587904
v 0.03201675 0.06092568 -0.04885630
v 0.03201675 0.06092568 -0.04885630
v 0.03597227 0.06084567 -0.04587904
v 0.03193830 0.06084567 -0.04880341
v 0.03201675 0.06092568 -0.04885630
v 0.03193830 0.06084567 -0.04880341
v 0.02771383 0.06092542 -0.05144454
v 0.02771383 0.06092542 -0.05144454
v 0.03193830 0.06084567 -0.04880341
v 0.02766784 0.06084567 -0.05137017
v 0.02771383 0.06092542 -0.05144454
v 0.02766784 0.06084567 -0.05137017
v 0.02324437 0.06092306 -0.05363123
v 0.02324437 0.06092306 -0.05363123
v 0.02766784 0.06084567 -0.05137017
v 0.02319258 0.06084567 -0.05356033
v 0.00847303 0.06091484 0.05686598
v 0.00354757 0.06084566 0.05729485
v 0.00849883 0.06084372 0.05676614
v 0.00847303 0.06091484 0.05686598
v 0.00849883 0.06084372 0.05676614
v 0.01339534 0.06084567 0.05583293
v 0.03979495 0.06091458 -0.04268305
v 0.04321335 0.06084567 -0.03904658
v 0.03973474 0.06084372 -0.04260944
v 0.03979495 0.06091458 -0.04268305
v 0.03973474 0.06084372 -0.04260944
v 0.03597227 0.06084567 -0.04587904
v 0.01376390 0.06085140 -0.05677023
v 0.01854557 0.06084566 -0.05535766
v 0.01854526 0.06082236 -0.05520095
v 0.00887511 0.06084566 -0.05772364
v 0.01376390 0.06085140 -0.05677023
v 0.01377448 0.06082236 -0.05659269
v -0.00105774 0.06084566 -0.05839816
v 0.00392314 0.06084566 -0.05827477
v 0.00396217 0.06082762 -0.05813927
v -0.00603085 0.06084566 -0.05809291
v -0.00105774 0.06084566 -0.05839816
v -0.00100187 0.06080873 -0.05821890
v -0.01580664 0.06084565 -0.05620868
v -0.01095936 0.06084565 -0.05736127
v -0.01088702 0.06082761 -0.05724023
v -0.02053689 0.06084565 -0.05464366
v -0.01580664 0.06084565 -0.05620868
v -0.01570686 0.06080872 -0.05604962
v -0.02950745 0.06084565 -0.05032563
v -0.02511519 0.06084565 -0.05267776
v -0.02501439 0.06082761 -0.05257919
v -0.03760577 0.06084565 -0.04453481
v -0.03368128 0.06084565 -0.04760459
v -0.03355428 0.06082234 -0.04751276
v -0.04125182 0.06084565 -0.04113906
v -0.03760577 0.06084565 -0.04453481
v -0.03748313 0.06082761 -0.04446526
v -0.04760294 0.06084564 -0.03347231
v -0.04459249 0.06084564 -0.03744239
v -0.04445975 0.06082760 -0.03739486
v -0.05026105 0.06084564 -0.02925798
v -0.04760294 0.06084564 -0.03347231
v -0.04746661 0.06082761 -0.03343637
v -0.05444385 0.06084564 -0.02022369
v -0.05254697 0.06084564 -0.02483092
v -0.05239116 0.06082233 -0.02481378
v -0.05593768 0.06084564 -0.01547035
v -0.05444385 0.06084564 -0.02022369
v -0.05430287 0.06082760 -0.02022373
v -0.05767489 0.06084564 -0.00566744
v -0.05701736 0.06084564 -0.01060633
v -0.05687846 0.06082760 -0.01063054
v -0.05790543 0.06084564 -0.00069029
v -0.05767489 0.06084564 -0.00566744
v -0.05749067 0.06080871 -0.00570377
v -0.05708184 0.06084564 0.00923126
v -0.05770726 0.06084564 0.00428818
v -0.05757914 0.06082760 0.00422936
v -0.05457091 0.06084564 0.01886512
v -0.05603380 0.06084564 0.01410223
v -0.05590263 0.06082234 0.01401645
v -0.05270397 0.06084564 0.02348466
v -0.05457091 0.06084564 0.01886512
v -0.05444757 0.06082234 0.01876844
v -0.04781625 0.06084565 0.03215797
v -0.05044690 0.06084565 0.02792650
v -0.05035502 0.06082761 0.02781957
v -0.04483167 0.06084565 0.03614754
v -0.04781625 0.06084565 0.03215797
v -0.04772177 0.06082235 0.03203287
v -0.04151515 0.06084565 0.03986578
v -0.04483167 0.06084565 0.03614754
v -0.04474824 0.06082234 0.03601481
v -0.02088845 0.06084566 0.05350481
v -0.02545380 0.06084565 0.05150922
v -0.02543875 0.06082761 0.05136902
v -0.01617004 0.06084820 0.05511109
v -0.02088845 0.06084566 0.05350481
v -0.02088546 0.06082762 0.05336384
v -0.01133038 0.06085139 0.05630607
v -0.01617004 0.06084820 0.05511109
v -0.01617179 0.06081607 0.05492825
v 0.01339534 0.06084567 0.05583293
v 0.00849883 0.06084372 0.05676614
v 0.00842793 0.06081606 0.05662075
v 0.01818852 0.06084567 0.05447288
v 0.01339534 0.06084567 0.05583293
v 0.01330731 0.06081608 0.05568479
v 0.02285796 0.06085140 0.05272439
v 0.01818852 0.06084567 0.05447288
v 0.01810136 0.06082763 0.05436212
v 0.04296192 0.06084568 0.03832241
v 0.03946527 0.06084568 0.04187199
v 0.03932749 0.06082236 0.04179725
v 0.04614040 0.06084568 0.03448553
v 0.04296192 0.06084568 0.03832241
v 0.04283129 0.06082764 0.03826929
v 0.04897729 0.06084568 0.03038954
v 0.04614040 0.06084568 0.03448553
v 0.04600578 0.06082764 0.03444368
v 0.05739922 0.06084568 0.00713978
v 0.05652982 0.06084568 0.01204579
v 0.05637396 0.06082237 0.01206230
v 0.05784368 0.06084568 0.00217711
v 0.05739922 0.06084568 0.00713978
v 0.05726151 0.06082764 0.00716993
v 0.05785988 0.06084568 -0.00280526
v 0.05784368 0.06084568 0.00217711
v 0.05769295 0.06082237 0.00222013
v 0.05661018 0.06084568 -0.01268229
v 0.05744769 0.06084568 -0.00777067
v 0.05732224 0.06082764 -0.00770632
v 0.05368710 0.06084568 -0.02219921
v 0.05535358 0.06084568 -0.01750361
v 0.05524098 0.06082764 -0.01741880
v 0.05162321 0.06084568 -0.02673405
v 0.05368710 0.06084568 -0.02219921
v 0.05355385 0.06081609 -0.02208992
v 0.04636688 0.06084567 -0.03518904
v 0.04917708 0.06084568 -0.03107473
v 0.04907727 0.06082236 -0.03095386
v 0.04321335 0.06084567 -0.03904658
v 0.04636688 0.06084567 -0.03518904
v 0.04627779 0.06082236 -0.03506006
v 0.03597227 0.06084567 -0.04587904
v 0.03973474 0.06084372 -0.04260944
v 0.03968394 0.06082764 -0.04248932
v 0.02766784 0.06084567 -0.05137017
v 0.03193830 0.06084567 -0.04880341
v 0.03190529 0.06082763 -0.04866633
v 0.02319258 0.06084567 -0.05356033
v 0.02766784 0.06084567 -0.05137017
v 0.02764673 0.06082763 -0.05123079
v -0.00144804 0.06064570 0.05712768
v 0.00351072 0.06066255 0.05703806
v -0.00148223 0.06080873 0.05720436
v -0.00144804 0.06064570 0.05712768
v -0.00148223 0.06080873 0.05720436
v -0.00640254 0.06074101 0.05681623
v -0.03393180 0.06081606 0.04621712
v -0.02980361 0.06082761 0.04899018
v -0.02983074 0.06084565 0.04912854
v -0.03393180 0.06081606 0.04621712
v -0.02983074 0.06084565 0.04912854
v -0.03398677 0.06084565 0.04638044
v 0.01809410 0.06074103 0.05426090
v 0.02273511 0.06081608 0.05257488
v 0.01810136 0.06082763 0.05436212
v 0.01809410 0.06074103 0.05426090
v 0.01810136 0.06082763 0.05436212
v 0.01330731 0.06081608 0.05568479
v -0.00148223 0.06080873 0.05720436
v 0.00348617 0.06081607 0.05713380
v 0.00354757 0.06084566 0.05729485
v -0.00148223 0.06080873 0.05720436
v 0.00354757 0.06084566 0.05729485
v -0.00143405 0.06084567 0.05738587
v 0.05762151 0.06052561 0.00217475
v 0.05758455 0.06067969 0.00218754
v 0.05714842 0.06055967 0.00712956
v 0.05121221 0.06066258 0.02596491
v 0.05332820 0.06075629 0.02148251
v 0.05128185 0.06081609 0.02603505
v 0.05121221 0.06066258 0.02596491
v 0.05128185 0.06081609 0.02603505
v 0.04876967 0.06074106 0.03028594
v 0.04594242 0.06074108 0.03436448
v 0.04876967 0.06074106 0.03028594
v 0.04600578 0.06082764 0.03444368
v 0.04594242 0.06074108 0.03436448
v 0.04600578 0.06082764 0.03444368
v 0.04283129 0.06082764 0.03826929
v 0.03151096 0.06082763 0.04792102
v 0.03554569 0.06082236 0.04502142
v 0.03567654 0.06084567 0.04510769
v 0.03151096 0.06082763 0.04792102
v 0.03567654 0.06084567 0.04510769
v 0.03162362 0.06084567 0.04800581
v 0.05142573 0.06053436 -0.02661335
v 0.04898230 0.06053797 -0.03094841
v 0.05140853 0.06069558 -0.02659995
v 0.05142573 0.06053436 -0.02661335
v 0.05140853 0.06069558 -0.02659995
v 0.05345528 0.06066260 -0.02208282
v 0.05510782 0.06056012 -0.01745257
v 0.05345528 0.06066260 -0.02208282
v 0.05513964 0.06074106 -0.01741374
v 0.05510782 0.06056012 -0.01745257
v 0.05513964 0.06074106 -0.01741374
v 0.05638933 0.06074105 -0.01261105
v 0.05762372 0.06072561 -0.00277442
v 0.05722153 0.06074105 -0.00771872
v 0.05771340 0.06082237 -0.00274949
v 0.05762372 0.06072561 -0.00277442
v 0.05771340 0.06082237 -0.00274949
v 0.05769295 0.06082237 0.00222013
v 0.05342007 0.06083194 0.02154105
v 0.05508516 0.06082237 0.01686199
v 0.05524187 0.06084568 0.01685892
v 0.05342007 0.06083194 0.02154105
v 0.05524187 0.06084568 0.01685892
v 0.05354494 0.06084568 0.02154352
v 0.01332791 0.06052290 0.05562218
v 0.01808823 0.06055966 0.05424277
v 0.01331510 0.06066256 0.05558625
v 0.01332791 0.06052290 0.05562218
v 0.01331510 0.06066256 0.05558625
v 0.00844417 0.06066255 0.05652325
v -0.02082673 0.06074105 0.05328112
v -0.01617179 0.06081607 0.05492825
v -0.02088546 0.06082762 0.05336384
v -0.02082673 0.06074105 0.05328112
v -0.02088546 0.06082762 0.05336384
v -0.02543875 0.06082761 0.05136902
v -0.03781301 0.06080872 0.04311452
v -0.03393180 0.06081606 0.04621712
v -0.03398677 0.06084565 0.04638044
v -0.03781301 0.06080872 0.04311452
v -0.03398677 0.06084565 0.04638044
v -0.03789120 0.06084565 0.04328521
v 0.03931263 0.06053482 0.04169875
v 0.04276101 0.06055967 0.03817193
v 0.03927713 0.06069559 0.04170269
v 0.03931263 0.06053482 0.04169875
v 0.03927713 0.06069559 0.04170269
v 0.03552657 0.06055122 0.04491811
v 0.03552657 0.06055122 0.04491811
v 0.03927713 0.06069559 0.04170269
v 0.03550828 0.06071091 0.04492824
v 0.03552657 0.06055122 0.04491811
v 0.03550828 0.06071091 0.04492824
v 0.03147234 0.06072710 0.04781748
v 0.02272749 0.06067887 0.05248067
v 0.02720201 0.06072711 0.05034415
v 0.02273511 0.06081608 0.05257488
v 0.02272749 0.06067887 0.05248067
v 0.02273511 0.06081608 0.05257488
v 0.01809410 0.06074103 0.05426090
v -0.00643829 0.06082762 0.05691122
v -0.00148223 0.06080873 0.05720436
v -0.00143405 0.06084567 0.05738587
v -0.00643829 0.06082762 0.05691122
v -0.00143405 0.06084567 0.05738587
v -0.00640508 0.06084566 0.05704830
v 0.05330504 0.06055968 0.02146961
v 0.05498869 0.06067969 0.01680277
v 0.05332820 0.06075629 0.02148251
v 0.05330504 0.06055968 0.02146961
v 0.05332820 0.06075629 0.02148251
v 0.05121221 0.06066258 0.02596491
v 0.04277506 0.06074106 0.03818484
v 0.04277506 0.06074106 0.03818484
v 0.04283129 0.06082764 0.03826929
v 0.03932749 0.06082236 0.04179725
v 0.02723157 0.06082763 0.05045065
v 0.03151096 0.06082763 0.04792102
v 0.03162362 0.06084567 0.04800581
v 0.02723157 0.06082763 0.05045065
v 0.03162362 0.06084567 0.04800581
v 0.02733655 0.06084567 0.05054478
v 0.05636464 0.06056533 -0.01263108
v 0.05510782 0.06056012 -0.01745257
v 0.05638933 0.06074105 -0.01261105
v 0.05636464 0.06056533 -0.01263108
v 0.05638933 0.06074105 -0.01261105
v 0.05722153 0.06074105 -0.00771872
v 0.05758455 0.06067969 0.00218754
v 0.05762372 0.06072561 -0.00277442
v 0.05769295 0.06082237 0.00222013
v 0.05758455 0.06067969 0.00218754
v 0.05769295 0.06082237 0.00222013
v 0.05716730 0.06074106 0.00713223
v 0.05716730 0.06074106 0.00713223
v 0.05769295 0.06082237 0.00222013
v 0.05726151 0.06082764 0.00716993
v 0.05716730 0.06074106 0.00713223
v 0.05726151 0.06082764 0.00716993
v 0.05637396 0.06082237 0.01206230
v 0.05128185 0.06081609 0.02603505
v 0.05342007 0.06083194 0.02154105
v 0.05354494 0.06084568 0.02154352
v 0.05128185 0.06081609 0.02603505
v 0.05354494 0.06084568 0.02154352
v 0.05145159 0.06084568 0.02606487
v 0.00846883 0.06052337 0.05655778
v 0.01332791 0.06052290 0.05562218
v 0.00844417 0.06066255 0.05652325
v 0.00846883 0.06052337 0.05655778
v 0.00844417 0.06066255 0.05652325
v 0.00351072 0.06066255 0.05703806
v -0.00635431 0.06056013 0.05680246
v -0.00144804 0.06064570 0.05712768
v -0.00640254 0.06074101 0.05681623
v -0.00635431 0.06056013 0.05680246
v -0.00640254 0.06074101 0.05681623
v -0.01130398 0.06071245 0.05603552
v -0.01611636 0.06066255 0.05484643
v -0.01130398 0.06071245 0.05603552
v -0.01617179 0.06081607 0.05492825
v -0.01611636 0.06066255 0.05484643
v -0.01617179 0.06081607 0.05492825
v -0.02082673 0.06074105 0.05328112
v -0.02537311 0.06074103 0.05129165
v -0.02082673 0.06074105 0.05328112
v -0.02543875 0.06082761 0.05136902
v -0.02537311 0.06074103 0.05129165
v -0.02543875 0.06082761 0.05136902
v -0.02980361 0.06082761 0.04899018
v -0.04144343 0.06082233 0.03972638
v -0.03781301 0.06080872 0.04311452
v -0.03789120 0.06084565 0.04328521
v -0.04144343 0.06082233 0.03972638
v -0.03789120 0.06084565 0.04328521
v -0.04151515 0.06084565 0.03986578
v 0.03147538 0.06054659 0.04781532
v 0.03552657 0.06055122 0.04491811
v 0.03147234 0.06072710 0.04781748
v 0.03147538 0.06054659 0.04781532
v 0.03147234 0.06072710 0.04781748
v 0.02720201 0.06072711 0.05034415
v -0.01134994 0.06082762 0.05614523
v -0.00643829 0.06082762 0.05691122
v -0.00640508 0.06084566 0.05704830
v -0.01134994 0.06082762 0.05614523
v -0.00640508 0.06084566 0.05704830
v -0.01133038 0.06085139 0.05630607
v 0.05631135 0.06052560 0.01200535
v 0.05714842 0.06055967 0.00712956
v 0.05627274 0.06067969 0.01201161
v 0.05631135 0.06052560 0.01200535
v 0.05627274 0.06067969 0.01201161
v 0.05498869 0.06067969 0.01680277
v 0.02273511 0.06081608 0.05257488
v 0.02723157 0.06082763 0.05045065
v 0.02733655 0.06084567 0.05054478
v 0.02273511 0.06081608 0.05257488
v 0.02733655 0.06084567 0.05054478
v 0.02285796 0.06085140 0.05272439
v 0.05348303 0.06052341 -0.02211488
v 0.05142573 0.06053436 -0.02661335
v 0.05345528 0.06066260 -0.02208282
v 0.05348303 0.06052341 -0.02211488
v 0.05345528 0.06066260 -0.02208282
v 0.05510782 0.06056012 -0.01745257
v 0.05719683 0.06056013 -0.00776243
v 0.05636464 0.06056533 -0.01263108
v 0.05722153 0.06074105 -0.00771872
v 0.05719683 0.06056013 -0.00776243
v 0.05722153 0.06074105 -0.00771872
v 0.05762372 0.06072561 -0.00277442
v 0.04883954 0.06082765 0.03035955
v 0.05128185 0.06081609 0.02603505
v 0.05145159 0.06084568 0.02606487
v 0.04883954 0.06082765 0.03035955
v 0.05145159 0.06084568 0.02606487
v 0.04897729 0.06084568 0.03038954
v 0.05140853 0.06069558 -0.02659995
v 0.04897475 0.06069561 -0.03092266
v 0.05151334 0.06082236 -0.02662225
v 0.05140853 0.06069558 -0.02659995
v 0.05151334 0.06082236 -0.02662225
v 0.05355385 0.06081609 -0.02208992
v 0.05771340 0.06082237 -0.00274949
v 0.05732224 0.06082764 -0.00770632
v 0.05744769 0.06084568 -0.00777067
v 0.05771340 0.06082237 -0.00274949
v 0.05744769 0.06084568 -0.00777067
v 0.05785988 0.06084568 -0.00280526
v 0.05368710 0.06084568 -0.02219921
v 0.05524098 0.06082764 -0.01741880
v 0.05355385 0.06081609 -0.02208992
v 0.03590151 0.06080874 -0.04570513
v 0.03958675 0.06071244 -0.04242071
v 0.03580775 0.06058032 -0.04567861
v 0.03590151 0.06080874 -0.04570513
v 0.03580775 0.06058032 -0.04567861
v 0.03182570 0.06072710 -0.04858969
v 0.04627779 0.06082236 -0.03506006
v 0.01372437 0.06071089 -0.05650564
v 0.01848794 0.06071092 -0.05511850
v 0.01368989 0.06054704 -0.05651869
v 0.01372437 0.06071089 -0.05650564
v 0.01368989 0.06054704 -0.05651869
v 0.00885697 0.06067885 -0.05746935
v 0.00885697 0.06067885 -0.05746935
v 0.01368989 0.06054704 -0.05651869
v 0.00885770 0.06053434 -0.05749285
v 0.00885697 0.06067885 -0.05746935
v 0.00885770 0.06053434 -0.05749285
v 0.00390455 0.06056531 -0.05802463
v 0.03597227 0.06084567 -0.04587904
v 0.03968394 0.06082764 -0.04248932
v 0.03590151 0.06080874 -0.04570513
v 0.02318354 0.06082763 -0.05341963
v 0.02764673 0.06082763 -0.05123079
v 0.02312128 0.06074103 -0.05333949
v 0.02318354 0.06082763 -0.05341963
v 0.02312128 0.06074103 -0.05333949
v 0.01854526 0.06082236 -0.05520095
v 0.01854526 0.06082236 -0.05520095
v 0.02312128 0.06074103 -0.05333949
v 0.01848794 0.06071092 -0.05511850
v 0.01854526 0.06082236 -0.05520095
v 0.01848794 0.06071092 -0.05511850
v 0.01372437 0.06071089 -0.05650564
v 0.00393064 0.06074103 -0.05804282
v 0.00885697 0.06067885 -0.05746935
v 0.00390455 0.06056531 -0.05802463
v 0.00393064 0.06074103 -0.05804282
v 0.00390455 0.06056531 -0.05802463
v -0.00103269 0.06064573 -0.05814083
v 0.02766784 0.06084567 -0.05137017
v 0.03190529 0.06082763 -0.04866633
v 0.02764673 0.06082763 -0.05123079
v -0.00100187 0.06080873 -0.05821890
v 0.00393064 0.06074103 -0.05804282
v -0.00103269 0.06064573 -0.05814083
v -0.00100187 0.06080873 -0.05821890
v -0.00103269 0.06064573 -0.05814083
v -0.00598378 0.06074106 -0.05786569
v -0.00598378 0.06074106 -0.05786569
v -0.00103269 0.06064573 -0.05814083
v -0.00598195 0.06055966 -0.05784669
v -0.00598378 0.06074106 -0.05786569
v -0.00598195 0.06055966 -0.05784669
v -0.01088817 0.06071242 -0.05712125
v -0.02042648 0.06064573 -0.05440988
v -0.01571673 0.06064572 -0.05596627
v -0.02044295 0.06052287 -0.05444333
v -0.02042648 0.06064573 -0.05440988
v -0.02044295 0.06052287 -0.05444333
v -0.02499871 0.06053432 -0.05247778
v 0.02318354 0.06082763 -0.05341963
v 0.01376390 0.06085140 -0.05677023
v 0.01854526 0.06082236 -0.05520095
v 0.01377448 0.06082236 -0.05659269
v -0.01570686 0.06080872 -0.05604962
v -0.01088817 0.06071242 -0.05712125
v -0.01571673 0.06064572 -0.05596627
v -0.01570686 0.06080872 -0.05604962
v -0.01571673 0.06064572 -0.05596627
v -0.02042648 0.06064573 -0.05440988
v 0.00887511 0.06084566 -0.05772364
v 0.01377448 0.06082236 -0.05659269
v 0.00890061 0.06081607 -0.05755323
v -0.00596923 0.06082762 -0.05796611
v -0.00100187 0.06080873 -0.05821890
v -0.00598378 0.06074106 -0.05786569
v -0.00596923 0.06082762 -0.05796611
v -0.00598378 0.06074106 -0.05786569
v -0.01088817 0.06071242 -0.05712125
v -0.02042379 0.06080872 -0.05449379
v -0.01570686 0.06080872 -0.05604962
v -0.02042648 0.06064573 -0.05440988
v -0.02042379 0.06080872 -0.05449379
v -0.02042648 0.06064573 -0.05440988
v -0.02498509 0.06071241 -0.05246388
v -0.00105774 0.06084566 -0.05839816
v 0.00396217 0.06082762 -0.05813927
v -0.00100187 0.06080873 -0.05821890
v -0.03743147 0.06072710 -0.04436757
v -0.03352092 0.06071086 -0.04741802
v -0.03743422 0.06054656 -0.04436501
v -0.03743147 0.06072710 -0.04436757
v -0.03743422 0.06054656 -0.04436501
v -0.04105288 0.06066256 -0.04097257
v -0.01580664 0.06084565 -0.05620868
v -0.01088702 0.06082761 -0.05724023
v -0.01570686 0.06080872 -0.05604962
v -0.02939856 0.06082762 -0.05023608
v -0.02501439 0.06082761 -0.05257919
v -0.02936990 0.06074100 -0.05013872
v -0.02939856 0.06082762 -0.05023608
v -0.02936990 0.06074100 -0.05013872
v -0.03355428 0.06082234 -0.04751276
v -0.03355428 0.06082234 -0.04751276
v -0.02936990 0.06074100 -0.05013872
v -0.03352092 0.06071086 -0.04741802
v -0.03355428 0.06082234 -0.04751276
v -0.03352092 0.06071086 -0.04741802
v -0.03743147 0.06072710 -0.04436757
v -0.04439988 0.06074102 -0.03731296
v -0.04105288 0.06066256 -0.04097257
v -0.04441486 0.06056010 -0.03726502
v -0.04439988 0.06074102 -0.03731296
v -0.04441486 0.06056010 -0.03726502
v -0.04738438 0.06055965 -0.03334885
v -0.05003261 0.06071242 -0.02915557
v -0.04738438 0.06055965 -0.03334885
v -0.05005173 0.06053431 -0.02915925
v -0.05003261 0.06071242 -0.02915557
v -0.05005173 0.06053431 -0.02915925
v -0.05232003 0.06056530 -0.02472405
v -0.02939856 0.06082762 -0.05023608
v -0.05232271 0.06072555 -0.02475070
v -0.05003261 0.06071242 -0.02915557
v -0.05232003 0.06056530 -0.02472405
v -0.05232271 0.06072555 -0.02475070
v -0.05232003 0.06056530 -0.02472405
v -0.05421681 0.06056008 -0.02011665
v -0.05568836 0.06069557 -0.01542684
v -0.05421681 0.06056008 -0.02011665
v -0.05571011 0.06053432 -0.01542832
v -0.05568836 0.06069557 -0.01542684
v -0.05571011 0.06053432 -0.01542832
v -0.05677908 0.06055119 -0.01056547
v -0.03760577 0.06084565 -0.04453481
v -0.03355428 0.06082234 -0.04751276
v -0.03748313 0.06082761 -0.04446526
v -0.04746661 0.06082761 -0.03343637
v -0.04445975 0.06082760 -0.03739486
v -0.04739997 0.06074105 -0.03335983
v -0.04746661 0.06082761 -0.03343637
v -0.04739997 0.06074105 -0.03335983
v -0.05003261 0.06071242 -0.02915557
v -0.05677649 0.06072708 -0.01058795
v -0.05568836 0.06069557 -0.01542684
v -0.05677908 0.06055119 -0.01056547
v -0.05677649 0.06072708 -0.01058795
v -0.05677908 0.06055119 -0.01056547
v -0.05741637 0.06064570 -0.00566471
v -0.04125182 0.06084565 -0.04113906
v -0.03748313 0.06082761 -0.04446526
v -0.04109860 0.06081605 -0.04106018
v -0.05012209 0.06082760 -0.02923398
v -0.04746661 0.06082761 -0.03343637
v -0.05003261 0.06071242 -0.02915557
v -0.05012209 0.06082760 -0.02923398
v -0.05003261 0.06071242 -0.02915557
v -0.05239116 0.06082233 -0.02481378
v -0.05239116 0.06082233 -0.02481378
v -0.05003261 0.06071242 -0.02915557
v -0.05232271 0.06072555 -0.02475070
v -0.05239116 0.06082233 -0.02481378
v -0.05232271 0.06072555 -0.02475070
v -0.05421889 0.06074103 -0.02016680
v -0.04746661 0.06082761 -0.03343637
v -0.05430287 0.06082760 -0.02022373
v -0.05239116 0.06082233 -0.02481378
v -0.05421889 0.06074103 -0.02016680
v -0.05430287 0.06082760 -0.02022373
v -0.05421889 0.06074103 -0.02016680
v -0.05578125 0.06082233 -0.01548022
v -0.05578125 0.06082233 -0.01548022
v -0.05421889 0.06074103 -0.02016680
v -0.05568836 0.06069557 -0.01542684
v -0.05578125 0.06082233 -0.01548022
v -0.05568836 0.06069557 -0.01542684
v -0.05677649 0.06072708 -0.01058795
v -0.05749067 0.06080871 -0.00570377
v -0.05677649 0.06072708 -0.01058795
v -0.05741637 0.06064570 -0.00566471
v -0.05749067 0.06080871 -0.00570377
v -0.05741637 0.06064570 -0.00566471
v -0.05766498 0.06072709 -0.00071348
v -0.05683492 0.06067881 0.00916778
v -0.05746004 0.06055965 0.00424461
v -0.05685378 0.06053795 0.00918786
v -0.05683492 0.06067881 0.00916778
v -0.05685378 0.06053795 0.00918786
v -0.05579734 0.06054702 0.01405574
v -0.05026105 0.06084564 -0.02925798
v -0.04746661 0.06082761 -0.03343637
v -0.05012209 0.06082760 -0.02923398
v -0.05747906 0.06074102 0.00424605
v -0.05766498 0.06072709 -0.00071348
v -0.05746004 0.06055965 0.00424461
v -0.05747906 0.06074102 0.00424605
v -0.05746004 0.06055965 0.00424461
v -0.05683492 0.06067881 0.00916778
v -0.05444385 0.06084564 -0.02022369
v -0.05239116 0.06082233 -0.02481378
v -0.05430287 0.06082760 -0.02022373
v -0.05767489 0.06084564 -0.00566744
v -0.05687846 0.06082760 -0.01063054
v -0.05749067 0.06080871 -0.00570377
v -0.05590263 0.06082234 0.01401645
v -0.05692831 0.06081605 0.00915299
v -0.05580224 0.06071088 0.01401917
v -0.05590263 0.06082234 0.01401645
v -0.05580224 0.06071088 0.01401917
v -0.05434078 0.06069556 0.01875977
v -0.05025709 0.06074102 0.02779299
v -0.05250343 0.06074102 0.02336790
v -0.05021773 0.06056009 0.02782409
v -0.05025709 0.06074102 0.02779299
v -0.05021773 0.06056009 0.02782409
v -0.04761553 0.06067966 0.03199375
v -0.04465061 0.06069559 0.03597067
v -0.04761553 0.06067966 0.03199375
v -0.04466451 0.06053433 0.03598746
v -0.04465061 0.06069559 0.03597067
v -0.04466451 0.06053433 0.03598746
v -0.04134546 0.06067963 0.03966966
v -0.04134546 0.06067963 0.03966966
v -0.04466451 0.06053433 0.03598746
v -0.04136143 0.06052556 0.03970538
v -0.04134546 0.06067963 0.03966966
v -0.04136143 0.06052556 0.03970538
v -0.03774803 0.06052335 0.04311714
v -0.05708184 0.06084564 0.00923126
v -0.05757914 0.06082760 0.00422936
v -0.05692831 0.06081605 0.00915299
v -0.05260328 0.06082760 0.02338597
v -0.05444757 0.06082234 0.01876844
v -0.05250343 0.06074102 0.02336790
v -0.05260328 0.06082760 0.02338597
v -0.05250343 0.06074102 0.02336790
v -0.05025709 0.06074102 0.02779299
v -0.05457091 0.06084564 0.01886512
v -0.05590263 0.06082234 0.01401645
v -0.05444757 0.06082234 0.01876844
v -0.04474824 0.06082234 0.03601481
v -0.04772177 0.06082235 0.03203287
v -0.04465061 0.06069559 0.03597067
v -0.04474824 0.06082234 0.03601481
v -0.04465061 0.06069559 0.03597067
v -0.04134546 0.06067963 0.03966966
v -0.03781301 0.06080872 0.04311452
v -0.04134546 0.06067963 0.03966966
v -0.03773794 0.06064572 0.04307700
v -0.03781301 0.06080872 0.04311452
v -0.03773794 0.06064572 0.04307700
v -0.03385206 0.06066259 0.04615875
v -0.05270397 0.06084564 0.02348466
v -0.05444757 0.06082234 0.01876844
v -0.05260328 0.06082760 0.02338597
v -0.04144343 0.06082233 0.03972638
v -0.04474824 0.06082234 0.03601481
v -0.04134546 0.06067963 0.03966966
v -0.04144343 0.06082233 0.03972638
v -0.04134546 0.06067963 0.03966966
v -0.03781301 0.06080872 0.04311452
v -0.01611636 0.06066255 0.05484643
v -0.02081968 0.06055966 0.05326339
v -0.01611396 0.06052559 0.05488516
v -0.01611636 0.06066255 0.05484643
v -0.01611396 0.06052559 0.05488516
v -0.01127732 0.06053484 0.05605951
v -0.04781625 0.06084565 0.03215797
v -0.05035502 0.06082761 0.02781957
v -0.04772177 0.06082235 0.03203287
v -0.02082673 0.06074105 0.05328112
v -0.02537311 0.06074103 0.05129165
v -0.02081968 0.06055966 0.05326339
v -0.02082673 0.06074105 0.05328112
v -0.02081968 0.06055966 0.05326339
v -0.01611636 0.06066255 0.05484643
v -0.01130398 0.06071245 0.05603552
v -0.01611636 0.06066255 0.05484643
v -0.01127732 0.06053484 0.05605951
v -0.01130398 0.06071245 0.05603552
v -0.01127732 0.06053484 0.05605951
v -0.00635431 0.06056013 0.05680246
v -0.04483167 0.06084565 0.03614754
v -0.04772177 0.06082235 0.03203287
v -0.04474824 0.06082234 0.03601481
v -0.00144804 0.06064570 0.05712768
v -0.00635431 0.06056013 0.05680246
v -0.00144548 0.06052292 0.05716485
v -0.00144804 0.06064570 0.05712768
v -0.00144548 0.06052292 0.05716485
v 0.00352608 0.06052557 0.05707373
v -0.02088845 0.06084566 0.05350481
v -0.02543875 0.06082761 0.05136902
v -0.02088546 0.06082762 0.05336384
v -0.00643829 0.06082762 0.05691122
v -0.01134994 0.06082762 0.05614523
v -0.00640254 0.06074101 0.05681623
v -0.00643829 0.06082762 0.05691122
v -0.00640254 0.06074101 0.05681623
v -0.00148223 0.06080873 0.05720436
v 0.00348617 0.06081607 0.05713380
v -0.00148223 0.06080873 0.05720436
v 0.00351072 0.06066255 0.05703806
v 0.00348617 0.06081607 0.05713380
v 0.00351072 0.06066255 0.05703806
v 0.00844417 0.06066255 0.05652325
v 0.02272749 0.06067887 0.05248067
v 0.01808823 0.06055966 0.05424277
v 0.02275147 0.06053799 0.05249425
v 0.02272749 0.06067887 0.05248067
v 0.02275147 0.06053799 0.05249425
v 0.02723593 0.06054706 0.05032579
v -0.01617004 0.06084820 0.05511109
v -0.02088546 0.06082762 0.05336384
v -0.01617179 0.06081607 0.05492825
v 0.00842793 0.06081606 0.05662075
v 0.00348617 0.06081607 0.05713380
v 0.00844417 0.06066255 0.05652325
v 0.00842793 0.06081606 0.05662075
v 0.00844417 0.06066255 0.05652325
v 0.01331510 0.06066256 0.05558625
v 0.01809410 0.06074103 0.05426090
v 0.01331510 0.06066256 0.05558625
v 0.01808823 0.06055966 0.05424277
v 0.01809410 0.06074103 0.05426090
v 0.01808823 0.06055966 0.05424277
v 0.02272749 0.06067887 0.05248067
v 0.01339534 0.06084567 0.05583293
v 0.00842793 0.06081606 0.05662075
v 0.01330731 0.06081608 0.05568479
v 0.02723157 0.06082763 0.05045065
v 0.02273511 0.06081608 0.05257488
v 0.02720201 0.06072711 0.05034415
v 0.02723157 0.06082763 0.05045065
v 0.02720201 0.06072711 0.05034415
v 0.03147234 0.06072710 0.04781748
v 0.04277506 0.06074106 0.03818484
v 0.03927713 0.06069559 0.04170269
v 0.04276101 0.06055967 0.03817193
v 0.04277506 0.06074106 0.03818484
v 0.04276101 0.06055967 0.03817193
v 0.04592731 0.06055968 0.03435281
v 0.05121221 0.06066258 0.02596491
v 0.04876602 0.06056535 0.03025434
v 0.05125462 0.06052340 0.02596506
v 0.05121221 0.06066258 0.02596491
v 0.05125462 0.06052340 0.02596506
v 0.05330504 0.06055968 0.02146961
v 0.01818852 0.06084567 0.05447288
v 0.01330731 0.06081608 0.05568479
v 0.01810136 0.06082763 0.05436212
v 0.03151096 0.06082763 0.04792102
v 0.02723157 0.06082763 0.05045065
v 0.03147234 0.06072710 0.04781748
v 0.03151096 0.06082763 0.04792102
v 0.03147234 0.06072710 0.04781748
v 0.03554569 0.06082236 0.04502142
v 0.03554569 0.06082236 0.04502142
v 0.03147234 0.06072710 0.04781748
v 0.03550828 0.06071091 0.04492824
v 0.03554569 0.06082236 0.04502142
v 0.03550828 0.06071091 0.04492824
v 0.03927713 0.06069559 0.04170269
v 0.04594242 0.06074108 0.03436448
v 0.04594242 0.06074108 0.03436448
v 0.04592731 0.06055968 0.03435281
v 0.04876602 0.06056535 0.03025434
v 0.04296192 0.06084568 0.03832241
v 0.03932749 0.06082236 0.04179725
v 0.04283129 0.06082764 0.03826929
v 0.05716730 0.06074106 0.00713223
v 0.05627274 0.06067969 0.01201161
v 0.05714842 0.06055967 0.00712956
v 0.05716730 0.06074106 0.00713223
v 0.05714842 0.06055967 0.00712956
v 0.05758455 0.06067969 0.00218754
v 0.04614040 0.06084568 0.03448553
v 0.04283129 0.06082764 0.03826929
v 0.04600578 0.06082764 0.03444368
v 0.05508516 0.06082237 0.01686199
v 0.05332820 0.06075629 0.02148251
v 0.05498869 0.06067969 0.01680277
v 0.05508516 0.06082237 0.01686199
v 0.05498869 0.06067969 0.01680277
v 0.05627274 0.06067969 0.01201161
v 0.05739922 0.06084568 0.00713978
v 0.05637396 0.06082237 0.01206230
v 0.05726151 0.06082764 0.00716993
v 0.05732224 0.06082764 -0.00770632
v 0.05771340 0.06082237 -0.00274949
v 0.05722153 0.06074105 -0.00771872
v 0.05732224 0.06082764 -0.00770632
v 0.05722153 0.06074105 -0.00771872
v 0.05638933 0.06074105 -0.01261105
v 0.04617836 0.06069561 -0.03502016
v 0.04897475 0.06069561 -0.03092266
v 0.04617823 0.06053485 -0.03505588
v 0.04617836 0.06069561 -0.03502016
v 0.04617823 0.06053485 -0.03505588
v 0.04303687 0.06053485 -0.03889768
v 0.05784368 0.06084568 0.00217711
v 0.05726151 0.06082764 0.00716993
v 0.05769295 0.06082237 0.00222013
v 0.05649073 0.06082764 -0.01260738
v 0.05732224 0.06082764 -0.00770632
v 0.05638933 0.06074105 -0.01261105
v 0.05649073 0.06082764 -0.01260738
v 0.05638933 0.06074105 -0.01261105
v 0.05513964 0.06074106 -0.01741374
v 0.05355385 0.06081609 -0.02208992
v 0.05513964 0.06074106 -0.01741374
v 0.05345528 0.06066260 -0.02208282
v 0.05355385 0.06081609 -0.02208992
v 0.05345528 0.06066260 -0.02208282
v 0.05140853 0.06069558 -0.02659995
v 0.04304370 0.06071243 -0.03886248
v 0.04617836 0.06069561 -0.03502016
v 0.04303687 0.06053485 -0.03889768
v 0.04304370 0.06071243 -0.03886248
v 0.04303687 0.06053485 -0.03889768
v 0.03959481 0.06053434 -0.04243842
v 0.05661018 0.06084568 -0.01268229
v 0.05732224 0.06082764 -0.00770632
v 0.05649073 0.06082764 -0.01260738
v 0.04907727 0.06082236 -0.03095386
v 0.05151334 0.06082236 -0.02662225
v 0.04897475 0.06069561 -0.03092266
v 0.04907727 0.06082236 -0.03095386
v 0.04897475 0.06069561 -0.03092266
v 0.04617836 0.06069561 -0.03502016
v 0.03179344 0.06054704 -0.04861082
v 0.02756862 0.06055966 -0.05113960
v 0.03182570 0.06072710 -0.04858969
v 0.03179344 0.06054704 -0.04861082
v 0.03182570 0.06072710 -0.04858969
v 0.03580775 0.06058032 -0.04567861
v 0.04617836 0.06069561 -0.03502016
v 0.04304370 0.06071243 -0.03886248
v 0.04627779 0.06082236 -0.03506006
v 0.04617836 0.06069561 -0.03502016
v 0.04627779 0.06082236 -0.03506006
v 0.04907727 0.06082236 -0.03095386
v 0.05649073 0.06082764 -0.01260738
v 0.05524098 0.06082764 -0.01741880
v 0.05535358 0.06084568 -0.01750361
v 0.05661018 0.06084568 -0.01268229
v 0.05162321 0.06084568 -0.02673405
v 0.05355385 0.06081609 -0.02208992
v 0.05151334 0.06082236 -0.02662225
v 0.04314644 0.06082763 -0.03892248
v 0.04627779 0.06082236 -0.03506006
v 0.04304370 0.06071243 -0.03886248
v 0.04314644 0.06082763 -0.03892248
v 0.04304370 0.06071243 -0.03886248
v 0.03958675 0.06071244 -0.04242071
v 0.02757787 0.06074106 -0.05115629
v 0.03182570 0.06072710 -0.04858969
v 0.02756862 0.06055966 -0.05113960
v 0.02757787 0.06074106 -0.05115629
v 0.02756862 0.06055966 -0.05113960
v 0.02309059 0.06056534 -0.05333116
v 0.01845468 0.06054703 -0.05513449
v 0.01368989 0.06054704 -0.05651869
v 0.01848794 0.06071092 -0.05511850
v 0.01845468 0.06054703 -0.05513449
v 0.01848794 0.06071092 -0.05511850
v 0.02309059 0.06056534 -0.05333116
v 0.02309059 0.06056534 -0.05333116
v 0.01848794 0.06071092 -0.05511850
v 0.02312128 0.06074103 -0.05333949
v 0.02309059 0.06056534 -0.05333116
v 0.02312128 0.06074103 -0.05333949
v 0.02757787 0.06074106 -0.05115629
v 0.03958675 0.06071244 -0.04242071
v 0.03590151 0.06080874 -0.04570513
v 0.03968394 0.06082764 -0.04248932
v 0.03958675 0.06071244 -0.04242071
v 0.03968394 0.06082764 -0.04248932
v 0.04314644 0.06082763 -0.03892248
v 0.05151334 0.06082236 -0.02662225
v 0.04907727 0.06082236 -0.03095386
v 0.04917708 0.06084568 -0.03107473
v 0.05151334 0.06082236 -0.02662225
v 0.04917708 0.06084568 -0.03107473
v 0.05162321 0.06084568 -0.02673405
v 0.04321335 0.06084567 -0.03904658
v 0.04627779 0.06082236 -0.03506006
v 0.04314644 0.06082763 -0.03892248
v 0.03190529 0.06082763 -0.04866633
v 0.03590151 0.06080874 -0.04570513
v 0.03182570 0.06072710 -0.04858969
v 0.03190529 0.06082763 -0.04866633
v 0.03182570 0.06072710 -0.04858969
v 0.02757787 0.06074106 -0.05115629
v -0.00103269 0.06064573 -0.05814083
v 0.00390455 0.06056531 -0.05802463
v -0.00105205 0.06052339 -0.05817742
v -0.00103269 0.06064573 -0.05814083
v -0.00105205 0.06052339 -0.05817742
v -0.00598195 0.06055966 -0.05784669
v 0.02757787 0.06074106 -0.05115629
v 0.02312128 0.06074103 -0.05333949
v 0.02764673 0.06082763 -0.05123079
v 0.02757787 0.06074106 -0.05115629
v 0.02764673 0.06082763 -0.05123079
v 0.03190529 0.06082763 -0.04866633
v 0.04314644 0.06082763 -0.03892248
v 0.03968394 0.06082764 -0.04248932
v 0.03973474 0.06084372 -0.04260944
v 0.04321335 0.06084567 -0.03904658
v -0.01574478 0.06052338 -0.05599672
v -0.01574478 0.06052338 -0.05599672
v -0.01571673 0.06064572 -0.05596627
v -0.01091103 0.06053795 -0.05713421
v -0.01091103 0.06053795 -0.05713421
v -0.01571673 0.06064572 -0.05596627
v -0.01088817 0.06071242 -0.05712125
v -0.01091103 0.06053795 -0.05713421
v -0.01088817 0.06071242 -0.05712125
v -0.00598195 0.06055966 -0.05784669
v 0.00885697 0.06067885 -0.05746935
v 0.00393064 0.06074103 -0.05804282
v 0.00890061 0.06081607 -0.05755323
v 0.00885697 0.06067885 -0.05746935
v 0.00890061 0.06081607 -0.05755323
v 0.01372437 0.06071089 -0.05650564
v 0.01372437 0.06071089 -0.05650564
v 0.00890061 0.06081607 -0.05755323
v 0.01377448 0.06082236 -0.05659269
v 0.01372437 0.06071089 -0.05650564
v 0.01377448 0.06082236 -0.05659269
v 0.01854526 0.06082236 -0.05520095
v 0.03590151 0.06080874 -0.04570513
v 0.03190529 0.06082763 -0.04866633
v 0.03193830 0.06084567 -0.04880341
v 0.03590151 0.06080874 -0.04570513
v 0.03193830 0.06084567 -0.04880341
v 0.03597227 0.06084567 -0.04587904
v -0.02499871 0.06053432 -0.05247778
v -0.02938107 0.06056532 -0.05010895
v -0.02498509 0.06071241 -0.05246388
v -0.02499871 0.06053432 -0.05247778
v -0.02498509 0.06071241 -0.05246388
v -0.02042648 0.06064573 -0.05440988
v 0.00393064 0.06074103 -0.05804282
v -0.00100187 0.06080873 -0.05821890
v 0.00396217 0.06082762 -0.05813927
v 0.00393064 0.06074103 -0.05804282
v 0.00396217 0.06082762 -0.05813927
v 0.00890061 0.06081607 -0.05755323
v 0.02318354 0.06082763 -0.05341963
v 0.01854526 0.06082236 -0.05520095
v 0.01854557 0.06084566 -0.05535766
v 0.02318354 0.06082763 -0.05341963
v 0.01854557 0.06084566 -0.05535766
v 0.02319258 0.06084567 -0.05356033
v -0.04108812 0.06052559 -0.04098882
v -0.04441486 0.06056010 -0.03726502
v -0.04105288 0.06066256 -0.04097257
v -0.04108812 0.06052559 -0.04098882
v -0.04105288 0.06066256 -0.04097257
v -0.03743422 0.06054656 -0.04436501
v -0.03355326 0.06054702 -0.04740042
v -0.03743422 0.06054656 -0.04436501
v -0.03352092 0.06071086 -0.04741802
v -0.03355326 0.06054702 -0.04740042
v -0.03352092 0.06071086 -0.04741802
v -0.02938107 0.06056532 -0.05010895
v -0.02938107 0.06056532 -0.05010895
v -0.03352092 0.06071086 -0.04741802
v -0.02936990 0.06074100 -0.05013872
v -0.02938107 0.06056532 -0.05010895
v -0.02936990 0.06074100 -0.05013872
v -0.02498509 0.06071241 -0.05246388
v -0.01088817 0.06071242 -0.05712125
v -0.01570686 0.06080872 -0.05604962
v -0.01088702 0.06082761 -0.05724023
v -0.01088817 0.06071242 -0.05712125
v -0.01088702 0.06082761 -0.05724023
v -0.00596923 0.06082762 -0.05796611
v 0.00890061 0.06081607 -0.05755323
v 0.00396217 0.06082762 -0.05813927
v 0.00392314 0.06084566 -0.05827477
v 0.00890061 0.06081607 -0.05755323
v 0.00392314 0.06084566 -0.05827477
v 0.00887511 0.06084566 -0.05772364
v -0.00603085 0.06084566 -0.05809291
v -0.00100187 0.06080873 -0.05821890
v -0.00596923 0.06082762 -0.05796611
v -0.02498509 0.06071241 -0.05246388
v -0.02936990 0.06074100 -0.05013872
v -0.02501439 0.06082761 -0.05257919
v -0.02498509 0.06071241 -0.05246388
v -0.02501439 0.06082761 -0.05257919
v -0.02042379 0.06080872 -0.05449379
v -0.00596923 0.06082762 -0.05796611
v -0.01088702 0.06082761 -0.05724023
v -0.01095936 0.06084565 -0.05736127
v -0.00596923 0.06082762 -0.05796611
v -0.01095936 0.06084565 -0.05736127
v -0.00603085 0.06084566 -0.05809291
v -0.02042379 0.06080872 -0.05449379
v -0.04109860 0.06081605 -0.04106018
v -0.03743147 0.06072710 -0.04436757
v -0.04105288 0.06066256 -0.04097257
v -0.04109860 0.06081605 -0.04106018
v -0.04105288 0.06066256 -0.04097257
v -0.04439988 0.06074102 -0.03731296
v -0.04739997 0.06074105 -0.03335983
v -0.04439988 0.06074102 -0.03731296
v -0.04738438 0.06055965 -0.03334885
v -0.04739997 0.06074105 -0.03335983
v -0.04738438 0.06055965 -0.03334885
v -0.05003261 0.06071242 -0.02915557
v -0.03743147 0.06072710 -0.04436757
v -0.04109860 0.06081605 -0.04106018
v -0.03748313 0.06082761 -0.04446526
v -0.03743147 0.06072710 -0.04436757
v -0.03748313 0.06082761 -0.04446526
v -0.03355428 0.06082234 -0.04751276
v -0.02042379 0.06080872 -0.05449379
v -0.02042379 0.06080872 -0.05449379
v -0.02511519 0.06084565 -0.05267776
v -0.02053689 0.06084565 -0.05464366
v -0.05745482 0.06052336 -0.00564942
v -0.05766484 0.06054655 -0.00070971
v -0.05741637 0.06064570 -0.00566471
v -0.05745482 0.06052336 -0.00564942
v -0.05741637 0.06064570 -0.00566471
v -0.05677908 0.06055119 -0.01056547
v -0.05421681 0.06056008 -0.02011665
v -0.05568836 0.06069557 -0.01542684
v -0.05421889 0.06074103 -0.02016680
v -0.05421681 0.06056008 -0.02011665
v -0.05421889 0.06074103 -0.02016680
v -0.05232271 0.06072555 -0.02475070
v -0.04439988 0.06074102 -0.03731296
v -0.04739997 0.06074105 -0.03335983
v -0.04445975 0.06082760 -0.03739486
v -0.04439988 0.06074102 -0.03731296
v -0.04445975 0.06082760 -0.03739486
v -0.04109860 0.06081605 -0.04106018
v -0.02939856 0.06082762 -0.05023608
v -0.03355428 0.06082234 -0.04751276
v -0.03368128 0.06084565 -0.04760459
v -0.02939856 0.06082762 -0.05023608
v -0.03368128 0.06084565 -0.04760459
v -0.02950745 0.06084565 -0.05032563
v -0.05766484 0.06054655 -0.00070971
v -0.05746004 0.06055965 0.00424461
v -0.05766498 0.06072709 -0.00071348
v -0.05766484 0.06054655 -0.00070971
v -0.05766498 0.06072709 -0.00071348
v -0.05741637 0.06064570 -0.00566471
v -0.04109860 0.06081605 -0.04106018
v -0.04445975 0.06082760 -0.03739486
v -0.04459249 0.06084564 -0.03744239
v -0.04109860 0.06081605 -0.04106018
v -0.04459249 0.06084564 -0.03744239
v -0.04125182 0.06084565 -0.04113906
v -0.05435955 0.06053433 0.01877083
v -0.05247502 0.06056532 0.02338221
v -0.05434078 0.06069556 0.01875977
v -0.05435955 0.06053433 0.01877083
v -0.05434078 0.06069556 0.01875977
v -0.05579734 0.06054702 0.01405574
v -0.05579734 0.06054702 0.01405574
v -0.05434078 0.06069556 0.01875977
v -0.05580224 0.06071088 0.01401917
v -0.05579734 0.06054702 0.01405574
v -0.05580224 0.06071088 0.01401917
v -0.05683492 0.06067881 0.00916778
v -0.05677649 0.06072708 -0.01058795
v -0.05749067 0.06080871 -0.00570377
v -0.05687846 0.06082760 -0.01063054
v -0.05677649 0.06072708 -0.01058795
v -0.05687846 0.06082760 -0.01063054
v -0.05578125 0.06082233 -0.01548022
v -0.05012209 0.06082760 -0.02923398
v -0.05239116 0.06082233 -0.02481378
v -0.05254697 0.06084564 -0.02483092
v -0.05012209 0.06082760 -0.02923398
v -0.05254697 0.06084564 -0.02483092
v -0.05026105 0.06084564 -0.02925798
v -0.05593768 0.06084564 -0.01547035
v -0.05430287 0.06082760 -0.02022373
v -0.05578125 0.06082233 -0.01548022
v -0.05777274 0.06082760 -0.00073795
v -0.05749067 0.06080871 -0.00570377
v -0.05766498 0.06072709 -0.00071348
v -0.05777274 0.06082760 -0.00073795
v -0.05766498 0.06072709 -0.00071348
v -0.05747906 0.06074102 0.00424605
v -0.05692831 0.06081605 0.00915299
v -0.05747906 0.06074102 0.00424605
v -0.05683492 0.06067881 0.00916778
v -0.05692831 0.06081605 0.00915299
v -0.05683492 0.06067881 0.00916778
v -0.05580224 0.06071088 0.01401917
v -0.04761553 0.06067966 0.03199375
v -0.05021773 0.06056009 0.02782409
v -0.04764358 0.06052289 0.03201957
v -0.04761553 0.06067966 0.03199375
v -0.04764358 0.06052289 0.03201957
v -0.04466451 0.06053433 0.03598746
v -0.05247502 0.06056532 0.02338221
v -0.05021773 0.06056009 0.02782409
v -0.05250343 0.06074102 0.02336790
v -0.05247502 0.06056532 0.02338221
v -0.05250343 0.06074102 0.02336790
v -0.05434078 0.06069556 0.01875977
v -0.05747906 0.06074102 0.00424605
v -0.05692831 0.06081605 0.00915299
v -0.05757914 0.06082760 0.00422936
v -0.05747906 0.06074102 0.00424605
v -0.05757914 0.06082760 0.00422936
v -0.05777274 0.06082760 -0.00073795
v -0.05578125 0.06082233 -0.01548022
v -0.05687846 0.06082760 -0.01063054
v -0.05701736 0.06084564 -0.01060633
v -0.05578125 0.06082233 -0.01548022
v -0.05701736 0.06084564 -0.01060633
v -0.05593768 0.06084564 -0.01547035
v -0.05790543 0.06084564 -0.00069029
v -0.05749067 0.06080871 -0.00570377
v -0.05777274 0.06082760 -0.00073795
v -0.05444757 0.06082234 0.01876844
v -0.05590263 0.06082234 0.01401645
v -0.05434078 0.06069556 0.01875977
v -0.05444757 0.06082234 0.01876844
v -0.05434078 0.06069556 0.01875977
v -0.05250343 0.06074102 0.02336790
v -0.03773794 0.06064572 0.04307700
v -0.04134546 0.06067963 0.03966966
v -0.03774803 0.06052335 0.04311714
v -0.03773794 0.06064572 0.04307700
v -0.03774803 0.06052335 0.04311714
v -0.03387093 0.06052289 0.04619190
v -0.03387093 0.06052289 0.04619190
v -0.02971500 0.06053797 0.04892729
v -0.03385206 0.06066259 0.04615875
v -0.03387093 0.06052289 0.04619190
v -0.03385206 0.06066259 0.04615875
v -0.03773794 0.06064572 0.04307700
v -0.05777274 0.06082760 -0.00073795
v -0.05757914 0.06082760 0.00422936
v -0.05770726 0.06084564 0.00428818
v -0.05777274 0.06082760 -0.00073795
v -0.05770726 0.06084564 0.00428818
v -0.05790543 0.06084564 -0.00069029
v -0.02971500 0.06053797 0.04892729
v -0.02532299 0.06056011 0.05129498
v -0.02972332 0.06071240 0.04890240
v -0.02971500 0.06053797 0.04892729
v -0.02972332 0.06071240 0.04890240
v -0.03385206 0.06066259 0.04615875
v -0.04761553 0.06067966 0.03199375
v -0.04465061 0.06069559 0.03597067
v -0.04772177 0.06082235 0.03203287
v -0.04761553 0.06067966 0.03199375
v -0.04772177 0.06082235 0.03203287
v -0.05025709 0.06074102 0.02779299
v -0.05025709 0.06074102 0.02779299
v -0.04772177 0.06082235 0.03203287
v -0.05035502 0.06082761 0.02781957
v -0.05035502 0.06082761 0.02781957
v -0.05692831 0.06081605 0.00915299
v -0.05590263 0.06082234 0.01401645
v -0.05603380 0.06084564 0.01410223
v -0.05692831 0.06081605 0.00915299
v -0.05603380 0.06084564 0.01410223
v -0.05708184 0.06084564 0.00923126
v -0.02532299 0.06056011 0.05129498
v -0.02081968 0.06055966 0.05326339
v -0.02537311 0.06074103 0.05129165
v -0.02532299 0.06056011 0.05129498
v -0.02537311 0.06074103 0.05129165
v -0.02972332 0.06071240 0.04890240
v -0.03385206 0.06066259 0.04615875
v -0.02972332 0.06071240 0.04890240
v -0.03393180 0.06081606 0.04621712
v -0.03385206 0.06066259 0.04615875
v -0.03393180 0.06081606 0.04621712
v -0.03781301 0.06080872 0.04311452
v -0.05260328 0.06082760 0.02338597
v -0.05035502 0.06082761 0.02781957
v -0.05044690 0.06084565 0.02792650
v -0.05270397 0.06084564 0.02348466
v -0.04151515 0.06084565 0.03986578
v -0.04474824 0.06082234 0.03601481
v -0.04144343 0.06082233 0.03972638
v -0.02980361 0.06082761 0.04899018
v -0.03393180 0.06081606 0.04621712
v -0.02972332 0.06071240 0.04890240
v -0.02980361 0.06082761 0.04899018
v -0.02972332 0.06071240 0.04890240
v -0.02537311 0.06074103 0.05129165
v 0.00351072 0.06066255 0.05703806
v -0.00144804 0.06064570 0.05712768
v 0.00352608 0.06052557 0.05707373
v 0.00352608 0.06052557 0.05707373
v -0.01130398 0.06071245 0.05603552
v -0.00640254 0.06074101 0.05681623
v -0.01134994 0.06082762 0.05614523
v -0.01130398 0.06071245 0.05603552
v -0.01134994 0.06082762 0.05614523
v -0.01617179 0.06081607 0.05492825
v -0.02980361 0.06082761 0.04899018
v -0.02543875 0.06082761 0.05136902
v -0.02545380 0.06084565 0.05150922
v -0.02980361 0.06082761 0.04899018
v -0.02545380 0.06084565 0.05150922
v -0.02983074 0.06084565 0.04912854
v -0.01133038 0.06085139 0.05630607
v -0.01617179 0.06081607 0.05492825
v -0.01134994 0.06082762 0.05614523
v 0.01330731 0.06081608 0.05568479
v 0.00842793 0.06081606 0.05662075
v 0.01331510 0.06066256 0.05558625
v 0.01330731 0.06081608 0.05568479
v 0.01331510 0.06066256 0.05558625
v 0.01809410 0.06074103 0.05426090
v 0.02720201 0.06072711 0.05034415
v 0.02272749 0.06067887 0.05248067
v 0.02723593 0.06054706 0.05032579
v 0.02720201 0.06072711 0.05034415
v 0.02723593 0.06054706 0.05032579
v 0.03147538 0.06054659 0.04781532
v 0.00348617 0.06081607 0.05713380
v 0.00842793 0.06081606 0.05662075
v 0.00849883 0.06084372 0.05676614
v 0.00348617 0.06081607 0.05713380
v 0.00849883 0.06084372 0.05676614
v 0.00354757 0.06084566 0.05729485
v 0.02285796 0.06085140 0.05272439
v 0.01810136 0.06082763 0.05436212
v 0.02273511 0.06081608 0.05257488
v 0.03932749 0.06082236 0.04179725
v 0.03554569 0.06082236 0.04502142
v 0.03927713 0.06069559 0.04170269
v 0.03932749 0.06082236 0.04179725
v 0.03927713 0.06069559 0.04170269
v 0.04277506 0.06074106 0.03818484
v 0.04876967 0.06074106 0.03028594
v 0.04594242 0.06074108 0.03436448
v 0.04876602 0.06056535 0.03025434
v 0.04876967 0.06074106 0.03028594
v 0.04876602 0.06056535 0.03025434
v 0.05121221 0.06066258 0.02596491
v 0.05498869 0.06067969 0.01680277
v 0.05330504 0.06055968 0.02146961
v 0.05502635 0.06052291 0.01680884
v 0.05498869 0.06067969 0.01680277
v 0.05502635 0.06052291 0.01680884
v 0.05631135 0.06052560 0.01200535
v 0.05762151 0.06052561 0.00217475
v 0.05760922 0.06056012 -0.00281865
v 0.05758455 0.06067969 0.00218754
v 0.04876967 0.06074106 0.03028594
v 0.05128185 0.06081609 0.02603505
v 0.04883954 0.06082765 0.03035955
v 0.04876967 0.06074106 0.03028594
v 0.04883954 0.06082765 0.03035955
v 0.04600578 0.06082764 0.03444368
v 0.03554569 0.06082236 0.04502142
v 0.03932749 0.06082236 0.04179725
v 0.03946527 0.06084568 0.04187199
v 0.03567654 0.06084567 0.04510769
v 0.04883954 0.06082765 0.03035955
v 0.05342007 0.06083194 0.02154105
v 0.05128185 0.06081609 0.02603505
v 0.05332820 0.06075629 0.02148251
v 0.05342007 0.06083194 0.02154105
v 0.05332820 0.06075629 0.02148251
v 0.05508516 0.06082237 0.01686199
v 0.05637396 0.06082237 0.01206230
v 0.05508516 0.06082237 0.01686199
v 0.05627274 0.06067969 0.01201161
v 0.05637396 0.06082237 0.01206230
v 0.05627274 0.06067969 0.01201161
v 0.05716730 0.06074106 0.00713223
v 0.05762372 0.06072561 -0.00277442
v 0.05758455 0.06067969 0.00218754
v 0.05760922 0.06056012 -0.00281865
v 0.05762372 0.06072561 -0.00277442
v 0.05760922 0.06056012 -0.00281865
v 0.05719683 0.06056013 -0.00776243
v 0.04898230 0.06053797 -0.03094841
v 0.04617823 0.06053485 -0.03505588
v 0.04897475 0.06069561 -0.03092266
v 0.04898230 0.06053797 -0.03094841
v 0.04897475 0.06069561 -0.03092266
v 0.05140853 0.06069558 -0.02659995
v 0.05508516 0.06082237 0.01686199
v 0.05637396 0.06082237 0.01206230
v 0.05652982 0.06084568 0.01204579
v 0.05524187 0.06084568 0.01685892
v 0.05785988 0.06084568 -0.00280526
v 0.05769295 0.06082237 0.00222013
v 0.05771340 0.06082237 -0.00274949
v 0.05524098 0.06082764 -0.01741880
v 0.05524098 0.06082764 -0.01741880
v 0.05513964 0.06074106 -0.01741374
v 0.05355385 0.06081609 -0.02208992
v 0.03958675 0.06071244 -0.04242071
v 0.04304370 0.06071243 -0.03886248
v 0.03959481 0.06053434 -0.04243842
v 0.03958675 0.06071244 -0.04242071
v 0.03959481 0.06053434 -0.04243842
v 0.03580775 0.06058032 -0.04567861
v 0.05762151 0.06052561 0.00217475
v 0.05781736 0.06035431 0.00219780
v 0.05760922 0.06056012 -0.00281865
v 0.05760922 0.06056012 -0.00281865
v 0.05781736 0.06035431 0.00219780
v 0.05783691 0.06035127 -0.00277040
v 0.05760922 0.06056012 -0.00281865
v 0.05783691 0.06035127 -0.00277040
v 0.05719683 0.06056013 -0.00776243
v 0.05719683 0.06056013 -0.00776243
v 0.05783691 0.06035127 -0.00277040
v 0.05741729 0.06036517 -0.00772524
v 0.05719683 0.06056013 -0.00776243
v 0.05741729 0.06036517 -0.00772524
v 0.05636464 0.06056533 -0.01263108
v 0.05636464 0.06056533 -0.01263108
v 0.05741729 0.06036517 -0.00772524
v 0.05659924 0.06034234 -0.01266182
v 0.05636464 0.06056533 -0.01263108
v 0.05659924 0.06034234 -0.01266182
v 0.05510782 0.06056012 -0.01745257
v 0.05510782 0.06056012 -0.01745257
v 0.05659924 0.06034234 -0.01266182
v 0.05531929 0.06037416 -0.01745981
v 0.05510782 0.06056012 -0.01745257
v 0.05531929 0.06037416 -0.01745981
v 0.05348303 0.06052341 -0.02211488
v 0.05348303 0.06052341 -0.02211488
v 0.05531929 0.06037416 -0.01745981
v 0.05368143 0.06035414 -0.02214559
v 0.05348303 0.06052341 -0.02211488
v 0.05368143 0.06035414 -0.02214559
v 0.05142573 0.06053436 -0.02661335
v 0.05161051 0.06035430 -0.02670310
v 0.05142573 0.06053436 -0.02661335
v 0.05161051 0.06035430 -0.02670310
v 0.04898230 0.06053797 -0.03094841
v 0.04898230 0.06053797 -0.03094841
v 0.05161051 0.06035430 -0.02670310
v 0.04915512 0.06037417 -0.03102359
v 0.04898230 0.06053797 -0.03094841
v 0.04915512 0.06037417 -0.03102359
v 0.04617823 0.06053485 -0.03505588
v 0.04617823 0.06053485 -0.03505588
v 0.04915512 0.06037417 -0.03102359
v 0.04636285 0.06036518 -0.03513453
v 0.04617823 0.06053485 -0.03505588
v 0.04636285 0.06036518 -0.03513453
v 0.04303687 0.06053485 -0.03889768
v 0.04303687 0.06053485 -0.03889768
v 0.04636285 0.06036518 -0.03513453
v 0.04321406 0.06036516 -0.03899192
v 0.04303687 0.06053485 -0.03889768
v 0.04321406 0.06036516 -0.03899192
v 0.03959481 0.06053434 -0.04243842
v 0.03959481 0.06053434 -0.04243842
v 0.04321406 0.06036516 -0.03899192
v 0.03973376 0.06036539 -0.04257517
v 0.03959481 0.06053434 -0.04243842
v 0.03973376 0.06036539 -0.04257517
v 0.03580775 0.06058032 -0.04567861
v 0.03580775 0.06058032 -0.04567861
v 0.03973376 0.06036539 -0.04257517
v 0.03596884 0.06037419 -0.04582348
v 0.03580775 0.06058032 -0.04567861
v 0.03596884 0.06037419 -0.04582348
v 0.03179344 0.06054704 -0.04861082
v 0.03179344 0.06054704 -0.04861082
v 0.03596884 0.06037419 -0.04582348
v 0.03194173 0.06037540 -0.04874537
v 0.03179344 0.06054704 -0.04861082
v 0.03194173 0.06037540 -0.04874537
v 0.02756862 0.06055966 -0.05113960
v 0.02756862 0.06055966 -0.05113960
v 0.03194173 0.06037540 -0.04874537
v 0.02767493 0.06035429 -0.05133749
v 0.02756862 0.06055966 -0.05113960
v 0.02767493 0.06035429 -0.05133749
v 0.02309059 0.06056534 -0.05333116
v 0.02309059 0.06056534 -0.05333116
v 0.02767493 0.06035429 -0.05133749
v 0.02320884 0.06036316 -0.05351518
v 0.02309059 0.06056534 -0.05333116
v 0.02320884 0.06036316 -0.05351518
v 0.01845468 0.06054703 -0.05513449
v 0.01845468 0.06054703 -0.05513449
v 0.02320884 0.06036316 -0.05351518
v 0.01856372 0.06037538 -0.05530245
v 0.01845468 0.06054703 -0.05513449
v 0.01856372 0.06037538 -0.05530245
v 0.01368989 0.06054704 -0.05651869
v 0.01380144 0.06035413 -0.05671293
v 0.01368989 0.06054704 -0.05651869
v 0.01380144 0.06035413 -0.05671293
v 0.00885770 0.06053434 -0.05749285
v 0.00885770 0.06053434 -0.05749285
v 0.01380144 0.06035413 -0.05671293
v 0.00889463 0.06036540 -0.05768427
v 0.00885770 0.06053434 -0.05749285
v 0.00889463 0.06036540 -0.05768427
v 0.00390455 0.06056531 -0.05802463
v 0.00390455 0.06056531 -0.05802463
v 0.00889463 0.06036540 -0.05768427
v 0.00395539 0.06035125 -0.05824818
v 0.00390455 0.06056531 -0.05802463
v 0.00395539 0.06035125 -0.05824818
v -0.00105205 0.06052339 -0.05817742
v -0.00105205 0.06052339 -0.05817742
v 0.00395539 0.06035125 -0.05824818
v -0.00100974 0.06035412 -0.05837366
v -0.00105205 0.06052339 -0.05817742
v -0.00100974 0.06035412 -0.05837366
v -0.00598195 0.06055966 -0.05784669
v -0.00598195 0.06055966 -0.05784669
v -0.00100974 0.06035412 -0.05837366
v -0.00599458 0.06035124 -0.05807224
v -0.00598195 0.06055966 -0.05784669
v -0.00599458 0.06035124 -0.05807224
v -0.01090783 0.06035412 -0.05734538
v -0.00598195 0.06055966 -0.05784669
v -0.01090783 0.06035412 -0.05734538
v -0.01091103 0.06053795 -0.05713421
v -0.01091103 0.06053795 -0.05713421
v -0.01090783 0.06035412 -0.05734538
v -0.01574478 0.06052338 -0.05599672
v -0.01574478 0.06052338 -0.05599672
v -0.01090783 0.06035412 -0.05734538
v -0.01576038 0.06037539 -0.05617344
v -0.01574478 0.06052338 -0.05599672
v -0.01576038 0.06037539 -0.05617344
v -0.02044295 0.06052287 -0.05444333
v -0.02044295 0.06052287 -0.05444333
v -0.01576038 0.06037539 -0.05617344
v -0.02049370 0.06037569 -0.05461015
v -0.02044295 0.06052287 -0.05444333
v -0.02049370 0.06037569 -0.05461015
v -0.02499871 0.06053432 -0.05247778
v -0.02499871 0.06053432 -0.05247778
v -0.02049370 0.06037569 -0.05461015
v -0.02506670 0.06037416 -0.05265044
v -0.02499871 0.06053432 -0.05247778
v -0.02506670 0.06037416 -0.05265044
v -0.02945371 0.06036514 -0.05031577
v -0.02499871 0.06053432 -0.05247778
v -0.02945371 0.06036514 -0.05031577
v -0.02938107 0.06056532 -0.05010895
v -0.02938107 0.06056532 -0.05010895
v -0.02945371 0.06036514 -0.05031577
v -0.03355326 0.06054702 -0.04740042
v -0.03355326 0.06054702 -0.04740042
v -0.02945371 0.06036514 -0.05031577
v -0.03362688 0.06036514 -0.04759941
v -0.03355326 0.06054702 -0.04740042
v -0.03362688 0.06036514 -0.04759941
v -0.03743422 0.06054656 -0.04436501
v -0.03743422 0.06054656 -0.04436501
v -0.03362688 0.06036514 -0.04759941
v -0.03756319 0.06036536 -0.04452398
v -0.03743422 0.06054656 -0.04436501
v -0.03756319 0.06036536 -0.04452398
v -0.04108812 0.06052559 -0.04098882
v -0.04108812 0.06052559 -0.04098882
v -0.03756319 0.06036536 -0.04452398
v -0.04121069 0.06035123 -0.04114612
v -0.04108812 0.06052559 -0.04098882
v -0.04121069 0.06035123 -0.04114612
v -0.04441486 0.06056010 -0.03726502
v -0.04441486 0.06056010 -0.03726502
v -0.04121069 0.06035123 -0.04114612
v -0.04453437 0.06037536 -0.03743964
v -0.04441486 0.06056010 -0.03726502
v -0.04453437 0.06037536 -0.03743964
v -0.04738438 0.06055965 -0.03334885
v -0.04755903 0.06036534 -0.03347267
v -0.04738438 0.06055965 -0.03334885
v -0.04755903 0.06036534 -0.03347267
v -0.05005173 0.06053431 -0.02915925
v -0.05005173 0.06053431 -0.02915925
v -0.04755903 0.06036534 -0.03347267
v -0.05021725 0.06036536 -0.02926226
v -0.05005173 0.06053431 -0.02915925
v -0.05021725 0.06036536 -0.02926226
v -0.05232003 0.06056530 -0.02472405
v -0.05232003 0.06056530 -0.02472405
v -0.05021725 0.06036536 -0.02926226
v -0.05250148 0.06036314 -0.02484619
v -0.05232003 0.06056530 -0.02472405
v -0.05250148 0.06036314 -0.02484619
v -0.05421681 0.06056008 -0.02011665
v -0.05421681 0.06056008 -0.02011665
v -0.05250148 0.06036314 -0.02484619
v -0.05439609 0.06036514 -0.02025025
v -0.05421681 0.06056008 -0.02011665
v -0.05439609 0.06036514 -0.02025025
v -0.05571011 0.06053432 -0.01542832
v -0.05571011 0.06053432 -0.01542832
v -0.05439609 0.06036514 -0.02025025
v -0.05591860 0.06034231 -0.01548361
v -0.05571011 0.06053432 -0.01542832
v -0.05591860 0.06034231 -0.01548361
v -0.05677908 0.06055119 -0.01056547
v -0.05677908 0.06055119 -0.01056547
v -0.05591860 0.06034231 -0.01548361
v -0.05699736 0.06033838 -0.01063790
v -0.05677908 0.06055119 -0.01056547
v -0.05699736 0.06033838 -0.01063790
v -0.05745482 0.06052336 -0.00564942
v -0.05745482 0.06052336 -0.00564942
v -0.05699736 0.06033838 -0.01063790
v -0.05765508 0.06034219 -0.00571976
v -0.05745482 0.06052336 -0.00564942
v -0.05765508 0.06034219 -0.00571976
v -0.05766484 0.06054655 -0.00070971
v -0.05766484 0.06054655 -0.00070971
v -0.05765508 0.06034219 -0.00571976
v -0.05789037 0.06034231 -0.00070795
v -0.05766484 0.06054655 -0.00070971
v -0.05789037 0.06034231 -0.00070795
v -0.05746004 0.06055965 0.00424461
v -0.05768381 0.06035428 0.00426432
v -0.05746004 0.06055965 0.00424461
v -0.05768381 0.06035428 0.00426432
v -0.05685378 0.06053795 0.00918786
v -0.05707367 0.06033838 0.00919478
v -0.05685378 0.06053795 0.00918786
v -0.05707367 0.06033838 0.00919478
v -0.05579734 0.06054702 0.01405574
v -0.05579734 0.06054702 0.01405574
v -0.05707367 0.06033838 0.00919478
v -0.05602124 0.06035412 0.01404986
v -0.05579734 0.06054702 0.01405574
v -0.05602124 0.06035412 0.01404986
v -0.05435955 0.06053433 0.01877083
v -0.05435955 0.06053433 0.01877083
v -0.05602124 0.06035412 0.01404986
v -0.05453651 0.06037568 0.01882258
v -0.05435955 0.06053433 0.01877083
v -0.05453651 0.06037568 0.01882258
v -0.05247502 0.06056532 0.02338221
v -0.05247502 0.06056532 0.02338221
v -0.05453651 0.06037568 0.01882258
v -0.05269591 0.06035122 0.02344366
v -0.05247502 0.06056532 0.02338221
v -0.05269591 0.06035122 0.02344366
v -0.05021773 0.06056009 0.02782409
v -0.05021773 0.06056009 0.02782409
v -0.05269591 0.06035122 0.02344366
v -0.05044814 0.06035411 0.02787265
v -0.05021773 0.06056009 0.02782409
v -0.05044814 0.06035411 0.02787265
v -0.04764358 0.06052289 0.03201957
v -0.04764358 0.06052289 0.03201957
v -0.05044814 0.06035411 0.02787265
v -0.04780095 0.06036538 0.03211669
v -0.04764358 0.06052289 0.03201957
v -0.04780095 0.06036538 0.03211669
v -0.04466451 0.06053433 0.03598746
v -0.04481991 0.06036537 0.03610518
v -0.04466451 0.06053433 0.03598746
v -0.04481991 0.06036537 0.03610518
v -0.04136143 0.06052556 0.03970538
v -0.04136143 0.06052556 0.03970538
v -0.04481991 0.06036537 0.03610518
v -0.04151310 0.06036312 0.03981790
v -0.04136143 0.06052556 0.03970538
v -0.04151310 0.06036312 0.03981790
v -0.03774803 0.06052335 0.04311714
v -0.03774803 0.06052335 0.04311714
v -0.04151310 0.06036312 0.03981790
v -0.03791059 0.06035411 0.04323492
v -0.03774803 0.06052335 0.04311714
v -0.03791059 0.06035411 0.04323492
v -0.03387093 0.06052289 0.04619190
v -0.03387093 0.06052289 0.04619190
v -0.03791059 0.06035411 0.04323492
v -0.03398625 0.06036534 0.04633652
v -0.03387093 0.06052289 0.04619190
v -0.03398625 0.06036534 0.04633652
v -0.02971500 0.06053797 0.04892729
v -0.02971500 0.06053797 0.04892729
v -0.03398625 0.06036534 0.04633652
v -0.02983447 0.06037417 0.04907302
v -0.02971500 0.06053797 0.04892729
v -0.02983447 0.06037417 0.04907302
v -0.02532299 0.06056011 0.05129498
v -0.02532299 0.06056011 0.05129498
v -0.02983447 0.06037417 0.04907302
v -0.02549557 0.06034221 0.05147200
v -0.02532299 0.06056011 0.05129498
v -0.02549557 0.06034221 0.05147200
v -0.02081968 0.06055966 0.05326339
v -0.02081968 0.06055966 0.05326339
v -0.02549557 0.06034221 0.05147200
v -0.02089915 0.06036538 0.05346216
v -0.02081968 0.06055966 0.05326339
v -0.02089915 0.06036538 0.05346216
v -0.01611396 0.06052559 0.05488516
v -0.01611396 0.06052559 0.05488516
v -0.02089915 0.06036538 0.05346216
v -0.01619764 0.06033837 0.05507730
v -0.01611396 0.06052559 0.05488516
v -0.01619764 0.06033837 0.05507730
v -0.01127732 0.06053484 0.05605951
v -0.01127732 0.06053484 0.05605951
v -0.01619764 0.06033837 0.05507730
v -0.01137857 0.06034221 0.05625932
v -0.01127732 0.06053484 0.05605951
v -0.01137857 0.06034221 0.05625932
v -0.00635431 0.06056013 0.05680246
v -0.00635431 0.06056013 0.05680246
v -0.01137857 0.06034221 0.05625932
v -0.00645696 0.06034224 0.05702734
v -0.00635431 0.06056013 0.05680246
v -0.00645696 0.06034224 0.05702734
v -0.00144548 0.06052292 0.05716485
v -0.00144548 0.06052292 0.05716485
v -0.00645696 0.06034224 0.05702734
v -0.00145140 0.06034234 0.05737040
v -0.00144548 0.06052292 0.05716485
v -0.00145140 0.06034234 0.05737040
v 0.00352608 0.06052557 0.05707373
v 0.00351224 0.06035124 0.05727263
v 0.00352608 0.06052557 0.05707373
v 0.00351224 0.06035124 0.05727263
v 0.00846883 0.06052337 0.05655778
v 0.00846883 0.06052337 0.05655778
v 0.00351224 0.06035124 0.05727263
v 0.00845220 0.06035412 0.05675783
v 0.00846883 0.06052337 0.05655778
v 0.00845220 0.06035412 0.05675783
v 0.01332791 0.06052290 0.05562218
v 0.01332791 0.06052290 0.05562218
v 0.00845220 0.06035412 0.05675783
v 0.01336235 0.06036538 0.05580387
v 0.01332791 0.06052290 0.05562218
v 0.01336235 0.06036538 0.05580387
v 0.01808823 0.06055966 0.05424277
v 0.01808823 0.06055966 0.05424277
v 0.01336235 0.06036538 0.05580387
v 0.01814405 0.06037419 0.05443951
v 0.01808823 0.06055966 0.05424277
v 0.01814405 0.06037419 0.05443951
v 0.02279167 0.06034225 0.05271318
v 0.01808823 0.06055966 0.05424277
v 0.02279167 0.06034225 0.05271318
v 0.02275147 0.06053799 0.05249425
v 0.02275147 0.06053799 0.05249425
v 0.02279167 0.06034225 0.05271318
v 0.02723593 0.06054706 0.05032579
v 0.02723593 0.06054706 0.05032579
v 0.02279167 0.06034225 0.05271318
v 0.02728204 0.06034223 0.05055686
v 0.02723593 0.06054706 0.05032579
v 0.02728204 0.06034223 0.05055686
v 0.03147538 0.06054659 0.04781532
v 0.03147538 0.06054659 0.04781532
v 0.02728204 0.06034223 0.05055686
v 0.03158276 0.06036539 0.04798959
v 0.03147538 0.06054659 0.04781532
v 0.03158276 0.06036539 0.04798959
v 0.03552657 0.06055122 0.04491811
v 0.03552657 0.06055122 0.04491811
v 0.03158276 0.06036539 0.04798959
v 0.03562335 0.06037419 0.04509135
v 0.03552657 0.06055122 0.04491811
v 0.03562335 0.06037419 0.04509135
v 0.03931263 0.06053482 0.04169875
v 0.03931263 0.06053482 0.04169875
v 0.03562335 0.06037419 0.04509135
v 0.03941323 0.06035413 0.04188581
v 0.03931263 0.06053482 0.04169875
v 0.03941323 0.06035413 0.04188581
v 0.04276101 0.06055967 0.03817193
v 0.04276101 0.06055967 0.03817193
v 0.03941323 0.06035413 0.04188581
v 0.04291826 0.06036538 0.03831721
v 0.04276101 0.06055967 0.03817193
v 0.04291826 0.06036538 0.03831721
v 0.04592731 0.06055968 0.03435281
v 0.04610699 0.06035432 0.03448764
v 0.04592731 0.06055968 0.03435281
v 0.04610699 0.06035432 0.03448764
v 0.04876602 0.06056535 0.03025434
v 0.04876602 0.06056535 0.03025434
v 0.04610699 0.06035432 0.03448764
v 0.04893861 0.06035127 0.03040527
v 0.04876602 0.06056535 0.03025434
v 0.04893861 0.06035127 0.03040527
v 0.05125462 0.06052340 0.02596506
v 0.05125462 0.06052340 0.02596506
v 0.04893861 0.06035127 0.03040527
v 0.05140723 0.06035415 0.02609550
v 0.05125462 0.06052340 0.02596506
v 0.05140723 0.06035415 0.02609550
v 0.05330504 0.06055968 0.02146961
v 0.05330504 0.06055968 0.02146961
v 0.05140723 0.06035415 0.02609550
v 0.05349095 0.06037570 0.02155217
v 0.05330504 0.06055968 0.02146961
v 0.05349095 0.06037570 0.02155217
v 0.05502635 0.06052291 0.01680884
v 0.05502635 0.06052291 0.01680884
v 0.05349095 0.06037570 0.02155217
v 0.05521797 0.06033841 0.01688768
v 0.05502635 0.06052291 0.01680884
v 0.05521797 0.06033841 0.01688768
v 0.05650343 0.06034223 0.01209512
v 0.05502635 0.06052291 0.01680884
v 0.05650343 0.06034223 0.01209512
v 0.05631135 0.06052560 0.01200535
v 0.05631135 0.06052560 0.01200535
v 0.05650343 0.06034223 0.01209512
v 0.05714842 0.06055967 0.00712956
v 0.05714842 0.06055967 0.00712956
v 0.05650343 0.06034223 0.01209512
v 0.05737124 0.06035431 0.00715808
v 0.05714842 0.06055967 0.00712956
v 0.05737124 0.06035431 0.00715808
v 0.05762151 0.06052561 0.00217475
v 0.05762151 0.06052561 0.00217475
v 0.05737124 0.06035431 0.00715808
v 0.05781736 0.06035431 0.00219780
v 0.01856372 0.06037538 -0.05530245
v 0.02320884 0.06036316 -0.05351518
v 0.01854663 0.06019766 -0.05535445
v 0.01856372 0.06037538 -0.05530245
v 0.01854663 0.06019766 -0.05535445
v 0.01380144 0.06035413 -0.05671293
v -0.01576038 0.06037539 -0.05617344
v -0.01090783 0.06035412 -0.05734538
v -0.01580392 0.06019765 -0.05620664
v -0.01576038 0.06037539 -0.05617344
v -0.01580392 0.06019765 -0.05620664
v -0.02049370 0.06037569 -0.05461015
v -0.02049370 0.06037569 -0.05461015
v -0.01580392 0.06019765 -0.05620664
v -0.02053413 0.06019765 -0.05464182
v -0.02049370 0.06037569 -0.05461015
v -0.02053413 0.06019765 -0.05464182
v -0.02506670 0.06037416 -0.05265044
v -0.02506670 0.06037416 -0.05265044
v -0.02053413 0.06019765 -0.05464182
v -0.02511213 0.06019765 -0.05267624
v -0.02506670 0.06037416 -0.05265044
v -0.02511213 0.06019765 -0.05267624
v -0.02945371 0.06036514 -0.05031577
v -0.04453437 0.06037536 -0.03743964
v -0.04121069 0.06035123 -0.04114612
v -0.04458907 0.06019764 -0.03744226
v -0.04453437 0.06037536 -0.03743964
v -0.04458907 0.06019764 -0.03744226
v -0.04755903 0.06036534 -0.03347267
v -0.05453651 0.06037568 0.01882258
v -0.05602124 0.06035412 0.01404986
v -0.05456904 0.06019764 0.01886230
v -0.05453651 0.06037568 0.01882258
v -0.05456904 0.06019764 0.01886230
v -0.05269591 0.06035122 0.02344366
v -0.02983447 0.06037417 0.04907302
v -0.03398625 0.06036534 0.04633652
v -0.02983101 0.06019765 0.04912522
v -0.02983447 0.06037417 0.04907302
v -0.02983101 0.06019765 0.04912522
v -0.02549557 0.06034221 0.05147200
v 0.01814405 0.06037419 0.05443951
v 0.01336235 0.06036538 0.05580387
v 0.01818583 0.06019767 0.05447092
v 0.01814405 0.06037419 0.05443951
v 0.01818583 0.06019767 0.05447092
v 0.02279167 0.06034225 0.05271318
v 0.03562335 0.06037419 0.04509135
v 0.03158276 0.06036539 0.04798959
v 0.03567329 0.06019767 0.04510682
v 0.03562335 0.06037419 0.04509135
v 0.03567329 0.06019767 0.04510682
v 0.03941323 0.06035413 0.04188581
v 0.05349095 0.06037570 0.02155217
v 0.05140723 0.06035415 0.02609550
v 0.05354167 0.06019768 0.02154435
v 0.05349095 0.06037570 0.02155217
v 0.05354167 0.06019768 0.02154435
v 0.05521797 0.06033841 0.01688768
v 0.05531929 0.06037416 -0.01745981
v 0.05659924 0.06034234 -0.01266182
v 0.05535157 0.06019768 -0.01750093
v 0.05531929 0.06037416 -0.01745981
v 0.05535157 0.06019768 -0.01750093
v 0.05368143 0.06035414 -0.02214559
v 0.04915512 0.06037417 -0.03102359
v 0.05161051 0.06035430 -0.02670310
v 0.04917584 0.06019767 -0.03107159
v 0.04915512 0.06037417 -0.03102359
v 0.04917584 0.06019767 -0.03107159
v 0.04636285 0.06036518 -0.03513453
v 0.03596884 0.06037419 -0.04582348
v 0.03973376 0.06036539 -0.04257517
v 0.03597217 0.06019767 -0.04587566
v 0.03596884 0.06037419 -0.04582348
v 0.03597217 0.06019767 -0.04587566
v 0.03194173 0.06037540 -0.04874537
v 0.03194173 0.06037540 -0.04874537
v 0.03597217 0.06019767 -0.04587566
v 0.03193846 0.06019767 -0.04880005
v 0.03194173 0.06037540 -0.04874537
v 0.03193846 0.06019767 -0.04880005
v 0.02767493 0.06035429 -0.05133749
v 0.02320884 0.06036316 -0.05351518
v 0.02319708 0.06019840 -0.05354993
v 0.01854663 0.06019766 -0.05535445
v 0.00889463 0.06036540 -0.05768427
v 0.01380144 0.06035413 -0.05671293
v 0.00888212 0.06019840 -0.05771473
v 0.00889463 0.06036540 -0.05768427
v 0.00888212 0.06019840 -0.05771473
v 0.00395539 0.06035125 -0.05824818
v -0.02945371 0.06036514 -0.05031577
v -0.02511213 0.06019765 -0.05267624
v -0.02949639 0.06019839 -0.05032320
v -0.02945371 0.06036514 -0.05031577
v -0.02949639 0.06019839 -0.05032320
v -0.03362688 0.06036514 -0.04759941
v -0.03362688 0.06036514 -0.04759941
v -0.02949639 0.06019839 -0.05032320
v -0.03366999 0.06019839 -0.04760316
v -0.03362688 0.06036514 -0.04759941
v -0.03366999 0.06019839 -0.04760316
v -0.03756319 0.06036536 -0.04452398
v -0.03756319 0.06036536 -0.04452398
v -0.03366999 0.06019839 -0.04760316
v -0.03759442 0.06019838 -0.04453433
v -0.03756319 0.06036536 -0.04452398
v -0.03759442 0.06019838 -0.04453433
v -0.04121069 0.06035123 -0.04114612
v -0.04755903 0.06036534 -0.03347267
v -0.04458907 0.06019764 -0.03744226
v -0.04759183 0.06019838 -0.03347475
v -0.04755903 0.06036534 -0.03347267
v -0.04759183 0.06019838 -0.03347475
v -0.05021725 0.06036536 -0.02926226
v -0.05021725 0.06036536 -0.02926226
v -0.04759183 0.06019838 -0.03347475
v -0.05025018 0.06019838 -0.02926142
v -0.05021725 0.06036536 -0.02926226
v -0.05025018 0.06019838 -0.02926142
v -0.05250148 0.06036314 -0.02484619
v -0.05250148 0.06036314 -0.02484619
v -0.05025018 0.06019838 -0.02926142
v -0.05253643 0.06019838 -0.02483528
v -0.05250148 0.06036314 -0.02484619
v -0.05253643 0.06019838 -0.02483528
v -0.05439609 0.06036514 -0.02025025
v -0.05439609 0.06036514 -0.02025025
v -0.05253643 0.06019838 -0.02483528
v -0.05443375 0.06019838 -0.02022886
v -0.05439609 0.06036514 -0.02025025
v -0.05443375 0.06019838 -0.02022886
v -0.05591860 0.06034231 -0.01548361
v -0.04780095 0.06036538 0.03211669
v -0.05044814 0.06035411 0.02787265
v -0.04781460 0.06019838 0.03214668
v -0.04780095 0.06036538 0.03211669
v -0.04781460 0.06019838 0.03214668
v -0.04481991 0.06036537 0.03610518
v -0.04481991 0.06036537 0.03610518
v -0.04781460 0.06019838 0.03214668
v -0.04483096 0.06019839 0.03613618
v -0.04481991 0.06036537 0.03610518
v -0.04483096 0.06019839 0.03613618
v -0.04151310 0.06036312 0.03981790
v -0.04151310 0.06036312 0.03981790
v -0.04483096 0.06019839 0.03613618
v -0.04151540 0.06019839 0.03985442
v -0.04151310 0.06036312 0.03981790
v -0.04151540 0.06019839 0.03985442
v -0.03791059 0.06035411 0.04323492
v -0.03398625 0.06036534 0.04633652
v -0.03791059 0.06035411 0.04323492
v -0.03398905 0.06019839 0.04636923
v -0.03398625 0.06036534 0.04633652
v -0.03398905 0.06019839 0.04636923
v -0.02983101 0.06019765 0.04912522
v -0.02089915 0.06036538 0.05346216
v -0.02549557 0.06034221 0.05147200
v -0.02089343 0.06019839 0.05349458
v -0.02089915 0.06036538 0.05346216
v -0.02089343 0.06019839 0.05349458
v -0.01619764 0.06033837 0.05507730
v 0.01336235 0.06036538 0.05580387
v 0.00845220 0.06035412 0.05675783
v 0.01338544 0.06019841 0.05582734
v 0.01336235 0.06036538 0.05580387
v 0.01338544 0.06019841 0.05582734
v 0.01818583 0.06019767 0.05447092
v 0.03158276 0.06036539 0.04798959
v 0.02728204 0.06034223 0.05055686
v 0.03161238 0.06019841 0.04800391
v 0.03158276 0.06036539 0.04798959
v 0.03161238 0.06019841 0.04800391
v 0.03567329 0.06019767 0.04510682
v 0.04291826 0.06036538 0.03831721
v 0.03941323 0.06035413 0.04188581
v 0.04295052 0.06019841 0.03832350
v 0.04291826 0.06036538 0.03831721
v 0.04295052 0.06019841 0.03832350
v 0.04610699 0.06035432 0.03448764
v 0.05741729 0.06036517 -0.00772524
v 0.05783691 0.06035127 -0.00277040
v 0.05744106 0.06019842 -0.00776144
v 0.05741729 0.06036517 -0.00772524
v 0.05744106 0.06019842 -0.00776144
v 0.05659924 0.06034234 -0.01266182
v 0.04636285 0.06036518 -0.03513453
v 0.04917584 0.06019767 -0.03107159
v 0.04636569 0.06019841 -0.03517773
v 0.04636285 0.06036518 -0.03513453
v 0.04636569 0.06019841 -0.03517773
v 0.04321406 0.06036516 -0.03899192
v 0.04321406 0.06036516 -0.03899192
v 0.04636569 0.06019841 -0.03517773
v 0.04321314 0.06019841 -0.03903520
v 0.04321406 0.06036516 -0.03899192
v 0.04321314 0.06019841 -0.03903520
v 0.03973376 0.06036539 -0.04257517
v 0.03973376 0.06036539 -0.04257517
v 0.04321314 0.06019841 -0.03903520
v 0.03974068 0.06019841 -0.04260737
v 0.03973376 0.06036539 -0.04257517
v 0.03974068 0.06019841 -0.04260737
v 0.03597217 0.06019767 -0.04587566
v 0.02320884 0.06036316 -0.05351518
v 0.02767493 0.06035429 -0.05133749
v 0.02319708 0.06019840 -0.05354993
v 0.01380144 0.06035413 -0.05671293
v 0.01854663 0.06019766 -0.05535445
v 0.01377285 0.06019894 -0.05673459
v 0.01380144 0.06035413 -0.05671293
v 0.01377285 0.06019894 -0.05673459
v 0.00888212 0.06019840 -0.05771473
v 0.00395539 0.06035125 -0.05824818
v 0.00888212 0.06019840 -0.05771473
v 0.00393707 0.06019894 -0.05826267
v 0.00395539 0.06035125 -0.05824818
v 0.00393707 0.06019894 -0.05826267
v -0.00100974 0.06035412 -0.05837366
v -0.00100974 0.06035412 -0.05837366
v 0.00393707 0.06019894 -0.05826267
v -0.00104290 0.06019893 -0.05838729
v -0.00100974 0.06035412 -0.05837366
v -0.00104290 0.06019893 -0.05838729
v -0.00599458 0.06035124 -0.05807224
v -0.00599458 0.06035124 -0.05807224
v -0.00104290 0.06019893 -0.05838729
v -0.00601515 0.06019893 -0.05808337
v -0.00599458 0.06035124 -0.05807224
v -0.00601515 0.06019893 -0.05808337
v -0.01090783 0.06035412 -0.05734538
v -0.01090783 0.06035412 -0.05734538
v -0.00601515 0.06019893 -0.05808337
v -0.01094283 0.06019893 -0.05735312
v -0.01090783 0.06035412 -0.05734538
v -0.01094283 0.06019893 -0.05735312
v -0.01580392 0.06019765 -0.05620664
v -0.04121069 0.06035123 -0.04114612
v -0.03759442 0.06019838 -0.04453433
v -0.04123362 0.06019892 -0.04114165
v -0.04121069 0.06035123 -0.04114612
v -0.04123362 0.06019892 -0.04114165
v -0.04458907 0.06019764 -0.03744226
v -0.05768381 0.06035428 0.00426432
v -0.05789037 0.06034231 -0.00070795
v -0.05769737 0.06019892 0.00427269
v -0.05768381 0.06035428 0.00426432
v -0.05769737 0.06019892 0.00427269
v -0.05707367 0.06033838 0.00919478
v -0.05602124 0.06035412 0.01404986
v -0.05707367 0.06033838 0.00919478
v -0.05602672 0.06019892 0.01408529
v -0.05602124 0.06035412 0.01404986
v -0.05602672 0.06019892 0.01408529
v -0.05456904 0.06019764 0.01886230
v -0.05269591 0.06035122 0.02344366
v -0.05456904 0.06019764 0.01886230
v -0.05269995 0.06019892 0.02346667
v -0.05269591 0.06035122 0.02344366
v -0.05269995 0.06019892 0.02346667
v -0.05044814 0.06035411 0.02787265
v -0.05044814 0.06035411 0.02787265
v -0.05269995 0.06019892 0.02346667
v -0.05044438 0.06019892 0.02790827
v -0.05044814 0.06035411 0.02787265
v -0.05044438 0.06019892 0.02790827
v -0.04781460 0.06019838 0.03214668
v -0.03791059 0.06035411 0.04323492
v -0.04151540 0.06019839 0.03985442
v -0.03789500 0.06019893 0.04326723
v -0.03791059 0.06035411 0.04323492
v -0.03789500 0.06019893 0.04326723
v -0.03398905 0.06019839 0.04636923
v 0.00351224 0.06035124 0.05727263
v -0.00145140 0.06034234 0.05737040
v 0.00353224 0.06019894 0.05728464
v 0.00351224 0.06035124 0.05727263
v 0.00353224 0.06019894 0.05728464
v 0.00845220 0.06035412 0.05675783
v 0.00845220 0.06035412 0.05675783
v 0.00353224 0.06019894 0.05728464
v 0.00848681 0.06019894 0.05676707
v 0.00845220 0.06035412 0.05675783
v 0.00848681 0.06019894 0.05676707
v 0.01338544 0.06019841 0.05582734
v 0.03941323 0.06035413 0.04188581
v 0.03567329 0.06019767 0.04510682
v 0.03944700 0.06019895 0.04187379
v 0.03941323 0.06035413 0.04188581
v 0.03944700 0.06019895 0.04187379
v 0.04295052 0.06019841 0.03832350
v 0.04610699 0.06035432 0.03448764
v 0.04295052 0.06019841 0.03832350
v 0.04612267 0.06019895 0.03449049
v 0.04610699 0.06035432 0.03448764
v 0.04612267 0.06019895 0.03449049
v 0.04893861 0.06035127 0.03040527
v 0.04893861 0.06035127 0.03040527
v 0.04612267 0.06019895 0.03449049
v 0.04896008 0.06019895 0.03039599
v 0.04893861 0.06035127 0.03040527
v 0.04896008 0.06019895 0.03039599
v 0.05140723 0.06035415 0.02609550
v 0.05140723 0.06035415 0.02609550
v 0.04896008 0.06019895 0.03039599
v 0.05143498 0.06019895 0.02607279
v 0.05140723 0.06035415 0.02609550
v 0.05143498 0.06019895 0.02607279
v 0.05354167 0.06019768 0.02154435
v 0.05737124 0.06035431 0.00715808
v 0.05650343 0.06034223 0.01209512
v 0.05738627 0.06019896 0.00715283
v 0.05737124 0.06035431 0.00715808
v 0.05738627 0.06019896 0.00715283
v 0.05781736 0.06035431 0.00219780
v 0.05783615 0.06019885 0.00214038
v 0.05781736 0.06035431 0.00219780
v 0.05783615 0.06019885 0.00214038
v 0.05783691 0.06035127 -0.00277040
v 0.05783691 0.06035127 -0.00277040
v 0.05783615 0.06019885 0.00214038
v 0.05785440 0.06019876 -0.00272661
v 0.05783691 0.06035127 -0.00277040
v 0.05785440 0.06019876 -0.00272661
v 0.05744106 0.06019842 -0.00776144
v 0.05368143 0.06035414 -0.02214559
v 0.05535157 0.06019768 -0.01750093
v 0.05368228 0.06019895 -0.02218144
v 0.05368143 0.06035414 -0.02214559
v 0.05368228 0.06019895 -0.02218144
v 0.05161051 0.06035430 -0.02670310
v 0.05161051 0.06035430 -0.02670310
v 0.05368228 0.06019895 -0.02218144
v 0.05161991 0.06019895 -0.02671597
v 0.05161051 0.06035430 -0.02670310
v 0.05161991 0.06019895 -0.02671597
v 0.04917584 0.06019767 -0.03107159
v 0.02767493 0.06035429 -0.05133749
v 0.03193846 0.06019767 -0.04880005
v 0.02767542 0.06019894 -0.05135340
v 0.02767493 0.06035429 -0.05133749
v 0.02767542 0.06019894 -0.05135340
v 0.02319708 0.06019840 -0.05354993
v 0.05783615 0.06019885 0.00214038
v 0.05789288 0.06019924 -0.00050210
v 0.05785440 0.06019876 -0.00272661
v 0.05659924 0.06034234 -0.01266182
v 0.05744106 0.06019842 -0.00776144
v 0.05660193 0.06019924 -0.01265972
v 0.05659924 0.06034234 -0.01266182
v 0.05660193 0.06019924 -0.01265972
v 0.05535157 0.06019768 -0.01750093
v -0.05591860 0.06034231 -0.01548361
v -0.05443375 0.06019838 -0.02022886
v -0.05592004 0.06019920 -0.01548669
v -0.05591860 0.06034231 -0.01548361
v -0.05592004 0.06019920 -0.01548669
v -0.05699736 0.06033838 -0.01063790
v -0.05700119 0.06019920 -0.01062407
v -0.05699736 0.06033838 -0.01063790
v -0.05700119 0.06019920 -0.01062407
v -0.05765508 0.06034219 -0.00571976
v -0.05766031 0.06019920 -0.00568651
v -0.05765508 0.06034219 -0.00571976
v -0.05766031 0.06019920 -0.00568651
v -0.05789037 0.06034231 -0.00070795
v -0.05789037 0.06034231 -0.00070795
v -0.05766031 0.06019920 -0.00568651
v -0.05789254 0.06019920 -0.00071056
v -0.05789037 0.06034231 -0.00070795
v -0.05789254 0.06019920 -0.00071056
v -0.05769737 0.06019892 0.00427269
v -0.05707367 0.06033838 0.00919478
v -0.05769737 0.06019892 0.00427269
v -0.05707260 0.06019920 0.00920911
v -0.05707367 0.06033838 0.00919478
v -0.05707260 0.06019920 0.00920911
v -0.05602672 0.06019892 0.01408529
v -0.02549557 0.06034221 0.05147200
v -0.02983101 0.06019765 0.04912522
v -0.02546640 0.06019921 0.05148877
v -0.02549557 0.06034221 0.05147200
v -0.02546640 0.06019921 0.05148877
v -0.02089343 0.06019839 0.05349458
v -0.01619764 0.06033837 0.05507730
v -0.02089343 0.06019839 0.05349458
v -0.01618433 0.06019922 0.05508256
v -0.01619764 0.06033837 0.05507730
v -0.01618433 0.06019922 0.05508256
v -0.01137857 0.06034221 0.05625932
v -0.01134609 0.06019922 0.05626810
v -0.01137857 0.06034221 0.05625932
v -0.01134609 0.06019922 0.05626810
v -0.00645696 0.06034224 0.05702734
v -0.00645696 0.06034224 0.05702734
v -0.01134609 0.06019922 0.05626810
v -0.00642385 0.06019922 0.05703329
v -0.00645696 0.06034224 0.05702734
v -0.00642385 0.06019922 0.05703329
v -0.00145140 0.06034234 0.05737040
v -0.00145140 0.06034234 0.05737040
v -0.00642385 0.06019922 0.05703329
v -0.00145405 0.06019922 0.05737252
v -0.00145140 0.06034234 0.05737040
v -0.00145405 0.06019922 0.05737252
v 0.00353224 0.06019894 0.05728464
v 0.02279167 0.06034225 0.05271318
v 0.01818583 0.06019767 0.05447092
v 0.02282345 0.06019923 0.05270201
v 0.02279167 0.06034225 0.05271318
v 0.02282345 0.06019923 0.05270201
v 0.02728204 0.06034223 0.05055686
v 0.02728204 0.06034223 0.05055686
v 0.02282345 0.06019923 0.05270201
v 0.02731265 0.06019923 0.05054304
v 0.02728204 0.06034223 0.05055686
v 0.02731265 0.06019923 0.05054304
v 0.03161238 0.06019841 0.04800391
v 0.05521797 0.06033841 0.01688768
v 0.05354167 0.06019768 0.02154435
v 0.05522356 0.06019924 0.01687443
v 0.05521797 0.06033841 0.01688768
v 0.05522356 0.06019924 0.01687443
v 0.05650343 0.06034223 0.01209512
v 0.05651291 0.06019924 0.01206281
v 0.05650343 0.06034223 0.01209512
v 0.05651291 0.06019924 0.01206281
v 0.05738627 0.06019896 0.00715283
vn 0.00001862 1.00000000 -0.00007689
vn -0.00000059 1.00000000 0.00001713
vn 0.00001226 1.00000000 -0.00004098
vn -0.00000452 1.00000000 -0.00000006
vn -0.00000457 1.00000000 0.00000044
vn 0.00001540 1.00000000 -0.00001045
vn -0.00000033 1.00000000 -0.00000004
vn -0.00000033 1.00000000 -0.00000004
vn -0.00000033 1.00000000 -0.00000004
vn -0.00000033 1.00000000 -0.00000004
vn -0.00000033 1.00000000 -0.00000004
vn -0.00000033 1.00000000 -0.00000004
vn -0.00000033 1.00000000 -0.00000004
vn -0.00000033 1.00000000 -0.00000004
vn -0.00000033 1.00000000 -0.00000004
vn -0.00002048 1.00000000 0.00008977
vn -0.00000458 1.00000000 0.00000097
vn -0.00000456 1.00000000 0.00000151
vn -0.00000451 1.00000000 0.00000208
vn -0.00000255 1.00000000 0.00000411
vn 0.00001193 1.00000000 0.00004969
vn -0.00000033 1.00000000 -0.00000004
vn -0.00000033 1.00000000 -0.00000004
vn -0.00000033 1.00000000 -0.00000004
vn -0.00000033 1.00000000 -0.00000004
vn -0.00000033 1.00000000 -0.00000004
vn -0.00000033 1.00000000 -0.00000004
vn -0.00000033 1.00000000 -0.00000004
vn -0.00000033 1.00000000 -0.00000004
vn -0.00000442 1.00000000 0.00000269
vn -0.00000428 1.00000000 0.00000334
vn -0.00000033 1.00000000 -0.00000004
vn -0.00000033 1.00000000 -0.00000004
vn -0.00000033 1.00000000 -0.00000004
vn -0.00000033 1.00000000 -0.00000004
vn -0.00000033 1.00000000 -0.00000004
vn -0.00000033 1.00000000 -0.00000004
vn -0.00000033 1.00000000 -0.00000004
vn -0.00000033 1.00000000 -0.00000004
vn -0.00000033 1.00000000 -0.00000004
vn -0.00000033 1.00000000 -0.00000004
vn -0.00000033 1.00000000 -0.00000004
vn -0.00000033 1.00000000 -0.00000004
vn -0.00000033 1.00000000 -0.00000004
vn -0.00000033 1.00000000 -0.00000004
vn -0.00000033 1.00000000 -0.00000004
vn -0.00000033 1.00000000 -0.00000004
vn -0.00000033 1.00000000 -0.00000004
vn -0.00000033 1.00000000 -0.00000004
vn -0.00000033 1.00000000 -0.00000004
vn -0.00000033 1.00000000 -0.00000004
vn -0.00000033 1.00000000 -0.00000004
vn 0.04734819 0.06021272 0.99706197
vn 0.04734819 0.06021272 0.99706197
vn 0.04734819 0.06021272 0.99706197
vn 0.05985465 0.13113324 0.98955621
vn 0.05985465 0.13113324 0.98955621
vn 0.05985465 0.13113324 0.98955621
vn 0.10516496 -0.01179462 0.99438484
vn 0.10516496 -0.01179462 0.99438484
vn 0.10516496 -0.01179462 0.99438484
vn 0.16151226 0.04205398 0.98597427
vn 0.16151226 0.04205398 0.98597427
vn 0.16151226 0.04205398 0.98597427
vn 0.17856738 0.13653294 0.97440877
vn 0.17856738 0.13653294 0.97440877
vn 0.17856738 0.13653294 0.97440877
vn 0.21794846 -0.00395270 0.97595228
vn 0.21794846 -0.00395270 0.97595228
vn 0.21794846 -0.00395270 0.97595228
vn 0.27440684 0.02692336 0.96123671
vn 0.27440684 0.02692336 0.96123671
vn 0.27440684 0.02692336 0.96123671
vn 0.29459888 0.13940483 0.94539822
vn 0.29459888 0.13940483 0.94539822
vn 0.29459888 0.13940483 0.94539822
vn 0.32964421 0.00491423 0.94409245
vn 0.32964421 0.00491423 0.94409245
vn 0.32964421 0.00491423 0.94409245
vn 0.43628241 0.01496350 0.89968536
vn 0.43628241 0.01496350 0.89968536
vn 0.43628241 0.01496350 0.89968536
vn 0.40638839 0.13966411 0.90296313
vn 0.40638839 0.13966411 0.90296313
vn 0.40638839 0.13966411 0.90296313
vn 0.38334654 0.01291739 0.92351425
vn 0.38334654 0.01291739 0.92351425
vn 0.38334654 0.01291739 0.92351425
vn 0.53761218 0.02586625 0.84279540
vn 0.53761218 0.02586625 0.84279540
vn 0.53761218 0.02586625 0.84279540
vn 0.51233440 0.13874531 0.84750410
vn 0.51233440 0.13874531 0.84750410
vn 0.51233440 0.13874531 0.84750410
vn 0.48779844 0.00298486 0.87295118
vn 0.48779844 0.00298486 0.87295118
vn 0.48779844 0.00298486 0.87295118
vn 0.63184022 0.03729832 0.77420073
vn 0.63184022 0.03729832 0.77420073
vn 0.63184022 0.03729832 0.77420073
vn 0.61093792 0.13661695 0.77980169
vn 0.61093792 0.13661695 0.77980169
vn 0.61093792 0.13661695 0.77980169
vn 0.58599585 -0.00467477 0.81030057
vn 0.58599585 -0.00467477 0.81030057
vn 0.58599585 -0.00467477 0.81030057
vn 0.71787501 0.04778439 0.69453014
vn 0.71787501 0.04778439 0.69453014
vn 0.71787501 0.04778439 0.69453014
vn 0.70072474 0.13403952 0.70072694
vn 0.70072474 0.13403952 0.70072694
vn 0.70072474 0.13403952 0.70072694
vn 0.67665276 -0.01084301 0.73622244
vn 0.67665276 -0.01084301 0.73622244
vn 0.67665276 -0.01084301 0.73622244
vn 0.79366797 0.05933143 0.60545101
vn 0.79366797 0.05933143 0.60545101
vn 0.79366797 0.05933143 0.60545101
vn 0.78045225 0.13049744 0.61144477
vn 0.78045225 0.13049744 0.61144477
vn 0.78045225 0.13049744 0.61144477
vn 0.75790825 -0.01365972 0.65221814
vn 0.75790825 -0.01365972 0.65221814
vn 0.75790825 -0.01365972 0.65221814
vn 0.85891724 0.06973801 0.50734385
vn 0.85891724 0.06973801 0.50734385
vn 0.85891724 0.06973801 0.50734385
vn 0.84881205 0.12736333 0.51312444
vn 0.84881205 0.12736333 0.51312444
vn 0.84881205 0.12736333 0.51312444
vn 0.82951885 -0.01829513 0.55817897
vn 0.82951885 -0.01829513 0.55817897
vn 0.82951885 -0.01829513 0.55817897
vn 0.91262989 0.07426686 0.40198398
vn 0.91262989 0.07426686 0.40198398
vn 0.91262989 0.07426686 0.40198398
vn 0.90510857 0.12181851 0.40735577
vn 0.90510857 0.12181851 0.40735577
vn 0.90510857 0.12181851 0.40735577
vn 0.88916119 -0.01925311 0.45718890
vn 0.88916119 -0.01925311 0.45718890
vn 0.88916119 -0.01925311 0.45718890
vn 0.93733110 -0.01985122 0.34787402
vn 0.93733110 -0.01985122 0.34787402
vn 0.93733110 -0.01985122 0.34787402
vn 0.94781631 0.12863634 0.29171380
vn 0.94781631 0.12863634 0.29171380
vn 0.94781631 0.12863634 0.29171380
vn 0.95034547 0.11274214 0.29005637
vn 0.95034547 0.11274214 0.29005637
vn 0.95034547 0.11274214 0.29005637
vn 0.97134989 -0.03717042 0.23472910
vn 0.97134989 -0.03717042 0.23472910
vn 0.97134989 -0.03717042 0.23472910
vn 0.98335706 0.05882448 0.17189700
vn 0.98335706 0.05882448 0.17189700
vn 0.98335706 0.05882448 0.17189700
vn 0.97678386 0.11636670 0.17986686
vn 0.97678386 0.11636670 0.17986686
vn 0.97678386 0.11636670 0.17986686
vn 0.99195600 -0.02069224 0.12488044
vn 0.99195600 -0.02069224 0.12488044
vn 0.99195600 -0.02069224 0.12488044
vn 0.99367220 0.09488443 0.06010411
vn 0.99367220 0.09488443 0.06010411
vn 0.99367220 0.09488443 0.06010411
vn 0.98677600 0.14744234 0.06733405
vn 0.98677600 0.14744234 0.06733405
vn 0.98677600 0.14744234 0.06733405
vn 0.99980360 -0.01597250 0.01173225
vn 0.99980360 -0.01597250 0.01173225
vn 0.99980360 -0.01597250 0.01173225
vn 0.99740397 0.05544044 -0.04595304
vn 0.99740397 0.05544044 -0.04595304
vn 0.99740397 0.05544044 -0.04595304
vn 0.98935124 0.13267619 -0.05984276
vn 0.98935124 0.13267619 -0.05984276
vn 0.98935124 0.13267619 -0.05984276
vn 0.99454585 -0.01022884 -0.10379748
vn 0.99454585 -0.01022884 -0.10379748
vn 0.99454585 -0.01022884 -0.10379748
vn 0.98635289 0.03805086 -0.16018770
vn 0.98635289 0.03805086 -0.16018770
vn 0.98635289 0.03805086 -0.16018770
vn 0.97429358 0.13737937 -0.17854673
vn 0.97429358 0.13737937 -0.17854673
vn 0.97429358 0.13737937 -0.17854673
vn 0.97626423 -0.00166987 -0.21657646
vn 0.97626423 -0.00166987 -0.21657646
vn 0.97626423 -0.00166987 -0.21657646
vn 0.96170917 0.02328569 -0.27308104
vn 0.96170917 0.02328569 -0.27308104
vn 0.96170917 0.02328569 -0.27308104
vn 0.94534112 0.13982886 -0.29458115
vn 0.94534112 0.13982886 -0.29458115
vn 0.94534112 0.13982886 -0.29458115
vn 0.94453532 0.00764619 -0.32832083
vn 0.94453532 0.00764619 -0.32832083
vn 0.94453532 0.00764619 -0.32832083
vn 0.90024871 0.01830673 -0.43499096
vn 0.90024871 0.01830673 -0.43499096
vn 0.90024871 0.01830673 -0.43499096
vn 0.90297643 0.13955752 -0.40639546
vn 0.90297643 0.13955752 -0.40639546
vn 0.90297643 0.13955752 -0.40639546
vn 0.92407787 0.00988331 -0.38207646
vn 0.92407787 0.00988331 -0.38207646
vn 0.92407787 0.00988331 -0.38207646
vn 0.84346065 0.02964670 -0.53637227
vn 0.84346065 0.02964670 -0.53637227
vn 0.84346065 0.02964670 -0.53637227
vn 0.84757000 0.13819261 -0.51237476
vn 0.84757000 0.13819261 -0.51237476
vn 0.84757000 0.13819261 -0.51237476
vn 0.87363807 0.00040858 -0.48657615
vn 0.87363807 0.00040858 -0.48657615
vn 0.87363807 0.00040858 -0.48657615
vn 0.77496167 0.04148302 -0.63064536
vn 0.77496167 0.04148302 -0.63064536
vn 0.77496167 0.04148302 -0.63064536
vn 0.77990912 0.13563821 -0.61101885
vn 0.77990912 0.13563821 -0.61101885
vn 0.77990912 0.13563821 -0.61101885
vn 0.81111797 -0.00683329 -0.58484267
vn 0.81111797 -0.00683329 -0.58484267
vn 0.81111797 -0.00683329 -0.58484267
vn 0.69538390 0.05229518 -0.71673318
vn 0.69538390 0.05229518 -0.71673318
vn 0.69538390 0.05229518 -0.71673318
vn 0.70085237 0.13270678 -0.70085296
vn 0.70085237 0.13270678 -0.70085296
vn 0.70085237 0.13270678 -0.70085296
vn 0.73716735 -0.01262336 -0.67559230
vn 0.73716735 -0.01262336 -0.67559230
vn 0.73716735 -0.01262336 -0.67559230
vn 0.65327190 -0.01506060 -0.75697358
vn 0.65327190 -0.01506060 -0.75697358
vn 0.65327190 -0.01506060 -0.75697358
vn 0.61158422 0.12876459 -0.78063078
vn 0.61158422 0.12876459 -0.78063078
vn 0.61158422 0.12876459 -0.78063078
vn 0.60639982 0.06441065 -0.79254686
vn 0.60639982 0.06441065 -0.79254686
vn 0.60639982 0.06441065 -0.79254686
vn 0.50836117 0.07486722 -0.85788334
vn 0.50836117 0.07486722 -0.85788334
vn 0.50836117 0.07486722 -0.85788334
vn 0.51325314 0.12541789 -0.84902389
vn 0.51325314 0.12541789 -0.84902389
vn 0.51325314 0.12541789 -0.84902389
vn 0.55935057 -0.01950192 -0.82870177
vn 0.55935057 -0.01950192 -0.82870177
vn 0.55935057 -0.01950192 -0.82870177
vn 0.40312877 0.07966233 -0.91166941
vn 0.40312877 0.07966233 -0.91166941
vn 0.40312877 0.07966233 -0.91166941
vn 0.40747937 0.11935449 -0.90538117
vn 0.40747937 0.11935449 -0.90538117
vn 0.40747937 0.11935449 -0.90538117
vn 0.45847174 -0.01996697 -0.88848465
vn 0.45847174 -0.01996697 -0.88848465
vn 0.45847174 -0.01996697 -0.88848465
vn 0.34918584 -0.02051885 -0.93682881
vn 0.34918584 -0.02051885 -0.93682881
vn 0.34918584 -0.02051885 -0.93682881
vn 0.29545376 0.11716653 -0.94814507
vn 0.29545376 0.11716653 -0.94814507
vn 0.29545376 0.11716653 -0.94814507
vn 0.29272395 0.09508993 -0.95145709
vn 0.29272395 0.09508993 -0.95145709
vn 0.29272395 0.09508993 -0.95145709
vn 0.23777260 -0.02171167 -0.97107816
vn 0.23777260 -0.02171167 -0.97107816
vn 0.23777260 -0.02171167 -0.97107816
vn 0.17920049 0.10800222 -0.97786640
vn 0.17924165 0.10831288 -0.97782450
vn 0.17965862 0.11146638 -0.97739349
vn 0.17992993 0.11352530 -0.97710656
vn 0.12348610 -0.02107546 -0.99212248
vn 0.12348610 -0.02107546 -0.99212248
vn 0.12348610 -0.02107546 -0.99212248
vn 0.06008521 0.09839353 -0.99333201
vn 0.06008521 0.09839353 -0.99333201
vn 0.06008521 0.09839353 -0.99333201
vn 0.06605107 0.14105322 -0.98779616
vn 0.06605107 0.14105322 -0.98779616
vn 0.06605107 0.14105322 -0.98779616
vn 0.01036788 -0.01714125 -0.99979932
vn 0.01036788 -0.01714125 -0.99979932
vn 0.01036788 -0.01714125 -0.99979932
vn -0.04734401 0.06018408 -0.99706390
vn -0.04734401 0.06018408 -0.99706390
vn -0.04734401 0.06018408 -0.99706390
vn -0.05985683 0.13114024 -0.98955515
vn -0.05985683 0.13114024 -0.98955515
vn -0.05985683 0.13114024 -0.98955515
vn -0.10516680 -0.01178645 -0.99438475
vn -0.10516680 -0.01178645 -0.99438475
vn -0.10516680 -0.01178645 -0.99438475
vn -0.16151685 0.04206834 -0.98597290
vn -0.16151685 0.04206834 -0.98597290
vn -0.16151685 0.04206834 -0.98597290
vn -0.17856724 0.13652098 -0.97441047
vn -0.17856724 0.13652098 -0.97441047
vn -0.17856724 0.13652098 -0.97441047
vn -0.21794597 -0.00395751 -0.97595281
vn -0.21794597 -0.00395751 -0.97595281
vn -0.21794597 -0.00395751 -0.97595281
vn -0.27441077 0.02692884 -0.96123544
vn -0.27441077 0.02692884 -0.96123544
vn -0.27441077 0.02692884 -0.96123544
vn -0.29459875 0.13938651 -0.94540096
vn -0.29459875 0.13938651 -0.94540096
vn -0.29459875 0.13938651 -0.94540096
vn -0.32964008 0.00490904 -0.94409392
vn -0.32964008 0.00490904 -0.94409392
vn -0.32964008 0.00490904 -0.94409392
vn -0.43627607 0.01499326 -0.89968794
vn -0.43627607 0.01499326 -0.89968794
vn -0.43627607 0.01499326 -0.89968794
vn -0.40639134 0.13965314 -0.90296350
vn -0.40639134 0.13965314 -0.90296350
vn -0.40639134 0.13965314 -0.90296350
vn -0.38335066 0.01291435 -0.92351258
vn -0.38335066 0.01291435 -0.92351258
vn -0.38335066 0.01291435 -0.92351258
vn -0.53761204 0.02588899 -0.84279479
vn -0.53761204 0.02588899 -0.84279479
vn -0.53761204 0.02588899 -0.84279479
vn -0.51233277 0.13876868 -0.84750126
vn -0.51233277 0.13876868 -0.84750126
vn -0.51233277 0.13876868 -0.84750126
vn -0.48779818 0.00300840 -0.87295125
vn -0.48779818 0.00300840 -0.87295125
vn -0.48779818 0.00300840 -0.87295125
vn -0.63184261 0.03728131 -0.77419960
vn -0.63184261 0.03728131 -0.77419960
vn -0.63184261 0.03728131 -0.77419960
vn -0.61093523 0.13662546 -0.77980230
vn -0.61093523 0.13662546 -0.77980230
vn -0.61093523 0.13662546 -0.77980230
vn -0.58599547 -0.00465784 -0.81030094
vn -0.58599547 -0.00465784 -0.81030094
vn -0.58599547 -0.00465784 -0.81030094
vn -0.71787580 0.04777932 -0.69452968
vn -0.71787580 0.04777932 -0.69452968
vn -0.71787580 0.04777932 -0.69452968
vn -0.70072621 0.13403306 -0.70072671
vn -0.70072621 0.13403306 -0.70072671
vn -0.70072621 0.13403306 -0.70072671
vn -0.67665242 -0.01085519 -0.73622257
vn -0.67665242 -0.01085519 -0.73622257
vn -0.67665242 -0.01085519 -0.73622257
vn -0.79366711 0.05933261 -0.60545203
vn -0.79366711 0.05933261 -0.60545203
vn -0.79366711 0.05933261 -0.60545203
vn -0.78045332 0.13048931 -0.61144514
vn -0.78045332 0.13048931 -0.61144514
vn -0.78045332 0.13048931 -0.61144514
vn -0.75790891 -0.01366607 -0.65221724
vn -0.75790891 -0.01366607 -0.65221724
vn -0.75790891 -0.01366607 -0.65221724
vn -0.85891648 0.06973722 -0.50734524
vn -0.85891648 0.06973722 -0.50734524
vn -0.85891648 0.06973722 -0.50734524
vn -0.84881203 0.12735908 -0.51312553
vn -0.84881203 0.12735908 -0.51312553
vn -0.84881203 0.12735908 -0.51312553
vn -0.82951883 -0.01829569 -0.55817898
vn -0.82951883 -0.01829569 -0.55817898
vn -0.82951883 -0.01829569 -0.55817898
vn -0.91263096 0.07426307 -0.40198225
vn -0.91263096 0.07426307 -0.40198225
vn -0.91263096 0.07426307 -0.40198225
vn -0.90510832 0.12182329 -0.40735491
vn -0.90510832 0.12182329 -0.40735491
vn -0.90510832 0.12182329 -0.40735491
vn -0.88915913 -0.01925833 -0.45719269
vn -0.88915913 -0.01925833 -0.45719269
vn -0.88915913 -0.01925833 -0.45719269
vn -0.93733109 -0.01985186 -0.34787401
vn -0.93733109 -0.01985186 -0.34787401
vn -0.93733109 -0.01985186 -0.34787401
vn -0.94781651 0.12862440 -0.29171842
vn -0.94781651 0.12862440 -0.29171842
vn -0.94781651 0.12862440 -0.29171842
vn -0.95034773 0.11271851 -0.29005816
vn -0.95034773 0.11271851 -0.29005816
vn -0.95034773 0.11271851 -0.29005816
vn -0.97135211 -0.03712280 -0.23472745
vn -0.97135211 -0.03712280 -0.23472745
vn -0.97135211 -0.03712280 -0.23472745
vn -0.98336257 0.05875925 -0.17188779
vn -0.98336257 0.05875925 -0.17188779
vn -0.98336257 0.05875925 -0.17188779
vn -0.97678668 0.11634690 -0.17986436
vn -0.97678668 0.11634690 -0.17986436
vn -0.97678668 0.11634690 -0.17986436
vn -0.99195587 -0.02069827 -0.12488047
vn -0.99195587 -0.02069827 -0.12488047
vn -0.99195587 -0.02069827 -0.12488047
vn -0.99367250 0.09488125 -0.06010414
vn -0.99367250 0.09488125 -0.06010414
vn -0.99367250 0.09488125 -0.06010414
vn -0.98677686 0.14743673 -0.06733380
vn -0.98677686 0.14743673 -0.06733380
vn -0.98677686 0.14743673 -0.06733380
vn -0.99980358 -0.01597359 -0.01173235
vn -0.99980358 -0.01597359 -0.01173235
vn -0.99980358 -0.01597359 -0.01173235
vn -0.99740391 0.05544129 0.04595328
vn -0.99740391 0.05544129 0.04595328
vn -0.99740391 0.05544129 0.04595328
vn -0.98935130 0.13267571 0.05984274
vn -0.98935130 0.13267571 0.05984274
vn -0.98935130 0.13267571 0.05984274
vn -0.99265705 -0.04226014 0.11334045
vn -0.99265705 -0.04226014 0.11334045
vn -0.99265705 -0.04226014 0.11334045
vn -0.97247645 0.15009809 0.17821368
vn -0.97247645 0.15009809 0.17821368
vn -0.97247645 0.15009809 0.17821368
vn -0.97840275 -0.00602772 0.20661976
vn -0.97840275 -0.00602772 0.20661976
vn -0.97840275 -0.00602772 0.20661976
vn -0.96170921 0.02328505 0.27308096
vn -0.96170921 0.02328505 0.27308096
vn -0.96170921 0.02328505 0.27308096
vn -0.94534120 0.13982844 0.29458110
vn -0.94534120 0.13982844 0.29458110
vn -0.94534120 0.13982844 0.29458110
vn -0.94453504 0.00764173 0.32832173
vn -0.94453504 0.00764173 0.32832173
vn -0.94453504 0.00764173 0.32832173
vn -0.90024863 0.01831136 0.43499091
vn -0.90024863 0.01831136 0.43499091
vn -0.90024863 0.01831136 0.43499091
vn -0.90297601 0.13955878 0.40639595
vn -0.90297601 0.13955878 0.40639595
vn -0.90297601 0.13955878 0.40639595
vn -0.92407825 0.00987815 0.38207567
vn -0.92407825 0.00987815 0.38207567
vn -0.92407825 0.00987815 0.38207567
vn -0.84346411 0.02966654 0.53636573
vn -0.84346411 0.02966654 0.53636573
vn -0.84346411 0.02966654 0.53636573
vn -0.84757176 0.13818237 0.51237461
vn -0.84757176 0.13818237 0.51237461
vn -0.84757176 0.13818237 0.51237461
vn -0.87363673 0.00041300 0.48657855
vn -0.87363673 0.00041300 0.48657855
vn -0.87363673 0.00041300 0.48657855
vn -0.77496049 0.04146919 0.63064772
vn -0.77496049 0.04146919 0.63064772
vn -0.77496049 0.04146919 0.63064772
vn -0.77990918 0.13563608 0.61101925
vn -0.77990918 0.13563608 0.61101925
vn -0.77990918 0.13563608 0.61101925
vn -0.81111639 -0.00682660 0.58484494
vn -0.81111639 -0.00682660 0.58484494
vn -0.81111639 -0.00682660 0.58484494
vn -0.69538519 0.05231250 0.71673066
vn -0.69538519 0.05231250 0.71673066
vn -0.69538519 0.05231250 0.71673066
vn -0.70085191 0.13270360 0.70085402
vn -0.70085191 0.13270360 0.70085402
vn -0.70085191 0.13270360 0.70085402
vn -0.73716702 -0.01262885 0.67559256
vn -0.73716702 -0.01262885 0.67559256
vn -0.73716702 -0.01262885 0.67559256
vn -0.65326920 -0.01504592 0.75697620
vn -0.65326920 -0.01504592 0.75697620
vn -0.65326920 -0.01504592 0.75697620
vn -0.61158664 0.12876026 0.78062961
vn -0.61158664 0.12876026 0.78062961
vn -0.61158664 0.12876026 0.78062961
vn -0.60640310 0.06441627 0.79254390
vn -0.60640310 0.06441627 0.79254390
vn -0.60640310 0.06441627 0.79254390
vn -0.50836359 0.07486949 0.85788170
vn -0.50836359 0.07486949 0.85788170
vn -0.50836359 0.07486949 0.85788170
vn -0.51325414 0.12540364 0.84902539
vn -0.51325414 0.12540364 0.84902539
vn -0.51325414 0.12540364 0.84902539
vn -0.55934860 -0.01951022 0.82870290
vn -0.55934860 -0.01951022 0.82870290
vn -0.55934860 -0.01951022 0.82870290
vn -0.40312324 0.07964031 0.91167378
vn -0.40312324 0.07964031 0.91167378
vn -0.40312324 0.07964031 0.91167378
vn -0.40747694 0.11935950 0.90538161
vn -0.40747694 0.11935950 0.90538161
vn -0.40747694 0.11935950 0.90538161
vn -0.45847272 -0.01996837 0.88848412
vn -0.45847272 -0.01996837 0.88848412
vn -0.45847272 -0.01996837 0.88848412
vn -0.34918657 -0.02052103 0.93682850
vn -0.34918657 -0.02052103 0.93682850
vn -0.34918657 -0.02052103 0.93682850
vn -0.29545492 0.11716385 0.94814504
vn -0.29545492 0.11716385 0.94814504
vn -0.29545492 0.11716385 0.94814504
vn -0.29272271 0.09506858 0.95145960
vn -0.29272271 0.09506858 0.95145960
vn -0.29272271 0.09506858 0.95145960
vn -0.23777796 -0.02171008 0.97107688
vn -0.23777796 -0.02171008 0.97107688
vn -0.23777796 -0.02171008 0.97107688
vn -0.17920083 0.10801485 0.97786495
vn -0.17924183 0.10832424 0.97782321
vn -0.17965709 0.11146485 0.97739394
vn -0.17992731 0.11351538 0.97710819
vn -0.12348605 -0.02107922 0.99212240
vn -0.12348605 -0.02107922 0.99212240
vn -0.12348605 -0.02107922 0.99212240
vn -0.06008315 0.09838856 0.99333263
vn -0.06008315 0.09838856 0.99333263
vn -0.06008315 0.09838856 0.99333263
vn -0.06604979 0.14105407 0.98779612
vn -0.06604979 0.14105407 0.98779612
vn -0.06604979 0.14105407 0.98779612
vn -0.01037109 -0.01712727 0.99979953
vn -0.01037109 -0.01712727 0.99979953
vn -0.01037109 -0.01712727 0.99979953
vn 0.03779484 -0.98484987 0.16924029
vn 0.03779484 -0.98484987 0.16924029
vn 0.03779484 -0.98484987 0.16924029
vn 0.00009160 -0.99999960 0.00088689
vn 0.00007376 -0.99999895 0.00144728
vn 0.00011552 -0.99999936 0.00112413
vn 0.00026790 -0.99999859 0.00165779
vn 0.00574901 -0.99899587 0.04443194
vn 0.00574901 -0.99899587 0.04443194
vn 0.00574901 -0.99899587 0.04443194
vn 0.00027719 -0.99999853 0.00169021
vn 0.02525757 -0.99656013 0.07893014
vn 0.02525757 -0.99656013 0.07893014
vn 0.02525757 -0.99656013 0.07893014
vn 0.00032169 -0.99999931 0.00112576
vn 0.00054228 -0.99999864 0.00156067
vn 0.00033155 -0.99999929 0.00114543
vn 0.00034679 -0.99999952 0.00091414
vn 0.00067092 -0.99999848 0.00161008
vn 0.00829290 -0.99993947 0.00723087
vn 0.00723738 -0.99995008 0.00688942
vn 0.00705759 -0.99995178 0.00682781
vn -0.00085095 -0.99999922 -0.00091753
vn -0.00100173 -0.99999876 -0.00121558
vn -0.00103206 -0.99999897 -0.00100153
vn -0.02744770 -0.99921612 -0.02852671
vn -0.02744770 -0.99921612 -0.02852671
vn -0.02744770 -0.99921612 -0.02852671
vn 0.04620890 -0.99713464 0.05989371
vn 0.04620890 -0.99713464 0.05989371
vn 0.04620890 -0.99713464 0.05989371
vn 0.00059138 -0.99999949 0.00081734
vn 0.00080477 -0.99999918 0.00099208
vn 0.00060621 -0.99999947 0.00082955
vn 0.00203309 -0.99999539 0.00225626
vn 0.00202686 -0.99999542 0.00224861
vn 0.00170181 -0.99999683 0.00185480
vn 0.00070652 -0.99999939 0.00085163
vn 0.03084831 -0.99952404 -0.00026495
vn 0.03084831 -0.99952404 -0.00026495
vn 0.03084831 -0.99952404 -0.00026495
vn 0.13007518 -0.99141119 -0.01357544
vn 0.13007518 -0.99141119 -0.01357544
vn 0.13007518 -0.99141119 -0.01357544
vn 0.00080897 -0.99999952 -0.00055152
vn 0.00148724 -0.99999845 -0.00094333
vn 0.00134654 -0.99999862 -0.00097493
vn 0.00100915 -0.99999837 -0.00149718
vn 0.00057758 -0.99999922 -0.00110736
vn 0.00052362 -0.99999948 -0.00087724
vn 0.00052531 -0.99999946 -0.00089663
vn -0.00104948 -0.99999893 -0.00101562
vn -0.00056108 -0.99999966 -0.00060779
vn -0.00321373 -0.99647133 0.08387223
vn -0.00321373 -0.99647133 0.08387223
vn -0.00321373 -0.99647133 0.08387223
vn 0.00046480 -0.99999943 0.00095853
vn 0.00064191 -0.99999913 0.00115566
vn 0.00043120 -0.99999952 0.00088023
vn 0.09693854 -0.98362039 0.15196663
vn 0.09693854 -0.98362039 0.15196663
vn 0.09693854 -0.98362039 0.15196663
vn 0.02237411 -0.99881421 0.04323857
vn 0.02237411 -0.99881421 0.04323857
vn 0.02237411 -0.99881421 0.04323857
vn 0.00065680 -0.99999909 0.00117485
vn 0.11696568 -0.98955071 0.08431149
vn 0.11696568 -0.98955071 0.08431149
vn 0.11696568 -0.98955071 0.08431149
vn 0.11771488 -0.99061020 0.06953149
vn 0.11771488 -0.99061020 0.06953149
vn 0.11771488 -0.99061020 0.06953149
vn 0.02627903 -0.99958317 0.01195396
vn 0.02627903 -0.99958317 0.01195396
vn 0.02627903 -0.99958317 0.01195396
vn 0.00167083 -0.99999824 0.00085898
vn 0.00164951 -0.99999828 0.00084679
vn 0.00090686 -0.99999950 0.00042112
vn 0.00143175 -0.99999878 0.00062298
vn 0.00123352 -0.99999913 0.00046568
vn 0.00085655 -0.99999959 0.00030237
vn 0.00149104 -0.99999879 0.00045003
vn 0.00184113 -0.99999830 -0.00008477
vn 0.00098816 -0.99999951 0.00000943
vn 0.00181219 -0.99999835 -0.00008135
vn 0.00129291 -0.99999916 0.00001333
vn 0.00154615 -0.99999880 0.00009724
vn 0.00096775 -0.99999948 -0.00033119
vn 0.00124539 -0.99999916 -0.00035350
vn 0.00122106 -0.99999919 -0.00035154
vn 0.06033877 -0.99799269 -0.01923080
vn 0.06033877 -0.99799269 -0.01923080
vn 0.06033877 -0.99799269 -0.01923080
vn 0.21900473 -0.97451346 -0.04858434
vn 0.21900473 -0.97451346 -0.04858434
vn 0.21900473 -0.97451346 -0.04858434
vn 0.11015569 -0.99375854 -0.01759806
vn 0.11015569 -0.99375854 -0.01759806
vn 0.11015569 -0.99375854 -0.01759806
vn 0.10046246 -0.99480707 -0.01631541
vn 0.10046246 -0.99480707 -0.01631541
vn 0.10046246 -0.99480707 -0.01631541
vn 0.00096635 -0.99999948 -0.00033823
vn 0.00164796 -0.99999841 -0.00067975
vn 0.00081421 -0.99999960 -0.00037603
vn 0.00116052 -0.99999917 -0.00056483
vn 0.00087979 -0.99999950 -0.00048499
vn 0.00091677 -0.99999945 -0.00051189
vn 0.00127787 -0.99999850 -0.00116752
vn 0.00087440 -0.99999936 -0.00071785
vn 0.00092986 -0.99999929 -0.00075110
vn 0.00119808 -0.99999852 -0.00123783
vn 0.00070105 -0.99999952 -0.00068078
vn 0.00100962 -0.99999863 -0.00131327
vn 0.00073956 -0.99999937 -0.00084890
vn 0.01290256 -0.99958385 -0.02580010
vn 0.00932166 -0.99956726 -0.02789983
vn 0.01290256 -0.99958385 -0.02580010
vn 0.04773347 -0.99061667 -0.12806297
vn 0.04773347 -0.99061667 -0.12806297
vn 0.04773347 -0.99061667 -0.12806297
vn 0.04138688 -0.99004608 -0.13452098
vn 0.04138688 -0.99004608 -0.13452098
vn 0.04138688 -0.99004608 -0.13452098
vn 0.00590480 -0.99953537 -0.02990282
vn 0.00590480 -0.99953537 -0.02990282
vn -0.00014611 -0.99999949 -0.00099572
vn -0.00018938 -0.99999837 -0.00179555
vn -0.00026121 -0.99999897 -0.00141213
vn -0.00046975 -0.99999950 -0.00088024
vn -0.00079324 -0.99999834 -0.00163775
vn -0.00074568 -0.99999886 -0.00131590
vn -0.00027697 -0.99999934 0.00111660
vn -0.00049705 -0.99999855 0.00162839
vn -0.00031192 -0.99999855 0.00167647
vn 0.00033102 -0.99998942 0.00458876
vn 0.00033411 -0.99998924 0.00462601
vn -0.00016469 -0.99987344 0.01590838
vn -0.00016469 -0.99987344 0.01590838
vn -0.00016469 -0.99987344 0.01590838
vn -0.00069670 -0.99994542 0.01042428
vn -0.00069670 -0.99994542 0.01042428
vn -0.00069670 -0.99994542 0.01042428
vn 0.00652885 -0.99996904 0.00439305
vn 0.00652885 -0.99996904 0.00439305
vn 0.00652885 -0.99996904 0.00439305
vn 0.01348840 -0.99985595 0.01030218
vn 0.01368551 -0.99985185 0.01043981
vn 0.00635487 -0.99996562 0.00532630
vn 0.03779176 -0.99920143 0.01297220
vn 0.03779176 -0.99920143 0.01297220
vn 0.03779176 -0.99920143 0.01297220
vn 0.00151646 -0.99999875 0.00045597
vn 0.09669620 -0.99516523 0.01720523
vn 0.09669620 -0.99516523 0.01720523
vn 0.09669620 -0.99516523 0.01720523
vn 0.11578548 -0.99304539 0.02132094
vn 0.11578548 -0.99304539 0.02132094
vn 0.11578548 -0.99304539 0.02132094
vn 0.15540084 -0.98713718 0.03756009
vn 0.15540084 -0.98713718 0.03756009
vn 0.15540084 -0.98713718 0.03756009
vn 0.00157710 -0.99999875 0.00010764
vn 0.05033682 -0.99873070 0.00178726
vn 0.05033682 -0.99873070 0.00178726
vn 0.05033682 -0.99873070 0.00178726
vn 0.17958141 -0.98348329 0.02260807
vn 0.17958141 -0.98348329 0.02260807
vn 0.17958141 -0.98348329 0.02260807
vn 0.00077322 -0.99999818 -0.00174530
vn 0.00078288 -0.99999813 -0.00176968
vn 0.00040460 -0.99999959 -0.00081312
vn 0.00044774 -0.99999823 -0.00182724
vn 0.00044045 -0.99999828 -0.00180260
vn 0.00019971 -0.99999949 -0.00099204
vn 0.00023766 -0.99999896 -0.00142032
vn 0.00020095 -0.99999898 -0.00141293
vn 0.00009146 -0.99999961 -0.00087800
vn 0.00009546 -0.99999898 -0.00142559
vn -0.00006284 -0.99999948 -0.00101655
vn -0.00000040 -0.99999896 -0.00144456
vn -0.00099747 -0.99999937 -0.00051909
vn -0.00147734 -0.99999853 -0.00087007
vn -0.00152370 -0.99999861 -0.00067540
vn -0.00101375 -0.99999943 -0.00032098
vn -0.00168200 -0.99999839 -0.00062316
vn 0.00274424 -0.99999538 -0.00130547
vn -0.09299164 -0.99390971 0.05912742
vn -0.09316278 -0.99388678 0.05924323
vn -0.09083955 -0.99419425 0.05767123
vn -0.00076381 -0.99999948 0.00067944
vn -0.00143960 -0.99999828 0.00117360
vn -0.00103310 -0.99999897 0.00099558
vn -0.00118743 -0.99999835 0.00137596
vn -0.00151540 -0.99999766 0.00154669
vn -0.00062130 -0.99999950 0.00078211
vn -0.00446367 -0.99998483 0.00322809
vn -0.02160549 -0.98458146 0.17358733
vn -0.02160549 -0.98458146 0.17358733
vn -0.02160549 -0.98458146 0.17358733
vn -0.00969000 -0.99896684 0.04440004
vn -0.00969000 -0.99896684 0.04440004
vn -0.00969000 -0.99896684 0.04440004
vn -0.00031427 -0.99999849 0.00170849
vn -0.00027179 -0.99999933 0.00112637
vn 0.00057472 -0.99999952 -0.00079206
vn 0.00077299 -0.99999929 -0.00090158
vn -0.00002441 -0.99999897 -0.00143283
vn 0.00000886 -0.99999976 -0.00069586
vn -0.00042028 -0.99999936 -0.00105087
vn -0.00039947 -0.99999931 -0.00110248
vn -0.00037848 -0.99999953 -0.00089472
vn -0.03569877 -0.99756324 -0.05994318
vn -0.03569877 -0.99756324 -0.05994318
vn -0.03569877 -0.99756324 -0.05994318
vn -0.00072230 -0.99999910 -0.00113279
vn -0.00072606 -0.99999907 -0.00115845
vn -0.00101755 -0.99999870 -0.00124716
vn -0.03439243 -0.99862475 -0.03956985
vn -0.03439243 -0.99862475 -0.03956985
vn -0.03439243 -0.99862475 -0.03956985
vn -0.10784363 -0.98292002 -0.14912407
vn -0.10784363 -0.98292002 -0.14912407
vn -0.10784363 -0.98292002 -0.14912407
vn -0.00091062 -0.99999952 -0.00037501
vn -0.00106937 -0.99999928 -0.00054507
vn -0.07558009 -0.99709434 -0.00951501
vn -0.07558009 -0.99709434 -0.00951501
vn -0.07558009 -0.99709434 -0.00951501
vn -0.11848705 -0.99282180 -0.01629984
vn -0.11848705 -0.99282180 -0.01629984
vn -0.11848705 -0.99282180 -0.01629984
vn -0.08681614 -0.99617719 0.00969393
vn -0.08681614 -0.99617719 0.00969393
vn -0.08681614 -0.99617719 0.00969393
vn -0.08609076 -0.99566538 0.03519716
vn -0.08748613 -0.99536292 0.03998549
vn -0.08609076 -0.99566538 0.03519716
vn -0.09781975 -0.99438195 0.04044540
vn -0.09781975 -0.99438195 0.04044540
vn -0.09781975 -0.99438195 0.04044540
vn -0.09081767 -0.99419711 0.05765642
vn -0.19933184 -0.97362286 0.11101958
vn -0.19933184 -0.97362286 0.11101958
vn -0.19933184 -0.97362286 0.11101958
vn -0.08856864 -0.99511079 0.04370472
vn -0.08856864 -0.99511079 0.04370472
vn -0.11456319 -0.99187247 0.05535596
vn -0.11456319 -0.99187247 0.05535596
vn -0.11456319 -0.99187247 0.05535596
vn -0.00069991 -0.99999948 0.00074329
vn -0.00103111 -0.99999896 0.00101103
vn -0.00499708 -0.99998128 0.00353156
vn -0.04226331 -0.99714246 0.06261574
vn -0.04226331 -0.99714246 0.06261574
vn -0.04226331 -0.99714246 0.06261574
vn -0.00049764 -0.99999835 -0.00174499
vn -0.00023634 -0.99999948 -0.00099184
vn -0.00028351 -0.99999896 -0.00141084
vn -0.00029540 -0.99999957 -0.00087893
vn -0.01672960 -0.99981638 -0.00934508
vn -0.01672960 -0.99981638 -0.00934508
vn -0.01672960 -0.99981638 -0.00934508
vn -0.08910076 -0.99370065 -0.06797106
vn -0.08910076 -0.99370065 -0.06797106
vn -0.08910076 -0.99370065 -0.06797106
vn -0.12413319 -0.98649877 -0.10682284
vn -0.12413319 -0.98649877 -0.10682284
vn -0.12413319 -0.98649877 -0.10682284
vn -0.00082534 -0.99999952 -0.00052119
vn -0.00146812 -0.99999843 -0.00098738
vn -0.00148184 -0.99999840 -0.00099730
vn 0.01057965 -0.99993612 -0.00397750
vn 0.01057965 -0.99993612 -0.00397750
vn 0.01057965 -0.99993612 -0.00397750
vn -0.13643607 -0.99013218 0.03199173
vn -0.13643607 -0.99013218 0.03199173
vn -0.13643607 -0.99013218 0.03199173
vn -0.00947117 -0.99995268 0.00221958
vn -0.01105250 -0.99993412 0.00309738
vn -0.00960092 -0.99995128 0.00229161
vn -0.17149561 -0.98337970 0.05961227
vn -0.17149561 -0.98337970 0.05961227
vn -0.17149561 -0.98337970 0.05961227
vn -0.05408616 -0.99843938 0.01391022
vn -0.05408616 -0.99843938 0.01391022
vn -0.05408616 -0.99843938 0.01391022
vn -0.01120426 -0.99993217 0.00318163
vn -0.00146133 -0.99999822 0.00118951
vn -0.02022718 -0.99963480 0.01791988
vn -0.02022718 -0.99963480 0.01791988
vn -0.02022718 -0.99963480 0.01791988
vn -0.09961676 -0.99242999 0.07182765
vn -0.09961676 -0.99242999 0.07182765
vn -0.09961676 -0.99242999 0.07182765
vn -0.14691566 -0.98877901 -0.02705289
vn -0.14691566 -0.98877901 -0.02705289
vn -0.14691566 -0.98877901 -0.02705289
vn -0.05961611 -0.99811731 -0.01441352
vn -0.05961611 -0.99811731 -0.01441352
vn -0.05961611 -0.99811731 -0.01441352
vn 0.00352405 -0.99999271 -0.00146736
vn -0.00082052 -0.99999949 -0.00058125
vn -0.03742556 -0.99929896 0.00095994
vn -0.03742556 -0.99929896 0.00095994
vn -0.03742556 -0.99929896 0.00095994
vn -0.15217761 -0.98829861 -0.01038398
vn -0.15217761 -0.98829861 -0.01038398
vn -0.15217761 -0.98829861 -0.01038398
vn -0.00124291 -0.99999923 0.00005639
vn -0.00127229 -0.99999919 0.00005868
vn -0.00107052 -0.99999943 0.00004021
vn -0.00179393 -0.99999839 -0.00001896
vn -0.00182345 -0.99999834 -0.00002136
vn -0.00954789 -0.99972124 0.02159357
vn -0.00954789 -0.99972124 0.02159357
vn -0.00954789 -0.99972124 0.02159357
vn -0.02666820 -0.99762587 0.06349352
vn -0.02666820 -0.99762587 0.06349352
vn -0.02754427 -0.99764969 0.06274078
vn -0.04517731 -0.99513510 0.08755075
vn -0.04517731 -0.99513510 0.08755075
vn -0.04517731 -0.99513510 0.08755075
vn -0.03162805 -0.99774317 0.05923039
vn -0.03162805 -0.99774317 0.05923039
vn -0.07795335 -0.98823983 0.13154965
vn -0.07795335 -0.98823983 0.13154965
vn -0.07795335 -0.98823983 0.13154965
vn -0.00050968 -0.99999850 0.00165775
vn -0.00254453 -0.99995460 0.00918267
vn -0.00254453 -0.99995460 0.00918267
vn -0.00254453 -0.99995460 0.00918267
vn -0.01300512 -0.99930646 0.03489219
vn -0.01300512 -0.99930646 0.03489219
vn -0.01300512 -0.99930646 0.03489219
vn -0.40052330 -0.01473237 0.91616813
vn -0.40052330 -0.01473237 0.91616813
vn -0.40052330 -0.01473237 0.91616813
vn 0.36285119 -0.05695717 -0.93010477
vn 0.36285119 -0.05695717 -0.93010477
vn 0.36285119 -0.05695717 -0.93010477
vn 0.27685667 -0.06749147 -0.95853810
vn 0.27685667 -0.06749147 -0.95853810
vn 0.27685667 -0.06749147 -0.95853810
vn 0.19565847 -0.06341858 -0.97861936
vn 0.19565847 -0.06341858 -0.97861936
vn 0.19565847 -0.06341858 -0.97861936
vn 0.19515799 -0.07479933 -0.97791534
vn 0.19515799 -0.07479933 -0.97791534
vn 0.19515799 -0.07479933 -0.97791534
vn 0.11085452 -0.05633219 -0.99223886
vn 0.11085452 -0.05633219 -0.99223886
vn 0.11085452 -0.05633219 -0.99223886
vn 0.11048505 -0.06612713 -0.99167548
vn 0.11048505 -0.06612713 -0.99167548
vn 0.11048505 -0.06612713 -0.99167548
vn 0.02514956 -0.05498851 -0.99817021
vn 0.02514956 -0.05498851 -0.99817021
vn 0.02514956 -0.05498851 -0.99817021
vn 0.02474883 -0.06752891 -0.99741032
vn 0.02474883 -0.06752891 -0.99741032
vn 0.02474883 -0.06752891 -0.99741032
vn -0.06072030 -0.06332300 -0.99614419
vn -0.06072030 -0.06332300 -0.99614419
vn -0.06072030 -0.06332300 -0.99614419
vn -0.06102768 -0.07482425 -0.99532756
vn -0.06102768 -0.07482425 -0.99532756
vn -0.06102768 -0.07482425 -0.99532756
vn -0.14618982 -0.05636711 -0.98764937
vn -0.14618982 -0.05636711 -0.98764937
vn -0.14618982 -0.05636711 -0.98764937
vn -0.14640207 -0.06611490 -0.98701330
vn -0.14640207 -0.06611490 -0.98701330
vn -0.14640207 -0.06611490 -0.98701330
vn -0.23056892 -0.05498121 -0.97150144
vn -0.23056892 -0.05498121 -0.97150144
vn -0.23056892 -0.05498121 -0.97150144
vn -0.23076425 -0.06765757 -0.97065458
vn -0.23076425 -0.06765757 -0.97065458
vn -0.23076425 -0.06765757 -0.97065458
vn -0.31307522 -0.06349410 -0.94760351
vn -0.31307522 -0.06349410 -0.94760351
vn -0.31307522 -0.06349410 -0.94760351
vn -0.31316250 -0.07485703 -0.94674478
vn -0.31316250 -0.07485703 -0.94674478
vn -0.31316250 -0.07485703 -0.94674478
vn -0.39354407 -0.05631890 -0.91757901
vn -0.39354407 -0.05631890 -0.91757901
vn -0.39354407 -0.05631890 -0.91757901
vn -0.39359365 -0.07479348 -0.91623685
vn -0.39359365 -0.07479348 -0.91623685
vn -0.39359365 -0.07479348 -0.91623685
vn -0.47096586 -0.05640147 -0.88034654
vn -0.47096586 -0.05640147 -0.88034654
vn -0.47096586 -0.05640147 -0.88034654
vn -0.47095101 -0.06609592 -0.87967976
vn -0.47095101 -0.06609592 -0.87967976
vn -0.47095101 -0.06609592 -0.87967976
vn -0.54285965 -0.05526572 -0.83800305
vn -0.54285965 -0.05526572 -0.83800305
vn -0.54285965 -0.05526572 -0.83800305
vn -0.61583411 -0.07440900 -0.78435429
vn -0.61583411 -0.07440900 -0.78435429
vn -0.61583411 -0.07440900 -0.78435429
vn -0.68015541 -0.05629296 -0.73090336
vn -0.68015541 -0.05629296 -0.73090336
vn -0.68015541 -0.05629296 -0.73090336
vn -0.67975073 -0.07472305 -0.72962689
vn -0.67975073 -0.07472305 -0.72962689
vn -0.67975073 -0.07472305 -0.72962689
vn -0.73877923 -0.05684401 -0.67154598
vn -0.73877923 -0.05684401 -0.67154598
vn -0.73877923 -0.05684401 -0.67154598
vn -0.79570806 -0.07438147 -0.60109574
vn -0.79570806 -0.07438147 -0.60109574
vn -0.79570806 -0.07438147 -0.60109574
vn -0.84424525 -0.05629233 -0.53299262
vn -0.84424525 -0.05629233 -0.53299262
vn -0.84424525 -0.05629233 -0.53299262
vn -0.84352681 -0.07474780 -0.53186022
vn -0.84352681 -0.07474780 -0.53186022
vn -0.84352681 -0.07474780 -0.53186022
vn -0.88693686 -0.05631675 -0.45844458
vn -0.88693686 -0.05631675 -0.45844458
vn -0.88693686 -0.05631675 -0.45844458
vn -0.88654468 -0.06607433 -0.45790033
vn -0.88654468 -0.06607433 -0.45790033
vn -0.88654468 -0.06607433 -0.45790033
vn -0.92313392 -0.05496195 -0.38052984
vn -0.92313392 -0.05496195 -0.38052984
vn -0.92313392 -0.05496195 -0.38052984
vn -0.92256371 -0.06758503 -0.37987953
vn -0.92256371 -0.06758503 -0.37987953
vn -0.92256371 -0.06758503 -0.37987953
vn -0.95195156 -0.06340735 -0.29961266
vn -0.95195156 -0.06340735 -0.29961266
vn -0.95195156 -0.06340735 -0.29961266
vn -0.95130418 -0.07480899 -0.29903842
vn -0.95130418 -0.07480899 -0.29903842
vn -0.95130418 -0.07480899 -0.29903842
vn -0.97402680 -0.05684899 -0.21918024
vn -0.97402680 -0.05684899 -0.21918024
vn -0.97402680 -0.05684899 -0.21918024
vn -0.99624288 -0.07439852 -0.04432811
vn -0.99624288 -0.07439852 -0.04432811
vn -0.99624288 -0.07439852 -0.04432811
vn -0.99763915 -0.05632490 0.03928910
vn -0.99763915 -0.05632490 0.03928910
vn -0.99763915 -0.05632490 0.03928910
vn -0.99702800 -0.06610168 0.03956928
vn -0.99702800 -0.06610168 0.03956928
vn -0.99702800 -0.06610168 0.03956928
vn -0.99093302 -0.05527800 0.12245853
vn -0.99093302 -0.05527800 0.12245853
vn -0.99093302 -0.05527800 0.12245853
vn -0.79792593 -0.06583729 0.59914911
vn -0.79792593 -0.06583729 0.59914911
vn -0.79792593 -0.06583729 0.59914911
vn -0.74542711 -0.05489182 0.66432320
vn -0.74542711 -0.05489182 0.66432320
vn -0.74542711 -0.05489182 0.66432320
vn -0.74459344 -0.06751917 0.66409470
vn -0.74459344 -0.06751917 0.66409470
vn -0.74459344 -0.06751917 0.66409470
vn -0.68521569 -0.06333521 0.72558123
vn -0.68521569 -0.06333521 0.72558123
vn -0.68521569 -0.06333521 0.72558123
vn -0.68493495 -0.06749178 0.72547155
vn -0.68493495 -0.06749178 0.72547155
vn -0.68493495 -0.06749178 0.72547155
vn -0.62030569 -0.06330060 0.78180169
vn -0.62030569 -0.06330060 0.78180169
vn -0.62030569 -0.06330060 0.78180169
vn -0.61953526 -0.07474993 0.78140163
vn -0.61953526 -0.07474993 0.78140163
vn -0.61953526 -0.07474993 0.78140163
vn -0.55308672 -0.05681038 0.83118450
vn -0.55308672 -0.05681038 0.83118450
vn -0.55308672 -0.05681038 0.83118450
vn -0.31928419 -0.07477973 0.94470397
vn -0.31928419 -0.07477973 0.94470397
vn -0.31928419 -0.07477973 0.94470397
vn -0.23768317 -0.05633083 0.96970797
vn -0.23768317 -0.05633083 0.96970797
vn -0.23768317 -0.05633083 0.96970797
vn -0.23724388 -0.06613490 0.96919632
vn -0.23724388 -0.06613490 0.96919632
vn -0.23724388 -0.06613490 0.96919632
vn -0.15589355 -0.05533200 0.98622288
vn -0.15589355 -0.05533200 0.98622288
vn -0.15589355 -0.05533200 0.98622288
vn 0.01823189 -0.06600335 0.99765282
vn 0.01823189 -0.06600335 0.99765282
vn 0.01823189 -0.06600335 0.99765282
vn 0.10357305 -0.05490380 0.99310533
vn 0.10357305 -0.05490380 0.99310533
vn 0.10357305 -0.05490380 0.99310533
vn 0.10387405 -0.06750290 0.99229710
vn 0.10387405 -0.06750290 0.99229710
vn 0.10387405 -0.06750290 0.99229710
vn 0.18601508 -0.06343372 0.98049709
vn 0.18601508 -0.06343372 0.98049709
vn 0.18601508 -0.06343372 0.98049709
vn 0.27395501 -0.07450178 0.95885251
vn 0.27395501 -0.07450178 0.95885251
vn 0.27395501 -0.07450178 0.95885251
vn 0.35370415 -0.05639266 0.93365585
vn 0.35370415 -0.05639266 0.93365585
vn 0.35370415 -0.05639266 0.93365585
vn 0.35377469 -0.06597554 0.93300091
vn 0.35377469 -0.06597554 0.93300091
vn 0.35377469 -0.06597554 0.93300091
vn 0.43269262 -0.05485005 0.89987142
vn 0.43269262 -0.05485005 0.89987142
vn 0.43269262 -0.05485005 0.89987142
vn 0.43270340 -0.06750815 0.89900524
vn 0.43270340 -0.06750815 0.89900524
vn 0.43270340 -0.06750815 0.89900524
vn 0.50603734 -0.06346473 0.86017349
vn 0.50603734 -0.06346473 0.86017349
vn 0.50603734 -0.06346473 0.86017349
vn 0.58185735 -0.06573663 0.81062983
vn 0.58185735 -0.06573663 0.81062983
vn 0.58185735 -0.06573663 0.81062983
vn 0.64812882 -0.05485447 0.75955251
vn 0.64812882 -0.05485447 0.75955251
vn 0.64812882 -0.05485447 0.75955251
vn 0.64791408 -0.06769398 0.75869946
vn 0.64791408 -0.06769398 0.75869946
vn 0.64791408 -0.06769398 0.75869946
vn 0.71028672 -0.06350410 0.70104208
vn 0.71028672 -0.06350410 0.70104208
vn 0.71028672 -0.06350410 0.70104208
vn 0.86688735 -0.06755233 0.49390587
vn 0.86688735 -0.06755233 0.49390587
vn 0.86688735 -0.06755233 0.49390587
vn 0.90545072 -0.06346333 0.41968011
vn 0.90545072 -0.06346333 0.41968011
vn 0.90545072 -0.06346333 0.41968011
vn 0.90533111 -0.06607199 0.41953556
vn 0.90533111 -0.06607199 0.41953556
vn 0.90533111 -0.06607199 0.41953556
vn 0.93865399 -0.05489168 0.34046378
vn 0.93865399 -0.05489168 0.34046378
vn 0.93865399 -0.05489168 0.34046378
vn 0.93805608 -0.06753593 0.33983774
vn 0.93805608 -0.06753593 0.33983774
vn 0.93805608 -0.06753593 0.33983774
vn 0.96330684 -0.06346614 0.26079106
vn 0.96330684 -0.06346614 0.26079106
vn 0.96330684 -0.06346614 0.26079106
vn 0.99390351 -0.06745635 0.08720928
vn 0.99390351 -0.06745635 0.08720928
vn 0.99390351 -0.06745635 0.08720928
vn 0.99798203 -0.06339112 0.00366608
vn 0.99798203 -0.06339112 0.00366608
vn 0.99798203 -0.06339112 0.00366608
vn 0.99770696 -0.06758944 0.00353497
vn 0.99770696 -0.06758944 0.00353497
vn 0.99770696 -0.06758944 0.00353497
vn 0.99479759 -0.06350837 -0.07965195
vn 0.99479759 -0.06350837 -0.07965195
vn 0.99479759 -0.06350837 -0.07965195
vn 0.96501370 -0.06736109 -0.25339899
vn 0.96501370 -0.06736109 -0.25339899
vn 0.96501370 -0.06736109 -0.25339899
vn 0.94066407 -0.06325823 -0.33339091
vn 0.94066407 -0.06325823 -0.33339091
vn 0.94066407 -0.06325823 -0.33339091
vn 0.94035764 -0.06750761 -0.33342201
vn 0.94035764 -0.06750761 -0.33342201
vn 0.94035764 -0.06750761 -0.33342201
vn 0.90851430 -0.06334985 -0.41302368
vn 0.90851430 -0.06334985 -0.41302368
vn 0.90851430 -0.06334985 -0.41302368
vn 0.90765069 -0.07473726 -0.41301884
vn 0.90765069 -0.07473726 -0.41301884
vn 0.90765069 -0.07473726 -0.41301884
vn 0.87001852 -0.05623864 -0.48980097
vn 0.87001852 -0.05623864 -0.48980097
vn 0.87001852 -0.05623864 -0.48980097
vn 0.86934429 -0.06606077 -0.48977187
vn 0.86934429 -0.06606077 -0.48977187
vn 0.86934429 -0.06606077 -0.48977187
vn 0.82475127 -0.05494399 -0.56282013
vn 0.82475127 -0.05494399 -0.56282013
vn 0.82475127 -0.05494399 -0.56282013
vn 0.82389478 -0.06756826 -0.56270056
vn 0.82389478 -0.06756826 -0.56270056
vn 0.82389478 -0.06756826 -0.56270056
vn 0.77292753 -0.06338326 -0.63132051
vn 0.77292753 -0.06338326 -0.63132051
vn 0.77292753 -0.06338326 -0.63132051
vn 0.77263328 -0.06756175 -0.63124736
vn 0.77263328 -0.06756175 -0.63124736
vn 0.77263328 -0.06756175 -0.63124736
vn 0.71579548 -0.06336973 -0.69542872
vn 0.71579548 -0.06336973 -0.69542872
vn 0.71579548 -0.06336973 -0.69542872
vn 0.71498086 -0.07479952 -0.69513121
vn 0.71498086 -0.07479952 -0.69513121
vn 0.71498086 -0.07479952 -0.69513121
vn 0.65363905 -0.05633071 -0.75470713
vn 0.65363905 -0.05633071 -0.75470713
vn 0.65363905 -0.05633071 -0.75470713
vn 0.65302343 -0.06600581 -0.75445585
vn 0.65302343 -0.06600581 -0.75445585
vn 0.65302343 -0.06600581 -0.75445585
vn 0.58639103 -0.05487168 -0.80816747
vn 0.58639103 -0.05487168 -0.80816747
vn 0.58639103 -0.05487168 -0.80816747
vn 0.58562304 -0.06753803 -0.80776498
vn 0.58562304 -0.06753803 -0.80776498
vn 0.58562304 -0.06753803 -0.80776498
vn 0.51448338 -0.06336277 -0.85515613
vn 0.51448338 -0.06336277 -0.85515613
vn 0.51448338 -0.06336277 -0.85515613
vn 0.51377650 -0.07471937 -0.85466410
vn 0.51377650 -0.07471937 -0.85466410
vn 0.51377650 -0.07471937 -0.85466410
vn 0.43925737 -0.05625566 -0.89659816
vn 0.43925737 -0.05625566 -0.89659816
vn 0.43925737 -0.05625566 -0.89659816
vn 0.43820140 -0.07483544 -0.89575621
vn 0.43820140 -0.07483544 -0.89575621
vn 0.43820140 -0.07483544 -0.89575621
vn -0.96719358 -0.14358309 0.20957212
vn -0.96719358 -0.14358309 0.20957212
vn -0.96719358 -0.14358309 0.20957212
vn -0.94797630 -0.13480833 0.28838802
vn -0.94797630 -0.13480833 0.28838802
vn -0.94797630 -0.13480833 0.28838802
vn -0.06557113 -0.14798233 0.98681389
vn -0.06557113 -0.14798233 0.98681389
vn -0.06557113 -0.14798233 0.98681389
vn 0.01616327 -0.13107229 0.99124104
vn 0.01616327 -0.13107229 0.99124104
vn 0.01616327 -0.13107229 0.99124104
vn 0.70576563 -0.14744060 0.69293300
vn 0.70576563 -0.14744060 0.69293300
vn 0.70576563 -0.14744060 0.69293300
vn 0.76317139 -0.13029297 0.63292430
vn 0.76317139 -0.13029297 0.63292430
vn 0.76317139 -0.13029297 0.63292430
vn 0.76161252 -0.14824841 0.63084767
vn 0.76161252 -0.14824841 0.63084767
vn 0.76161252 -0.14824841 0.63084767
vn 0.81346872 -0.13118886 0.56661991
vn 0.81346872 -0.13118886 0.56661991
vn 0.81346872 -0.13118886 0.56661991
vn -0.46079834 -0.26144665 0.84812177
vn -0.46079834 -0.26144665 0.84812177
vn -0.46079834 -0.26144665 0.84812177
vn -0.38974010 -0.25337409 0.88538366
vn -0.38974010 -0.25337409 0.88538366
vn -0.38974010 -0.25337409 0.88538366
vn -0.38051777 -0.31222492 0.87047219
vn -0.38051777 -0.31222492 0.87047219
vn -0.38051777 -0.31222492 0.87047219
vn -0.31606586 -0.22643047 0.92132058
vn -0.31606586 -0.22643047 0.92132058
vn -0.31606586 -0.22643047 0.92132058
vn 0.34008054 -0.30077226 -0.89100015
vn 0.34008054 -0.30077226 -0.89100015
vn 0.34008054 -0.30077226 -0.89100015
vn 0.27174370 -0.28792642 -0.91828848
vn 0.27174370 -0.28792642 -0.91828848
vn 0.27174370 -0.28792642 -0.91828848
vn -0.52368396 -0.30475469 -0.79553736
vn -0.52368396 -0.30475469 -0.79553736
vn -0.52368396 -0.30475469 -0.79553736
vn -0.58581845 -0.29183842 -0.75607346
vn -0.58581845 -0.29183842 -0.75607346
vn -0.58581845 -0.29183842 -0.75607346
vn -0.71039941 -0.30079245 -0.63628341
vn -0.71039941 -0.30079245 -0.63628341
vn -0.71039941 -0.30079245 -0.63628341
vn -0.76048348 -0.28790270 -0.58204546
vn -0.76048348 -0.28790270 -0.58204546
vn -0.76048348 -0.28790270 -0.58204546
vn -0.93280795 -0.29796547 -0.20269659
vn -0.93280795 -0.29796547 -0.20269659
vn -0.93280795 -0.29796547 -0.20269659
vn -0.95024274 -0.28431497 -0.12729390
vn -0.95024274 -0.28431497 -0.12729390
vn -0.95024274 -0.28431497 -0.12729390
vn -0.94386740 -0.30549922 -0.12563657
vn -0.94386740 -0.30549922 -0.12563657
vn -0.94386740 -0.30549922 -0.12563657
vn -0.95521547 -0.29188400 -0.04865315
vn -0.95521547 -0.29188400 -0.04865315
vn -0.95521547 -0.29188400 -0.04865315
vn -0.94434693 -0.30478695 0.12374888
vn -0.94434693 -0.30478695 0.12374888
vn -0.94434693 -0.30478695 0.12374888
vn -0.93580375 -0.29163568 0.19804035
vn -0.93580375 -0.29163568 0.19804035
vn -0.93580375 -0.29163568 0.19804035
vn -0.90981861 -0.30414537 0.28235738
vn -0.90981861 -0.30414537 0.28235738
vn -0.90981861 -0.30414537 0.28235738
vn -0.88726405 -0.29089428 0.35797071
vn -0.88726405 -0.29089428 0.35797071
vn -0.88726405 -0.29089428 0.35797071
vn -0.88493052 -0.29866119 0.35735063
vn -0.88493052 -0.29866119 0.35735063
vn -0.88493052 -0.29866119 0.35735063
vn -0.85514262 -0.28427458 0.43349632
vn -0.85514262 -0.28427458 0.43349632
vn -0.85514262 -0.28427458 0.43349632
vn -0.84765128 -0.30974241 0.43075161
vn -0.84765128 -0.30974241 0.43075161
vn -0.84765128 -0.30974241 0.43075161
vn -0.81152732 -0.29555217 0.50405587
vn -0.81149067 -0.29568158 0.50403898
vn -0.80979022 -0.30162333 0.50325259
vn -0.80975337 -0.30175077 0.50323549
vn -0.76936889 -0.28865299 0.56986925
vn -0.76936889 -0.28865299 0.56986925
vn -0.76936889 -0.28865299 0.56986925
vn -0.52294856 -0.29796204 0.79858839
vn -0.52294856 -0.29796204 0.79858839
vn -0.52294856 -0.29796204 0.79858839
vn -0.45846255 -0.28423836 0.84203364
vn -0.45846255 -0.28423836 0.84203364
vn -0.45846255 -0.28423836 0.84203364
vn -0.14179523 -0.30476233 0.94181423
vn -0.14179523 -0.30476233 0.94181423
vn -0.14179523 -0.30476233 0.94181423
vn -0.06787810 -0.29156419 0.95413987
vn -0.06787810 -0.29156419 0.95413987
vn -0.06787810 -0.29156419 0.95413987
vn 0.18434191 -0.30377234 0.93474083
vn 0.18434191 -0.30377234 0.93474083
vn 0.18434191 -0.30377234 0.93474083
vn 0.25689423 -0.29143044 0.92145192
vn 0.25689423 -0.29143044 0.92145192
vn 0.25689423 -0.29143044 0.92145192
vn 0.48900257 -0.30388704 0.81763632
vn 0.48900257 -0.30388704 0.81763632
vn 0.48900257 -0.30388704 0.81763632
vn 0.55269468 -0.29154880 0.78072267
vn 0.55269468 -0.29154880 0.78072267
vn 0.55269468 -0.29154880 0.78072267
vn 0.78557701 -0.30090612 0.54067020
vn 0.78557701 -0.30090612 0.54067020
vn 0.78557701 -0.30090612 0.54067020
vn 0.82898835 -0.28783281 0.47951077
vn 0.82898835 -0.28783281 0.47951077
vn 0.82898835 -0.28783281 0.47951077
vn 0.92109367 -0.30483651 0.24220065
vn 0.92109367 -0.30483651 0.24220065
vn 0.92109367 -0.30483651 0.24220065
vn 0.94187652 -0.29117443 0.16758899
vn 0.94187652 -0.29117443 0.16758899
vn 0.94187652 -0.29117443 0.16758899
vn 0.93877436 -0.30155434 0.16663637
vn 0.93877436 -0.30155434 0.16663637
vn 0.93877436 -0.30155434 0.16663637
vn 0.95340613 -0.28797183 0.08993873
vn 0.95340613 -0.28797183 0.08993873
vn 0.95340613 -0.28797183 0.08993873
vn 0.94970597 -0.30194274 -0.08300090
vn 0.94970597 -0.30194274 -0.08300090
vn 0.94970597 -0.30194274 -0.08300090
vn 0.94409338 -0.28822837 -0.16003778
vn 0.94409338 -0.28822837 -0.16003778
vn 0.94409338 -0.28822837 -0.16003778
vn 0.93856442 -0.30589393 -0.15976774
vn 0.93856442 -0.30589393 -0.15976774
vn 0.93856442 -0.30589393 -0.15976774
vn 0.92647655 -0.29249749 -0.23682573
vn 0.92647655 -0.29249749 -0.23682573
vn 0.92647655 -0.29249749 -0.23682573
vn -0.24197741 -0.77609169 0.58234751
vn -0.24197741 -0.77609169 0.58234751
vn -0.24197741 -0.77609169 0.58234751
vn -0.20182372 -0.86415103 0.46098827
vn -0.20182372 -0.86415103 0.46098827
vn -0.20182372 -0.86415103 0.46098827
vn -0.26145485 -0.77971303 0.56893668
vn -0.26145485 -0.77971303 0.56893668
vn -0.26145485 -0.77971303 0.56893668
vn -0.29819695 -0.77549829 0.55648987
vn -0.29819695 -0.77549829 0.55648987
vn -0.29819695 -0.77549829 0.55648987
vn -0.33019173 -0.72371743 0.60597566
vn -0.33019173 -0.72371743 0.60597566
vn -0.33019173 -0.72371743 0.60597566
vn -0.38620452 -0.71805312 0.57900413
vn -0.38620452 -0.71805312 0.57900413
vn -0.38620452 -0.71805312 0.57900413
vn -0.36452353 -0.75096821 0.55060816
vn -0.36452353 -0.75096821 0.55060816
vn -0.36452353 -0.75096821 0.55060816
vn -0.41691439 -0.74251783 0.52426107
vn -0.41691439 -0.74251783 0.52426107
vn -0.41691439 -0.74251783 0.52426107
vn -0.40766635 -0.75457941 0.51421597
vn -0.40766635 -0.75457941 0.51421597
vn -0.40766635 -0.75457941 0.51421597
vn -0.44965047 -0.75391719 0.47898155
vn -0.44965047 -0.75391719 0.47898155
vn -0.44965047 -0.75391719 0.47898155
vn -0.46623568 -0.73400066 0.49382924
vn -0.46623568 -0.73400066 0.49382924
vn -0.46623568 -0.73400066 0.49382924
vn -0.51104742 -0.73061651 0.45280243
vn -0.51104742 -0.73061651 0.45280243
vn -0.51104742 -0.73061651 0.45280243
vn -0.49200889 -0.75225150 0.43822931
vn -0.49200889 -0.75225150 0.43822931
vn -0.49200889 -0.75225150 0.43822931
vn -0.53330531 -0.74651429 0.39787168
vn -0.53330531 -0.74651429 0.39787168
vn -0.53330531 -0.74651429 0.39787168
vn -0.51207047 -0.76823172 0.38419247
vn -0.51207047 -0.76823172 0.38419247
vn -0.51207047 -0.76823172 0.38419247
vn -0.54897791 -0.76319484 0.34081797
vn -0.54897791 -0.76319484 0.34081797
vn -0.54897791 -0.76319484 0.34081797
vn -0.54369174 -0.76824428 0.33793493
vn -0.54369174 -0.76824428 0.33793493
vn -0.54369174 -0.76824428 0.33793493
vn -0.57270024 -0.76566767 0.29286080
vn -0.57270024 -0.76566767 0.29286080
vn -0.57270024 -0.76566767 0.29286080
vn -0.59617433 -0.74356742 0.30279310
vn -0.59617433 -0.74356742 0.30279310
vn -0.59617433 -0.74356742 0.30279310
vn -0.62144226 -0.74214107 0.25107003
vn -0.62144226 -0.74214107 0.25107003
vn -0.62144226 -0.74214107 0.25107003
vn -0.60626560 -0.75701594 0.24365733
vn -0.60626560 -0.75701594 0.24365733
vn -0.60626560 -0.75701594 0.24365733
vn -0.62968029 -0.75269157 0.19224498
vn -0.62968029 -0.75269157 0.19224498
vn -0.62968029 -0.75269157 0.19224498
vn -0.61682295 -0.76405103 0.18909118
vn -0.61682295 -0.76405103 0.18909118
vn -0.61682295 -0.76405103 0.18909118
vn -0.63251071 -0.76255029 0.13582071
vn -0.63251071 -0.76255029 0.13582071
vn -0.63251071 -0.76255029 0.13582071
vn -0.62576230 -0.76827408 0.13482020
vn -0.62576230 -0.76827408 0.13482020
vn -0.62576230 -0.76827408 0.13482020
vn -0.63778911 -0.76572868 0.08297372
vn -0.63778911 -0.76572868 0.08297372
vn -0.63778911 -0.76572868 0.08297372
vn -0.67676889 -0.73126089 0.08509629
vn -0.67676889 -0.73126089 0.08509629
vn -0.67676889 -0.73126089 0.08509629
vn -0.68693196 -0.72628738 0.02512205
vn -0.68693196 -0.72628738 0.02512205
vn -0.68693196 -0.72628738 0.02512205
vn -0.65296254 -0.75693224 0.02633447
vn -0.65296254 -0.75693224 0.02633447
vn -0.65296254 -0.75693224 0.02633447
vn -0.66153177 -0.74924479 -0.03174828
vn -0.66153177 -0.74924479 -0.03174828
vn -0.66153177 -0.74924479 -0.03174828
vn -0.63294808 -0.77366718 -0.02856278
vn -0.63294808 -0.77366718 -0.02856278
vn -0.63294808 -0.77366718 -0.02856278
vn -0.63176947 -0.77087089 -0.08139663
vn -0.63176947 -0.77087089 -0.08139663
vn -0.63176947 -0.77087089 -0.08139663
vn -0.67071910 -0.73630072 -0.08942676
vn -0.67071910 -0.73630072 -0.08942676
vn -0.67071910 -0.73630072 -0.08942676
vn -0.66568750 -0.73098200 -0.15008489
vn -0.66568750 -0.73098200 -0.15008489
vn -0.66568750 -0.73098200 -0.15008489
vn -0.63794321 -0.75686592 -0.14206492
vn -0.63794321 -0.75686592 -0.14206492
vn -0.63794321 -0.75686592 -0.14206492
vn -0.63150235 -0.74930832 -0.19935350
vn -0.63150235 -0.74930832 -0.19935350
vn -0.63150235 -0.74930832 -0.19935350
vn -0.62035945 -0.75969439 -0.19498354
vn -0.62035945 -0.75969439 -0.19498354
vn -0.62035945 -0.75969439 -0.19498354
vn -0.60212090 -0.75874303 -0.24851445
vn -0.60207863 -0.75878336 -0.24849372
vn -0.60088745 -0.75991787 -0.24790949
vn -0.60084361 -0.75995954 -0.24788799
vn -0.58060764 -0.75713170 -0.29941003
vn -0.58060764 -0.75713170 -0.29941003
vn -0.58060764 -0.75713170 -0.29941003
vn -0.61343579 -0.72478467 -0.31366178
vn -0.61343579 -0.72478467 -0.31366178
vn -0.61343579 -0.72478467 -0.31366178
vn -0.58750867 -0.71733656 -0.37451545
vn -0.58750867 -0.71733656 -0.37451545
vn -0.58750867 -0.71733656 -0.37451545
vn -0.54817343 -0.76160546 -0.34563423
vn -0.54817343 -0.76160546 -0.34563423
vn -0.54817343 -0.76160546 -0.34563423
vn -0.52318331 -0.75514317 -0.39501647
vn -0.52318331 -0.75514317 -0.39501647
vn -0.52318331 -0.75514317 -0.39501647
vn -0.53296492 -0.74357666 -0.40378478
vn -0.53296492 -0.74357666 -0.40378478
vn -0.53296492 -0.74357666 -0.40378478
vn -0.49710050 -0.74214333 -0.44957133
vn -0.49710050 -0.74214333 -0.44957133
vn -0.49710050 -0.74214333 -0.44957133
vn -0.48197929 -0.75883583 -0.43802300
vn -0.48197929 -0.75883583 -0.43802300
vn -0.48197929 -0.75883583 -0.43802300
vn -0.44793639 -0.75314103 -0.48180035
vn -0.44793639 -0.75314103 -0.48180035
vn -0.44793639 -0.75314103 -0.48180035
vn -0.44173923 -0.76160890 -0.47415011
vn -0.44173923 -0.76160890 -0.47415011
vn -0.44173923 -0.76160890 -0.47415011
vn -0.40375911 -0.75489128 -0.51683434
vn -0.40375911 -0.75489128 -0.51683434
vn -0.40375911 -0.75489128 -0.51683434
vn -0.39492585 -0.76826448 -0.50378890
vn -0.39492585 -0.76826448 -0.50378890
vn -0.39492585 -0.76826448 -0.50378890
vn -0.35410146 -0.76578791 -0.53682496
vn -0.35410146 -0.76578791 -0.53682496
vn -0.35410146 -0.76578791 -0.53682496
vn -0.37830487 -0.72065899 -0.58097853
vn -0.37830487 -0.72065899 -0.58097853
vn -0.37830487 -0.72065899 -0.58097853
vn -0.32744216 -0.71534608 -0.61730189
vn -0.32744216 -0.71534608 -0.61730189
vn -0.32744216 -0.71534608 -0.61730189
vn -0.31200927 -0.75101640 -0.58191458
vn -0.31200927 -0.75101640 -0.58191458
vn -0.31200927 -0.75101640 -0.58191458
vn -0.26328578 -0.74247634 -0.61596224
vn -0.26328578 -0.74247634 -0.61596224
vn -0.26328578 -0.74247634 -0.61596224
vn -0.25793895 -0.75691948 -0.60045017
vn -0.25793895 -0.75691948 -0.60045017
vn -0.25793895 -0.75691948 -0.60045017
vn -0.20924880 -0.74963878 -0.62789858
vn -0.20924880 -0.74963878 -0.62789858
vn -0.20924880 -0.74963878 -0.62789858
vn -0.21330284 -0.73400081 -0.64478268
vn -0.21330284 -0.73400081 -0.64478268
vn -0.21330284 -0.73400081 -0.64478268
vn -0.15574828 -0.73061562 -0.66478816
vn -0.15574828 -0.73061562 -0.66478816
vn -0.15574828 -0.73061562 -0.66478816
vn -0.15195862 -0.75229093 -0.64106703
vn -0.15195862 -0.75229093 -0.64106703
vn -0.15195862 -0.75229093 -0.64106703
vn -0.09715731 -0.74659724 -0.65814362
vn -0.09715731 -0.74659724 -0.65814362
vn -0.09715731 -0.74659724 -0.65814362
vn -0.09629783 -0.75691811 -0.64637582
vn -0.09629783 -0.75691811 -0.64637582
vn -0.09629783 -0.75691811 -0.64637582
vn -0.04011188 -0.74933620 -0.66097375
vn -0.04011188 -0.74933620 -0.66097375
vn -0.04011188 -0.74933620 -0.66097375
vn -0.04018459 -0.75455462 -0.65500575
vn -0.04018459 -0.75455462 -0.65500575
vn -0.04018459 -0.75455462 -0.65500575
vn 0.01519988 -0.75387521 -0.65684179
vn 0.01519988 -0.75387521 -0.65684179
vn 0.01519988 -0.75387521 -0.65684179
vn 0.01718078 -0.73748831 -0.67514132
vn 0.01718078 -0.73748831 -0.67514132
vn 0.01718078 -0.73748831 -0.67514132
vn 0.07457051 -0.73590199 -0.67296917
vn 0.07457051 -0.73590199 -0.67296917
vn 0.07457051 -0.73590199 -0.67296917
vn 0.07405982 -0.75250679 -0.65440712
vn 0.07405982 -0.75250679 -0.65440712
vn 0.07405982 -0.75250679 -0.65440712
vn 0.13086298 -0.74648941 -0.65240206
vn 0.13086298 -0.74648941 -0.65240206
vn 0.13086298 -0.74648941 -0.65240206
vn 0.12840608 -0.75456236 -0.64354294
vn 0.12840608 -0.75456236 -0.64354294
vn 0.12840608 -0.75456236 -0.64354294
vn 0.18437128 -0.75381898 -0.63068548
vn 0.18437128 -0.75381898 -0.63068548
vn 0.18437128 -0.75381898 -0.63068548
vn 0.17678175 -0.77261291 -0.60976840
vn 0.17678175 -0.77261291 -0.60976840
vn 0.17678175 -0.77261291 -0.60976840
vn 0.23087805 -0.76969282 -0.59520441
vn 0.23087805 -0.76969282 -0.59520441
vn 0.23087805 -0.76969282 -0.59520441
vn 0.24596633 -0.72481291 -0.64354240
vn 0.24596633 -0.72481291 -0.64354240
vn 0.24596633 -0.72481291 -0.64354240
vn 0.30924557 -0.71736851 -0.62429929
vn 0.30924557 -0.71736851 -0.62429929
vn 0.30924557 -0.71736851 -0.62429929
vn 0.28477261 -0.76160463 -0.58211936
vn 0.28477261 -0.76160463 -0.58211936
vn 0.28477261 -0.76160463 -0.58211936
vn 0.33821861 -0.75488766 -0.56191885
vn 0.33821861 -0.75488766 -0.56191885
vn 0.33821861 -0.75488766 -0.56191885
vn 0.33500567 -0.75971149 -0.55732365
vn 0.33500567 -0.75971149 -0.55732365
vn 0.33500567 -0.75971149 -0.55732365
vn 0.38100211 -0.75883971 -0.52820420
vn 0.38100211 -0.75883971 -0.52820420
vn 0.38100211 -0.75883971 -0.52820420
vn 0.39679373 -0.73743537 -0.54657462
vn 0.39679373 -0.73743537 -0.54657462
vn 0.39679373 -0.73743537 -0.54657462
vn 0.44285762 -0.73583706 -0.51227038
vn 0.44284702 -0.73585359 -0.51225581
vn 0.44311192 -0.73544047 -0.51261988
vn 0.44312204 -0.73542468 -0.51263378
vn 0.49257315 -0.72859405 -0.47594369
vn 0.49257315 -0.72859405 -0.47594369
vn 0.49257315 -0.72859405 -0.47594369
vn 0.47049395 -0.75456143 -0.45746310
vn 0.47049395 -0.75456143 -0.45746310
vn 0.47049395 -0.75456143 -0.45746310
vn 0.50914152 -0.75382185 -0.41536433
vn 0.50914152 -0.75382185 -0.41536433
vn 0.50914152 -0.75382185 -0.41536433
vn 0.50359029 -0.75968182 -0.41143694
vn 0.50359029 -0.75968182 -0.41143694
vn 0.50359029 -0.75968182 -0.41143694
vn 0.53589737 -0.75886954 -0.37004193
vn 0.53589737 -0.75886954 -0.37004193
vn 0.53589737 -0.75886954 -0.37004193
vn 0.57270498 -0.72070059 -0.39064007
vn 0.57270498 -0.72070059 -0.39064007
vn 0.57270498 -0.72070059 -0.39064007
vn 0.60976894 -0.71544994 -0.34104726
vn 0.60976894 -0.71544994 -0.34104726
vn 0.60976894 -0.71544994 -0.34104726
vn 0.58215097 -0.74379153 -0.32844239
vn 0.58215097 -0.74379153 -0.32844239
vn 0.58215097 -0.74379153 -0.32844239
vn 0.61880181 -0.73417964 -0.27940041
vn 0.61880181 -0.73417964 -0.27940041
vn 0.61880181 -0.73417964 -0.27940041
vn 0.59187850 -0.75968993 -0.26935302
vn 0.59187850 -0.75968993 -0.26935302
vn 0.59187850 -0.75968993 -0.26935302
vn 0.61304395 -0.75884402 -0.21984738
vn 0.61304395 -0.75884402 -0.21984738
vn 0.61304395 -0.75884402 -0.21984738
vn 0.64009344 -0.73400968 -0.22695853
vn 0.64009344 -0.73400968 -0.22695853
vn 0.64009344 -0.73400968 -0.22695853
vn 0.66127114 -0.73062730 -0.17001245
vn 0.66127114 -0.73062730 -0.17001245
vn 0.66127114 -0.73062730 -0.17001245
vn 0.62660878 -0.76194952 -0.16368986
vn 0.62660878 -0.76194952 -0.16368986
vn 0.62660878 -0.76194952 -0.16368986
vn 0.64519689 -0.75592008 -0.11093155
vn 0.64519689 -0.75592008 -0.11093155
vn 0.64519689 -0.75592008 -0.11093155
vn 0.65843902 -0.74421867 -0.11223468
vn 0.65843902 -0.74421867 -0.11223468
vn 0.65843902 -0.74421867 -0.11223468
vn 0.66711894 -0.74277894 -0.05684860
vn 0.66711894 -0.74277894 -0.05684860
vn 0.66711894 -0.74277894 -0.05684860
vn 0.68828372 -0.72320172 -0.05696308
vn 0.68828372 -0.72320172 -0.05696308
vn 0.68828372 -0.72320172 -0.05696308
vn 0.69453112 -0.71944223 0.00542196
vn 0.69453112 -0.71944223 0.00542196
vn 0.69453112 -0.71944223 0.00542196
vn 0.65519481 -0.75545640 0.00232145
vn 0.65519481 -0.75545640 0.00232145
vn 0.65519481 -0.75545640 0.00232145
vn 0.65716317 -0.75140467 0.05939346
vn 0.65716317 -0.75140467 0.05939346
vn 0.65716317 -0.75140467 0.05939346
vn 0.64511298 -0.76192714 0.05741326
vn 0.64511298 -0.76192714 0.05741326
vn 0.64511298 -0.76192714 0.05741326
vn 0.64474873 -0.75562789 0.11543641
vn 0.64474873 -0.75562789 0.11543641
vn 0.64474873 -0.75562789 0.11543641
vn 0.62390008 -0.77364114 0.11058066
vn 0.62390008 -0.77364114 0.11058066
vn 0.62390008 -0.77364114 0.11058066
vn 0.61553084 -0.77064979 0.16498692
vn 0.61553084 -0.77064979 0.16498692
vn 0.61553084 -0.77064979 0.16498692
vn 0.62351764 -0.76363721 0.16758271
vn 0.62351764 -0.76363721 0.16758271
vn 0.62351764 -0.76363721 0.16758271
vn 0.60831826 -0.76255910 0.22011932
vn 0.60831826 -0.76255910 0.22011932
vn 0.60831826 -0.76255910 0.22011932
vn 0.61728451 -0.75414836 0.22409841
vn 0.61728451 -0.75414836 0.22409841
vn 0.61728451 -0.75414836 0.22409841
vn 0.59988674 -0.75026930 0.27790623
vn 0.59972021 -0.75043677 0.27781346
vn 0.59570700 -0.75444646 0.27557886
vn 0.59556093 -0.75459145 0.27549757
vn 0.57062901 -0.75389837 0.32560679
vn 0.57062901 -0.75389837 0.32560679
vn 0.57062901 -0.75389837 0.32560679
vn 0.57681444 -0.74732740 0.32982854
vn 0.57681444 -0.74732740 0.32982854
vn 0.57681444 -0.74732740 0.32982854
vn 0.55044354 -0.74251112 0.38169247
vn 0.55044354 -0.74251112 0.38169247
vn 0.55044354 -0.74251112 0.38169247
vn 0.54740439 -0.74600114 0.37925022
vn 0.54740439 -0.74600114 0.37925022
vn 0.54740439 -0.74600114 0.37925022
vn 0.51997146 -0.73705667 0.43171418
vn 0.51997146 -0.73705667 0.43171418
vn 0.51997146 -0.73705667 0.43171418
vn 0.51282349 -0.74604142 0.42477554
vn 0.51282349 -0.74604142 0.42477554
vn 0.51282349 -0.74604142 0.42477554
vn 0.48017312 -0.73684687 0.47591015
vn 0.48017312 -0.73684687 0.47591015
vn 0.48017312 -0.73684687 0.47591015
vn 0.46299895 -0.75970039 0.45660408
vn 0.46299895 -0.75970039 0.45660408
vn 0.46299895 -0.75970039 0.45660408
vn 0.42414743 -0.75882159 0.49425575
vn 0.42414743 -0.75882159 0.49425575
vn 0.42414743 -0.75882159 0.49425575
vn 0.43828507 -0.73744362 0.51389017
vn 0.43828507 -0.73744362 0.51389017
vn 0.43828507 -0.73744362 0.51389017
vn 0.39417867 -0.73588999 0.55053529
vn 0.39419221 -0.73587052 0.55055162
vn 0.39379518 -0.73644091 0.55007285
vn 0.39377979 -0.73646300 0.55005429
vn 0.34607258 -0.73131250 0.58772085
vn 0.34607258 -0.73131250 0.58772085
vn 0.34607258 -0.73131250 0.58772085
vn 0.33775422 -0.74806540 0.57124447
vn 0.33775422 -0.74806540 0.57124447
vn 0.33775422 -0.74806540 0.57124447
vn 0.28760254 -0.74761691 0.59862654
vn 0.28759594 -0.74763294 0.59860969
vn 0.28743186 -0.74803121 0.59819080
vn 0.28742492 -0.74804804 0.59817309
vn 0.23733472 -0.74389510 0.62473379
vn 0.23733566 -0.74389206 0.62473706
vn 0.23735554 -0.74382743 0.62480644
vn 0.23735643 -0.74382455 0.62480954
vn 0.18334607 -0.73420002 0.65370831
vn 0.18334607 -0.73420002 0.65370831
vn 0.18334607 -0.73420002 0.65370831
vn 0.17537069 -0.76820418 0.61571703
vn 0.17537069 -0.76820418 0.61571703
vn 0.17537069 -0.76820418 0.61571703
vn 0.12189855 -0.76319849 0.63456190
vn 0.12189855 -0.76319849 0.63456190
vn 0.12189855 -0.76319849 0.63456190
vn 0.12244336 -0.75971113 0.63862871
vn 0.12244336 -0.75971113 0.63862871
vn 0.12244336 -0.75971113 0.63862871
vn 0.06774791 -0.75877039 0.64782537
vn 0.06774791 -0.75877039 0.64782537
vn 0.06774791 -0.75877039 0.64782537
vn 0.06792906 -0.75417933 0.65314560
vn 0.06792906 -0.75417933 0.65314560
vn 0.06792906 -0.75417933 0.65314560
vn 0.01388656 -0.75046967 0.66075899
vn 0.01388656 -0.75046967 0.66075899
vn 0.01388656 -0.75046967 0.66075899
vn 0.01284326 -0.73698597 0.67578601
vn 0.01284326 -0.73698597 0.67578601
vn 0.01284326 -0.73698597 0.67578601
vn -0.04935268 -0.72653515 0.68535465
vn -0.04935268 -0.72653515 0.68535465
vn -0.04935268 -0.72653515 0.68535465
vn -0.04307078 -0.76828115 0.63866187
vn -0.04307078 -0.76828115 0.63866187
vn -0.04307078 -0.76828115 0.63866187
vn -0.09887144 -0.76554767 0.63573673
vn -0.09887144 -0.76554767 0.63573673
vn -0.09887144 -0.76554767 0.63573673
vn -0.10115745 -0.75625508 0.64640964
vn -0.10115745 -0.75625508 0.64640964
vn -0.10115745 -0.75625508 0.64640964
vn -0.15586789 -0.75365686 0.63851902
vn -0.15586789 -0.75365686 0.63851902
vn -0.15586789 -0.75365686 0.63851902
vn -0.15482103 -0.75898923 0.63242849
vn -0.15482103 -0.75898923 0.63242849
vn -0.15482103 -0.75898923 0.63242849
vn -0.21148146 -0.75312843 0.62295519
vn -0.21148146 -0.75312843 0.62295519
vn -0.21148146 -0.75312843 0.62295519
vn -0.19952182 -0.77925856 0.59409355
vn -0.19952182 -0.77925856 0.59409355
vn -0.19952182 -0.77925856 0.59409355
vn 0.33630543 -0.38899731 -0.85765946
vn 0.33630543 -0.38899731 -0.85765946
vn 0.33630543 -0.38899731 -0.85765946
vn 0.25587238 -0.38671703 -0.88599055
vn 0.25587238 -0.38671703 -0.88599055
vn 0.25587238 -0.38671703 -0.88599055
vn -0.81657231 -0.38903823 -0.42644919
vn -0.81657231 -0.38903823 -0.42644919
vn -0.81657231 -0.38903823 -0.42644919
vn -0.85298102 -0.38680842 -0.35043205
vn -0.85298102 -0.38680842 -0.35043205
vn -0.85298102 -0.38680842 -0.35043205
vn -0.91263918 -0.38905445 -0.12540479
vn -0.91263918 -0.38905445 -0.12540479
vn -0.91263918 -0.38905445 -0.12540479
vn -0.92124861 -0.38678751 -0.04118765
vn -0.92124861 -0.38678751 -0.04118765
vn -0.92124861 -0.38678751 -0.04118765
vn 0.86559905 -0.38906090 0.31522991
vn 0.86559905 -0.38906090 0.31522991
vn 0.86559905 -0.38906090 0.31522991
vn 0.89068794 -0.38691952 0.23868029
vn 0.89070259 -0.38688400 0.23868320
vn 0.88984027 -0.38896835 0.23851187
vn 0.88982588 -0.38900303 0.23850901
vn 0.90827472 -0.38679702 0.15945250
vn 0.90827472 -0.38679702 0.15945250
vn 0.90827472 -0.38679702 0.15945250
vn -0.52270254 -0.26290925 -0.81096287
vn -0.52270254 -0.26290925 -0.81096287
vn -0.52270254 -0.26290925 -0.81096287
vn -0.59515932 -0.26047829 -0.76022131
vn -0.59515932 -0.26047829 -0.76022131
vn -0.59515932 -0.26047829 -0.76022131
vn -0.58840160 -0.29442774 -0.75305768
vn -0.58840160 -0.29442774 -0.75305768
vn -0.58840160 -0.29442774 -0.75305768
vn -0.65285196 -0.28300666 -0.70263187
vn -0.65285196 -0.28300666 -0.70263187
vn -0.65285196 -0.28300666 -0.70263187
vn -0.65757855 -0.26097917 -0.70673922
vn -0.65757855 -0.26097917 -0.70673922
vn -0.65757855 -0.26097917 -0.70673922
vn -0.71994646 -0.25316447 -0.64620805
vn -0.71994646 -0.25316447 -0.64620805
vn -0.71994646 -0.25316447 -0.64620805
vn -0.75899046 -0.29494211 -0.58046759
vn -0.75899046 -0.29494211 -0.58046759
vn -0.75899046 -0.29494211 -0.58046759
vn -0.81325161 -0.28237071 -0.50881097
vn -0.81325161 -0.28237071 -0.50881097
vn -0.81325161 -0.28237071 -0.50881097
vn -0.88435234 -0.28989297 -0.36590026
vn -0.88435234 -0.28989297 -0.36590026
vn -0.88435234 -0.28989297 -0.36590026
vn -0.91387748 -0.28767384 -0.28648161
vn -0.91387748 -0.28767384 -0.28648161
vn -0.91387748 -0.28767384 -0.28648161
vn -0.95770056 -0.26291392 0.11698679
vn -0.95770056 -0.26291392 0.11698679
vn -0.95770056 -0.26291392 0.11698679
vn -0.94392174 -0.26057617 0.20276047
vn -0.94393303 -0.26053234 0.20276425
vn -0.94334870 -0.26279083 0.20256901
vn -0.94333749 -0.26283397 0.20256527
vn -0.92265750 -0.26044970 0.28437491
vn -0.92265750 -0.26044970 0.28437491
vn -0.92265750 -0.26044970 0.28437491
vn -0.85493526 -0.28997643 0.43011554
vn -0.85493526 -0.28997643 0.43011554
vn -0.85493526 -0.28997643 0.43011554
vn -0.81350683 -0.28779025 0.50535473
vn -0.81350683 -0.28779025 0.50535473
vn -0.81350683 -0.28779025 0.50535473
vn -0.81185098 -0.29456811 0.50411071
vn -0.81185098 -0.29456811 0.50411071
vn -0.81185098 -0.29456811 0.50411071
vn -0.76768348 -0.28287530 0.57501621
vn -0.76768348 -0.28287530 0.57501621
vn -0.76768348 -0.28287530 0.57501621
vn -0.45918283 -0.30568791 0.83408994
vn -0.45918283 -0.30568791 0.83408994
vn -0.45918283 -0.30568791 0.83408994
vn -0.38366908 -0.29584089 0.87480067
vn -0.38366908 -0.29584089 0.87480067
vn -0.38366908 -0.29584089 0.87480067
vn -0.38559491 -0.27456974 0.88086777
vn -0.38559491 -0.27456974 0.88086777
vn -0.38559491 -0.27456974 0.88086777
vn -0.30854911 -0.27148543 0.91164308
vn -0.30854911 -0.27148543 0.91164308
vn -0.30854911 -0.27148543 0.91164308
vn -0.30916721 -0.26099807 0.91449202
vn -0.30916721 -0.26099807 0.91449202
vn -0.30916721 -0.26099807 0.91449202
vn -0.22952677 -0.25350327 0.93970929
vn -0.22952677 -0.25350327 0.93970929
vn -0.22952677 -0.25350327 0.93970929
vn -0.22799984 -0.29000395 0.92946962
vn -0.22799984 -0.29000395 0.92946962
vn -0.22799984 -0.29000395 0.92946962
vn -0.14711292 -0.28787211 0.94630198
vn -0.14711363 -0.28783603 0.94631284
vn -0.14707226 -0.28993707 0.94567766
vn -0.14707155 -0.28997251 0.94566691
vn -0.06125564 -0.28765200 0.95577407
vn -0.06125564 -0.28765200 0.95577407
vn -0.06125564 -0.28765200 0.95577407
vn 0.01218866 -0.26164276 0.96508782
vn 0.01218866 -0.26164276 0.96508782
vn 0.01218866 -0.26164276 0.96508782
vn 0.10041540 -0.25377929 0.96203577
vn 0.10041540 -0.25377929 0.96203577
vn 0.10041540 -0.25377929 0.96203577
vn 0.09988794 -0.26302140 0.95960520
vn 0.09988794 -0.26302140 0.95960520
vn 0.09988794 -0.26302140 0.95960520
vn 0.18148716 -0.26071973 0.94820232
vn 0.18148716 -0.26071973 0.94820232
vn 0.18148716 -0.26071973 0.94820232
vn 0.18328626 -0.23868154 0.95364420
vn 0.18328626 -0.23868154 0.95364420
vn 0.18328626 -0.23868154 0.95364420
vn 0.26885478 -0.22771526 0.93587546
vn 0.26885478 -0.22771526 0.93587546
vn 0.26885478 -0.22771526 0.93587546
vn 0.62345988 -0.26293019 0.73631888
vn 0.62345988 -0.26293019 0.73631888
vn 0.62345988 -0.26293019 0.73631888
vn 0.68994594 -0.26041708 0.67539436
vn 0.68994594 -0.26041708 0.67539436
vn 0.68994594 -0.26041708 0.67539436
vn 0.87525022 -0.26117535 0.40709272
vn 0.87525022 -0.26117535 0.40709272
vn 0.87525022 -0.26117535 0.40709272
vn 0.91005555 -0.25342121 0.32798870
vn 0.91005555 -0.25342121 0.32798870
vn 0.91005555 -0.25342121 0.32798870
vn 0.91065246 -0.26284568 -0.31878557
vn 0.91065246 -0.26284568 -0.31878557
vn 0.91065246 -0.26284568 -0.31878557
vn 0.87752119 -0.26034106 -0.40271466
vn 0.87752119 -0.26034106 -0.40271466
vn 0.87752119 -0.26034106 -0.40271466
vn 0.79285965 -0.29009089 -0.53592989
vn 0.79285965 -0.29009089 -0.53592989
vn 0.79285965 -0.29009089 -0.53592989
vn 0.74088498 -0.28782481 -0.60683303
vn 0.74088498 -0.28782481 -0.60683303
vn 0.74088498 -0.28782481 -0.60683303
vn 0.56960930 -0.26281859 -0.77876289
vn 0.56960930 -0.26281859 -0.77876289
vn 0.56960930 -0.26281859 -0.77876289
vn 0.49766033 -0.26042537 -0.82735290
vn 0.49766033 -0.26042537 -0.82735290
vn 0.49766033 -0.26042537 -0.82735290
vn 0.49691619 -0.26689518 -0.82573680
vn 0.49691619 -0.26689518 -0.82573680
vn 0.49691619 -0.26689518 -0.82573680
vn 0.42150696 -0.25553846 -0.87007585
vn 0.42150696 -0.25553846 -0.87007585
vn 0.42150696 -0.25553846 -0.87007585
vn 0.27664612 -0.18754754 -0.94249289
vn 0.27664612 -0.18754754 -0.94249289
vn 0.27664612 -0.18754754 -0.94249289
vn 0.19335588 -0.18610300 -0.96331676
vn 0.19335588 -0.18610300 -0.96331676
vn 0.19335588 -0.18610300 -0.96331676
vn 0.19349180 -0.15870584 -0.96818045
vn 0.19349180 -0.15870584 -0.96818045
vn 0.19349180 -0.15870584 -0.96818045
vn 0.10696278 -0.14856176 -0.98310140
vn 0.10696278 -0.14856176 -0.98310140
vn 0.10696278 -0.14856176 -0.98310140
vn 0.02779424 -0.16014376 -0.98670231
vn 0.02779424 -0.16014376 -0.98670231
vn 0.02779424 -0.16014376 -0.98670231
vn -0.06016282 -0.15844196 -0.98553365
vn -0.06016282 -0.15844196 -0.98553365
vn -0.06016282 -0.15844196 -0.98553365
vn -0.05981459 -0.16717671 -0.98411085
vn -0.05981459 -0.16717671 -0.98411085
vn -0.05981459 -0.16717671 -0.98411085
vn -0.14482300 -0.15134601 -0.97781424
vn -0.14482300 -0.15134601 -0.97781424
vn -0.14482300 -0.15134601 -0.97781424
vn -0.14398018 -0.16728018 -0.97533945
vn -0.14398018 -0.16728018 -0.97533945
vn -0.14398018 -0.16728018 -0.97533945
vn -0.23091260 -0.15092403 -0.96119785
vn -0.23091260 -0.15092403 -0.96119785
vn -0.23091260 -0.15092403 -0.96119785
vn -0.30613500 -0.16773917 -0.93709388
vn -0.30613500 -0.16773917 -0.93709388
vn -0.30613500 -0.16773917 -0.93709388
vn -0.39066386 -0.15114591 -0.90804001
vn -0.39066386 -0.15114591 -0.90804001
vn -0.39066386 -0.15114591 -0.90804001
vn -0.93987986 -0.16739490 -0.29766559
vn -0.93987986 -0.16739490 -0.29766559
vn -0.93987986 -0.16739490 -0.29766559
vn -0.96557288 -0.15077778 -0.21197894
vn -0.96557288 -0.15077778 -0.21197894
vn -0.96557288 -0.15077778 -0.21197894
vn -0.98465648 -0.16756531 -0.04871835
vn -0.98465648 -0.16756531 -0.04871835
vn -0.98465648 -0.16756531 -0.04871835
vn -0.98768904 -0.15079424 0.04161078
vn -0.98768904 -0.15079424 0.04161078
vn -0.98768904 -0.15079424 0.04161078
vn -0.94427728 -0.15898611 0.28820797
vn -0.94427728 -0.15898611 0.28820797
vn -0.94427728 -0.15898611 0.28820797
vn -0.91592590 -0.14869212 0.37278733
vn -0.91592590 -0.14869212 0.37278733
vn -0.91592590 -0.14869212 0.37278733
vn -0.79074454 -0.16735547 0.58882529
vn -0.79074454 -0.16735547 0.58882529
vn -0.79074454 -0.16735547 0.58882529
vn -0.73621402 -0.15074805 0.65974536
vn -0.73621402 -0.15074805 0.65974536
vn -0.73621402 -0.15074805 0.65974536
vn -0.68538060 -0.10442189 0.72065908
vn -0.68538060 -0.10442189 0.72065908
vn -0.68538060 -0.10442189 0.72065908
vn -0.61720214 -0.10127236 0.78025985
vn -0.61720214 -0.10127236 0.78025985
vn -0.61720214 -0.10127236 0.78025985
vn 0.34672294 -0.15892567 0.92440567
vn 0.34672294 -0.15892567 0.92440567
vn 0.34672294 -0.15892567 0.92440567
vn 0.42974726 -0.14861699 0.89063476
vn 0.42974726 -0.14861699 0.89063476
vn 0.42974726 -0.14861699 0.89063476
vn 0.85568110 -0.16028038 0.49205697
vn 0.85568110 -0.16028038 0.49205697
vn 0.85568110 -0.16028038 0.49205697
vn 0.89643466 -0.15852888 0.41385201
vn 0.89643466 -0.15852888 0.41385201
vn 0.89643466 -0.15852888 0.41385201
vn 0.97019609 -0.16752409 0.17508631
vn 0.97019609 -0.16752409 0.17508631
vn 0.97019609 -0.16752409 0.17508631
vn 0.98452434 -0.15125782 0.08850364
vn 0.98452434 -0.15125782 0.08850364
vn 0.98452434 -0.15125782 0.08850364
vn 0.98191169 -0.16725423 0.08874376
vn 0.98191169 -0.16725423 0.08874376
vn 0.98191169 -0.16725423 0.08874376
vn 0.98858803 -0.15064407 -0.00028255
vn 0.98858803 -0.15064407 -0.00028255
vn 0.98858803 -0.15064407 -0.00028255
vn 0.97239702 -0.16770773 -0.16222869
vn 0.97239702 -0.16770773 -0.16222869
vn 0.97239702 -0.16770773 -0.16222869
vn 0.95601774 -0.15085361 -0.25154177
vn 0.95601774 -0.15085361 -0.25154177
vn 0.95601774 -0.15085361 -0.25154177
vn 0.76142609 -0.18753900 -0.62053157
vn 0.76142609 -0.18753900 -0.62053157
vn 0.76142609 -0.18753900 -0.62053157
vn 0.70284190 -0.18598561 -0.68660222
vn 0.70284190 -0.18598561 -0.68660222
vn 0.70284190 -0.18598561 -0.68660222
vn -0.39164413 -0.00879941 -0.92007469
vn -0.39164413 -0.00879941 -0.92007469
vn -0.39164413 -0.00879941 -0.92007469
vn -0.47467715 0.01093486 -0.88009206
vn -0.47467715 0.01093486 -0.88009206
vn -0.47467715 0.01093486 -0.88009206
vn -0.62282101 -0.00863072 0.78231675
vn -0.62282101 -0.00863072 0.78231675
vn -0.62282101 -0.00863072 0.78231675
vn -0.54904349 0.01087797 0.83572299
vn -0.54904349 0.01087797 0.83572299
vn -0.54904349 0.01087797 0.83572299
vn 0.43096206 -0.00007363 0.90237004
vn 0.43096206 -0.00007363 0.90237004
vn 0.43096206 -0.00007363 0.90237004
vn 0.51090879 0.00178667 0.85963307
vn 0.51090879 0.00178667 0.85963307
vn 0.51090879 0.00178667 0.85963307
vn 0.82062886 0.00207929 0.57145774
vn 0.82062886 0.00207929 0.57145774
vn 0.82062886 0.00207929 0.57145774
vn 0.86904667 0.01376892 0.49453847
vn 0.86904667 0.01376892 0.49453847
vn 0.86904667 0.01376892 0.49453847
vn 0.11363047 0.10440438 -0.98802219
vn 0.11363047 0.10440438 -0.98802219
vn 0.11363047 0.10440438 -0.98802219
vn 0.02161528 0.10448967 -0.99429105
vn 0.02161528 0.10448967 -0.99429105
vn 0.02161528 0.10448967 -0.99429105
vn -0.22649289 0.10631941 -0.96819273
vn -0.22649289 0.10631941 -0.96819273
vn -0.22649289 0.10631941 -0.96819273
vn -0.31455387 0.11911853 -0.94173597
vn -0.31455387 0.11911853 -0.94173597
vn -0.31455387 0.11911853 -0.94173597
vn -0.73224535 0.13187397 -0.66815118
vn -0.73224535 0.13187397 -0.66815118
vn -0.73224535 0.13187397 -0.66815118
vn -0.79184309 0.13332678 -0.59599371
vn -0.79184309 0.13332678 -0.59599371
vn -0.79184309 0.13332678 -0.59599371
vn -0.96648119 0.13416441 -0.21889274
vn -0.96648119 0.13416441 -0.21889274
vn -0.96648119 0.13416441 -0.21889274
vn -0.98083365 0.14735047 -0.12748799
vn -0.98083365 0.14735047 -0.12748799
vn -0.98083365 0.14735047 -0.12748799
vn -0.99032820 0.13421621 0.03515775
vn -0.99032820 0.13421621 0.03515775
vn -0.99032820 0.13421621 0.03515775
vn -0.98074542 0.14749279 0.12800117
vn -0.98074542 0.14749279 0.12800117
vn -0.98074542 0.14749279 0.12800117
vn -0.92066542 0.13177731 0.36743697
vn -0.92066542 0.13177731 0.36743697
vn -0.92066542 0.13177731 0.36743697
vn -0.88194621 0.13322338 0.45213097
vn -0.88194621 0.13322338 0.45213097
vn -0.88194621 0.13322338 0.45213097
vn -0.74444731 0.10632910 0.65916032
vn -0.74444731 0.10632910 0.65916032
vn -0.74444731 0.10632910 0.65916032
vn -0.67945260 0.11911447 0.72398613
vn -0.67945260 0.11911447 0.72398613
vn -0.67945260 0.11911447 0.72398613
vn 0.26730607 0.09252070 0.95915973
vn 0.26730607 0.09252070 0.95915973
vn 0.26730607 0.09252070 0.95915973
vn 0.35493527 0.11616462 0.92764580
vn 0.35493527 0.11616462 0.92764580
vn 0.35493527 0.11616462 0.92764580
vn 0.50506219 0.10635370 0.85650515
vn 0.50506219 0.10635370 0.85650515
vn 0.50506219 0.10635370 0.85650515
vn 0.57731561 0.11848027 0.80787939
vn 0.57731561 0.11848027 0.80787939
vn 0.57731561 0.11848027 0.80787939
vn 0.57782360 0.10442676 0.80945348
vn 0.57782360 0.10442676 0.80945348
vn 0.57782360 0.10442676 0.80945348
vn 0.64858632 0.10451202 0.75393171
vn 0.64858632 0.10451202 0.75393171
vn 0.64858632 0.10451202 0.75393171
vn 0.70623640 0.09271740 0.70187864
vn 0.70623640 0.09271740 0.70187864
vn 0.70623640 0.09271740 0.70187864
vn 0.76406984 0.11543443 0.63472213
vn 0.76408289 0.11523031 0.63474350
vn 0.76363919 0.12190307 0.63403063
vn 0.76362611 0.12209206 0.63401001
vn 0.81477248 0.14400649 0.56161192
vn 0.81477248 0.14400649 0.56161192
vn 0.81477248 0.14400649 0.56161192
vn 0.99134647 0.10448876 -0.07946245
vn 0.99134647 0.10448876 -0.07946245
vn 0.99134647 0.10448876 -0.07946245
vn 0.97985534 0.10457045 -0.17014268
vn 0.97985534 0.10457045 -0.17014268
vn 0.97985534 0.10457045 -0.17014268
vn 0.96310167 0.10626029 -0.24727299
vn 0.96310167 0.10626029 -0.24727299
vn 0.96310167 0.10626029 -0.24727299
vn 0.93457712 0.11914177 -0.33521762
vn 0.93457712 0.11914177 -0.33521762
vn 0.93457712 0.11914177 -0.33521762
vn 0.90552996 0.12102267 -0.40665587
vn 0.90552996 0.12102267 -0.40665587
vn 0.90552996 0.12102267 -0.40665587
vn 0.86139969 0.14375201 -0.48716109
vn 0.86139969 0.14375201 -0.48716109
vn 0.86139969 0.14375201 -0.48716109
vn 0.71529177 0.10633020 -0.69068920
vn 0.71529177 0.10633020 -0.69068920
vn 0.71529177 0.10633020 -0.69068920
vn 0.64995955 0.11869073 -0.75064312
vn 0.64995955 0.11869073 -0.75064312
vn 0.64995955 0.11869073 -0.75064312
vn 0.65138719 0.10448563 -0.75151679
vn 0.65138719 0.10448563 -0.75151679
vn 0.65138719 0.10448563 -0.75151679
vn 0.58081823 0.10455578 -0.80729070
vn 0.58081823 0.10455578 -0.80729070
vn 0.58081823 0.10455578 -0.80729070
vn 0.42207665 0.31635628 -0.84957048
vn 0.42207665 0.31635628 -0.84957048
vn 0.42207665 0.31635628 -0.84957048
vn 0.33959411 0.33584561 -0.87856904
vn 0.33959411 0.33584561 -0.87856904
vn 0.33959411 0.33584561 -0.87856904
vn 0.32777487 0.39782255 -0.85691356
vn 0.32777487 0.39782255 -0.85691356
vn 0.32777487 0.39782255 -0.85691356
vn 0.25458095 0.40927458 -0.87617513
vn 0.25458095 0.40927458 -0.87617513
vn 0.25458095 0.40927458 -0.87617513
vn 0.24780700 0.44812648 -0.85893792
vn 0.24780700 0.44812648 -0.85893792
vn 0.24780700 0.44812648 -0.85893792
vn 0.17253591 0.46123635 -0.87034039
vn 0.17253591 0.46123635 -0.87034039
vn 0.17253591 0.46123635 -0.87034039
vn -0.44231402 0.31622409 -0.83926196
vn -0.44231402 0.31622409 -0.83926196
vn -0.44231402 0.31622409 -0.83926196
vn -0.51830151 0.33685723 -0.78606027
vn -0.51830151 0.33685723 -0.78606027
vn -0.51830151 0.33685723 -0.78606027
vn -0.55693479 0.42248428 -0.71507389
vn -0.55693479 0.42248428 -0.71507389
vn -0.55693479 0.42248428 -0.71507389
vn -0.61447334 0.43553154 -0.65782580
vn -0.61447334 0.43553154 -0.65782580
vn -0.61447334 0.43553154 -0.65782580
vn -0.72022545 0.42220444 -0.55047136
vn -0.72022545 0.42220444 -0.55047136
vn -0.72022545 0.42220444 -0.55047136
vn -0.76155031 0.43535213 -0.48011420
vn -0.76155031 0.43535213 -0.48011420
vn -0.76155031 0.43535213 -0.48011420
vn -0.79992458 0.31660259 -0.50978766
vn -0.79992458 0.31660259 -0.50978766
vn -0.79992458 0.31660259 -0.50978766
vn -0.83703336 0.33581159 -0.43197886
vn -0.83703336 0.33581159 -0.43197886
vn -0.83703336 0.33581159 -0.43197886
vn -0.81677173 0.39779607 -0.41790217
vn -0.81677173 0.39779607 -0.41790217
vn -0.81677173 0.39779607 -0.41790217
vn -0.84378573 0.40924145 -0.34719889
vn -0.84378573 0.40924145 -0.34719889
vn -0.84378573 0.40924145 -0.34719889
vn -0.83817913 0.42302566 -0.34424560
vn -0.83817913 0.42302566 -0.34424560
vn -0.83817913 0.42302566 -0.34424560
vn -0.85927707 0.43566857 -0.26802206
vn -0.85927707 0.43566857 -0.26802206
vn -0.85927707 0.43566857 -0.26802206
vn -0.90945889 0.39657828 -0.12494072
vn -0.90945889 0.39657828 -0.12494072
vn -0.90945889 0.39657828 -0.12494072
vn -0.91140972 0.40960799 -0.03941591
vn -0.91140972 0.40960799 -0.03941591
vn -0.91140972 0.40960799 -0.03941591
vn -0.80968969 0.42225270 0.40756013
vn -0.80968969 0.42225270 0.40756013
vn -0.80968969 0.42225270 0.40756013
vn -0.76442885 0.43541864 0.47545677
vn -0.76442885 0.43541864 0.47545677
vn -0.76442885 0.43541864 0.47545677
vn -0.76979956 0.42276918 0.47819960
vn -0.76979956 0.42276918 0.47819960
vn -0.76979956 0.42276918 0.47819960
vn -0.71959399 0.43563933 0.54074289
vn -0.71959399 0.43563933 0.54074289
vn -0.71959399 0.43563933 0.54074289
vn -0.52848270 0.31622585 0.78784976
vn -0.52848270 0.31622585 0.78784976
vn -0.52848270 0.31622585 0.78784976
vn -0.44987880 0.33586904 0.82752707
vn -0.44987880 0.33586904 0.82752707
vn -0.44987880 0.33586904 0.82752707
vn -0.42859056 0.42374492 0.79796640
vn -0.42859056 0.42374492 0.79796640
vn -0.42859056 0.42374492 0.79796640
vn -0.35932239 0.43560291 0.82531057
vn -0.35932239 0.43560291 0.82531057
vn -0.35932239 0.43560291 0.82531057
vn -0.21725771 0.42232538 0.88002293
vn -0.21725771 0.42232538 0.88002293
vn -0.21725771 0.42232538 0.88002293
vn -0.13780621 0.43522763 0.88971139
vn -0.13780621 0.43522763 0.88971139
vn -0.13780621 0.43522763 0.88971139
vn -0.13919805 0.42283975 0.89544986
vn -0.13919805 0.42283975 0.89544986
vn -0.13919805 0.42283975 0.89544986
vn -0.06080027 0.43546427 0.89815043
vn -0.06080027 0.43546427 0.89815043
vn -0.06080027 0.43546427 0.89815043
vn -0.06954188 0.30240502 0.95063933
vn -0.06954188 0.30240502 0.95063933
vn -0.06954188 0.30240502 0.95063933
vn 0.02228126 0.33228745 0.94291495
vn 0.02228126 0.33228745 0.94291495
vn 0.02228126 0.33228745 0.94291495
vn 0.86206998 0.39677869 0.31528087
vn 0.86206998 0.39677869 0.31528087
vn 0.86206998 0.39677869 0.31528087
vn 0.88144899 0.40927766 0.23566814
vn 0.88144899 0.40927766 0.23566814
vn 0.88144899 0.40927766 0.23566814
vn 0.88647643 0.39714985 0.23755323
vn 0.88647643 0.39714985 0.23755323
vn 0.88647643 0.39714985 0.23755323
vn 0.89876249 0.40958015 0.15642915
vn 0.89876249 0.40958015 0.15642915
vn 0.89876249 0.40958015 0.15642915
vn 0.94862076 0.31628928 0.00892958
vn 0.94862076 0.31628928 0.00892958
vn 0.94862076 0.31628928 0.00892958
vn 0.93791476 0.33682126 -0.08286948
vn 0.93791476 0.33682126 -0.08286948
vn 0.93791476 0.33682126 -0.08286948
vn 0.82881189 0.31650852 -0.46140352
vn 0.82881189 0.31650852 -0.46140352
vn 0.82881189 0.31650852 -0.46140352
vn 0.77769186 0.33583187 -0.53142481
vn 0.77769186 0.33583187 -0.53142481
vn 0.77769186 0.33583187 -0.53142481
vn 0.74525435 0.42374771 -0.51481437
vn 0.74525435 0.42374771 -0.51481437
vn 0.74525435 0.42374771 -0.51481437
vn 0.69683936 0.43544868 -0.56991171
vn 0.69683936 0.43544868 -0.56991171
vn 0.69683936 0.43544868 -0.56991171
vn 0.69182620 0.44777797 -0.56645511
vn 0.69182620 0.44777797 -0.56645511
vn 0.69182620 0.44777797 -0.56645511
vn 0.63417164 0.46136826 -0.62045601
vn 0.63417164 0.46136826 -0.62045601
vn 0.63417164 0.46136826 -0.62045601
vn 0.16627543 0.54041026 -0.82480861
vn 0.16627543 0.54041026 -0.82480861
vn 0.16627543 0.54041026 -0.82480861
vn 0.08946827 0.55219931 -0.82889767
vn 0.08946827 0.55219931 -0.82889767
vn 0.08946827 0.55219931 -0.82889767
vn 0.02395443 0.54017551 -0.84121139
vn 0.02395443 0.54017551 -0.84121139
vn 0.02395443 0.54017551 -0.84121139
vn -0.05124853 0.55187393 -0.83235134
vn -0.05124853 0.55187393 -0.83235134
vn -0.05124853 0.55187393 -0.83235134
vn -0.05125776 0.54058964 -0.83972346
vn -0.05125776 0.54058964 -0.83972346
vn -0.05125776 0.54058964 -0.83972346
vn -0.12261862 0.55179217 -0.82491822
vn -0.12261862 0.55179217 -0.82491822
vn -0.12261862 0.55179217 -0.82491822
vn -0.12325832 0.54056091 -0.83222670
vn -0.12325832 0.54056091 -0.83222670
vn -0.12325832 0.54056091 -0.83222670
vn -0.19556799 0.55211805 -0.81050529
vn -0.19556799 0.55211805 -0.81050529
vn -0.19556799 0.55211805 -0.81050529
vn -0.26137155 0.54021573 -0.79990741
vn -0.26137155 0.54021573 -0.79990741
vn -0.26137155 0.54021573 -0.79990741
vn -0.33151736 0.55225520 -0.76492512
vn -0.33151736 0.55225520 -0.76492512
vn -0.33151736 0.55225520 -0.76492512
vn -0.46609237 0.51666580 -0.71820217
vn -0.46609237 0.51666580 -0.71820217
vn -0.46609237 0.51666580 -0.71820217
vn -0.52497143 0.52773355 -0.66775916
vn -0.52497143 0.52773355 -0.66775916
vn -0.52497143 0.52773355 -0.66775916
vn -0.58223332 0.51664982 -0.62775578
vn -0.58223332 0.51664982 -0.62775578
vn -0.58223332 0.51664982 -0.62775578
vn -0.63261283 0.52793546 -0.56664377
vn -0.63261283 0.52793546 -0.56664377
vn -0.63261283 0.52793546 -0.56664377
vn -0.80221683 0.54035661 -0.25389544
vn -0.80221683 0.54035661 -0.25389544
vn -0.80221683 0.54035661 -0.25389544
vn -0.81458986 0.55222098 -0.17746930
vn -0.81458986 0.55222098 -0.17746930
vn -0.81458986 0.55222098 -0.17746930
vn -0.84048052 0.54031609 -0.04063260
vn -0.84048052 0.54031609 -0.04063260
vn -0.84048052 0.54031609 -0.04063260
vn -0.83292525 0.55218547 0.03642442
vn -0.83292525 0.55218547 0.03642442
vn -0.83292525 0.55218547 0.03642442
vn -0.85016350 0.51623530 0.10355258
vn -0.85016350 0.51623530 0.10355258
vn -0.85016350 0.51623530 0.10355258
vn -0.83054958 0.52744216 0.17886354
vn -0.83054958 0.52744216 0.17886354
vn -0.83054958 0.52744216 0.17886354
vn -0.83698670 0.51684504 0.17979007
vn -0.83698670 0.51684504 0.17979007
vn -0.83698670 0.51684504 0.17979007
vn -0.81209561 0.52744865 0.24959696
vn -0.81209561 0.52744865 0.24959696
vn -0.81209561 0.52744865 0.24959696
vn -0.80386469 0.54079915 0.24766480
vn -0.80386469 0.54079915 0.24766480
vn -0.80386469 0.54079915 0.24766480
vn -0.77171378 0.55224876 0.31540315
vn -0.77171378 0.55224876 0.31540315
vn -0.77171378 0.55224876 0.31540315
vn -0.67473131 0.54045212 0.50264218
vn -0.67473131 0.54045212 0.50264218
vn -0.67473131 0.54045212 0.50264218
vn -0.62032000 0.55222326 0.55700320
vn -0.62032000 0.55222326 0.55700320
vn -0.62032000 0.55222326 0.55700320
vn -0.34458282 0.51653628 0.78387049
vn -0.34458282 0.51653628 0.78387049
vn -0.34458282 0.51653628 0.78387049
vn -0.27195635 0.52739361 0.80491970
vn -0.27195635 0.52739361 0.80491970
vn -0.27195635 0.52739361 0.80491970
vn -0.27446472 0.51677044 0.81093614
vn -0.27446472 0.51677044 0.81093614
vn -0.27446472 0.51677044 0.81093614
vn -0.19986042 0.52760201 0.82564637
vn -0.19986042 0.52760201 0.82564637
vn -0.19986042 0.52760201 0.82564637
vn 0.01385842 0.51657141 0.85613195
vn 0.01385842 0.51657141 0.85613195
vn 0.01385842 0.51657141 0.85613195
vn 0.08864735 0.52743210 0.84495978
vn 0.08864735 0.52743210 0.84495978
vn 0.08864735 0.52743210 0.84495978
vn 0.08887907 0.51674482 0.85151353
vn 0.08887907 0.51674482 0.85151353
vn 0.08887907 0.51674482 0.85151353
vn 0.16227323 0.52752182 0.83389935
vn 0.16227323 0.52752182 0.83389935
vn 0.16227323 0.52752182 0.83389935
vn 0.29554453 0.54020678 0.78792771
vn 0.29554453 0.54020678 0.78792771
vn 0.29554453 0.54020678 0.78792771
vn 0.36411748 0.55225473 0.74995545
vn 0.36411748 0.55225473 0.74995545
vn 0.36411748 0.55225473 0.74995545
vn 0.55339561 0.51626585 0.65362289
vn 0.55339561 0.51626585 0.65362289
vn 0.55339561 0.51626585 0.65362289
vn 0.60742625 0.52780734 0.59367733
vn 0.60742625 0.52780734 0.59367733
vn 0.60742625 0.52780734 0.59367733
vn 0.72890832 0.54008327 0.42071691
vn 0.72890832 0.54008327 0.42071691
vn 0.72890832 0.54008327 0.42071691
vn 0.75686653 0.55179524 0.35025002
vn 0.75686653 0.55179524 0.35025002
vn 0.75686653 0.55179524 0.35025002
vn 0.77642725 0.51669849 0.36080937
vn 0.77642725 0.51669849 0.36080937
vn 0.77642725 0.51669849 0.36080937
vn 0.79936626 0.52767889 0.28734747
vn 0.79936626 0.52767889 0.28734747
vn 0.79936626 0.52767889 0.28734747
vn 0.82822425 0.54036359 0.14849845
vn 0.82822425 0.54036359 0.14849845
vn 0.82822425 0.54036359 0.14849845
vn 0.83065720 0.55181319 0.07423483
vn 0.83065720 0.55181319 0.07423483
vn 0.83065720 0.55181319 0.07423483
vn 0.83786709 0.54065298 0.07531991
vn 0.83786709 0.54065298 0.07531991
vn 0.83786709 0.54065298 0.07531991
vn 0.83378101 0.55209484 0.00072008
vn 0.83378101 0.55209484 0.00072008
vn 0.83378101 0.55209484 0.00072008
vn 0.83008319 0.54019585 -0.13838475
vn 0.83008319 0.54019585 -0.13838475
vn 0.83008319 0.54019585 -0.13838475
vn 0.80602642 0.55224824 -0.21293967
vn 0.80602642 0.55224824 -0.21293967
vn 0.80602642 0.55224824 -0.21293967
vn 0.80831324 0.51628905 -0.28297584
vn 0.80831324 0.51628905 -0.28297584
vn 0.80831324 0.51628905 -0.28297584
vn 0.77146713 0.52787475 -0.35522770
vn 0.77146713 0.52787475 -0.35522770
vn 0.77146713 0.52787475 -0.35522770
vn 0.50557837 0.51641473 -0.69116303
vn 0.50557837 0.51641473 -0.69116303
vn 0.50557837 0.51641473 -0.69116303
vn 0.43749870 0.52755976 -0.72820023
vn 0.43749870 0.52755976 -0.72820023
vn 0.43749870 0.52755976 -0.72820023
vn 0.44128054 0.51680630 -0.73360939
vn 0.44128054 0.51680630 -0.73360939
vn 0.44128054 0.51680630 -0.73360939
vn 0.37153338 0.52764563 -0.76390643
vn 0.37153338 0.52764563 -0.76390643
vn 0.37153338 0.52764563 -0.76390643
vn 0.14904393 0.60524035 0.78196549
vn 0.14904393 0.60524035 0.78196549
vn 0.14904393 0.60524035 0.78196549
vn 0.21832692 0.61401608 0.75849694
vn 0.21832692 0.61401608 0.75849694
vn 0.21832692 0.61401608 0.75849694
vn 0.07602695 0.74645413 -0.66107952
vn 0.07602695 0.74645413 -0.66107952
vn 0.07602695 0.74645413 -0.66107952
vn 0.01369333 0.75420562 -0.65649552
vn 0.01369333 0.75420562 -0.65649552
vn 0.01369333 0.75420562 -0.65649552
vn -0.15156792 0.74644127 -0.64796033
vn -0.15156792 0.74644127 -0.64796033
vn -0.15156792 0.74644127 -0.64796033
vn -0.20869255 0.75420253 -0.62259614
vn -0.20869255 0.75420253 -0.62259614
vn -0.20869255 0.75420253 -0.62259614
vn -0.26825494 0.72763653 -0.63133538
vn -0.26825494 0.72763653 -0.63133538
vn -0.26825494 0.72763653 -0.63133538
vn -0.32355279 0.73484629 -0.59608264
vn -0.32355279 0.73484629 -0.59608264
vn -0.32355279 0.73484629 -0.59608264
vn -0.49823832 0.74642681 0.44114124
vn -0.49823832 0.74642681 0.44114124
vn -0.49823832 0.74642681 0.44114124
vn -0.45080829 0.75391750 0.47789150
vn -0.45080829 0.75391750 0.47789150
vn -0.45080829 0.75391750 0.47789150
vn -0.48596359 0.70789632 0.51256432
vn -0.48596359 0.70789632 0.51256432
vn -0.48596359 0.70789632 0.51256432
vn -0.43472673 0.71423131 0.54853104
vn -0.43472673 0.71423131 0.54853104
vn -0.43472673 0.71423131 0.54853104
vn -0.42528917 0.72803062 0.53768070
vn -0.42528917 0.72803062 0.53768070
vn -0.42528917 0.72803062 0.53768070
vn -0.37092026 0.73479176 0.56789015
vn -0.37092026 0.73479176 0.56789015
vn -0.37092026 0.73479176 0.56789015
vn 0.18036295 0.74669515 0.64024649
vn 0.18036295 0.74669515 0.64024649
vn 0.18036295 0.74669515 0.64024649
vn 0.23525390 0.75427977 0.61295810
vn 0.23525390 0.75427977 0.61295810
vn 0.23525390 0.75427977 0.61295810
vn 0.29515707 0.72765460 0.61919390
vn 0.29515707 0.72765460 0.61919390
vn 0.29515707 0.72765460 0.61919390
vn 0.34585195 0.73455322 0.58379619
vn 0.34585195 0.73455322 0.58379619
vn 0.34585195 0.73455322 0.58379619
vn 0.33942442 0.74682037 0.57188320
vn 0.33942442 0.74682037 0.57188320
vn 0.33942442 0.74682037 0.57188320
vn 0.38224827 0.75384598 0.53441790
vn 0.38224827 0.75384598 0.53441790
vn 0.38224827 0.75384598 0.53441790
vn 0.38668270 0.74678268 0.54110269
vn 0.38668270 0.74678268 0.54110269
vn 0.38668270 0.74678268 0.54110269
vn 0.42839975 0.75419510 0.49765793
vn 0.42839975 0.75419510 0.49765793
vn 0.42839975 0.75419510 0.49765793
vn 0.47239085 0.74639239 0.46876997
vn 0.47239085 0.74639239 0.46876997
vn 0.47239085 0.74639239 0.46876997
vn 0.50658577 0.75401438 0.41813057
vn 0.50658577 0.75401438 0.41813057
vn 0.50658577 0.75401438 0.41813057
vn 0.56262089 0.72771292 0.39229026
vn 0.56262089 0.72771292 0.39229026
vn 0.56262089 0.72771292 0.39229026
vn 0.59012499 0.73477506 0.33445195
vn 0.59012499 0.73477506 0.33445195
vn 0.59012499 0.73477506 0.33445195
vn 0.66360853 0.74629572 -0.05163736
vn 0.66360853 0.74629572 -0.05163736
vn 0.66360853 0.74629572 -0.05163736
vn 0.64687514 0.75419110 -0.11290857
vn 0.64687514 0.75419110 -0.11290857
vn 0.64687514 0.75419110 -0.11290857
vn 0.64448434 0.74650067 -0.16545901
vn 0.64448434 0.74650067 -0.16545901
vn 0.64448434 0.74650067 -0.16545901
vn 0.61791667 0.75424384 -0.22202524
vn 0.61791667 0.75424384 -0.22202524
vn 0.61791667 0.75424384 -0.22202524
vn 0.47954528 0.74636256 -0.46149676
vn 0.47954528 0.74636256 -0.46149676
vn 0.47954528 0.74636256 -0.46149676
vn 0.42975423 0.75401655 -0.49675985
vn 0.42975423 0.75401655 -0.49675985
vn 0.42975423 0.75401655 -0.49675985
vn 0.43531065 0.74682885 -0.50274378
vn 0.43531065 0.74682885 -0.50274378
vn 0.43531065 0.74682885 -0.50274378
vn 0.38330165 0.75423261 -0.53311633
vn 0.38330165 0.75423261 -0.53311633
vn 0.38330165 0.75423261 -0.53311633
vn -0.33547974 0.88946444 -0.31033266
vn -0.33547974 0.88946444 -0.31033266
vn -0.33547974 0.88946444 -0.31033266
vn -0.36802013 0.88903971 -0.27234091
vn -0.36802013 0.88903971 -0.27234091
vn -0.36802013 0.88903971 -0.27234091
vn -0.56575951 0.81448227 -0.12858775
vn -0.56575951 0.81448227 -0.12858775
vn -0.56575951 0.81448227 -0.12858775
vn -0.56901395 0.81916024 -0.07210839
vn -0.56901395 0.81916024 -0.07210839
vn -0.56901395 0.81916024 -0.07210839
vn -0.45679814 0.88947733 0.01286661
vn -0.45679814 0.88947733 0.01286661
vn -0.45679814 0.88947733 0.01286661
vn -0.45349221 0.88905648 0.06263701
vn -0.45349221 0.88905648 0.06263701
vn -0.45349221 0.88905648 0.06263701
vn -0.53898029 0.81450714 0.21465871
vn -0.53898029 0.81450714 0.21465871
vn -0.53898029 0.81450714 0.21465871
vn -0.50962625 0.81920866 0.26301762
vn -0.50962625 0.81920866 0.26301762
vn -0.50962625 0.81920866 0.26301762
vn 0.34906310 0.88947482 0.29493984
vn 0.34747236 0.89139845 0.29098413
vn 0.34906310 0.88947482 0.29493984
vn 0.37876908 0.88907328 0.25706552
vn 0.37876908 0.88907328 0.25706552
vn 0.37876908 0.88907328 0.25706552
vn 0.41802191 0.88952157 -0.18441543
vn 0.41802191 0.88952157 -0.18441543
vn 0.41802191 0.88952157 -0.18441543
vn 0.39611569 0.88908994 -0.22937182
vn 0.39611569 0.88908994 -0.22937182
vn 0.39611569 0.88908994 -0.22937182
vn 0.09500087 0.98278206 -0.15847478
vn 0.09500087 0.98278206 -0.15847478
vn 0.09500087 0.98278206 -0.15847478
vn 0.09219510 0.98384520 -0.15345581
vn 0.09219510 0.98384520 -0.15345581
vn 0.09219510 0.98384520 -0.15345581
vn 0.10239474 0.98469263 -0.14105225
vn 0.10239474 0.98469263 -0.14105225
vn 0.10239474 0.98469263 -0.14105225
vn 0.07870580 0.99123287 -0.10612634
vn 0.07870580 0.99123287 -0.10612634
vn 0.07870580 0.99123287 -0.10612634
vn 0.08418995 0.99170141 -0.09716150
vn 0.08418995 0.99170141 -0.09716150
vn 0.08418995 0.99170141 -0.09716150
vn 0.08684490 0.99115118 -0.10038577
vn 0.08684490 0.99115118 -0.10038577
vn 0.08684490 0.99115118 -0.10038577
vn 0.09223822 0.99170000 -0.08957239
vn 0.09223822 0.99170000 -0.08957239
vn 0.09223822 0.99170000 -0.08957239
vn 0.14562356 0.97878951 -0.14410020
vn 0.14562356 0.97878951 -0.14410020
vn 0.14562356 0.97878951 -0.14410020
vn 0.15440400 0.97993349 -0.12605462
vn 0.15440400 0.97993349 -0.12605462
vn 0.15440400 0.97993349 -0.12605462
vn 0.15817408 0.97890045 -0.12936331
vn 0.15817408 0.97890045 -0.12936331
vn 0.15817408 0.97890045 -0.12936331
vn 0.16469928 0.97992611 -0.11233420
vn 0.16469928 0.97992611 -0.11233420
vn 0.16469928 0.97992611 -0.11233420
vn 0.16876536 0.97888626 -0.11532537
vn 0.16876536 0.97888626 -0.11532537
vn 0.16876536 0.97888626 -0.11532537
vn 0.17410487 0.97995991 -0.09677841
vn 0.17410487 0.97995991 -0.09677841
vn 0.17410487 0.97995991 -0.09677841
vn 0.16283733 0.98380264 -0.07494242
vn 0.16283733 0.98380264 -0.07494242
vn 0.16283733 0.98380264 -0.07494242
vn 0.16428690 0.98469510 -0.05818405
vn 0.16428690 0.98469510 -0.05818405
vn 0.16428690 0.98469510 -0.05818405
vn 0.12498463 0.99123356 -0.04283546
vn 0.12498463 0.99123356 -0.04283546
vn 0.12498463 0.99123356 -0.04283546
vn 0.12442216 0.99170214 -0.03234173
vn 0.12442216 0.99170214 -0.03234173
vn 0.12442216 0.99170214 -0.03234173
vn 0.17331653 0.98377368 -0.04637597
vn 0.17331653 0.98377368 -0.04637597
vn 0.17331653 0.98377368 -0.04637597
vn 0.17183066 0.98469414 -0.02918337
vn 0.17183066 0.98469414 -0.02918337
vn 0.17183066 0.98469414 -0.02918337
vn 0.13048337 0.99123240 -0.02079463
vn 0.13048337 0.99123240 -0.02079463
vn 0.13048337 0.99123240 -0.02079463
vn 0.12784385 0.99175063 -0.00930836
vn 0.12784385 0.99175063 -0.00930836
vn 0.12784385 0.99175063 -0.00930836
vn 0.21619817 0.97615233 -0.01962078
vn 0.21619817 0.97615233 -0.01962078
vn 0.21619817 0.97615233 -0.01962078
vn 0.21190518 0.97728986 0.00084962
vn 0.21190518 0.97728986 0.00084962
vn 0.21190518 0.97728986 0.00084962
vn 0.19772493 0.98025651 0.00142525
vn 0.19772493 0.98025651 0.00142525
vn 0.19772493 0.98025651 0.00142525
vn 0.19283890 0.98108716 0.01676730
vn 0.19283890 0.98108716 0.01676730
vn 0.19283890 0.98108716 0.01676730
vn 0.17892819 0.98373218 0.01599058
vn 0.17892819 0.98373218 0.01599058
vn 0.17892819 0.98373218 0.01599058
vn 0.17210575 0.98459007 0.03101631
vn 0.17210575 0.98459007 0.03101631
vn 0.17210575 0.98459007 0.03101631
vn 0.20680787 0.97772584 0.03581456
vn 0.20680787 0.97772584 0.03581456
vn 0.20680787 0.97772584 0.03581456
vn 0.19802042 0.97876832 0.05291961
vn 0.19800401 0.97877185 0.05291583
vn 0.19739136 0.97890320 0.05277468
vn 0.19736984 0.97890781 0.05276972
vn 0.18737274 0.97993149 0.06801278
vn 0.18737274 0.97993149 0.06801278
vn 0.18737274 0.97993149 0.06801278
vn 0.16772130 0.98390422 0.06166079
vn 0.16772130 0.98390422 0.06166079
vn 0.16772130 0.98390422 0.06166079
vn 0.15811002 0.98469483 0.07333016
vn 0.15811002 0.98469483 0.07333016
vn 0.15811002 0.98469483 0.07333016
vn 0.16245841 0.98384717 0.07517987
vn 0.16245841 0.98384717 0.07517987
vn 0.16245841 0.98384717 0.07517987
vn 0.15122297 0.98469440 0.08665186
vn 0.15122297 0.98469440 0.08665186
vn 0.15122297 0.98469440 0.08665186
vn 0.10866693 0.99154312 0.07094884
vn 0.11397198 0.99123168 0.06685920
vn 0.11066717 0.99143096 0.06940768
vn 0.10542374 0.99171144 0.07344558
vn 0.10246905 0.99113782 0.08453346
vn 0.10246905 0.99113782 0.08453346
vn 0.10246905 0.99113782 0.08453346
vn 0.09153225 0.99170071 0.09028593
vn 0.09153225 0.99170071 0.09028593
vn 0.09153225 0.99170071 0.09028593
vn 0.12864603 0.98376928 0.12509280
vn 0.12864603 0.98376928 0.12509280
vn 0.12864603 0.98376928 0.12509280
vn 0.11311972 0.98468948 0.13262937
vn 0.11311972 0.98468948 0.13262937
vn 0.11311972 0.98468948 0.13262937
vn 0.08470668 0.99123359 0.10139399
vn 0.08470668 0.99123359 0.10139399
vn 0.08470668 0.99123359 0.10139399
vn 0.07470435 0.99170277 0.10461776
vn 0.07470435 0.99170277 0.10461776
vn 0.07470435 0.99170277 0.10461776
vn 0.07723576 0.99114822 0.10798077
vn 0.07723576 0.99114822 0.10798077
vn 0.07723576 0.99114822 0.10798077
vn 0.06546266 0.99169556 0.11070030
vn 0.06550453 0.99168533 0.11076719
vn 0.06760103 0.99116464 0.11411732
vn 0.06764738 0.99115295 0.11419138
vn 0.05555392 0.99170653 0.11589616
vn 0.05555392 0.99170653 0.11589616
vn 0.05555392 0.99170653 0.11589616
vn 0.07911409 0.98366654 0.16168208
vn 0.07911409 0.98366654 0.16168208
vn 0.07911409 0.98366654 0.16168208
vn 0.06195848 0.98457803 0.16360698
vn 0.06195848 0.98457803 0.16360698
vn 0.06195848 0.98457803 0.16360698
vn 0.04553498 0.99122638 0.12408395
vn 0.04553498 0.99122638 0.12408395
vn 0.04553498 0.99122638 0.12408395
vn 0.03502024 0.99169637 0.12374123
vn 0.03502024 0.99169637 0.12374123
vn 0.03502024 0.99169637 0.12374123
vn 0.04292532 0.98787397 0.14920602
vn 0.04292532 0.98787397 0.14920602
vn 0.04292532 0.98787397 0.14920602
vn 0.02840562 0.98859434 0.14789983
vn 0.02840562 0.98859434 0.14789983
vn 0.02840562 0.98859434 0.14789983
vn 0.03464122 0.98378056 0.17599945
vn 0.03464122 0.98378056 0.17599945
vn 0.03464122 0.98378056 0.17599945
vn 0.01805336 0.98467320 0.17347269
vn 0.01805336 0.98467320 0.17347269
vn 0.01805336 0.98467320 0.17347269
vn 0.01867665 0.98384677 0.17803572
vn 0.01867665 0.98384677 0.17803572
vn 0.01867665 0.98384677 0.17803572
vn 0.00306804 0.98469333 0.17426884
vn 0.00306804 0.98469333 0.17426884
vn 0.00306804 0.98469333 0.17426884
vn 0.00457482 0.97884926 0.20453163
vn 0.00457482 0.97884926 0.20453163
vn 0.00457482 0.97884926 0.20453163
vn -0.01369221 0.97992986 0.19887181
vn -0.01369702 0.97989561 0.19904015
vn -0.01385492 0.97875420 0.20456847
vn -0.01385956 0.97872012 0.20473115
vn -0.03081194 0.97971115 0.19803205
vn -0.03082393 0.97969047 0.19813244
vn -0.03126906 0.97891521 0.20185950
vn -0.03128383 0.97888922 0.20198321
vn -0.04751863 0.97991289 0.19368197
vn -0.04751863 0.97991289 0.19368197
vn -0.04751863 0.97991289 0.19368197
vn -0.04329048 0.98390829 0.17335056
vn -0.04329048 0.98390829 0.17335056
vn -0.04329048 0.98390829 0.17335056
vn -0.05592307 0.98469911 0.16504626
vn -0.05595595 0.98467908 0.16515461
vn -0.05728756 0.98385631 0.16954321
vn -0.05732361 0.98383373 0.16966201
vn -0.06993721 0.98468226 0.15971736
vn -0.06993721 0.98468226 0.15971736
vn -0.06993721 0.98468226 0.15971736
vn -0.08115850 0.97885558 0.18776329
vn -0.08115850 0.97885558 0.18776329
vn -0.08115850 0.97885558 0.18776329
vn -0.09535501 0.97993331 0.17503750
vn -0.09541190 0.97990742 0.17515142
vn -0.09751489 0.97893817 0.17936250
vn -0.09757704 0.97890917 0.17948696
vn -0.11023135 0.97994479 0.16600377
vn -0.11023135 0.97994479 0.16600377
vn -0.11023135 0.97994479 0.16600377
vn -0.08689944 0.98804500 0.12734038
vn -0.08689944 0.98804500 0.12734038
vn -0.08689944 0.98804500 0.12734038
vn -0.09336672 0.98855232 0.11851986
vn -0.09336672 0.98855232 0.11851986
vn -0.09336672 0.98855232 0.11851986
vn -0.08245278 0.99114974 0.10403718
vn -0.08245278 0.99114974 0.10403718
vn -0.08245278 0.99114974 0.10403718
vn -0.08830673 0.99169865 0.09346500
vn -0.08830673 0.99169865 0.09346500
vn -0.08830673 0.99169865 0.09346500
vn -0.09106844 0.99115423 0.09653923
vn -0.09106844 0.99115423 0.09653923
vn -0.09106844 0.99115423 0.09653923
vn -0.09599346 0.99170233 0.08550871
vn -0.09599346 0.99170233 0.08550871
vn -0.09599346 0.99170233 0.08550871
vn -0.13310156 0.98377667 0.12028068
vn -0.13310156 0.98377667 0.12028068
vn -0.13310156 0.98377667 0.12028068
vn -0.13962309 0.98469551 0.10430796
vn -0.13962309 0.98469551 0.10430796
vn -0.13962309 0.98469551 0.10430796
vn -0.16333370 0.97884336 0.12323871
vn -0.16333370 0.97884336 0.12323871
vn -0.16333370 0.97884336 0.12323871
vn -0.16941083 0.97992553 0.10509960
vn -0.16954963 0.97989143 0.10519363
vn -0.17410667 0.97875538 0.10828100
vn -0.17424080 0.97872145 0.10837187
vn -0.17876711 0.97972456 0.09045498
vn -0.17876711 0.97972456 0.09045498
vn -0.17876711 0.97972456 0.09045498
vn -0.12708423 0.98998639 0.06145368
vn -0.12708423 0.98998639 0.06145368
vn -0.12708423 0.98998639 0.06145368
vn -0.12798429 0.99039515 0.05232073
vn -0.12798429 0.99039515 0.05232073
vn -0.12798429 0.99039515 0.05232073
vn -0.16590138 0.98375422 0.06858841
vn -0.16590138 0.98375422 0.06858841
vn -0.16590138 0.98375422 0.06858841
vn -0.16664484 0.98469384 0.05106409
vn -0.16674954 0.98467426 0.05109988
vn -0.17098997 0.98387041 0.05254955
vn -0.17110473 0.98384836 0.05258878
vn -0.17040685 0.98469579 0.03654721
vn -0.17040685 0.98469579 0.03654721
vn -0.17040685 0.98469579 0.03654721
vn -0.17498857 0.98384901 0.03768468
vn -0.17498857 0.98384901 0.03768468
vn -0.17498857 0.98384901 0.03768468
vn -0.17281430 0.98473094 0.02098063
vn -0.17281430 0.98473094 0.02098063
vn -0.17281430 0.98473094 0.02098063
vn -0.17907809 0.98380325 0.00788707
vn -0.17907809 0.98380325 0.00788707
vn -0.17907809 0.98380325 0.00788707
vn -0.17408585 0.98469652 -0.00817855
vn -0.17408585 0.98469652 -0.00817855
vn -0.17408585 0.98469652 -0.00817855
vn -0.20438346 0.97885289 -0.00862694
vn -0.20438346 0.97885289 -0.00862694
vn -0.20438346 0.97885289 -0.00862694
vn -0.19748188 0.97994334 -0.02668243
vn -0.19748188 0.97994334 -0.02668243
vn -0.19748188 0.97994334 -0.02668243
vn -0.13953954 0.98998553 -0.02138640
vn -0.13953954 0.98998553 -0.02138640
vn -0.13953954 0.98998553 -0.02138640
vn -0.13511174 0.99039341 -0.02942284
vn -0.13511174 0.99039341 -0.02942284
vn -0.13511174 0.99039341 -0.02942284
vn -0.17554477 0.98375690 -0.03750184
vn -0.17554477 0.98375690 -0.03750184
vn -0.17554477 0.98375690 -0.03750184
vn -0.16623573 0.98469476 -0.05236330
vn -0.16623573 0.98469476 -0.05236330
vn -0.16623573 0.98469476 -0.05236330
vn -0.19541214 0.97885131 -0.06053276
vn -0.19541214 0.97885131 -0.06053276
vn -0.19541214 0.97885131 -0.06053276
vn -0.18413045 0.97994142 -0.07622860
vn -0.18413045 0.97994142 -0.07622860
vn -0.18413045 0.97994142 -0.07622860
vn -0.19387654 0.97777692 -0.07977577
vn -0.19387654 0.97777692 -0.07977577
vn -0.19387654 0.97777692 -0.07977577
vn -0.18215337 0.97876855 -0.09398018
vn -0.18213914 0.97877184 -0.09397346
vn -0.18160803 0.97889460 -0.09372237
vn -0.18158938 0.97889891 -0.09371355
vn -0.16856627 0.97992261 -0.10647577
vn -0.16867627 0.97989671 -0.10653988
vn -0.17274237 0.97892733 -0.10890983
vn -0.17286252 0.97889833 -0.10897986
vn -0.15797032 0.97997132 -0.12125012
vn -0.15797032 0.97997132 -0.12125012
vn -0.15797032 0.97997132 -0.12125012
vn -0.13349956 0.98380318 -0.11962098
vn -0.13349956 0.98380318 -0.11962098
vn -0.13349956 0.98380318 -0.11962098
vn -0.11868903 0.98469789 -0.12760480
vn -0.11868903 0.98469789 -0.12760480
vn -0.11868903 0.98469789 -0.12760480
vn -0.14005113 0.97884775 -0.14914007
vn -0.14005113 0.97884775 -0.14914007
vn -0.14005113 0.97884775 -0.14914007
vn -0.12272647 0.97992598 -0.15710916
vn -0.12272647 0.97992598 -0.15710916
vn -0.12272647 0.97992598 -0.15710916
vn -0.10942360 0.98390455 -0.14127386
vn -0.10942360 0.98390455 -0.14127386
vn -0.10942360 0.98390455 -0.14127386
vn -0.09508658 0.98469479 -0.14606406
vn -0.09508658 0.98469479 -0.14606406
vn -0.09508658 0.98469479 -0.14606406
vn -0.11242250 0.97885196 -0.17090940
vn -0.11242250 0.97885196 -0.17090940
vn -0.11242250 0.97885196 -0.17090940
vn -0.09398874 0.97993113 -0.17578710
vn -0.09398874 0.97993113 -0.17578710
vn -0.09398874 0.97993113 -0.17578710
vn -0.06000604 0.99128146 -0.11730450
vn -0.06000604 0.99128146 -0.11730450
vn -0.06000604 0.99128146 -0.11730450
vn -0.04991662 0.99172407 -0.11828653
vn -0.04991662 0.99172407 -0.11828653
vn -0.04991662 0.99172407 -0.11828653
vn -0.07581497 0.98186076 -0.17378591
vn -0.07581497 0.98186076 -0.17378591
vn -0.07581497 0.98186076 -0.17378591
vn -0.05824490 0.98277981 -0.17536072
vn -0.05824490 0.98277981 -0.17536072
vn -0.05824490 0.98277981 -0.17536072
vn -0.04015690 0.99122545 -0.12593460
vn -0.04015690 0.99122545 -0.12593460
vn -0.04015690 0.99122545 -0.12593460
vn -0.02891723 0.99172415 -0.12508801
vn -0.02891723 0.99172415 -0.12508801
vn -0.02891723 0.99172415 -0.12508801
vn -0.04492145 0.98186437 -0.18418582
vn -0.04492145 0.98186437 -0.18418582
vn -0.04492145 0.98186437 -0.18418582
vn -0.02734262 0.98278423 -0.18272256
vn -0.02731905 0.98280912 -0.18259220
vn -0.02635054 0.98381594 -0.17723385
vn -0.02631886 0.98384835 -0.17705859
vn -0.01056349 0.98469523 -0.17396472
vn -0.01056349 0.98469523 -0.17396472
vn -0.01056349 0.98469523 -0.17396472
vn -0.01100138 0.98384683 -0.17867398
vn -0.01100138 0.98384683 -0.17867398
vn -0.01100138 0.98384683 -0.17867398
vn 0.00446058 0.98469472 -0.17423091
vn 0.00446058 0.98469472 -0.17423091
vn 0.00446058 0.98469472 -0.17423091
vn 0.00478412 0.99062634 -0.13651585
vn 0.00478412 0.99062634 -0.13651585
vn 0.00478412 0.99062634 -0.13651585
vn 0.01468984 0.99111305 -0.13220864
vn 0.01468984 0.99111305 -0.13220864
vn 0.01468984 0.99111305 -0.13220864
vn 0.01868613 0.98377797 -0.17841450
vn 0.01868613 0.98377797 -0.17841450
vn 0.01868613 0.98377797 -0.17841450
vn 0.03420855 0.98469865 -0.17087523
vn 0.03420855 0.98469865 -0.17087523
vn 0.03420855 0.98469865 -0.17087523
vn 0.03921510 0.97883379 -0.20086460
vn 0.03921510 0.97883379 -0.20086460
vn 0.03921510 0.97883379 -0.20086460
vn 0.05580676 0.97991275 -0.19145913
vn 0.05580676 0.97991275 -0.19145913
vn 0.05580676 0.97991275 -0.19145913
vn 0.05700503 0.97890718 -0.19619162
vn 0.05700503 0.97890718 -0.19619162
vn 0.05700503 0.97890718 -0.19619162
vn 0.07202840 0.97993143 -0.18586637
vn 0.07207020 0.97990550 -0.18598680
vn 0.07361493 0.97893531 -0.19043765
vn 0.07366058 0.97890628 -0.19056920
vn 0.08794558 0.97994259 -0.17882421
vn 0.08794558 0.97994259 -0.17882421
vn 0.08794558 0.97994259 -0.17882421
vn 0.08379678 0.98198287 -0.16937454
vn 0.08379678 0.98198287 -0.16937454
vn 0.08379678 0.98198287 -0.16937454
vn 0.30910147 0.79476450 0.52230803
vn 0.30910147 0.79476450 0.52230803
vn 0.30910147 0.79476450 0.52230803
vn 0.30548282 0.79988877 0.51658320
vn 0.30548282 0.79988877 0.51658320
vn 0.30548282 0.79988877 0.51658320
vn 0.54436852 0.79994942 0.25247544
vn 0.54082384 0.80282640 0.25095684
vn 0.54087305 0.80278666 0.25097792
vn 0.54442422 0.79990398 0.25249930
vn 0.59835102 0.79473714 -0.10182793
vn 0.59835102 0.79473714 -0.10182793
vn 0.59835102 0.79473714 -0.10182793
vn 0.59165282 0.79990608 -0.10048486
vn 0.59165282 0.79990608 -0.10048486
vn 0.59165282 0.79990608 -0.10048486
vn 0.43524072 0.79478839 -0.42293844
vn 0.43524072 0.79478839 -0.42293844
vn 0.43524072 0.79478839 -0.42293844
vn 0.43055116 0.79988307 -0.41810618
vn 0.43055116 0.79988307 -0.41810618
vn 0.43055116 0.79988307 -0.41810618
vn 0.16709548 0.80166223 -0.57394840
vn 0.16709548 0.80166223 -0.57394840
vn 0.16709548 0.80166223 -0.57394840
vn 0.16535886 0.80675282 -0.56727977
vn 0.16535886 0.80675282 -0.56727977
vn 0.16535886 0.80675282 -0.56727977
vn 0.28801753 0.74489942 0.60180624
vn 0.28801753 0.74489942 0.60180624
vn 0.28801753 0.74489942 0.60180624
vn 0.25975750 0.80161508 0.53846012
vn 0.25975750 0.80161508 0.53846012
vn 0.25975750 0.80161508 0.53846012
vn 0.52070633 0.79990037 0.29836943
vn 0.51865836 0.80163653 0.29727493
vn 0.51869016 0.80160965 0.29729193
vn 0.52073968 0.79987202 0.29838724
vn 0.85945822 0.50670823 -0.06766345
vn 0.85945822 0.50670823 -0.06766345
vn 0.85945822 0.50670823 -0.06766345
vn 0.59556377 0.80160652 -0.05225687
vn 0.59556377 0.80160652 -0.05225687
vn 0.59556377 0.80160652 -0.05225687
vn 0.46296992 0.80162507 -0.37822757
vn 0.46296992 0.80162507 -0.37822757
vn 0.46296992 0.80162507 -0.37822757
vn 0.45765738 0.80681566 -0.37362844
vn 0.45765738 0.80681566 -0.37362844
vn 0.45765738 0.80681566 -0.37362844
vn 0.21532872 0.80286675 -0.55591234
vn 0.21532872 0.80286675 -0.55591234
vn 0.21532872 0.80286675 -0.55591234
vn 0.21426255 0.80523276 -0.55289399
vn 0.21426255 0.80523276 -0.55289399
vn 0.21426255 0.80523276 -0.55289399
vn 0.23992118 0.73880685 0.62976366
vn 0.23992118 0.73880685 0.62976366
vn 0.23992118 0.73880685 0.62976366
vn 0.20918147 0.80501261 0.55515567
vn 0.20918147 0.80501261 0.55515567
vn 0.20918147 0.80501261 0.55515567
vn 0.49136203 0.80161471 0.34055428
vn 0.49136203 0.80161471 0.34055428
vn 0.49136203 0.80161471 0.34055428
vn 0.36791983 0.89281893 0.25982564
vn 0.36791983 0.89281893 0.25982564
vn 0.36791983 0.89281893 0.25982564
vn 0.86942887 0.49404838 0.00310382
vn 0.86942887 0.49404838 0.00310382
vn 0.86942887 0.49404838 0.00310382
vn 0.86156503 0.50763546 0.00345452
vn 0.86156503 0.50763546 0.00345452
vn 0.86156503 0.50763546 0.00345452
vn 0.49240190 0.80291147 -0.33596657
vn 0.49240190 0.80291147 -0.33596657
vn 0.49240190 0.80291147 -0.33596657
vn 0.48988984 0.80520715 -0.33413978
vn 0.48988984 0.80520715 -0.33413978
vn 0.48988984 0.80520715 -0.33413978
vn 0.06691871 0.80501506 -0.58946810
vn 0.06691871 0.80501506 -0.58946810
vn 0.06691871 0.80501506 -0.58946810
vn 0.07420734 0.73160362 -0.67767943
vn 0.07420734 0.73160362 -0.67767943
vn 0.07420734 0.73160362 -0.67767943
vn -0.08426003 0.80473168 -0.58762843
vn -0.08426003 0.80473168 -0.58762843
vn -0.08426003 0.80473168 -0.58762843
vn -0.12186014 0.58336345 -0.80301755
vn -0.12186014 0.58336345 -0.80301755
vn -0.12186014 0.58336345 -0.80301755
vn -0.24119754 0.79530183 -0.55616431
vn -0.24119754 0.79530183 -0.55616431
vn -0.24119754 0.79530183 -0.55616431
vn -0.31415216 0.59612756 -0.73887777
vn -0.31415216 0.59612756 -0.73887777
vn -0.31415216 0.59612756 -0.73887777
vn -0.32243538 0.80666840 -0.49529942
vn -0.32243538 0.80666840 -0.49529942
vn -0.32243538 0.80666840 -0.49529942
vn -0.32637621 0.80155534 -0.50098662
vn -0.32637621 0.80155534 -0.50098662
vn -0.32637621 0.80155534 -0.50098662
vn -0.36950567 0.79981991 -0.47302609
vn -0.36950567 0.79981991 -0.47302609
vn -0.36950567 0.79981991 -0.47302609
vn -0.37381175 0.79471774 -0.47821386
vn -0.37381175 0.79471774 -0.47821386
vn -0.37381175 0.79471774 -0.47821386
vn -0.44162068 0.80698523 -0.39210459
vn -0.44162068 0.80698523 -0.39210459
vn -0.44162068 0.80698523 -0.39210459
vn -0.33718108 0.89076446 -0.30470903
vn -0.33718108 0.89076446 -0.30470903
vn -0.33718108 0.89076446 -0.30470903
vn -0.36350267 0.88822487 -0.28093129
vn -0.36350267 0.88822487 -0.28093129
vn -0.36350267 0.88822487 -0.28093129
vn -0.48345342 0.79479474 -0.36684345
vn -0.48345342 0.79479474 -0.36684345
vn -0.48345342 0.79479474 -0.36684345
vn -0.52382535 0.80663539 -0.27376330
vn -0.52382535 0.80663539 -0.27376330
vn -0.52382535 0.80663539 -0.27376330
vn -0.72077985 0.58643490 -0.36955449
vn -0.72077985 0.58643490 -0.36955449
vn -0.72077985 0.58643490 -0.36955449
vn -0.57883122 0.80477553 -0.13149432
vn -0.57883122 0.80477553 -0.13149432
vn -0.57883122 0.80477553 -0.13149432
vn -0.78974356 0.58861787 -0.17272555
vn -0.78974356 0.58861787 -0.17272555
vn -0.78974356 0.58861787 -0.17272555
vn -0.59100172 0.80615868 0.02872534
vn -0.59100172 0.80615868 0.02872534
vn -0.59100172 0.80615868 0.02872534
vn -0.45991433 0.88777421 0.01832383
vn -0.45991433 0.88777421 0.01832383
vn -0.45991433 0.88777421 0.01832383
vn -0.57982954 0.80519139 0.12435651
vn -0.57982954 0.80519139 0.12435651
vn -0.57982954 0.80519139 0.12435651
vn -0.58291571 0.80284192 0.12511643
vn -0.58291571 0.80284192 0.12511643
vn -0.58291571 0.80284192 0.12511643
vn -0.56499179 0.80672860 0.17312780
vn -0.56499179 0.80672860 0.17312780
vn -0.56499179 0.80672860 0.17312780
vn -0.58006642 0.79483147 0.17822983
vn -0.58006642 0.79483147 0.17822983
vn -0.58006642 0.79483147 0.17822983
vn -0.66554697 0.66497167 0.33890990
vn -0.66554697 0.66497167 0.33890990
vn -0.66554697 0.66497167 0.33890990
vn -0.71460690 0.59874546 0.36171930
vn -0.71460690 0.59874546 0.36171930
vn -0.71460690 0.59874546 0.36171930
vn -0.51424876 0.79516371 0.32134543
vn -0.51424876 0.79516371 0.32134543
vn -0.51424876 0.79516371 0.32134543
vn -0.63177625 0.66987053 0.39004134
vn -0.63177625 0.66987053 0.39004134
vn -0.63177625 0.66987053 0.39004134
vn -0.44121869 0.80675565 0.39302849
vn -0.44121869 0.80675565 0.39302849
vn -0.44121869 0.80675565 0.39302849
vn -0.44626339 0.80163064 0.39779054
vn -0.44626339 0.80163064 0.39779054
vn -0.44626339 0.80163064 0.39779054
vn -0.32693612 0.80301446 0.49827758
vn -0.32693612 0.80301446 0.49827758
vn -0.32693612 0.80301446 0.49827758
vn -0.44538950 0.59605452 0.66809221
vn -0.44538950 0.59605452 0.66809221
vn -0.44538950 0.59605452 0.66809221
vn -0.19027522 0.80524185 0.56158784
vn -0.19027522 0.80524185 0.56158784
vn -0.19027522 0.80524185 0.56158784
vn -0.19434168 0.79480535 0.57490501
vn -0.19434168 0.79480535 0.57490501
vn -0.19434168 0.79480535 0.57490501
vn -0.09271063 0.80665688 0.58370319
vn -0.09271063 0.80665688 0.58370319
vn -0.09271063 0.80665688 0.58370319
vn -0.11263394 0.66522754 0.73809614
vn -0.11263394 0.66522754 0.73809614
vn -0.11263394 0.66522754 0.73809614
vn -0.03968659 0.79518785 0.60506302
vn -0.03968659 0.79518785 0.60506302
vn -0.03968659 0.79518785 0.60506302
vn -0.05260256 0.66996759 0.74052441
vn -0.05260256 0.66996759 0.74052441
vn -0.05260256 0.66996759 0.74052441
vn 0.06116915 0.80666524 0.58783461
vn 0.06116915 0.80666524 0.58783461
vn 0.06116915 0.80666524 0.58783461
vn 0.06206299 0.80166917 0.59453741
vn 0.06206299 0.80166917 0.59453741
vn 0.06206299 0.80166917 0.59453741
vn 0.11318604 0.79993049 0.58932176
vn 0.11318604 0.79993049 0.58932176
vn 0.11318604 0.79993049 0.58932176
vn 0.11466235 0.79479882 0.59594243
vn 0.11466235 0.79479882 0.59594243
vn 0.11466235 0.79479882 0.59594243
vn 0.38342550 0.80677531 0.44955365
vn 0.38342550 0.80677531 0.44955365
vn 0.38342550 0.80677531 0.44955365
vn 0.38810035 0.80162570 0.45472448
vn 0.38810035 0.80162570 0.45472448
vn 0.38810035 0.80162570 0.45472448
vn 0.42728217 0.79987421 0.42146316
vn 0.42728217 0.79987421 0.42146316
vn 0.42728217 0.79987421 0.42146316
vn 0.43219404 0.79480040 0.42602892
vn 0.43219404 0.79480040 0.42602892
vn 0.43219404 0.79480040 0.42602892
vn 0.57971617 0.79930702 0.15823225
vn 0.57971617 0.79930702 0.15823225
vn 0.57971617 0.79930702 0.15823225
vn 0.78172975 0.58835983 0.20671553
vn 0.78172975 0.58835983 0.20671553
vn 0.78172975 0.58835983 0.20671553
vn 0.67147359 0.73167225 0.11738372
vn 0.67147359 0.73167225 0.11738372
vn 0.67147359 0.73167225 0.11738372
vn 0.78843938 0.59855685 0.14174991
vn 0.78843938 0.59855685 0.14174991
vn 0.78843938 0.59855685 0.14174991
vn 0.55699503 0.80674829 -0.19726564
vn 0.55699503 0.80674829 -0.19726564
vn 0.55699503 0.80674829 -0.19726564
vn 0.56350293 0.80159259 -0.19978432
vn 0.56350293 0.80159259 -0.19978432
vn 0.56350293 0.80159259 -0.19978432
vn 0.54447525 0.79951479 -0.25361940
vn 0.54447525 0.79951479 -0.25361940
vn 0.54447525 0.79951479 -0.25361940
vn 0.41902763 0.88775137 -0.19056064
vn 0.41902763 0.88775137 -0.19056064
vn 0.41902763 0.88775137 -0.19056064
vn 0.34713533 0.80674150 -0.47818953
vn 0.34713533 0.80674150 -0.47818953
vn 0.34713533 0.80674150 -0.47818953
vn 0.35104166 0.80162314 -0.48391125
vn 0.35104166 0.80162314 -0.48391125
vn 0.35104166 0.80162314 -0.48391125
vn 0.31163600 0.80003038 -0.51267377
vn 0.31163600 0.80003038 -0.51267377
vn 0.31163600 0.80003038 -0.51267377
vn 0.41643473 0.58345002 -0.69725762
vn 0.41643473 0.58345002 -0.69725762
vn 0.41643473 0.58345002 -0.69725762
vn 0.11894740 0.79470203 -0.59523121
vn 0.11894740 0.79470203 -0.59523121
vn 0.11894740 0.79470203 -0.59523121
vn 0.11779642 0.79991292 -0.58844143
vn 0.11779642 0.79991292 -0.58844143
vn 0.11779642 0.79991292 -0.58844143
vn 0.01425426 0.80296989 -0.59584911
vn 0.01425426 0.80296989 -0.59584911
vn 0.01425426 0.80296989 -0.59584911
vn 0.01810711 0.74303096 -0.66901206
vn 0.01810711 0.74303096 -0.66901206
vn 0.01810711 0.74303096 -0.66901206
vn -0.03724762 0.79478016 -0.60575334
vn -0.03724762 0.79478016 -0.60575334
vn -0.03724762 0.79478016 -0.60575334
vn -0.03581208 0.80676645 -0.58978418
vn -0.03581208 0.80676645 -0.58978418
vn -0.03581208 0.80676645 -0.58978418
vn -0.13989378 0.80311633 -0.57916655
vn -0.13989378 0.80311633 -0.57916655
vn -0.13989378 0.80311633 -0.57916655
vn -0.18281004 0.59599018 -0.78190549
vn -0.18281004 0.59599018 -0.78190549
vn -0.18281004 0.59599018 -0.78190549
vn -0.25737606 0.58342118 -0.77030987
vn -0.25737606 0.58342118 -0.77030987
vn -0.25737606 0.58342118 -0.77030987
vn -0.18288058 0.80663023 -0.56205193
vn -0.18288058 0.80663023 -0.56205193
vn -0.18288058 0.80663023 -0.56205193
vn -0.28123808 0.80277681 -0.52578944
vn -0.28123808 0.80277681 -0.52578944
vn -0.28123808 0.80277681 -0.52578944
vn -0.27959391 0.80521804 -0.52292557
vn -0.27959391 0.80521804 -0.52292557
vn -0.27959391 0.80521804 -0.52292557
vn -0.40616155 0.80279213 -0.43652902
vn -0.40616155 0.80279213 -0.43652902
vn -0.40616155 0.80279213 -0.43652902
vn -0.40388164 0.80519024 -0.43422149
vn -0.40388164 0.80519024 -0.43422149
vn -0.40388164 0.80519024 -0.43422149
vn -0.50405126 0.80289157 -0.31827260
vn -0.50405126 0.80289157 -0.31827260
vn -0.50405126 0.80289157 -0.31827260
vn -0.50129081 0.80526054 -0.31664331
vn -0.50129081 0.80526054 -0.31664331
vn -0.50129081 0.80526054 -0.31664331
vn -0.55362478 0.80161688 -0.22563240
vn -0.55362478 0.80161688 -0.22563240
vn -0.55362478 0.80161688 -0.22563240
vn -0.74237700 0.59437664 -0.30918086
vn -0.74237700 0.59437664 -0.30918086
vn -0.74237700 0.59437664 -0.30918086
vn -0.57892690 0.79477406 -0.18214782
vn -0.57892690 0.79477406 -0.18214782
vn -0.57892690 0.79477406 -0.18214782
vn -0.57239483 0.79990976 -0.18030125
vn -0.57239483 0.79990976 -0.18030125
vn -0.57239483 0.79990976 -0.18030125
vn -0.59293037 0.80158407 -0.07678907
vn -0.59293037 0.80158407 -0.07678907
vn -0.59293037 0.80158407 -0.07678907
vn -0.79358027 0.59865054 -0.10884801
vn -0.79358027 0.59865054 -0.10884801
vn -0.79358027 0.59865054 -0.10884801
vn -0.60632296 0.79471539 -0.02828278
vn -0.60632296 0.79471539 -0.02828278
vn -0.60632296 0.79471539 -0.02828278
vn -0.59951175 0.79987024 -0.02816499
vn -0.59951175 0.79987024 -0.02816499
vn -0.59951175 0.79987024 -0.02816499
vn -0.60209026 0.79478329 0.07620259
vn -0.60209026 0.79478329 0.07620259
vn -0.60209026 0.79478329 0.07620259
vn -0.45334669 0.88974862 0.05314292
vn -0.45334669 0.88974862 0.05314292
vn -0.45334669 0.88974862 0.05314292
vn -0.74869040 0.58844129 0.30528598
vn -0.74869040 0.58844129 0.30528598
vn -0.74869040 0.58844129 0.30528598
vn -0.55141002 0.80479231 0.21967324
vn -0.55141002 0.80479231 0.21967324
vn -0.55141002 0.80479231 0.21967324
vn -0.47752093 0.80288411 0.35686252
vn -0.47752093 0.80288411 0.35686252
vn -0.47752093 0.80288411 0.35686252
vn -0.47500234 0.80526225 0.35485982
vn -0.47500234 0.80526225 0.35485982
vn -0.47500234 0.80526225 0.35485982
vn -0.41214846 0.79990097 0.43622482
vn -0.41214846 0.79990097 0.43622482
vn -0.41214846 0.79990097 0.43622482
vn -0.41057051 0.80167494 0.43445270
vn -0.41057051 0.80167494 0.43445270
vn -0.41057051 0.80167494 0.43445270
vn -0.50277473 0.58337152 0.63788341
vn -0.50277473 0.58337152 0.63788341
vn -0.50277473 0.58337152 0.63788341
vn -0.37501046 0.80007809 0.46823306
vn -0.37501046 0.80007809 0.46823306
vn -0.37501046 0.80007809 0.46823306
vn -0.28272587 0.80667301 0.51898433
vn -0.28272587 0.80667301 0.51898433
vn -0.28272587 0.80667301 0.51898433
vn -0.28585856 0.80156073 0.52515263
vn -0.28585856 0.80156073 0.52515263
vn -0.28585856 0.80156073 0.52515263
vn -0.24326215 0.79477350 0.55602033
vn -0.24326215 0.79477350 0.55602033
vn -0.24326215 0.79477350 0.55602033
vn -0.24076152 0.79983554 0.54981542
vn -0.24076152 0.79983554 0.54981542
vn -0.24076152 0.79983554 0.54981542
vn -0.14196004 0.80287952 0.57899208
vn -0.14196004 0.80287952 0.57899208
vn -0.14196004 0.80287952 0.57899208
vn -0.14130113 0.80521090 0.57590745
vn -0.14130113 0.80521090 0.57590745
vn -0.14130113 0.80521090 0.57590745
vn 0.01059805 0.80279534 0.59616048
vn 0.01059805 0.80279534 0.59616048
vn 0.01059805 0.80279534 0.59616048
vn 0.01043709 0.80528693 0.59279341
vn 0.01043709 0.80528693 0.59279341
vn 0.01043709 0.80528693 0.59279341
vn 0.16147583 0.80525627 0.57051546
vn 0.16147583 0.80525627 0.57051546
vn 0.16147583 0.80525627 0.57051546
vn 0.16569632 0.79475928 0.58386849
vn 0.16569632 0.79475928 0.58386849
vn 0.16569632 0.79475928 0.58386849
vn 0.34650446 0.80288508 0.48508783
vn 0.34650446 0.80288508 0.48508783
vn 0.34650446 0.80288508 0.48508783
vn 0.34459385 0.80521770 0.48257594
vn 0.34459385 0.80521770 0.48257594
vn 0.34459385 0.80521770 0.48257594
vn 0.45884586 0.80626247 0.37336484
vn 0.45884586 0.80626247 0.37336484
vn 0.45884586 0.80626247 0.37336484
vn 0.34587740 0.89329858 0.28703042
vn 0.34587740 0.89329858 0.28703042
vn 0.57063408 0.79478194 0.20663594
vn 0.57063408 0.79478194 0.20663594
vn 0.57063408 0.79478194 0.20663594
vn 0.55545400 0.80673450 0.20161920
vn 0.55545400 0.80673450 0.20161920
vn 0.55545400 0.80673450 0.20161920
vn 0.66666581 0.74268038 0.06310741
vn 0.66666581 0.74268038 0.06310741
vn 0.66666581 0.74268038 0.06310741
vn 0.86628241 0.49384947 0.07528276
vn 0.86628241 0.49384947 0.07528276
vn 0.86628241 0.49384947 0.07528276
vn 0.39875451 0.91705658 0.00144040
vn 0.39875451 0.91705658 0.00144040
vn 0.39875451 0.91705658 0.00144040
vn 0.57696899 0.80286043 -0.15007307
vn 0.57696899 0.80286043 -0.15007307
vn 0.57696899 0.80286043 -0.15007307
vn 0.57392319 0.80520604 -0.14918248
vn 0.57392319 0.80520604 -0.14918248
vn 0.57392319 0.80520604 -0.14918248
vn 0.39970964 0.88973798 -0.22045074
vn 0.39970964 0.88973798 -0.22045074
vn 0.39970964 0.88973798 -0.22045074
vn 0.52868970 0.79479945 -0.29796146
vn 0.52868970 0.79479945 -0.29796146
vn 0.52868970 0.79479945 -0.29796146
vn 0.39032740 0.80286428 -0.45061455
vn 0.39032740 0.80286428 -0.45061455
vn 0.39032740 0.80286428 -0.45061455
vn 0.38828169 0.80525751 -0.44810454
vn 0.38828169 0.80525751 -0.44810454
vn 0.38828169 0.80525751 -0.44810454
vn 0.26450659 0.79530383 -0.54546134
vn 0.26450659 0.79530383 -0.54546134
vn 0.26450659 0.79530383 -0.54546134
vn 0.35548193 0.59618341 -0.71985967
vn 0.35548193 0.59618341 -0.71985967
vn 0.35548193 0.59618341 -0.71985967
vn 0.99971958 -0.00058000 0.02367315
vn 0.99971958 -0.00058000 0.02367315
vn 0.99971958 -0.00058000 0.02367315
vn 0.99998075 -0.00519535 0.00339232
vn 0.99998075 -0.00519535 0.00339232
vn 0.99998075 -0.00519535 0.00339232
vn 0.99979575 -0.00066936 -0.02019943
vn 0.99979575 -0.00066936 -0.02019943
vn 0.99979575 -0.00066936 -0.02019943
vn 0.99648553 -0.00069914 -0.08376219
vn 0.99662108 -0.00002143 -0.08213660
vn 0.99653154 -0.00047082 -0.08321457
vn 0.99666572 0.00020521 -0.08159291
vn 0.98583866 0.00026685 -0.16769637
vn 0.98583075 0.00024700 -0.16774290
vn 0.98583597 0.00026011 -0.16771215
vn 0.98582806 0.00024025 -0.16775872
vn 0.96760034 0.00018953 -0.25248671
vn 0.96763379 0.00024463 -0.25235845
vn 0.96761155 0.00020799 -0.25244376
vn 0.96764496 0.00026303 -0.25231560
vn 0.94275080 0.00029298 -0.33349790
vn 0.94269870 0.00022815 -0.33364518
vn 0.94273337 0.00027129 -0.33354718
vn 0.94268127 0.00020645 -0.33369445
vn 0.91033475 0.00026787 -0.41387264
vn 0.91031390 0.00024667 -0.41391853
vn 0.91032768 0.00026068 -0.41388821
vn 0.91030681 0.00023947 -0.41393413
vn 0.87117155 0.00018896 -0.49097872
vn 0.87121637 0.00022712 -0.49089916
vn 0.87118662 0.00020180 -0.49095196
vn 0.87123145 0.00023995 -0.49087240
vn 0.82559924 0.00018959 -0.56425691
vn 0.82567338 0.00024421 -0.56414839
vn 0.82562407 0.00020788 -0.56422057
vn 0.82569814 0.00026246 -0.56411214
vn 0.77486521 0.00029243 -0.63212643
vn 0.77476606 0.00022732 -0.63224797
vn 0.77483204 0.00027064 -0.63216710
vn 0.77473288 0.00020554 -0.63228863
vn 0.71722243 0.00026693 -0.69684425
vn 0.71686556 0.00005162 -0.69721142
vn 0.71710130 0.00019383 -0.69696893
vn 0.71674439 -0.00002145 -0.69733598
vn 0.65414266 -0.00000716 -0.75637119
vn 0.65451104 0.00019476 -0.75605242
vn 0.65426576 0.00006030 -0.75626471
vn 0.65463413 0.00026225 -0.75594583
vn 0.58776178 0.00029250 -0.80903399
vn 0.58763534 0.00022764 -0.80912586
vn 0.58771948 0.00027080 -0.80906473
vn 0.58759304 0.00020594 -0.80915659
vn 0.51669569 0.00026635 -0.85616908
vn 0.51576367 -0.00019101 -0.85673088
vn 0.51638032 0.00011155 -0.85635936
vn 0.51544682 -0.00034642 -0.85692150
vn 0.43853445 -0.00027770 -0.89871434
vn 0.43923509 0.00004813 -0.89837216
vn 0.43877077 -0.00016781 -0.89859901
vn 0.43947142 0.00015806 -0.89825656
vn 0.36072233 0.00034894 -0.93267319
vn 0.36149224 0.00000707 -0.93237512
vn 0.36123504 0.00012129 -0.93247479
vn 0.36046469 0.00046330 -0.93277274
vn 0.28020239 0.00037152 -0.95994088
vn 0.28037870 0.00044804 -0.95988936
vn 0.28026173 0.00039727 -0.95992354
vn 0.28043792 0.00047374 -0.95987205
vn 0.19603381 0.00060769 -0.98059695
vn 0.19539122 0.00033219 -0.98072532
vn 0.19581599 0.00051430 -0.98064052
vn 0.19517309 0.00023867 -0.98076878
vn 0.11116209 0.00018909 -0.99380227
vn 0.11066867 -0.00001829 -0.99385736
vn 0.11099665 0.00011955 -0.99382077
vn 0.11050283 -0.00008799 -0.99387581
vn 0.02558089 -0.00019287 -0.99967274
vn 0.02558089 -0.00019287 -0.99967274
vn 0.02558089 -0.00019287 -0.99967274
vn 0.02400118 0.00046292 -0.99971182
vn 0.02400118 0.00046292 -0.99971182
vn 0.02400118 0.00046292 -0.99971182
vn -0.06061998 0.00037116 -0.99816085
vn -0.06085217 0.00027334 -0.99814675
vn -0.06069862 0.00033803 -0.99815608
vn -0.06093076 0.00024023 -0.99814197
vn -0.14548564 0.00019036 -0.98936034
vn -0.14658198 -0.00027247 -0.98919849
vn -0.14585277 0.00003539 -0.98930631
vn -0.14695030 -0.00042798 -0.98914378
vn -0.23215551 0.00023061 -0.97267865
vn -0.23053650 -0.00046264 -0.97306357
vn -0.23108021 -0.00022986 -0.97293468
vn -0.23269605 0.00046214 -0.97254940
vn -0.31216546 0.00037237 -0.95002768
vn -0.31337849 -0.00016436 -0.94962829
vn -0.31257548 0.00019098 -0.94989291
vn -0.31378866 -0.00034591 -0.94949279
vn -0.39561912 -0.00027770 -0.91841463
vn -0.39561912 -0.00027770 -0.91841463
vn -0.39561912 -0.00027770 -0.91841463
vn -0.39448289 0.00023914 -0.91890326
vn -0.39448289 0.00023914 -0.91890326
vn -0.39448289 0.00023914 -0.91890326
vn -0.47234012 0.00018882 -0.88141635
vn -0.47222385 0.00024364 -0.88147863
vn -0.47230118 0.00020718 -0.88143721
vn -0.47218501 0.00026195 -0.88149943
vn -0.54526706 0.00029179 -0.83826234
vn -0.54539688 0.00022752 -0.83817790
vn -0.54531050 0.00027029 -0.83823409
vn -0.54544031 0.00020602 -0.83814965
vn -0.61579790 0.00026740 -0.78790410
vn -0.61583740 0.00024632 -0.78787324
vn -0.61581130 0.00026025 -0.78789363
vn -0.61585083 0.00023916 -0.78786274
vn -0.68175521 0.00018856 -0.73158034
vn -0.68165815 0.00024369 -0.73167077
vn -0.68172271 0.00020702 -0.73161062
vn -0.68162572 0.00026211 -0.73170097
vn -0.74124056 0.00029199 -0.67123942
vn -0.74134551 0.00022710 -0.67112353
vn -0.74127567 0.00027028 -0.67120064
vn -0.74138062 0.00020539 -0.67108475
vn -0.79657757 0.00026677 -0.60453627
vn -0.79660658 0.00024659 -0.60449805
vn -0.79658741 0.00025992 -0.60452331
vn -0.79661645 0.00023973 -0.60448505
vn -0.84596454 0.00018881 -0.53323912
vn -0.84581665 0.00030403 -0.53347361
vn -0.84591490 0.00022749 -0.53331784
vn -0.84576721 0.00034254 -0.53355197
vn -0.88755827 0.00047228 -0.46069522
vn -0.88833187 -0.00022854 -0.45920196
vn -0.88781766 0.00023759 -0.46019533
vn -0.88859184 -0.00046466 -0.45869851
vn -0.92495722 -0.00042194 -0.38007099
vn -0.92452587 0.00004854 -0.38111929
vn -0.92481240 -0.00026381 -0.38042340
vn -0.92438118 0.00020601 -0.38147004
vn -0.95387703 0.00026736 -0.30019750
vn -0.95389216 0.00024618 -0.30014944
vn -0.95388216 0.00026018 -0.30018120
vn -0.95389730 0.00023897 -0.30013310
vn -0.97595905 0.00018935 -0.21795387
vn -0.97618713 -0.00024813 -0.21692998
vn -0.97603553 0.00004293 -0.21761122
vn -0.97626336 -0.00039488 -0.21658647
vn -0.99133356 -0.00038553 -0.13136825
vn -0.99119294 0.00005719 -0.13242563
vn -0.99128647 -0.00023680 -0.13172350
vn -0.99114563 0.00020522 -0.13277916
vn -0.99891037 0.00026658 -0.04666898
vn -0.99891266 0.00024605 -0.04662021
vn -0.99891115 0.00025961 -0.04665244
vn -0.99891343 0.00023907 -0.04660363
vn -0.99920724 0.00018876 0.03981036
vn -0.99921078 0.00022610 0.03972106
vn -0.99920843 0.00020132 0.03978032
vn -0.99921197 0.00023866 0.03969103
vn -0.99208578 0.00018835 0.12556185
vn -0.99209710 0.00022608 0.12547229
vn -0.99208959 0.00020104 0.12553172
vn -0.99210091 0.00023877 0.12544216
vn -0.97756710 0.00018839 0.21062415
vn -0.97759494 0.00024337 0.21049482
vn -0.97757642 0.00020680 0.21058084
vn -0.97760424 0.00026174 0.21045162
vn -0.95611594 0.00029184 0.29298843
vn -0.95608873 0.00025292 0.29307724
vn -0.95610676 0.00027870 0.29301841
vn -0.95607953 0.00023975 0.29310729
vn -0.92763078 0.00018970 0.37349846
vn -0.92723773 -0.00024860 0.37447314
vn -0.92749936 0.00004300 0.37382473
vn -0.92710561 -0.00039563 0.37479998
vn -0.89161148 -0.00038637 0.45280108
vn -0.89180891 -0.00020448 0.45241224
vn -0.89167787 -0.00032522 0.45267037
vn -0.89187527 -0.00014330 0.45228142
vn -0.84889309 -0.00019399 0.52856455
vn -0.84929980 0.00012977 0.52791082
vn -0.84903138 -0.00008396 0.52834242
vn -0.84943751 0.00023950 0.52768917
vn -0.80055925 0.00018891 0.59925358
vn -0.80063716 0.00024296 0.59914946
vn -0.80058534 0.00020701 0.59921872
vn -0.80066318 0.00026102 0.59911468
vn -0.74695167 0.00029125 0.66487827
vn -0.74695167 0.00029125 0.66487827
vn -0.74695167 0.00029125 0.66487827
vn -0.74681537 0.00020616 0.66503140
vn -0.74681537 0.00020616 0.66503140
vn -0.74681537 0.00020616 0.66503140
vn -0.68684787 0.00026736 0.72680116
vn -0.68676734 0.00022120 0.72687728
vn -0.68682079 0.00025184 0.72682676
vn -0.68674026 0.00020568 0.72690286
vn -0.62262576 0.00026577 0.78251971
vn -0.62177482 -0.00019106 0.78319604
vn -0.62233784 0.00011115 0.78274874
vn -0.62148549 -0.00034628 0.78342560
vn -0.55038259 -0.00027741 0.83491253
vn -0.55119304 0.00012616 0.83437774
vn -0.55065543 -0.00014158 0.83473264
vn -0.55146461 0.00026146 0.83419825
vn -0.47870592 0.00029152 0.87797526
vn -0.47857010 0.00022732 0.87804932
vn -0.47866047 0.00027004 0.87800004
vn -0.47852465 0.00020583 0.87807410
vn -0.40089016 0.00026694 0.91612609
vn -0.40084511 0.00024626 0.91614581
vn -0.40087488 0.00025993 0.91613277
vn -0.40082979 0.00023923 0.91615251
vn -0.32023673 0.00018901 0.94733753
vn -0.32066118 0.00037625 0.94719389
vn -0.32037944 0.00025196 0.94728927
vn -0.32080419 0.00043934 0.94714544
vn -0.23737333 0.00034255 0.97141844
vn -0.23791899 0.00057655 0.97128483
vn -0.23755656 0.00042112 0.97137362
vn -0.23810183 0.00065497 0.97123997
vn -0.15510319 0.00067688 0.98789804
vn -0.15510319 0.00067688 0.98789804
vn -0.15510319 0.00067688 0.98789804
vn -0.15316419 -0.00014337 0.98820074
vn -0.15316419 -0.00014337 0.98820074
vn -0.15316419 -0.00014337 0.98820074
vn -0.06705466 -0.00019331 0.99774928
vn -0.06782303 0.00013052 0.99769736
vn -0.06731579 -0.00008326 0.99773172
vn -0.06808343 0.00024028 0.99767960
vn 0.01855053 0.00018975 0.99982791
vn 0.01841938 0.00024427 0.99983032
vn 0.01850661 0.00020801 0.99982872
vn 0.01837556 0.00026248 0.99983112
vn 0.10313276 0.00029231 0.99466756
vn 0.10364929 0.00007678 0.99461390
vn 0.10330533 0.00022031 0.99464967
vn 0.10382178 0.00000480 0.99459592
vn 0.18886794 0.00001925 0.98200250
vn 0.18848420 0.00018362 0.98207620
vn 0.18873771 0.00007503 0.98202753
vn 0.18835360 0.00023956 0.98210125
vn 0.27300810 0.00018895 0.96201172
vn 0.27305950 0.00016662 0.96199713
vn 0.27302535 0.00018145 0.96200682
vn 0.27307678 0.00015912 0.96199223
vn 0.35406133 0.00034872 0.93522214
vn 0.35329772 0.00000938 0.93551094
vn 0.35355314 0.00012287 0.93541443
vn 0.35431838 0.00046297 0.93512474
vn 0.43341660 0.00042802 0.90119358
vn 0.43377470 0.00026251 0.90102133
vn 0.43353692 0.00037241 0.90113573
vn 0.43389428 0.00020724 0.90096377
vn 0.50923409 0.00026789 0.86062801
vn 0.50927607 0.00024737 0.86060317
vn 0.50924833 0.00026093 0.86061958
vn 0.50929035 0.00024040 0.86059473
vn 0.58188946 0.00018995 0.81326787
vn 0.58178409 0.00024379 0.81334323
vn 0.58185417 0.00020798 0.81329311
vn 0.58174889 0.00026178 0.81336840
vn 0.64865348 0.00029188 0.76108382
vn 0.64877129 0.00022764 0.76098342
vn 0.64869290 0.00027038 0.76105023
vn 0.64881070 0.00020615 0.76094983
vn 0.71211521 0.00026758 0.70206257
vn 0.71214903 0.00024732 0.70202827
vn 0.71212668 0.00026071 0.70205094
vn 0.71216053 0.00024044 0.70201661
vn 0.77026852 0.00018977 0.63771966
vn 0.77009192 0.00030484 0.63793286
vn 0.77020925 0.00022840 0.63779124
vn 0.77003289 0.00034329 0.63800410
vn 0.82149417 0.00047442 0.57021672
vn 0.82197832 0.00012280 0.56951876
vn 0.82165625 0.00035676 0.56998323
vn 0.82213999 0.00000528 0.56928538
vn 0.86759589 0.00018823 0.49726989
vn 0.86757977 0.00020168 0.49729800
vn 0.86759049 0.00019273 0.49727931
vn 0.86757436 0.00020620 0.49730745
vn 0.90739174 0.00026767 0.42028581
vn 0.90733506 0.00032405 0.42040811
vn 0.90737256 0.00028675 0.42032721
vn 0.90731591 0.00034309 0.42044943
vn 0.93981830 0.00047463 0.34167432
vn 0.94014366 0.00007798 0.34077836
vn 0.93992750 0.00034163 0.34137396
vn 0.94025287 -0.00005543 0.34047693
vn 0.96573695 -0.00015428 0.25952287
vn 0.96580143 -0.00005089 0.25928285
vn 0.96577976 -0.00008565 0.25936354
vn 0.96571523 -0.00018908 0.25960366
vn 0.98472459 -0.00030605 0.17411891
vn 0.98463169 -0.00008202 0.17464372
vn 0.98469306 -0.00022993 0.17429724
vn 0.98460020 -0.00000626 0.17482117
vn 0.99590466 -0.00000992 0.09040965
vn 0.99599178 -0.00041512 0.08944383
vn 0.99593397 -0.00014568 0.09008605
vn 0.99602086 -0.00055153 0.08911864
vn 0.22273705 -0.59618577 -0.77133049
vn 0.22273705 -0.59618577 -0.77133049
vn 0.22273705 -0.59618577 -0.77133049
vn 0.16098232 -0.58314403 -0.79625859
vn 0.16098232 -0.58314403 -0.79625859
vn 0.16098232 -0.58314403 -0.79625859
vn -0.18963626 -0.59894460 0.77801250
vn -0.18963626 -0.59894460 0.77801250
vn -0.18963626 -0.59894460 0.77801250
vn -0.12607702 -0.58848183 0.79861988
vn -0.12607702 -0.58848183 0.79861988
vn -0.12607702 -0.58848183 0.79861988
vn 0.28627312 -0.59624135 0.75002930
vn 0.28627312 -0.59624135 0.75002930
vn 0.28627312 -0.59624135 0.75002930
vn 0.35022865 -0.58324820 0.73291298
vn 0.35022865 -0.58324820 0.73291298
vn 0.35022865 -0.58324820 0.73291298
vn -0.23676132 -0.67012919 0.70347065
vn -0.23676132 -0.67012919 0.70347065
vn -0.23676132 -0.67012919 0.70347065
vn -0.17857406 -0.66519482 0.72500148
vn -0.17857406 -0.66519482 0.72500148
vn -0.17857406 -0.66519482 0.72500148
vn 0.24331694 -0.73865366 -0.62863951
vn 0.24331694 -0.73865366 -0.62863951
vn 0.24331694 -0.73865366 -0.62863951
vn 0.24134604 -0.74322080 -0.62399914
vn 0.24134604 -0.74322080 -0.62399914
vn 0.24134604 -0.74322080 -0.62399914
vn 0.19231647 -0.73166108 -0.65397740
vn 0.19231647 -0.73166108 -0.65397740
vn 0.19231647 -0.73166108 -0.65397740
vn 0.12985190 -0.73870998 -0.66139704
vn 0.12985190 -0.73870998 -0.66139704
vn 0.12985190 -0.73870998 -0.66139704
vn 0.07501531 -0.73714322 -0.67155981
vn 0.07501531 -0.73714322 -0.67155981
vn 0.07501531 -0.73714322 -0.67155981
vn 0.07378789 -0.74497774 -0.66299587
vn 0.07378789 -0.74497774 -0.66299587
vn 0.07378789 -0.74497774 -0.66299587
vn 0.01686138 -0.73858383 -0.67395076
vn 0.01685743 -0.73864664 -0.67388202
vn 0.01657538 -0.74310415 -0.66897046
vn 0.01657171 -0.74316180 -0.66890650
vn -0.04152905 -0.73118208 -0.68091711
vn -0.04152905 -0.73118208 -0.68091711
vn -0.04152905 -0.73118208 -0.68091711
vn -0.04129056 -0.73876806 -0.67269372
vn -0.04129056 -0.73876806 -0.67269372
vn -0.04129056 -0.73876806 -0.67269372
vn -0.09895216 -0.73717282 -0.66841956
vn -0.09895216 -0.73717282 -0.66841956
vn -0.09895216 -0.73717282 -0.66841956
vn -0.09795581 -0.74497768 -0.65985825
vn -0.09795581 -0.74497768 -0.65985825
vn -0.09795581 -0.74497768 -0.65985825
vn -0.15579274 -0.73858417 -0.65591314
vn -0.15579274 -0.73858417 -0.65591314
vn -0.15579274 -0.73858417 -0.65591314
vn -0.15478281 -0.74317087 -0.65095264
vn -0.15478281 -0.74317087 -0.65095264
vn -0.15478281 -0.74317087 -0.65095264
vn -0.21402467 -0.73118631 -0.64773452
vn -0.21402467 -0.73118631 -0.64773452
vn -0.21402467 -0.73118631 -0.64773452
vn -0.21168970 -0.73878677 -0.63982934
vn -0.21168970 -0.73878677 -0.63982934
vn -0.21168970 -0.73878677 -0.63982934
vn -0.26655310 -0.73717152 -0.62090869
vn -0.26654369 -0.73719516 -0.62088466
vn -0.26591070 -0.73878100 -0.61926903
vn -0.26590091 -0.73880546 -0.61924405
vn -0.31873938 -0.73719875 -0.59577111
vn -0.31873938 -0.73719875 -0.59577111
vn -0.31873938 -0.73719875 -0.59577111
vn -0.31493132 -0.74496380 -0.58808775
vn -0.31493132 -0.74496380 -0.58808775
vn -0.31493132 -0.74496380 -0.58808775
vn -0.36803407 -0.73858913 -0.56483363
vn -0.36799834 -0.73865198 -0.56477471
vn -0.36544621 -0.74311138 -0.56056627
vn -0.36541296 -0.74316907 -0.56051146
vn -0.42008059 -0.73120040 -0.53747398
vn -0.42008059 -0.73120040 -0.53747398
vn -0.42008059 -0.73120040 -0.53747398
vn -0.41523312 -0.73877170 -0.53084634
vn -0.41523312 -0.73877170 -0.53084634
vn -0.41523312 -0.73877170 -0.53084634
vn -0.46031802 -0.73717987 -0.49464448
vn -0.46031802 -0.73717987 -0.49464448
vn -0.46031802 -0.73717987 -0.49464448
vn -0.45467187 -0.74494854 -0.48818558
vn -0.45467187 -0.74494854 -0.48818558
vn -0.45467187 -0.74494854 -0.48818558
vn -0.50008552 -0.73856418 -0.45214757
vn -0.50003609 -0.73862684 -0.45209987
vn -0.49650435 -0.74307354 -0.44869271
vn -0.49645837 -0.74313104 -0.44864835
vn -0.54344513 -0.73114970 -0.41241668
vn -0.54344513 -0.73114970 -0.41241668
vn -0.54344513 -0.73114970 -0.41241668
vn -0.53710259 -0.73867918 -0.40727616
vn -0.53710259 -0.73867918 -0.40727616
vn -0.53710259 -0.73867918 -0.40727616
vn -0.57157553 -0.73707651 -0.36058236
vn -0.57155304 -0.73710140 -0.36056713
vn -0.57004056 -0.73877067 -0.35954369
vn -0.57001717 -0.73879641 -0.35952786
vn -0.60025885 -0.73718060 -0.31024842
vn -0.60025885 -0.73718060 -0.31024842
vn -0.60025885 -0.73718060 -0.31024842
vn -0.59277379 -0.74493924 -0.30607967
vn -0.59277379 -0.74493924 -0.30607967
vn -0.59277379 -0.74493924 -0.30607967
vn -0.62336291 -0.73855035 -0.25683082
vn -0.62336291 -0.73855035 -0.25683082
vn -0.62336291 -0.73855035 -0.25683082
vn -0.61869182 -0.74319212 -0.25472709
vn -0.61869182 -0.74319212 -0.25472709
vn -0.61869182 -0.74319212 -0.25472709
vn -0.65068047 -0.73122163 -0.20476781
vn -0.65068047 -0.73122163 -0.20476781
vn -0.65068047 -0.73122163 -0.20476781
vn -0.64291963 -0.73880308 -0.20205036
vn -0.64291963 -0.73880308 -0.20205036
vn -0.64291963 -0.73880308 -0.20205036
vn -0.65956895 -0.73719248 -0.14668352
vn -0.65956895 -0.73719248 -0.14668352
vn -0.65956895 -0.73719248 -0.14668352
vn -0.65124655 -0.74497022 -0.14455897
vn -0.65124655 -0.74497022 -0.14455897
vn -0.65124655 -0.74497022 -0.14455897
vn -0.66823092 -0.73859550 -0.08912984
vn -0.66823092 -0.73859550 -0.08912984
vn -0.66823092 -0.73859550 -0.08912984
vn -0.66324827 -0.74317210 -0.08830042
vn -0.66324827 -0.74317210 -0.08830042
vn -0.66324827 -0.74317210 -0.08830042
vn -0.68143388 -0.73118722 -0.03182964
vn -0.68143388 -0.73118722 -0.03182964
vn -0.68143388 -0.73118722 -0.03182964
vn -0.67321292 -0.73879093 -0.03118219
vn -0.67321292 -0.73879093 -0.03118219
vn -0.67321292 -0.73879093 -0.03118219
vn -0.67516118 -0.73718252 0.02682014
vn -0.67516118 -0.73718252 0.02682014
vn -0.67516118 -0.73718252 0.02682014
vn -0.67346599 -0.73873197 0.02680725
vn -0.67346599 -0.73873197 0.02680725
vn -0.67346599 -0.73873197 0.02680725
vn -0.67040760 -0.73713526 0.08476589
vn -0.67038233 -0.73715852 0.08476351
vn -0.66868305 -0.73871860 0.08460386
vn -0.66865677 -0.73874267 0.08460139
vn -0.66066848 -0.73714982 0.14187075
vn -0.66066848 -0.73714982 0.14187075
vn -0.66066848 -0.73714982 0.14187075
vn -0.65217412 -0.74496900 0.14032142
vn -0.65217412 -0.74496900 0.14032142
vn -0.65217412 -0.74496900 0.14032142
vn -0.64446294 -0.73857230 0.19793551
vn -0.64446014 -0.73857496 0.19793475
vn -0.64425712 -0.73876686 0.19787947
vn -0.64425407 -0.73876974 0.19787864
vn -0.62657993 -0.73717245 0.25293154
vn -0.62657993 -0.73717245 0.25293154
vn -0.62657993 -0.73717245 0.25293154
vn -0.61842650 -0.74503882 0.24993166
vn -0.61842650 -0.74503882 0.24993166
vn -0.61842650 -0.74503882 0.24993166
vn -0.60103510 -0.73864328 0.30522602
vn -0.60103510 -0.73864328 0.30522602
vn -0.60103510 -0.73864328 0.30522602
vn -0.59650911 -0.74317018 0.30310884
vn -0.59650911 -0.74317018 0.30310884
vn -0.59650911 -0.74317018 0.30310884
vn -0.57949054 -0.73118275 0.35994791
vn -0.57949054 -0.73118275 0.35994791
vn -0.57949054 -0.73118275 0.35994791
vn -0.57232755 -0.73881042 0.35580943
vn -0.57232755 -0.73881042 0.35580943
vn -0.57232755 -0.73881042 0.35580943
vn -0.54120006 -0.73719487 0.40453211
vn -0.54120006 -0.73719487 0.40453211
vn -0.54120006 -0.73719487 0.40453211
vn -0.53416848 -0.74496728 0.39960954
vn -0.53416848 -0.74496728 0.39960954
vn -0.53416848 -0.74496728 0.39960954
vn -0.50321573 -0.73858408 0.44862846
vn -0.50316318 -0.73864652 0.44858458
vn -0.49940989 -0.74307721 0.44545035
vn -0.49936102 -0.74313453 0.44540953
vn -0.46846145 -0.73121325 0.49585386
vn -0.46846145 -0.73121325 0.49585386
vn -0.46846145 -0.73121325 0.49585386
vn -0.45912131 -0.74326616 0.48658302
vn -0.45912131 -0.74326616 0.48658302
vn -0.45912131 -0.74326616 0.48658302
vn -0.42392486 -0.73128673 0.53432895
vn -0.42392486 -0.73128673 0.53432895
vn -0.42392486 -0.73128673 0.53432895
vn -0.41866650 -0.73878866 0.52811900
vn -0.41866650 -0.73878866 0.52811900
vn -0.41866650 -0.73878866 0.52811900
vn -0.37290912 -0.73718241 0.56347217
vn -0.37283910 -0.73729343 0.56337323
vn -0.36802651 -0.74483902 0.55657104
vn -0.36795709 -0.74494665 0.55647289
vn -0.32227327 -0.73857066 0.59215989
vn -0.32223798 -0.73863423 0.59209979
vn -0.31971786 -0.74314507 0.58780601
vn -0.31968505 -0.74320340 0.58775009
vn -0.27345306 -0.73122947 0.62492150
vn -0.27345306 -0.73122947 0.62492150
vn -0.27345306 -0.73122947 0.62492150
vn -0.26992076 -0.73880487 0.61750315
vn -0.26992076 -0.73880487 0.61750315
vn -0.26992076 -0.73880487 0.61750315
vn -0.21737392 -0.73724865 0.63969759
vn -0.21737392 -0.73724865 0.63969759
vn -0.21737392 -0.73724865 0.63969759
vn -0.10061215 -0.74280020 0.66191016
vn -0.10061215 -0.74280020 0.66191016
vn -0.10061215 -0.74280020 0.66191016
vn -0.04648306 -0.73117815 0.68060108
vn -0.04648306 -0.73117815 0.68060108
vn -0.04648306 -0.73117815 0.68060108
vn -0.04566174 -0.73875606 0.67242433
vn -0.04566174 -0.73875606 0.67242433
vn -0.04566174 -0.73875606 0.67242433
vn 0.01207170 -0.73715534 0.67561549
vn 0.01207170 -0.73715534 0.67561549
vn 0.01207170 -0.73715534 0.67561549
vn 0.01218575 -0.74495217 0.66700657
vn 0.01218575 -0.74495217 0.66700657
vn 0.01218575 -0.74495217 0.66700657
vn 0.06875734 -0.73872789 0.67048753
vn 0.06875734 -0.73872789 0.67048753
vn 0.06875734 -0.73872789 0.67048753
vn 0.12845796 -0.73881082 0.66155659
vn 0.12845796 -0.73881082 0.66155659
vn 0.12845796 -0.73881082 0.66155659
vn 0.18416984 -0.73723063 0.65005574
vn 0.18416984 -0.73723063 0.65005574
vn 0.18416984 -0.73723063 0.65005574
vn 0.18208444 -0.74501594 0.64171372
vn 0.18208444 -0.74501594 0.64171372
vn 0.18208444 -0.74501594 0.64171372
vn 0.23708547 -0.73889948 0.63072818
vn 0.23708547 -0.73889948 0.63072818
vn 0.23708547 -0.73889948 0.63072818
vn 0.29221672 -0.74278948 0.60238956
vn 0.29221672 -0.74278948 0.60238956
vn 0.29221672 -0.74278948 0.60238956
vn 0.34739020 -0.73119371 0.58709097
vn 0.34739020 -0.73119371 0.58709097
vn 0.34739020 -0.73119371 0.58709097
vn 0.34342162 -0.73879307 0.57986756
vn 0.34342162 -0.73879307 0.57986756
vn 0.34342162 -0.73879307 0.57986756
vn 0.39278633 -0.73720547 0.54976994
vn 0.39278633 -0.73720547 0.54976994
vn 0.39278633 -0.73720547 0.54976994
vn 0.38795108 -0.74508246 0.54253671
vn 0.38795108 -0.74508246 0.54253671
vn 0.38795108 -0.74508246 0.54253671
vn 0.43761223 -0.73870315 0.51265309
vn 0.43761223 -0.73870315 0.51265309
vn 0.43761223 -0.73870315 0.51265309
vn 0.43454816 -0.74314940 0.50881910
vn 0.43454816 -0.74314940 0.50881910
vn 0.43454816 -0.74314940 0.50881910
vn 0.48580221 -0.73117773 0.47893146
vn 0.48580221 -0.73117773 0.47893146
vn 0.48580221 -0.73117773 0.47893146
vn 0.48012731 -0.73876868 0.47296787
vn 0.48012731 -0.73876868 0.47296787
vn 0.48012731 -0.73876868 0.47296787
vn 0.52033404 -0.73714969 0.43111811
vn 0.52031529 -0.73717262 0.43110152
vn 0.51905400 -0.73871151 0.42998633
vn 0.51903450 -0.73873525 0.42996909
vn 0.55536831 -0.73712593 0.38498234
vn 0.55536831 -0.73712593 0.38498234
vn 0.55536831 -0.73712593 0.38498234
vn 0.54839019 -0.74498837 0.37981645
vn 0.54839019 -0.74498837 0.37981645
vn 0.54839019 -0.74498837 0.37981645
vn 0.58505527 -0.73860636 0.33491937
vn 0.58505527 -0.73860636 0.33491937
vn 0.58505527 -0.73860636 0.33491937
vn 0.58076526 -0.74317195 0.33227572
vn 0.58076526 -0.74317195 0.33227572
vn 0.58076526 -0.74317195 0.33227572
vn 0.61892391 -0.73119816 0.28684916
vn 0.61892391 -0.73119816 0.28684916
vn 0.61892391 -0.73119816 0.28684916
vn 0.61157070 -0.73878711 0.28315168
vn 0.61157070 -0.73878711 0.28315168
vn 0.61157070 -0.73878711 0.28315168
vn 0.63519693 -0.73719028 0.23038088
vn 0.63519693 -0.73719028 0.23038088
vn 0.63519693 -0.73719028 0.23038088
vn 0.62719546 -0.74498915 0.22719379
vn 0.62719546 -0.74498915 0.22719379
vn 0.62719546 -0.74498915 0.22719379
vn 0.65117898 -0.73860930 0.17441971
vn 0.65111286 -0.73867232 0.17439968
vn 0.64638993 -0.74314309 0.17296940
vn 0.64632843 -0.74320091 0.17295078
vn 0.67162957 -0.73122065 0.11928987
vn 0.67162957 -0.73122065 0.11928987
vn 0.67162957 -0.73122065 0.11928987
vn 0.66361925 -0.73876878 0.11760179
vn 0.66361925 -0.73876878 0.11760179
vn 0.66361925 -0.73876878 0.11760179
vn 0.67297377 -0.73718257 0.06056540
vn 0.67297377 -0.73718257 0.06056540
vn 0.67297377 -0.73718257 0.06056540
vn 0.66375895 -0.74558045 0.05944620
vn 0.66375895 -0.74558045 0.05944620
vn 0.66375895 -0.74558045 0.05944620
vn 0.67460791 -0.73817165 0.00260214
vn 0.67460791 -0.73817165 0.00260214
vn 0.67460791 -0.73817165 0.00260214
vn 0.66133856 -0.75008446 0.00214995
vn 0.66133856 -0.75008446 0.00214995
vn 0.66133856 -0.75008446 0.00214995
vn 0.66851575 -0.74162879 -0.05543853
vn 0.66849317 -0.74164923 -0.05543739
vn 0.66683258 -0.74314888 -0.05535380
vn 0.66681151 -0.74316787 -0.05535274
vn 0.67251906 -0.73118362 -0.11440554
vn 0.67251906 -0.73118362 -0.11440554
vn 0.67251906 -0.73118362 -0.11440554
vn 0.66436849 -0.73876988 -0.11328536
vn 0.66436849 -0.73876988 -0.11328536
vn 0.66436849 -0.73876988 -0.11328536
vn 0.65393786 -0.73716462 -0.17015756
vn 0.65381882 -0.73727644 -0.17013053
vn 0.64563566 -0.74487548 -0.16827099
vn 0.64551757 -0.74498388 -0.16824414
vn 0.63535945 -0.73861447 -0.22531540
vn 0.63535945 -0.73861447 -0.22531540
vn 0.63535945 -0.73861447 -0.22531540
vn 0.63055077 -0.74318689 -0.22378330
vn 0.63055077 -0.74318689 -0.22378330
vn 0.63055077 -0.74318689 -0.22378330
vn 0.62099939 -0.73119393 -0.28233880
vn 0.62099939 -0.73119393 -0.28233880
vn 0.62099939 -0.73119393 -0.28233880
vn 0.61345072 -0.73873488 -0.27919347
vn 0.61345072 -0.73873488 -0.27919347
vn 0.61345072 -0.73873488 -0.27919347
vn 0.58874182 -0.73712343 -0.33171090
vn 0.58871891 -0.73714710 -0.33169894
vn 0.58717836 -0.73873548 -0.33089496
vn 0.58715454 -0.73875998 -0.33088252
vn 0.55812892 -0.73716583 -0.38089191
vn 0.55812892 -0.73716583 -0.38089191
vn 0.55812892 -0.73716583 -0.38089191
vn 0.55089269 -0.74493824 -0.37627684
vn 0.55089269 -0.74493824 -0.37627684
vn 0.55089269 -0.74493824 -0.37627684
vn 0.52207119 -0.73856243 -0.42657614
vn 0.52207119 -0.73856243 -0.42657614
vn 0.52207119 -0.73856243 -0.42657614
vn 0.51799768 -0.74320821 -0.42346187
vn 0.51799768 -0.74320821 -0.42346187
vn 0.51799768 -0.74320821 -0.42346187
vn 0.48982732 -0.73150258 -0.47431338
vn 0.48982732 -0.73150258 -0.47431338
vn 0.48982732 -0.73150258 -0.47431338
vn 0.43580544 -0.74487959 -0.50520096
vn 0.43580544 -0.74487959 -0.50520096
vn 0.43580544 -0.74487959 -0.50520096
vn 0.39581883 -0.73858792 -0.54572460
vn 0.39581883 -0.73858792 -0.54572460
vn 0.39581883 -0.73858792 -0.54572460
vn 0.39271476 -0.74317585 -0.54172389
vn 0.39271476 -0.74317585 -0.54172389
vn 0.39271476 -0.74317585 -0.54172389
vn 0.35164712 -0.73120774 -0.58453362
vn 0.35164712 -0.73120774 -0.58453362
vn 0.35164712 -0.73120774 -0.58453362
vn 0.34716057 -0.73883155 -0.57758764
vn 0.34716057 -0.73883155 -0.57758764
vn 0.34716057 -0.73883155 -0.57758764
vn 0.29723719 -0.73723220 -0.60674438
vn 0.29723719 -0.73723220 -0.60674438
vn 0.29723719 -0.73723220 -0.60674438
vn 0.29321454 -0.74502022 -0.59914114
vn 0.29321454 -0.74502022 -0.59914114
vn 0.29321454 -0.74502022 -0.59914114
vn 0.06266037 -0.80514961 0.58975230
vn 0.06266037 -0.80514961 0.58975230
vn 0.06266037 -0.80514961 0.58975230
vn 0.11386308 -0.79503599 0.59577930
vn 0.11386308 -0.79503599 0.59577930
vn 0.11386308 -0.79503599 0.59577930
vn 0.42945815 -0.80007420 -0.41886390
vn 0.42945815 -0.80007420 -0.41886390
vn 0.42945815 -0.80007420 -0.41886390
vn 0.39177718 -0.80176519 -0.45131279
vn 0.39177718 -0.80176519 -0.45131279
vn 0.39177718 -0.80176519 -0.45131279
vn 0.04219490 -0.98825902 -0.14684582
vn 0.04219490 -0.98825902 -0.14684582
vn 0.04219490 -0.98825902 -0.14684582
vn 0.03298967 -0.98603694 -0.16322635
vn 0.03298967 -0.98603694 -0.16322635
vn 0.03298967 -0.98603694 -0.16322635
vn 0.00329276 -0.99112409 -0.13289918
vn 0.00329276 -0.99112409 -0.13289918
vn 0.00329276 -0.99112409 -0.13289918
vn -0.01216031 -0.98010308 -0.19811631
vn -0.01216031 -0.98010308 -0.19811631
vn -0.01216031 -0.98010308 -0.19811631
vn -0.03075310 -0.99112383 -0.12933598
vn -0.03075310 -0.99112383 -0.12933598
vn -0.03075310 -0.99112383 -0.12933598
vn -0.06367390 -0.97912499 -0.19302819
vn -0.06234613 -0.98010352 -0.18844109
vn -0.06238319 -0.98007655 -0.18856909
vn -0.06457077 -0.99057336 -0.12080989
vn -0.06014462 -0.99096877 -0.11984790
vn -0.05858155 -0.99086448 -0.12147337
vn -0.09425605 -0.98822849 -0.12050003
vn -0.09425605 -0.98822849 -0.12050003
vn -0.09425605 -0.98822849 -0.12050003
vn -0.09061036 -0.99112286 -0.09728947
vn -0.09061036 -0.99112286 -0.09728947
vn -0.09061036 -0.99112286 -0.09728947
vn -0.10908570 -0.99057314 -0.08285634
vn -0.10593135 -0.99112373 -0.08032619
vn -0.10599801 -0.99111227 -0.08037966
vn -0.11240342 -0.99113024 -0.07089653
vn -0.11240342 -0.99113024 -0.07089653
vn -0.11240342 -0.99113024 -0.07089653
vn -0.14144721 -0.98823134 -0.05823656
vn -0.14144721 -0.98823134 -0.05823656
vn -0.14144721 -0.98823134 -0.05823656
vn -0.12682783 -0.99112362 -0.03985823
vn -0.12682783 -0.99112362 -0.03985823
vn -0.12682783 -0.99112362 -0.03985823
vn -0.13177956 -0.99112378 -0.01754425
vn -0.13177956 -0.99112378 -0.01754425
vn -0.13177956 -0.99112378 -0.01754425
vn -0.19828946 -0.98010047 -0.00918444
vn -0.19828946 -0.98010047 -0.00918444
vn -0.19828946 -0.98010047 -0.00918444
vn -0.13189121 -0.99112372 0.01668753
vn -0.13189121 -0.99112372 0.01668753
vn -0.13189121 -0.99112372 0.01668753
vn -0.14617277 -0.98823978 0.04489618
vn -0.14617277 -0.98823978 0.04489618
vn -0.14617277 -0.98823978 0.04489618
vn -0.14177507 -0.98823927 0.05729730
vn -0.14177507 -0.98823927 0.05729730
vn -0.14177507 -0.98823927 0.05729730
vn -0.11289967 -0.99112422 0.07018863
vn -0.11289967 -0.99112422 0.07018863
vn -0.11289967 -0.99112422 0.07018863
vn -0.12243712 -0.98824061 0.09159501
vn -0.12243712 -0.98824061 0.09159501
vn -0.12243712 -0.98824061 0.09159501
vn -0.11414765 -0.98823275 0.10181529
vn -0.11414765 -0.98823275 0.10181529
vn -0.11414765 -0.98823275 0.10181529
vn -0.05324590 -0.99112392 0.12181237
vn -0.05324590 -0.99112392 0.12181237
vn -0.05324590 -0.99112392 0.12181237
vn -0.04233857 -0.99113434 0.12593717
vn -0.04233857 -0.99113434 0.12593717
vn -0.04233857 -0.99113434 0.12593717
vn -0.04214644 -0.98396326 0.17332044
vn -0.04214644 -0.98396326 0.17332044
vn -0.04214644 -0.98396326 0.17332044
vn 0.03302491 -0.98467744 0.17122993
vn 0.03302491 -0.98467744 0.17122993
vn 0.03302491 -0.98467744 0.17122993
vn 0.04775250 -0.98457993 0.16829158
vn 0.04775250 -0.98457993 0.16829158
vn 0.04775250 -0.98457993 0.16829158
vn 0.04762857 -0.99114524 0.12394607
vn 0.04762857 -0.99114524 0.12394607
vn 0.04762857 -0.99114524 0.12394607
vn 0.10897006 -0.98823205 0.10734492
vn 0.10897006 -0.98823205 0.10734492
vn 0.10897006 -0.98823205 0.10734492
vn 0.10238283 -0.99112277 0.08481392
vn 0.10238283 -0.99112277 0.08481392
vn 0.10238283 -0.99112277 0.08481392
vn 0.11256741 -0.99057008 0.07809928
vn 0.10928424 -0.99112457 0.07569039
vn 0.10935359 -0.99111304 0.07574127
vn 0.15063425 -0.98822909 0.02669430
vn 0.15063425 -0.98822909 0.02669430
vn 0.15063425 -0.98822909 0.02669430
vn 0.13242349 -0.99112228 0.01185985
vn 0.13242349 -0.99112228 0.01185985
vn 0.13242349 -0.99112228 0.01185985
vn 0.15297977 -0.98822920 0.00049736
vn 0.15297977 -0.98822920 0.00049736
vn 0.15297977 -0.98822920 0.00049736
vn 0.13105334 -0.99112343 -0.02234659
vn 0.13105334 -0.99112343 -0.02234659
vn 0.13105334 -0.99112343 -0.02234659
vn 0.12529373 -0.99112269 -0.04446678
vn 0.12529373 -0.99112269 -0.04446678
vn 0.12529373 -0.99112269 -0.04446678
vn 0.15920237 -0.98458354 -0.07245597
vn 0.15920237 -0.98458354 -0.07245597
vn 0.15920237 -0.98458354 -0.07245597
vn 0.12995121 -0.98755385 -0.08860062
vn 0.12632433 -0.98822941 -0.08628323
vn 0.12640920 -0.98821382 -0.08633746
vn 0.11842485 -0.98823228 -0.09681178
vn 0.11842485 -0.98823228 -0.09681178
vn 0.11842485 -0.98823228 -0.09681178
vn 0.08400018 -0.99170849 -0.09725351
vn 0.08400018 -0.99170849 -0.09725351
vn 0.08400018 -0.99170849 -0.09725351
vn 0.06848539 -0.99112410 -0.11394192
vn 0.06848539 -0.99112410 -0.11394192
vn 0.06848539 -0.99112410 -0.11394192
vn 0.06033790 -0.99056600 -0.12303797
vn 0.05844323 -0.99112227 -0.11941961
vn 0.05848327 -0.99111069 -0.11949608
vn 0.01781461 -0.42244235 0.90621471
vn 0.01781461 -0.42244235 0.90621471
vn 0.01781461 -0.42244235 0.90621471
vn -0.06481599 -0.43577549 0.89771856
vn -0.06481599 -0.43577549 0.89771856
vn -0.06481599 -0.43577549 0.89771856
vn -0.07421558 -0.99063449 0.11460955
vn -0.07421558 -0.99063449 0.11460955
vn -0.07421558 -0.99063449 0.11460955
vn -0.09647799 -0.98458272 0.14590707
vn -0.09647799 -0.98458272 0.14590707
vn -0.09647799 -0.98458272 0.14590707
vn 0.23786448 -0.74640639 0.62152875
vn 0.23786448 -0.74640639 0.62152875
vn 0.23786448 -0.74640639 0.62152875
vn 0.17634337 -0.75415819 0.63257287
vn 0.17634337 -0.75415819 0.63257287
vn 0.17634337 -0.75415819 0.63257287
vn 0.00399871 -0.98379879 0.17923157
vn 0.00399871 -0.98379879 0.17923157
vn 0.00399871 -0.98379879 0.17923157
vn 0.00362519 -0.98009805 0.19848091
vn 0.00362519 -0.98009805 0.19848091
vn 0.00362519 -0.98009805 0.19848091
vn 0.97006159 0.22513507 0.09107531
vn 0.97006159 0.22513507 0.09107531
vn 0.97006159 0.22513507 0.09107531
vn 0.77860817 -0.51622744 0.35676119
vn 0.77860817 -0.51622744 0.35676119
vn 0.77860817 -0.51622744 0.35676119
vn 0.73525351 -0.52783080 0.42520221
vn 0.73525351 -0.52783080 0.42520221
vn 0.73525351 -0.52783080 0.42520221
vn 0.54658085 -0.74678534 0.37889449
vn 0.54658085 -0.74678534 0.37889449
vn 0.54658085 -0.74678534 0.37889449
vn 0.50568467 -0.75379757 0.41960963
vn 0.50556443 -0.75392990 0.41951677
vn 0.51193999 -0.74683918 0.42443927
vn 0.09113583 -0.98749894 0.12860832
vn 0.09113583 -0.98749894 0.12860832
vn 0.09113583 -0.98749894 0.12860832
vn 0.07732619 -0.99112405 0.10813777
vn 0.07732619 -0.99112405 0.10813777
vn 0.07732619 -0.99112405 0.10813777
vn 0.86351051 0.13254862 -0.48660092
vn 0.86351051 0.13254862 -0.48660092
vn 0.86351051 0.13254862 -0.48660092
vn 0.90345028 0.13031015 -0.40840770
vn 0.90345028 0.13031015 -0.40840770
vn 0.90345028 0.13031015 -0.40840770
vn 0.93711344 -0.09263700 -0.33650674
vn 0.93711344 -0.09263700 -0.33650674
vn 0.93711344 -0.09263700 -0.33650674
vn 0.96130543 -0.11542795 -0.25013648
vn 0.96130543 -0.11542795 -0.25013648
vn 0.96130543 -0.11542795 -0.25013648
vn 0.73995560 -0.66976601 -0.06228326
vn 0.73995560 -0.66976601 -0.06228326
vn 0.73995560 -0.66976601 -0.06228326
vn 0.73304005 -0.68017879 0.00301598
vn 0.73304005 -0.68017879 0.00301598
vn 0.73304005 -0.68017879 0.00301598
vn 0.14795650 -0.98748159 0.05467159
vn 0.14795650 -0.98748159 0.05467159
vn 0.14795650 -0.98748159 0.05467159
vn 0.10852571 -0.99331603 0.03931203
vn 0.10852571 -0.99331603 0.03931203
vn 0.10852571 -0.99331603 0.03931203
vn 0.26665059 0.26300425 0.92721423
vn 0.26665059 0.26300425 0.92721423
vn 0.26665059 0.26300425 0.92721423
vn 0.18237285 0.26063603 0.94805538
vn 0.18237285 0.26063603 0.94805538
vn 0.18237285 0.26063603 0.94805538
vn -0.21127431 -0.74639805 0.63107298
vn -0.21127431 -0.74639805 0.63107298
vn -0.21127431 -0.74639805 0.63107298
vn -0.26363528 -0.75390912 0.60176198
vn -0.26363528 -0.75390912 0.60176198
vn -0.26363528 -0.75390912 0.60176198
vn -0.11080703 -0.98379728 0.14094225
vn -0.11080703 -0.98379728 0.14094225
vn -0.11080703 -0.98379728 0.14094225
vn -0.12332131 -0.98009816 0.15556170
vn -0.12332131 -0.98009816 0.15556170
vn -0.12332131 -0.98009816 0.15556170
vn 0.70755358 0.13928655 0.69279664
vn 0.70755358 0.13928655 0.69279664
vn 0.70755358 0.13928655 0.69279664
vn 0.64313904 0.12352389 0.75572087
vn 0.64313904 0.12352389 0.75572087
vn 0.64313904 0.12352389 0.75572087
vn 0.65005839 0.02633123 0.75942791
vn 0.65005839 0.02633123 0.75942791
vn 0.65005839 0.02633123 0.75942791
vn 0.58206905 0.01514849 0.81299824
vn 0.58206905 0.01514849 0.81299824
vn 0.58206905 0.01514849 0.81299824
vn 0.36732991 -0.54024166 0.75710480
vn 0.36732991 -0.54024166 0.75710480
vn 0.36732991 -0.54024166 0.75710480
vn 0.29253549 -0.55226156 0.78066008
vn 0.29253549 -0.55226156 0.78066008
vn 0.29253549 -0.55226156 0.78066008
vn -0.01576132 -0.97896963 0.20339626
vn -0.01576132 -0.97896963 0.20339626
vn -0.01576132 -0.97896963 0.20339626
vn -0.00900363 -0.99112705 0.13261262
vn -0.00900363 -0.99112705 0.13261262
vn -0.00900363 -0.99112705 0.13261262
vn 0.93352387 -0.13183516 0.33339568
vn 0.93352387 -0.13183516 0.33339568
vn 0.93352387 -0.13183516 0.33339568
vn 0.89730582 -0.13330349 0.42079978
vn 0.89730582 -0.13330349 0.42079978
vn 0.89730582 -0.13330349 0.42079978
vn 0.51206640 -0.74669705 0.42453683
vn 0.46662401 -0.75401499 0.46230231
vn 0.46662401 -0.75401499 0.46230231
vn 0.46662401 -0.75401499 0.46230231
vn 0.06977895 -0.99055349 0.11804528
vn 0.06977895 -0.99055349 0.11804528
vn 0.06977895 -0.99055349 0.11804528
vn 0.06774369 -0.99112406 0.11438483
vn 0.06774369 -0.99112406 0.11438483
vn 0.06774369 -0.99112406 0.11438483
vn 0.96217750 -0.10660933 -0.25069687
vn 0.96217750 -0.10660933 -0.25069687
vn 0.96217750 -0.10660933 -0.25069687
vn 0.97888664 -0.11855308 -0.16651158
vn 0.97888664 -0.11855308 -0.16651158
vn 0.97888664 -0.11855308 -0.16651158
vn 0.79617412 -0.60506718 0.00068571
vn 0.79617412 -0.60506718 0.00068571
vn 0.79617412 -0.60506718 0.00068571
vn 0.78586335 -0.61396462 0.07393400
vn 0.78586335 -0.61396462 0.07393400
vn 0.78586335 -0.61396462 0.07393400
vn 0.66270256 -0.74658968 0.05855900
vn 0.66270256 -0.74658968 0.05855900
vn 0.66270256 -0.74658968 0.05855900
vn 0.64640280 -0.75405686 0.11645461
vn 0.64640280 -0.75405686 0.11645461
vn 0.64640280 -0.75405686 0.11645461
vn 0.10831356 -0.99295571 0.04803263
vn 0.10831356 -0.99295571 0.04803263
vn 0.10831356 -0.99295571 0.04803263
vn 0.15873204 -0.98458273 0.07349141
vn 0.15873204 -0.98458273 0.07349141
vn 0.15873204 -0.98458273 0.07349141
vn 0.18223128 0.26706512 0.94629170
vn 0.18223128 0.26706512 0.94629170
vn 0.18223128 0.26706512 0.94629170
vn 0.10031931 0.25639390 0.96135228
vn 0.10031909 0.25629482 0.96137872
vn 0.10032864 0.26115616 0.96006855
vn -0.06424608 -0.09278018 0.99361173
vn -0.06424608 -0.09278018 0.99361173
vn -0.06424608 -0.09278018 0.99361173
vn -0.15557358 -0.11617119 0.98096948
vn -0.15557358 -0.11617119 0.98096948
vn -0.15557358 -0.11617119 0.98096948
vn -0.20039809 -0.51620073 0.83269287
vn -0.20039809 -0.51620073 0.83269287
vn -0.20039809 -0.51620073 0.83269287
vn -0.27576387 -0.52778169 0.80336839
vn -0.27576387 -0.52778169 0.80336839
vn -0.27576387 -0.52778169 0.80336839
vn -0.26665686 -0.74669549 0.60937670
vn -0.26665686 -0.74669549 0.60937670
vn -0.26665686 -0.74669549 0.60937670
vn -0.31440929 -0.75387765 0.57690145
vn -0.31440929 -0.75387765 0.57690145
vn -0.31440929 -0.75387765 0.57690145
vn -0.14104894 -0.97899771 0.14720286
vn -0.14104894 -0.97899771 0.14720286
vn -0.14104894 -0.97899771 0.14720286
vn -0.10500656 -0.98822501 0.11128770
vn -0.10500656 -0.98822501 0.11128770
vn -0.10500656 -0.98822501 0.11128770
vn 0.58170384 0.00009678 0.81340066
vn 0.58170384 0.00009678 0.81340066
vn 0.58170384 0.00009678 0.81340066
vn 0.50922105 -0.00168618 0.86063411
vn 0.50922105 -0.00168618 0.86063411
vn 0.50922105 -0.00168618 0.86063411
vn -0.02112745 -0.99055550 0.13547481
vn -0.02112745 -0.99055550 0.13547481
vn -0.02112745 -0.99055550 0.13547481
vn -0.02359804 -0.98856116 0.14896300
vn -0.02359804 -0.98856116 0.14896300
vn -0.02359804 -0.98856116 0.14896300
vn 0.95810771 0.23331246 0.16611715
vn 0.95810771 0.23331246 0.16611715
vn 0.95810771 0.23331246 0.16611715
vn 0.94102568 0.22553537 0.25219925
vn 0.94102568 0.22553537 0.25219925
vn 0.94102568 0.22553537 0.25219925
vn 0.06040516 -0.99063160 0.12247552
vn 0.06040516 -0.99063160 0.12247552
vn 0.06040516 -0.99063160 0.12247552
vn 0.07981339 -0.98279227 0.16658084
vn 0.07981339 -0.98279227 0.16658084
vn 0.07981339 -0.98279227 0.16658084
vn 0.87663612 0.26701476 -0.40026520
vn 0.87663612 0.26701476 -0.40026520
vn 0.87663612 0.26701476 -0.40026520
vn 0.91230189 0.25561914 -0.31994392
vn 0.91230189 0.25561914 -0.31994392
vn 0.91230189 0.25561914 -0.31994392
vn 0.98137556 -0.09343625 -0.16784419
vn 0.98137556 -0.09343625 -0.16784419
vn 0.98137556 -0.09343625 -0.16784419
vn 0.98999442 -0.11561809 -0.08089198
vn 0.98999442 -0.11561809 -0.08089198
vn 0.98999442 -0.11561809 -0.08089198
vn 0.15558502 -0.98366838 0.09049757
vn 0.15558502 -0.98366838 0.09049757
vn 0.15558502 -0.98366838 0.09049757
vn 0.11536434 -0.99112793 0.06600377
vn 0.11536434 -0.99112793 0.06600377
vn 0.11536434 -0.99112793 0.06600377
vn 0.67824301 -0.62782259 -0.38187067
vn 0.67824301 -0.62782259 -0.38187067
vn 0.67824301 -0.62782259 -0.38187067
vn 0.70277545 -0.63674214 -0.31727922
vn 0.70277545 -0.63674214 -0.31727922
vn 0.70277545 -0.63674214 -0.31727922
vn 0.13637755 -0.99058647 -0.01181552
vn 0.13637755 -0.99058647 -0.01181552
vn 0.13637755 -0.99058647 -0.01181552
vn 0.15245335 -0.98822964 -0.01265526
vn 0.15245335 -0.98822964 -0.01265526
vn 0.15245335 -0.98822964 -0.01265526
vn 0.17004743 -0.98366892 -0.05898587
vn 0.17004743 -0.98366892 -0.05898587
vn 0.17004743 -0.98366892 -0.05898587
vn 0.62144596 -0.33721353 -0.70717180
vn 0.62144596 -0.33721353 -0.70717180
vn 0.62144596 -0.33721353 -0.70717180
vn 0.55224895 -0.31626004 -0.77136288
vn 0.55224895 -0.31626004 -0.77136288
vn 0.55224895 -0.31626004 -0.77136288
vn 0.13004453 -0.98753622 -0.08866024
vn 0.27954212 0.01763214 -0.95997152
vn 0.27954212 0.01763214 -0.95997152
vn 0.27954212 0.01763214 -0.95997152
vn 0.19385046 0.03728535 -0.98032229
vn 0.19385046 0.03728535 -0.98032229
vn 0.19385046 0.03728535 -0.98032229
vn 0.19472617 0.15846172 -0.96797293
vn 0.19472617 0.15846172 -0.96797293
vn 0.19472617 0.15846172 -0.96797293
vn 0.10635882 0.16018839 -0.98133964
vn 0.10635882 0.16018839 -0.98133964
vn 0.10635882 0.16018839 -0.98133964
vn 0.13495184 -0.97897197 -0.15297676
vn 0.13495184 -0.97897197 -0.15297676
vn 0.13495184 -0.97897197 -0.15297676
vn 0.28929940 -0.75387256 -0.58990002
vn 0.28929940 -0.75387256 -0.58990002
vn 0.28929940 -0.75387256 -0.58990002
vn 0.23927626 -0.74653383 -0.62083340
vn 0.23927626 -0.74653383 -0.62083340
vn 0.23927626 -0.74653383 -0.62083340
vn 0.27333449 -0.65898496 -0.70073324
vn 0.27333449 -0.65898496 -0.70073324
vn 0.27333449 -0.65898496 -0.70073324
vn 0.21259959 -0.64945478 -0.73007527
vn 0.21259959 -0.64945478 -0.73007527
vn 0.21259959 -0.64945478 -0.73007527
vn 0.11332708 -0.11894542 -0.98641216
vn 0.11332708 -0.11894542 -0.98641216
vn 0.11332708 -0.11894542 -0.98641216
vn 0.02166779 -0.10613704 -0.99411540
vn 0.02166779 -0.10613704 -0.99411540
vn 0.02166779 -0.10613704 -0.99411540
vn 0.07074693 -0.99055175 -0.11748238
vn 0.07074693 -0.99055175 -0.11748238
vn 0.07074693 -0.99055175 -0.11748238
vn 0.02613310 -0.43583662 -0.89964632
vn 0.02613310 -0.43583662 -0.89964632
vn 0.02613310 -0.43583662 -0.89964632
vn -0.05839935 -0.42222900 -0.90460609
vn -0.05839935 -0.42222900 -0.90460609
vn -0.05839935 -0.42222900 -0.90460609
vn -0.05718808 -0.10457540 -0.99287135
vn -0.05718808 -0.10457540 -0.99287135
vn -0.05718808 -0.10457540 -0.99287135
vn -0.14865330 -0.10449921 -0.98335249
vn -0.14865330 -0.10449921 -0.98335249
vn -0.14865330 -0.10449921 -0.98335249
vn -0.30048521 0.28791127 -0.90929409
vn -0.30002625 0.29448020 -0.90733988
vn -0.30047746 0.28802403 -0.90926094
vn -0.37849475 0.29010905 -0.87896442
vn -0.37849475 0.29010905 -0.87896442
vn -0.37849475 0.29010905 -0.87896442
vn 0.06038213 -0.99055281 -0.12312244
vn 0.04784005 -0.98530112 -0.16399093
vn 0.04784005 -0.98530112 -0.16399093
vn 0.04784005 -0.98530112 -0.16399093
vn -0.20366492 -0.43594955 -0.87662340
vn -0.20366492 -0.43594955 -0.87662340
vn -0.20366492 -0.43594955 -0.87662340
vn -0.28434941 -0.42279738 -0.86045790
vn -0.28434941 -0.42279738 -0.86045790
vn -0.28434941 -0.42279738 -0.86045790
vn 0.03599355 -0.98369768 -0.17619118
vn 0.03599355 -0.98369768 -0.17619118
vn 0.03599355 -0.98369768 -0.17619118
vn -0.03622750 -0.75432467 -0.65550122
vn -0.03622750 -0.75432467 -0.65550122
vn -0.03622750 -0.75432467 -0.65550122
vn -0.09549110 -0.74707838 -0.65784142
vn -0.09549110 -0.74707838 -0.65784142
vn -0.09549110 -0.74707838 -0.65784142
vn -0.28198017 -0.43547197 -0.85489844
vn -0.28198017 -0.43547197 -0.85489844
vn -0.28198017 -0.43547197 -0.85489844
vn -0.36112916 -0.42212192 -0.83150395
vn -0.36112916 -0.42212192 -0.83150395
vn -0.36112916 -0.42212192 -0.83150395
vn 0.00699583 -0.97897628 -0.20385411
vn 0.00699583 -0.97897628 -0.20385411
vn 0.00699583 -0.97897628 -0.20385411
vn -0.61506236 -0.00180905 -0.78847639
vn -0.61506236 -0.00180905 -0.78847639
vn -0.61506236 -0.00180905 -0.78847639
vn -0.68393443 0.00007566 -0.72954348
vn -0.68393443 0.00007566 -0.72954348
vn -0.68393443 0.00007566 -0.72954348
vn -0.04529047 -0.97897683 -0.19887973
vn -0.04529047 -0.97897683 -0.19887973
vn -0.04529047 -0.97897683 -0.19887973
vn -0.30971641 -0.75382274 -0.57950584
vn -0.30971641 -0.75382274 -0.57950584
vn -0.30971641 -0.75382274 -0.57950584
vn -0.36405215 -0.74648370 -0.55698126
vn -0.36405215 -0.74648370 -0.55698126
vn -0.36405215 -0.74648370 -0.55698126
vn -0.40899828 -0.65891070 -0.63131378
vn -0.40899828 -0.65891070 -0.63131378
vn -0.40899828 -0.65891070 -0.63131378
vn -0.46954048 -0.64912064 -0.59847650
vn -0.46954048 -0.64912064 -0.59847650
vn -0.46954048 -0.64912064 -0.59847650
vn -0.73414188 -0.11645900 -0.66893423
vn -0.73414188 -0.11645900 -0.66893423
vn -0.73414188 -0.11645900 -0.66893423
vn -0.79331435 -0.09370722 -0.60155739
vn -0.79331435 -0.09370722 -0.60155739
vn -0.79331435 -0.09370722 -0.60155739
vn -0.83949890 0.10114299 -0.53386486
vn -0.83949890 0.10114299 -0.53386486
vn -0.83949890 0.10114299 -0.53386486
vn -0.88515975 0.10438279 -0.45342744
vn -0.88515975 0.10438279 -0.45342744
vn -0.88515975 0.10438279 -0.45342744
vn -0.06461299 -0.99056033 -0.12089417
vn -0.88367026 -0.09114915 -0.45914998
vn -0.88367026 -0.09114915 -0.45914998
vn -0.88367026 -0.09114915 -0.45914998
vn -0.92181608 -0.07855497 -0.37958428
vn -0.92181608 -0.07855497 -0.37958428
vn -0.92181608 -0.07855497 -0.37958428
vn -0.94492820 0.13021850 -0.30025630
vn -0.94492820 0.13021850 -0.30025630
vn -0.94492820 0.13021850 -0.30025630
vn -0.96796891 0.13252781 -0.21324297
vn -0.96796891 0.13252781 -0.21324297
vn -0.96796891 0.13252781 -0.21324297
vn -0.08472895 -0.99058592 -0.10751994
vn -0.08472895 -0.99058592 -0.10751994
vn -0.08472895 -0.99058592 -0.10751994
vn -0.52309463 -0.75398477 -0.39733987
vn -0.52309463 -0.75398477 -0.39733987
vn -0.52309463 -0.75398477 -0.39733987
vn -0.56109825 -0.74707537 -0.35643673
vn -0.56109825 -0.74707537 -0.35643673
vn -0.56109825 -0.74707537 -0.35643673
vn -0.97556434 -0.01366059 -0.21928886
vn -0.97556434 -0.01366059 -0.21928886
vn -0.97556434 -0.01366059 -0.21928886
vn -0.99165372 -0.00187350 -0.12891618
vn -0.99165372 -0.00187350 -0.12891618
vn -0.99165372 -0.00187350 -0.12891618
vn -0.12171418 -0.98367192 -0.13257152
vn -0.12171418 -0.98367192 -0.13257152
vn -0.12171418 -0.98367192 -0.13257152
vn -0.59170912 -0.71419776 -0.37390088
vn -0.59170912 -0.71419776 -0.37390088
vn -0.59170912 -0.71419776 -0.37390088
vn -0.62801059 -0.70790282 -0.32322793
vn -0.62801059 -0.70790282 -0.32322793
vn -0.62801059 -0.70790282 -0.32322793
vn -0.65133072 -0.68005008 -0.33660094
vn -0.65133072 -0.68005008 -0.33660094
vn -0.65133072 -0.68005008 -0.33660094
vn -0.68704638 -0.66968359 -0.28194178
vn -0.68704638 -0.66968359 -0.28194178
vn -0.68704638 -0.66968359 -0.28194178
vn -0.10915934 -0.99056008 -0.08291541
vn -0.60663070 -0.75405663 -0.25178917
vn -0.60663070 -0.75405663 -0.25178917
vn -0.60663070 -0.75405663 -0.25178917
vn -0.63491516 -0.74659025 -0.19871017
vn -0.63491516 -0.74659025 -0.19871017
vn -0.63491516 -0.74659025 -0.19871017
vn -0.73465616 -0.63685778 -0.23386427
vn -0.73465616 -0.63685778 -0.23386427
vn -0.73465616 -0.63685778 -0.23386427
vn -0.76045478 -0.62757195 -0.16691905
vn -0.76045478 -0.62757195 -0.16691905
vn -0.76045478 -0.62757195 -0.16691905
vn -0.89153475 -0.43591006 -0.12307806
vn -0.89153475 -0.43591006 -0.12307806
vn -0.89153475 -0.43591006 -0.12307806
vn -0.90572012 -0.42212053 -0.03853998
vn -0.90572012 -0.42212053 -0.03853998
vn -0.90572012 -0.42212053 -0.03853998
vn -0.98145631 0.14865066 0.12102270
vn -0.98145631 0.14865066 0.12102270
vn -0.98145631 0.14865066 0.12102270
vn -0.96488267 0.15898751 0.20910382
vn -0.96488267 0.15898751 0.20910382
vn -0.96488267 0.15898751 0.20910382
vn -0.11593751 -0.99055090 -0.07326257
vn -0.11593751 -0.99055090 -0.07326257
vn -0.11593751 -0.99055090 -0.07326257
vn -0.99381426 -0.10451464 0.03754868
vn -0.99381426 -0.10451464 0.03754868
vn -0.99381426 -0.10451464 0.03754868
vn -0.98629027 -0.10444236 0.12776266
vn -0.98629027 -0.10444236 0.12776266
vn -0.98629027 -0.10444236 0.12776266
vn -0.12676254 -0.99058707 -0.05165760
vn -0.12676254 -0.99058707 -0.05165760
vn -0.12676254 -0.99058707 -0.05165760
vn -0.20194057 -0.97897285 -0.02884716
vn -0.20194057 -0.97897285 -0.02884716
vn -0.20194057 -0.97897285 -0.02884716
vn -0.73585323 -0.65891669 0.15604111
vn -0.73585323 -0.65891669 0.15604111
vn -0.73585323 -0.65891669 0.15604111
vn -0.72719707 -0.64950927 0.22208585
vn -0.72719707 -0.64950927 0.22208585
vn -0.72719707 -0.64950927 0.22208585
vn -0.88573175 -0.11537539 0.44963072
vn -0.88573175 -0.11537539 0.44963072
vn -0.88573175 -0.11537539 0.44963072
vn -0.84351548 -0.09253227 0.52907410
vn -0.84351548 -0.09253227 0.52907410
vn -0.84351548 -0.09253227 0.52907410
vn -0.79514092 0.13020406 0.59228188
vn -0.79514092 0.13020406 0.59228188
vn -0.79514092 0.13020406 0.59228188
vn -0.73883344 0.13247720 0.66073818
vn -0.73883344 0.13247720 0.66073818
vn -0.73883344 0.13247720 0.66073818
vn -0.72805883 0.22552737 0.64735442
vn -0.72805883 0.22552737 0.64735442
vn -0.72805883 0.22552737 0.64735442
vn -0.66753795 0.23311499 0.70714248
vn -0.66753795 0.23311499 0.70714248
vn -0.66753795 0.23311499 0.70714248
vn -0.17872082 -0.98366888 0.02131655
vn -0.17872082 -0.98366888 0.02131655
vn -0.17872082 -0.98366888 0.02131655
vn -0.60964768 -0.75406758 0.24435996
vn -0.60964768 -0.75406758 0.24435996
vn -0.60964768 -0.75406758 0.24435996
vn -0.59291487 -0.74690280 0.30097868
vn -0.59305291 -0.74676246 0.30105493
vn -0.58608375 -0.75377308 0.29720697
vn -0.15044678 -0.98754424 0.04606671
vn -0.15044678 -0.98754424 0.04606671
vn -0.15044678 -0.98754424 0.04606671
vn -0.61790210 -0.63662289 0.46141987
vn -0.61790210 -0.63662289 0.46141987
vn -0.61790210 -0.63662289 0.46141987
vn -0.58162851 -0.62803542 0.51699109
vn -0.58162851 -0.62803542 0.51699109
vn -0.58162851 -0.62803542 0.51699109
vn -0.62018428 -0.43577084 0.65228463
vn -0.62018428 -0.43577084 0.65228463
vn -0.62018428 -0.43577084 0.65228463
vn -0.56205804 -0.42252387 0.71103048
vn -0.56205804 -0.42252387 0.71103048
vn -0.56205804 -0.42252387 0.71103048
vn -0.12674565 -0.99058428 0.05175244
vn -0.12674565 -0.99058428 0.05175244
vn -0.12674565 -0.99058428 0.05175244
vn -0.58973463 -0.61357999 0.52510253
vn -0.58973463 -0.61357999 0.52510253
vn -0.58973463 -0.61357999 0.52510253
vn -0.54456369 -0.60481523 0.58107567
vn -0.54456369 -0.60481523 0.58107567
vn -0.54456369 -0.60481523 0.58107567
vn -0.31356550 0.25329311 0.91516079
vn -0.31356550 0.25329311 0.91516079
vn -0.31356550 0.25329311 0.91516079
vn -0.22822793 0.26122238 0.93790985
vn -0.22822793 0.26122238 0.93790985
vn -0.22822793 0.26122238 0.93790985
vn -0.13415317 -0.98751120 0.08261084
vn -0.13415317 -0.98751120 0.08261084
vn -0.13415317 -0.98751120 0.08261084
vn -0.39869269 -0.10455945 0.91110453
vn -0.39869269 -0.10455945 0.91110453
vn -0.39869269 -0.10455945 0.91110453
vn -0.31519699 -0.10445673 0.94326012
vn -0.31519699 -0.10445673 0.94326012
vn -0.31519699 -0.10445673 0.94326012
vn -0.23972614 0.09452788 0.96622764
vn -0.23972614 0.09452788 0.96622764
vn -0.23972614 0.09452788 0.96622764
vn -0.14886615 0.11038800 0.98267663
vn -0.14886615 0.11038800 0.98267663
vn -0.14886615 0.11038800 0.98267663
vn -0.12611206 -0.98753599 0.09417226
vn -0.12611206 -0.98753599 0.09417226
vn -0.12611206 -0.98753599 0.09417226
vn -0.06834069 0.28777434 0.95525676
vn -0.06834069 0.28777434 0.95525676
vn -0.06834069 0.28777434 0.95525676
vn 0.01738494 0.29004043 0.95685648
vn 0.01738494 0.29004043 0.95685648
vn 0.01738494 0.29004043 0.95685648
vn -0.05502309 -0.99055471 0.12559388
vn -0.05502309 -0.99055471 0.12559388
vn -0.05502309 -0.99055471 0.12559388
vn -0.10124987 -0.75382055 0.64923265
vn -0.10124987 -0.75382055 0.64923265
vn -0.10124987 -0.75382055 0.64923265
vn -0.04214482 -0.74612924 0.66446593
vn -0.04214482 -0.74612924 0.66446593
vn -0.04214482 -0.74612924 0.66446593
vn 0.01284070 -0.52765145 0.84936392
vn 0.01284070 -0.52765145 0.84936392
vn 0.01284070 -0.52765145 0.84936392
vn 0.08885099 -0.51681279 0.85147522
vn 0.08885099 -0.51681279 0.85147522
vn 0.08885099 -0.51681279 0.85147522
vn 0.34780401 0.14846066 0.92573852
vn 0.34780401 0.14846066 0.92573852
vn 0.34780401 0.14846066 0.92573852
vn 0.42953915 0.15883398 0.88897013
vn 0.42953915 0.15883398 0.88897013
vn 0.42953915 0.15883398 0.88897013
vn -0.05993411 -0.98303879 0.17332814
vn -0.05993411 -0.98303879 0.17332814
vn -0.05993411 -0.98303879 0.17332814
vn 0.08773303 -0.52741859 0.84506364
vn 0.08773303 -0.52741859 0.84506364
vn 0.08773303 -0.52741859 0.84506364
vn 0.16172074 -0.51681063 0.84068613
vn 0.16172074 -0.51681063 0.84068613
vn 0.16172074 -0.51681063 0.84068613
vn 0.26737321 -0.10439631 0.95792117
vn 0.26737321 -0.10439631 0.95792117
vn 0.26737321 -0.10439631 0.95792117
vn 0.35547877 -0.10434182 0.92884209
vn 0.35547877 -0.10434182 0.92884209
vn 0.35547877 -0.10434182 0.92884209
vn 0.03383800 -0.98373822 0.17639193
vn 0.03383800 -0.98373822 0.17639193
vn 0.03383800 -0.98373822 0.17639193
vn 0.29130777 -0.73472637 0.61263116
vn 0.29130777 -0.73472637 0.61263116
vn 0.29130777 -0.73472637 0.61263116
vn 0.34916501 -0.72789736 0.59012645
vn 0.34916501 -0.72789736 0.59012645
vn 0.34916501 -0.72789736 0.59012645
vn 0.70590098 -0.10454660 0.70055250
vn 0.70590098 -0.10454660 0.70055250
vn 0.70590098 -0.10454660 0.70055250
vn 0.76561991 -0.10449055 0.63475025
vn 0.76562019 -0.10448782 0.63475036
vn 0.76560831 -0.10460157 0.63474596
vn 0.83729459 0.25567063 0.48329110
vn 0.83729459 0.25567063 0.48329110
vn 0.83729459 0.25567063 0.48329110
vn 0.87589633 0.26734529 0.40166170
vn 0.87589633 0.26734529 0.40166170
vn 0.87589633 0.26734529 0.40166170
vn 0.03853510 -0.99063065 0.13101896
vn 0.03853510 -0.99063065 0.13101896
vn 0.03853510 -0.99063065 0.13101896
vn 0.34535211 -0.73443914 0.58423545
vn 0.34535211 -0.73443914 0.58423545
vn 0.34535211 -0.73443914 0.58423545
vn 0.39965641 -0.72769559 0.55743509
vn 0.39965641 -0.72769559 0.55743509
vn 0.39965641 -0.72769559 0.55743509
vn 0.43614113 -0.65885907 0.61293200
vn 0.43614113 -0.65885907 0.61293200
vn 0.43614113 -0.65885907 0.61293200
vn 0.49287263 -0.64951031 0.57897575
vn 0.49287263 -0.64951031 0.57897575
vn 0.49287263 -0.64951031 0.57897575
vn 0.76560802 -0.10460429 0.63474586
vn 0.81763421 -0.10452651 0.56617004
vn 0.81763421 -0.10452651 0.56617004
vn 0.81763421 -0.10452651 0.56617004
vn 0.09787279 -0.99058477 0.09572219
vn 0.09787279 -0.99058477 0.09572219
vn 0.09787279 -0.99058477 0.09572219
vn 0.97845689 -0.10446444 0.17807102
vn 0.97845689 -0.10446444 0.17807102
vn 0.97845689 -0.10446444 0.17807102
vn 0.99090542 -0.10438572 0.08491215
vn 0.99090542 -0.10438572 0.08491215
vn 0.99090542 -0.10438572 0.08491215
vn 0.10551828 -0.99055508 0.08755875
vn 0.10551828 -0.99055508 0.08755875
vn 0.10551828 -0.99055508 0.08755875
vn 0.74063294 -0.61401808 0.27284546
vn 0.74063294 -0.61401808 0.27284546
vn 0.74063294 -0.61401808 0.27284546
vn 0.76882386 -0.60535441 0.20604833
vn 0.76882386 -0.60535441 0.20604833
vn 0.76882386 -0.60535441 0.20604833
vn 0.13487968 -0.99058560 0.02340176
vn 0.13487968 -0.99058560 0.02340176
vn 0.13487968 -0.99058560 0.02340176
vn 0.65475171 -0.75402057 -0.05247072
vn 0.65475171 -0.75402057 -0.05247072
vn 0.65475171 -0.75402057 -0.05247072
vn 0.65573591 -0.74670521 -0.11154260
vn 0.65573591 -0.74670521 -0.11154260
vn 0.65573591 -0.74670521 -0.11154260
vn 0.81964417 0.12361379 -0.55937738
vn 0.81964417 0.12361379 -0.55937738
vn 0.81964417 0.12361379 -0.55937738
vn 0.76666965 0.13865918 -0.62689016
vn 0.76666965 0.13865918 -0.62689016
vn 0.76666965 0.13865918 -0.62689016
vn 0.15692886 -0.98750005 0.01473031
vn 0.15692886 -0.98750005 0.01473031
vn 0.15692886 -0.98750005 0.01473031
vn 0.64774307 -0.75389117 -0.10989545
vn 0.64774307 -0.75389117 -0.10989545
vn 0.64774307 -0.75389117 -0.10989545
vn 0.64355182 -0.74686098 -0.16745066
vn 0.64370383 -0.74671982 -0.16749594
vn 0.63602895 -0.75377208 -0.16521146
vn 0.80173762 -0.52784178 -0.28035665
vn 0.80173762 -0.52784178 -0.28035665
vn 0.80173762 -0.52784178 -0.28035665
vn 0.77854795 -0.51647381 -0.35653596
vn 0.77854795 -0.51647381 -0.35653596
vn 0.77854795 -0.51647381 -0.35653596
vn 0.77155142 0.09499219 -0.62903489
vn 0.77155142 0.09499219 -0.62903489
vn 0.77155142 0.09499219 -0.62903489
vn 0.71267758 0.10990118 -0.69282927
vn 0.71267758 0.10990118 -0.69282927
vn 0.71267758 0.10990118 -0.69282927
vn 0.13520311 -0.99055235 -0.02293834
vn 0.13520311 -0.99055235 -0.02293834
vn 0.13520311 -0.99055235 -0.02293834
vn 0.67212601 -0.63668177 -0.37799862
vn 0.67212601 -0.63668177 -0.37799862
vn 0.67212601 -0.63668177 -0.37799862
vn 0.64283328 -0.62793307 -0.43870883
vn 0.64283328 -0.62793307 -0.43870883
vn 0.64283328 -0.62793307 -0.43870883
vn 0.51358222 0.00867229 -0.85799656
vn 0.51358222 0.00867229 -0.85799656
vn 0.51358222 0.00867229 -0.85799656
vn 0.58986732 -0.01092926 -0.80742621
vn 0.58986732 -0.01092926 -0.80742621
vn 0.58986732 -0.01092926 -0.80742621
vn 0.60191685 -0.62757486 -0.49380755
vn 0.60191685 -0.62757486 -0.49380755
vn 0.60191685 -0.62757486 -0.49380755
vn 0.63721391 -0.63657371 -0.43443336
vn 0.63721391 -0.63657371 -0.43443336
vn 0.63721391 -0.63657371 -0.43443336
vn 0.12873182 -0.99111178 -0.03354941
vn 0.13272777 -0.99055277 -0.03447541
vn 0.13263472 -0.99056598 -0.03445384
vn 0.12864753 -0.99112338 -0.03352987
vn 0.14274946 -0.98758017 -0.06563534
vn 0.14274946 -0.98758017 -0.06563534
vn 0.14274946 -0.98758017 -0.06563534
vn 0.54317019 -0.71427555 -0.44133500
vn 0.54317019 -0.71427555 -0.44133500
vn 0.54317019 -0.71427555 -0.44133500
vn 0.50650993 -0.70801901 -0.49209427
vn 0.50650993 -0.70801901 -0.49209427
vn 0.50650993 -0.70801901 -0.49209427
vn 0.51405938 -0.10455975 -0.85135786
vn 0.51405938 -0.10455975 -0.85135786
vn 0.51405938 -0.10455975 -0.85135786
vn 0.43706904 -0.10449668 -0.89333706
vn 0.43706904 -0.10449668 -0.89333706
vn 0.43706904 -0.10449668 -0.89333706
vn 0.27878156 0.03706101 -0.95963916
vn 0.27878156 0.03706101 -0.95963916
vn 0.27878156 0.03706101 -0.95963916
vn 0.36241492 0.01737831 -0.93185483
vn 0.36241492 0.01737831 -0.93185483
vn 0.36241492 0.01737831 -0.93185483
vn 0.35701299 -0.10636982 -0.92802327
vn 0.35701299 -0.10636982 -0.92802327
vn 0.35701299 -0.10636982 -0.92802327
vn 0.43682516 -0.11858859 -0.89169531
vn 0.43682516 -0.11858859 -0.89169531
vn 0.43682516 -0.11858859 -0.89169531
vn 0.45978780 -0.70753724 -0.53664348
vn 0.45978780 -0.70753724 -0.53664348
vn 0.45978780 -0.70753724 -0.53664348
vn 0.50226210 -0.71414865 -0.48756999
vn 0.50226210 -0.71414865 -0.48756999
vn 0.50226210 -0.71414865 -0.48756999
vn 0.13720597 -0.98753245 -0.07716341
vn 0.13720597 -0.98753245 -0.07716341
vn 0.13720597 -0.98753245 -0.07716341
vn 0.13326018 -0.98823186 -0.07509668
vn 0.13326018 -0.98823186 -0.07509668
vn 0.13326018 -0.98823186 -0.07509668
vn 0.10567167 -0.99058601 -0.08702215
vn 0.10567167 -0.99058601 -0.08702215
vn 0.10567167 -0.99058601 -0.08702215
vn 0.40162476 -0.73472917 -0.54669059
vn 0.40162476 -0.73472917 -0.54669059
vn 0.40162476 -0.73472917 -0.54669059
vn 0.35293493 -0.72773550 -0.58807991
vn 0.35293493 -0.72773550 -0.58807991
vn 0.35293493 -0.72773550 -0.58807991
vn 0.02716846 0.28249852 -0.95888292
vn 0.02716846 0.28249852 -0.95888292
vn 0.02716846 0.28249852 -0.95888292
vn -0.06179669 0.29496853 -0.95350655
vn -0.06179669 0.29496853 -0.95350655
vn -0.06179669 0.29496853 -0.95350655
vn 0.29260907 -0.74673797 -0.59729585
vn 0.29260907 -0.74673797 -0.59729585
vn 0.29260907 -0.74673797 -0.59729585
vn 0.33892153 -0.75390375 -0.56281555
vn 0.33892153 -0.75390375 -0.56281555
vn 0.33892153 -0.75390375 -0.56281555
vn 0.09542004 -0.99111874 -0.09262105
vn 0.09521881 -0.99115546 -0.09243500
vn 0.09522352 -0.99115460 -0.09243935
vn 0.09542395 -0.99111803 -0.09262466
vn -0.30001772 0.29460022 -0.90730374
vn -0.22051778 0.28288319 -0.93346077
vn -0.22051778 0.28288319 -0.93346077
vn -0.22051778 0.28288319 -0.93346077
vn -0.23275151 0.10232690 -0.96713801
vn -0.23275151 0.10232690 -0.96713801
vn -0.23275151 0.10232690 -0.96713801
vn -0.14285081 0.09190945 -0.98546755
vn -0.14285081 0.09190945 -0.98546755
vn -0.14285081 0.09190945 -0.98546755
vn 0.09057349 -0.54023133 -0.83662808
vn 0.09057349 -0.54023133 -0.83662808
vn 0.09057349 -0.54023133 -0.83662808
vn 0.16542833 -0.55214242 -0.81717331
vn 0.16542833 -0.55214242 -0.81717331
vn 0.16542833 -0.55214242 -0.81717331
vn 0.14788745 -0.64915278 -0.74614340
vn 0.14788745 -0.64915278 -0.74614340
vn 0.14788745 -0.64915278 -0.74614340
vn 0.21070025 -0.65874166 -0.72226368
vn 0.21070025 -0.65874166 -0.72226368
vn 0.21070025 -0.65874166 -0.72226368
vn 0.07800672 -0.99068777 -0.11159160
vn 0.07800672 -0.99068777 -0.11159160
vn 0.07800672 -0.99068777 -0.11159160
vn 0.11651115 -0.98009926 -0.16071901
vn 0.11651115 -0.98009926 -0.16071901
vn 0.11651115 -0.98009926 -0.16071901
vn -0.47234403 0.10441836 -0.87520736
vn -0.47234403 0.10441836 -0.87520736
vn -0.47234403 0.10441836 -0.87520736
vn -0.38933804 0.10121561 -0.91551695
vn -0.38933804 0.10121561 -0.91551695
vn -0.38933804 0.10121561 -0.91551695
vn 0.01351633 -0.74623371 -0.66554681
vn 0.01351633 -0.74623371 -0.66554681
vn 0.01351633 -0.74623371 -0.66554681
vn 0.07564847 -0.75414627 -0.65233482
vn 0.07564847 -0.75414627 -0.65233482
vn 0.07564847 -0.75414627 -0.65233482
vn 0.05746170 -0.98750999 -0.14670435
vn 0.05746170 -0.98750999 -0.14670435
vn 0.05746170 -0.98750999 -0.14670435
vn 0.04795773 -0.99112340 -0.12399376
vn 0.04795773 -0.99112340 -0.12399376
vn 0.04795773 -0.99112340 -0.12399376
vn -0.71862629 0.26133186 -0.64442371
vn -0.71862629 0.26133186 -0.64442371
vn -0.71862629 0.26133186 -0.64442371
vn -0.65729526 0.25330785 -0.70978735
vn -0.65729526 0.25330785 -0.70978735
vn -0.65729526 0.25330785 -0.70978735
vn -0.61565464 0.03701215 -0.78714641
vn -0.61565464 0.03701215 -0.78714641
vn -0.61565464 0.03701215 -0.78714641
vn -0.54447960 0.01743344 -0.83859290
vn -0.54447960 0.01743344 -0.83859290
vn -0.54447960 0.01743344 -0.83859290
vn -0.54452765 -0.10636306 -0.83197148
vn -0.54452765 -0.10636306 -0.83197148
vn -0.54452765 -0.10636306 -0.83197148
vn -0.46576227 -0.11898002 -0.87687471
vn -0.46576227 -0.11898002 -0.87687471
vn -0.46576227 -0.11898002 -0.87687471
vn -0.16685223 -0.70755053 -0.68668230
vn -0.16685223 -0.70755053 -0.68668230
vn -0.16685223 -0.70755053 -0.68668230
vn -0.10220919 -0.71417163 -0.69246817
vn -0.10220919 -0.71417163 -0.69246817
vn -0.10220919 -0.71417163 -0.69246817
vn 0.01380593 -0.99063159 -0.13586191
vn 0.01380593 -0.99063159 -0.13586191
vn 0.01380593 -0.99063159 -0.13586191
vn 0.01934927 -0.98458135 -0.17385388
vn 0.01934927 -0.98458135 -0.17385388
vn 0.01934927 -0.98458135 -0.17385388
vn -0.01067439 -0.99069232 -0.13570109
vn -0.01067439 -0.99069232 -0.13570109
vn -0.01067439 -0.99069232 -0.13570109
vn -0.33453656 -0.70780686 -0.62216938
vn -0.33453656 -0.70780686 -0.62216938
vn -0.33453656 -0.70780686 -0.62216938
vn -0.27183655 -0.71444421 -0.64472814
vn -0.27183655 -0.71444421 -0.64472814
vn -0.27183655 -0.71444421 -0.64472814
vn -0.02002258 -0.99055257 -0.13566395
vn -0.02002258 -0.99055257 -0.13566395
vn -0.02002258 -0.99055257 -0.13566395
vn -0.01951588 -0.99112851 -0.13146636
vn -0.01951588 -0.99112851 -0.13146636
vn -0.01951588 -0.99112851 -0.13146636
vn -0.06371436 -0.97909479 -0.19316798
vn -0.57585743 -0.52786815 -0.62429435
vn -0.57585743 -0.52786815 -0.62429435
vn -0.57585743 -0.52786815 -0.62429435
vn -0.63743844 -0.51631505 -0.57191871
vn -0.63743844 -0.51631505 -0.57191871
vn -0.63743844 -0.51631505 -0.57191871
vn -0.79221623 -0.10450888 -0.60122486
vn -0.79221623 -0.10450888 -0.60122486
vn -0.79221623 -0.10450888 -0.60122486
vn -0.84259296 -0.10442892 -0.52832917
vn -0.84259296 -0.10442892 -0.52832917
vn -0.84259296 -0.10442892 -0.52832917
vn -0.46908663 -0.72761218 -0.50053797
vn -0.46908663 -0.72761218 -0.50053797
vn -0.46908663 -0.72761218 -0.50053797
vn -0.41644241 -0.73464115 -0.53561003
vn -0.41644241 -0.73464115 -0.53561003
vn -0.41644241 -0.73464115 -0.53561003
vn -0.05586514 -0.99068672 -0.12417289
vn -0.07831940 -0.98010111 -0.18239488
vn -0.07831940 -0.98010111 -0.18239488
vn -0.07831940 -0.98010111 -0.18239488
vn -0.95462041 0.29485308 -0.04197056
vn -0.95462041 0.29485308 -0.04197056
vn -0.95462041 0.29485308 -0.04197056
vn -0.95049569 0.28267230 -0.12905159
vn -0.95049569 0.28267230 -0.12905159
vn -0.95049569 0.28267230 -0.12905159
vn -0.95077675 -0.09282219 -0.29564779
vn -0.95077675 -0.09282219 -0.29564779
vn -0.95077675 -0.09282219 -0.29564779
vn -0.91799852 -0.11564436 -0.37934826
vn -0.91799852 -0.11564436 -0.37934826
vn -0.91799852 -0.11564436 -0.37934826
vn -0.52982764 -0.74673018 -0.40209042
vn -0.52982764 -0.74673018 -0.40209042
vn -0.52982764 -0.74673018 -0.40209042
vn -0.48519456 -0.75414301 -0.44255458
vn -0.48519456 -0.75414301 -0.44255458
vn -0.48519456 -0.75414301 -0.44255458
vn -0.08551371 -0.98749984 -0.13240645
vn -0.08551371 -0.98749984 -0.13240645
vn -0.08551371 -0.98749984 -0.13240645
vn -0.07257618 -0.99113029 -0.11132589
vn -0.07257618 -0.99113029 -0.11132589
vn -0.07257618 -0.99113029 -0.11132589
vn -0.99914672 0.00008203 0.04130159
vn -0.99914672 0.00008203 0.04130159
vn -0.99914672 0.00008203 0.04130159
vn -0.99874154 -0.00182894 -0.05011971
vn -0.99874154 -0.00182894 -0.05011971
vn -0.99874154 -0.00182894 -0.05011971
vn -0.10218939 -0.99063172 -0.09058767
vn -0.10218939 -0.99063172 -0.09058767
vn -0.10218939 -0.99063172 -0.09058767
vn -0.12976727 -0.98458522 -0.11727060
vn -0.12976727 -0.98458522 -0.11727060
vn -0.12976727 -0.98458522 -0.11727060
vn -0.91782394 0.13257507 0.37419656
vn -0.91782394 0.13257507 0.37419656
vn -0.91782394 0.13257507 0.37419656
vn -0.94826358 0.13031087 0.28950865
vn -0.94826358 0.13031087 0.28950865
vn -0.94826358 0.13031087 0.28950865
vn -0.95492298 0.03723063 0.29450973
vn -0.95492298 0.03723063 0.29450973
vn -0.95492298 0.03723063 0.29450973
vn -0.97796417 0.01724786 0.20805911
vn -0.97796417 0.01724786 0.20805911
vn -0.97796417 0.01724786 0.20805911
vn -0.68059493 -0.72743283 -0.08736143
vn -0.68059493 -0.72743283 -0.08736143
vn -0.68059493 -0.72743283 -0.08736143
vn -0.66193579 -0.73460983 -0.14896107
vn -0.66193579 -0.73460983 -0.14896107
vn -0.66193579 -0.73460983 -0.14896107
vn -0.13972475 -0.98750289 -0.07290432
vn -0.13972475 -0.98750289 -0.07290432
vn -0.13972475 -0.98750289 -0.07290432
vn -0.11813019 -0.99112292 -0.06099681
vn -0.11813019 -0.99112292 -0.06099681
vn -0.11813019 -0.99112292 -0.06099681
vn -0.15017519 -0.98749827 -0.04790179
vn -0.15017519 -0.98749827 -0.04790179
vn -0.15017519 -0.98749827 -0.04790179
vn -0.67729373 -0.73484721 -0.03567600
vn -0.67729373 -0.73484721 -0.03567600
vn -0.67729373 -0.73484721 -0.03567600
vn -0.68517071 -0.72785452 0.02772903
vn -0.68517071 -0.72785452 0.02772903
vn -0.68517071 -0.72785452 0.02772903
vn -0.82752604 -0.55220830 0.10132447
vn -0.82752604 -0.55220830 0.10132447
vn -0.82752604 -0.55220830 0.10132447
vn -0.82228729 -0.54031794 0.17860608
vn -0.82228729 -0.54031794 0.17860608
vn -0.82228729 -0.54031794 0.17860608
vn -0.82814055 0.23219145 0.51016699
vn -0.82814055 0.23219145 0.51016699
vn -0.82814055 0.23219145 0.51016699
vn -0.77759308 0.23516512 0.58313495
vn -0.77759308 0.23516512 0.58313495
vn -0.77759308 0.23516512 0.58313495
vn -0.88645705 -0.10663994 0.45035743
vn -0.88645705 -0.10663994 0.45035743
vn -0.88645705 -0.10663994 0.45035743
vn -0.92187999 -0.11901406 0.36874509
vn -0.92187999 -0.11901406 0.36874509
vn -0.92187999 -0.11901406 0.36874509
vn -0.65999228 -0.74639244 0.08548984
vn -0.65999228 -0.74639244 0.08548984
vn -0.65999228 -0.74639244 0.08548984
vn -0.65649447 -0.75389676 0.02558691
vn -0.65649447 -0.75389676 0.02558691
vn -0.65649447 -0.75389676 0.02558691
vn -0.13373805 -0.99058701 -0.02918077
vn -0.13373805 -0.99058701 -0.02918077
vn -0.13373805 -0.99058701 -0.02918077
vn -0.14935330 -0.98822797 -0.03315238
vn -0.14935330 -0.98822797 -0.03315238
vn -0.14935330 -0.98822797 -0.03315238
vn -0.13611416 -0.99068523 -0.00396288
vn -0.13611416 -0.99068523 -0.00396288
vn -0.13611416 -0.99068523 -0.00396288
vn -0.73740643 -0.63659200 0.22579280
vn -0.73740643 -0.63659200 0.22579280
vn -0.73740643 -0.63659200 0.22579280
vn -0.72109760 -0.62749879 0.29370652
vn -0.72109760 -0.62749879 0.29370652
vn -0.72109760 -0.62749879 0.29370652
vn -0.65710616 0.28330932 0.69853227
vn -0.65710616 0.28330932 0.69853227
vn -0.65710616 0.28330932 0.69853227
vn -0.59378134 0.29456607 0.74876869
vn -0.59378134 0.29456607 0.74876869
vn -0.59378134 0.29456607 0.74876869
vn -0.53111964 0.26286442 0.80549005
vn -0.53111964 0.26286442 0.80549005
vn -0.53111964 0.26286442 0.80549005
vn -0.60061847 0.26048647 0.75591286
vn -0.60061847 0.26048647 0.75591286
vn -0.60061847 0.26048647 0.75591286
vn -0.13702052 -0.99055381 0.00534043
vn -0.13702052 -0.99055381 0.00534043
vn -0.13702052 -0.99055381 0.00534043
vn -0.13285012 -0.99112203 0.00528814
vn -0.13285012 -0.99112203 0.00528814
vn -0.13285012 -0.99112203 0.00528814
vn -0.47243592 0.10236020 0.87540087
vn -0.47243592 0.10236020 0.87540087
vn -0.47243592 0.10236020 0.87540087
vn -0.55189096 0.09192688 0.82883401
vn -0.55189096 0.09192688 0.82883401
vn -0.55189096 0.09192688 0.82883401
vn -0.63705757 -0.60520632 0.47737088
vn -0.63705757 -0.60520632 0.47737088
vn -0.63705757 -0.60520632 0.47737088
vn -0.67222434 -0.61394543 0.41374563
vn -0.67222434 -0.61394543 0.41374563
vn -0.67222434 -0.61394543 0.41374563
vn -0.56459840 -0.74657349 0.35193278
vn -0.56459840 -0.74657349 0.35193278
vn -0.56459840 -0.74657349 0.35193278
vn -0.58595234 -0.75390382 0.29713444
vn -0.15342181 -0.98758824 0.03363356
vn -0.15342181 -0.98758824 0.03363356
vn -0.15342181 -0.98758824 0.03363356
vn -0.17100728 -0.98458251 0.03679392
vn -0.17100728 -0.98458251 0.03679392
vn -0.17100728 -0.98458251 0.03679392
vn -0.39875900 -0.09367470 0.91225891
vn -0.39875900 -0.09367470 0.91225891
vn -0.39875900 -0.09367470 0.91225891
vn -0.47754490 -0.11626198 0.87088118
vn -0.47754490 -0.11626198 0.87088118
vn -0.47754490 -0.11626198 0.87088118
vn -0.46963966 -0.51636738 0.71610287
vn -0.46963966 -0.51636738 0.71610287
vn -0.46963966 -0.51636738 0.71610287
vn -0.52975383 -0.52776472 0.66394674
vn -0.52975383 -0.52776472 0.66394674
vn -0.52975383 -0.52776472 0.66394674
vn -0.11860995 -0.99111022 0.06026775
vn -0.12229741 -0.99055402 0.06201678
vn -0.12221154 -0.99056717 0.06197605
vn -0.11853216 -0.99112177 0.06023085
vn -0.11758704 -0.98752797 0.10469857
vn -0.11758704 -0.98752797 0.10469857
vn -0.11758704 -0.98752797 0.10469857
vn -0.38885609 -0.71430777 0.58185510
vn -0.38885609 -0.71430777 0.58185510
vn -0.38885609 -0.71430777 0.58185510
vn -0.33649789 -0.70776510 0.62115839
vn -0.33649789 -0.70776510 0.62115839
vn -0.33649789 -0.70776510 0.62115839
vn 0.01661908 0.25371379 0.96713656
vn 0.01661908 0.25371379 0.96713656
vn 0.01661908 0.25371379 0.96713656
vn 0.10032880 0.26125228 0.96004238
vn -0.10708678 -0.70784482 0.69820350
vn -0.10708678 -0.70784482 0.69820350
vn -0.10708678 -0.70784482 0.69820350
vn -0.16962830 -0.71439105 0.67887529
vn -0.16962830 -0.71439105 0.67887529
vn -0.16962830 -0.71439105 0.67887529
vn -0.06562294 -0.99055286 0.12041037
vn -0.06562294 -0.99055286 0.12041037
vn -0.06562294 -0.99055286 0.12041037
vn -0.06351360 -0.99112577 0.11677211
vn -0.06351360 -0.99112577 0.11677211
vn -0.06351360 -0.99112577 0.11677211
vn -0.03557588 -0.98799467 0.15033592
vn -0.03557588 -0.98799467 0.15033592
vn -0.03557588 -0.98799467 0.15033592
vn 0.16005051 -0.52744982 0.83437433
vn 0.16005051 -0.52744982 0.83437433
vn 0.16005051 -0.52744982 0.83437433
vn 0.23673163 -0.51628732 0.82304649
vn 0.23673163 -0.51628732 0.82304649
vn 0.23673163 -0.51628732 0.82304649
vn 0.43095458 -0.01082132 0.90230873
vn 0.43095458 -0.01082132 0.90230873
vn 0.43095458 -0.01082132 0.90230873
vn 0.50951532 0.00825036 0.86042203
vn 0.50951532 0.00825036 0.86042203
vn 0.50951532 0.00825036 0.86042203
vn 0.01849397 -0.98382868 0.17815473
vn 0.01849397 -0.98382868 0.17815473
vn 0.01849397 -0.98382868 0.17815473
vn 0.01819088 -0.98458370 0.17396559
vn 0.01819088 -0.98458370 0.17396559
vn 0.01819088 -0.98458370 0.17396559
vn 0.06607400 -0.98187245 0.17765337
vn 0.06607400 -0.98187245 0.17765337
vn 0.06607400 -0.98187245 0.17765337
vn 0.50036478 -0.63653655 0.58690400
vn 0.50036478 -0.63653655 0.58690400
vn 0.50036478 -0.63653655 0.58690400
vn 0.55620897 -0.62742417 0.54495000
vn 0.55620897 -0.62742417 0.54495000
vn 0.55620897 -0.62742417 0.54495000
vn 0.81603867 -0.11869097 0.56567954
vn 0.81603867 -0.11869097 0.56567954
vn 0.81603867 -0.11869097 0.56567954
vn 0.86478995 -0.10623114 0.49076806
vn 0.86478995 -0.10623114 0.49076806
vn 0.86478995 -0.10623114 0.49076806
vn 0.91300532 0.23228679 0.33535674
vn 0.91300532 0.23228679 0.33535674
vn 0.91300532 0.23228679 0.33535674
vn 0.93888624 0.23524935 0.25129739
vn 0.93888624 0.23524935 0.25129739
vn 0.93888624 0.23524935 0.25129739
vn 0.97239997 0.23331884 -0.00078094
vn 0.97239997 0.23331884 -0.00078094
vn 0.97239997 0.23331884 -0.00078094
vn 0.57862591 -0.74638802 0.32878105
vn 0.57862591 -0.74638802 0.32878105
vn 0.57862591 -0.74638802 0.32878105
vn 0.53977057 -0.75391358 0.37451575
vn 0.53977057 -0.75391358 0.37451575
vn 0.53977057 -0.75391358 0.37451575
vn 0.09941880 -0.98821219 0.11641547
vn 0.10211144 -0.98753634 0.11977156
vn 0.10204234 -0.98755393 0.11968542
vn 0.09935595 -0.98822774 0.11633713
vn 0.11264409 -0.99055692 0.07815554
vn 0.51902645 -0.81917422 0.24405972
vn 0.51902645 -0.81917422 0.24405972
vn 0.51902645 -0.81917422 0.24405972
vn 0.54592408 -0.81460108 0.19593869
vn 0.54592408 -0.81460108 0.19593869
vn 0.54592408 -0.81460108 0.19593869
vn 0.76252738 -0.61370069 0.20475218
vn 0.76252738 -0.61370069 0.20475218
vn 0.76252738 -0.61370069 0.20475218
vn 0.78452039 -0.60495580 0.13622126
vn 0.78452039 -0.60495580 0.13622126
vn 0.78452039 -0.60495580 0.13622126
vn 0.99599367 -0.08914647 0.00703726
vn 0.99599367 -0.08914647 0.00703726
vn 0.99599367 -0.08914647 0.00703726
vn 0.99443415 -0.06495842 -0.08295257
vn 0.99443415 -0.06495842 -0.08295257
vn 0.99443415 -0.06495842 -0.08295257
vn 0.81878488 0.13052855 -0.55906495
vn 0.81878488 0.13052855 -0.55906495
vn 0.81878488 0.13052855 -0.55906495
vn 0.86498254 0.12096988 -0.48700257
vn 0.86498254 0.12096988 -0.48700257
vn 0.86498254 0.12096988 -0.48700257
vn 0.14786870 -0.98821504 0.03957131
vn 0.15202664 -0.98753303 0.04082182
vn 0.15191991 -0.98755078 0.04078972
vn 0.14777166 -0.98823072 0.03954213
vn 0.15740770 -0.98753349 0.00064766
vn 0.15740770 -0.98753349 0.00064766
vn 0.15740770 -0.98753349 0.00064766
vn 0.63588424 -0.75390359 -0.16516841
vn 0.62651165 -0.74639782 -0.22444030
vn 0.62651165 -0.74639782 -0.22444030
vn 0.62651165 -0.74639782 -0.22444030
vn 0.71355471 0.10125125 -0.69324445
vn 0.71355471 0.10125125 -0.69324445
vn 0.71355471 0.10125125 -0.69324445
vn 0.64729140 0.10439551 -0.75505988
vn 0.64729140 0.10439551 -0.75505988
vn 0.64729140 0.10439551 -0.75505988
vn 0.65810854 0.75291454 0.00358375
vn 0.65810854 0.75291454 0.00358375
vn 0.65810854 0.75291454 0.00358375
vn 0.67571696 0.73715786 0.00220671
vn 0.67571696 0.73715786 0.00220671
vn 0.67571696 0.73715786 0.00220671
vn 0.68139352 0.72970701 -0.05683797
vn 0.68139352 0.72970701 -0.05683797
vn 0.68139352 0.72970701 -0.05683797
vn 0.66659013 0.74343931 -0.05436530
vn 0.66659013 0.74343931 -0.05436530
vn 0.66659013 0.74343931 -0.05436530
vn 0.66883349 0.73469105 -0.11353775
vn 0.66883349 0.73469105 -0.11353775
vn 0.66883349 0.73469105 -0.11353775
vn 0.67635209 0.72747523 -0.11544543
vn 0.67635209 0.72747523 -0.11544543
vn 0.67635209 0.72747523 -0.11544543
vn 0.66627574 0.72500995 -0.17446264
vn 0.66627574 0.72500995 -0.17446264
vn 0.66627574 0.72500995 -0.17446264
vn 0.64772043 0.74315600 -0.16786125
vn 0.64772043 0.74315600 -0.16786125
vn 0.64772043 0.74315600 -0.16786125
vn 0.63847853 0.73500177 -0.22829271
vn 0.63847853 0.73500177 -0.22829271
vn 0.63847853 0.73500177 -0.22829271
vn 0.61373327 0.75888704 -0.21776577
vn 0.61373327 0.75888704 -0.21776577
vn 0.61373327 0.75888704 -0.21776577
vn 0.59973180 0.75239266 -0.27244642
vn 0.59975153 0.75237304 -0.27245717
vn 0.60020872 0.75191804 -0.27270635
vn 0.60022465 0.75190217 -0.27271503
vn 0.57507625 0.75141682 -0.32351208
vn 0.57507625 0.75141682 -0.32351208
vn 0.57507625 0.75141682 -0.32351208
vn 0.57349100 0.75307929 -0.32245876
vn 0.57349100 0.75307929 -0.32245876
vn 0.57349100 0.75307929 -0.32245876
vn 0.54706720 0.74887413 -0.37403879
vn 0.54706720 0.74887413 -0.37403879
vn 0.54706720 0.74887413 -0.37403879
vn 0.53933464 0.75743128 -0.36798912
vn 0.53933464 0.75743128 -0.36798912
vn 0.53933464 0.75743128 -0.36798912
vn 0.51157220 0.75054448 -0.41830237
vn 0.51157220 0.75054448 -0.41830237
vn 0.51157220 0.75054448 -0.41830237
vn 0.50578571 0.75743856 -0.41287728
vn 0.50578571 0.75743856 -0.41287728
vn 0.50578571 0.75743856 -0.41287728
vn 0.47376900 0.75054993 -0.46067097
vn 0.47376900 0.75054993 -0.46067097
vn 0.47376900 0.75054993 -0.46067097
vn 0.46983254 0.75568599 -0.45628508
vn 0.46983254 0.75568599 -0.45628508
vn 0.46983254 0.75568599 -0.45628508
vn 0.43172623 0.75477999 -0.49388220
vn 0.43172623 0.75477999 -0.49388220
vn 0.43172623 0.75477999 -0.49388220
vn 0.45309116 0.72178625 -0.52319501
vn 0.45309116 0.72178625 -0.52319501
vn 0.45309116 0.72178625 -0.52319501
vn 0.40761489 0.71644948 -0.56617157
vn 0.40761489 0.71644948 -0.56617157
vn 0.40761489 0.71644948 -0.56617157
vn 0.38704928 0.75229855 -0.53314140
vn 0.38704928 0.75229855 -0.53314140
vn 0.38704928 0.75229855 -0.53314140
vn 0.34415767 0.74512531 -0.57126506
vn 0.34415767 0.74512531 -0.57126506
vn 0.34415767 0.74512531 -0.57126506
vn 0.34788691 0.73765658 -0.57865142
vn 0.34788691 0.73765658 -0.57865142
vn 0.34788691 0.73765658 -0.57865142
vn 0.29746970 0.73782421 -0.60591023
vn 0.29746970 0.73782421 -0.60591023
vn 0.29746970 0.73782421 -0.60591023
vn 0.29973329 0.73209006 -0.61172224
vn 0.29973329 0.73209006 -0.61172224
vn 0.29973329 0.73209006 -0.61172224
vn 0.24634530 0.72721878 -0.64067686
vn 0.24634530 0.72721878 -0.64067686
vn 0.24634530 0.72721878 -0.64067686
vn 0.23828783 0.75234041 -0.61416839
vn 0.23828783 0.75234041 -0.61416839
vn 0.23828783 0.75234041 -0.61416839
vn 0.18609136 0.74501344 -0.64056614
vn 0.18605698 0.74515802 -0.64040793
vn 0.18531422 0.74826355 -0.63699317
vn 0.18528442 0.74838747 -0.63685625
vn 0.13104862 0.74002126 -0.65969296
vn 0.13104862 0.74002126 -0.65969296
vn 0.13104862 0.74002126 -0.65969296
vn 0.12884844 0.75569400 -0.64212511
vn 0.12884844 0.75569400 -0.64212511
vn 0.12884844 0.75569400 -0.64212511
vn 0.07469049 0.75475428 -0.65174175
vn 0.07469049 0.75475428 -0.65174175
vn 0.07469049 0.75475428 -0.65174175
vn 0.07561725 0.72872591 -0.68061780
vn 0.07561725 0.72872591 -0.68061780
vn 0.07561725 0.72872591 -0.68061780
vn 0.01513908 0.72389496 -0.68974408
vn 0.01513908 0.72389496 -0.68974408
vn 0.01513908 0.72389496 -0.68974408
vn 0.01689182 0.75893272 -0.65094991
vn 0.01689182 0.75893272 -0.65094991
vn 0.01689182 0.75893272 -0.65094991
vn -0.03856601 0.75255195 -0.65740264
vn -0.03856601 0.75255195 -0.65740264
vn -0.03856601 0.75255195 -0.65740264
vn -0.04135205 0.73497336 -0.67683393
vn -0.04135205 0.73497336 -0.67683393
vn -0.04135205 0.73497336 -0.67683393
vn -0.09903439 0.73359521 -0.67233196
vn -0.09903439 0.73359521 -0.67233196
vn -0.09903439 0.73359521 -0.67233196
vn -0.09787698 0.74989490 -0.65427650
vn -0.09787698 0.74989490 -0.65427650
vn -0.09787698 0.74989490 -0.65427650
vn -0.15519485 0.74394700 -0.64996725
vn -0.15519485 0.74394700 -0.64996725
vn -0.15519485 0.74394700 -0.64996725
vn -0.14812517 0.76463621 -0.62720842
vn -0.14812517 0.76463621 -0.62720842
vn -0.14812517 0.76463621 -0.62720842
vn -0.20434542 0.75932401 -0.61779446
vn -0.20434542 0.75932401 -0.61779446
vn -0.20434542 0.75932401 -0.61779446
vn -0.20228143 0.76406067 -0.61261204
vn -0.20228143 0.76406067 -0.61261204
vn -0.20228143 0.76406067 -0.61261204
vn -0.25480634 0.76224295 -0.59502892
vn -0.25480634 0.76224295 -0.59502892
vn -0.25480634 0.76224295 -0.59502892
vn -0.25765238 0.75686517 -0.60064162
vn -0.25765238 0.75686517 -0.60064162
vn -0.25765238 0.75686517 -0.60064162
vn -0.30935718 0.75482658 -0.57838998
vn -0.30935718 0.75482658 -0.57838998
vn -0.30935718 0.75482658 -0.57838998
vn -0.31862523 0.73456775 -0.59907277
vn -0.31862523 0.73456775 -0.59907277
vn -0.31862523 0.73456775 -0.59907277
vn -0.37531065 0.72840928 -0.57320313
vn -0.37531065 0.72840928 -0.57320313
vn -0.37531065 0.72840928 -0.57320313
vn -0.36014262 0.75111070 -0.55329016
vn -0.36014262 0.75111070 -0.55329016
vn -0.36014262 0.75111070 -0.55329016
vn -0.41218623 0.74329495 -0.52689195
vn -0.41218623 0.74329495 -0.52689195
vn -0.41218623 0.74329495 -0.52689195
vn -0.40807850 0.74873890 -0.52236194
vn -0.40807850 0.74873890 -0.52236194
vn -0.40807850 0.74873890 -0.52236194
vn -0.45271997 0.74800852 -0.48531215
vn -0.45271997 0.74800852 -0.48531215
vn -0.45271997 0.74800852 -0.48531215
vn -0.44979857 0.75154351 -0.48255943
vn -0.44979857 0.75154351 -0.48255943
vn -0.44979857 0.75154351 -0.48255943
vn -0.49153402 0.74794992 -0.44605517
vn -0.49153402 0.74794992 -0.44605517
vn -0.49153402 0.74794992 -0.44605517
vn -0.49488886 0.74419266 -0.44862267
vn -0.49488886 0.74419266 -0.44862267
vn -0.49488886 0.74419266 -0.44862267
vn -0.53964767 0.73580305 -0.40911400
vn -0.53946776 0.73599971 -0.40899752
vn -0.53563977 0.74015756 -0.40651791
vn -0.53549697 0.74031170 -0.40642537
vn -0.56941646 0.73997597 -0.35805091
vn -0.56941646 0.73997597 -0.35805091
vn -0.56941646 0.73997597 -0.35805091
vn -0.55379049 0.75569204 -0.34963642
vn -0.55379049 0.75569204 -0.34963642
vn -0.55379049 0.75569204 -0.34963642
vn -0.58191650 0.75474147 -0.30288364
vn -0.58191650 0.75474147 -0.30288364
vn -0.58191650 0.75474147 -0.30288364
vn -0.60520628 0.73209180 -0.31267707
vn -0.60520628 0.73209180 -0.31267707
vn -0.60520628 0.73209180 -0.31267707
vn -0.63493779 0.72729492 -0.26056879
vn -0.63493779 0.72729492 -0.26056879
vn -0.63493779 0.72729492 -0.26056879
vn -0.61823614 0.74341504 -0.25518260
vn -0.61823614 0.74341504 -0.25518260
vn -0.61823614 0.74341504 -0.25518260
vn -0.64784707 0.73441399 -0.20231231
vn -0.64784707 0.73441399 -0.20231231
vn -0.64784707 0.73441399 -0.20231231
vn -0.63476640 0.74659287 -0.19917503
vn -0.63476640 0.74659287 -0.19917503
vn -0.63476640 0.74659287 -0.19917503
vn -0.64913112 0.74667333 -0.14528496
vn -0.64913112 0.74667333 -0.14528496
vn -0.64913112 0.74667333 -0.14528496
vn -0.66494430 0.73219634 -0.14743676
vn -0.66494430 0.73219634 -0.14743676
vn -0.66494430 0.73219634 -0.14743676
vn -0.67994094 0.72780372 -0.08934240
vn -0.67994094 0.72780372 -0.08934240
vn -0.67994094 0.72780372 -0.08934240
vn -0.65120199 0.75382333 -0.08767180
vn -0.65120199 0.75382333 -0.08767180
vn -0.65120199 0.75382333 -0.08767180
vn -0.66440112 0.74670135 -0.03175287
vn -0.66440112 0.74670135 -0.03175287
vn -0.66440112 0.74670135 -0.03175287
vn -0.67107071 0.74072293 -0.03152200
vn -0.67107071 0.74072293 -0.03152200
vn -0.67107071 0.74072293 -0.03152200
vn -0.67093652 0.74106664 0.02577623
vn -0.67108520 0.74093135 0.02579509
vn -0.67453873 0.73777320 0.02623376
vn -0.67468126 0.73764221 0.02625189
vn -0.66961014 0.73779092 0.08536287
vn -0.66955443 0.73784279 0.08535155
vn -0.66821571 0.73908677 0.08507945
vn -0.66815688 0.73914133 0.08506750
vn -0.66274527 0.73516950 0.14245881
vn -0.66274527 0.73516950 0.14245881
vn -0.66274527 0.73516950 0.14245881
vn -0.64855094 0.74852783 0.13815848
vn -0.64855094 0.74852783 0.13815848
vn -0.64855094 0.74852783 0.13815848
vn -0.64278708 0.74001390 0.19800051
vn -0.64278708 0.74001390 0.19800051
vn -0.64278708 0.74001390 0.19800051
vn -0.62380075 0.75797895 0.19063194
vn -0.62380075 0.75797895 0.19063194
vn -0.62380075 0.75797895 0.19063194
vn -0.60715172 0.75650375 0.24304086
vn -0.60715172 0.75650375 0.24304086
vn -0.60715172 0.75650375 0.24304086
vn -0.63488358 0.72870427 0.25673514
vn -0.63488358 0.72870427 0.25673514
vn -0.63488358 0.72870427 0.25673514
vn -0.61461210 0.72399253 0.31318809
vn -0.61461210 0.72399253 0.31318809
vn -0.61461210 0.72399253 0.31318809
vn -0.59872504 0.74127681 0.30337602
vn -0.59872504 0.74127681 0.30337602
vn -0.59872504 0.74127681 0.30337602
vn -0.57803374 0.73174661 0.36114250
vn -0.57803374 0.73174661 0.36114250
vn -0.57803374 0.73174661 0.36114250
vn -0.55106968 0.76128859 0.34170438
vn -0.55106968 0.76128859 0.34170438
vn -0.55106968 0.76128859 0.34170438
vn -0.52075682 0.76003591 0.38879011
vn -0.52088961 0.75988652 0.38890423
vn -0.52448214 0.75581752 0.39199281
vn -0.52460065 0.75568239 0.39209474
vn -0.48962766 0.75464708 0.43677516
vn -0.48962766 0.75464708 0.43677516
vn -0.48962766 0.75464708 0.43677516
vn -0.48786394 0.75682069 0.43498416
vn -0.48786394 0.75682069 0.43498416
vn -0.48786394 0.75682069 0.43498416
vn -0.45145808 0.75306100 0.47862797
vn -0.45145808 0.75306100 0.47862797
vn -0.45145808 0.75306100 0.47862797
vn -0.44713084 0.75892134 0.47340513
vn -0.44713084 0.75892134 0.47340513
vn -0.44713084 0.75892134 0.47340513
vn -0.40928298 0.75234960 0.51619523
vn -0.40928298 0.75234960 0.51619523
vn -0.40928298 0.75234960 0.51619523
vn -0.40341995 0.76125984 0.50767686
vn -0.40341995 0.76125984 0.50767686
vn -0.40341995 0.76125984 0.50767686
vn -0.35922162 0.76003133 0.54158305
vn -0.35922162 0.76003133 0.54158305
vn -0.35922162 0.76003133 0.54158305
vn -0.36321666 0.75304262 0.54863509
vn -0.36321666 0.75304262 0.54863509
vn -0.36321666 0.75304262 0.54863509
vn -0.31734530 0.74897164 0.58166437
vn -0.31734530 0.74897164 0.58166437
vn -0.31734530 0.74897164 0.58166437
vn -0.32260764 0.73750178 0.59330888
vn -0.32260764 0.73750178 0.59330888
vn -0.32260764 0.73750178 0.59330888
vn -0.27456632 0.72789385 0.62831830
vn -0.27456632 0.72789385 0.62831830
vn -0.27456632 0.72789385 0.62831830
vn -0.27024663 0.74032765 0.61553370
vn -0.27024663 0.74032765 0.61553370
vn -0.27024663 0.74032765 0.61553370
vn -0.21436455 0.73998957 0.63754472
vn -0.21436455 0.73998957 0.63754472
vn -0.21436455 0.73998957 0.63754472
vn -0.21306373 0.74454582 0.63265739
vn -0.21306373 0.74454582 0.63265739
vn -0.21306373 0.74454582 0.63265739
vn -0.15980153 0.74091230 0.65231314
vn -0.15980153 0.74091230 0.65231314
vn -0.15980153 0.74091230 0.65231314
vn -0.15821380 0.74968494 0.64260477
vn -0.15821380 0.74968494 0.64260477
vn -0.15821380 0.74968494 0.64260477
vn -0.10380003 0.74178231 0.66255910
vn -0.10380003 0.74178231 0.66255910
vn -0.10380003 0.74178231 0.66255910
vn -0.10411676 0.73759360 0.66716968
vn -0.10411676 0.73759360 0.66716968
vn -0.10411676 0.73759360 0.66716968
vn -0.04501719 0.72762903 0.68449211
vn -0.04501719 0.72762903 0.68449211
vn -0.04501719 0.72762903 0.68449211
vn -0.04515424 0.75112983 0.65860844
vn -0.04515424 0.75112983 0.65860844
vn -0.04515424 0.75112983 0.65860844
vn 0.01170162 0.75103362 0.66016027
vn 0.01169959 0.75105305 0.66013820
vn 0.01164499 0.75157524 0.65954458
vn 0.01164285 0.75159572 0.65952128
vn 0.06925119 0.74784925 0.66024675
vn 0.06925119 0.74784925 0.66024675
vn 0.06925119 0.74784925 0.66024675
vn 0.06705346 0.75895427 0.64768221
vn 0.06705346 0.75895427 0.64768221
vn 0.06705346 0.75895427 0.64768221
vn 0.12462653 0.75234222 0.64687666
vn 0.12462653 0.75234222 0.64687666
vn 0.12462653 0.75234222 0.64687666
vn 0.12198669 0.76126071 0.63686841
vn 0.12198669 0.76126071 0.63686841
vn 0.12198669 0.76126071 0.63686841
vn 0.17544332 0.76007336 0.62570610
vn 0.17544332 0.76007336 0.62570610
vn 0.17544332 0.76007336 0.62570610
vn 0.18306945 0.74072438 0.64638454
vn 0.18306945 0.74072438 0.64638454
vn 0.18306945 0.74072438 0.64638454
vn 0.23885999 0.73947757 0.62937972
vn 0.23885999 0.73947757 0.62937972
vn 0.23885999 0.73947757 0.62937972
vn 0.23705152 0.74546486 0.62296767
vn 0.23705152 0.74546486 0.62296767
vn 0.23705152 0.74546486 0.62296767
vn 0.29206473 0.73900913 0.60709447
vn 0.29206473 0.73900913 0.60709447
vn 0.29206473 0.73900913 0.60709447
vn 0.28912641 0.74425280 0.60207449
vn 0.28912641 0.74425280 0.60207449
vn 0.28912641 0.74425280 0.60207449
vn 0.34533035 0.73541270 0.58302239
vn 0.34533035 0.73541270 0.58302239
vn 0.34533035 0.73541270 0.58302239
vn 0.33679316 0.74871857 0.57095610
vn 0.33679316 0.74871857 0.57095610
vn 0.33679316 0.74871857 0.57095610
vn 0.38549153 0.74802826 0.54023144
vn 0.38549153 0.74802826 0.54023144
vn 0.38549153 0.74802826 0.54023144
vn 0.38826041 0.74417945 0.54355386
vn 0.38826041 0.74417945 0.54355386
vn 0.38826041 0.74417945 0.54355386
vn 0.43785409 0.73959269 0.51116186
vn 0.43785409 0.73959269 0.51116186
vn 0.43785409 0.73959269 0.51116186
vn 0.42632081 0.75427768 0.49931527
vn 0.42632081 0.75427768 0.49931527
vn 0.42632081 0.75427768 0.49931527
vn 0.47266958 0.74706253 0.46741956
vn 0.47266958 0.74706253 0.46741956
vn 0.47266958 0.74706253 0.46741956
vn 0.47841963 0.74034618 0.47223108
vn 0.47841963 0.74034618 0.47223108
vn 0.47841963 0.74034618 0.47223108
vn 0.51775409 0.74004765 0.42925539
vn 0.51783889 0.73995364 0.42931515
vn 0.51980376 0.73776830 0.43069941
vn 0.51988045 0.73768272 0.43075343
vn 0.55439373 0.73784575 0.38500810
vn 0.55439373 0.73784575 0.38500810
vn 0.55439373 0.73784575 0.38500810
vn 0.56292841 0.72875063 0.38991554
vn 0.56292841 0.72875063 0.38991554
vn 0.56292841 0.72875063 0.38991554
vn 0.59977988 0.72391028 0.34090762
vn 0.59977988 0.72391028 0.34090762
vn 0.59977988 0.72391028 0.34090762
vn 0.56478291 0.75897052 0.32401238
vn 0.56478291 0.75897052 0.32401238
vn 0.56478291 0.75897052 0.32401238
vn 0.59679767 0.75259122 0.27827863
vn 0.59679767 0.75259122 0.27827863
vn 0.59679767 0.75259122 0.27827863
vn 0.60843169 0.74159890 0.28256319
vn 0.60843169 0.74159890 0.28256319
vn 0.60843169 0.74159890 0.28256319
vn 0.63203239 0.74077244 0.22757692
vn 0.63203239 0.74077244 0.22757692
vn 0.63203239 0.74077244 0.22757692
vn 0.62587520 0.74653296 0.22576264
vn 0.62587520 0.74653296 0.22576264
vn 0.62587520 0.74653296 0.22576264
vn 0.64504843 0.74415966 0.17360565
vn 0.64504843 0.74415966 0.17360565
vn 0.64504843 0.74415966 0.17360565
vn 0.63740583 0.75132863 0.17093597
vn 0.63740583 0.75132863 0.17093597
vn 0.63740583 0.75132863 0.17093597
vn 0.65634300 0.74519560 0.11788719
vn 0.65634300 0.74519560 0.11788719
vn 0.65634300 0.74519560 0.11788719
vn 0.66466893 0.73765852 0.11863861
vn 0.66466893 0.73765852 0.11863861
vn 0.66466893 0.73765852 0.11863861
vn 0.67242037 0.73780368 0.05913181
vn 0.67242037 0.73780368 0.05913181
vn 0.67242037 0.73780368 0.05913181
vn 0.65328752 0.75482656 0.05875606
vn 0.65328752 0.75482656 0.05875606
vn 0.65328752 0.75482656 0.05875606
vn 0.34983438 0.23197911 -0.90763517
vn 0.34983438 0.23197911 -0.90763517
vn 0.34983438 0.23197911 -0.90763517
vn 0.27427102 0.24571198 -0.92973170
vn 0.27427102 0.24571198 -0.92973170
vn 0.27427102 0.24571198 -0.92973170
vn -0.22737245 0.23234090 -0.94568466
vn -0.22737245 0.23234090 -0.94568466
vn -0.22737245 0.23234090 -0.94568466
vn -0.30393259 0.24635236 -0.92029098
vn -0.30393259 0.24635236 -0.92029098
vn -0.30393259 0.24635236 -0.92029098
vn -0.30538849 0.23355691 -0.92314086
vn -0.30538849 0.23355691 -0.92314086
vn -0.30538849 0.23355691 -0.92314086
vn -0.38193638 0.24523296 -0.89105858
vn -0.38193638 0.24523296 -0.89105858
vn -0.38193638 0.24523296 -0.89105858
vn -0.38398986 0.22956644 -0.89434391
vn -0.38398986 0.22956644 -0.89434391
vn -0.38398986 0.22956644 -0.89434391
vn -0.45615231 0.24256406 -0.85620543
vn -0.45615231 0.24256406 -0.85620543
vn -0.45615231 0.24256406 -0.85620543
vn -0.72339853 0.23223761 -0.65020017
vn -0.72339853 0.23223761 -0.65020017
vn -0.72339853 0.23223761 -0.65020017
vn -0.77108341 0.24598665 -0.58729971
vn -0.77108341 0.24598665 -0.58729971
vn -0.77108341 0.24598665 -0.58729971
vn -0.92867819 0.23388732 0.28784290
vn -0.92867819 0.23388732 0.28784290
vn -0.92867819 0.23388732 0.28784290
vn -0.90031034 0.24477929 0.35989498
vn -0.90031034 0.24477929 0.35989498
vn -0.90031034 0.24477929 0.35989498
vn -0.53595205 0.22971621 0.81239514
vn -0.53595205 0.22971621 0.81239514
vn -0.53595205 0.22971621 0.81239514
vn -0.46810202 0.24212340 0.84985690
vn -0.46810202 0.24212340 0.84985690
vn -0.46810202 0.24212340 0.84985690
vn 0.26665394 0.22967071 0.93602726
vn 0.26665394 0.22967071 0.93602726
vn 0.26665394 0.22967071 0.93602726
vn 0.33930450 0.24205700 0.90899993
vn 0.33930450 0.24205700 0.90899993
vn 0.33930450 0.24205700 0.90899993
vn 0.56693135 0.22972144 0.79108590
vn 0.56693135 0.22972144 0.79108590
vn 0.56693135 0.22972144 0.79108590
vn 0.62728997 0.24233245 0.74012315
vn 0.62728997 0.24233245 0.74012315
vn 0.62728997 0.24233245 0.74012315
vn 0.88333699 0.23385649 0.40623504
vn 0.88333699 0.23385649 0.40623504
vn 0.88333699 0.23385649 0.40623504
vn 0.90994176 0.24456859 0.33495103
vn 0.90994176 0.24456859 0.33495103
vn 0.90994176 0.24456859 0.33495103
vn 0.94065139 0.23015381 -0.24940768
vn 0.94065139 0.23015381 -0.24940768
vn 0.94065139 0.23015381 -0.24940768
vn 0.91555181 0.24225636 -0.32105566
vn 0.91555181 0.24225636 -0.32105566
vn 0.91555181 0.24225636 -0.32105566
vn 0.84656920 0.22992273 -0.48005846
vn 0.84656920 0.22992273 -0.48005846
vn 0.84656920 0.22992273 -0.48005846
vn 0.80228171 0.24251143 -0.54546518
vn 0.80228171 0.24251143 -0.54546518
vn 0.80228171 0.24251143 -0.54546518
vn 0.63608287 0.22975245 -0.73662229
vn 0.63608287 0.22975245 -0.73662229
vn 0.63608287 0.22975245 -0.73662229
vn 0.56973089 0.24284104 -0.78513371
vn 0.56973089 0.24284104 -0.78513371
vn 0.56973089 0.24284104 -0.78513371
vn 0.57097790 0.23176778 -0.78757090
vn 0.57097790 0.23176778 -0.78757090
vn 0.57097790 0.23176778 -0.78757090
vn 0.50239290 0.24577093 -0.82897408
vn 0.50239290 0.24577093 -0.82897408
vn 0.50239290 0.24577093 -0.82897408
vn 0.35656447 0.16838114 -0.91897202
vn 0.35656447 0.16838114 -0.91897202
vn 0.35656447 0.16838114 -0.91897202
vn 0.19197684 0.16216395 -0.96790895
vn 0.19197684 0.16216395 -0.96790895
vn 0.19197684 0.16216395 -0.96790895
vn 0.11129395 0.17024810 -0.97909613
vn 0.11129395 0.17024810 -0.97909613
vn 0.11129395 0.17024810 -0.97909613
vn -0.46691841 0.15825337 -0.87002475
vn -0.46691841 0.15825337 -0.87002475
vn -0.46691841 0.15825337 -0.87002475
vn -0.53717968 0.17424302 -0.82527412
vn -0.53717968 0.17424302 -0.82527412
vn -0.53717968 0.17424302 -0.82527412
vn -0.53914295 0.15801655 -0.82725791
vn -0.53914295 0.15801655 -0.82725791
vn -0.53914295 0.15801655 -0.82725791
vn -0.60624724 0.17420819 -0.77596120
vn -0.60624724 0.17420819 -0.77596120
vn -0.60624724 0.17420819 -0.77596120
vn -0.60787424 0.16190721 -0.77735125
vn -0.60787424 0.16190721 -0.77735125
vn -0.60787424 0.16190721 -0.77735125
vn -0.66991789 0.17012057 -0.72268182
vn -0.66991789 0.17012057 -0.72268182
vn -0.66991789 0.17012057 -0.72268182
vn -0.78682785 0.16200090 -0.59553139
vn -0.78682785 0.16200090 -0.59553139
vn -0.78682785 0.16200090 -0.59553139
vn -0.83323333 0.17025052 -0.52605796
vn -0.83323333 0.17025052 -0.52605796
vn -0.83323333 0.17025052 -0.52605796
vn -0.83457207 0.16193016 -0.52656252
vn -0.83457207 0.16193016 -0.52656252
vn -0.83457207 0.16193016 -0.52656252
vn -0.87526917 0.17032706 -0.45265060
vn -0.87526917 0.17032706 -0.45265060
vn -0.87526917 0.17032706 -0.45265060
vn -0.87757669 0.15614161 -0.45329785
vn -0.87757669 0.15614161 -0.45329785
vn -0.87757669 0.15614161 -0.45329785
vn -0.91129078 0.16842895 -0.37574033
vn -0.91129078 0.16842895 -0.37574033
vn -0.91129078 0.16842895 -0.37574033
vn -0.91302816 0.15797137 -0.37606466
vn -0.91302816 0.15797137 -0.37606466
vn -0.91302816 0.15797137 -0.37606466
vn -0.93836520 0.17359206 -0.29889219
vn -0.93836520 0.17359206 -0.29889219
vn -0.93836520 0.17359206 -0.29889219
vn -0.83744023 0.16216225 0.52191692
vn -0.83744023 0.16216225 0.52191692
vn -0.83744023 0.16216225 0.52191692
vn -0.78927427 0.17043544 0.58991346
vn -0.78927427 0.17043544 0.58991346
vn -0.78927427 0.17043544 0.58991346
vn -0.79023780 0.16200477 0.59099803
vn -0.79023780 0.16200477 0.59099803
vn -0.79023780 0.16200477 0.59099803
vn -0.73578086 0.17036347 0.65544093
vn -0.73578086 0.17036347 0.65544093
vn -0.73578086 0.17036347 0.65544093
vn -0.73722626 0.15601917 0.65738531
vn -0.73722626 0.15601917 0.65738531
vn -0.73722626 0.15601917 0.65738531
vn -0.67817189 0.16806134 0.71542874
vn -0.67817189 0.16806134 0.71542874
vn -0.67817189 0.16806134 0.71542874
vn -0.61216653 0.16194765 0.77396712
vn -0.61216653 0.16194765 0.77396712
vn -0.61216653 0.16194765 0.77396712
vn -0.54439918 0.17010640 0.82139719
vn -0.54439918 0.17010640 0.82139719
vn -0.54439918 0.17010640 0.82139719
vn -0.39275645 0.16229418 0.90520880
vn -0.39275645 0.16229418 0.90520880
vn -0.39275645 0.16229418 0.90520880
vn -0.31929189 0.17006503 0.93227173
vn -0.31929189 0.17006503 0.93227173
vn -0.31929189 0.17006503 0.93227173
vn 0.18783498 0.16214302 0.96872476
vn 0.18783498 0.16214302 0.96872476
vn 0.18783498 0.16214302 0.96872476
vn 0.26796846 0.17034532 0.94824858
vn 0.26796846 0.17034532 0.94824858
vn 0.26796846 0.17034532 0.94824858
vn 0.50512502 0.16225663 0.84765647
vn 0.50512502 0.16225663 0.84765647
vn 0.50512502 0.16225663 0.84765647
vn 0.57230438 0.17027401 0.80216860
vn 0.57230438 0.17027401 0.80216860
vn 0.57230438 0.17027401 0.80216860
vn 0.70374935 0.16203501 0.69172358
vn 0.70374935 0.16203501 0.69172358
vn 0.70374935 0.16203501 0.69172358
vn 0.75751707 0.17010824 0.63026270
vn 0.75751707 0.17010824 0.63026270
vn 0.75751707 0.17010824 0.63026270
vn 0.98391672 0.15823569 -0.08288162
vn 0.98391672 0.15823569 -0.08288162
vn 0.98391672 0.15823569 -0.08288162
vn 0.97143938 0.17358434 -0.16178381
vn 0.97143938 0.17358434 -0.16178381
vn 0.97143938 0.17358434 -0.16178381
vn 0.81484540 0.15833925 -0.55763398
vn 0.81484540 0.15833925 -0.55763398
vn 0.81484540 0.15833925 -0.55763398
vn 0.76281228 0.17430358 -0.62268426
vn 0.76281228 0.17430358 -0.62268426
vn 0.76281228 0.17430358 -0.62268426
vn 0.76458667 0.15795886 -0.62486497
vn 0.76458667 0.15795886 -0.62486497
vn 0.76458667 0.15795886 -0.62486497
vn 0.70637830 0.17416821 -0.68607225
vn 0.70637830 0.17416821 -0.68607225
vn 0.70637830 0.17416821 -0.68607225
vn 0.70757358 0.16199171 -0.68782143
vn 0.70757358 0.16199171 -0.68782143
vn 0.70757358 0.16199171 -0.68782143
vn 0.64559324 0.17033882 -0.74444211
vn 0.64559324 0.17033882 -0.74444211
vn 0.64559324 0.17033882 -0.74444211
vn 0.43314219 0.15631223 -0.88766792
vn 0.43314219 0.15631223 -0.88766792
vn 0.43314219 0.15631223 -0.88766792
vn 0.27680471 0.08257820 -0.95737140
vn 0.27680471 0.08257820 -0.95737140
vn 0.27680471 0.08257820 -0.95737140
vn 0.19550418 0.10009572 -0.97558135
vn 0.19550418 0.10009572 -0.97558135
vn 0.19550418 0.10009572 -0.97558135
vn 0.10977682 0.08103069 -0.99064781
vn 0.10977682 0.08103069 -0.99064781
vn 0.10977682 0.08103069 -0.99064781
vn 0.02521228 0.09165856 -0.99547127
vn 0.02521228 0.09165856 -0.99547127
vn 0.02521228 0.09165856 -0.99547127
vn 0.02493343 0.08217295 -0.99630614
vn 0.02493343 0.08217295 -0.99630614
vn 0.02493343 0.08217295 -0.99630614
vn -0.06011298 0.10007025 -0.99316281
vn -0.06011298 0.10007025 -0.99316281
vn -0.06011298 0.10007025 -0.99316281
vn -0.06081028 0.08091928 -0.99486390
vn -0.06081028 0.08091928 -0.99486390
vn -0.06081028 0.08091928 -0.99486390
vn -0.14567758 0.09166629 -0.98507631
vn -0.14567758 0.09166629 -0.98507631
vn -0.14567758 0.09166629 -0.98507631
vn -0.14609810 0.08211656 -0.98585608
vn -0.14609810 0.08211656 -0.98585608
vn -0.14609810 0.08211656 -0.98585608
vn -0.22842741 0.09981472 -0.96843066
vn -0.22842741 0.09981472 -0.96843066
vn -0.22842741 0.09981472 -0.96843066
vn -0.67965328 0.08097141 -0.72905079
vn -0.67965328 0.08097141 -0.72905079
vn -0.67965328 0.08097141 -0.72905079
vn -0.73761176 0.09146081 -0.66900210
vn -0.73761176 0.09146081 -0.66900210
vn -0.73761176 0.09146081 -0.66900210
vn -0.99517483 0.08908196 0.04112730
vn -0.99517483 0.08908196 0.04112730
vn -0.99517483 0.08908196 0.04112730
vn -0.98810602 0.09285145 0.12257696
vn -0.98810602 0.09285145 0.12257696
vn -0.98810602 0.09285145 0.12257696
vn -0.97402315 0.08254055 0.21086955
vn -0.97402315 0.08254055 0.21086955
vn -0.97402315 0.08254055 0.21086955
vn -0.95166773 0.09991201 0.29042402
vn -0.95166773 0.09991201 0.29042402
vn -0.95166773 0.09991201 0.29042402
vn -0.92352027 0.08113250 0.37487043
vn -0.92352027 0.08113250 0.37487043
vn -0.92352027 0.08113250 0.37487043
vn -0.88800410 0.09163387 0.45061287
vn -0.88800410 0.09163387 0.45061287
vn -0.88800410 0.09163387 0.45061287
vn -0.88861278 0.08203613 0.45126201
vn -0.88861278 0.08203613 0.45126201
vn -0.88861278 0.08203613 0.45126201
vn -0.84546841 0.09991321 0.52459558
vn -0.84546841 0.09991321 0.52459558
vn -0.84546841 0.09991321 0.52459558
vn -0.68361677 0.08230991 0.72518494
vn -0.68361677 0.08230991 0.72518494
vn -0.68361677 0.08230991 0.72518494
vn -0.61877910 0.10006341 0.77916605
vn -0.61877910 0.10006341 0.77916605
vn -0.61877910 0.10006341 0.77916605
vn 0.01948294 0.08113156 0.99651296
vn 0.01948294 0.08113156 0.99651296
vn 0.01948294 0.08113156 0.99651296
vn 0.10316153 0.09164145 0.99043402
vn 0.10316153 0.09164145 0.99043402
vn 0.10316153 0.09164145 0.99043402
vn 0.10354718 0.08211404 0.99122917
vn 0.10354718 0.08211404 0.99122917
vn 0.10354718 0.08211404 0.99122917
vn 0.18746587 0.09999667 0.97716796
vn 0.18746587 0.09999667 0.97716796
vn 0.18746587 0.09999667 0.97716796
vn 0.64837609 0.08246386 0.75684090
vn 0.64837609 0.08246386 0.75684090
vn 0.64837609 0.08246386 0.75684090
vn 0.70822077 0.09997595 0.69887635
vn 0.70822077 0.09997595 0.69887635
vn 0.70822077 0.09997595 0.69887635
vn 0.76732409 0.08909540 0.63503996
vn 0.76732409 0.08909540 0.63503996
vn 0.76732409 0.08909540 0.63503996
vn 0.81815852 0.09298619 0.56742419
vn 0.81815852 0.09298619 0.56742419
vn 0.81815852 0.09298619 0.56742419
vn 0.81924313 0.08084390 0.56771908
vn 0.81924313 0.08084390 0.56771908
vn 0.81924313 0.08084390 0.56771908
vn 0.86405820 0.09158880 0.49498982
vn 0.86405820 0.09158880 0.49498982
vn 0.86405820 0.09158880 0.49498982
vn 0.86491781 0.08218291 0.49513952
vn 0.86491781 0.08218291 0.49513952
vn 0.86491781 0.08218291 0.49513952
vn 0.90216371 0.09988551 0.41967073
vn 0.90216371 0.09988551 0.41967073
vn 0.90216371 0.09988551 0.41967073
vn 0.98094961 0.08905976 0.17264482
vn 0.98094961 0.08905976 0.17264482
vn 0.98094961 0.08905976 0.17264482
vn 0.99167086 0.09291962 0.08918995
vn 0.99168181 0.09280524 0.08918731
vn 0.99220828 0.08713146 0.08905522
vn 0.99221687 0.08703590 0.08905297
vn 0.99293487 0.11859869 0.00383448
vn 0.99293487 0.11859869 0.00383448
vn 0.99293487 0.11859869 0.00383448
vn 0.99335967 0.11499000 0.00372254
vn 0.99335967 0.11499000 0.00372254
vn 0.99335967 0.11499000 0.00372254
vn 0.99256307 0.09043109 -0.08149088
vn 0.99256307 0.09043109 -0.08149088
vn 0.99256307 0.09043109 -0.08149088
vn 0.93868805 0.08247403 -0.33475779
vn 0.93868805 0.08247403 -0.33475779
vn 0.93868805 0.08247403 -0.33475779
vn 0.90585002 0.10005347 -0.41161274
vn 0.90585002 0.10005347 -0.41161274
vn 0.90585002 0.10005347 -0.41161274
vn 0.90666002 0.08901901 -0.41236297
vn 0.90666002 0.08901901 -0.41236297
vn 0.90666002 0.08901901 -0.41236297
vn 0.86830263 0.09289774 -0.48725820
vn 0.86830263 0.09289774 -0.48725820
vn 0.86830263 0.09289774 -0.48725820
vn 0.51180858 0.08913024 -0.85446345
vn 0.51180858 0.08913024 -0.85446345
vn 0.51180858 0.08913024 -0.85446345
vn 0.43844660 0.09294183 -0.89393870
vn 0.43844660 0.09294183 -0.89393870
vn 0.43844660 0.09294183 -0.89393870
vn -0.00937213 0.99995608 -0.00005399
vn -0.00937213 0.99995608 -0.00005399
vn -0.00937213 0.99995608 -0.00005399
vn 0.98551481 0.01604317 -0.16882885
vn 0.98551481 0.01604317 -0.16882885
vn 0.98551481 0.01604317 -0.16882885
vn 0.96812529 0.01452459 -0.25004493
vn 0.96812529 0.01452459 -0.25004493
vn 0.96812529 0.01452459 -0.25004493
vn -0.95410647 0.01602252 -0.29903866
vn -0.95410647 0.01602252 -0.29903866
vn -0.95410647 0.01602252 -0.29903866
vn -0.97600470 0.01448302 -0.21726726
vn -0.97600804 0.01431721 -0.21726325
vn -0.97614751 0.00545432 -0.21703984
vn -0.97614930 0.00529624 -0.21703570
vn -0.99107584 0.01410160 -0.13255124
vn -0.99107848 0.01395275 -0.13254725
vn -0.99119121 0.00561915 -0.13231931
vn -0.99119247 0.00548458 -0.13231556
vn -0.99857187 0.02562156 -0.04688017
vn -0.99857187 0.02562156 -0.04688017
vn -0.99857187 0.02562156 -0.04688017
vn -0.99878533 0.01597229 -0.04661267
vn -0.99878533 0.01597229 -0.04661267
vn -0.99878533 0.01597229 -0.04661267
vn -0.99913014 0.01441321 0.03913091
vn -0.99913014 0.01441321 0.03913091
vn -0.99913014 0.01441321 0.03913091
vn -0.99207188 0.00528238 0.12556063
vn -0.99207188 0.00528238 0.12556063
vn -0.99207188 0.00528238 0.12556063
vn -0.97766557 0.01405308 0.20969631
vn -0.97766557 0.01405308 0.20969631
vn -0.97766557 0.01405308 0.20969631
vn -0.47618056 0.00597997 0.87932720
vn -0.47618056 0.00597997 0.87932720
vn -0.47618056 0.00597997 0.87932720
vn -0.40154879 0.02544473 0.91548410
vn -0.40154879 0.02544473 0.91548410
vn -0.40154879 0.02544473 0.91548410
vn -0.31953225 0.00525866 0.94756081
vn -0.31953225 0.00525866 0.94756081
vn -0.31953225 0.00525866 0.94756081
vn -0.23820560 0.01392727 0.97111489
vn -0.23820202 0.01378275 0.97111783
vn -0.23799367 0.00569250 0.97125002
vn -0.23799018 0.00556188 0.97125164
vn -0.15413369 0.02562072 0.98771776
vn -0.15413369 0.02562072 0.98771776
vn -0.15413369 0.02562072 0.98771776
vn -0.15361001 0.00560646 0.98811565
vn -0.15361001 0.00560646 0.98811565
vn -0.15361001 0.00560646 0.98811565
vn -0.06835457 0.02572694 0.99732932
vn -0.06835457 0.02572694 0.99732932
vn -0.06835457 0.02572694 0.99732932
vn -0.06809015 0.01601887 0.99755056
vn -0.06809015 0.01601887 0.99755056
vn -0.06809015 0.01601887 0.99755056
vn 0.01762014 0.01446248 0.99974015
vn 0.01762014 0.01446248 0.99974015
vn 0.01762014 0.01446248 0.99974015
vn 0.35637180 0.00622106 0.93432352
vn 0.35637180 0.00622106 0.93432352
vn 0.35637180 0.00622106 0.93432352
vn 0.43274192 0.02578190 0.90114911
vn 0.43274192 0.02578190 0.90114911
vn 0.43274192 0.02578190 0.90114911
vn 0.43340273 0.00567846 0.90118246
vn 0.43340273 0.00567846 0.90118246
vn 0.43340273 0.00567846 0.90118246
vn 0.50832621 0.02562165 0.86078336
vn 0.50832621 0.02562165 0.86078336
vn 0.50832621 0.02562165 0.86078336
vn 0.94082637 0.00551864 0.33884405
vn 0.94082637 0.00551864 0.33884405
vn 0.94082637 0.00551864 0.33884405
vn 0.96576172 0.01411691 0.25904634
vn 0.96576484 0.01396897 0.25904275
vn 0.96590548 0.00568478 0.25883256
vn 0.96590720 0.00555102 0.25882903
vn 0.98422139 0.02569191 0.17506620
vn 0.98422139 0.02569191 0.17506620
vn 0.98422139 0.02569191 0.17506620
f 1//1 2//2 3//3
f 4//4 5//5 6//6
f 7//7 8//8 9//9
f 10//10 3//3 11//11
f 11//11 3//3 12//12
f 10//10 13//13 3//3
f 3//3 13//13 14//14
f 3//3 14//14 15//15
f 3//3 2//2 6//6
f 6//6 2//2 16//16
f 6//6 16//16 4//4
f 5//5 17//17 6//6
f 6//6 17//17 18//18
f 6//6 18//18 19//19
f 6//6 20//20 21//21
f 21//21 20//20 22//22
f 7//7 9//9 3//3
f 3//3 9//9 23//23
f 3//3 23//23 24//24
f 24//24 25//25 3//3
f 3//3 25//25 26//26
f 3//3 26//26 12//12
f 27//27 3//3 28//28
f 28//28 3//3 29//29
f 19//19 30//30 6//6
f 6//6 30//30 31//31
f 6//6 31//31 20//20
f 32//32 33//33 34//34
f 35//35 36//36 20//20
f 20//20 36//36 37//37
f 20//20 37//37 22//22
f 8//8 38//38 9//9
f 9//9 38//38 39//39
f 9//9 39//39 40//40
f 15//15 41//41 3//3
f 3//3 41//41 42//42
f 3//3 42//42 29//29
f 20//20 43//43 35//35
f 35//35 43//43 44//44
f 35//35 44//44 45//45
f 34//34 46//46 32//32
f 32//32 46//46 47//47
f 32//32 47//47 48//48
f 45//45 49//49 35//35
f 35//35 49//49 32//32
f 35//35 32//32 50//50
f 50//50 32//32 48//48
f 27//27 51//51 3//3
f 3//3 51//51 52//52
f 3//3 52//52 1//1
f 53//53 54//54 55//55
f 56//56 57//57 58//58
f 59//59 60//60 61//61
f 62//62 63//63 64//64
f 65//65 66//66 67//67
f 68//68 69//69 70//70
f 71//71 72//72 73//73
f 74//74 75//75 76//76
f 77//77 78//78 79//79
f 80//80 81//81 82//82
f 83//83 84//84 85//85
f 86//86 87//87 88//88
f 89//89 90//90 91//91
f 92//92 93//93 94//94
f 95//95 96//96 97//97
f 98//98 99//99 100//100
f 101//101 102//102 103//103
f 104//104 105//105 106//106
f 107//107 108//108 109//109
f 110//110 111//111 112//112
f 113//113 114//114 115//115
f 116//116 117//117 118//118
f 119//119 120//120 121//121
f 122//122 123//123 124//124
f 125//125 126//126 127//127
f 128//128 129//129 130//130
f 131//131 132//132 133//133
f 134//134 135//135 136//136
f 137//137 138//138 139//139
f 140//140 141//141 142//142
f 143//143 144//144 145//145
f 146//146 147//147 148//148
f 149//149 150//150 151//151
f 152//152 153//153 154//154
f 155//155 156//156 157//157
f 158//158 159//159 160//160
f 161//161 162//162 163//163
f 164//164 165//165 166//166
f 167//167 168//168 169//169
f 170//170 171//171 172//172
f 173//173 174//174 175//175
f 176//176 177//177 178//178
f 179//179 180//180 181//181
f 182//182 183//183 184//184
f 185//185 186//186 187//187
f 188//188 189//189 190//190
f 191//191 192//192 193//193
f 194//194 195//195 196//196
f 197//197 198//198 199//199
f 200//200 201//201 202//202
f 203//203 204//204 205//205
f 206//206 207//207 208//208
f 209//209 210//210 211//211
f 212//212 213//213 214//214
f 215//215 216//216 217//217
f 218//218 219//219 220//220
f 221//221 222//222 223//223
f 224//224 225//225 226//226
f 227//227 228//228 229//229
f 230//230 231//231 232//232
f 233//233 234//234 235//235
f 236//236 237//237 238//238
f 239//239 240//240 241//241
f 242//242 243//243 244//244
f 245//245 246//246 247//247
f 248//248 249//249 250//250
f 251//251 252//252 253//253
f 254//254 255//255 256//256
f 257//257 258//258 259//259
f 260//260 261//261 262//262
f 263//263 264//264 265//265
f 266//266 267//267 268//268
f 269//269 270//270 271//271
f 272//272 273//273 274//274
f 275//275 276//276 277//277
f 277//277 276//276 278//278
f 279//279 280//280 281//281
f 282//282 283//283 284//284
f 285//285 286//286 287//287
f 288//288 289//289 290//290
f 291//291 292//292 293//293
f 294//294 295//295 296//296
f 297//297 298//298 299//299
f 300//300 301//301 302//302
f 303//303 304//304 305//305
f 306//306 307//307 308//308
f 309//309 310//310 311//311
f 312//312 313//313 314//314
f 315//315 316//316 317//317
f 318//318 319//319 320//320
f 321//321 322//322 323//323
f 324//324 325//325 326//326
f 327//327 328//328 329//329
f 330//330 331//331 332//332
f 333//333 334//334 335//335
f 336//336 337//337 338//338
f 339//339 340//340 341//341
f 342//342 343//343 344//344
f 345//345 346//346 347//347
f 348//348 349//349 350//350
f 351//351 352//352 353//353
f 354//354 355//355 356//356
f 357//357 358//358 359//359
f 360//360 361//361 362//362
f 363//363 364//364 365//365
f 366//366 367//367 368//368
f 369//369 370//370 371//371
f 372//372 373//373 374//374
f 375//375 376//376 377//377
f 378//378 379//379 380//380
f 381//381 382//382 383//383
f 384//384 385//385 386//386
f 387//387 388//388 389//389
f 390//390 391//391 392//392
f 393//393 394//394 395//395
f 396//396 397//397 398//398
f 399//399 400//400 401//401
f 402//402 403//403 404//404
f 405//405 406//406 407//407
f 408//408 409//409 410//410
f 411//411 412//412 413//413
f 414//414 415//415 416//416
f 417//417 418//418 419//419
f 420//420 421//421 422//422
f 423//423 424//424 425//425
f 426//426 427//427 428//428
f 429//429 430//430 431//431
f 432//432 433//433 434//434
f 435//435 436//436 437//437
f 438//438 439//439 440//440
f 441//441 442//442 443//443
f 444//444 445//445 446//446
f 447//447 448//448 449//449
f 450//450 451//451 452//452
f 453//453 454//454 455//455
f 456//456 457//457 458//458
f 459//459 460//460 461//461
f 462//462 463//463 464//464
f 465//465 466//466 467//467
f 468//468 469//469 470//470
f 471//471 472//472 473//473
f 474//474 475//475 476//476
f 477//477 478//478 479//479
f 480//480 481//481 482//482
f 483//483 484//484 485//485
f 486//486 487//487 488//488
f 489//489 490//490 491//491
f 492//492 493//493 494//494
f 495//495 496//496 497//497
f 498//498 499//499 500//500
f 501//501 502//502 503//503
f 504//504 505//505 506//506
f 507//507 508//508 509//509
f 510//510 511//511 512//512
f 512//512 511//511 513//513
f 514//514 515//515 516//516
f 517//517 518//518 519//519
f 520//520 521//521 522//522
f 523//523 524//524 525//525
f 526//526 527//527 528//528
f 529//529 530//530 531//531
f 531//531 530//530 532//532
f 533//533 534//534 535//535
f 532//532 536//536 531//531
f 537//537 538//538 539//539
f 540//540 541//541 542//542
f 542//542 541//541 543//543
f 543//543 541//541 544//544
f 545//545 546//546 547//547
f 548//548 549//549 550//550
f 551//551 552//552 553//553
f 554//554 555//555 556//556
f 557//557 558//558 559//559
f 560//560 561//561 562//562
f 562//562 561//561 563//563
f 562//562 563//563 558//558
f 558//558 563//563 559//559
f 564//564 565//565 566//566
f 567//567 568//568 569//569
f 570//570 571//571 572//572
f 573//573 574//574 575//575
f 575//575 574//574 576//576
f 550//550 577//577 578//578
f 550//550 578//578 548//548
f 579//579 580//580 581//581
f 543//543 544//544 582//582
f 582//582 544//544 583//583
f 582//582 583//583 584//584
f 585//585 586//586 587//587
f 588//588 589//589 590//590
f 583//583 591//591 584//584
f 592//592 593//593 594//594
f 595//595 596//596 597//597
f 598//598 599//599 600//600
f 601//601 602//602 603//603
f 603//603 602//602 604//604
f 603//603 604//604 605//605
f 605//605 604//604 606//606
f 606//606 604//604 607//607
f 608//608 609//609 610//610
f 610//610 609//609 611//611
f 610//610 611//611 612//612
f 613//613 614//614 615//615
f 616//616 617//617 618//618
f 619//619 620//620 621//621
f 622//622 623//623 624//624
f 625//625 626//626 627//627
f 613//613 615//615 628//628
f 628//628 615//615 629//629
f 628//628 629//629 630//630
f 630//630 629//629 631//631
f 630//630 631//631 632//632
f 571//571 570//570 633//633
f 571//571 633//633 631//631
f 631//631 633//633 632//632
f 634//634 635//635 572//572
f 572//572 635//635 636//636
f 572//572 636//636 570//570
f 637//637 638//638 634//634
f 634//634 638//638 635//635
f 639//639 640//640 637//637
f 637//637 640//640 638//638
f 641//641 642//642 643//643
f 644//644 645//645 646//646
f 647//647 648//648 649//649
f 650//650 642//642 651//651
f 652//652 653//653 654//654
f 655//655 656//656 657//657
f 658//658 659//659 660//660
f 529//529 661//661 530//530
f 530//530 661//661 662//662
f 663//663 664//664 665//665
f 666//666 667//667 668//668
f 669//669 670//670 671//671
f 672//672 673//673 674//674
f 672//672 674//674 545//545
f 545//545 674//674 546//546
f 675//675 676//676 677//677
f 607//607 678//678 606//606
f 679//679 680//680 681//681
f 682//682 683//683 684//684
f 685//685 686//686 687//687
f 612//612 611//611 688//688
f 689//689 690//690 691//691
f 692//692 693//693 694//694
f 695//695 696//696 697//697
f 695//695 697//697 574//574
f 574//574 697//697 576//576
f 698//698 699//699 700//700
f 700//700 699//699 701//701
f 700//700 701//701 702//702
f 702//702 701//701 703//703
f 703//703 701//701 704//704
f 653//653 652//652 705//705
f 653//653 705//705 706//706
f 707//707 708//708 709//709
f 710//710 711//711 712//712
f 713//713 714//714 715//715
f 716//716 717//717 718//718
f 719//719 720//720 721//721
f 721//721 720//720 722//722
f 723//723 724//724 725//725
f 726//726 727//727 728//728
f 660//660 729//729 730//730
f 660//660 730//730 658//658
f 573//573 575//575 731//731
f 573//573 731//731 639//639
f 639//639 731//731 732//732
f 639//639 732//732 640//640
f 705//705 733//733 706//706
f 706//706 733//733 704//704
f 704//704 733//733 734//734
f 704//704 734//734 703//703
f 735//735 736//736 737//737
f 737//737 736//736 656//656
f 737//737 656//656 655//655
f 738//738 739//739 740//740
f 657//657 741//741 742//742
f 657//657 742//742 655//655
f 549//549 548//548 743//743
f 744//744 745//745 746//746
f 747//747 748//748 749//749
f 711//711 710//710 750//750
f 711//711 750//750 709//709
f 709//709 750//750 751//751
f 709//709 751//751 707//707
f 752//752 753//753 754//754
f 755//755 756//756 757//757
f 758//758 759//759 760//760
f 761//761 762//762 763//763
f 764//764 765//765 766//766
f 713//713 715//715 767//767
f 768//768 769//769 770//770
f 771//771 772//772 762//762
f 773//773 774//774 775//775
f 721//721 776//776 719//719
f 719//719 776//776 718//718
f 718//718 776//776 777//777
f 718//718 777//777 716//716
f 722//722 720//720 778//778
f 779//779 780//780 781//781
f 782//782 783//783 654//654
f 654//654 783//783 784//784
f 654//654 784//784 652//652
f 736//736 735//735 785//785
f 736//736 785//785 782//782
f 782//782 785//785 783//783
f 786//786 787//787 788//788
f 789//789 790//790 791//791
f 792//792 793//793 794//794
f 708//708 707//707 795//795
f 708//708 795//795 796//796
f 796//796 795//795 797//797
f 798//798 799//799 800//800
f 801//801 802//802 803//803
f 804//804 805//805 806//806
f 807//807 808//808 809//809
f 810//810 811//811 812//812
f 805//805 813//813 806//806
f 717//717 716//716 814//814
f 815//815 816//816 817//817
f 818//818 819//819 820//820
f 821//821 822//822 823//823
f 824//824 825//825 826//826
f 827//827 828//828 712//712
f 712//712 828//828 710//710
f 829//829 830//830 831//831
f 832//832 833//833 834//834
f 835//835 836//836 837//837
f 835//835 837//837 838//838
f 838//838 837//837 839//839
f 840//840 841//841 842//842
f 843//843 844//844 845//845
f 846//846 847//847 848//848
f 845//845 849//849 850//850
f 851//851 852//852 853//853
f 659//659 658//658 854//854
f 855//855 856//856 857//857
f 858//858 859//859 860//860
f 861//861 862//862 863//863
f 864//864 865//865 866//866
f 867//867 868//868 869//869
f 870//870 871//871 872//872
f 873//873 874//874 875//875
f 876//876 877//877 878//878
f 879//879 880//880 881//881
f 882//882 883//883 884//884
f 885//885 886//886 887//887
f 888//888 889//889 890//890
f 891//891 892//892 893//893
f 894//894 895//895 896//896
f 897//897 898//898 899//899
f 900//900 901//901 902//902
f 903//903 904//904 905//905
f 906//906 907//907 908//908
f 909//909 910//910 911//911
f 912//912 913//913 914//914
f 915//915 916//916 917//917
f 918//918 919//919 920//920
f 921//921 922//922 923//923
f 924//924 925//925 926//926
f 927//927 928//928 929//929
f 930//930 931//931 932//932
f 933//933 934//934 935//935
f 936//936 937//937 938//938
f 939//939 940//940 941//941
f 942//942 943//943 944//944
f 945//945 946//946 947//947
f 948//948 949//949 950//950
f 951//951 952//952 953//953
f 954//954 955//955 956//956
f 957//957 958//958 959//959
f 960//960 961//961 962//962
f 963//963 964//964 965//965
f 966//966 967//967 968//968
f 969//969 970//970 971//971
f 972//972 973//973 974//974
f 975//975 976//976 977//977
f 978//978 979//979 980//980
f 981//981 982//982 983//983
f 984//984 985//985 986//986
f 987//987 988//988 989//989
f 990//990 991//991 992//992
f 993//993 994//994 995//995
f 996//996 997//997 998//998
f 999//999 1000//1000 1001//1001
f 1002//1002 1003//1003 1004//1004
f 1005//1005 1006//1006 1007//1007
f 1008//1008 1009//1009 1010//1010
f 1011//1011 1012//1012 1013//1013
f 1014//1014 1015//1015 1016//1016
f 1017//1017 1018//1018 1019//1019
f 1020//1020 1021//1021 1022//1022
f 1023//1023 1024//1024 1025//1025
f 1026//1026 1027//1027 1028//1028
f 1029//1029 1030//1030 1031//1031
f 1032//1032 1033//1033 1034//1034
f 1035//1035 1036//1036 1037//1037
f 1038//1038 1039//1039 1040//1040
f 1041//1041 1042//1042 1043//1043
f 1044//1044 1045//1045 1046//1046
f 1047//1047 1048//1048 1049//1049
f 1050//1050 1051//1051 1052//1052
f 1053//1053 1054//1054 1055//1055
f 1056//1056 1057//1057 1058//1058
f 1059//1059 1060//1060 1061//1061
f 1062//1062 1063//1063 1064//1064
f 1065//1065 1066//1066 1067//1067
f 1068//1068 1069//1069 1070//1070
f 1071//1071 1072//1072 1073//1073
f 1074//1074 1075//1075 1076//1076
f 1077//1077 1078//1078 1079//1079
f 1080//1080 1081//1081 1082//1082
f 1083//1083 1084//1084 1085//1085
f 1086//1086 1087//1087 1088//1088
f 1089//1089 1090//1090 1091//1091
f 1092//1092 1093//1093 1094//1094
f 1095//1095 1096//1096 1097//1097
f 1098//1098 1099//1099 1100//1100
f 1101//1101 1102//1102 1103//1103
f 1104//1104 1105//1105 1106//1106
f 1107//1107 1108//1108 1109//1109
f 1110//1110 1111//1111 1112//1112
f 1113//1113 1114//1114 1115//1115
f 1116//1116 1117//1117 1118//1118
f 1119//1119 1120//1120 1121//1121
f 1122//1122 1123//1123 1124//1124
f 1125//1125 1126//1126 1127//1127
f 1128//1128 1129//1129 1130//1130
f 1131//1131 1132//1132 1133//1133
f 1134//1134 1135//1135 1136//1136
f 1137//1137 1138//1138 1139//1139
f 1140//1140 1141//1141 1142//1142
f 1143//1143 1144//1144 1145//1145
f 1146//1146 1147//1147 1148//1148
f 1149//1149 1150//1150 1151//1151
f 1152//1152 1153//1153 1154//1154
f 1155//1155 1156//1156 1157//1157
f 1158//1158 1159//1159 1160//1160
f 1161//1161 1162//1162 1163//1163
f 1164//1164 1165//1165 1166//1166
f 1167//1167 1168//1168 1169//1169
f 1170//1170 1171//1171 1172//1172
f 1173//1173 1174//1174 1175//1175
f 1176//1176 1177//1177 1178//1178
f 1179//1179 1180//1180 1181//1181
f 1182//1182 1183//1183 1184//1184
f 1185//1185 1186//1186 1187//1187
f 1188//1188 1189//1189 1190//1190
f 1191//1191 1192//1192 1193//1193
f 1194//1194 1195//1195 1196//1196
f 1197//1197 1198//1198 1199//1199
f 1200//1200 1201//1201 1202//1202
f 1203//1203 1204//1204 1205//1205
f 1206//1206 1207//1207 1208//1208
f 1209//1209 1210//1210 1211//1211
f 1212//1212 1213//1213 1214//1214
f 1215//1215 1216//1216 1217//1217
f 1218//1218 1219//1219 1220//1220
f 1221//1221 1222//1222 1223//1223
f 1224//1224 1225//1225 1226//1226
f 1227//1227 1228//1228 1229//1229
f 1230//1230 1231//1231 1232//1232
f 1233//1233 1234//1234 1235//1235
f 1236//1236 1237//1237 1238//1238
f 1239//1239 1240//1240 1241//1241
f 1241//1241 1240//1240 1242//1242
f 1243//1243 1244//1244 1245//1245
f 1246//1246 1247//1247 1248//1248
f 1249//1249 1250//1250 1251//1251
f 1252//1252 1253//1253 1254//1254
f 1255//1255 1256//1256 1257//1257
f 1258//1258 1259//1259 1260//1260
f 1261//1261 1262//1262 1263//1263
f 1264//1264 1265//1265 1266//1266
f 1267//1267 1268//1268 1269//1269
f 1270//1270 1271//1271 1272//1272
f 1273//1273 1274//1274 1275//1275
f 1276//1276 1277//1277 1278//1278
f 1279//1279 1280//1280 1281//1281
f 1282//1282 1283//1283 1284//1284
f 1285//1285 1286//1286 1287//1287
f 1288//1288 1289//1289 1290//1290
f 1291//1291 1292//1292 1293//1293
f 1294//1294 1295//1295 1296//1296
f 1297//1297 1298//1298 1299//1299
f 1300//1300 1301//1301 1302//1302
f 1303//1303 1304//1304 1305//1305
f 1306//1306 1307//1307 1308//1308
f 1309//1309 1310//1310 1311//1311
f 1312//1312 1313//1313 1314//1314
f 1315//1315 1316//1316 1317//1317
f 1318//1318 1319//1319 1320//1320
f 1321//1321 1322//1322 1323//1323
f 1324//1324 1325//1325 1326//1326
f 1327//1327 1328//1328 1329//1329
f 1330//1330 1331//1331 1332//1332
f 1333//1333 1334//1334 1335//1335
f 1336//1336 1337//1337 1338//1338
f 1339//1339 1340//1340 1341//1341
f 1342//1342 1343//1343 1344//1344
f 1345//1345 1346//1346 1347//1347
f 1348//1348 1349//1349 1350//1350
f 1351//1351 1352//1352 1353//1353
f 1354//1354 1355//1355 1356//1356
f 1357//1357 1358//1358 1359//1359
f 1360//1360 1361//1361 1362//1362
f 1363//1363 1364//1364 1365//1365
f 1366//1366 1367//1367 1368//1368
f 1369//1369 1370//1370 1371//1371
f 1372//1372 1373//1373 1374//1374
f 1375//1375 1376//1376 1377//1377
f 1378//1378 1379//1379 1380//1380
f 1381//1381 1382//1382 1383//1383
f 1384//1384 1385//1385 1386//1386
f 1387//1387 1388//1388 1389//1389
f 1390//1390 1391//1391 1392//1392
f 1393//1393 1394//1394 1395//1395
f 1396//1396 1397//1397 1398//1398
f 1399//1399 1400//1400 1401//1401
f 1402//1402 1403//1403 1404//1404
f 1405//1405 1406//1406 1407//1407
f 1408//1408 1409//1409 1410//1410
f 1411//1411 1412//1412 1413//1413
f 1413//1413 1412//1412 1414//1414
f 1415//1415 1416//1416 1417//1417
f 1418//1418 1419//1419 1420//1420
f 1421//1421 1422//1422 1423//1423
f 1424//1424 1425//1425 1426//1426
f 1427//1427 1428//1428 1429//1429
f 1430//1430 1431//1431 1432//1432
f 1433//1433 1434//1434 1435//1435
f 1436//1436 1437//1437 1438//1438
f 1439//1439 1440//1440 1441//1441
f 1442//1442 1443//1443 1444//1444
f 1445//1445 1446//1446 1447//1447
f 1448//1448 1449//1449 1450//1450
f 1451//1451 1452//1452 1453//1453
f 1454//1454 1455//1455 1456//1456
f 1457//1457 1458//1458 1459//1459
f 1460//1460 1461//1461 1462//1462
f 1463//1463 1464//1464 1465//1465
f 1466//1466 1467//1467 1468//1468
f 1469//1469 1470//1470 1471//1471
f 1472//1472 1473//1473 1474//1474
f 1475//1475 1476//1476 1477//1477
f 1478//1478 1479//1479 1480//1480
f 1481//1481 1482//1482 1483//1483
f 1484//1484 1485//1485 1486//1486
f 1487//1487 1488//1488 1489//1489
f 1490//1490 1491//1491 1492//1492
f 1493//1493 1494//1494 1495//1495
f 1496//1496 1497//1497 1498//1498
f 1499//1499 1500//1500 1501//1501
f 1502//1502 1503//1503 1504//1504
f 1505//1505 1506//1506 1507//1507
f 1508//1508 1509//1509 1510//1510
f 1511//1511 1512//1512 1513//1513
f 1514//1514 1515//1515 1516//1516
f 1517//1517 1518//1518 1519//1519
f 1520//1520 1521//1521 1522//1522
f 1523//1523 1524//1524 1525//1525
f 1526//1526 1527//1527 1528//1528
f 1529//1529 1530//1530 1531//1531
f 1532//1532 1533//1533 1534//1534
f 1535//1535 1536//1536 1537//1537
f 1538//1538 1539//1539 1540//1540
f 1541//1541 1542//1542 1543//1543
f 1541//1541 1543//1543 1544//1544
f 1545//1545 1546//1546 1547//1547
f 1548//1548 1549//1549 1550//1550
f 1551//1551 1552//1552 1553//1553
f 1554//1554 1555//1555 1556//1556
f 1557//1557 1558//1558 1559//1559
f 1560//1560 1561//1561 1562//1562
f 1563//1563 1564//1564 1565//1565
f 1566//1566 1567//1567 1568//1568
f 1569//1569 1570//1570 1571//1571
f 1572//1572 1573//1573 1574//1574
f 1575//1575 1576//1576 1577//1577
f 1578//1578 1579//1579 1580//1580
f 1581//1581 1582//1582 1583//1583
f 1584//1584 1585//1585 1586//1586
f 1587//1587 1588//1588 1589//1589
f 1590//1590 1591//1591 1592//1592
f 1593//1593 1594//1594 1595//1595
f 1596//1596 1597//1597 1598//1598
f 1599//1599 1600//1600 1601//1601
f 1602//1602 1603//1603 1604//1604
f 1605//1605 1606//1606 1607//1607
f 1608//1608 1609//1609 1610//1610
f 1611//1611 1612//1612 1613//1613
f 1614//1614 1615//1615 1616//1616
f 1617//1617 1618//1618 1619//1619
f 1620//1620 1621//1621 1622//1622
f 1623//1623 1624//1624 1625//1625
f 1626//1626 1627//1627 1628//1628
f 1629//1629 1630//1630 1631//1631
f 1631//1631 1630//1630 1632//1632
f 1633//1633 1634//1634 1635//1635
f 1636//1636 1637//1637 1638//1638
f 1639//1639 1640//1640 1641//1641
f 1642//1642 1643//1643 1644//1644
f 1645//1645 1646//1646 1647//1647
f 1648//1648 1649//1649 1650//1650
f 1651//1651 1652//1652 1653//1653
f 1654//1654 1655//1655 1656//1656
f 1657//1657 1658//1658 1659//1659
f 1660//1660 1661//1661 1662//1662
f 1663//1663 1664//1664 1665//1665
f 1663//1663 1665//1665 1666//1666
f 1667//1667 1668//1668 1669//1669
f 1670//1670 1671//1671 1672//1672
f 1673//1673 1674//1674 1675//1675
f 1675//1675 1674//1674 1676//1676
f 1677//1677 1678//1678 1679//1679
f 1679//1679 1678//1678 1680//1680
f 1681//1681 1682//1682 1683//1683
f 1684//1684 1685//1685 1686//1686
f 1687//1687 1688//1688 1689//1689
f 1690//1690 1691//1691 1692//1692
f 1693//1693 1694//1694 1695//1695
f 1696//1696 1697//1697 1698//1698
f 1699//1699 1700//1700 1701//1701
f 1702//1702 1703//1703 1704//1704
f 1705//1705 1706//1706 1707//1707
f 1708//1708 1709//1709 1710//1710
f 1711//1711 1712//1712 1713//1713
f 1714//1714 1715//1715 1716//1716
f 1717//1717 1718//1718 1719//1719
f 1720//1720 1721//1721 1722//1722
f 1723//1723 1724//1724 1725//1725
f 1726//1726 1727//1727 1728//1728
f 1729//1729 1730//1730 1731//1731
f 1732//1732 1733//1733 1734//1734
f 1735//1735 1736//1736 1737//1737
f 1738//1738 1739//1739 1740//1740
f 1741//1741 1742//1742 1743//1743
f 1744//1744 1745//1745 1746//1746
f 1747//1747 1748//1748 1749//1749
f 1750//1750 1751//1751 1752//1752
f 1750//1750 1752//1752 1753//1753
f 1754//1754 1755//1755 1756//1756
f 1757//1757 1758//1758 1759//1759
f 1760//1760 1761//1761 1762//1762
f 1763//1763 1764//1764 1765//1765
f 1766//1766 1767//1767 1768//1768
f 1769//1769 1770//1770 1771//1771
f 1772//1772 1773//1773 1774//1774
f 1775//1775 1776//1776 1777//1777
f 1778//1778 1779//1779 1780//1780
f 1781//1781 1782//1782 1783//1783
f 1784//1784 1785//1785 1786//1786
f 1787//1787 1788//1788 1789//1789
f 1790//1790 1791//1791 1792//1792
f 1790//1790 1792//1792 1793//1793
f 1794//1794 1795//1795 1796//1796
f 1797//1797 1798//1798 1799//1799
f 1800//1800 1801//1801 1802//1802
f 1803//1803 1804//1804 1805//1805
f 1806//1806 1807//1807 1808//1808
f 1809//1809 1810//1810 1811//1811
f 1812//1812 1813//1813 1814//1814
f 1815//1815 1816//1816 1817//1817
f 1818//1818 1819//1819 1820//1820
f 1821//1821 1822//1822 1823//1823
f 1824//1824 1825//1825 1826//1826
f 1827//1827 1828//1828 1829//1829
f 1830//1830 1831//1831 1832//1832
f 1830//1830 1832//1832 1833//1833
f 1834//1834 1835//1835 1836//1836
f 1837//1837 1838//1838 1839//1839
f 1840//1840 1841//1841 1842//1842
f 1843//1843 1844//1844 1845//1845
f 1846//1846 1847//1847 1848//1848
f 1849//1849 1850//1850 1851//1851
f 1852//1852 1853//1853 1854//1854
f 1855//1855 1856//1856 1857//1857
f 1858//1858 1859//1859 1860//1860
f 1861//1861 1862//1862 1863//1863
f 1864//1864 1865//1865 1866//1866
f 1867//1867 1868//1868 1869//1869
f 1870//1870 1871//1871 1872//1872
f 1873//1873 1874//1874 1875//1875
f 1876//1876 1877//1877 1878//1878
f 1879//1879 1880//1880 1881//1881
f 1882//1882 1883//1883 1884//1884
f 1885//1885 1886//1886 1887//1887
f 1888//1888 1889//1889 1890//1890
f 1891//1891 1892//1892 1893//1893
f 1894//1894 1895//1895 1896//1896
f 1897//1897 1898//1898 1899//1899
f 1900//1900 1901//1901 1902//1902
f 1903//1903 1904//1904 1905//1905
f 1906//1906 1907//1907 1908//1908
f 1909//1909 1910//1910 1911//1911
f 1912//1912 1913//1913 1914//1914
f 1915//1915 1916//1916 1917//1917
f 1918//1918 1919//1919 1920//1920
f 1921//1921 1922//1922 1923//1923
f 1924//1924 1925//1925 1926//1926
f 1927//1927 1928//1928 1929//1929
f 1930//1930 1931//1931 1932//1932
f 1933//1933 1934//1934 1935//1935
f 1936//1936 1937//1937 1938//1938
f 1939//1939 1940//1940 1941//1941
f 1942//1942 1943//1943 1944//1944
f 1945//1945 1946//1946 1947//1947
f 1948//1948 1949//1949 1950//1950
f 1951//1951 1952//1952 1953//1953
f 1954//1954 1955//1955 1956//1956
f 1957//1957 1958//1958 1959//1959
f 1960//1960 1961//1961 1962//1962
f 1963//1963 1964//1964 1965//1965
f 1966//1966 1967//1967 1968//1968
f 1969//1969 1970//1970 1971//1971
f 1972//1972 1973//1973 1974//1974
f 1975//1975 1976//1976 1977//1977
f 1978//1978 1979//1979 1980//1980
f 1981//1981 1982//1982 1983//1983
f 1984//1984 1985//1985 1986//1986
f 1987//1987 1988//1988 1989//1989
f 1990//1990 1991//1991 1992//1992
f 1993//1993 1994//1994 1995//1995
f 1996//1996 1997//1997 1998//1998
f 1999//1999 2000//2000 2001//2001
f 2002//2002 2003//2003 2004//2004
f 2005//2005 2006//2006 2007//2007
f 2008//2008 2009//2009 2010//2010
f 2011//2011 2012//2012 2013//2013
f 2014//2014 2015//2015 2016//2016
f 2017//2017 2018//2018 2019//2019
f 2020//2020 2021//2021 2022//2022
f 2023//2023 2024//2024 2025//2025
f 2026//2026 2027//2027 2028//2028
f 2029//2029 2030//2030 2031//2031
f 2032//2032 2033//2033 2034//2034
f 2035//2035 2036//2036 2037//2037
f 2038//2038 2039//2039 2040//2040
f 2041//2041 2042//2042 2043//2043
f 2044//2044 2045//2045 2046//2046
f 2047//2047 2048//2048 2049//2049
f 2050//2050 2051//2051 2052//2052
f 2053//2053 2054//2054 2055//2055
f 2056//2056 2057//2057 2058//2058
f 2059//2059 2060//2060 2061//2061
f 2062//2062 2063//2063 2064//2064
f 2065//2065 2066//2066 2067//2067
f 2068//2068 2069//2069 2070//2070
f 2071//2071 2072//2072 2073//2073
f 2074//2074 2075//2075 2076//2076
f 2077//2077 2078//2078 2079//2079
f 2080//2080 2081//2081 2082//2082
f 2080//2080 2082//2082 2083//2083
f 2084//2084 2085//2085 2086//2086
f 2087//2087 2088//2088 2089//2089
f 2090//2090 2091//2091 2092//2092
f 2093//2093 2094//2094 2095//2095
f 2096//2096 2097//2097 2098//2098
f 2099//2099 2100//2100 2101//2101
f 2102//2102 2103//2103 2104//2104
f 2105//2105 2106//2106 2107//2107
f 2108//2108 2109//2109 2110//2110
f 2111//2111 2112//2112 2113//2113
f 2114//2114 2115//2115 2116//2116
f 2117//2117 2118//2118 2119//2119
f 2120//2120 2121//2121 2122//2122
f 2123//2123 2124//2124 2125//2125
f 2126//2126 2127//2127 2128//2128
f 2129//2129 2130//2130 2131//2131
f 2132//2132 2133//2133 2134//2134
f 2135//2135 2136//2136 2137//2137
f 2138//2138 2139//2139 2140//2140
f 2141//2141 2142//2142 2143//2143
f 2144//2144 2145//2145 2146//2146
f 2147//2147 2148//2148 2149//2149
f 2150//2150 2151//2151 2152//2152
f 2153//2153 2154//2154 2155//2155
f 2156//2156 2157//2157 2158//2158
f 2159//2159 2160//2160 2161//2161
f 2162//2162 2163//2163 2164//2164
f 2165//2165 2166//2166 2167//2167
f 2168//2168 2169//2169 2170//2170
f 2171//2171 2172//2172 2173//2173
f 2174//2174 2175//2175 2176//2176
f 2177//2177 2178//2178 2179//2179
f 2180//2180 2181//2181 2182//2182
f 2183//2183 2184//2184 2185//2185
f 2186//2186 2187//2187 2188//2188
f 2189//2189 2190//2190 2191//2191
f 2192//2192 2193//2193 2194//2194
f 2195//2195 2196//2196 2197//2197
f 2198//2198 2199//2199 2200//2200
f 2201//2201 2202//2202 2203//2203
f 2204//2204 2205//2205 2206//2206
f 2207//2207 2208//2208 2209//2209
f 2210//2210 2211//2211 2212//2212
f 2213//2213 2214//2214 2215//2215
f 2216//2216 2217//2217 2218//2218
f 2219//2219 2220//2220 2221//2221
f 2222//2222 2223//2223 2224//2224
f 2225//2225 2226//2226 2227//2227
f 2228//2228 2229//2229 2230//2230
f 2231//2231 2232//2232 2233//2233
f 2234//2234 2235//2235 2236//2236
f 2237//2237 2238//2238 2239//2239
f 2240//2240 2241//2241 2242//2242
f 2243//2243 2244//2244 2245//2245
f 2246//2246 2247//2247 2248//2248
f 2249//2249 2250//2250 2251//2251
f 2252//2252 2253//2253 2254//2254
f 2255//2255 2256//2256 2257//2257
f 2258//2258 2259//2259 2260//2260
f 2261//2261 2262//2262 2263//2263
f 2264//2264 2265//2265 2266//2266
f 2267//2267 2268//2268 2269//2269
f 2270//2270 2271//2271 2272//2272
f 2273//2273 2274//2274 2275//2275
f 2276//2276 2277//2277 2278//2278
f 2279//2279 2280//2280 2281//2281
f 2282//2282 2283//2283 2284//2284
f 2285//2285 2286//2286 2287//2287
f 2288//2288 2289//2289 2290//2290
f 2291//2291 2292//2292 2293//2293
f 2294//2294 2295//2295 2296//2296
f 2297//2297 2298//2298 2299//2299
f 2300//2300 2301//2301 2302//2302
f 2303//2303 2304//2304 2305//2305
f 2306//2306 2307//2307 2308//2308
f 2309//2309 2310//2310 2311//2311
f 2312//2312 2313//2313 2314//2314
f 2315//2315 2316//2316 2317//2317
f 2318//2318 2319//2319 2320//2320
f 2321//2321 2322//2322 2323//2323
f 2324//2324 2325//2325 2326//2326
f 2327//2327 2328//2328 2329//2329
f 2330//2330 2331//2331 2332//2332
f 2333//2333 2334//2334 2335//2335
f 2336//2336 2337//2337 2338//2338
f 2339//2339 2340//2340 2341//2341
f 2342//2342 2343//2343 2344//2344
f 2345//2345 2346//2346 2347//2347
f 2348//2348 2349//2349 2350//2350
f 2351//2351 2352//2352 2353//2353
f 2354//2354 2355//2355 2356//2356
f 2357//2357 2358//2358 2359//2359
f 2360//2360 2361//2361 2362//2362
f 2363//2363 2364//2364 2365//2365
f 2366//2366 2367//2367 2368//2368
f 2369//2369 2370//2370 2371//2371
f 2372//2372 2373//2373 2374//2374
f 2375//2375 2376//2376 2377//2377
f 2378//2378 2379//2379 2380//2380
f 2381//2381 2382//2382 2383//2383
f 2384//2384 2385//2385 2386//2386
f 2387//2387 2388//2388 2389//2389
f 2390//2390 2391//2391 2392//2392
f 2393//2393 2394//2394 2395//2395
f 2396//2396 2397//2397 2398//2398
f 2399//2399 2400//2400 2401//2401
f 2402//2402 2403//2403 2404//2404
f 2405//2405 2406//2406 2407//2407
f 2408//2408 2409//2409 2410//2410
f 2411//2411 2412//2412 2413//2413
f 2414//2414 2415//2415 2416//2416
f 2417//2417 2418//2418 2419//2419
f 2420//2420 2421//2421 2422//2422
f 2423//2423 2424//2424 2425//2425
f 2426//2426 2427//2427 2428//2428
f 2429//2429 2430//2430 2431//2431
f 2432//2432 2433//2433 2434//2434
f 2435//2435 2436//2436 2437//2437
f 2438//2438 2439//2439 2440//2440
f 2441//2441 2442//2442 2443//2443
f 2444//2444 2445//2445 2446//2446
f 2447//2447 2448//2448 2449//2449
f 2450//2450 2451//2451 2452//2452
f 2453//2453 2454//2454 2455//2455
f 2456//2456 2457//2457 2458//2458
f 2459//2459 2460//2460 2461//2461
f 2462//2462 2463//2463 2464//2464
f 2465//2465 2466//2466 2467//2467
f 2468//2468 2469//2469 2470//2470
f 2471//2471 2472//2472 2473//2473
f 2474//2474 2475//2475 2476//2476
f 2477//2477 2478//2478 2479//2479
f 2480//2480 2481//2481 2482//2482
f 2483//2483 2484//2484 2485//2485
f 2486//2486 2487//2487 2488//2488
f 2489//2489 2490//2490 2491//2491
f 2492//2492 2493//2493 2494//2494
f 2495//2495 2496//2496 2497//2497
f 2498//2498 2499//2499 2500//2500
f 2501//2501 2502//2502 2503//2503
f 2504//2504 2505//2505 2506//2506
f 2507//2507 2508//2508 2509//2509
f 2510//2510 2511//2511 2512//2512
f 2513//2513 2514//2514 2515//2515
f 2516//2516 2517//2517 2518//2518
f 2519//2519 2520//2520 2521//2521
f 2522//2522 2523//2523 2524//2524
f 2525//2525 2526//2526 2527//2527
f 2528//2528 2529//2529 2530//2530
f 2531//2531 2532//2532 2533//2533
f 2534//2534 2535//2535 2536//2536
f 2537//2537 2538//2538 2539//2539
f 2540//2540 2541//2541 2542//2542
f 2543//2543 2544//2544 2545//2545
f 2546//2546 2547//2547 2548//2548
f 2549//2549 2550//2550 2551//2551
f 2552//2552 2553//2553 2554//2554
f 2555//2555 2556//2556 2557//2557
f 2558//2558 2559//2559 2560//2560
f 2561//2561 2562//2562 2563//2563
f 2564//2564 2565//2565 2566//2566
f 2567//2567 2568//2568 2569//2569
f 2570//2570 2571//2571 2572//2572
f 2573//2573 2574//2574 2575//2575
f 2576//2576 2577//2577 2578//2578
f 2579//2579 2580//2580 2581//2581
f 2582//2582 2583//2583 2584//2584
f 2585//2585 2586//2586 2587//2587
f 2588//2588 2589//2589 2590//2590
f 2591//2591 2592//2592 2593//2593
f 2594//2594 2595//2595 2596//2596
f 2597//2597 2598//2598 2599//2599
f 2600//2600 2601//2601 2602//2602
f 2603//2603 2604//2604 2605//2605
f 2606//2606 2607//2607 2608//2608
f 2609//2609 2610//2610 2611//2611
f 2612//2612 2613//2613 2614//2614
f 2615//2615 2616//2616 2617//2617
f 2618//2618 2619//2619 2620//2620
f 2621//2621 2622//2622 2623//2623
f 2624//2624 2625//2625 2626//2626
f 2627//2627 2628//2628 2629//2629
f 2630//2630 2631//2631 2632//2632
f 2633//2633 2634//2634 2635//2635
f 2636//2636 2637//2637 2638//2638
f 2639//2639 2640//2640 2641//2641
f 2641//2641 2640//2640 2642//2642
f 2643//2643 2644//2644 2645//2645
f 2646//2646 2647//2647 2648//2648
f 2649//2649 2650//2650 2651//2651
f 2652//2652 2653//2653 2654//2654
f 2655//2655 2656//2656 2657//2657
f 2658//2658 2659//2659 2660//2660
f 2658//2658 2660//2660 2661//2661
f 2662//2662 2663//2663 2664//2664
f 2665//2665 2666//2666 2667//2667
f 2668//2668 2669//2669 2670//2670
f 2671//2671 2672//2672 2673//2673
f 2674//2674 2675//2675 2676//2676
f 2677//2677 2678//2678 2679//2679
f 2680//2680 2681//2681 2682//2682
f 2683//2683 2684//2684 2685//2685
f 2685//2685 2684//2684 2686//2686
f 2687//2687 2688//2688 2689//2689
f 2690//2690 2691//2691 2692//2692
f 2693//2693 2694//2694 2695//2695
f 2696//2696 2697//2697 2698//2698
f 2699//2699 2700//2700 2701//2701
f 2702//2702 2703//2703 2704//2704
f 2705//2705 2706//2706 2707//2707
f 2708//2708 2709//2709 2710//2710
f 2711//2711 2712//2712 2713//2713
f 2714//2714 2715//2715 2716//2716
f 2717//2717 2718//2718 2719//2719
f 2720//2720 2721//2721 2722//2722
f 2723//2723 2724//2724 2725//2725
f 2725//2725 2724//2724 2726//2726
f 2727//2727 2728//2728 2729//2729
f 2729//2729 2728//2728 2730//2730
f 2731//2731 2732//2732 2733//2733
f 2734//2734 2735//2735 2736//2736
f 2737//2737 2738//2738 2739//2739
f 2739//2739 2738//2738 2740//2740
f 2741//2741 2742//2742 2743//2743
f 2744//2744 2745//2745 2746//2746
f 2747//2747 2748//2748 2749//2749
f 2749//2749 2748//2748 2750//2750
f 2751//2751 2752//2752 2753//2753
f 2754//2754 2755//2755 2756//2756
f 2757//2757 2758//2758 2759//2759
f 2760//2760 2761//2761 2762//2762
f 2763//2763 2764//2764 2765//2765
f 2766//2766 2767//2767 2768//2768
f 2769//2769 2770//2770 2771//2771
f 2772//2772 2773//2773 2774//2774
f 2775//2775 2776//2776 2777//2777
f 2778//2778 2779//2779 2780//2780
f 2781//2781 2782//2782 2783//2783
f 2783//2783 2782//2782 2784//2784
f 2785//2785 2786//2786 2787//2787
f 2788//2788 2789//2789 2790//2790
f 2791//2791 2792//2792 2793//2793
f 2794//2794 2795//2795 2796//2796
f 2797//2797 2798//2798 2799//2799
f 2799//2799 2798//2798 2800//2800
f 2801//2801 2802//2802 2803//2803
f 2804//2804 2805//2805 2806//2806
f 2807//2807 2808//2808 2809//2809
f 2810//2810 2811//2811 2812//2812
f 2813//2813 2814//2814 2815//2815
f 2816//2816 2817//2817 2818//2818
f 2819//2819 2820//2820 2821//2821
f 2822//2822 2823//2823 2824//2824
f 2825//2825 2826//2826 2827//2827
f 2828//2828 2829//2829 2830//2830
f 2831//2831 2832//2832 2833//2833
f 2834//2834 2835//2835 2836//2836
f 2837//2837 2838//2838 2839//2839
f 2840//2840 2841//2841 2842//2842
f 2843//2843 2844//2844 2845//2845
f 2845//2845 2844//2844 2846//2846
f 2847//2847 2848//2848 2849//2849
f 2849//2849 2848//2848 2850//2850
f 2851//2851 2852//2852 2853//2853
f 2854//2854 2855//2855 2856//2856
f 2857//2857 2858//2858 2859//2859
f 2860//2860 2861//2861 2862//2862
f 2863//2863 2864//2864 2865//2865
f 2866//2866 2867//2867 2868//2868
f 2869//2869 2870//2870 2871//2871
f 2872//2872 2873//2873 2874//2874
f 2875//2875 2876//2876 2877//2877
f 2878//2878 2879//2879 2880//2880
f 2881//2881 2882//2882 2883//2883
f 2884//2884 2885//2885 2886//2886
f 2887//2887 2888//2888 2889//2889
f 2890//2890 2891//2891 2892//2892
f 2893//2893 2894//2894 2895//2895
f 2896//2896 2897//2897 2898//2898
f 2899//2899 2900//2900 2901//2901
f 2901//2901 2900//2900 2902//2902
f 2903//2903 2904//2904 2905//2905
f 2906//2906 2907//2907 2908//2908
f 2909//2909 2910//2910 2911//2911
f 2912//2912 2913//2913 2914//2914
f 2915//2915 2916//2916 2917//2917
f 2918//2918 2919//2919 2920//2920
f 2921//2921 2922//2922 2923//2923
f 2924//2924 2925//2925 2926//2926
f 2927//2927 2928//2928 2929//2929
f 2930//2930 2931//2931 2932//2932
f 2933//2933 2934//2934 2935//2935
f 2935//2935 2934//2934 2936//2936
f 2937//2937 2938//2938 2939//2939
f 2940//2940 2941//2941 2942//2942
f 2943//2943 2944//2944 2945//2945
f 2946//2946 2947//2947 2948//2948
f 2949//2949 2950//2950 2951//2951
f 2949//2949 2951//2951 2952//2952
f 2953//2953 2954//2954 2955//2955
f 2956//2956 2957//2957 2958//2958
f 2959//2959 2960//2960 2961//2961
f 2962//2962 2963//2963 2964//2964
f 2965//2965 2966//2966 2967//2967
f 2968//2968 2969//2969 2970//2970
f 2971//2971 2972//2972 2973//2973
f 2974//2974 2975//2975 2976//2976
f 2977//2977 2978//2978 2979//2979
f 2977//2977 2979//2979 2980//2980
f 2981//2981 2982//2982 2983//2983
f 2984//2984 2985//2985 2986//2986
f 2987//2987 2988//2988 2989//2989
f 2990//2990 2991//2991 2992//2992
f 2993//2993 2994//2994 2995//2995
f 2996//2996 2997//2997 2998//2998
f 2999//2999 3000//3000 3001//3001
f 3002//3002 3003//3003 3004//3004
f 3005//3005 3006//3006 3007//3007
f 3008//3008 3009//3009 3010//3010
f 3011//3011 3012//3012 3013//3013
f 3014//3014 3015//3015 3016//3016
f 3017//3017 3018//3018 3019//3019
f 3020//3020 3021//3021 3022//3022
f 3023//3023 3024//3024 3025//3025
f 3026//3026 3027//3027 3028//3028
f 3029//3029 3030//3030 3031//3031
f 3032//3032 3033//3033 3034//3034
f 3035//3035 3036//3036 3037//3037
f 3038//3038 3039//3039 3040//3040
f 3041//3041 3042//3042 3043//3043
f 3044//3044 3045//3045 3046//3046
f 3047//3047 3048//3048 3049//3049
f 3050//3050 3051//3051 3052//3052
f 3053//3053 3054//3054 3055//3055
f 3056//3056 3057//3057 3058//3058
f 3059//3059 3060//3060 3061//3061
f 3062//3062 3063//3063 3064//3064
f 3065//3065 3066//3066 3067//3067
f 3068//3068 3069//3069 3070//3070
f 3071//3071 3072//3072 3073//3073
f 3074//3074 3075//3075 3076//3076
f 3077//3077 3078//3078 3079//3079
f 3080//3080 3081//3081 3082//3082
f 3083//3083 3084//3084 3085//3085
f 3086//3086 3087//3087 3088//3088
f 3089//3089 3090//3090 3091//3091
f 3092//3092 3093//3093 3094//3094
f 3095//3095 3096//3096 3097//3097
f 3098//3098 3099//3099 3100//3100
f 3101//3101 3102//3102 3103//3103
f 3104//3104 3105//3105 3106//3106
f 3107//3107 3108//3108 3109//3109
f 3110//3110 3111//3111 3112//3112
f 3113//3113 3114//3114 3115//3115
f 3116//3116 3117//3117 3118//3118
f 3119//3119 3120//3120 3121//3121
f 3122//3122 3123//3123 3124//3124
f 3125//3125 3126//3126 3127//3127
f 3128//3128 3129//3129 3130//3130
f 3131//3131 3132//3132 3133//3133
f 3134//3134 3135//3135 3136//3136
f 3137//3137 3138//3138 3139//3139
f 3140//3140 3141//3141 3142//3142
f 3143//3143 3144//3144 3145//3145
f 3146//3146 3147//3147 3148//3148
f 3149//3149 3150//3150 3151//3151
f 3152//3152 3153//3153 3154//3154
f 3155//3155 3156//3156 3157//3157
f 3158//3158 3159//3159 3160//3160
f 3161//3161 3162//3162 3163//3163
f 3164//3164 3165//3165 3166//3166
f 3167//3167 3168//3168 3169//3169
f 3170//3170 3171//3171 3172//3172
f 3173//3173 3174//3174 3175//3175
f 3176//3176 3177//3177 3178//3178
f 3179//3179 3180//3180 3181//3181
f 3182//3182 3183//3183 3184//3184
f 3185//3185 3186//3186 3187//3187
f 3188//3188 3189//3189 3190//3190
f 3191//3191 3192//3192 3193//3193
f 3194//3194 3195//3195 3196//3196
f 3197//3197 3198//3198 3199//3199
f 3200//3200 3201//3201 3202//3202
f 3203//3203 3204//3204 3205//3205
f 3206//3206 3207//3207 3208//3208
f 3209//3209 3210//3210 3211//3211
f 3212//3212 3213//3213 3214//3214
f 3215//3215 3216//3216 3217//3217
f 3218//3218 3219//3219 3220//3220
f 3221//3221 3222//3222 3223//3223
f 3224//3224 3225//3225 3226//3226
f 3227//3227 3228//3228 3229//3229
f 3230//3230 3231//3231 3232//3232
f 3233//3233 3234//3234 3235//3235
f 3236//3236 3237//3237 3238//3238
f 3239//3239 3240//3240 3241//3241
f 3242//3242 3243//3243 3244//3244
f 3245//3245 3246//3246 3247//3247
f 3248//3248 3249//3249 3250//3250
f 3251//3251 3252//3252 3253//3253
f 3254//3254 3255//3255 3256//3256
f 3257//3257 3258//3258 3259//3259
f 3260//3260 3261//3261 3262//3262
f 3263//3263 3264//3264 3265//3265
f 3266//3266 3267//3267 3268//3268
f 3269//3269 3270//3270 3271//3271
f 3272//3272 3273//3273 3274//3274
f 3275//3275 3276//3276 3277//3277
f 3278//3278 3279//3279 3280//3280
f 3281//3281 3282//3282 3283//3283
f 3284//3284 3285//3285 3286//3286
f 3287//3287 3288//3288 3289//3289
f 3290//3290 3291//3291 3292//3292
f 3293//3293 3294//3294 3295//3295
f 3296//3296 3297//3297 3298//3298
f 3299//3299 3300//3300 3301//3301
f 3302//3302 3303//3303 3304//3304
f 3305//3305 3306//3306 3307//3307
f 3308//3308 3309//3309 3310//3310
f 3311//3311 3312//3312 3313//3313
f 3314//3314 3315//3315 3316//3316
f 3317//3317 3318//3318 3319//3319
f 3320//3320 3321//3321 3322//3322
f 3323//3323 3324//3324 3325//3325
f 3326//3326 3327//3327 3328//3328
f 3329//3329 3330//3330 3331//3331
f 3332//3332 3333//3333 3334//3334
f 3335//3335 3336//3336 3337//3337
f 2544//2544 3338//3338 3339//3339
f 3340//3340 3341//3341 3342//3342
f 3343//3343 3344//3344 3345//3345
f 3346//3346 3347//3347 3348//3348
f 3349//3349 3350//3350 3351//3351
f 3352//3352 3353//3353 3354//3354
f 3355//3355 3356//3356 3357//3357
f 3358//3358 3359//3359 3360//3360
f 3361//3361 3362//3362 3363//3363
f 3364//3364 3365//3365 3366//3366
f 3367//3367 3368//3368 3369//3369
f 3370//3370 3371//3371 3372//3372
f 3373//3373 3374//3374 3375//3375
f 3376//3376 3377//3377 3378//3378
f 3379//3379 3380//3380 3381//3381
f 3382//3382 3383//3383 3384//3384
f 3385//3385 3386//3386 3387//3387
f 3388//3388 3389//3389 3390//3390
f 3390//3390 3389//3389 3391//3391
f 3392//3392 3393//3393 3394//3394
f 3394//3394 3393//3393 3395//3395
f 3396//3396 3397//3397 3398//3398
f 3398//3398 3397//3397 3399//3399
f 3400//3400 3401//3401 3402//3402
f 3402//3402 3401//3401 3403//3403
f 3404//3404 3405//3405 3406//3406
f 3406//3406 3405//3405 3407//3407
f 3408//3408 3409//3409 3410//3410
f 3410//3410 3409//3409 3411//3411
f 3412//3412 3413//3413 3414//3414
f 3414//3414 3413//3413 3415//3415
f 3416//3416 3417//3417 3418//3418
f 3418//3418 3417//3417 3419//3419
f 3420//3420 3421//3421 3422//3422
f 3422//3422 3421//3421 3423//3423
f 3424//3424 3425//3425 3426//3426
f 3426//3426 3425//3425 3427//3427
f 3428//3428 3429//3429 3430//3430
f 3430//3430 3429//3429 3431//3431
f 3432//3432 3433//3433 3434//3434
f 3434//3434 3433//3433 3435//3435
f 3436//3436 3437//3437 3438//3438
f 3438//3438 3437//3437 3439//3439
f 3440//3440 3441//3441 3442//3442
f 3440//3440 3442//3442 3443//3443
f 3444//3444 3445//3445 3446//3446
f 3446//3446 3445//3445 3447//3447
f 3448//3448 3449//3449 3450//3450
f 3450//3450 3449//3449 3451//3451
f 3452//3452 3453//3453 3454//3454
f 3454//3454 3453//3453 3455//3455
f 3456//3456 3457//3457 3458//3458
f 3459//3459 3460//3460 3461//3461
f 3462//3462 3463//3463 3464//3464
f 3464//3464 3463//3463 3465//3465
f 3466//3466 3467//3467 3468//3468
f 3468//3468 3467//3467 3469//3469
f 3470//3470 3471//3471 3472//3472
f 3470//3470 3472//3472 3473//3473
f 3474//3474 3475//3475 3476//3476
f 3476//3476 3475//3475 3477//3477
f 3478//3478 3479//3479 3480//3480
f 3481//3481 3482//3482 3483//3483
f 3484//3484 3485//3485 3486//3486
f 3486//3486 3485//3485 3487//3487
f 3488//3488 3489//3489 3490//3490
f 3490//3490 3489//3489 3491//3491
f 3492//3492 3493//3493 3494//3494
f 3494//3494 3493//3493 3495//3495
f 3496//3496 3497//3497 3498//3498
f 3498//3498 3497//3497 3499//3499
f 3500//3500 3501//3501 3502//3502
f 3502//3502 3501//3501 3503//3503
f 3504//3504 3505//3505 3506//3506
f 3506//3506 3505//3505 3507//3507
f 3508//3508 3509//3509 3510//3510
f 3510//3510 3509//3509 3511//3511
f 3512//3512 3513//3513 3514//3514
f 3514//3514 3513//3513 3515//3515
f 3516//3516 3517//3517 3518//3518
f 3518//3518 3517//3517 3519//3519
f 3520//3520 3521//3521 3522//3522
f 3522//3522 3521//3521 3523//3523
f 3524//3524 3525//3525 3526//3526
f 3526//3526 3525//3525 3527//3527
f 3528//3528 3529//3529 3530//3530
f 3530//3530 3529//3529 3531//3531
f 3532//3532 3533//3533 3534//3534
f 3534//3534 3533//3533 3535//3535
f 3536//3536 3537//3537 3538//3538
f 3538//3538 3537//3537 3539//3539
f 3540//3540 3541//3541 3542//3542
f 3542//3542 3541//3541 3543//3543
f 3544//3544 3545//3545 3546//3546
f 3546//3546 3545//3545 3547//3547
f 3548//3548 3549//3549 3550//3550
f 3550//3550 3549//3549 3551//3551
f 3552//3552 3553//3553 3554//3554
f 3554//3554 3553//3553 3555//3555
f 3556//3556 3557//3557 3558//3558
f 3558//3558 3557//3557 3559//3559
f 3560//3560 3561//3561 3562//3562
f 3562//3562 3561//3561 3563//3563
f 3564//3564 3565//3565 3566//3566
f 3566//3566 3565//3565 3567//3567
f 3568//3568 3569//3569 3570//3570
f 3571//3571 3572//3572 3573//3573
f 3574//3574 3575//3575 3576//3576
f 3576//3576 3575//3575 3577//3577
f 3578//3578 3579//3579 3580//3580
f 3580//3580 3579//3579 3581//3581
f 3582//3582 3583//3583 3584//3584
f 3584//3584 3583//3583 3585//3585
f 3586//3586 3587//3587 3588//3588
f 3588//3588 3587//3587 3589//3589
f 3590//3590 3591//3591 3592//3592
f 3592//3592 3591//3591 3593//3593
f 3594//3594 3595//3595 3596//3596
f 3596//3596 3595//3595 3597//3597
f 3598//3598 3599//3599 3600//3600
f 3600//3600 3599//3599 3601//3601
f 3602//3602 3603//3603 3604//3604
f 3605//3605 3606//3606 3607//3607
f 3608//3608 3609//3609 3610//3610
f 3610//3610 3609//3609 3611//3611
f 3612//3612 3613//3613 3614//3614
f 3614//3614 3613//3613 3615//3615
f 3616//3616 3617//3617 3618//3618
f 3618//3618 3617//3617 3619//3619
f 3620//3620 3621//3621 3622//3622
f 3622//3622 3621//3621 3623//3623
f 3624//3624 3625//3625 3626//3626
f 3626//3626 3625//3625 3627//3627
f 3628//3628 3629//3629 3630//3630
f 3628//3628 3630//3630 3631//3631
f 3632//3632 3633//3633 3634//3634
f 3634//3634 3633//3633 3635//3635
f 3636//3636 3637//3637 3638//3638
f 3638//3638 3637//3637 3639//3639
f 3640//3640 3641//3641 3642//3642
f 3642//3642 3641//3641 3643//3643
f 3644//3644 3645//3645 3646//3646
f 3646//3646 3645//3645 3647//3647
f 3648//3648 3649//3649 3650//3650
f 3650//3650 3649//3649 3651//3651
f 3652//3652 3653//3653 3654//3654
f 3654//3654 3653//3653 3655//3655
f 3656//3656 3657//3657 3658//3658
f 3658//3658 3657//3657 3659//3659
f 3660//3660 3661//3661 3662//3662
f 3662//3662 3661//3661 3663//3663
f 3664//3664 3665//3665 3666//3666
f 3666//3666 3665//3665 3667//3667
f 3668//3668 3669//3669 3670//3670
f 3670//3670 3669//3669 3671//3671
f 3672//3672 3673//3673 3674//3674
f 3672//3672 3674//3674 3675//3675
f 3676//3676 3677//3677 3678//3678
f 3678//3678 3677//3677 3679//3679
f 3680//3680 3681//3681 3682//3682
f 3682//3682 3681//3681 3683//3683
f 3684//3684 3685//3685 3686//3686
f 3687//3687 3688//3688 3689//3689
f 3690//3690 3691//3691 3692//3692
f 3693//3693 3694//3694 3695//3695
f 3696//3696 3697//3697 3698//3698
f 3699//3699 3700//3700 3701//3701
f 3702//3702 3703//3703 3704//3704
f 3705//3705 3706//3706 3707//3707
f 3708//3708 3709//3709 3710//3710
f 3711//3711 3712//3712 3713//3713
f 3714//3714 3715//3715 3716//3716
f 3717//3717 3718//3718 3719//3719
f 3720//3720 3721//3721 3722//3722
f 3723//3723 3724//3724 3725//3725
f 3726//3726 3727//3727 3728//3728
f 3728//3728 3727//3727 3729//3729
f 3730//3730 3731//3731 3732//3732
f 3733//3733 3734//3734 3735//3735
f 3736//3736 3737//3737 3738//3738
f 3739//3739 3740//3740 3741//3741
f 3742//3742 3743//3743 3744//3744
f 3745//3745 3746//3746 3747//3747
f 3748//3748 3749//3749 3750//3750
f 3751//3751 3752//3752 3753//3753
f 3754//3754 3755//3755 3756//3756
f 3756//3756 3755//3755 3757//3757
f 3758//3758 3759//3759 3760//3760
f 3761//3761 3762//3762 3763//3763
f 3764//3764 3765//3765 3766//3766
f 3766//3766 3765//3765 3767//3767
f 3768//3768 3769//3769 3770//3770
f 3771//3771 3772//3772 3773//3773
f 3774//3774 3775//3775 3776//3776
f 3777//3777 3778//3778 3779//3779
f 3780//3780 3781//3781 3782//3782
f 3782//3782 3781//3781 3783//3783
f 3784//3784 3785//3785 3786//3786
f 3787//3787 3788//3788 3789//3789
f 3790//3790 3791//3791 3792//3792
f 3792//3792 3791//3791 3793//3793
f 3794//3794 3795//3795 3796//3796
f 3797//3797 3798//3798 3799//3799
f 3800//3800 3801//3801 3802//3802
f 3803//3803 3804//3804 3805//3805
f 3806//3806 3807//3807 3808//3808
f 3809//3809 3810//3810 3811//3811
f 3812//3812 3813//3813 3814//3814
f 3815//3815 3816//3816 3817//3817
f 3818//3818 3819//3819 3820//3820
f 3821//3821 3822//3822 3823//3823
f 3824//3824 3825//3825 3826//3826
f 3827//3827 3828//3828 3829//3829
f 3830//3830 3831//3831 3832//3832
f 3833//3833 3834//3834 3835//3835
f 3836//3836 3837//3837 3838//3838
f 3838//3838 3837//3837 3839//3839
f 3840//3840 3841//3841 3842//3842
f 3843//3843 3844//3844 3845//3845
f 3846//3846 3847//3847 3848//3848
f 3848//3848 3847//3847 3849//3849
f 3850//3850 3851//3851 3852//3852
f 3853//3853 3854//3854 3855//3855
f 3856//3856 3857//3857 3858//3858
f 3859//3859 3860//3860 3861//3861
f 3862//3862 3863//3863 3864//3864
f 3865//3865 3866//3866 3867//3867
f 3868//3868 3869//3869 3870//3870
f 3871//3871 3872//3872 3873//3873
f 3874//3874 3875//3875 3876//3876
f 3876//3876 3875//3875 3877//3877
f 3878//3878 3879//3879 3880//3880
f 3881//3881 3882//3882 3883//3883
f 3884//3884 3885//3885 3886//3886
f 3887//3887 3888//3888 3889//3889
f 3890//3890 3891//3891 3892//3892
f 3892//3892 3891//3891 3893//3893
f 3894//3894 3895//3895 3896//3896
f 3896//3896 3895//3895 3897//3897
f 3898//3898 3899//3899 3900//3900
f 3901//3901 3902//3902 3903//3903
f 3904//3904 3905//3905 3906//3906
f 3907//3907 3908//3908 3909//3909
f 3910//3910 3911//3911 3912//3912
f 3913//3913 3914//3914 3915//3915
f 3916//3916 3917//3917 3918//3918
f 3919//3919 3920//3920 3921//3921
f 3922//3922 3923//3923 3924//3924
f 3925//3925 3926//3926 3927//3927
f 3928//3928 3929//3929 3930//3930
f 3931//3931 3932//3932 3933//3933
f 3934//3934 3935//3935 3936//3936
f 3937//3937 3938//3938 3939//3939
f 3940//3940 3941//3941 3942//3942
f 3943//3943 3944//3944 3945//3945
f 3946//3946 3947//3947 3948//3948
f 3949//3949 3950//3950 3951//3951
f 3952//3952 3953//3953 3954//3954
f 3955//3955 3956//3956 3957//3957
f 3958//3958 3959//3959 3960//3960
f 3961//3961 3962//3962 3963//3963
f 3964//3964 3965//3965 3966//3966
f 3966//3966 3965//3965 3967//3967
f 3968//3968 3969//3969 3970//3970
f 3971//3971 3972//3972 3973//3973
f 3974//3974 3975//3975 3976//3976
f 3977//3977 3978//3978 3979//3979
f 3980//3980 3981//3981 3982//3982
f 3983//3983 3984//3984 3985//3985
f 3986//3986 3987//3987 3988//3988
f 3989//3989 3990//3990 3991//3991
f 3992//3992 3993//3993 3994//3994
f 3994//3994 3993//3993 3995//3995
f 3996//3996 3997//3997 3998//3998
f 3999//3999 4000//4000 4001//4001
f 4002//4002 4003//4003 4004//4004
f 4005//4005 4006//4006 4007//4007
f 4008//4008 4009//4009 4010//4010
f 4011//4011 4012//4012 4013//4013
f 4014//4014 4015//4015 4016//4016
f 4016//4016 4015//4015 4017//4017
f 4018//4018 4019//4019 4020//4020
f 4021//4021 4022//4022 4023//4023
f 4024//4024 4025//4025 4026//4026
f 4026//4026 4025//4025 4027//4027
f 4028//4028 4029//4029 4030//4030
f 4031//4031 4032//4032 4033//4033
f 4034//4034 4035//4035 4036//4036
f 4037//4037 4038//4038 4039//4039
f 4040//4040 4041//4041 4042//4042
f 4042//4042 4041//4041 4043//4043
f 4044//4044 4045//4045 4046//4046
f 4047//4047 4048//4048 4049//4049
f 4050//4050 4051//4051 4052//4052
f 4053//4053 4054//4054 4055//4055
f 4056//4056 4057//4057 4058//4058
f 4059//4059 4060//4060 4061//4061
f 4062//4062 4063//4063 4064//4064
f 4065//4065 4066//4066 4067//4067
f 4068//4068 4069//4069 4070//4070
f 4071//4071 4072//4072 4073//4073
f 4074//4074 4075//4075 4076//4076
f 4077//4077 4078//4078 4079//4079
f 4080//4080 4081//4081 4082//4082
f 4083//4083 4084//4084 4085//4085
f 4086//4086 4087//4087 4088//4088
f 4089//4089 4090//4090 4091//4091
f 4092//4092 4093//4093 4094//4094
f 4095//4095 4096//4096 4097//4097
f 4098//4098 4099//4099 4100//4100
f 4101//4101 4102//4102 4103//4103
f 4104//4104 4105//4105 4106//4106
f 4107//4107 4108//4108 4109//4109
f 4110//4110 4111//4111 4112//4112
f 4113//4113 4114//4114 4115//4115
f 4116//4116 4117//4117 4118//4118
f 4119//4119 4120//4120 4121//4121
f 4122//4122 4123//4123 4124//4124
f 4125//4125 4126//4126 4127//4127
f 4128//4128 4129//4129 4130//4130
f 4131//4131 4132//4132 4133//4133
f 4134//4134 4135//4135 4136//4136
f 4137//4137 4138//4138 4139//4139
f 4140//4140 4141//4141 4142//4142
f 4143//4143 4144//4144 4145//4145
f 4146//4146 4147//4147 4148//4148
f 4149//4149 4150//4150 4151//4151
f 4152//4152 4153//4153 4154//4154
f 4155//4155 4156//4156 4157//4157
f 4158//4158 4159//4159 4160//4160
f 4161//4161 4162//4162 4163//4163
f 4164//4164 4165//4165 4166//4166
f 4167//4167 4168//4168 4169//4169
f 4170//4170 4171//4171 4172//4172
f 4173//4173 4174//4174 4175//4175
f 4176//4176 4177//4177 4178//4178
f 4179//4179 4180//4180 4181//4181
f 4182//4182 4183//4183 4184//4184
f 4185//4185 4186//4186 4187//4187
f 4188//4188 4189//4189 4190//4190
f 4191//4191 4192//4192 4193//4193
f 4194//4194 4195//4195 4196//4196
f 4197//4197 4198//4198 4199//4199
f 4200//4200 4201//4201 4202//4202
f 4203//4203 4204//4204 4205//4205
f 4206//4206 4207//4207 4208//4208
f 4209//4209 4210//4210 4211//4211
f 4212//4212 4213//4213 4214//4214
f 4215//4215 4216//4216 4217//4217
f 4218//4218 4219//4219 4220//4220
f 4221//4221 4222//4222 4223//4223
f 4224//4224 4225//4225 4226//4226
f 4227//4227 4228//4228 4229//4229
f 4230//4230 4231//4231 4232//4232
f 4233//4233 4234//4234 4235//4235
f 4236//4236 4237//4237 4238//4238
f 4239//4239 4240//4240 4241//4241
f 4242//4242 4243//4243 4244//4244
f 4245//4245 4246//4246 4247//4247
f 4248//4248 4249//4249 4250//4250
f 4251//4251 4252//4252 4253//4253
f 4254//4254 4255//4255 4256//4256
f 4257//4257 4258//4258 4259//4259
f 4260//4260 4261//4261 4262//4262
f 4263//4263 4264//4264 4265//4265
f 4266//4266 4267//4267 4268//4268
f 4269//4269 4270//4270 4271//4271
f 4272//4272 4273//4273 4274//4274
f 4275//4275 4276//4276 4277//4277
f 4278//4278 4279//4279 4280//4280
f 4281//4281 4282//4282 4283//4283
f 4284//4284 4285//4285 4286//4286
f 4287//4287 4288//4288 4289//4289
f 4290//4290 4291//4291 4292//4292
f 4293//4293 4294//4294 4295//4295
f 4296//4296 4297//4297 4298//4298
f 4299//4299 4300//4300 4301//4301
f 4302//4302 4303//4303 4304//4304
f 4305//4305 4306//4306 4307//4307
f 4308//4308 4309//4309 4310//4310
f 4311//4311 4312//4312 4313//4313
f 4314//4314 4315//4315 4316//4316
f 4317//4317 4318//4318 4319//4319
f 4320//4320 4321//4321 4322//4322
f 4323//4323 4324//4324 4325//4325
f 4326//4326 4327//4327 4328//4328
f 4329//4329 4330//4330 4331//4331
f 4332//4332 4251//4251 4253//4253
f 4333//4333 4334//4334 4335//4335
f 4336//4336 4337//4337 4338//4338
f 4339//4339 4340//4340 4341//4341
f 4342//4342 4343//4343 4344//4344
f 4345//4345 4346//4346 4347//4347
f 4348//4348 4349//4349 4350//4350
f 4351//4351 4352//4352 4353//4353
f 4354//4354 4355//4355 4356//4356
f 4357//4357 4358//4358 4359//4359
f 4360//4360 4361//4361 4362//4362
f 4363//4363 4364//4364 4365//4365
f 4366//4366 4367//4367 4368//4368
f 4369//4369 4370//4370 4371//4371
f 4372//4372 4373//4373 4374//4374
f 4375//4375 4376//4376 4377//4377
f 4378//4378 4379//4379 4380//4380
f 4381//4381 4382//4382 4383//4383
f 4384//4384 4385//4385 4386//4386
f 4387//4387 4388//4388 4389//4389
f 4390//4390 4391//4391 4392//4392
f 4393//4393 4394//4394 4395//4395
f 4396//4396 4397//4397 4398//4398
f 4399//4399 4400//4400 4401//4401
f 4402//4402 4403//4403 4404//4404
f 4405//4405 4406//4406 4407//4407
f 4408//4408 4409//4409 4410//4410
f 4411//4411 4412//4412 4413//4413
f 4414//4414 4415//4415 4416//4416
f 4417//4417 4418//4418 4419//4419
f 4420//4420 4421//4421 4422//4422
f 4423//4423 4424//4424 4425//4425
f 4426//4426 4427//4427 4428//4428
f 4429//4429 4430//4430 4431//4431
f 4432//4432 4433//4433 4434//4434
f 4435//4435 4436//4436 4437//4437
f 4438//4438 4439//4439 4440//4440
f 4441//4441 4442//4442 4443//4443
f 4444//4444 4445//4445 4446//4446
f 4447//4447 4448//4448 4449//4449
f 4450//4450 4451//4451 4452//4452
f 4453//4453 4454//4454 4455//4455
f 4456//4456 4457//4457 4458//4458
f 4200//4200 4202//4202 4459//4459
f 4460//4460 4461//4461 4462//4462
f 4463//4463 4464//4464 4465//4465
f 4466//4466 4467//4467 4468//4468
f 4469//4469 4470//4470 4471//4471
f 4472//4472 4473//4473 4474//4474
f 4475//4475 4476//4476 4477//4477
f 4478//4478 4479//4479 4480//4480
f 4481//4481 4482//4482 4483//4483
f 4484//4484 4485//4485 4486//4486
f 4487//4487 4488//4488 4489//4489
f 4490//4490 4491//4491 4492//4492
f 4493//4493 4494//4494 4495//4495
f 4496//4496 4497//4497 4498//4498
f 4499//4499 4500//4500 4501//4501
f 4502//4502 4503//4503 4504//4504
f 4505//4505 4506//4506 4507//4507
f 4508//4508 4509//4509 4510//4510
f 4511//4511 4512//4512 4513//4513
f 4212//4212 4214//4214 4514//4514
f 4515//4515 4516//4516 4517//4517
f 4518//4518 4519//4519 4520//4520
f 4521//4521 4522//4522 4523//4523
f 4524//4524 4525//4525 4526//4526
f 4527//4527 4528//4528 4529//4529
f 4530//4530 4531//4531 4532//4532
f 4533//4533 4534//4534 4535//4535
f 4536//4536 4537//4537 4538//4538
f 4539//4539 4540//4540 4541//4541
f 4542//4542 4543//4543 4544//4544
f 4545//4545 4546//4546 4547//4547
f 4548//4548 4549//4549 4550//4550
f 4551//4551 4552//4552 4553//4553
f 4554//4554 4555//4555 4556//4556
f 4557//4557 4558//4558 4559//4559
f 4560//4560 4561//4561 4562//4562
f 4563//4563 4564//4564 4565//4565
f 4566//4566 4567//4567 4568//4568
f 4569//4569 4570//4570 4571//4571
f 4572//4572 4573//4573 4574//4574
f 4110//4110 4112//4112 4575//4575
f 4576//4576 4577//4577 4578//4578
f 4579//4579 4580//4580 4581//4581
f 4582//4582 4583//4583 4584//4584
f 4585//4585 4586//4586 4587//4587
f 4588//4588 4589//4589 4590//4590
f 4591//4591 4592//4592 4593//4593
f 4594//4594 4595//4595 4596//4596
f 4597//4597 4598//4598 4599//4599
f 4600//4600 4601//4601 4602//4602
f 4603//4603 4604//4604 4605//4605
f 4606//4606 4607//4607 4608//4608
f 4609//4609 4610//4610 4611//4611
f 4612//4612 4613//4613 4614//4614
f 4615//4615 4616//4616 4617//4617
f 4119//4119 4121//4121 4618//4618
f 4619//4619 4620//4620 4621//4621
f 4622//4622 4623//4623 4624//4624
f 4625//4625 4626//4626 4627//4627
f 4628//4628 4629//4629 4630//4630
f 4631//4631 4632//4632 4633//4633
f 4634//4634 4635//4635 4636//4636
f 4637//4637 4638//4638 4639//4639
f 4640//4640 4641//4641 4642//4642
f 4643//4643 4644//4644 4645//4645
f 4646//4646 4647//4647 4648//4648
f 4649//4649 4650//4650 4651//4651
f 4652//4652 4653//4653 4654//4654
f 4655//4655 4656//4656 4657//4657
f 4658//4658 4659//4659 4660//4660
f 4661//4661 4662//4662 4663//4663
f 4664//4664 4665//4665 4666//4666
f 4667//4667 4668//4668 4669//4669
f 4670//4670 4671//4671 4672//4672
f 4673//4673 4674//4674 4675//4675
f 4676//4676 4677//4677 4678//4678
f 4679//4679 4680//4680 4681//4681
f 4682//4682 4683//4683 4684//4684
f 4685//4685 4686//4686 4687//4687
f 4688//4688 4689//4689 4690//4690
f 4691//4691 4692//4692 4693//4693
f 4694//4694 4695//4695 4696//4696
f 4697//4697 4698//4698 4699//4699
f 4700//4700 4701//4701 4702//4702
f 4703//4703 4704//4704 4705//4705
f 4706//4706 4707//4707 4708//4708
f 4709//4709 4710//4710 4711//4711
f 4712//4712 4713//4713 4714//4714
f 4715//4715 4716//4716 4717//4717
f 4718//4718 4719//4719 4720//4720
f 4721//4721 4722//4722 4723//4723
f 4724//4724 4725//4725 4726//4726
f 4727//4727 4728//4728 4729//4729
f 4730//4730 4731//4731 4732//4732
f 4733//4733 4734//4734 4735//4735
f 4736//4736 4737//4737 4738//4738
f 4739//4739 4740//4740 4741//4741
f 4742//4742 4743//4743 4744//4744
f 4745//4745 4746//4746 4747//4747
f 4748//4748 4749//4749 4750//4750
f 4751//4751 4752//4752 4753//4753
f 4754//4754 4755//4755 4756//4756
f 4757//4757 4758//4758 4759//4759
f 4760//4760 4761//4761 4762//4762
f 4763//4763 4764//4764 4765//4765
f 4766//4766 4767//4767 4768//4768
f 4769//4769 4770//4770 4771//4771
f 4772//4772 4773//4773 4774//4774
f 4775//4775 4776//4776 4777//4777
f 4778//4778 4779//4779 4780//4780
f 4781//4781 4782//4782 4783//4783
f 4784//4784 4785//4785 4786//4786
f 4787//4787 4788//4788 4789//4789
f 4790//4790 4791//4791 4792//4792
f 4793//4793 4794//4794 4795//4795
f 4796//4796 4797//4797 4798//4798
f 4799//4799 4800//4800 4801//4801
f 4802//4802 4803//4803 4804//4804
f 4805//4805 4806//4806 4807//4807
f 4808//4808 4809//4809 4810//4810
f 4811//4811 4812//4812 4813//4813
f 4814//4814 4815//4815 4816//4816
f 4817//4817 4793//4793 4795//4795
f 4818//4818 4819//4819 4820//4820
f 4821//4821 4822//4822 4823//4823
f 4824//4824 4825//4825 4826//4826
f 4827//4827 4828//4828 4829//4829
f 4830//4830 4831//4831 4832//4832
f 4833//4833 4834//4834 4835//4835
f 4836//4836 4837//4837 4838//4838
f 4839//4839 4840//4840 4841//4841
f 4842//4842 4843//4843 4844//4844
f 4845//4845 4846//4846 4847//4847
f 4848//4848 4849//4849 4850//4850
f 4851//4851 4852//4852 4853//4853
f 4854//4854 4855//4855 4856//4856
f 4857//4857 4858//4858 4859//4859
f 4860//4860 4861//4861 4862//4862
f 4863//4863 4864//4864 4865//4865
f 4866//4866 4867//4867 4868//4868
f 4869//4869 4870//4870 4871//4871
f 4872//4872 4873//4873 4874//4874
f 4875//4875 4876//4876 4877//4877
f 4878//4878 4879//4879 4880//4880
f 4881//4881 4882//4882 4883//4883
f 4884//4884 4885//4885 4886//4886
f 4887//4887 4888//4888 4889//4889
f 4890//4890 4891//4891 4892//4892
f 4893//4893 4894//4894 4895//4895
f 4896//4896 4897//4897 4898//4898
f 4896//4896 4898//4898 4899//4899
f 4900//4900 4901//4901 4902//4902
f 4903//4903 4904//4904 4905//4905
f 4906//4906 4907//4907 4908//4908
f 4909//4909 4910//4910 4911//4911
f 4912//4912 4913//4913 4914//4914
f 4915//4915 4916//4916 4917//4917
f 4918//4918 4919//4919 4920//4920
f 4921//4921 4922//4922 4923//4923
f 4924//4924 4925//4925 4926//4926
f 4927//4927 4928//4928 4929//4929
f 4930//4930 4931//4931 4932//4932
f 4933//4933 4934//4934 4935//4935
f 4936//4936 4937//4937 4938//4938
f 4939//4939 4940//4940 4941//4941
f 4942//4942 4943//4943 4944//4944
f 4945//4945 4946//4946 4947//4947
f 4948//4948 4949//4949 4950//4950
f 4951//4951 4952//4952 4953//4953
f 4954//4954 4955//4955 4956//4956
f 4957//4957 4958//4958 4959//4959
f 4960//4960 4961//4961 4962//4962
f 4960//4960 4962//4962 4963//4963
f 4964//4964 4510//4510 4509//4509
f 4965//4965 4966//4966 4967//4967
f 4968//4968 4969//4969 4970//4970
f 4971//4971 4972//4972 4973//4973
f 4974//4974 4975//4975 4976//4976
f 4977//4977 4978//4978 4979//4979
f 4980//4980 4981//4981 4982//4982
f 4983//4983 4984//4984 4985//4985
f 4986//4986 4987//4987 4988//4988
f 4989//4989 4990//4990 4991//4991
f 4992//4992 4993//4993 4994//4994
f 4995//4995 4996//4996 4997//4997
f 4998//4998 4999//4999 5000//5000
f 5001//5001 5002//5002 5003//5003
f 5004//5004 5005//5005 5006//5006
f 5007//5007 5008//5008 5009//5009
f 5010//5010 5011//5011 5012//5012
f 5013//5013 5014//5014 5015//5015
f 5016//5016 5017//5017 5018//5018
f 5019//5019 5020//5020 5021//5021
f 5022//5022 5023//5023 5024//5024
f 5025//5025 5026//5026 5027//5027
f 5028//5028 5029//5029 5030//5030
f 5031//5031 5032//5032 5033//5033
f 5034//5034 5035//5035 5036//5036
f 5037//5037 5038//5038 5039//5039
f 5040//5040 5041//5041 5042//5042
f 5043//5043 5044//5044 5045//5045
f 5046//5046 5047//5047 5048//5048
f 5049//5049 5050//5050 5051//5051
f 5052//5052 5053//5053 5054//5054
f 4107//4107 4109//4109 5055//5055
f 5056//5056 5057//5057 5058//5058
f 5059//5059 5060//5060 5061//5061
f 5062//5062 5063//5063 5064//5064
f 5065//5065 5066//5066 5067//5067
f 5068//5068 5069//5069 5070//5070
f 5071//5071 5072//5072 5073//5073
f 5074//5074 4112//4112 4111//4111
f 5075//5075 5076//5076 5077//5077
f 5078//5078 5079//5079 5080//5080
f 5081//5081 5082//5082 5083//5083
f 5084//5084 5085//5085 5086//5086
f 5087//5087 5088//5088 5089//5089
f 5090//5090 5091//5091 5092//5092
f 5093//5093 5094//5094 5095//5095
f 5096//5096 5097//5097 5098//5098
f 5099//5099 5100//5100 5101//5101
f 5102//5102 5103//5103 5104//5104
f 5105//5105 5106//5106 5107//5107
f 5108//5108 5109//5109 5110//5110
f 5111//5111 5112//5112 5113//5113
f 5114//5114 5115//5115 5116//5116
f 5117//5117 5118//5118 5119//5119
f 5120//5120 5121//5121 5122//5122
f 5123//5123 5124//5124 5125//5125
f 5126//5126 5127//5127 5128//5128
f 5129//5129 5130//5130 5131//5131
f 5132//5132 5133//5133 5134//5134
f 5135//5135 5136//5136 5137//5137
f 5138//5138 5139//5139 5140//5140
f 5141//5141 5142//5142 5143//5143
f 5144//5144 5145//5145 5146//5146
f 5147//5147 5148//5148 5149//5149
f 5150//5150 5151//5151 5152//5152
f 5153//5153 5154//5154 5155//5155
f 5156//5156 5157//5157 5158//5158
f 5159//5159 5160//5160 5161//5161
f 5162//5162 5163//5163 5164//5164
f 5165//5165 5166//5166 5167//5167
f 5168//5168 5169//5169 5170//5170
f 5171//5171 5172//5172 5173//5173
f 5174//5174 5175//5175 5176//5176
f 5177//5177 5178//5178 5179//5179
f 5180//5180 5181//5181 5182//5182
f 5183//5183 5184//5184 5185//5185
f 5186//5186 5187//5187 5188//5188
f 5189//5189 5190//5190 5191//5191
f 5192//5192 5193//5193 5194//5194
f 5195//5195 5196//5196 5197//5197
f 5198//5198 5199//5199 5200//5200
f 5201//5201 5202//5202 5203//5203
f 5204//5204 5205//5205 5206//5206
f 5207//5207 5208//5208 5209//5209
f 5210//5210 5211//5211 5212//5212
f 5213//5213 5214//5214 5215//5215
f 5216//5216 5217//5217 5218//5218
f 4690//4690 5219//5219 4688//4688
f 5220//5220 5221//5221 5222//5222
f 5223//5223 5224//5224 5225//5225
f 5226//5226 5227//5227 5228//5228
f 5229//5229 5230//5230 5231//5231
f 5232//5232 5233//5233 5234//5234
f 5235//5235 5236//5236 5237//5237
f 5238//5238 5239//5239 5240//5240
f 5238//5238 5240//5240 5241//5241
f 5242//5242 5243//5243 5244//5244
f 5245//5245 5246//5246 5247//5247
f 5248//5248 5249//5249 5250//5250
f 5251//5251 5252//5252 5253//5253
f 4371//4371 5254//5254 4369//4369
f 5255//5255 5256//5256 5257//5257
f 5258//5258 5259//5259 5260//5260
f 5261//5261 5262//5262 5263//5263
f 5264//5264 5265//5265 5266//5266
f 5267//5267 5268//5268 5269//5269
f 5270//5270 5271//5271 5272//5272
f 5273//5273 5274//5274 5275//5275
f 5276//5276 5277//5277 5278//5278
f 5279//5279 5280//5280 5281//5281
f 5282//5282 5283//5283 5284//5284
f 5285//5285 5286//5286 5287//5287
f 5288//5288 5289//5289 5290//5290
f 5291//5291 5292//5292 5293//5293
f 5294//5294 5295//5295 5296//5296
f 5297//5297 5298//5298 5299//5299
f 5300//5300 5301//5301 5302//5302
f 5303//5303 5304//5304 5305//5305
f 5306//5306 5307//5307 5308//5308
f 5309//5309 5310//5310 5311//5311
f 5312//5312 5313//5313 5314//5314
f 5315//5315 5316//5316 5317//5317
f 5318//5318 5319//5319 5320//5320
f 5318//5318 5320//5320 5321//5321
f 4179//4179 4181//4181 5322//5322
f 5323//5323 5324//5324 5325//5325
f 5326//5326 5327//5327 5328//5328
f 5329//5329 5330//5330 5331//5331
f 5332//5332 5333//5333 5334//5334
f 5335//5335 5336//5336 5337//5337
f 5338//5338 5339//5339 5340//5340
f 5341//5341 5342//5342 5343//5343
f 5344//5344 5345//5345 5346//5346
f 5347//5347 5348//5348 5349//5349
f 5347//5347 5349//5349 5350//5350
f 5351//5351 5352//5352 5353//5353
f 5354//5354 4860//4860 4862//4862
f 5355//5355 5356//5356 5357//5357
f 5358//5358 5359//5359 5360//5360
f 5361//5361 5362//5362 5363//5363
f 5364//5364 5365//5365 5366//5366
f 5367//5367 5368//5368 5369//5369
f 5370//5370 5371//5371 5372//5372
f 5373//5373 5374//5374 5375//5375
f 5376//5376 5377//5377 5378//5378
f 5379//5379 5380//5380 5381//5381
f 5382//5382 5383//5383 5384//5384
f 5385//5385 5386//5386 5387//5387
f 5388//5388 5389//5389 5390//5390
f 5391//5391 5392//5392 5393//5393
f 5394//5394 5395//5395 5396//5396
f 5396//5396 5395//5395 5397//5397
f 5398//5398 5399//5399 5400//5400
f 5401//5401 5402//5402 5403//5403
f 5404//5404 5405//5405 5406//5406
f 5407//5407 5408//5408 5409//5409
f 5410//5410 5411//5411 5412//5412
f 5413//5413 5414//5414 5415//5415
f 5416//5416 5417//5417 5418//5418
f 5419//5419 5420//5420 5421//5421
f 5422//5422 5423//5423 5424//5424
f 5425//5425 5426//5426 5427//5427
f 5428//5428 5429//5429 5430//5430
f 5431//5431 5432//5432 5433//5433
f 5434//5434 5435//5435 5436//5436
f 5437//5437 5438//5438 5439//5439
f 5440//5440 5441//5441 5442//5442
f 5443//5443 5444//5444 5445//5445
f 5446//5446 5447//5447 5448//5448
f 5449//5449 5450//5450 5451//5451
f 5452//5452 5453//5453 5454//5454
f 5454//5454 5453//5453 5455//5455
f 5456//5456 5457//5457 5458//5458
f 5459//5459 5460//5460 5461//5461
f 5462//5462 5463//5463 5464//5464
f 5465//5465 5466//5466 5467//5467
f 5468//5468 5469//5469 5470//5470
f 5471//5471 5472//5472 5473//5473
f 5474//5474 5475//5475 5476//5476
f 5477//5477 5478//5478 5479//5479
f 5480//5480 5481//5481 5482//5482
f 5483//5483 5484//5484 5485//5485
f 5486//5486 5487//5487 5488//5488
f 5489//5489 5490//5490 5491//5491
f 5492//5492 5493//5493 5494//5494
f 5495//5495 5496//5496 5497//5497
f 5498//5498 5499//5499 5500//5500
f 5501//5501 5502//5502 5503//5503
f 5504//5504 5505//5505 5506//5506
f 5507//5507 5508//5508 5509//5509
f 5510//5510 5511//5511 5512//5512
f 5513//5513 5514//5514 5515//5515
f 5516//5516 5517//5517 5518//5518
f 5519//5519 5520//5520 5521//5521
f 5522//5522 5523//5523 5524//5524
f 5525//5525 5526//5526 5527//5527
f 5528//5528 5529//5529 5530//5530
f 5531//5531 5532//5532 5533//5533
f 5534//5534 5535//5535 5536//5536
f 5536//5536 5535//5535 5537//5537
f 5538//5538 5539//5539 5540//5540
f 5541//5541 5542//5542 5543//5543
f 5544//5544 5545//5545 5546//5546
f 5547//5547 5548//5548 5549//5549
f 5550//5550 5551//5551 5552//5552
f 5553//5553 5554//5554 5555//5555
f 5556//5556 5557//5557 5558//5558
f 5559//5559 5560//5560 5561//5561
f 5562//5562 5563//5563 5564//5564
f 5565//5565 5566//5566 5567//5567
f 5568//5568 5569//5569 5570//5570
f 5571//5571 5572//5572 5573//5573
f 5574//5574 5575//5575 5576//5576
f 5577//5577 5578//5578 5579//5579
f 5580//5580 5581//5581 5582//5582
f 5582//5582 5581//5581 5583//5583
f 5584//5584 5585//5585 5586//5586
f 5586//5586 5585//5585 5587//5587
f 5588//5588 5589//5589 5590//5590
f 5591//5591 5592//5592 5593//5593
f 5594//5594 5595//5595 5596//5596
f 5597//5597 5598//5598 5599//5599
f 5600//5600 5601//5601 5602//5602
f 5603//5603 5604//5604 5605//5605
f 5606//5606 5607//5607 5608//5608
f 5609//5609 5610//5610 5611//5611
f 5612//5612 5613//5613 5614//5614
f 5615//5615 5616//5616 5617//5617
f 5618//5618 5619//5619 5620//5620
f 5620//5620 5619//5619 5621//5621
f 5622//5622 5623//5623 5624//5624
f 5625//5625 5626//5626 5627//5627
f 5628//5628 5629//5629 5630//5630
f 5631//5631 5632//5632 5633//5633
f 5634//5634 5635//5635 5636//5636
f 5637//5637 5638//5638 5639//5639
f 5640//5640 5641//5641 5642//5642
f 5643//5643 5644//5644 5645//5645
f 5646//5646 5647//5647 5648//5648
f 5649//5649 5650//5650 5651//5651
f 5652//5652 5653//5653 5654//5654
f 5655//5655 5656//5656 5657//5657
f 5658//5658 5659//5659 5660//5660
f 5661//5661 5662//5662 5663//5663
f 5664//5664 5665//5665 5666//5666
f 5667//5667 5668//5668 5669//5669
f 5670//5670 5671//5671 5672//5672
f 5673//5673 5674//5674 5675//5675
f 5676//5676 5677//5677 5678//5678
f 5679//5679 5680//5680 5681//5681
f 5682//5682 5683//5683 5684//5684
f 5684//5684 5683//5683 5685//5685
f 5686//5686 5687//5687 5688//5688
f 5689//5689 5690//5690 5691//5691
f 5692//5692 5693//5693 5694//5694
f 5695//5695 5696//5696 5697//5697
f 5698//5698 5699//5699 5700//5700
f 5701//5701 5702//5702 5703//5703
f 5704//5704 5705//5705 5706//5706
f 5707//5707 5708//5708 5709//5709
f 5710//5710 5711//5711 5712//5712
f 5713//5713 5714//5714 5715//5715
f 5716//5716 5717//5717 5718//5718
f 5719//5719 5720//5720 5721//5721
f 5722//5722 5723//5723 5724//5724
f 5725//5725 5726//5726 5727//5727
f 5728//5728 5729//5729 5730//5730
f 5731//5731 5732//5732 5733//5733
f 5734//5734 5735//5735 5736//5736
f 5737//5737 5738//5738 5739//5739
f 5740//5740 5741//5741 5742//5742
f 5742//5742 5741//5741 5743//5743
f 5744//5744 5745//5745 5746//5746
f 5747//5747 5748//5748 5749//5749
f 5750//5750 5751//5751 5752//5752
f 5753//5753 5754//5754 5755//5755
f 5756//5756 5757//5757 5758//5758
f 5759//5759 5760//5760 5761//5761
f 5762//5762 5763//5763 5764//5764
f 5765//5765 5766//5766 5767//5767
f 5768//5768 5769//5769 5770//5770
f 5771//5771 5772//5772 5773//5773
f 5774//5774 5775//5775 5776//5776
f 5777//5777 5778//5778 5779//5779
f 5780//5780 5781//5781 5782//5782
f 5783//5783 5784//5784 5785//5785
f 5786//5786 5787//5787 5788//5788
f 5789//5789 5790//5790 5791//5791
f 5792//5792 5793//5793 5794//5794
f 5795//5795 5796//5796 5797//5797
f 5798//5798 5799//5799 5800//5800
f 5801//5801 5802//5802 5803//5803
f 5804//5804 5805//5805 5806//5806
f 5807//5807 5808//5808 5809//5809
f 5810//5810 5811//5811 5812//5812
f 5813//5813 5814//5814 5815//5815
f 5816//5816 5817//5817 5818//5818
f 5819//5819 5820//5820 5821//5821
f 5822//5822 5823//5823 5824//5824
f 5825//5825 5826//5826 5827//5827
f 5828//5828 5829//5829 5830//5830
f 5831//5831 5832//5832 5833//5833
f 5834//5834 5835//5835 5836//5836
f 5837//5837 5838//5838 5839//5839
f 5840//5840 5841//5841 5842//5842
f 5843//5843 5844//5844 5845//5845
f 5846//5846 5847//5847 5848//5848
f 5849//5849 5850//5850 5851//5851
f 5852//5852 5853//5853 5854//5854
f 5855//5855 5856//5856 5857//5857
f 5858//5858 5859//5859 5860//5860
f 5861//5861 5862//5862 5863//5863
f 5864//5864 5865//5865 5866//5866
f 5867//5867 5868//5868 5869//5869
f 5870//5870 5871//5871 5872//5872
f 5873//5873 5874//5874 5875//5875
f 5876//5876 5877//5877 5878//5878
f 5879//5879 5880//5880 5881//5881
f 5882//5882 5883//5883 5884//5884
f 5885//5885 5886//5886 5887//5887
f 5888//5888 5889//5889 5890//5890
f 5891//5891 5892//5892 5893//5893
f 5894//5894 5895//5895 5896//5896
f 5897//5897 5898//5898 5899//5899
f 5900//5900 5901//5901 5902//5902
f 5903//5903 5904//5904 5905//5905
f 5906//5906 5907//5907 5908//5908
f 5909//5909 5910//5910 5911//5911
f 5912//5912 5913//5913 5914//5914
f 5915//5915 5916//5916 5917//5917
f 5918//5918 5919//5919 5920//5920
f 5921//5921 5922//5922 5923//5923
f 5924//5924 5925//5925 5926//5926
f 5927//5927 5928//5928 5929//5929
f 5930//5930 5931//5931 5932//5932
f 5933//5933 5934//5934 5935//5935
f 5936//5936 5937//5937 5938//5938
f 5939//5939 5940//5940 5941//5941
f 5942//5942 5943//5943 5944//5944
f 5945//5945 5946//5946 5947//5947
f 5948//5948 5949//5949 5950//5950
f 5951//5951 5952//5952 5953//5953
f 5954//5954 5955//5955 5956//5956
f 5957//5957 5958//5958 5959//5959
f 5960//5960 5961//5961 5962//5962
f 5963//5963 5964//5964 5965//5965
f 5966//5966 5967//5967 5968//5968
f 5969//5969 5970//5970 5971//5971
f 5972//5972 5973//5973 5974//5974
f 5975//5975 5976//5976 5977//5977
f 5978//5978 5979//5979 5980//5980
f 5981//5981 5982//5982 5983//5983
f 5984//5984 5985//5985 5986//5986
f 5987//5987 5988//5988 5989//5989
f 5990//5990 5991//5991 5992//5992
f 5993//5993 5994//5994 5995//5995
f 5996//5996 5997//5997 5998//5998
f 5999//5999 6000//6000 6001//6001
f 6002//6002 6003//6003 6004//6004
f 6005//6005 6006//6006 6007//6007
f 6008//6008 6009//6009 6010//6010
f 6011//6011 6012//6012 6013//6013
f 6014//6014 6015//6015 6016//6016
f 6017//6017 6018//6018 6019//6019
f 6020//6020 6021//6021 6022//6022
f 6023//6023 6024//6024 6025//6025
f 6026//6026 6027//6027 6028//6028
f 6029//6029 6030//6030 6031//6031
f 6032//6032 6033//6033 6034//6034
f 6035//6035 6036//6036 6037//6037
f 6038//6038 6039//6039 6040//6040
f 6041//6041 6042//6042 6043//6043
f 6044//6044 6045//6045 6046//6046
f 6047//6047 6048//6048 6049//6049
f 6050//6050 6051//6051 6052//6052
f 6053//6053 6054//6054 6055//6055
f 6056//6056 6057//6057 6058//6058
f 6059//6059 6060//6060 6061//6061
f 6062//6062 6063//6063 6064//6064
f 6065//6065 6066//6066 6067//6067
f 6068//6068 6069//6069 6070//6070
f 6071//6071 6072//6072 6073//6073
f 6074//6074 6075//6075 6076//6076
f 6077//6077 6078//6078 6079//6079
f 6080//6080 6081//6081 6082//6082
f 6083//6083 6084//6084 6085//6085
f 6086//6086 6087//6087 6088//6088
f 6089//6089 6090//6090 6091//6091
f 6092//6092 6093//6093 6094//6094
f 6095//6095 6096//6096 6097//6097
f 6098//6098 6099//6099 6100//6100
f 6101//6101 6102//6102 6103//6103
f 6103//6103 6102//6102 6104//6104
f 6105//6105 6106//6106 6107//6107
f 6108//6108 6109//6109 6110//6110
f 6111//6111 6112//6112 6113//6113
f 6114//6114 6115//6115 6116//6116
f 6117//6117 6118//6118 6119//6119
f 6120//6120 6121//6121 6122//6122
f 6123//6123 6124//6124 6125//6125
f 6126//6126 6127//6127 6128//6128
f 6129//6129 6130//6130 6131//6131
f 6132//6132 6133//6133 6134//6134
f 6135//6135 6136//6136 6137//6137
f 6138//6138 6139//6139 6140//6140
f 6141//6141 6142//6142 6143//6143
f 6144//6144 6145//6145 6146//6146
f 6146//6146 6145//6145 6147//6147
f 6148//6148 6149//6149 6150//6150
f 6150//6150 6149//6149 6151//6151
f 6152//6152 6153//6153 6154//6154
f 6155//6155 6156//6156 6157//6157
f 6158//6158 6159//6159 6160//6160
f 6161//6161 6162//6162 6163//6163
f 6164//6164 6165//6165 6166//6166
f 6167//6167 6168//6168 6169//6169
f 6170//6170 6171//6171 6172//6172
f 6173//6173 6174//6174 6175//6175
f 6176//6176 6177//6177 6178//6178
f 6178//6178 6177//6177 6179//6179
f 6180//6180 6181//6181 6182//6182
f 6183//6183 6184//6184 6185//6185
f 6186//6186 6187//6187 6188//6188
f 6189//6189 6190//6190 6191//6191
f 6192//6192 6193//6193 6194//6194
f 6195//6195 6196//6196 6197//6197
f 6198//6198 6199//6199 6200//6200
f 6201//6201 6202//6202 6203//6203
f 6204//6204 6205//6205 6206//6206
f 6207//6207 6208//6208 6209//6209
f 6210//6210 6211//6211 6212//6212
f 6212//6212 6211//6211 6213//6213
f 6214//6214 6215//6215 6216//6216

