# https://github.com/mikedh/trimesh
v -0.03461720 -0.04662853 0.07318413
v -0.03149209 -0.04877993 0.07309698
v -0.02821540 -0.05075646 0.07310018
v -0.02117228 -0.05409117 0.07310251
v -0.01569435 -0.05596030 0.07309698
v -0.01365124 -0.05666200 0.07316035
v -0.01365124 -0.05666200 0.07316035
v -0.01569435 -0.05596030 0.07309698
v -0.01002627 -0.05722142 0.07310116
v -0.00618280 -0.05778231 0.07318447
v -0.00233961 -0.05804736 0.07309698
v -0.00000003 -0.05820101 0.07309698
v -0.00000003 -0.05820101 0.07309698
v -0.00233961 -0.05804736 0.07309698
v 0.00152927 -0.05807446 0.07309698
v -0.00000003 -0.05820101 0.07309698
v 0.00152927 -0.05807446 0.07309698
v 0.00538326 -0.05784539 0.07309778
v -0.05339701 -0.02312211 0.07315112
v -0.05420225 -0.02063496 0.07309945
v -0.05185210 -0.02594963 0.07309697
v -0.05339701 -0.02312211 0.07315112
v -0.05185210 -0.02594963 0.07309697
v -0.05003239 -0.02933241 0.07309817
v 0.05778566 0.00357417 0.07317650
v 0.05742892 0.00711269 0.07309697
v 0.05685271 0.01082180 0.07317289
v 0.01693876 0.05538420 0.07314946
v 0.01938880 0.05438271 0.07309910
v 0.01381467 0.05601870 0.07309697
v 0.01693876 0.05538420 0.07314946
v 0.01381467 0.05601870 0.07309697
v 0.01005165 0.05681382 0.07309766
v -0.03999433 0.04168164 0.07318436
v -0.04266348 0.03893158 0.07309697
v -0.04511694 0.03610570 0.07317509
v 0.03154106 -0.04900771 0.07314776
v 0.02916677 -0.05024861 0.07309876
v 0.03401367 -0.04704890 0.07309698
v 0.03154106 -0.04900771 0.07314776
v 0.03401367 -0.04704890 0.07309698
v 0.03705413 -0.04468529 0.07309725
v 0.05155503 -0.02658164 0.07318361
v 0.05313949 -0.02317516 0.07309697
v 0.05454643 -0.01960611 0.07309878
v -0.01312236 0.05620402 0.07318391
v -0.01676472 0.05521063 0.07309697
v -0.02039410 0.05398261 0.07309946
v -0.02749572 0.05075262 0.07310320
v -0.03244761 0.04778240 0.07309697
v -0.03602943 0.04515445 0.07315025
v -0.02411886 -0.05283305 0.35089245
v -0.02756612 -0.05111048 0.35089333
v -0.02899966 -0.05043058 0.35089333
v -0.02899966 -0.05043058 0.35089333
v -0.02756612 -0.05111048 0.35089333
v -0.03090489 -0.04915559 0.35089333
v -0.02899966 -0.05043058 0.35089333
v -0.03090489 -0.04915559 0.35089333
v -0.03418462 -0.04694099 0.35082525
v -0.04972965 -0.02984752 0.35088836
v -0.05241994 -0.02484887 0.35089333
v -0.05331675 -0.02321046 0.35080373
v -0.05331675 -0.02321046 0.35080373
v -0.05241994 -0.02484887 0.35089333
v -0.05458924 -0.01948436 0.35088854
v 0.05731305 -0.00838856 0.07309744
v 0.05664438 -0.01139396 0.07608890
v 0.05663829 -0.01219720 0.07309934
v 0.05663829 -0.01219720 0.07309934
v 0.05664438 -0.01139396 0.07608890
v 0.05440668 -0.01956913 0.07606437
v 0.05663829 -0.01219720 0.07309934
v 0.05440668 -0.01956913 0.07606437
v 0.05454643 -0.01960611 0.07309878
v 0.05454643 -0.01960611 0.07309878
v 0.05440668 -0.01956913 0.07606437
v 0.05155503 -0.02658164 0.07318361
v 0.04962475 -0.03002050 0.07309933
v 0.05155503 -0.02658164 0.07318361
v 0.04751444 -0.03327948 0.07309902
v 0.04751444 -0.03327948 0.07309902
v 0.05155503 -0.02658164 0.07318361
v 0.04770694 -0.03273659 0.07602308
v 0.04751444 -0.03327948 0.07309902
v 0.04770694 -0.03273659 0.07602308
v 0.04515809 -0.03643103 0.07309854
v 0.04770694 -0.03273659 0.07602308
v 0.04309027 -0.03862121 0.07610402
v 0.04515809 -0.03643103 0.07309854
v 0.04515809 -0.03643103 0.07309854
v 0.04309027 -0.03862121 0.07610402
v 0.04262976 -0.03937424 0.07310028
v 0.04262976 -0.03937424 0.07310028
v 0.04309027 -0.03862121 0.07610402
v 0.03702489 -0.04453293 0.07606869
v 0.04262976 -0.03937424 0.07310028
v 0.03702489 -0.04453293 0.07606869
v 0.03705413 -0.04468529 0.07309725
v 0.03705413 -0.04468529 0.07309725
v 0.03702489 -0.04453293 0.07606869
v 0.03154106 -0.04900771 0.07314776
v 0.02916677 -0.05024861 0.07309876
v 0.03154106 -0.04900771 0.07314776
v 0.02405647 -0.05286176 0.07309962
v 0.02405647 -0.05286176 0.07309962
v 0.03154106 -0.04900771 0.07314776
v 0.02435737 -0.05255025 0.07603467
v 0.02405647 -0.05286176 0.07309962
v 0.02435737 -0.05255025 0.07603467
v 0.02041142 -0.05437867 0.07310179
v 0.02041142 -0.05437867 0.07310179
v 0.02435737 -0.05255025 0.07603467
v 0.01696390 -0.05557369 0.07318624
v 0.01696390 -0.05557369 0.07318624
v 0.01001288 -0.05708220 0.07607348
v 0.00926943 -0.05734977 0.07310187
v 0.00926943 -0.05734977 0.07310187
v 0.01001288 -0.05708220 0.07607348
v 0.00538326 -0.05784539 0.07309778
v 0.00538326 -0.05784539 0.07309778
v 0.01001288 -0.05708220 0.07607348
v 0.00150991 -0.05792735 0.07606957
v 0.00538326 -0.05784539 0.07309778
v 0.00150991 -0.05792735 0.07606957
v -0.00000003 -0.05820101 0.07309698
v -0.00000003 -0.05820101 0.07309698
v 0.00150991 -0.05792735 0.07606957
v -0.00618280 -0.05778231 0.07318447
v -0.01002627 -0.05722142 0.07310116
v -0.00618280 -0.05778231 0.07318447
v -0.01365124 -0.05666200 0.07316035
v -0.01365124 -0.05666200 0.07316035
v -0.02029688 -0.05426020 0.07608680
v -0.02117228 -0.05409117 0.07310251
v -0.02117228 -0.05409117 0.07310251
v -0.02029688 -0.05426020 0.07608680
v -0.02804490 -0.05068298 0.07606859
v -0.02117228 -0.05409117 0.07310251
v -0.02804490 -0.05068298 0.07606859
v -0.02821540 -0.05075646 0.07310018
v -0.02821540 -0.05075646 0.07310018
v -0.02804490 -0.05068298 0.07606859
v -0.03461720 -0.04662853 0.07318413
v -0.03766878 -0.04416581 0.07310014
v -0.03461720 -0.04662853 0.07318413
v -0.04053753 -0.04153525 0.07309925
v -0.04053753 -0.04153525 0.07309925
v -0.03461720 -0.04662853 0.07318413
v -0.03991155 -0.04191949 0.07608796
v -0.04053753 -0.04153525 0.07309925
v -0.03991155 -0.04191949 0.07608796
v -0.04324812 -0.03869099 0.07309778
v -0.03991155 -0.04191949 0.07608796
v -0.04509745 -0.03625314 0.07609432
v -0.04324812 -0.03869099 0.07309778
v -0.04324812 -0.03869099 0.07309778
v -0.04509745 -0.03625314 0.07609432
v -0.04572406 -0.03571377 0.07309971
v -0.04572406 -0.03571377 0.07309971
v -0.04509745 -0.03625314 0.07609432
v -0.04991566 -0.02925102 0.07606405
v -0.04572406 -0.03571377 0.07309971
v -0.04991566 -0.02925102 0.07606405
v -0.05003239 -0.02933241 0.07309817
v -0.05003239 -0.02933241 0.07309817
v -0.04991566 -0.02925102 0.07606405
v -0.05339701 -0.02312211 0.07315112
v -0.05420225 -0.02063496 0.07309945
v -0.05339701 -0.02312211 0.07315112
v -0.05593360 -0.01514194 0.07309912
v -0.05593360 -0.01514194 0.07309912
v -0.05339701 -0.02312211 0.07315112
v -0.05564215 -0.01563430 0.07602652
v -0.05593360 -0.01514194 0.07309912
v -0.05564215 -0.01563430 0.07602652
v -0.05682036 -0.01130452 0.07309892
v -0.05564215 -0.01563430 0.07602652
v -0.05717367 -0.00827936 0.07608738
v -0.05682036 -0.01130452 0.07309892
v -0.05682036 -0.01130452 0.07309892
v -0.05717367 -0.00827936 0.07608738
v -0.05743404 -0.00748425 0.07310410
v -0.05743404 -0.00748425 0.07310410
v -0.05717367 -0.00827936 0.07608738
v -0.05789788 -0.00009446 0.07309916
v -0.05789788 -0.00009446 0.07309916
v -0.05717367 -0.00827936 0.07608738
v -0.05773846 -0.00034191 0.07603428
v -0.05789788 -0.00009446 0.07309916
v -0.05773846 -0.00034191 0.07603428
v -0.05773502 0.00409250 0.07309752
v -0.05773502 0.00409250 0.07309752
v -0.05773846 -0.00034191 0.07603428
v -0.05717172 0.00789177 0.07609185
v -0.05773502 0.00409250 0.07309752
v -0.05717172 0.00789177 0.07609185
v -0.05704961 0.00983493 0.07309841
v -0.05704961 0.00983493 0.07309841
v -0.05717172 0.00789177 0.07609185
v -0.05574866 0.01541533 0.07309998
v -0.05574866 0.01541533 0.07309998
v -0.05717172 0.00789177 0.07609185
v -0.05570793 0.01496647 0.07603798
v -0.05574866 0.01541533 0.07309998
v -0.05570793 0.01496647 0.07603798
v -0.05455303 0.01918219 0.07310163
v -0.05455303 0.01918219 0.07310163
v -0.05570793 0.01496647 0.07603798
v -0.05324290 0.02258149 0.07318255
v -0.03602943 0.04515445 0.07315025
v -0.02802597 0.05028626 0.07607318
v -0.02749572 0.05075262 0.07310320
v -0.02749572 0.05075262 0.07310320
v -0.02802597 0.05028626 0.07607318
v -0.02032869 0.05385114 0.07606527
v -0.02749572 0.05075262 0.07310320
v -0.02032869 0.05385114 0.07606527
v -0.02039410 0.05398261 0.07309946
v -0.02039410 0.05398261 0.07309946
v -0.02032869 0.05385114 0.07606527
v -0.01312236 0.05620402 0.07318391
v -0.00926054 0.05694731 0.07309975
v -0.01312236 0.05620402 0.07318391
v -0.00540478 0.05743973 0.07309905
v -0.00540478 0.05743973 0.07309905
v -0.01312236 0.05620402 0.07318391
v -0.00594286 0.05723929 0.07601815
v -0.00540478 0.05743973 0.07309905
v -0.00594286 0.05723929 0.07601815
v -0.00147983 0.05767419 0.07309815
v -0.00594286 0.05723929 0.07601815
v 0.00155342 0.05751065 0.07609935
v -0.00147983 0.05767419 0.07309815
v -0.00147983 0.05767419 0.07309815
v 0.00155342 0.05751065 0.07609935
v 0.00239632 0.05764323 0.07310002
v 0.00239632 0.05764323 0.07310002
v 0.00155342 0.05751065 0.07609935
v 0.00999089 0.05668182 0.07607448
v 0.00239632 0.05764323 0.07310002
v 0.00999089 0.05668182 0.07607448
v 0.01005165 0.05681382 0.07309766
v 0.01005165 0.05681382 0.07309766
v 0.00999089 0.05668182 0.07607448
v 0.01693876 0.05538420 0.07314946
v 0.01938880 0.05438271 0.07309910
v 0.01693876 0.05538420 0.07314946
v 0.02469265 0.05216284 0.07309933
v 0.02469265 0.05216284 0.07309933
v 0.01693876 0.05538420 0.07314946
v 0.02427655 0.05218618 0.07603181
v 0.02469265 0.05216284 0.07309933
v 0.02427655 0.05218618 0.07603181
v 0.02819901 0.05036141 0.07309928
v 0.03766105 0.04376929 0.07310126
v 0.03151365 0.04836351 0.07310287
v 0.03089944 0.04858029 0.07606942
v 0.03089944 0.04858029 0.07606942
v 0.03151365 0.04836351 0.07310287
v 0.02819901 0.05036141 0.07309928
v 0.03089944 0.04858029 0.07606942
v 0.02819901 0.05036141 0.07309928
v 0.02427655 0.05218618 0.07603181
v 0.03089944 0.04858029 0.07606942
v 0.03700044 0.04415119 0.07606734
v 0.03766105 0.04376929 0.07310126
v 0.03766105 0.04376929 0.07310126
v 0.03700044 0.04415119 0.07606734
v 0.04054921 0.04112045 0.07309767
v 0.04054921 0.04112045 0.07309767
v 0.03700044 0.04415119 0.07606734
v 0.04312092 0.03820578 0.07606874
v 0.04054921 0.04112045 0.07309767
v 0.04312092 0.03820578 0.07606874
v 0.04449620 0.03688559 0.07309807
v 0.04449620 0.03688559 0.07309807
v 0.04312092 0.03820578 0.07606874
v 0.04797463 0.03223529 0.07318459
v 0.05001991 0.02894905 0.07310142
v 0.04797463 0.03223529 0.07318459
v 0.05181021 0.02566417 0.07316798
v 0.05789332 -0.00057282 0.07309611
v 0.05778566 0.00357417 0.07317650
v 0.05772207 -0.00342229 0.07595929
v 0.05789332 -0.00057282 0.07309611
v 0.05772207 -0.00342229 0.07595929
v 0.05773550 -0.00448667 0.07309796
v 0.05773550 -0.00448667 0.07309796
v 0.05772207 -0.00342229 0.07595929
v 0.05731305 -0.00838856 0.07309744
v 0.05731305 -0.00838856 0.07309744
v 0.05772207 -0.00342229 0.07595929
v 0.05664438 -0.01139396 0.07608890
v 0.03752625 -0.04428855 0.35088946
v 0.03700045 -0.04455473 0.34792309
v 0.04047142 -0.04160017 0.35089275
v 0.04047142 -0.04160017 0.35089275
v 0.03700045 -0.04455473 0.34792309
v 0.04312090 -0.03860935 0.34792169
v 0.04047142 -0.04160017 0.35089275
v 0.04312090 -0.03860935 0.34792169
v 0.04321013 -0.03873399 0.35088674
v 0.04321013 -0.03873399 0.35088674
v 0.04312090 -0.03860935 0.34792169
v 0.04564501 -0.03581413 0.35089354
v 0.04564501 -0.03581413 0.35089354
v 0.04312090 -0.03860935 0.34792169
v 0.04780341 -0.03269615 0.34806549
v 0.04564501 -0.03581413 0.35089354
v 0.04780341 -0.03269615 0.34806549
v 0.04996777 -0.02944232 0.35088884
v 0.04996777 -0.02944232 0.35088884
v 0.04780341 -0.03269615 0.34806549
v 0.05178987 -0.02610376 0.35082174
v 0.03700045 -0.04455473 0.34792309
v 0.03752625 -0.04428855 0.35088946
v 0.03105276 -0.04890552 0.34799569
v 0.03105276 -0.04890552 0.34799569
v 0.03752625 -0.04428855 0.35088946
v 0.03302432 -0.04779124 0.35089214
v 0.03105276 -0.04890552 0.34799569
v 0.03302432 -0.04779124 0.35089214
v 0.02810079 -0.05081981 0.35089223
v 0.02106641 -0.05412768 0.35089113
v 0.02453874 -0.05249093 0.34796167
v 0.02810079 -0.05081981 0.35089223
v 0.02810079 -0.05081981 0.35089223
v 0.02453874 -0.05249093 0.34796167
v 0.03105276 -0.04890552 0.34799569
v 0.00028267 -0.05812702 0.35089144
v 0.00155347 -0.05791417 0.34789099
v 0.00604783 -0.05777953 0.35089284
v 0.00604783 -0.05777953 0.35089284
v 0.00155347 -0.05791417 0.34789099
v 0.00999093 -0.05708534 0.34791589
v 0.00604783 -0.05777953 0.35089284
v 0.00999093 -0.05708534 0.34791589
v 0.00995117 -0.05723461 0.35089254
v 0.00995117 -0.05723461 0.35089254
v 0.00999093 -0.05708534 0.34791589
v 0.01371366 -0.05644844 0.35089315
v 0.01371366 -0.05644844 0.35089315
v 0.00999093 -0.05708534 0.34791589
v 0.01738021 -0.05525411 0.34789459
v 0.01371366 -0.05644844 0.35089315
v 0.01738021 -0.05525411 0.34789459
v 0.02106641 -0.05412768 0.35089113
v 0.02106641 -0.05412768 0.35089113
v 0.01738021 -0.05525411 0.34789459
v 0.02453874 -0.05249093 0.34796167
v -0.02899966 -0.05043058 0.35089333
v -0.02802587 -0.05068983 0.34791717
v -0.02411886 -0.05283305 0.35089245
v -0.02411886 -0.05283305 0.35089245
v -0.02802587 -0.05068983 0.34791717
v -0.02032871 -0.05425466 0.34792508
v -0.02411886 -0.05283305 0.35089245
v -0.02032871 -0.05425466 0.34792508
v -0.02047484 -0.05435507 0.35089074
v -0.02047484 -0.05435507 0.35089074
v -0.02032871 -0.05425466 0.34792508
v -0.01685328 -0.05558866 0.35089373
v -0.01685328 -0.05558866 0.35089373
v -0.02032871 -0.05425466 0.34792508
v -0.01295648 -0.05648308 0.34791757
v -0.01685328 -0.05558866 0.35089373
v -0.01295648 -0.05648308 0.34791757
v -0.00934320 -0.05733732 0.35089043
v -0.00934320 -0.05733732 0.35089043
v -0.01295648 -0.05648308 0.34791757
v -0.00551106 -0.05783315 0.35089126
v -0.00551106 -0.05783315 0.35089126
v -0.01295648 -0.05648308 0.34791757
v -0.00594286 -0.05764283 0.34797220
v -0.00551106 -0.05783315 0.35089126
v -0.00594286 -0.05764283 0.34797220
v 0.00028267 -0.05812702 0.35089144
v 0.00028267 -0.05812702 0.35089144
v -0.00594286 -0.05764283 0.34797220
v 0.00155347 -0.05791417 0.34789099
v -0.04972965 -0.02984752 0.35088836
v -0.04991217 -0.02925191 0.34791168
v -0.04756164 -0.03321179 0.35089245
v -0.04756164 -0.03321179 0.35089245
v -0.04991217 -0.02925191 0.34791168
v -0.04507642 -0.03628983 0.34790549
v -0.04756164 -0.03321179 0.35089245
v -0.04507642 -0.03628983 0.34790549
v -0.04519553 -0.03638459 0.35088845
v -0.04519553 -0.03638459 0.35088845
v -0.04507642 -0.03628983 0.34790549
v -0.04271652 -0.03927896 0.35089385
v -0.04271652 -0.03927896 0.35089385
v -0.04507642 -0.03628983 0.34790549
v -0.03978746 -0.04208785 0.34796118
v -0.04271652 -0.03927896 0.35089385
v -0.03978746 -0.04208785 0.34796118
v -0.03714912 -0.04460590 0.35088933
v -0.03714912 -0.04460590 0.35088933
v -0.03978746 -0.04208785 0.34796118
v -0.03418462 -0.04694099 0.35082525
v -0.02899966 -0.05043058 0.35089333
v -0.03418462 -0.04694099 0.35082525
v -0.02802587 -0.05068983 0.34791717
v -0.04991217 -0.02925191 0.34791168
v -0.04972965 -0.02984752 0.35088836
v -0.05331675 -0.02321046 0.35080373
v -0.05331675 -0.02321046 0.35080373
v -0.05458924 -0.01948436 0.35088854
v -0.05570794 -0.01536998 0.34795239
v -0.05570794 -0.01536998 0.34795239
v -0.05458924 -0.01948436 0.35088854
v -0.05666383 -0.01207280 0.35089315
v -0.05570794 -0.01536998 0.34795239
v -0.05666383 -0.01207280 0.35089315
v -0.05717174 -0.00829526 0.34789850
v -0.05717174 -0.00829526 0.34789850
v -0.05666383 -0.01207280 0.35089315
v -0.05755099 -0.00673087 0.35088625
v -0.05717174 -0.00829526 0.34789850
v -0.05755099 -0.00673087 0.35088625
v -0.05773848 -0.00006165 0.34795608
v -0.05773848 -0.00006165 0.34795608
v -0.05755099 -0.00673087 0.35088625
v -0.05790132 -0.00095884 0.35089064
v -0.05773848 -0.00006165 0.34795608
v -0.05790132 -0.00095884 0.35089064
v -0.05717369 0.00787578 0.34790298
v -0.05717369 0.00787578 0.34790298
v -0.05790132 -0.00095884 0.35089064
v -0.05765697 0.00535756 0.35089165
v -0.05717369 0.00787578 0.34790298
v -0.05765697 0.00535756 0.35089165
v -0.05679823 0.01101495 0.35089214
v -0.05478268 0.01852437 0.35089125
v -0.05569838 0.01516054 0.34804318
v -0.05679823 0.01101495 0.35089214
v -0.05679823 0.01101495 0.35089214
v -0.05569838 0.01516054 0.34804318
v -0.05717369 0.00787578 0.34790298
v -0.04441856 0.03697897 0.35089174
v -0.04509752 0.03584956 0.34789608
v -0.04787836 0.03234732 0.35089263
v -0.04787836 0.03234732 0.35089263
v -0.04509752 0.03584956 0.34789608
v -0.04991567 0.02884749 0.34792626
v -0.04787836 0.03234732 0.35089263
v -0.04991567 0.02884749 0.34792626
v -0.04998329 0.02901224 0.35089205
v -0.04998329 0.02901224 0.35089205
v -0.04991567 0.02884749 0.34792626
v -0.05180857 0.02563674 0.35089333
v -0.05180857 0.02563674 0.35089333
v -0.04991567 0.02884749 0.34792626
v -0.05322363 0.02215348 0.34788119
v -0.05180857 0.02563674 0.35089333
v -0.05322363 0.02215348 0.34788119
v -0.05478268 0.01852437 0.35089125
v -0.05478268 0.01852437 0.35089125
v -0.05322363 0.02215348 0.34788119
v -0.05569838 0.01516054 0.34804318
v -0.01927667 0.05442250 0.35089253
v -0.02029695 0.05385667 0.34790359
v -0.02462665 0.05219386 0.35089244
v -0.02462665 0.05219386 0.35089244
v -0.02029695 0.05385667 0.34790359
v -0.02804494 0.05027946 0.34792178
v -0.02462665 0.05219386 0.35089244
v -0.02804494 0.05027946 0.34792178
v -0.02814395 0.05039202 0.35088994
v -0.02814395 0.05039202 0.35088994
v -0.02804494 0.05027946 0.34792178
v -0.03141933 0.04842503 0.35089385
v -0.03141933 0.04842503 0.35089385
v -0.02804494 0.05027946 0.34792178
v -0.03446047 0.04617807 0.34802789
v -0.03141933 0.04842503 0.35089385
v -0.03446047 0.04617807 0.34802789
v -0.03760194 0.04381949 0.35089003
v -0.03760194 0.04381949 0.35089003
v -0.03446047 0.04617807 0.34802789
v -0.04046119 0.04120644 0.35089095
v -0.04046119 0.04120644 0.35089095
v -0.03446047 0.04617807 0.34802789
v -0.03991159 0.04151594 0.34790237
v -0.04046119 0.04120644 0.35089095
v -0.03991159 0.04151594 0.34790237
v -0.04441856 0.03697897 0.35089174
v -0.04441856 0.03697897 0.35089174
v -0.03991159 0.04151594 0.34790237
v -0.04509752 0.03584956 0.34789608
v 0.00945345 0.05691672 0.35088884
v 0.01001276 0.05667872 0.34791686
v 0.00549174 0.05743164 0.35089253
v 0.00549174 0.05743164 0.35089253
v 0.01001276 0.05667872 0.34791686
v 0.00150995 0.05752385 0.34792077
v 0.00549174 0.05743164 0.35089253
v 0.00150995 0.05752385 0.34792077
v 0.00153805 0.05767291 0.35088753
v 0.00153805 0.05767291 0.35088753
v 0.00150995 0.05752385 0.34792077
v -0.00226816 0.05764784 0.35089372
v -0.00226816 0.05764784 0.35089372
v 0.00150995 0.05752385 0.34792077
v -0.00599692 0.05728280 0.34805508
v -0.00226816 0.05764784 0.35089372
v -0.00599692 0.05728280 0.34805508
v -0.00992794 0.05683528 0.35088902
v -0.00992794 0.05683528 0.35088902
v -0.00599692 0.05728280 0.34805508
v -0.01363921 0.05607524 0.35082375
v -0.01927667 0.05442250 0.35089253
v -0.01363921 0.05607524 0.35082375
v -0.02029695 0.05385667 0.34790359
v 0.04522545 0.03594342 0.35089183
v 0.04309023 0.03821774 0.34788629
v 0.04142975 0.04028241 0.35089253
v 0.04142975 0.04028241 0.35089253
v 0.04309023 0.03821774 0.34788629
v 0.03702496 0.04412936 0.34792169
v 0.04142975 0.04028241 0.35089253
v 0.03702496 0.04412936 0.34792169
v 0.03713635 0.04421282 0.35089305
v 0.03713635 0.04421282 0.35089305
v 0.03702496 0.04412936 0.34792169
v 0.03407765 0.04660082 0.35089305
v 0.03407765 0.04660082 0.35089305
v 0.03702496 0.04412936 0.34792169
v 0.03077017 0.04866724 0.34792758
v 0.03407765 0.04660082 0.35089305
v 0.03077017 0.04866724 0.34792758
v 0.03078970 0.04882753 0.35088515
v 0.03078970 0.04882753 0.35088515
v 0.03077017 0.04866724 0.34792758
v 0.02751210 0.05073725 0.35089244
v 0.02751210 0.05073725 0.35089244
v 0.03077017 0.04866724 0.34792758
v 0.02435737 0.05214676 0.34795568
v 0.02751210 0.05073725 0.35089244
v 0.02435737 0.05214676 0.34795568
v 0.02051598 0.05393604 0.35088844
v 0.02051598 0.05393604 0.35088844
v 0.02435737 0.05214676 0.34795568
v 0.01779033 0.05479927 0.34803417
v 0.02051598 0.05393604 0.35088844
v 0.01779033 0.05479927 0.34803417
v 0.01502916 0.05574027 0.35089263
v 0.01502916 0.05574027 0.35089263
v 0.01779033 0.05479927 0.34803417
v 0.00945345 0.05691672 0.35088884
v 0.00945345 0.05691672 0.35088884
v 0.01779033 0.05479927 0.34803417
v 0.01001276 0.05667872 0.34791686
v 0.05732815 0.00787886 0.35089293
v 0.05664437 0.01099055 0.34790149
v 0.05627633 0.01352316 0.35089263
v 0.05627633 0.01352316 0.35089263
v 0.05664437 0.01099055 0.34790149
v 0.05440670 0.01916560 0.34792599
v 0.05627633 0.01352316 0.35089263
v 0.05440670 0.01916560 0.34792599
v 0.05457659 0.01911613 0.35089144
v 0.05457659 0.01911613 0.35089144
v 0.05440670 0.01916560 0.34792599
v 0.05317897 0.02268359 0.35089354
v 0.05317897 0.02268359 0.35089354
v 0.05440670 0.01916560 0.34792599
v 0.05137688 0.02617327 0.34791589
v 0.05317897 0.02268359 0.35089354
v 0.05137688 0.02617327 0.34791589
v 0.04966549 0.02954890 0.35089095
v 0.04966549 0.02954890 0.35089095
v 0.05137688 0.02617327 0.34791589
v 0.04757531 0.03278829 0.35089134
v 0.04757531 0.03278829 0.35089134
v 0.05137688 0.02617327 0.34791589
v 0.04770695 0.03233307 0.34796728
v 0.04757531 0.03278829 0.35089134
v 0.04770695 0.03233307 0.34796728
v 0.04522545 0.03594342 0.35089183
v 0.04522545 0.03594342 0.35089183
v 0.04770695 0.03233307 0.34796728
v 0.04309023 0.03821774 0.34788629
v 0.05178987 -0.02610376 0.35082174
v 0.05439668 -0.01958410 0.34790729
v 0.05416023 -0.02074578 0.35089275
v 0.05416023 -0.02074578 0.35089275
v 0.05439668 -0.01958410 0.34790729
v 0.05591339 -0.01521692 0.35089245
v 0.05591339 -0.01521692 0.35089245
v 0.05439668 -0.01958410 0.34790729
v 0.05665506 -0.01136467 0.34790829
v 0.05591339 -0.01521692 0.35089245
v 0.05665506 -0.01136467 0.34790829
v 0.05680850 -0.01136457 0.35088915
v 0.05680850 -0.01136457 0.35088915
v 0.05665506 -0.01136467 0.34790829
v 0.05741966 -0.00759826 0.35089394
v 0.05741966 -0.00759826 0.35089394
v 0.05665506 -0.01136467 0.34790829
v 0.05766155 -0.00355977 0.34793408
v 0.05741966 -0.00759826 0.35089394
v 0.05766155 -0.00355977 0.34793408
v 0.05789373 0.00009474 0.35088964
v 0.05789373 0.00009474 0.35088964
v 0.05766155 -0.00355977 0.34793408
v 0.05774326 0.00397507 0.35089055
v 0.05774326 0.00397507 0.35089055
v 0.05766155 -0.00355977 0.34793408
v 0.05762573 0.00368234 0.34800357
v 0.05774326 0.00397507 0.35089055
v 0.05762573 0.00368234 0.34800357
v 0.05732815 0.00787886 0.35089293
v 0.05732815 0.00787886 0.35089293
v 0.05762573 0.00368234 0.34800357
v 0.05664437 0.01099055 0.34790149
v -0.01320867 -0.05601886 0.07662218
v -0.02029688 -0.05426020 0.07608680
v -0.01365124 -0.05666200 0.07316035
v 0.01698646 -0.05500177 0.07659138
v 0.01001288 -0.05708220 0.07607348
v 0.01696390 -0.05557369 0.07318624
v 0.03073700 -0.04864281 0.07659465
v 0.02435737 -0.05255025 0.07603467
v 0.03154106 -0.04900771 0.07314776
v 0.05118083 0.02570176 0.07661287
v 0.05418039 0.01863139 0.07661764
v 0.05478250 0.01857394 0.07317396
v 0.05118083 0.02570176 0.07661287
v 0.05478250 0.01857394 0.07317396
v 0.05181021 0.02566417 0.07316798
v 0.01718350 0.05453751 0.07658698
v 0.02427655 0.05218618 0.07603181
v 0.01693876 0.05538420 0.07314946
v -0.03392138 0.04608778 0.07655468
v -0.02802597 0.05028626 0.07607318
v -0.03602943 0.04515445 0.07315025
v -0.05281614 0.02219172 0.07660242
v -0.04934244 0.02904626 0.07661892
v -0.04970402 0.02951590 0.07317267
v -0.05281614 0.02219172 0.07660242
v -0.04970402 0.02951590 0.07317267
v -0.05324290 0.02258149 0.07318255
v -0.05285382 -0.02249784 0.07660711
v -0.05564215 -0.01563430 0.07602652
v -0.05339701 -0.02312211 0.07315112
v -0.04991566 -0.02925102 0.07606405
v -0.05285382 -0.02249784 0.07660711
v -0.05339701 -0.02312211 0.07315112
v -0.03409652 -0.04636290 0.07655474
v -0.03991155 -0.04191949 0.07608796
v -0.03461720 -0.04662853 0.07318413
v -0.02804490 -0.05068298 0.07606859
v -0.03409652 -0.04636290 0.07655474
v -0.03461720 -0.04662853 0.07318413
v -0.00575844 -0.05730036 0.07655546
v -0.01320867 -0.05601886 0.07662218
v -0.01365124 -0.05666200 0.07316035
v -0.00575844 -0.05730036 0.07655546
v -0.01365124 -0.05666200 0.07316035
v -0.00618280 -0.05778231 0.07318447
v 0.00150991 -0.05792735 0.07606957
v -0.00575844 -0.05730036 0.07655546
v -0.00618280 -0.05778231 0.07318447
v 0.01696390 -0.05557369 0.07318624
v 0.02435737 -0.05255025 0.07603467
v 0.01698646 -0.05500177 0.07659138
v 0.03702489 -0.04453293 0.07606869
v 0.03073700 -0.04864281 0.07659465
v 0.03154106 -0.04900771 0.07314776
v 0.05113480 -0.02619092 0.07661525
v 0.04770694 -0.03273659 0.07602308
v 0.05155503 -0.02658164 0.07318361
v 0.05440668 -0.01956913 0.07606437
v 0.05113480 -0.02619092 0.07661525
v 0.05155503 -0.02658164 0.07318361
v 0.05726678 0.00353123 0.07655433
v 0.05772207 -0.00342229 0.07595929
v 0.05778566 0.00357417 0.07317650
v 0.05625186 0.01106077 0.07659764
v 0.05726678 0.00353123 0.07655433
v 0.05778566 0.00357417 0.07317650
v 0.05625186 0.01106077 0.07659764
v 0.05778566 0.00357417 0.07317650
v 0.05685271 0.01082180 0.07317289
v 0.05685271 0.01082180 0.07317289
v 0.05478250 0.01857394 0.07317396
v 0.05418039 0.01863139 0.07661764
v 0.05685271 0.01082180 0.07317289
v 0.05418039 0.01863139 0.07661764
v 0.05625186 0.01106077 0.07659764
v 0.04733191 0.03224917 0.07655587
v 0.05118083 0.02570176 0.07661287
v 0.05181021 0.02566417 0.07316798
v 0.04733191 0.03224917 0.07655587
v 0.05181021 0.02566417 0.07316798
v 0.04797463 0.03223529 0.07318459
v 0.04312092 0.03820578 0.07606874
v 0.04733191 0.03224917 0.07655587
v 0.04797463 0.03223529 0.07318459
v 0.00999089 0.05668182 0.07607448
v 0.01718350 0.05453751 0.07658698
v 0.01693876 0.05538420 0.07314946
v -0.01310735 0.05563686 0.07662346
v -0.00594286 0.05723929 0.07601815
v -0.01312236 0.05620402 0.07318391
v -0.02032869 0.05385114 0.07606527
v -0.01310735 0.05563686 0.07662346
v -0.01312236 0.05620402 0.07318391
v -0.03973699 0.04118308 0.07658560
v -0.03392138 0.04608778 0.07655468
v -0.03602943 0.04515445 0.07315025
v -0.03973699 0.04118308 0.07658560
v -0.03602943 0.04515445 0.07315025
v -0.03999433 0.04168164 0.07318436
v -0.04490144 0.03550221 0.07660131
v -0.03973699 0.04118308 0.07658560
v -0.03999433 0.04168164 0.07318436
v -0.04490144 0.03550221 0.07660131
v -0.03999433 0.04168164 0.07318436
v -0.04511694 0.03610570 0.07317509
v -0.04511694 0.03610570 0.07317509
v -0.04970402 0.02951590 0.07317267
v -0.04934244 0.02904626 0.07661892
v -0.04511694 0.03610570 0.07317509
v -0.04934244 0.02904626 0.07661892
v -0.04490144 0.03550221 0.07660131
v -0.05570793 0.01496647 0.07603798
v -0.05281614 0.02219172 0.07660242
v -0.05324290 0.02258149 0.07318255
v -0.05331675 -0.02321046 0.35080373
v -0.05570794 -0.01536998 0.34795239
v -0.05281616 -0.02259528 0.34738797
v -0.04991217 -0.02925191 0.34791168
v -0.05331675 -0.02321046 0.35080373
v -0.05281616 -0.02259528 0.34738797
v -0.03418462 -0.04694099 0.35082525
v -0.03978746 -0.04208785 0.34796118
v -0.03392138 -0.04649134 0.34743567
v -0.02802587 -0.05068983 0.34791717
v -0.03418462 -0.04694099 0.35082525
v -0.03392138 -0.04649134 0.34743567
v 0.05178987 -0.02610376 0.35082174
v 0.04780341 -0.03269615 0.34806549
v 0.05118087 -0.02610526 0.34737748
v 0.05439668 -0.01958410 0.34790729
v 0.05178987 -0.02610376 0.35082174
v 0.05118087 -0.02610526 0.34737748
v -0.01363921 0.05607524 0.35082375
v -0.00599692 0.05728280 0.34805508
v -0.01320870 0.05561538 0.34736820
v -0.02029695 0.05385667 0.34790359
v -0.01363921 0.05607524 0.35082375
v -0.01320870 0.05561538 0.34736820
v -0.03623534 -0.02791671 0.08869840
v -0.04509745 -0.03625314 0.07609432
v -0.03991155 -0.04191949 0.07608796
v -0.03623534 -0.02791671 0.08869840
v -0.03991155 -0.04191949 0.07608796
v -0.02618324 -0.03756096 0.08872364
v -0.02618324 -0.03756096 0.08872364
v -0.03991155 -0.04191949 0.07608796
v -0.03409652 -0.04636290 0.07655474
v -0.03409652 -0.04636290 0.07655474
v -0.02804490 -0.05068298 0.07606859
v -0.02618324 -0.03756096 0.08872364
v -0.02618324 -0.03756096 0.08872364
v -0.02804490 -0.05068298 0.07606859
v -0.01308689 -0.04404021 0.08854129
v -0.01308689 -0.04404021 0.08854129
v -0.02804490 -0.05068298 0.07606859
v -0.02029688 -0.05426020 0.07608680
v -0.01308689 -0.04404021 0.08854129
v -0.02029688 -0.05426020 0.07608680
v -0.01320867 -0.05601886 0.07662218
v -0.01308689 -0.04404021 0.08854129
v -0.01320867 -0.05601886 0.07662218
v -0.00281348 -0.04432727 0.09031534
v -0.00281348 -0.04432727 0.09031534
v -0.01320867 -0.05601886 0.07662218
v -0.00575844 -0.05730036 0.07655546
v -0.00281348 -0.04432727 0.09031534
v -0.00575844 -0.05730036 0.07655546
v 0.00597455 -0.04545013 0.08867141
v 0.00597455 -0.04545013 0.08867141
v -0.00575844 -0.05730036 0.07655546
v 0.00150991 -0.05792735 0.07606957
v 0.00597455 -0.04545013 0.08867141
v 0.00150991 -0.05792735 0.07606957
v 0.01001288 -0.05708220 0.07607348
v 0.00597455 -0.04545013 0.08867141
v 0.01001288 -0.05708220 0.07607348
v 0.01698646 -0.05500177 0.07659138
v 0.00597455 -0.04545013 0.08867141
v 0.01698646 -0.05500177 0.07659138
v 0.01927729 -0.04154703 0.08872763
v 0.01927729 -0.04154703 0.08872763
v 0.01698646 -0.05500177 0.07659138
v 0.02435737 -0.05255025 0.07603467
v 0.02435737 -0.05255025 0.07603467
v 0.03073700 -0.04864281 0.07659465
v 0.01927729 -0.04154703 0.08872763
v 0.01927729 -0.04154703 0.08872763
v 0.03073700 -0.04864281 0.07659465
v 0.03141479 -0.03340019 0.08860351
v 0.03141479 -0.03340019 0.08860351
v 0.03073700 -0.04864281 0.07659465
v 0.03702489 -0.04453293 0.07606869
v 0.03141479 -0.03340019 0.08860351
v 0.03702489 -0.04453293 0.07606869
v 0.04309027 -0.03862121 0.07610402
v 0.03141479 -0.03340019 0.08860351
v 0.04309027 -0.03862121 0.07610402
v 0.03774998 -0.02582943 0.08853734
v 0.03774998 -0.02582943 0.08853734
v 0.04309027 -0.03862121 0.07610402
v 0.04770694 -0.03273659 0.07602308
v 0.03774998 -0.02582943 0.08853734
v 0.04770694 -0.03273659 0.07602308
v 0.05113480 -0.02619092 0.07661525
v 0.03774998 -0.02582943 0.08853734
v 0.05113480 -0.02619092 0.07661525
v 0.04003722 -0.01896264 0.09031551
v 0.04003722 -0.01896264 0.09031551
v 0.05113480 -0.02619092 0.07661525
v 0.04362164 -0.01357872 0.08854706
v 0.04362164 -0.01357872 0.08854706
v 0.05113480 -0.02619092 0.07661525
v 0.05440668 -0.01956913 0.07606437
v 0.04362164 -0.01357872 0.08854706
v 0.05440668 -0.01956913 0.07606437
v 0.05664438 -0.01139396 0.07608890
v 0.04362164 -0.01357872 0.08854706
v 0.05664438 -0.01139396 0.07608890
v 0.04544584 -0.00415670 0.08872950
v 0.04544584 -0.00415670 0.08872950
v 0.05664438 -0.01139396 0.07608890
v 0.05772207 -0.00342229 0.07595929
v 0.04544584 -0.00415670 0.08872950
v 0.05772207 -0.00342229 0.07595929
v 0.05726678 0.00353123 0.07655433
v 0.04544584 -0.00415670 0.08872950
v 0.05726678 0.00353123 0.07655433
v 0.04444000 0.01046710 0.08860744
v 0.04444000 0.01046710 0.08860744
v 0.05726678 0.00353123 0.07655433
v 0.05625186 0.01106077 0.07659764
v 0.04444000 0.01046710 0.08860744
v 0.05625186 0.01106077 0.07659764
v 0.05418039 0.01863139 0.07661764
v 0.04444000 0.01046710 0.08860744
v 0.05418039 0.01863139 0.07661764
v 0.04105869 0.01966497 0.08855820
v 0.04105869 0.01966497 0.08855820
v 0.05418039 0.01863139 0.07661764
v 0.05118083 0.02570176 0.07661287
v 0.04105869 0.01966497 0.08855820
v 0.05118083 0.02570176 0.07661287
v 0.03630097 0.02504139 0.09031245
v 0.03630097 0.02504139 0.09031245
v 0.05118083 0.02570176 0.07661287
v 0.04733191 0.03224917 0.07655587
v 0.03630097 0.02504139 0.09031245
v 0.04733191 0.03224917 0.07655587
v 0.03153318 0.03278942 0.08867801
v 0.03153318 0.03278942 0.08867801
v 0.04733191 0.03224917 0.07655587
v 0.04312092 0.03820578 0.07606874
v 0.03153318 0.03278942 0.08867801
v 0.04312092 0.03820578 0.07606874
v 0.03700044 0.04415119 0.07606734
v 0.03153318 0.03278942 0.08867801
v 0.03700044 0.04415119 0.07606734
v 0.03089944 0.04858029 0.07606942
v 0.03153318 0.03278942 0.08867801
v 0.03089944 0.04858029 0.07606942
v 0.01948936 0.04109124 0.08868693
v 0.01948936 0.04109124 0.08868693
v 0.03089944 0.04858029 0.07606942
v 0.02427655 0.05218618 0.07603181
v 0.01948936 0.04109124 0.08868693
v 0.02427655 0.05218618 0.07603181
v 0.01718350 0.05453751 0.07658698
v 0.01948936 0.04109124 0.08868693
v 0.01718350 0.05453751 0.07658698
v 0.00991486 0.04442142 0.08843010
v 0.00991486 0.04442142 0.08843010
v 0.01718350 0.05453751 0.07658698
v 0.00999089 0.05668182 0.07607448
v 0.00991486 0.04442142 0.08843010
v 0.00999089 0.05668182 0.07607448
v 0.00022063 0.04558761 0.08844080
v 0.00022063 0.04558761 0.08844080
v 0.00999089 0.05668182 0.07607448
v 0.00155342 0.05751065 0.07609935
v 0.00022063 0.04558761 0.08844080
v 0.00155342 0.05751065 0.07609935
v -0.00594286 0.05723929 0.07601815
v 0.00022063 0.04558761 0.08844080
v -0.00594286 0.05723929 0.07601815
v -0.01045698 0.04284160 0.09014622
v -0.01045698 0.04284160 0.09014622
v -0.00594286 0.05723929 0.07601815
v -0.01310735 0.05563686 0.07662346
v -0.01045698 0.04284160 0.09014622
v -0.01310735 0.05563686 0.07662346
v -0.01929129 0.04102817 0.08886637
v -0.01929129 0.04102817 0.08886637
v -0.01310735 0.05563686 0.07662346
v -0.02032869 0.05385114 0.07606527
v -0.01929129 0.04102817 0.08886637
v -0.02032869 0.05385114 0.07606527
v -0.02802597 0.05028626 0.07607318
v -0.01929129 0.04102817 0.08886637
v -0.02802597 0.05028626 0.07607318
v -0.03392138 0.04608778 0.07655468
v -0.01929129 0.04102817 0.08886637
v -0.03392138 0.04608778 0.07655468
v -0.03147738 0.03304612 0.08849405
v -0.03147738 0.03304612 0.08849405
v -0.03392138 0.04608778 0.07655468
v -0.03973699 0.04118308 0.07658560
v -0.03147738 0.03304612 0.08849405
v -0.03973699 0.04118308 0.07658560
v -0.04490144 0.03550221 0.07660131
v -0.03147738 0.03304612 0.08849405
v -0.04490144 0.03550221 0.07660131
v -0.03776105 0.02535271 0.08858402
v -0.03776105 0.02535271 0.08858402
v -0.04490144 0.03550221 0.07660131
v -0.04934244 0.02904626 0.07661892
v -0.03776105 0.02535271 0.08858402
v -0.04934244 0.02904626 0.07661892
v -0.03997337 0.01870375 0.09030199
v -0.03997337 0.01870375 0.09030199
v -0.04934244 0.02904626 0.07661892
v -0.05281614 0.02219172 0.07660242
v -0.03997337 0.01870375 0.09030199
v -0.05281614 0.02219172 0.07660242
v -0.04363250 0.01319374 0.08852426
v -0.04363250 0.01319374 0.08852426
v -0.05281614 0.02219172 0.07660242
v -0.05570793 0.01496647 0.07603798
v -0.04363250 0.01319374 0.08852426
v -0.05570793 0.01496647 0.07603798
v -0.04539410 0.00374991 0.08880170
v -0.05717172 0.00789177 0.07609185
v -0.04539410 0.00374991 0.08880170
v -0.05717172 0.00789177 0.07609185
v -0.05773846 -0.00034191 0.07603428
v -0.04539410 0.00374991 0.08880170
v -0.05773846 -0.00034191 0.07603428
v -0.04450800 -0.01075723 0.08855058
v -0.04450800 -0.01075723 0.08855058
v -0.05773846 -0.00034191 0.07603428
v -0.05717367 -0.00827936 0.07608738
v -0.04450800 -0.01075723 0.08855058
v -0.05717367 -0.00827936 0.07608738
v -0.05564215 -0.01563430 0.07602652
v -0.04450800 -0.01075723 0.08855058
v -0.05564215 -0.01563430 0.07602652
v -0.05285382 -0.02249784 0.07660711
v -0.04450800 -0.01075723 0.08855058
v -0.05285382 -0.02249784 0.07660711
v -0.03958887 -0.01989233 0.09031813
v -0.03958887 -0.01989233 0.09031813
v -0.05285382 -0.02249784 0.07660711
v -0.03623534 -0.02791671 0.08869840
v -0.03623534 -0.02791671 0.08869840
v -0.05285382 -0.02249784 0.07660711
v -0.04991566 -0.02925102 0.07606405
v -0.03623534 -0.02791671 0.08869840
v -0.04991566 -0.02925102 0.07606405
v -0.04509745 -0.03625314 0.07609432
v 0.04545308 0.00373979 0.33526875
v 0.05766155 -0.00355977 0.34793408
v 0.04443998 -0.01087061 0.33538285
v 0.04443998 -0.01087061 0.33538285
v 0.05766155 -0.00355977 0.34793408
v 0.05665506 -0.01136467 0.34790829
v 0.04443998 -0.01087061 0.33538285
v 0.05665506 -0.01136467 0.34790829
v 0.05439668 -0.01958410 0.34790729
v 0.04443998 -0.01087061 0.33538285
v 0.05439668 -0.01958410 0.34790729
v 0.04105869 -0.02006843 0.33543214
v 0.04105869 -0.02006843 0.33543214
v 0.05439668 -0.01958410 0.34790729
v 0.05118087 -0.02610526 0.34737748
v 0.04105869 -0.02006843 0.33543214
v 0.05118087 -0.02610526 0.34737748
v 0.03630099 -0.02544491 0.33367786
v 0.03630099 -0.02544491 0.33367786
v 0.05118087 -0.02610526 0.34737748
v 0.04780341 -0.03269615 0.34806549
v 0.03630099 -0.02544491 0.33367786
v 0.04780341 -0.03269615 0.34806549
v 0.03153312 -0.03319290 0.33531223
v 0.03153312 -0.03319290 0.33531223
v 0.04780341 -0.03269615 0.34806549
v 0.04312090 -0.03860935 0.34792169
v 0.03153312 -0.03319290 0.33531223
v 0.04312090 -0.03860935 0.34792169
v 0.03700045 -0.04455473 0.34792309
v 0.03153312 -0.03319290 0.33531223
v 0.03700045 -0.04455473 0.34792309
v 0.03105276 -0.04890552 0.34799569
v 0.03153312 -0.03319290 0.33531223
v 0.03105276 -0.04890552 0.34799569
v 0.01948943 -0.04149469 0.33530335
v 0.03105276 -0.04890552 0.34799569
v 0.02453874 -0.05249093 0.34796167
v 0.01948943 -0.04149469 0.33530335
v 0.01948943 -0.04149469 0.33530335
v 0.02453874 -0.05249093 0.34796167
v 0.01738021 -0.05525411 0.34789459
v 0.01948943 -0.04149469 0.33530335
v 0.01738021 -0.05525411 0.34789459
v 0.00632981 -0.04547675 0.33540855
v 0.00632981 -0.04547675 0.33540855
v 0.01738021 -0.05525411 0.34789459
v 0.00999093 -0.05708534 0.34791589
v 0.00632981 -0.04547675 0.33540855
v 0.00999093 -0.05708534 0.34791589
v 0.00155347 -0.05791417 0.34789099
v 0.00632981 -0.04547675 0.33540855
v 0.00155347 -0.05791417 0.34789099
v -0.00365872 -0.04426657 0.33368237
v -0.00365872 -0.04426657 0.33368237
v 0.00155347 -0.05791417 0.34789099
v -0.00594286 -0.05764283 0.34797220
v -0.00365872 -0.04426657 0.33368237
v -0.00594286 -0.05764283 0.34797220
v -0.01045694 -0.04324510 0.33384405
v -0.01045694 -0.04324510 0.33384405
v -0.00594286 -0.05764283 0.34797220
v -0.01295648 -0.05648308 0.34791757
v -0.01045694 -0.04324510 0.33384405
v -0.01295648 -0.05648308 0.34791757
v -0.01929131 -0.04143165 0.33512394
v -0.01929131 -0.04143165 0.33512394
v -0.01295648 -0.05648308 0.34791757
v -0.02032871 -0.05425466 0.34792508
v -0.01929131 -0.04143165 0.33512394
v -0.02032871 -0.05425466 0.34792508
v -0.02802587 -0.05068983 0.34791717
v -0.01929131 -0.04143165 0.33512394
v -0.02802587 -0.05068983 0.34791717
v -0.03392138 -0.04649134 0.34743567
v -0.01929131 -0.04143165 0.33512394
v -0.03392138 -0.04649134 0.34743567
v -0.03147730 -0.03344965 0.33549625
v -0.03147730 -0.03344965 0.33549625
v -0.03392138 -0.04649134 0.34743567
v -0.03978746 -0.04208785 0.34796118
v -0.03147730 -0.03344965 0.33549625
v -0.03978746 -0.04208785 0.34796118
v -0.04507642 -0.03628983 0.34790549
v -0.03147730 -0.03344965 0.33549625
v -0.04507642 -0.03628983 0.34790549
v -0.03955483 -0.02328314 0.33555765
v -0.03955483 -0.02328314 0.33555765
v -0.04507642 -0.03628983 0.34790549
v -0.04991217 -0.02925191 0.34791168
v -0.03955483 -0.02328314 0.33555765
v -0.04991217 -0.02925191 0.34791168
v -0.05281616 -0.02259528 0.34738797
v -0.03955483 -0.02328314 0.33555765
v -0.05281616 -0.02259528 0.34738797
v -0.04363248 -0.01359727 0.33546604
v -0.04363248 -0.01359727 0.33546604
v -0.05281616 -0.02259528 0.34738797
v -0.05570794 -0.01536998 0.34795239
v -0.04363248 -0.01359727 0.33546604
v -0.05570794 -0.01536998 0.34795239
v -0.04539407 -0.00415344 0.33518855
v -0.05717174 -0.00829526 0.34789850
v -0.04539407 -0.00415344 0.33518855
v -0.05717174 -0.00829526 0.34789850
v -0.05773848 -0.00006165 0.34795608
v -0.04539407 -0.00415344 0.33518855
v -0.05773848 -0.00006165 0.34795608
v -0.04450799 0.01035366 0.33543973
v -0.04450799 0.01035366 0.33543973
v -0.05773848 -0.00006165 0.34795608
v -0.05717369 0.00787578 0.34790298
v -0.04450799 0.01035366 0.33543973
v -0.05717369 0.00787578 0.34790298
v -0.05569838 0.01516054 0.34804318
v -0.04450799 0.01035366 0.33543973
v -0.05569838 0.01516054 0.34804318
v -0.05322363 0.02215348 0.34788119
v -0.04450799 0.01035366 0.33543973
v -0.05322363 0.02215348 0.34788119
v -0.03958887 0.01948879 0.33367218
v -0.03958887 0.01948879 0.33367218
v -0.05322363 0.02215348 0.34788119
v -0.03623536 0.02751315 0.33529194
v -0.03623536 0.02751315 0.33529194
v -0.05322363 0.02215348 0.34788119
v -0.04991567 0.02884749 0.34792626
v -0.03623536 0.02751315 0.33529194
v -0.04991567 0.02884749 0.34792626
v -0.04509752 0.03584956 0.34789608
v -0.03623536 0.02751315 0.33529194
v -0.04509752 0.03584956 0.34789608
v -0.03991159 0.04151594 0.34790237
v -0.03623536 0.02751315 0.33529194
v -0.03991159 0.04151594 0.34790237
v -0.02618319 0.03715743 0.33526664
v -0.02618319 0.03715743 0.33526664
v -0.03991159 0.04151594 0.34790237
v -0.03446047 0.04617807 0.34802789
v -0.03446047 0.04617807 0.34802789
v -0.02804494 0.05027946 0.34792178
v -0.02618319 0.03715743 0.33526664
v -0.02618319 0.03715743 0.33526664
v -0.02804494 0.05027946 0.34792178
v -0.01308693 0.04363669 0.33544904
v -0.01308693 0.04363669 0.33544904
v -0.02804494 0.05027946 0.34792178
v -0.02029695 0.05385667 0.34790359
v -0.01308693 0.04363669 0.33544904
v -0.02029695 0.05385667 0.34790359
v -0.01320870 0.05561538 0.34736820
v -0.01308693 0.04363669 0.33544904
v -0.01320870 0.05561538 0.34736820
v -0.00281356 0.04392377 0.33367508
v -0.00281356 0.04392377 0.33367508
v -0.01320870 0.05561538 0.34736820
v -0.00599692 0.05728280 0.34805508
v -0.00281356 0.04392377 0.33367508
v -0.00599692 0.05728280 0.34805508
v 0.00597457 0.04504660 0.33531895
v 0.00597457 0.04504660 0.33531895
v -0.00599692 0.05728280 0.34805508
v 0.00150995 0.05752385 0.34792077
v 0.00597457 0.04504660 0.33531895
v 0.00150995 0.05752385 0.34792077
v 0.01001276 0.05667872 0.34791686
v 0.00597457 0.04504660 0.33531895
v 0.01001276 0.05667872 0.34791686
v 0.01779033 0.05479927 0.34803417
v 0.00597457 0.04504660 0.33531895
v 0.01779033 0.05479927 0.34803417
v 0.01927723 0.04114351 0.33526264
v 0.01927723 0.04114351 0.33526264
v 0.01779033 0.05479927 0.34803417
v 0.02435737 0.05214676 0.34795568
v 0.02435737 0.05214676 0.34795568
v 0.03077017 0.04866724 0.34792758
v 0.01927723 0.04114351 0.33526264
v 0.01927723 0.04114351 0.33526264
v 0.03077017 0.04866724 0.34792758
v 0.03141484 0.03299667 0.33538685
v 0.03141484 0.03299667 0.33538685
v 0.03077017 0.04866724 0.34792758
v 0.03702496 0.04412936 0.34792169
v 0.03141484 0.03299667 0.33538685
v 0.03702496 0.04412936 0.34792169
v 0.04309023 0.03821774 0.34788629
v 0.03141484 0.03299667 0.33538685
v 0.04309023 0.03821774 0.34788629
v 0.03778496 0.02538796 0.33545765
v 0.03778496 0.02538796 0.33545765
v 0.04309023 0.03821774 0.34788629
v 0.04770695 0.03233307 0.34796728
v 0.03778496 0.02538796 0.33545765
v 0.04770695 0.03233307 0.34796728
v 0.05137688 0.02617327 0.34791589
v 0.03778496 0.02538796 0.33545765
v 0.05137688 0.02617327 0.34791589
v 0.04004072 0.01855399 0.33367727
v 0.04004072 0.01855399 0.33367727
v 0.05137688 0.02617327 0.34791589
v 0.04362159 0.01317526 0.33544324
v 0.04362159 0.01317526 0.33544324
v 0.05137688 0.02617327 0.34791589
v 0.05440670 0.01916560 0.34792599
v 0.04362159 0.01317526 0.33544324
v 0.05440670 0.01916560 0.34792599
v 0.05664437 0.01099055 0.34790149
v 0.04362159 0.01317526 0.33544324
v 0.05664437 0.01099055 0.34790149
v 0.04545308 0.00373979 0.33526875
v 0.04545308 0.00373979 0.33526875
v 0.05664437 0.01099055 0.34790149
v 0.05762573 0.00368234 0.34800357
v 0.04545308 0.00373979 0.33526875
v 0.05762573 0.00368234 0.34800357
v 0.05766155 -0.00355977 0.34793408
v 0.04444000 0.01046710 0.08860744
v 0.04236464 0.00557298 0.09385675
v 0.04280509 -0.00057154 0.09370906
v 0.03141479 -0.03340019 0.08860351
v 0.02618337 -0.03400330 0.09385673
v 0.02108230 -0.03745697 0.09370907
v -0.01308689 -0.04404021 0.08854129
v -0.01618133 -0.03977803 0.09385673
v -0.02172283 -0.03708722 0.09370907
v -0.03623534 -0.02791671 0.08869840
v -0.03557560 -0.02400925 0.09370907
v -0.03958887 -0.01989233 0.09031813
v -0.04450800 -0.01075723 0.08855058
v -0.03958887 -0.01989233 0.09031813
v -0.04103087 -0.01222614 0.09385675
v -0.04450800 -0.01075723 0.08855058
v -0.04103087 -0.01222614 0.09385675
v -0.04236474 -0.00597649 0.09385674
v -0.04539410 0.00374991 0.08880170
v -0.04450800 -0.01075723 0.08855058
v -0.04280518 0.00016799 0.09370906
v -0.04539410 0.00374991 0.08880170
v -0.04280518 0.00016799 0.09370906
v -0.04225524 0.00616464 0.09389526
v -0.03776105 0.02535271 0.08858402
v -0.03997337 0.01870375 0.09030199
v -0.03515901 0.02421676 0.09370903
v -0.03776105 0.02535271 0.08858402
v -0.03515901 0.02421676 0.09370903
v -0.03092887 0.02931980 0.09385673
v -0.03147738 0.03304612 0.08849405
v -0.03776105 0.02535271 0.08858402
v -0.03092887 0.02931980 0.09385673
v -0.03147738 0.03304612 0.08849405
v -0.03092887 0.02931980 0.09385673
v -0.02618347 0.03359976 0.09385673
v -0.01929129 0.04102817 0.08886637
v -0.03147738 0.03304612 0.08849405
v -0.02108239 0.03705347 0.09370906
v -0.01929129 0.04102817 0.08886637
v -0.02108239 0.03705347 0.09370906
v -0.01561413 0.03957552 0.09389525
v -0.01045698 0.04284160 0.09014622
v -0.01561413 0.03957552 0.09389525
v -0.00937784 0.04130622 0.09595033
v -0.01045698 0.04284160 0.09014622
v -0.00937784 0.04130622 0.09595033
v -0.00283016 0.04251131 0.09370907
v 0.00022063 0.04558761 0.08844080
v -0.01045698 0.04284160 0.09014622
v -0.00283016 0.04251131 0.09370907
v 0.00022063 0.04558761 0.08844080
v -0.00283016 0.04251131 0.09370907
v 0.00379701 0.04238575 0.09385675
v 0.00022063 0.04558761 0.08844080
v 0.00379701 0.04238575 0.09385675
v 0.01010196 0.04134415 0.09385676
v 0.00991486 0.04442142 0.08843010
v 0.00022063 0.04558761 0.08844080
v 0.01010196 0.04134415 0.09385676
v 0.00991486 0.04442142 0.08843010
v 0.01010196 0.04134415 0.09385676
v 0.01618122 0.03937450 0.09385674
v 0.01948936 0.04109124 0.08868693
v 0.02172275 0.03668369 0.09370906
v 0.02664105 0.03320908 0.09389525
v 0.04103079 0.01182260 0.09385673
v 0.04236464 0.00557298 0.09385675
v 0.04444000 0.01046710 0.08860744
v 0.04103079 0.01182260 0.09385673
v 0.04444000 0.01046710 0.08860744
v 0.04105869 0.01966497 0.08855820
v 0.04544584 -0.00415670 0.08872950
v 0.04444000 0.01046710 0.08860744
v 0.04280509 -0.00057154 0.09370906
v 0.04544584 -0.00415670 0.08872950
v 0.04280509 -0.00057154 0.09370906
v 0.04225515 -0.00656815 0.09389525
v 0.04544584 -0.00415670 0.08872950
v 0.04225515 -0.00656815 0.09389525
v 0.04083432 -0.01279489 0.09389526
v 0.04003722 -0.01896264 0.09031551
v 0.04083432 -0.01279489 0.09389526
v 0.03830261 -0.01878740 0.09578043
v 0.04003722 -0.01896264 0.09031551
v 0.03830261 -0.01878740 0.09578043
v 0.03498330 -0.02478387 0.09385675
v 0.04083432 -0.01279489 0.09389526
v 0.04003722 -0.01896264 0.09031551
v 0.04362164 -0.01357872 0.08854706
v 0.04083432 -0.01279489 0.09389526
v 0.04362164 -0.01357872 0.08854706
v 0.04544584 -0.00415670 0.08872950
v 0.03774998 -0.02582943 0.08853734
v 0.04003722 -0.01896264 0.09031551
v 0.03498330 -0.02478387 0.09385675
v 0.03774998 -0.02582943 0.08853734
v 0.03498330 -0.02478387 0.09385675
v 0.03092879 -0.02972332 0.09385675
v 0.03092879 -0.02972332 0.09385675
v 0.02618337 -0.03400330 0.09385673
v 0.03141479 -0.03340019 0.08860351
v 0.03092879 -0.02972332 0.09385675
v 0.03141479 -0.03340019 0.08860351
v 0.03774998 -0.02582943 0.08853734
v 0.01927729 -0.04154703 0.08872763
v 0.03141479 -0.03340019 0.08860351
v 0.02108230 -0.03745697 0.09370907
v 0.01927729 -0.04154703 0.08872763
v 0.02108230 -0.03745697 0.09370907
v 0.01561409 -0.03997904 0.09389525
v 0.01927729 -0.04154703 0.08872763
v 0.01561409 -0.03997904 0.09389525
v 0.00951118 -0.04186193 0.09389524
v -0.00329010 -0.04263626 0.09591949
v -0.01010205 -0.04174769 0.09385672
v -0.00281348 -0.04432727 0.09031534
v -0.00329010 -0.04263626 0.09591949
v -0.00281348 -0.04432727 0.09031534
v 0.00283005 -0.04291484 0.09370907
v 0.00951118 -0.04186193 0.09389524
v 0.00283005 -0.04291484 0.09370907
v 0.00597455 -0.04545013 0.08867141
v 0.00951118 -0.04186193 0.09389524
v 0.00597455 -0.04545013 0.08867141
v 0.01927729 -0.04154703 0.08872763
v 0.00597455 -0.04545013 0.08867141
v 0.00283005 -0.04291484 0.09370907
v -0.00281348 -0.04432727 0.09031534
v -0.01010205 -0.04174769 0.09385672
v -0.01618133 -0.03977803 0.09385673
v -0.01308689 -0.04404021 0.08854129
v -0.01010205 -0.04174769 0.09385672
v -0.01308689 -0.04404021 0.08854129
v -0.00281348 -0.04432727 0.09031534
v -0.02618324 -0.03756096 0.08872364
v -0.01308689 -0.04404021 0.08854129
v -0.02172283 -0.03708722 0.09370907
v -0.02618324 -0.03756096 0.08872364
v -0.02172283 -0.03708722 0.09370907
v -0.02664110 -0.03361264 0.09389524
v -0.02618324 -0.03756096 0.08872364
v -0.02664110 -0.03361264 0.09389524
v -0.03132319 -0.02926882 0.09389525
v -0.03623534 -0.02791671 0.08869840
v -0.02618324 -0.03756096 0.08872364
v -0.03132319 -0.02926882 0.09389525
v -0.03623534 -0.02791671 0.08869840
v -0.03132319 -0.02926882 0.09389525
v -0.03557560 -0.02400925 0.09370907
v -0.03958887 -0.01989233 0.09031813
v -0.03557560 -0.02400925 0.09370907
v -0.03839443 -0.01856973 0.09591943
v -0.03958887 -0.01989233 0.09031813
v -0.03839443 -0.01856973 0.09591943
v -0.04103087 -0.01222614 0.09385675
v -0.04236474 -0.00597649 0.09385674
v -0.04280518 0.00016799 0.09370906
v -0.04450800 -0.01075723 0.08855058
v -0.04539410 0.00374991 0.08880170
v -0.04225524 0.00616464 0.09389526
v -0.04083442 0.01239134 0.09389525
v -0.03997337 0.01870375 0.09030199
v -0.04083442 0.01239134 0.09389525
v -0.03829925 0.01834617 0.09595041
v -0.03997337 0.01870375 0.09030199
v -0.03829925 0.01834617 0.09595041
v -0.03515901 0.02421676 0.09370903
v -0.04363250 0.01319374 0.08852426
v -0.04539410 0.00374991 0.08880170
v -0.04083442 0.01239134 0.09389525
v -0.04363250 0.01319374 0.08852426
v -0.04083442 0.01239134 0.09389525
v -0.03997337 0.01870375 0.09030199
v -0.02618347 0.03359976 0.09385673
v -0.02108239 0.03705347 0.09370906
v -0.03147738 0.03304612 0.08849405
v -0.01929129 0.04102817 0.08886637
v -0.01561413 0.03957552 0.09389525
v -0.01045698 0.04284160 0.09014622
v 0.01618122 0.03937450 0.09385674
v 0.02172275 0.03668369 0.09370906
v 0.01948936 0.04109124 0.08868693
v 0.01618122 0.03937450 0.09385674
v 0.01948936 0.04109124 0.08868693
v 0.00991486 0.04442142 0.08843010
v 0.03153318 0.03278942 0.08867801
v 0.01948936 0.04109124 0.08868693
v 0.02664105 0.03320908 0.09389525
v 0.03153318 0.03278942 0.08867801
v 0.02664105 0.03320908 0.09389525
v 0.03132310 0.02886529 0.09389524
v 0.03630097 0.02504139 0.09031245
v 0.03132310 0.02886529 0.09389524
v 0.03521254 0.02369236 0.09595045
v 0.03630097 0.02504139 0.09031245
v 0.03521254 0.02369236 0.09595045
v 0.03872650 0.01803753 0.09370903
v 0.03132310 0.02886529 0.09389524
v 0.03630097 0.02504139 0.09031245
v 0.03153318 0.03278942 0.08867801
v 0.04105869 0.01966497 0.08855820
v 0.03630097 0.02504139 0.09031245
v 0.03872650 0.01803753 0.09370903
v 0.04105869 0.01966497 0.08855820
v 0.03872650 0.01803753 0.09370903
v 0.04103079 0.01182260 0.09385673
v 0.04236465 -0.00597644 0.33013362
v 0.04280509 0.00016802 0.33028120
v 0.04443998 -0.01087061 0.33538285
v 0.01618127 -0.03977801 0.33013362
v 0.02172277 -0.03708719 0.33028120
v 0.01948943 -0.04149469 0.33530335
v 0.01618127 -0.03977801 0.33013362
v 0.01948943 -0.04149469 0.33530335
v 0.00632981 -0.04547675 0.33540855
v -0.02618343 -0.03400331 0.33013362
v -0.02108236 -0.03745699 0.33028120
v -0.03147730 -0.03344965 0.33549625
v -0.04083441 -0.01279490 0.33009502
v -0.03840570 -0.01910738 0.33028120
v -0.04363248 -0.01359727 0.33546604
v -0.04083441 -0.01279490 0.33009502
v -0.04363248 -0.01359727 0.33546604
v -0.04539407 -0.00415344 0.33518855
v -0.04225524 -0.00656819 0.33009502
v -0.04083441 -0.01279490 0.33009502
v -0.04539407 -0.00415344 0.33518855
v -0.04280518 -0.00057157 0.33028120
v -0.04225524 -0.00656819 0.33009502
v -0.04539407 -0.00415344 0.33518855
v -0.04280518 -0.00057157 0.33028120
v -0.04539407 -0.00415344 0.33518855
v -0.04450799 0.01035366 0.33543973
v -0.04103089 0.01182257 0.33013362
v -0.04236474 0.00557295 0.33013362
v -0.04450799 0.01035366 0.33543973
v -0.04103089 0.01182257 0.33013362
v -0.04450799 0.01035366 0.33543973
v -0.03958887 0.01948879 0.33367218
v -0.03839391 0.01820650 0.32822303
v -0.04103089 0.01182257 0.33013362
v -0.03958887 0.01948879 0.33367218
v -0.03839391 0.01820650 0.32822303
v -0.03958887 0.01948879 0.33367218
v -0.03529418 0.02388481 0.33009093
v -0.03132321 0.02886528 0.33009501
v -0.03529418 0.02388481 0.33009093
v -0.03623536 0.02751315 0.33529194
v -0.03132321 0.02886528 0.33009501
v -0.03623536 0.02751315 0.33529194
v -0.02618319 0.03715743 0.33526664
v -0.02664117 0.03320907 0.33009501
v -0.03132321 0.02886528 0.33009501
v -0.02618319 0.03715743 0.33526664
v -0.02172288 0.03668368 0.33028120
v -0.02664117 0.03320907 0.33009501
v -0.02618319 0.03715743 0.33526664
v -0.02172288 0.03668368 0.33028120
v -0.02618319 0.03715743 0.33526664
v -0.01308693 0.04363669 0.33544904
v -0.01010208 0.04134415 0.33013350
v -0.01618134 0.03937450 0.33013362
v -0.01308693 0.04363669 0.33544904
v -0.01010208 0.04134415 0.33013350
v -0.01308693 0.04363669 0.33544904
v -0.00281356 0.04392377 0.33367508
v -0.00329015 0.04223274 0.32807084
v -0.01010208 0.04134415 0.33013350
v -0.00281356 0.04392377 0.33367508
v -0.00329015 0.04223274 0.32807084
v -0.00281356 0.04392377 0.33367508
v 0.00283003 0.04251132 0.33028120
v 0.00951116 0.04145841 0.33009501
v 0.00283003 0.04251132 0.33028120
v 0.00597457 0.04504660 0.33531895
v 0.00951116 0.04145841 0.33009501
v 0.00597457 0.04504660 0.33531895
v 0.01927723 0.04114351 0.33526264
v 0.01561400 0.03957554 0.33009501
v 0.00951116 0.04145841 0.33009501
v 0.01927723 0.04114351 0.33526264
v 0.02108225 0.03705350 0.33028132
v 0.01561400 0.03957554 0.33009501
v 0.01927723 0.04114351 0.33526264
v 0.02108225 0.03705350 0.33028132
v 0.01927723 0.04114351 0.33526264
v 0.03141484 0.03299667 0.33538685
v 0.03092875 0.02931984 0.33013362
v 0.02618336 0.03359979 0.33013362
v 0.03141484 0.03299667 0.33538685
v 0.03092875 0.02931984 0.33013362
v 0.03141484 0.03299667 0.33538685
v 0.03778496 0.02538796 0.33545765
v 0.04545308 0.00373979 0.33526875
v 0.04443998 -0.01087061 0.33538285
v 0.04280509 0.00016802 0.33028120
v 0.04545308 0.00373979 0.33526875
v 0.04280509 0.00016802 0.33028120
v 0.04225514 0.00616470 0.33009502
v 0.04103080 -0.01222608 0.33013362
v 0.04236465 -0.00597644 0.33013362
v 0.04443998 -0.01087061 0.33538285
v 0.04103080 -0.01222608 0.33013362
v 0.04443998 -0.01087061 0.33538285
v 0.04105869 -0.02006843 0.33543214
v 0.03872651 -0.01844101 0.33028120
v 0.04103080 -0.01222608 0.33013362
v 0.04105869 -0.02006843 0.33543214
v 0.03872651 -0.01844101 0.33028120
v 0.04105869 -0.02006843 0.33543214
v 0.03630099 -0.02544491 0.33367786
v 0.03132313 -0.02926878 0.33009502
v 0.03630099 -0.02544491 0.33367786
v 0.03153312 -0.03319290 0.33531223
v 0.03521257 -0.02409583 0.32803993
v 0.03872651 -0.01844101 0.33028120
v 0.03630099 -0.02544491 0.33367786
v 0.03521257 -0.02409583 0.32803993
v 0.03630099 -0.02544491 0.33367786
v 0.03132313 -0.02926878 0.33009502
v 0.02664105 -0.03361260 0.33009502
v 0.03132313 -0.02926878 0.33009502
v 0.03153312 -0.03319290 0.33531223
v 0.02664105 -0.03361260 0.33009502
v 0.03153312 -0.03319290 0.33531223
v 0.01948943 -0.04149469 0.33530335
v 0.01948943 -0.04149469 0.33530335
v 0.02172277 -0.03708719 0.33028120
v 0.02664105 -0.03361260 0.33009502
v 0.01010200 -0.04174767 0.33013362
v 0.01618127 -0.03977801 0.33013362
v 0.00632981 -0.04547675 0.33540855
v 0.00356754 -0.04285956 0.33028120
v 0.01010200 -0.04174767 0.33013362
v 0.00632981 -0.04547675 0.33540855
v 0.00356754 -0.04285956 0.33028120
v 0.00632981 -0.04547675 0.33540855
v -0.00365872 -0.04426657 0.33368237
v -0.00308661 -0.04264380 0.32803984
v 0.00356754 -0.04285956 0.33028120
v -0.00365872 -0.04426657 0.33368237
v -0.00308661 -0.04264380 0.32803984
v -0.00365872 -0.04426657 0.33368237
v -0.01045694 -0.04324510 0.33384405
v -0.01561413 -0.03997904 0.33009502
v -0.01045694 -0.04324510 0.33384405
v -0.01929131 -0.04143165 0.33512394
v -0.01929131 -0.04143165 0.33512394
v -0.03147730 -0.03344965 0.33549625
v -0.02108236 -0.03745699 0.33028120
v -0.01929131 -0.04143165 0.33512394
v -0.02108236 -0.03745699 0.33028120
v -0.01561413 -0.03997904 0.33009502
v -0.01045694 -0.04324510 0.33384405
v -0.01561413 -0.03997904 0.33009502
v -0.00937778 -0.04170974 0.32803993
v -0.01045694 -0.04324510 0.33384405
v -0.00937778 -0.04170974 0.32803993
v -0.00308661 -0.04264380 0.32803984
v -0.03092885 -0.02972333 0.33013362
v -0.02618343 -0.03400331 0.33013362
v -0.03147730 -0.03344965 0.33549625
v -0.03092885 -0.02972333 0.33013362
v -0.03147730 -0.03344965 0.33549625
v -0.03955483 -0.02328314 0.33555765
v -0.03498336 -0.02478389 0.33013362
v -0.03092885 -0.02972333 0.33013362
v -0.03955483 -0.02328314 0.33555765
v -0.03840570 -0.01910738 0.33028120
v -0.03498336 -0.02478389 0.33013362
v -0.03955483 -0.02328314 0.33555765
v -0.03840570 -0.01910738 0.33028120
v -0.03955483 -0.02328314 0.33555765
v -0.04363248 -0.01359727 0.33546604
v -0.04450799 0.01035366 0.33543973
v -0.04236474 0.00557295 0.33013362
v -0.04280518 -0.00057157 0.33028120
v -0.03529418 0.02388481 0.33009093
v -0.03958887 0.01948879 0.33367218
v -0.03623536 0.02751315 0.33529194
v -0.01308693 0.04363669 0.33544904
v -0.01618134 0.03937450 0.33013362
v -0.02172288 0.03668368 0.33028120
v 0.00283003 0.04251132 0.33028120
v -0.00281356 0.04392377 0.33367508
v 0.00597457 0.04504660 0.33531895
v 0.03141484 0.03299667 0.33538685
v 0.02618336 0.03359979 0.33013362
v 0.02108225 0.03705350 0.33028132
v 0.03516319 0.02421230 0.33028352
v 0.03092875 0.02931984 0.33013362
v 0.03778496 0.02538796 0.33545765
v 0.03516319 0.02421230 0.33028352
v 0.03778496 0.02538796 0.33545765
v 0.04004072 0.01855399 0.33367727
v 0.04083432 0.01239140 0.33009502
v 0.04004072 0.01855399 0.33367727
v 0.04362159 0.01317526 0.33544324
v 0.04083432 0.01239140 0.33009502
v 0.04362159 0.01317526 0.33544324
v 0.04545308 0.00373979 0.33526875
v 0.03831338 0.01831214 0.32804792
v 0.03516319 0.02421230 0.33028352
v 0.04004072 0.01855399 0.33367727
v 0.03831338 0.01831214 0.32804792
v 0.04004072 0.01855399 0.33367727
v 0.04083432 0.01239140 0.33009502
v 0.04225514 0.00616470 0.33009502
v 0.04083432 0.01239140 0.33009502
v 0.04545308 0.00373979 0.33526875
v 0.04236464 0.00557298 0.09385675
v 0.04225514 0.00616470 0.33009502
v 0.04280509 -0.00057154 0.09370906
v 0.04280509 -0.00057154 0.09370906
v 0.04225514 0.00616470 0.33009502
v 0.04280509 0.00016802 0.33028120
v 0.04280509 -0.00057154 0.09370906
v 0.04280509 0.00016802 0.33028120
v 0.04225515 -0.00656815 0.09389525
v 0.04225515 -0.00656815 0.09389525
v 0.04280509 0.00016802 0.33028120
v 0.04236465 -0.00597644 0.33013362
v 0.04225515 -0.00656815 0.09389525
v 0.04236465 -0.00597644 0.33013362
v 0.04083432 -0.01279489 0.09389526
v 0.04083432 -0.01279489 0.09389526
v 0.04236465 -0.00597644 0.33013362
v 0.04103080 -0.01222608 0.33013362
v 0.04083432 -0.01279489 0.09389526
v 0.04103080 -0.01222608 0.33013362
v 0.03830261 -0.01878740 0.09578043
v 0.03830261 -0.01878740 0.09578043
v 0.04103080 -0.01222608 0.33013362
v 0.03872651 -0.01844101 0.33028120
v 0.03830261 -0.01878740 0.09578043
v 0.03872651 -0.01844101 0.33028120
v 0.03498330 -0.02478387 0.09385675
v 0.03498330 -0.02478387 0.09385675
v 0.03872651 -0.01844101 0.33028120
v 0.03521257 -0.02409583 0.32803993
v 0.03498330 -0.02478387 0.09385675
v 0.03521257 -0.02409583 0.32803993
v 0.03092879 -0.02972332 0.09385675
v 0.03092879 -0.02972332 0.09385675
v 0.03521257 -0.02409583 0.32803993
v 0.03132313 -0.02926878 0.33009502
v 0.03092879 -0.02972332 0.09385675
v 0.03132313 -0.02926878 0.33009502
v 0.02618337 -0.03400330 0.09385673
v 0.02618337 -0.03400330 0.09385673
v 0.03132313 -0.02926878 0.33009502
v 0.02664105 -0.03361260 0.33009502
v 0.02618337 -0.03400330 0.09385673
v 0.02664105 -0.03361260 0.33009502
v 0.02108230 -0.03745697 0.09370907
v 0.02108230 -0.03745697 0.09370907
v 0.02664105 -0.03361260 0.33009502
v 0.02172277 -0.03708719 0.33028120
v 0.02108230 -0.03745697 0.09370907
v 0.02172277 -0.03708719 0.33028120
v 0.01561409 -0.03997904 0.09389525
v 0.01561409 -0.03997904 0.09389525
v 0.02172277 -0.03708719 0.33028120
v 0.01618127 -0.03977801 0.33013362
v 0.01561409 -0.03997904 0.09389525
v 0.01618127 -0.03977801 0.33013362
v 0.00951118 -0.04186193 0.09389524
v 0.00951118 -0.04186193 0.09389524
v 0.01618127 -0.03977801 0.33013362
v 0.01010200 -0.04174767 0.33013362
v 0.00951118 -0.04186193 0.09389524
v 0.01010200 -0.04174767 0.33013362
v 0.00283005 -0.04291484 0.09370907
v 0.00283005 -0.04291484 0.09370907
v 0.01010200 -0.04174767 0.33013362
v 0.00356754 -0.04285956 0.33028120
v 0.00283005 -0.04291484 0.09370907
v 0.00356754 -0.04285956 0.33028120
v -0.00329010 -0.04263626 0.09591949
v -0.00329010 -0.04263626 0.09591949
v 0.00356754 -0.04285956 0.33028120
v -0.00308661 -0.04264380 0.32803984
v -0.00329010 -0.04263626 0.09591949
v -0.00308661 -0.04264380 0.32803984
v -0.01010205 -0.04174769 0.09385672
v -0.01010205 -0.04174769 0.09385672
v -0.00308661 -0.04264380 0.32803984
v -0.00937778 -0.04170974 0.32803993
v -0.01010205 -0.04174769 0.09385672
v -0.00937778 -0.04170974 0.32803993
v -0.01618133 -0.03977803 0.09385673
v -0.01618133 -0.03977803 0.09385673
v -0.00937778 -0.04170974 0.32803993
v -0.01561413 -0.03997904 0.33009502
v -0.01618133 -0.03977803 0.09385673
v -0.01561413 -0.03997904 0.33009502
v -0.02172283 -0.03708722 0.09370907
v -0.02172283 -0.03708722 0.09370907
v -0.01561413 -0.03997904 0.33009502
v -0.02108236 -0.03745699 0.33028120
v -0.02172283 -0.03708722 0.09370907
v -0.02108236 -0.03745699 0.33028120
v -0.02664110 -0.03361264 0.09389524
v -0.02664110 -0.03361264 0.09389524
v -0.02108236 -0.03745699 0.33028120
v -0.02618343 -0.03400331 0.33013362
v -0.02664110 -0.03361264 0.09389524
v -0.02618343 -0.03400331 0.33013362
v -0.03132319 -0.02926882 0.09389525
v -0.03132319 -0.02926882 0.09389525
v -0.02618343 -0.03400331 0.33013362
v -0.03092885 -0.02972333 0.33013362
v -0.03132319 -0.02926882 0.09389525
v -0.03092885 -0.02972333 0.33013362
v -0.03557560 -0.02400925 0.09370907
v -0.03557560 -0.02400925 0.09370907
v -0.03092885 -0.02972333 0.33013362
v -0.03498336 -0.02478389 0.33013362
v -0.03557560 -0.02400925 0.09370907
v -0.03498336 -0.02478389 0.33013362
v -0.03839443 -0.01856973 0.09591943
v -0.03839443 -0.01856973 0.09591943
v -0.03498336 -0.02478389 0.33013362
v -0.03840570 -0.01910738 0.33028120
v -0.03839443 -0.01856973 0.09591943
v -0.03840570 -0.01910738 0.33028120
v -0.04103087 -0.01222614 0.09385675
v -0.04103087 -0.01222614 0.09385675
v -0.03840570 -0.01910738 0.33028120
v -0.04083441 -0.01279490 0.33009502
v -0.04103087 -0.01222614 0.09385675
v -0.04083441 -0.01279490 0.33009502
v -0.04236474 -0.00597649 0.09385674
v -0.04236474 -0.00597649 0.09385674
v -0.04083441 -0.01279490 0.33009502
v -0.04225524 -0.00656819 0.33009502
v -0.04236474 -0.00597649 0.09385674
v -0.04225524 -0.00656819 0.33009502
v -0.04280518 0.00016799 0.09370906
v -0.04280518 0.00016799 0.09370906
v -0.04225524 -0.00656819 0.33009502
v -0.04280518 -0.00057157 0.33028120
v -0.04280518 0.00016799 0.09370906
v -0.04280518 -0.00057157 0.33028120
v -0.04225524 0.00616464 0.09389526
v -0.04225524 0.00616464 0.09389526
v -0.04280518 -0.00057157 0.33028120
v -0.04236474 0.00557295 0.33013362
v -0.04225524 0.00616464 0.09389526
v -0.04236474 0.00557295 0.33013362
v -0.04083442 0.01239134 0.09389525
v -0.04083442 0.01239134 0.09389525
v -0.04236474 0.00557295 0.33013362
v -0.04103089 0.01182257 0.33013362
v -0.04083442 0.01239134 0.09389525
v -0.04103089 0.01182257 0.33013362
v -0.03829925 0.01834617 0.09595041
v -0.03829925 0.01834617 0.09595041
v -0.04103089 0.01182257 0.33013362
v -0.03839391 0.01820650 0.32822303
v -0.03829925 0.01834617 0.09595041
v -0.03839391 0.01820650 0.32822303
v -0.03529418 0.02388481 0.33009093
v -0.03829925 0.01834617 0.09595041
v -0.03529418 0.02388481 0.33009093
v -0.03515901 0.02421676 0.09370903
v -0.03515901 0.02421676 0.09370903
v -0.03529418 0.02388481 0.33009093
v -0.03092887 0.02931980 0.09385673
v -0.03092887 0.02931980 0.09385673
v -0.03529418 0.02388481 0.33009093
v -0.03132321 0.02886528 0.33009501
v -0.03092887 0.02931980 0.09385673
v -0.03132321 0.02886528 0.33009501
v -0.02618347 0.03359976 0.09385673
v -0.02618347 0.03359976 0.09385673
v -0.03132321 0.02886528 0.33009501
v -0.02664117 0.03320907 0.33009501
v -0.02618347 0.03359976 0.09385673
v -0.02664117 0.03320907 0.33009501
v -0.02108239 0.03705347 0.09370906
v -0.02108239 0.03705347 0.09370906
v -0.02664117 0.03320907 0.33009501
v -0.02172288 0.03668368 0.33028120
v -0.02108239 0.03705347 0.09370906
v -0.02172288 0.03668368 0.33028120
v -0.01561413 0.03957552 0.09389525
v -0.01561413 0.03957552 0.09389525
v -0.02172288 0.03668368 0.33028120
v -0.01618134 0.03937450 0.33013362
v -0.01561413 0.03957552 0.09389525
v -0.01618134 0.03937450 0.33013362
v -0.00937784 0.04130622 0.09595033
v -0.00937784 0.04130622 0.09595033
v -0.01618134 0.03937450 0.33013362
v -0.01010208 0.04134415 0.33013350
v -0.00937784 0.04130622 0.09595033
v -0.01010208 0.04134415 0.33013350
v -0.00283016 0.04251131 0.09370907
v -0.00283016 0.04251131 0.09370907
v -0.01010208 0.04134415 0.33013350
v -0.00329015 0.04223274 0.32807084
v -0.00283016 0.04251131 0.09370907
v -0.00329015 0.04223274 0.32807084
v 0.00379701 0.04238575 0.09385675
v 0.00379701 0.04238575 0.09385675
v -0.00329015 0.04223274 0.32807084
v 0.00283003 0.04251132 0.33028120
v 0.00379701 0.04238575 0.09385675
v 0.00283003 0.04251132 0.33028120
v 0.01010196 0.04134415 0.09385676
v 0.00951116 0.04145841 0.33009501
v 0.01010196 0.04134415 0.09385676
v 0.00951116 0.04145841 0.33009501
v 0.01618122 0.03937450 0.09385674
v 0.01618122 0.03937450 0.09385674
v 0.00951116 0.04145841 0.33009501
v 0.01561400 0.03957554 0.33009501
v 0.01618122 0.03937450 0.09385674
v 0.01561400 0.03957554 0.33009501
v 0.02172275 0.03668369 0.09370906
v 0.02172275 0.03668369 0.09370906
v 0.01561400 0.03957554 0.33009501
v 0.02108225 0.03705350 0.33028132
v 0.02172275 0.03668369 0.09370906
v 0.02108225 0.03705350 0.33028132
v 0.02664105 0.03320908 0.09389525
v 0.02664105 0.03320908 0.09389525
v 0.02108225 0.03705350 0.33028132
v 0.02618336 0.03359979 0.33013362
v 0.02664105 0.03320908 0.09389525
v 0.02618336 0.03359979 0.33013362
v 0.03132310 0.02886529 0.09389524
v 0.03132310 0.02886529 0.09389524
v 0.02618336 0.03359979 0.33013362
v 0.03092875 0.02931984 0.33013362
v 0.03132310 0.02886529 0.09389524
v 0.03092875 0.02931984 0.33013362
v 0.03521254 0.02369236 0.09595045
v 0.03521254 0.02369236 0.09595045
v 0.03092875 0.02931984 0.33013362
v 0.03516319 0.02421230 0.33028352
v 0.03521254 0.02369236 0.09595045
v 0.03516319 0.02421230 0.33028352
v 0.03831338 0.01831214 0.32804792
v 0.03521254 0.02369236 0.09595045
v 0.03831338 0.01831214 0.32804792
v 0.03872650 0.01803753 0.09370903
v 0.03872650 0.01803753 0.09370903
v 0.03831338 0.01831214 0.32804792
v 0.04103079 0.01182260 0.09385673
v 0.04103079 0.01182260 0.09385673
v 0.03831338 0.01831214 0.32804792
v 0.04083432 0.01239140 0.33009502
v 0.04103079 0.01182260 0.09385673
v 0.04083432 0.01239140 0.33009502
v 0.04236464 0.00557298 0.09385675
v 0.04236464 0.00557298 0.09385675
v 0.04083432 0.01239140 0.33009502
v 0.04225514 0.00616470 0.33009502
vn -0.19087992 -0.31493490 0.92972085
vn -0.19087992 -0.31493490 0.92972085
vn -0.19087992 -0.31493490 0.92972085
vn -0.32228980 -0.94434987 -0.06582262
vn -0.32228980 -0.94434987 -0.06582262
vn -0.32228980 -0.94434987 -0.06582262
vn -0.05324282 -0.24251732 -0.96868496
vn -0.05324282 -0.24251732 -0.96868496
vn -0.05324282 -0.24251732 -0.96868496
vn -0.06486008 -0.98761037 0.14289484
vn -0.06486008 -0.98761037 0.14289484
vn -0.06486008 -0.98761037 0.14289484
vn 0.00000000 -0.00000004 -1.00000000
vn 0.00000000 -0.00000004 -1.00000000
vn 0.00000000 -0.00000004 -1.00000000
vn 0.00074474 -0.00899977 -0.99995922
vn 0.00074474 -0.00899977 -0.99995922
vn 0.00074474 -0.00899977 -0.99995922
vn -0.17598085 -0.07736113 -0.98134907
vn -0.17598085 -0.07736113 -0.98134907
vn -0.17598085 -0.07736113 -0.98134907
vn -0.82271088 -0.44268805 -0.35661479
vn -0.82271088 -0.44268805 -0.35661479
vn -0.82271088 -0.44268805 -0.35661479
vn 0.61669436 0.07977395 0.78315017
vn 0.61669436 0.07977395 0.78315017
vn 0.61669436 0.07977395 0.78315017
vn 0.05275459 0.17846691 -0.98253067
vn 0.05275459 0.17846691 -0.98253067
vn 0.05275459 0.17846691 -0.98253067
vn 0.18686041 0.88471701 -0.42703513
vn 0.18686041 0.88471701 -0.42703513
vn 0.18686041 0.88471701 -0.42703513
vn -0.45609940 0.41771183 0.78580542
vn -0.45609940 0.41771183 0.78580542
vn -0.45609940 0.41771183 0.78580542
vn 0.09884036 -0.15027220 -0.98369144
vn 0.09884036 -0.15027220 -0.98369144
vn 0.09884036 -0.15027220 -0.98369144
vn 0.53394382 -0.68678824 -0.49317938
vn 0.53394382 -0.68678824 -0.49317938
vn 0.53394382 -0.68678824 -0.49317938
vn 0.34036434 -0.13464523 0.93060345
vn 0.34036434 -0.13464523 0.93060345
vn 0.34036434 -0.13464523 0.93060345
vn -0.11712657 0.34804961 0.93013055
vn -0.11712657 0.34804961 0.93013055
vn -0.11712657 0.34804961 0.93013055
vn -0.07282557 0.11933556 0.99017951
vn -0.07282557 0.11933556 0.99017951
vn -0.07282557 0.11933556 0.99017951
vn -0.00479098 -0.01010154 0.99993750
vn -0.00479098 -0.01010154 0.99993750
vn -0.00479098 -0.01010154 0.99993750
vn -0.00000000 0.00000004 1.00000000
vn -0.00000000 0.00000004 1.00000000
vn -0.00000000 0.00000004 1.00000000
vn -0.54061932 -0.80785392 -0.23473986
vn -0.54061932 -0.80785392 -0.23473986
vn -0.54061932 -0.80785392 -0.23473986
vn -0.87140530 -0.46913544 0.14340412
vn -0.87140530 -0.46913544 0.14340412
vn -0.87140530 -0.46913544 0.14340412
vn -0.34864259 -0.14015636 0.92671708
vn -0.34864259 -0.14015636 0.92671708
vn -0.34864259 -0.14015636 0.92671708
vn 0.98368075 -0.17425235 0.04481397
vn 0.98368075 -0.17425235 0.04481397
vn 0.98368075 -0.17425235 0.04481397
vn 0.96217868 -0.26357342 0.06885670
vn 0.96217868 -0.26357342 0.06885670
vn 0.96217868 -0.26357342 0.06885670
vn 0.96123415 -0.27140187 0.04868202
vn 0.96123415 -0.27140187 0.04868202
vn 0.96123415 -0.27140187 0.04868202
vn 0.91820012 -0.39317670 0.04817295
vn 0.91820012 -0.39317670 0.04817295
vn 0.91820012 -0.39317670 0.04817295
vn 0.26828437 -0.17381455 0.94752942
vn 0.26828437 -0.17381455 0.94752942
vn 0.26828437 -0.17381455 0.94752942
vn 0.85536362 -0.51651324 0.03958716
vn 0.85536362 -0.51651324 0.03958716
vn 0.85536362 -0.51651324 0.03958716
vn 0.79952204 -0.59779534 0.05835450
vn 0.79952204 -0.59779534 0.05835450
vn 0.79952204 -0.59779534 0.05835450
vn 0.78404070 -0.61383683 0.09211151
vn 0.78404070 -0.61383683 0.09211151
vn 0.78404070 -0.61383683 0.09211151
vn 0.75772077 -0.65088378 0.04700579
vn 0.75772077 -0.65088378 0.04700579
vn 0.75772077 -0.65088378 0.04700579
vn 0.69592830 -0.71445070 0.07241548
vn 0.69592830 -0.71445070 0.07241548
vn 0.69592830 -0.71445070 0.07241548
vn 0.68904207 -0.72339207 0.04387421
vn 0.68904207 -0.72339207 0.04387421
vn 0.68904207 -0.72339207 0.04387421
vn 0.61660116 -0.78590909 0.04636711
vn 0.61660116 -0.78590909 0.04636711
vn 0.61660116 -0.78590909 0.04636711
vn 0.41003057 -0.80171399 0.43489035
vn 0.41003057 -0.80171399 0.43489035
vn 0.41003057 -0.80171399 0.43489035
vn 0.45704611 -0.88817848 0.04741128
vn 0.45704611 -0.88817848 0.04741128
vn 0.45704611 -0.88817848 0.04741128
vn 0.38358643 -0.92165057 0.05849509
vn 0.38358643 -0.92165057 0.05849509
vn 0.38358643 -0.92165057 0.05849509
vn 0.32729586 -0.93418470 0.14204356
vn 0.32729586 -0.93418470 0.14204356
vn 0.32729586 -0.93418470 0.14204356
vn 0.22447138 -0.97397019 0.03153832
vn 0.22447138 -0.97397019 0.03153832
vn 0.22447138 -0.97397019 0.03153832
vn 0.12624081 -0.99032673 0.05758669
vn 0.12624081 -0.99032673 0.05758669
vn 0.12624081 -0.99032673 0.05758669
vn 0.09835661 -0.99002368 0.10089147
vn 0.09835661 -0.99002368 0.10089147
vn 0.09835661 -0.99002368 0.10089147
vn 0.06579535 -0.99612951 0.05828362
vn 0.06579535 -0.99612951 0.05828362
vn 0.06579535 -0.99612951 0.05828362
vn -0.06529111 -0.99009253 0.12431356
vn -0.06529111 -0.99009253 0.12431356
vn -0.06529111 -0.99009253 0.12431356
vn -0.14560538 -0.96607284 0.21331276
vn -0.14560538 -0.96607284 0.21331276
vn -0.14560538 -0.96607284 0.21331276
vn -0.32345266 -0.94534100 0.04133732
vn -0.32345266 -0.94534100 0.04133732
vn -0.32345266 -0.94534100 0.04133732
vn -0.41824338 -0.90552459 0.07139805
vn -0.41824338 -0.90552459 0.07139805
vn -0.41824338 -0.90552459 0.07139805
vn -0.42747072 -0.90281179 0.04690041
vn -0.42747072 -0.90281179 0.04690041
vn -0.42747072 -0.90281179 0.04690041
vn -0.54070760 -0.83961176 0.05184003
vn -0.54070760 -0.83961176 0.05184003
vn -0.54070760 -0.83961176 0.05184003
vn -0.21544430 -0.23463073 0.94790937
vn -0.21544430 -0.23463073 0.94790937
vn -0.21544430 -0.23463073 0.94790937
vn -0.65199273 -0.75721065 0.03921113
vn -0.65199273 -0.75721065 0.03921113
vn -0.65199273 -0.75721065 0.03921113
vn -0.72250061 -0.68851118 0.06281106
vn -0.72250061 -0.68851118 0.06281106
vn -0.72250061 -0.68851118 0.06281106
vn -0.73439354 -0.67223058 0.09365986
vn -0.73439354 -0.67223058 0.09365986
vn -0.73439354 -0.67223058 0.09365986
vn -0.76804833 -0.63876196 0.04566100
vn -0.76804833 -0.63876196 0.04566100
vn -0.76804833 -0.63876196 0.04566100
vn -0.82191904 -0.56526551 0.07017117
vn -0.82191904 -0.56526551 0.07017117
vn -0.82191904 -0.56526551 0.07017117
vn -0.82784696 -0.55890356 0.04791897
vn -0.82784696 -0.55890356 0.04791897
vn -0.82784696 -0.55890356 0.04791897
vn -0.87808237 -0.47613364 0.04762472
vn -0.87808237 -0.47613364 0.04762472
vn -0.87808237 -0.47613364 0.04762472
vn -0.88717765 -0.27960773 0.36706312
vn -0.88717765 -0.27960773 0.36706312
vn -0.88717765 -0.27960773 0.36706312
vn -0.95217610 -0.30237382 0.04394028
vn -0.95217610 -0.30237382 0.04394028
vn -0.95217610 -0.30237382 0.04394028
vn -0.97262599 -0.22475315 0.05903132
vn -0.97262599 -0.22475315 0.05903132
vn -0.97262599 -0.22475315 0.05903132
vn -0.97478911 -0.20373261 0.09099020
vn -0.97478911 -0.20373261 0.09099020
vn -0.97478911 -0.20373261 0.09099020
vn -0.98638321 -0.15851161 0.04384322
vn -0.98638321 -0.15851161 0.04384322
vn -0.98638321 -0.15851161 0.04384322
vn -0.99557317 -0.06244194 0.07025002
vn -0.99557317 -0.06244194 0.07025002
vn -0.99557317 -0.06244194 0.07025002
vn -0.99634309 -0.07057288 0.04816549
vn -0.99634309 -0.07057288 0.04816549
vn -0.99634309 -0.07057288 0.04816549
vn -0.99759282 0.03882438 0.05745644
vn -0.99759282 0.03882438 0.05745644
vn -0.99759282 0.03882438 0.05745644
vn -0.99259245 0.06761624 0.10093701
vn -0.99259245 0.06761624 0.10093701
vn -0.99259245 0.06761624 0.10093701
vn -0.99229449 0.11843342 0.03640300
vn -0.99229449 0.11843342 0.03640300
vn -0.99229449 0.11843342 0.03640300
vn -0.96829891 0.22570842 0.10701832
vn -0.96829891 0.22570842 0.10701832
vn -0.96829891 0.22570842 0.10701832
vn -0.97821992 0.20273735 0.04453490
vn -0.97821992 0.20273735 0.04453490
vn -0.97821992 0.20273735 0.04453490
vn -0.95146712 0.30197807 0.05932591
vn -0.95146712 0.30197807 0.05932591
vn -0.95146712 0.30197807 0.05932591
vn -0.92463518 0.35295902 0.14307238
vn -0.92463518 0.35295902 0.14307238
vn -0.92463518 0.35295902 0.14307238
vn -0.54807949 0.83575980 0.03338312
vn -0.54807949 0.83575980 0.03338312
vn -0.54807949 0.83575980 0.03338312
vn -0.41924179 0.90537547 0.06731698
vn -0.41924179 0.90537547 0.06731698
vn -0.41924179 0.90537547 0.06731698
vn -0.41348605 0.90916811 0.04942301
vn -0.41348605 0.90916811 0.04942301
vn -0.41348605 0.90916811 0.04942301
vn -0.29232669 0.95507332 0.04878588
vn -0.29232669 0.95507332 0.04878588
vn -0.29232669 0.95507332 0.04878588
vn -0.04022296 0.31630457 0.94780459
vn -0.04022296 0.31630457 0.94780459
vn -0.04022296 0.31630457 0.94780459
vn -0.15756953 0.98674879 0.03871256
vn -0.15756953 0.98674879 0.03871256
vn -0.15756953 0.98674879 0.03871256
vn -0.05951709 0.99657208 0.05746138
vn -0.05951709 0.99657208 0.05746138
vn -0.05951709 0.99657208 0.05746138
vn -0.03701478 0.99510438 0.09163610
vn -0.03701478 0.99510438 0.09163610
vn -0.03701478 0.99510438 0.09163610
vn 0.00795569 0.99889164 0.04639185
vn 0.00795569 0.99889164 0.04639185
vn 0.00795569 0.99889164 0.04639185
vn 0.09772052 0.99265349 0.07134245
vn 0.09772052 0.99265349 0.07134245
vn 0.09772052 0.99265349 0.07134245
vn 0.10761345 0.99311723 0.04623313
vn 0.10761345 0.99311723 0.04623313
vn 0.10761345 0.99311723 0.04623313
vn 0.20267394 0.97809322 0.04750709
vn 0.20267394 0.97809322 0.04750709
vn 0.20267394 0.97809322 0.04750709
vn 0.35365799 0.84502234 0.40107764
vn 0.35365799 0.84502234 0.40107764
vn 0.35365799 0.84502234 0.40107764
vn 0.38349235 0.92234357 0.04707395
vn 0.38349235 0.92234357 0.04707395
vn 0.38349235 0.92234357 0.04707395
vn 0.45622044 0.88799629 0.05766708
vn 0.45622044 0.88799629 0.05766708
vn 0.45622044 0.88799629 0.05766708
vn 0.59737271 0.79930284 0.06527493
vn 0.59737271 0.79930284 0.06527493
vn 0.59737271 0.79930284 0.06527493
vn 0.51568395 0.85563569 0.04424514
vn 0.51568395 0.85563569 0.04424514
vn 0.51568395 0.85563569 0.04424514
vn 0.47574580 0.87475585 0.09202246
vn 0.47574580 0.87475585 0.09202246
vn 0.47574580 0.87475585 0.09202246
vn 0.58727627 0.80894797 0.02664132
vn 0.58727627 0.80894797 0.02664132
vn 0.58727627 0.80894797 0.02664132
vn 0.67490442 0.73580937 0.05557508
vn 0.67490442 0.73580937 0.05557508
vn 0.67490442 0.73580937 0.05557508
vn 0.69326367 0.71370171 0.10007674
vn 0.69326367 0.71370171 0.10007674
vn 0.69326367 0.71370171 0.10007674
vn 0.73106676 0.68137441 0.03564153
vn 0.73106676 0.68137441 0.03564153
vn 0.73106676 0.68137441 0.03564153
vn 0.79558859 0.59701721 0.10300122
vn 0.79558859 0.59701721 0.10300122
vn 0.79558859 0.59701721 0.10300122
vn 0.48691606 0.28212377 0.82663107
vn 0.48691606 0.28212377 0.82663107
vn 0.48691606 0.28212377 0.82663107
vn 0.99619568 0.02423920 0.08370555
vn 0.99619568 0.02423920 0.08370555
vn 0.99619568 0.02423920 0.08370555
vn 0.99899511 -0.04027220 0.01967033
vn 0.99899511 -0.04027220 0.01967033
vn 0.99899511 -0.04027220 0.01967033
vn 0.99319706 -0.10753881 0.04466556
vn 0.99319706 -0.10753881 0.04466556
vn 0.99319706 -0.10753881 0.04466556
vn 0.98732683 -0.13204565 0.08803224
vn 0.98732683 -0.13204565 0.08803224
vn 0.98732683 -0.13204565 0.08803224
vn 0.67325366 -0.73749833 -0.05315751
vn 0.67325366 -0.73749833 -0.05315751
vn 0.67325366 -0.73749833 -0.05315751
vn 0.69325380 -0.71369119 -0.10022007
vn 0.69325380 -0.71369119 -0.10022007
vn 0.69325380 -0.71369119 -0.10022007
vn 0.72201734 -0.69001237 -0.05073352
vn 0.72201734 -0.69001237 -0.05073352
vn 0.72201734 -0.69001237 -0.05073352
vn 0.76710313 -0.63957468 -0.04997009
vn 0.76710313 -0.63957468 -0.04997009
vn 0.76710313 -0.63957468 -0.04997009
vn 0.78220662 -0.61737395 -0.08367924
vn 0.78220662 -0.61737395 -0.08367924
vn 0.78220662 -0.61737395 -0.08367924
vn 0.82747288 -0.56136383 0.01262058
vn 0.82747288 -0.56136383 0.01262058
vn 0.82747288 -0.56136383 0.01262058
vn 0.87074652 -0.47758423 -0.11710595
vn 0.87074652 -0.47758423 -0.11710595
vn 0.87074652 -0.47758423 -0.11710595
vn 0.58984523 -0.80687617 -0.03214741
vn 0.58984523 -0.80687617 -0.03214741
vn 0.58984523 -0.80687617 -0.03214741
vn 0.61005552 -0.78417648 -0.11357599
vn 0.61005552 -0.78417648 -0.11357599
vn 0.61005552 -0.78417648 -0.11357599
vn 0.52371469 -0.85140190 -0.02894349
vn 0.52371469 -0.85140190 -0.02894349
vn 0.52371469 -0.85140190 -0.02894349
vn 0.42554227 -0.90493774 -0.00120998
vn 0.42554227 -0.90493774 -0.00120998
vn 0.42554227 -0.90493774 -0.00120998
vn 0.48072676 -0.87256940 -0.08674345
vn 0.48072676 -0.87256940 -0.08674345
vn 0.48072676 -0.87256940 -0.08674345
vn 0.06011350 -0.99716417 -0.04527671
vn 0.06011350 -0.99716417 -0.04527671
vn 0.06011350 -0.99716417 -0.04527671
vn 0.09755244 -0.99002562 -0.10165031
vn 0.09755244 -0.99002562 -0.10165031
vn 0.09755244 -0.99002562 -0.10165031
vn 0.13810248 -0.98926559 -0.04776287
vn 0.13810248 -0.98926559 -0.04776287
vn 0.13810248 -0.98926559 -0.04776287
vn 0.20432055 -0.97780830 -0.04630373
vn 0.20432055 -0.97780830 -0.04630373
vn 0.20432055 -0.97780830 -0.04630373
vn 0.23926579 -0.96654676 -0.09240801
vn 0.23926579 -0.96654676 -0.09240801
vn 0.23926579 -0.96654676 -0.09240801
vn 0.30096933 -0.95356098 -0.01178642
vn 0.30096933 -0.95356098 -0.01178642
vn 0.30096933 -0.95356098 -0.01178642
vn 0.35930268 -0.92858207 -0.09293503
vn 0.35930268 -0.92858207 -0.09293503
vn 0.35930268 -0.92858207 -0.09293503
vn -0.44066772 -0.89522589 -0.06620100
vn -0.44066772 -0.89522589 -0.06620100
vn -0.44066772 -0.89522589 -0.06620100
vn -0.41800015 -0.90276997 -0.10140146
vn -0.41800015 -0.90276997 -0.10140146
vn -0.41800015 -0.90276997 -0.10140146
vn -0.38494501 -0.92157481 -0.05017185
vn -0.38494501 -0.92157481 -0.05017185
vn -0.38494501 -0.92157481 -0.05017185
vn -0.32202572 -0.94551928 -0.04788236
vn -0.32202572 -0.94551928 -0.04788236
vn -0.32202572 -0.94551928 -0.04788236
vn -0.28823021 -0.95323549 -0.09091447
vn -0.28823021 -0.95323549 -0.09091447
vn -0.28823021 -0.95323549 -0.09091447
vn -0.22677599 -0.97393777 -0.00422839
vn -0.22677599 -0.97393777 -0.00422839
vn -0.22677599 -0.97393777 -0.00422839
vn -0.12723531 -0.98358094 -0.12798326
vn -0.12723531 -0.98358094 -0.12798326
vn -0.12723531 -0.98358094 -0.12798326
vn -0.16270350 -0.98585526 -0.04021163
vn -0.16270350 -0.98585526 -0.04021163
vn -0.16270350 -0.98585526 -0.04021163
vn -0.05057007 -0.99706219 -0.05752963
vn -0.05057007 -0.99706219 -0.05752963
vn -0.05057007 -0.99706219 -0.05752963
vn -0.03697189 -0.99558434 -0.08628379
vn -0.03697189 -0.99558434 -0.08628379
vn -0.03697189 -0.99558434 -0.08628379
vn -0.83919230 -0.54086399 -0.05676654
vn -0.83919230 -0.54086399 -0.05676654
vn -0.83919230 -0.54086399 -0.05676654
vn -0.81996047 -0.56330527 -0.10174480
vn -0.81996047 -0.56330527 -0.10174480
vn -0.81996047 -0.56330527 -0.10174480
vn -0.80062283 -0.59699989 -0.05093341
vn -0.80062283 -0.59699989 -0.05093341
vn -0.80062283 -0.59699989 -0.05093341
vn -0.75846818 -0.64971738 -0.05092486
vn -0.75846818 -0.64971738 -0.05092486
vn -0.75846818 -0.64971738 -0.05092486
vn -0.73528596 -0.67160338 -0.09112337
vn -0.73528596 -0.67160338 -0.09112337
vn -0.73528596 -0.67160338 -0.09112337
vn -0.69132963 -0.72253781 0.00156361
vn -0.69132963 -0.72253781 0.00156361
vn -0.69132963 -0.72253781 0.00156361
vn -0.61621793 -0.77916275 -0.11480802
vn -0.61621793 -0.77916275 -0.11480802
vn -0.61621793 -0.77916275 -0.11480802
vn -0.55400507 -0.82529708 -0.10937604
vn -0.55400507 -0.82529708 -0.10937604
vn -0.55400507 -0.82529708 -0.10937604
vn -0.87876532 -0.47546772 -0.04125474
vn -0.87876532 -0.47546772 -0.04125474
vn -0.87876532 -0.47546772 -0.04125474
vn -0.94318749 -0.32007636 -0.08915428
vn -0.94318749 -0.32007636 -0.08915428
vn -0.94318749 -0.32007636 -0.08915428
vn -0.96293152 -0.26952962 -0.01080136
vn -0.96293152 -0.26952962 -0.01080136
vn -0.96293152 -0.26952962 -0.01080136
vn -0.97514992 -0.20244866 -0.08998431
vn -0.97514992 -0.20244866 -0.08998431
vn -0.97514992 -0.20244866 -0.08998431
vn -0.98571500 -0.16375311 -0.03938084
vn -0.98571500 -0.16375311 -0.03938084
vn -0.98571500 -0.16375311 -0.03938084
vn -0.99357583 -0.06775692 -0.09064256
vn -0.99357583 -0.06775692 -0.09064256
vn -0.99357583 -0.06775692 -0.09064256
vn -0.99545270 -0.06036191 -0.07369104
vn -0.99545270 -0.06036191 -0.07369104
vn -0.99545270 -0.06036191 -0.07369104
vn -0.99692740 0.07071125 -0.03369978
vn -0.99692740 0.07071125 -0.03369978
vn -0.99692740 0.07071125 -0.03369978
vn -0.99104045 0.03835806 -0.12793544
vn -0.99104045 0.03835806 -0.12793544
vn -0.99104045 0.03835806 -0.12793544
vn -0.98812287 0.14999155 -0.03340262
vn -0.98812287 0.14999155 -0.03340262
vn -0.98812287 0.14999155 -0.03340262
vn -0.96580709 0.25922522 0.00435319
vn -0.96580709 0.25922522 0.00435319
vn -0.96580709 0.25922522 0.00435319
vn -0.97608224 0.19934548 -0.08674586
vn -0.97608224 0.19934548 -0.08674586
vn -0.97608224 0.19934548 -0.08674586
vn -0.80038409 0.59787037 -0.04400365
vn -0.80038409 0.59787037 -0.04400365
vn -0.80038409 0.59787037 -0.04400365
vn -0.81971903 0.56361309 -0.10198529
vn -0.81971903 0.56361309 -0.10198529
vn -0.81971903 0.56361309 -0.10198529
vn -0.84463883 0.53310117 -0.04887113
vn -0.84463883 0.53310117 -0.04887113
vn -0.84463883 0.53310117 -0.04887113
vn -0.87869140 0.47512729 -0.04642707
vn -0.87869140 0.47512729 -0.04642707
vn -0.87869140 0.47512729 -0.04642707
vn -0.89250760 0.44166316 -0.09145403
vn -0.89250760 0.44166316 -0.09145403
vn -0.89250760 0.44166316 -0.09145403
vn -0.92251066 0.38576214 -0.01271470
vn -0.92251066 0.38576214 -0.01271470
vn -0.92251066 0.38576214 -0.01271470
vn -0.93967281 0.33050004 -0.08823114
vn -0.93967281 0.33050004 -0.08823114
vn -0.93967281 0.33050004 -0.08823114
vn -0.38417560 0.92223720 -0.04344718
vn -0.38417560 0.92223720 -0.04344718
vn -0.38417560 0.92223720 -0.04344718
vn -0.41718946 0.90308583 -0.10192613
vn -0.41718946 0.90308583 -0.10192613
vn -0.41718946 0.90308583 -0.10192613
vn -0.45536141 0.88896271 -0.04890085
vn -0.45536141 0.88896271 -0.04890085
vn -0.45536141 0.88896271 -0.04890085
vn -0.51424521 0.85620642 -0.04962285
vn -0.51424521 0.85620642 -0.04962285
vn -0.51424521 0.85620642 -0.04962285
vn -0.53760607 0.83868788 -0.08707675
vn -0.53760607 0.83868788 -0.08707675
vn -0.53760607 0.83868788 -0.08707675
vn -0.59738232 0.80193996 0.00516418
vn -0.59738232 0.80193996 0.00516418
vn -0.59738232 0.80193996 0.00516418
vn -0.66881668 0.73178496 -0.13105351
vn -0.66881668 0.73178496 -0.13105351
vn -0.66881668 0.73178496 -0.13105351
vn -0.64888891 0.75979681 -0.04064477
vn -0.64888891 0.75979681 -0.04064477
vn -0.64888891 0.75979681 -0.04064477
vn -0.72858250 0.68202175 -0.06335511
vn -0.72858250 0.68202175 -0.06335511
vn -0.72858250 0.68202175 -0.06335511
vn -0.73484123 0.67263038 -0.08704448
vn -0.73484123 0.67263038 -0.08704448
vn -0.73484123 0.67263038 -0.08704448
vn 0.12864456 0.99015988 -0.05508166
vn 0.12864456 0.99015988 -0.05508166
vn 0.12864456 0.99015988 -0.05508166
vn 0.09835384 0.99000632 -0.10106439
vn 0.09835384 0.99000632 -0.10106439
vn 0.09835384 0.99000632 -0.10106439
vn 0.06089570 0.99685757 -0.05066262
vn 0.06089570 0.99685757 -0.05066262
vn 0.06089570 0.99685757 -0.05066262
vn -0.00666004 0.99872117 -0.05011651
vn -0.00666004 0.99872117 -0.05011651
vn -0.00666004 0.99872117 -0.05011651
vn -0.03348268 0.99589583 -0.08408566
vn -0.03348268 0.99589583 -0.08408566
vn -0.03348268 0.99589583 -0.08408566
vn -0.10548905 0.99436293 0.01069672
vn -0.10548905 0.99436293 0.01069672
vn -0.10548905 0.99436293 0.01069672
vn -0.19716036 0.97302000 -0.11983265
vn -0.19716036 0.97302000 -0.11983265
vn -0.19716036 0.97302000 -0.11983265
vn -0.28126787 0.95586268 -0.08494066
vn -0.28126787 0.95586268 -0.08494066
vn -0.28126787 0.95586268 -0.08494066
vn 0.75215184 0.65798098 -0.03645043
vn 0.75215184 0.65798098 -0.03645043
vn 0.75215184 0.65798098 -0.03645043
vn 0.69372132 0.71238729 -0.10608991
vn 0.69372132 0.71238729 -0.10608991
vn 0.69372132 0.71238729 -0.10608991
vn 0.67452188 0.73682136 -0.04598382
vn 0.67452188 0.73682136 -0.04598382
vn 0.67452188 0.73682136 -0.04598382
vn 0.61475775 0.78742177 -0.04516486
vn 0.61475775 0.78742177 -0.04516486
vn 0.61475775 0.78742177 -0.04516486
vn 0.58477182 0.80613666 -0.09047435
vn 0.58477182 0.80613666 -0.09047435
vn 0.58477182 0.80613666 -0.09047435
vn 0.56016277 0.82696059 -0.04851653
vn 0.56016277 0.82696059 -0.04851653
vn 0.56016277 0.82696059 -0.04851653
vn 0.50272008 0.86299681 -0.05009024
vn 0.50272008 0.86299681 -0.05009024
vn 0.50272008 0.86299681 -0.05009024
vn 0.47468388 0.87557551 -0.08968128
vn 0.47468388 0.87557551 -0.08968128
vn 0.47468388 0.87557551 -0.08968128
vn 0.41580352 0.90939729 -0.01019793
vn 0.41580352 0.90939729 -0.01019793
vn 0.41580352 0.90939729 -0.01019793
vn 0.37264654 0.92484365 -0.07614966
vn 0.37264654 0.92484365 -0.07614966
vn 0.37264654 0.92484365 -0.07614966
vn 0.31234744 0.94990438 -0.01098874
vn 0.31234744 0.94990438 -0.01098874
vn 0.31234744 0.94990438 -0.01098874
vn 0.20499512 0.97116891 -0.12168792
vn 0.20499512 0.97116891 -0.12168792
vn 0.20499512 0.97116891 -0.12168792
vn 0.23523498 0.97136047 -0.03351638
vn 0.23523498 0.97136047 -0.03351638
vn 0.23523498 0.97136047 -0.03351638
vn 0.98250359 0.18308966 -0.03413014
vn 0.98250359 0.18308966 -0.03413014
vn 0.98250359 0.18308966 -0.03413014
vn 0.95915569 0.26285341 -0.10453917
vn 0.95915569 0.26285341 -0.10453917
vn 0.95915569 0.26285341 -0.10453917
vn 0.95560267 0.29040163 -0.04990419
vn 0.95560267 0.29040163 -0.04990419
vn 0.95560267 0.29040163 -0.04990419
vn 0.93004790 0.36439336 -0.04720581
vn 0.93004790 0.36439336 -0.04720581
vn 0.93004790 0.36439336 -0.04720581
vn 0.91418815 0.39512539 -0.09019958
vn 0.91418815 0.39512539 -0.09019958
vn 0.91418815 0.39512539 -0.09019958
vn 0.89018596 0.45557173 -0.00483278
vn 0.89018596 0.45557173 -0.00483278
vn 0.89018596 0.45557173 -0.00483278
vn 0.83305343 0.53753236 -0.13069409
vn 0.83305343 0.53753236 -0.13069409
vn 0.83305343 0.53753236 -0.13069409
vn 0.85821175 0.51165424 -0.04101857
vn 0.85821175 0.51165424 -0.04101857
vn 0.85821175 0.51165424 -0.04101857
vn 0.80070855 0.59635584 -0.05679375
vn 0.80070855 0.59635584 -0.05679375
vn 0.80070855 0.59635584 -0.05679375
vn 0.78401348 0.61381182 -0.09250896
vn 0.78401348 0.61381182 -0.09250896
vn 0.78401348 0.61381182 -0.09250896
vn 0.91166216 -0.40220146 -0.08429763
vn 0.91166216 -0.40220146 -0.08429763
vn 0.91166216 -0.40220146 -0.08429763
vn 0.95238063 -0.30199391 -0.04208100
vn 0.95238063 -0.30199391 -0.04208100
vn 0.95238063 -0.30199391 -0.04208100
vn 0.95925698 -0.26355341 -0.10181185
vn 0.95925698 -0.26355341 -0.10181185
vn 0.95925698 -0.26355341 -0.10181185
vn 0.97282072 -0.22608180 -0.05006859
vn 0.97282072 -0.22608180 -0.05006859
vn 0.97282072 -0.22608180 -0.05006859
vn 0.98582740 -0.15990544 -0.05074034
vn 0.98582740 -0.15990544 -0.05074034
vn 0.98582740 -0.15990544 -0.05074034
vn 0.98756150 -0.12704695 -0.09263560
vn 0.98756150 -0.12704695 -0.09263560
vn 0.98756150 -0.12704695 -0.09263560
vn 0.99810378 -0.06150860 -0.00235250
vn 0.99810378 -0.06150860 -0.00235250
vn 0.99810378 -0.06150860 -0.00235250
vn 0.99135408 0.03847197 -0.12544714
vn 0.99135408 0.03847197 -0.12544714
vn 0.99135408 0.03847197 -0.12544714
vn 0.99913600 0.00533752 -0.04121603
vn 0.99913600 0.00533752 -0.04121603
vn 0.99913600 0.00533752 -0.04121603
vn 0.99308957 0.10563082 -0.05113930
vn 0.99308957 0.10563082 -0.05113930
vn 0.99308957 0.10563082 -0.05113930
vn 0.98732868 0.13133604 -0.08906694
vn 0.98732868 0.13133604 -0.08906694
vn 0.98732868 0.13133604 -0.08906694
vn -0.25030783 -0.94562982 0.20767821
vn -0.25030783 -0.94562982 0.20767821
vn -0.25030783 -0.94562982 0.20767821
vn 0.27153425 -0.94942659 0.15766519
vn 0.27153425 -0.94942659 0.15766519
vn 0.27153425 -0.94942659 0.15766519
vn 0.49800051 -0.84250933 0.20536192
vn 0.49800051 -0.84250933 0.20536192
vn 0.49800051 -0.84250933 0.20536192
vn 0.90975857 0.38606284 0.15262644
vn 0.90975857 0.38606284 0.15262644
vn 0.90975857 0.38606284 0.15262644
vn 0.90999722 0.38161638 0.16209254
vn 0.90999722 0.38161638 0.16209254
vn 0.90999722 0.38161638 0.16209254
vn 0.32239438 0.92421060 0.20468665
vn 0.32239438 0.92421060 0.20468665
vn 0.32239438 0.92421060 0.20468665
vn -0.56822558 0.81269057 0.12904930
vn -0.56822558 0.81269057 0.12904930
vn -0.56822558 0.81269057 0.12904930
vn -0.88159805 0.44640137 0.15333195
vn -0.88159805 0.44640137 0.15333195
vn -0.88159805 0.44640137 0.15333195
vn -0.87902438 0.44882615 0.16084536
vn -0.87902438 0.44882615 0.16084536
vn -0.87902438 0.44882615 0.16084536
vn -0.91234961 -0.35311939 0.20718322
vn -0.91234961 -0.35311939 0.20718322
vn -0.91234961 -0.35311939 0.20718322
vn -0.88958757 -0.40415323 0.21282413
vn -0.88958757 -0.40415323 0.21282413
vn -0.88958757 -0.40415323 0.21282413
vn -0.60763552 -0.77889467 0.15524873
vn -0.60763552 -0.77889467 0.15524873
vn -0.60763552 -0.77889467 0.15524873
vn -0.56624269 -0.81022852 0.15132401
vn -0.56624269 -0.81022852 0.15132401
vn -0.56624269 -0.81022852 0.15132401
vn -0.16433476 -0.96582519 0.20043897
vn -0.16433476 -0.96582519 0.20043897
vn -0.16433476 -0.96582519 0.20043897
vn -0.14697965 -0.97642277 0.15809986
vn -0.14697965 -0.97642277 0.15809986
vn -0.14697965 -0.97642277 0.15809986
vn -0.07498381 -0.98578138 0.15037450
vn -0.07498381 -0.98578138 0.15037450
vn -0.07498381 -0.98578138 0.15037450
vn 0.32229816 -0.93390838 0.15472245
vn 0.32229816 -0.93390838 0.15472245
vn 0.32229816 -0.93390838 0.15472245
vn 0.54696364 -0.80952902 0.21329216
vn 0.54696364 -0.80952902 0.21329216
vn 0.54696364 -0.80952902 0.21329216
vn 0.86848150 -0.46926524 0.15978115
vn 0.86848150 -0.46926524 0.15978115
vn 0.86848150 -0.46926524 0.15978115
vn 0.89046580 -0.42687040 0.15764621
vn 0.89046580 -0.42687040 0.15764621
vn 0.89046580 -0.42687040 0.15764621
vn 0.98699096 0.05159470 0.15227226
vn 0.98699096 0.05159470 0.15227226
vn 0.98699096 0.05159470 0.15227226
vn 0.97961466 0.13116888 0.15215076
vn 0.97961466 0.13116888 0.15215076
vn 0.97961466 0.13116888 0.15215076
vn 0.97856009 0.12604625 0.16288798
vn 0.97856009 0.12604625 0.16288798
vn 0.97856009 0.12604625 0.16288798
vn 0.95331696 0.25456087 0.16243625
vn 0.95331696 0.25456087 0.16243625
vn 0.95331696 0.25456087 0.16243625
vn 0.95385438 0.26059866 0.14916490
vn 0.95385438 0.26059866 0.14916490
vn 0.95385438 0.26059866 0.14916490
vn 0.85173524 0.50200272 0.15013446
vn 0.85173524 0.50200272 0.15013446
vn 0.85173524 0.50200272 0.15013446
vn 0.85262014 0.49727054 0.16050203
vn 0.85262014 0.49727054 0.16050203
vn 0.85262014 0.49727054 0.16050203
vn 0.80143082 0.57886643 0.15040709
vn 0.80143082 0.57886643 0.15040709
vn 0.80143082 0.57886643 0.15040709
vn 0.26520654 0.94042647 0.21275229
vn 0.26520654 0.94042647 0.21275229
vn 0.26520654 0.94042647 0.21275229
vn -0.20254256 0.96608373 0.16018348
vn -0.20254256 0.96608373 0.16018348
vn -0.20254256 0.96608373 0.16018348
vn -0.24855263 0.95553819 0.15864539
vn -0.24855263 0.95553819 0.15864539
vn -0.24855263 0.95553819 0.15864539
vn -0.63289337 0.75160487 0.18583890
vn -0.63289337 0.75160487 0.18583890
vn -0.63289337 0.75160487 0.18583890
vn -0.64982317 0.74345194 0.15814253
vn -0.64982317 0.74345194 0.15814253
vn -0.64982317 0.74345194 0.15814253
vn -0.73104016 0.66500816 0.15278887
vn -0.73104016 0.66500816 0.15278887
vn -0.73104016 0.66500816 0.15278887
vn -0.72666492 0.66731509 0.16324418
vn -0.72666492 0.66731509 0.16324418
vn -0.72666492 0.66731509 0.16324418
vn -0.80994979 0.56373800 0.16180482
vn -0.80994979 0.56373800 0.16180482
vn -0.80994979 0.56373800 0.16180482
vn -0.81438242 0.56061662 0.14996763
vn -0.81438242 0.56061662 0.14996763
vn -0.81438242 0.56061662 0.14996763
vn -0.92122801 0.35655174 0.15559499
vn -0.92122801 0.35655174 0.15559499
vn -0.92122801 0.35655174 0.15559499
vn -0.91536411 -0.35094042 -0.19735593
vn -0.91536411 -0.35094042 -0.19735593
vn -0.91536411 -0.35094042 -0.19735593
vn -0.89141417 -0.40489820 -0.20356382
vn -0.89141417 -0.40489820 -0.20356382
vn -0.89141417 -0.40489820 -0.20356382
vn -0.60208376 -0.78406846 -0.15077071
vn -0.60208376 -0.78406846 -0.15077071
vn -0.60208376 -0.78406846 -0.15077071
vn -0.56515465 -0.81096054 -0.15147019
vn -0.56515465 -0.81096054 -0.15147019
vn -0.56515465 -0.81096054 -0.15147019
vn 0.87270119 -0.46329760 -0.15410376
vn 0.87270119 -0.46329760 -0.15410376
vn 0.87270119 -0.46329760 -0.15410376
vn 0.89072037 -0.42646465 -0.15730586
vn 0.89072037 -0.42646465 -0.15730586
vn 0.89072037 -0.42646465 -0.15730586
vn -0.20856852 0.96572662 -0.15450329
vn -0.20856852 0.96572662 -0.15450329
vn -0.20856852 0.96572662 -0.15450329
vn -0.24902066 0.95549328 -0.15818122
vn -0.24902066 0.95549328 -0.15818122
vn -0.24902066 0.95549328 -0.15818122
vn -0.53038137 -0.48619010 0.69448887
vn -0.53038137 -0.48619010 0.69448887
vn -0.53038137 -0.48619010 0.69448887
vn -0.48995846 -0.50882579 0.70783969
vn -0.48995846 -0.50882579 0.70783969
vn -0.48995846 -0.50882579 0.70783969
vn -0.46976393 -0.54153472 0.69718146
vn -0.46976393 -0.54153472 0.69718146
vn -0.46976393 -0.54153472 0.69718146
vn -0.38196415 -0.61289998 0.69170587
vn -0.38196415 -0.61289998 0.69170587
vn -0.38196415 -0.61289998 0.69170587
vn -0.30584420 -0.63808198 0.70661921
vn -0.30584420 -0.63808198 0.70661921
vn -0.30584420 -0.63808198 0.70661921
vn -0.29953739 -0.64520044 0.70284688
vn -0.29953739 -0.64520044 0.70284688
vn -0.29953739 -0.64520044 0.70284688
vn -0.22261363 -0.68650521 0.69220934
vn -0.22261363 -0.68650521 0.69220934
vn -0.22261363 -0.68650521 0.69220934
vn -0.14080603 -0.69759586 0.70251952
vn -0.14080603 -0.69759586 0.70251952
vn -0.14080603 -0.69759586 0.70251952
vn -0.11593963 -0.71019126 0.69439642
vn -0.11593963 -0.71019126 0.69439642
vn -0.11593963 -0.71019126 0.69439642
vn 0.03414801 -0.73081624 0.68171955
vn 0.03414801 -0.73081624 0.68171955
vn 0.03414801 -0.73081624 0.68171955
vn -0.01388529 -0.70807934 0.70599635
vn -0.01388529 -0.70807934 0.70599635
vn -0.01388529 -0.70807934 0.70599635
vn 0.07137902 -0.72132774 0.68890590
vn 0.07137902 -0.72132774 0.68890590
vn 0.07137902 -0.72132774 0.68890590
vn 0.15708729 -0.69998142 0.69667037
vn 0.15708729 -0.69998142 0.69667037
vn 0.15708729 -0.69998142 0.69667037
vn 0.19504954 -0.67502639 0.71154413
vn 0.19504954 -0.67502639 0.71154413
vn 0.19504954 -0.67502639 0.71154413
vn 0.27476555 -0.66938245 0.69023984
vn 0.27476555 -0.66938245 0.69023984
vn 0.27476555 -0.66938245 0.69023984
vn 0.33292893 -0.64248216 0.69019925
vn 0.33292893 -0.64248216 0.69019925
vn 0.33292893 -0.64248216 0.69019925
vn 0.39596941 -0.57907385 0.71265819
vn 0.39596941 -0.57907385 0.71265819
vn 0.39596941 -0.57907385 0.71265819
vn 0.43114694 -0.57013514 0.69932699
vn 0.43114694 -0.57013514 0.69932699
vn 0.43114694 -0.57013514 0.69932699
vn 0.50407674 -0.52129560 0.68859098
vn 0.50407674 -0.52129560 0.68859098
vn 0.50407674 -0.52129560 0.68859098
vn 0.54904253 -0.45329966 0.70219065
vn 0.54904253 -0.45329966 0.70219065
vn 0.54904253 -0.45329966 0.70219065
vn 0.57013534 -0.43772607 0.69522772
vn 0.57013534 -0.43772607 0.69522772
vn 0.57013534 -0.43772607 0.69522772
vn 0.60896682 -0.38180478 0.69525860
vn 0.60896682 -0.38180478 0.69525860
vn 0.60896682 -0.38180478 0.69525860
vn 0.60870145 -0.38271880 0.69498839
vn 0.60870145 -0.38271880 0.69498839
vn 0.60870145 -0.38271880 0.69498839
vn 0.69077745 -0.23531952 0.68370406
vn 0.69077745 -0.23531952 0.68370406
vn 0.69077745 -0.23531952 0.68370406
vn 0.66139509 -0.26853907 0.70031657
vn 0.66139509 -0.26853907 0.70031657
vn 0.66139509 -0.26853907 0.70031657
vn 0.69502062 -0.19231909 0.69279125
vn 0.69502062 -0.19231909 0.69279125
vn 0.69502062 -0.19231909 0.69279125
vn 0.69650116 -0.14844365 0.70203321
vn 0.69650116 -0.14844365 0.70203321
vn 0.69650116 -0.14844365 0.70203321
vn 0.72069978 -0.08624741 0.68786133
vn 0.72069978 -0.08624741 0.68786133
vn 0.72069978 -0.08624741 0.68786133
vn 0.72120634 -0.01204729 0.69261554
vn 0.72120634 -0.01204729 0.69261554
vn 0.72120634 -0.01204729 0.69261554
vn 0.69914958 0.05403905 0.71293032
vn 0.69914958 0.05403905 0.71293032
vn 0.69914958 0.05403905 0.71293032
vn 0.70771429 0.09136434 0.70056623
vn 0.70771429 0.09136434 0.70056623
vn 0.70771429 0.09136434 0.70056623
vn 0.69550692 0.18847194 0.69336026
vn 0.69550692 0.18847194 0.69336026
vn 0.69550692 0.18847194 0.69336026
vn 0.66270001 0.24740474 0.70683774
vn 0.66270001 0.24740474 0.70683774
vn 0.66270001 0.24740474 0.70683774
vn 0.65813417 0.27968114 0.69902638
vn 0.65813417 0.27968114 0.69902638
vn 0.65813417 0.27968114 0.69902638
vn 0.63146258 0.32982058 0.70176449
vn 0.63146258 0.32982058 0.70176449
vn 0.63146258 0.32982058 0.70176449
vn 0.62014843 0.37057591 0.69144011
vn 0.62014843 0.37057591 0.69144011
vn 0.62014843 0.37057591 0.69144011
vn 0.54428460 0.48005493 0.68796914
vn 0.54428460 0.48005493 0.68796914
vn 0.54428460 0.48005493 0.68796914
vn 0.55361536 0.44874529 0.70152527
vn 0.55361536 0.44874529 0.70152527
vn 0.55361536 0.44874529 0.70152527
vn 0.50548681 0.52053429 0.68813308
vn 0.50548681 0.52053429 0.68813308
vn 0.50548681 0.52053429 0.68813308
vn 0.41895690 0.57677441 0.70128910
vn 0.41895690 0.57677441 0.70128910
vn 0.41895690 0.57677441 0.70128910
vn 0.40122844 0.58131951 0.70787242
vn 0.40122844 0.58131951 0.70787242
vn 0.40122844 0.58131951 0.70787242
vn 0.34343487 0.63797157 0.68923491
vn 0.34343487 0.63797157 0.68923491
vn 0.34343487 0.63797157 0.68923491
vn 0.27571499 0.66868089 0.69054117
vn 0.27571499 0.66868089 0.69054117
vn 0.27571499 0.66868089 0.69054117
vn 0.21523872 0.67337156 0.70727861
vn 0.21523872 0.67337156 0.70727861
vn 0.21523872 0.67337156 0.70727861
vn 0.15919203 0.70029468 0.69587733
vn 0.15919203 0.70029468 0.69587733
vn 0.15919203 0.70029468 0.69587733
vn 0.08581945 0.70695386 0.70203366
vn 0.08581945 0.70695386 0.70203366
vn 0.08581945 0.70695386 0.70203366
vn 0.07213477 0.71341542 0.69701866
vn 0.07213477 0.71341542 0.69701866
vn 0.07213477 0.71341542 0.69701866
vn -0.03358668 0.72059730 0.69253987
vn -0.03358668 0.72059730 0.69253987
vn -0.03358668 0.72059730 0.69253987
vn -0.07061759 0.70983537 0.70081874
vn -0.07061759 0.70983537 0.70081874
vn -0.07061759 0.70983537 0.70081874
vn -0.10076663 0.71274332 0.69414915
vn -0.10076663 0.71274332 0.69414915
vn -0.10076663 0.71274332 0.69414915
vn -0.24003011 0.68121686 0.69161343
vn -0.24003011 0.68121686 0.69161343
vn -0.24003011 0.68121686 0.69161343
vn -0.22212965 0.67979312 0.69895617
vn -0.22212965 0.67979312 0.69895617
vn -0.22212965 0.67979312 0.69895617
vn -0.30511935 0.66033603 0.68619131
vn -0.30511935 0.66033603 0.68619131
vn -0.30511935 0.66033603 0.68619131
vn -0.37672776 0.60903856 0.69796005
vn -0.37672776 0.60903856 0.69796005
vn -0.37672776 0.60903856 0.69796005
vn -0.39974676 0.57706897 0.71217549
vn -0.39974676 0.57706897 0.71217549
vn -0.39974676 0.57706897 0.71217549
vn -0.46079679 0.55076184 0.69593658
vn -0.46079679 0.55076184 0.69593658
vn -0.46079679 0.55076184 0.69593658
vn -0.52938441 0.48319032 0.69733727
vn -0.52938441 0.48319032 0.69733727
vn -0.52938441 0.48319032 0.69733727
vn -0.54363235 0.45228544 0.70703730
vn -0.54363235 0.45228544 0.70703730
vn -0.54363235 0.45228544 0.70703730
vn -0.58996818 0.40773554 0.69691411
vn -0.58996818 0.40773554 0.69691411
vn -0.58996818 0.40773554 0.69691411
vn -0.60250612 0.38159323 0.70098002
vn -0.60250612 0.38159323 0.70098002
vn -0.60250612 0.38159323 0.70098002
vn -0.64681614 0.32612958 0.68939711
vn -0.64681614 0.32612958 0.68939711
vn -0.64681614 0.32612958 0.68939711
vn -0.68084458 0.22752432 0.69619203
vn -0.68084458 0.22752432 0.69619203
vn -0.68084458 0.22752432 0.69619203
vn -0.68540511 0.22009918 0.69410099
vn -0.68540511 0.22009918 0.69410099
vn -0.68540511 0.22009918 0.69410099
vn -0.69978402 0.15104600 0.69820300
vn -0.70013170 0.15047093 0.69797858
vn -0.69991412 0.15083090 0.69811909
vn -0.70029087 0.15020745 0.69787565
vn -0.72537343 0.04512615 0.68687482
vn -0.72537343 0.04512615 0.68687482
vn -0.72537343 0.04512615 0.68687482
vn -0.70886815 -0.05547007 0.70315647
vn -0.70886815 -0.05547007 0.70315647
vn -0.70886815 -0.05547007 0.70315647
vn -0.70516462 -0.04544257 0.70758592
vn -0.70516462 -0.04544257 0.70758592
vn -0.70516462 -0.04544257 0.70758592
vn -0.70817249 -0.15316531 0.68922574
vn -0.70817249 -0.15316531 0.68922574
vn -0.70817249 -0.15316531 0.68922574
vn -0.68509829 -0.21957001 0.69457134
vn -0.68509829 -0.21957001 0.69457134
vn -0.68509829 -0.21957001 0.69457134
vn -0.67735809 -0.22951145 0.69893527
vn -0.67735809 -0.22951145 0.69893527
vn -0.67735809 -0.22951145 0.69893527
vn -0.62115976 -0.39608945 0.67622016
vn -0.62115976 -0.39608945 0.67622016
vn -0.62115976 -0.39608945 0.67622016
vn -0.62338320 -0.32828679 0.70966272
vn -0.62338320 -0.32828679 0.70966272
vn -0.62338320 -0.32828679 0.70966272
vn -0.59755919 -0.40820203 0.69014065
vn -0.59755919 -0.40820203 0.69014065
vn -0.59755919 -0.40820203 0.69014065
vn 0.70309360 -0.05429060 -0.70902181
vn 0.70309360 -0.05429060 -0.70902181
vn 0.70309360 -0.05429060 -0.70902181
vn 0.71128748 -0.08942208 -0.69718994
vn 0.71128748 -0.08942208 -0.69718994
vn 0.71128748 -0.08942208 -0.69718994
vn 0.69881728 -0.19192296 -0.68907183
vn 0.69881728 -0.19192296 -0.68907183
vn 0.69881728 -0.19192296 -0.68907183
vn 0.66642010 -0.24875426 -0.70285530
vn 0.66642010 -0.24875426 -0.70285530
vn 0.66642010 -0.24875426 -0.70285530
vn 0.66290160 -0.27016962 -0.69826202
vn 0.66290160 -0.27016962 -0.69826202
vn 0.66290160 -0.27016962 -0.69826202
vn 0.63146528 -0.32981291 -0.70176567
vn 0.63146528 -0.32981291 -0.70176567
vn 0.63146528 -0.32981291 -0.70176567
vn 0.61520829 -0.38696045 -0.68686270
vn 0.61520829 -0.38696045 -0.68686270
vn 0.61520829 -0.38696045 -0.68686270
vn 0.54955068 -0.48210699 -0.68232463
vn 0.54955068 -0.48210699 -0.68232463
vn 0.54955068 -0.48210699 -0.68232463
vn 0.56498223 -0.43027401 -0.70403080
vn 0.56498223 -0.43027401 -0.70403080
vn 0.56498223 -0.43027401 -0.70403080
vn 0.50548882 -0.52053607 -0.68813026
vn 0.50548882 -0.52053607 -0.68813026
vn 0.50548882 -0.52053607 -0.68813026
vn 0.41505456 -0.57910351 -0.70168999
vn 0.41505456 -0.57910351 -0.70168999
vn 0.41505456 -0.57910351 -0.70168999
vn 0.40205538 -0.58252004 -0.70641480
vn 0.40205538 -0.58252004 -0.70641480
vn 0.40205538 -0.58252004 -0.70641480
vn 0.35182000 -0.63264512 -0.68991509
vn 0.35182000 -0.63264512 -0.68991509
vn 0.35182000 -0.63264512 -0.68991509
vn 0.26610756 -0.67263824 -0.69046692
vn 0.26610756 -0.67263824 -0.69046692
vn 0.26610756 -0.67263824 -0.69046692
vn 0.19950364 -0.67799370 -0.70747639
vn 0.19950364 -0.67799370 -0.70747639
vn 0.19950364 -0.67799370 -0.70747639
vn 0.17067150 -0.69678784 -0.69667636
vn 0.17067150 -0.69678784 -0.69667636
vn 0.17067150 -0.69678784 -0.69667636
vn 0.07279190 -0.72029231 -0.68984080
vn 0.07279190 -0.72029231 -0.68984080
vn 0.07279190 -0.72029231 -0.68984080
vn 0.03420195 -0.71448184 -0.69881752
vn 0.03420195 -0.71448184 -0.69881752
vn 0.03420195 -0.71448184 -0.69881752
vn -0.03374312 -0.72694602 -0.68586506
vn -0.03374312 -0.72694602 -0.68586506
vn -0.03374312 -0.72694602 -0.68586506
vn -0.12373522 -0.71450375 -0.68860292
vn -0.12373522 -0.71450375 -0.68860292
vn -0.12373522 -0.71450375 -0.68860292
vn -0.11263021 -0.71370241 -0.69133444
vn -0.11263021 -0.71370241 -0.69133444
vn -0.11263021 -0.71370241 -0.69133444
vn -0.24027824 -0.68539898 -0.68738243
vn -0.24027824 -0.68539898 -0.68738243
vn -0.24027824 -0.68539898 -0.68738243
vn -0.20708925 -0.68274552 -0.70069437
vn -0.20708925 -0.68274552 -0.70069437
vn -0.20708925 -0.68274552 -0.70069437
vn -0.30512002 -0.66033603 -0.68619100
vn -0.30512002 -0.66033603 -0.68619100
vn -0.30512002 -0.66033603 -0.68619100
vn -0.37672515 -0.60904168 -0.69795873
vn -0.37672515 -0.60904168 -0.69795873
vn -0.37672515 -0.60904168 -0.69795873
vn -0.39974693 -0.57706852 -0.71217576
vn -0.39974693 -0.57706852 -0.71217576
vn -0.39974693 -0.57706852 -0.71217576
vn -0.47168352 -0.54569230 -0.69262874
vn -0.47168352 -0.54569230 -0.69262874
vn -0.47168352 -0.54569230 -0.69262874
vn -0.52963830 -0.48978840 -0.69252479
vn -0.52963830 -0.48978840 -0.69252479
vn -0.52963830 -0.48978840 -0.69252479
vn -0.55494078 -0.43663676 -0.70808832
vn -0.55494078 -0.43663676 -0.70808832
vn -0.55494078 -0.43663676 -0.70808832
vn -0.59347039 -0.40716241 -0.69427060
vn -0.59347039 -0.40716241 -0.69427060
vn -0.59347039 -0.40716241 -0.69427060
vn -0.63732214 -0.33271824 -0.69506767
vn -0.63732214 -0.33271824 -0.69506767
vn -0.63732214 -0.33271824 -0.69506767
vn -0.64724980 -0.27919442 -0.70930824
vn -0.64724980 -0.27919442 -0.70930824
vn -0.64724980 -0.27919442 -0.70930824
vn -0.68540610 -0.22010017 -0.69409970
vn -0.68540610 -0.22010017 -0.69409970
vn -0.68540610 -0.22010017 -0.69409970
vn -0.69978463 -0.15104893 -0.69820176
vn -0.70013248 -0.15047357 -0.69797723
vn -0.69991479 -0.15083372 -0.69811781
vn -0.70029173 -0.15020995 -0.69787425
vn -0.72537480 -0.04512580 -0.68687340
vn -0.72537480 -0.04512580 -0.68687340
vn -0.72537480 -0.04512580 -0.68687340
vn -0.70886940 0.05547225 -0.70315504
vn -0.70886940 0.05547225 -0.70315504
vn -0.70886940 0.05547225 -0.70315504
vn -0.70516511 0.04544261 -0.70758542
vn -0.70516511 0.04544261 -0.70758542
vn -0.70516511 0.04544261 -0.70758542
vn -0.70812838 0.15666000 -0.68848518
vn -0.70812838 0.15666000 -0.68848518
vn -0.70812838 0.15666000 -0.68848518
vn -0.68403980 0.22601161 -0.69354763
vn -0.68403980 0.22601161 -0.69354763
vn -0.68403980 0.22601161 -0.69354763
vn -0.67989026 0.23147488 -0.69582226
vn -0.67989026 0.23147488 -0.69582226
vn -0.67989026 0.23147488 -0.69582226
vn -0.62403919 0.39668774 -0.67321165
vn -0.62403919 0.39668774 -0.67321165
vn -0.62403919 0.39668774 -0.67321165
vn -0.62722989 0.31475289 -0.71239967
vn -0.62722989 0.31475289 -0.71239967
vn -0.62722989 0.31475289 -0.71239967
vn -0.59755674 0.40820694 -0.69013986
vn -0.59755674 0.40820694 -0.69013986
vn -0.59755674 0.40820694 -0.69013986
vn -0.53038713 0.48618591 -0.69448740
vn -0.53038713 0.48618591 -0.69448740
vn -0.53038713 0.48618591 -0.69448740
vn -0.48995935 0.50882451 -0.70783999
vn -0.48995935 0.50882451 -0.70783999
vn -0.48995935 0.50882451 -0.70783999
vn -0.46005926 0.55654209 -0.69181383
vn -0.46005926 0.55654209 -0.69181383
vn -0.46005926 0.55654209 -0.69181383
vn -0.39912146 0.60652888 -0.68762256
vn -0.39912146 0.60652888 -0.68762256
vn -0.39912146 0.60652888 -0.68762256
vn -0.30584471 0.63808278 -0.70661827
vn -0.30584471 0.63808278 -0.70661827
vn -0.30584471 0.63808278 -0.70661827
vn -0.29953670 0.64520256 -0.70284524
vn -0.29953670 0.64520256 -0.70284524
vn -0.29953670 0.64520256 -0.70284524
vn -0.22261691 0.68650532 -0.69220817
vn -0.22261691 0.68650532 -0.69220817
vn -0.22261691 0.68650532 -0.69220817
vn -0.14080195 0.69759688 -0.70251933
vn -0.14080195 0.69759688 -0.70251933
vn -0.14080195 0.69759688 -0.70251933
vn -0.10032896 0.71776756 -0.68901657
vn -0.10032896 0.71776756 -0.68901657
vn -0.10032896 0.71776756 -0.68901657
vn 0.03250828 0.73582788 -0.67638786
vn 0.03250828 0.73582788 -0.67638786
vn 0.03250828 0.73582788 -0.67638786
vn -0.03529444 0.70388792 -0.70943365
vn -0.03529444 0.70388792 -0.70943365
vn -0.03529444 0.70388792 -0.70943365
vn 0.07137874 0.72132645 -0.68890727
vn 0.07137874 0.72132645 -0.68890727
vn 0.07137874 0.72132645 -0.68890727
vn 0.17818703 0.69382492 -0.69775093
vn 0.17818703 0.69382492 -0.69775093
vn 0.17818703 0.69382492 -0.69775093
vn 0.19683940 0.68104904 -0.70528466
vn 0.19683940 0.68104904 -0.70528466
vn 0.19683940 0.68104904 -0.70528466
vn 0.26399539 0.67401001 -0.68993981
vn 0.26399539 0.67401001 -0.68993981
vn 0.26399539 0.67401001 -0.68993981
vn 0.34289727 0.63753872 -0.68990277
vn 0.34289727 0.63753872 -0.68990277
vn 0.34289727 0.63753872 -0.68990277
vn 0.39855406 0.58299384 -0.70800624
vn 0.39855406 0.58299384 -0.70800624
vn 0.39855406 0.58299384 -0.70800624
vn 0.41859820 0.57788340 -0.70058998
vn 0.41859820 0.57788340 -0.70058998
vn 0.41859820 0.57788340 -0.70058998
vn 0.50407389 0.52129879 -0.68859065
vn 0.50407389 0.52129879 -0.68859065
vn 0.50407389 0.52129879 -0.68859065
vn 0.54911071 0.45318922 -0.70220863
vn 0.54911071 0.45318922 -0.70220863
vn 0.54911071 0.45318922 -0.70220863
vn 0.57014077 0.43772608 -0.69522326
vn 0.57014077 0.43772608 -0.69522326
vn 0.57014077 0.43772608 -0.69522326
vn 0.61531155 0.37239153 -0.69477784
vn 0.61531155 0.37239153 -0.69477784
vn 0.61531155 0.37239153 -0.69477784
vn 0.61224132 0.38238237 -0.69205801
vn 0.61224132 0.38238237 -0.69205801
vn 0.61224132 0.38238237 -0.69205801
vn 0.69353095 0.23852213 -0.67979557
vn 0.69353095 0.23852213 -0.67979557
vn 0.69353095 0.23852213 -0.67979557
vn 0.65482779 0.28210851 -0.70115287
vn 0.65482779 0.28210851 -0.70115287
vn 0.65482779 0.28210851 -0.70115287
vn 0.69502151 0.19231791 -0.69279068
vn 0.69502151 0.19231791 -0.69279068
vn 0.69502151 0.19231791 -0.69279068
vn 0.69650674 0.14818073 -0.70208321
vn 0.69650674 0.14818073 -0.70208321
vn 0.69650674 0.14818073 -0.70208321
vn 0.72033031 0.08711529 -0.68813892
vn 0.72033031 0.08711529 -0.68813892
vn 0.72033031 0.08711529 -0.68813892
vn 0.72286763 0.01020476 -0.69091118
vn 0.72286763 0.01020476 -0.69091118
vn 0.72286763 0.01020476 -0.69091118
vn 0.90982192 0.05533176 0.41129364
vn 0.90982192 0.05533176 0.41129364
vn 0.90982192 0.05533176 0.41129364
vn 0.50234796 -0.75962733 0.41305308
vn 0.50234796 -0.75962733 0.41305308
vn 0.50234796 -0.75962733 0.41305308
vn -0.40616429 -0.81363759 0.41596207
vn -0.40616429 -0.81363759 0.41596207
vn -0.40616429 -0.81363759 0.41596207
vn -0.79727562 -0.42058943 0.43296202
vn -0.79727562 -0.42058943 0.43296202
vn -0.79727562 -0.42058943 0.43296202
vn -0.82329933 -0.35812952 0.44036514
vn -0.82329933 -0.35812952 0.44036514
vn -0.82329933 -0.35812952 0.44036514
vn -0.84484554 -0.18031530 0.50370865
vn -0.84484554 -0.18031530 0.50370865
vn -0.84484554 -0.18031530 0.50370865
vn -0.90083232 -0.06246086 0.42965077
vn -0.90083232 -0.06246086 0.42965077
vn -0.90083232 -0.06246086 0.42965077
vn -0.86278718 0.06355133 0.50155708
vn -0.86278718 0.06355133 0.50155708
vn -0.86278718 0.06355133 0.50155708
vn -0.78504793 0.38632033 0.48420692
vn -0.78504793 0.38632033 0.48420692
vn -0.78504793 0.38632033 0.48420692
vn -0.68573584 0.55480116 0.47112846
vn -0.68573584 0.55480116 0.47112846
vn -0.68573584 0.55480116 0.47112846
vn -0.68421015 0.56423903 0.46205064
vn -0.68421015 0.56423903 0.46205064
vn -0.68421015 0.56423903 0.46205064
vn -0.57822348 0.64110478 0.50462092
vn -0.57822348 0.64110478 0.50462092
vn -0.57822348 0.64110478 0.50462092
vn -0.50412799 0.74964308 0.42882423
vn -0.50412799 0.74964308 0.42882423
vn -0.50412799 0.74964308 0.42882423
vn -0.37657391 0.77952749 0.50052870
vn -0.37657391 0.77952749 0.50052870
vn -0.37657391 0.77952749 0.50052870
vn -0.34550489 0.88934065 0.29949888
vn -0.34550489 0.88934065 0.29949888
vn -0.34550489 0.88934065 0.29949888
vn -0.08432898 0.95931509 0.26944979
vn -0.08432898 0.95931509 0.26944979
vn -0.08432898 0.95931509 0.26944979
vn -0.16075299 0.89002836 0.42662394
vn -0.16075299 0.89002836 0.42662394
vn -0.16075299 0.89002836 0.42662394
vn 0.00505106 0.86226723 0.50642838
vn 0.00505106 0.86226723 0.50642838
vn 0.00505106 0.86226723 0.50642838
vn 0.14719174 0.89097262 0.42953742
vn 0.14719174 0.89097262 0.42953742
vn 0.14719174 0.89097262 0.42953742
vn 0.10479176 0.86663004 0.48782277
vn 0.10479176 0.86663004 0.48782277
vn 0.10479176 0.86663004 0.48782277
vn 0.27246907 0.84096209 0.46748622
vn 0.27246907 0.84096209 0.46748622
vn 0.27246907 0.84096209 0.46748622
vn 0.51077285 0.74590443 0.42747827
vn 0.51077285 0.74590443 0.42747827
vn 0.51077285 0.74590443 0.42747827
vn 0.84551650 0.18045864 0.50253013
vn 0.84551650 0.18045864 0.50253013
vn 0.84551650 0.18045864 0.50253013
vn 0.83218163 0.30839235 0.46083391
vn 0.83218163 0.30839235 0.46083391
vn 0.83218163 0.30839235 0.46083391
vn 0.90031341 0.06551615 0.43028292
vn 0.90031341 0.06551615 0.43028292
vn 0.90031341 0.06551615 0.43028292
vn 0.86204888 -0.06344377 0.50283856
vn 0.86204888 -0.06344377 0.50283856
vn 0.86204888 -0.06344377 0.50283856
vn 0.87259412 -0.19910960 0.44602116
vn 0.87259412 -0.19910960 0.44602116
vn 0.87259412 -0.19910960 0.44602116
vn 0.90932613 -0.29044342 0.29794061
vn 0.90932613 -0.29044342 0.29794061
vn 0.90932613 -0.29044342 0.29794061
vn 0.80240134 -0.53133507 0.27172622
vn 0.80240134 -0.53133507 0.27172622
vn 0.80240134 -0.53133507 0.27172622
vn 0.79779835 -0.37644987 0.47095997
vn 0.79779835 -0.37644987 0.47095997
vn 0.79779835 -0.37644987 0.47095997
vn 0.86211654 -0.17611483 0.47511960
vn 0.86211654 -0.17611483 0.47511960
vn 0.86211654 -0.17611483 0.47511960
vn 0.78480807 -0.38679744 0.48421486
vn 0.78480807 -0.38679744 0.48421486
vn 0.78480807 -0.38679744 0.48421486
vn 0.68388009 -0.56135767 0.46603175
vn 0.68388009 -0.56135767 0.46603175
vn 0.68388009 -0.56135767 0.46603175
vn 0.57892287 -0.64188169 0.50282822
vn 0.57892287 -0.64188169 0.50282822
vn 0.57892287 -0.64188169 0.50282822
vn 0.68282130 -0.56735959 0.46028053
vn 0.68282130 -0.56735959 0.46028053
vn 0.68282130 -0.56735959 0.46028053
vn 0.50610051 -0.74745326 0.43032069
vn 0.50610051 -0.74745326 0.43032069
vn 0.50610051 -0.74745326 0.43032069
vn 0.37609655 -0.77831626 0.50276753
vn 0.37609655 -0.77831626 0.50276753
vn 0.37609655 -0.77831626 0.50276753
vn 0.26379975 -0.85504251 0.44644371
vn 0.26379975 -0.85504251 0.44644371
vn 0.26379975 -0.85504251 0.44644371
vn -0.20369446 -0.94195110 0.26690201
vn -0.20369446 -0.94195110 0.26690201
vn -0.20369446 -0.94195110 0.26690201
vn 0.06246347 -0.95401500 0.29317860
vn 0.06246347 -0.95401500 0.29317860
vn 0.06246347 -0.95401500 0.29317860
vn 0.12058055 -0.85447857 0.50529863
vn 0.12058055 -0.85447857 0.50529863
vn 0.12058055 -0.85447857 0.50529863
vn 0.25313178 -0.86886408 0.42544038
vn 0.25313178 -0.86886408 0.42544038
vn 0.25313178 -0.86886408 0.42544038
vn -0.03431065 -0.90116680 0.43211247
vn -0.03431065 -0.90116680 0.43211247
vn -0.03431065 -0.90116680 0.43211247
vn -0.26622987 -0.82170994 0.50389924
vn -0.26622987 -0.82170994 0.50389924
vn -0.26622987 -0.82170994 0.50389924
vn -0.10112624 -0.89162355 0.44133992
vn -0.10112624 -0.89162355 0.44133992
vn -0.10112624 -0.89162355 0.44133992
vn -0.39535099 -0.81123749 0.43080313
vn -0.39535099 -0.81123749 0.43080313
vn -0.39535099 -0.81123749 0.43080313
vn -0.48600163 -0.71487376 0.50275036
vn -0.48600163 -0.71487376 0.50275036
vn -0.48600163 -0.71487376 0.50275036
vn -0.60845356 -0.65583646 0.44683644
vn -0.60845356 -0.65583646 0.44683644
vn -0.60845356 -0.65583646 0.44683644
vn -0.62774850 -0.65318749 0.42341223
vn -0.62774850 -0.65318749 0.42341223
vn -0.62774850 -0.65318749 0.42341223
vn -0.68009513 -0.53200702 0.50441961
vn -0.68009513 -0.53200702 0.50441961
vn -0.68009513 -0.53200702 0.50441961
vn -0.79418860 -0.53136113 0.29482166
vn -0.79418860 -0.53136113 0.29482166
vn -0.79418860 -0.53136113 0.29482166
vn -0.91784265 -0.29515888 0.26541685
vn -0.91784265 -0.29515888 0.26541685
vn -0.91784265 -0.29515888 0.26541685
vn -0.90760419 -0.05505508 0.41620137
vn -0.90760419 -0.05505508 0.41620137
vn -0.90760419 -0.05505508 0.41620137
vn -0.87363805 0.19934910 0.44386540
vn -0.87363805 0.19934910 0.44386540
vn -0.87363805 0.19934910 0.44386540
vn -0.91275136 0.28891110 0.28881713
vn -0.91275136 0.28891110 0.28881713
vn -0.91275136 0.28891110 0.28881713
vn -0.80177397 0.53247631 0.27134384
vn -0.80177397 0.53247631 0.27134384
vn -0.80177397 0.53247631 0.27134384
vn -0.86226970 0.17480758 0.47532438
vn -0.86226970 0.17480758 0.47532438
vn -0.86226970 0.17480758 0.47532438
vn -0.79707910 0.37717702 0.47159560
vn -0.79707910 0.37717702 0.47159560
vn -0.79707910 0.37717702 0.47159560
vn -0.50136098 0.75831777 0.41664293
vn -0.50136098 0.75831777 0.41664293
vn -0.50136098 0.75831777 0.41664293
vn -0.24080744 0.87123249 0.42774493
vn -0.24080744 0.87123249 0.42774493
vn -0.24080744 0.87123249 0.42774493
vn 0.38799767 0.77137002 0.50442651
vn 0.38799767 0.77137002 0.50442651
vn 0.38799767 0.77137002 0.50442651
vn 0.28076274 0.84264697 0.45947618
vn 0.28076274 0.84264697 0.45947618
vn 0.28076274 0.84264697 0.45947618
vn 0.51460036 0.74609975 0.42251820
vn 0.51460036 0.74609975 0.42251820
vn 0.51460036 0.74609975 0.42251820
vn 0.58864517 0.63448322 0.50092705
vn 0.58864517 0.63448322 0.50092705
vn 0.58864517 0.63448322 0.50092705
vn 0.70565689 0.64611687 0.29082871
vn 0.70565689 0.64611687 0.29082871
vn 0.70565689 0.64611687 0.29082871
vn 0.86222210 0.42911693 0.26913142
vn 0.86222210 0.42911693 0.26913142
vn 0.86222210 0.42911693 0.26913142
vn 0.72406686 0.53689499 0.43297917
vn 0.72406686 0.53689499 0.43297917
vn 0.72406686 0.53689499 0.43297917
vn 0.72789008 0.48644373 0.48326859
vn 0.72789008 0.48644373 0.48326859
vn 0.72789008 0.48644373 0.48326859
vn 0.82268376 0.31625116 0.47241575
vn 0.82268376 0.31625116 0.47241575
vn 0.82268376 0.31625116 0.47241575
vn 0.90981901 -0.05533792 -0.41129925
vn 0.90981901 -0.05533792 -0.41129925
vn 0.90981901 -0.05533792 -0.41129925
vn 0.38799401 -0.77137211 -0.50442612
vn 0.38799401 -0.77137211 -0.50442612
vn 0.38799401 -0.77137211 -0.50442612
vn 0.25564501 -0.85667250 -0.44806010
vn 0.25564501 -0.85667250 -0.44806010
vn 0.25564501 -0.85667250 -0.44806010
vn -0.50136347 -0.75831629 -0.41664263
vn -0.50136347 -0.75831629 -0.41664263
vn -0.50136347 -0.75831629 -0.41664263
vn -0.81675132 -0.32823942 -0.47452730
vn -0.81675132 -0.32823942 -0.47452730
vn -0.81675132 -0.32823942 -0.47452730
vn -0.86227149 -0.17480914 -0.47532057
vn -0.86227149 -0.17480914 -0.47532057
vn -0.86227149 -0.17480914 -0.47532057
vn -0.87363951 -0.19934999 -0.44386213
vn -0.87363951 -0.19934999 -0.44386213
vn -0.87363951 -0.19934999 -0.44386213
vn -0.86278869 -0.06355313 -0.50155426
vn -0.86278869 -0.06355313 -0.50155426
vn -0.86278869 -0.06355313 -0.50155426
vn -0.90083401 0.06246162 -0.42964711
vn -0.90083401 0.06246162 -0.42964711
vn -0.90083401 0.06246162 -0.42964711
vn -0.84484526 0.18031466 -0.50370935
vn -0.84484526 0.18031466 -0.50370935
vn -0.84484526 0.18031466 -0.50370935
vn -0.82329992 0.35812669 -0.44036634
vn -0.82329992 0.35812669 -0.44036634
vn -0.82329992 0.35812669 -0.44036634
vn -0.91563273 0.29719282 -0.27072704
vn -0.91563273 0.29719282 -0.27072704
vn -0.91563273 0.29719282 -0.27072704
vn -0.79284798 0.53111434 -0.29884718
vn -0.79284798 0.53111434 -0.29884718
vn -0.79284798 0.53111434 -0.29884718
vn -0.67717329 0.54032562 -0.49948429
vn -0.67717329 0.54032562 -0.49948429
vn -0.67717329 0.54032562 -0.49948429
vn -0.62775087 0.65318982 -0.42340513
vn -0.62775087 0.65318982 -0.42340513
vn -0.62775087 0.65318982 -0.42340513
vn -0.60845794 0.65583865 -0.44682727
vn -0.60845794 0.65583865 -0.44682727
vn -0.60845794 0.65583865 -0.44682727
vn -0.48600487 0.71487586 -0.50274424
vn -0.48600487 0.71487586 -0.50274424
vn -0.48600487 0.71487586 -0.50274424
vn -0.39535370 0.81123863 -0.43079849
vn -0.39535370 0.81123863 -0.43079849
vn -0.39535370 0.81123863 -0.43079849
vn -0.26624041 0.82170807 -0.50389670
vn -0.26624041 0.82170807 -0.50389670
vn -0.26624041 0.82170807 -0.50389670
vn -0.10112350 0.89162706 -0.44133347
vn -0.10112350 0.89162706 -0.44133347
vn -0.10112350 0.89162706 -0.44133347
vn -0.20369223 0.94195116 -0.26690351
vn -0.20369223 0.94195116 -0.26690351
vn -0.20369223 0.94195116 -0.26690351
vn 0.06245898 0.95401562 -0.29317754
vn 0.06245898 0.95401562 -0.29317754
vn 0.06245898 0.95401562 -0.29317754
vn 0.12058131 0.85448334 -0.50529039
vn 0.12058131 0.85448334 -0.50529039
vn 0.12058131 0.85448334 -0.50529039
vn 0.25313103 0.86886720 -0.42543445
vn 0.25313103 0.86886720 -0.42543445
vn 0.25313103 0.86886720 -0.42543445
vn 0.26380036 0.85504411 -0.44644029
vn 0.26380036 0.85504411 -0.44644029
vn 0.26380036 0.85504411 -0.44644029
vn 0.37610090 0.77831478 -0.50276656
vn 0.37610090 0.77831478 -0.50276656
vn 0.37610090 0.77831478 -0.50276656
vn 0.50609900 0.74745380 -0.43032154
vn 0.50609900 0.74745380 -0.43032154
vn 0.50609900 0.74745380 -0.43032154
vn 0.57892193 0.64187986 -0.50283162
vn 0.57892193 0.64187986 -0.50283162
vn 0.57892193 0.64187986 -0.50283162
vn 0.68280387 0.56737011 -0.46029342
vn 0.68280387 0.56737011 -0.46029342
vn 0.68280387 0.56737011 -0.46029342
vn 0.90006689 -0.06577576 -0.43075881
vn 0.90006689 -0.06577576 -0.43075881
vn 0.90006689 -0.06577576 -0.43075881
vn 0.86193213 0.06342882 -0.50304055
vn 0.86193213 0.06342882 -0.50304055
vn 0.86193213 0.06342882 -0.50304055
vn 0.84551556 -0.18045702 -0.50253228
vn 0.84551556 -0.18045702 -0.50253228
vn 0.84551556 -0.18045702 -0.50253228
vn 0.83218032 -0.30839387 -0.46083526
vn 0.83218032 -0.30839387 -0.46083526
vn 0.83218032 -0.30839387 -0.46083526
vn 0.82269218 -0.31624473 -0.47240539
vn 0.82269218 -0.31624473 -0.47240539
vn 0.82269218 -0.31624473 -0.47240539
vn 0.72789730 -0.48644278 -0.48325866
vn 0.72789730 -0.48644278 -0.48325866
vn 0.72789730 -0.48644278 -0.48325866
vn 0.72406737 -0.53689998 -0.43297211
vn 0.72406737 -0.53689998 -0.43297211
vn 0.72406737 -0.53689998 -0.43297211
vn 0.86222019 -0.42911796 -0.26913588
vn 0.86222019 -0.42911796 -0.26913588
vn 0.86222019 -0.42911796 -0.26913588
vn 0.70565800 -0.64611275 -0.29083519
vn 0.70565800 -0.64611275 -0.29083519
vn 0.70565800 -0.64611275 -0.29083519
vn 0.58864780 -0.63448578 -0.50092071
vn 0.58864780 -0.63448578 -0.50092071
vn 0.58864780 -0.63448578 -0.50092071
vn 0.51460342 -0.74610108 -0.42251213
vn 0.51460342 -0.74610108 -0.42251213
vn 0.51460342 -0.74610108 -0.42251213
vn 0.51077198 -0.74590559 -0.42747729
vn 0.51077198 -0.74590559 -0.42747729
vn 0.51077198 -0.74590559 -0.42747729
vn 0.28085267 -0.86683759 -0.41196404
vn 0.28085267 -0.86683759 -0.41196404
vn 0.28085267 -0.86683759 -0.41196404
vn 0.13348682 -0.85174042 -0.50667498
vn 0.13348682 -0.85174042 -0.50667498
vn 0.13348682 -0.85174042 -0.50667498
vn -0.03259330 -0.89720537 -0.44040913
vn -0.03259330 -0.89720537 -0.44040913
vn -0.03259330 -0.89720537 -0.44040913
vn 0.05988463 -0.96091665 -0.27028323
vn 0.05988463 -0.96091665 -0.27028323
vn 0.05988463 -0.96091665 -0.27028323
vn -0.14900339 -0.94620110 -0.28723069
vn -0.14900339 -0.94620110 -0.28723069
vn -0.14900339 -0.94620110 -0.28723069
vn -0.24080885 -0.87123530 -0.42773842
vn -0.24080885 -0.87123530 -0.42773842
vn -0.24080885 -0.87123530 -0.42773842
vn -0.50412960 -0.74964454 -0.42881978
vn -0.50412960 -0.74964454 -0.42881978
vn -0.50412960 -0.74964454 -0.42881978
vn -0.37657635 -0.77953001 -0.50052294
vn -0.37657635 -0.77953001 -0.50052294
vn -0.37657635 -0.77953001 -0.50052294
vn -0.34550190 -0.88934256 -0.29949664
vn -0.34550190 -0.88934256 -0.29949664
vn -0.34550190 -0.88934256 -0.29949664
vn -0.14109437 -0.95027637 -0.27760981
vn -0.14109437 -0.95027637 -0.27760981
vn -0.14109437 -0.95027637 -0.27760981
vn -0.57822455 -0.64110480 -0.50461967
vn -0.57822455 -0.64110480 -0.50461967
vn -0.57822455 -0.64110480 -0.50461967
vn -0.69849063 -0.55221799 -0.45515505
vn -0.69849063 -0.55221799 -0.45515505
vn -0.69849063 -0.55221799 -0.45515505
vn -0.69794128 -0.57290160 -0.42972284
vn -0.69794128 -0.57290160 -0.42972284
vn -0.69794128 -0.57290160 -0.42972284
vn -0.74410083 -0.43544139 -0.50666038
vn -0.74410083 -0.43544139 -0.50666038
vn -0.74410083 -0.43544139 -0.50666038
vn -0.81927937 -0.34920975 -0.45478991
vn -0.81927937 -0.34920975 -0.45478991
vn -0.81927937 -0.34920975 -0.45478991
vn -0.90760157 0.05506055 -0.41620636
vn -0.90760157 0.05506055 -0.41620636
vn -0.90760157 0.05506055 -0.41620636
vn -0.79500125 0.42049785 -0.43721228
vn -0.79500125 0.42049785 -0.43721228
vn -0.79500125 0.42049785 -0.43721228
vn -0.40615726 0.81363654 -0.41597097
vn -0.40615726 0.81363654 -0.41597097
vn -0.40615726 0.81363654 -0.41597097
vn -0.03431197 0.90117139 -0.43210279
vn -0.03431197 0.90117139 -0.43210279
vn -0.03431197 0.90117139 -0.43210279
vn 0.50234680 0.75962708 -0.41305496
vn 0.50234680 0.75962708 -0.41305496
vn 0.50234680 0.75962708 -0.41305496
vn 0.68504289 0.55405648 -0.47300914
vn 0.68504289 0.55405648 -0.47300914
vn 0.68504289 0.55405648 -0.47300914
vn 0.78481568 0.38547098 -0.48525919
vn 0.78481568 0.38547098 -0.48525919
vn 0.78481568 0.38547098 -0.48525919
vn 0.79778177 0.37649529 -0.47095174
vn 0.79778177 0.37649529 -0.47095174
vn 0.79778177 0.37649529 -0.47095174
vn 0.86211674 0.17612924 -0.47511390
vn 0.86211674 0.17612924 -0.47511390
vn 0.86211674 0.17612924 -0.47511390
vn 0.80341911 0.53101283 -0.26933827
vn 0.80341911 0.53101283 -0.26933827
vn 0.80341911 0.53101283 -0.26933827
vn 0.91215939 0.28733846 -0.29223595
vn 0.91215939 0.28733846 -0.29223595
vn 0.91215939 0.28733846 -0.29223595
vn 0.87258773 0.19910948 -0.44603371
vn 0.87258773 0.19910948 -0.44603371
vn 0.87258773 0.19910948 -0.44603371
vn 0.99744118 0.07149136 0.00028324
vn 0.99744118 0.07149136 0.00028324
vn 0.99744118 0.07149136 0.00028324
vn 0.99582180 0.09131736 -0.00028550
vn 0.99582180 0.09131736 -0.00028550
vn 0.99582180 0.09131736 -0.00028550
vn 0.99582200 -0.09131523 0.00028543
vn 0.99582200 -0.09131523 0.00028543
vn 0.99582200 -0.09131523 0.00028543
vn 0.99744122 -0.07149076 -0.00028326
vn 0.99744122 -0.07149076 -0.00028326
vn 0.99744122 -0.07149076 -0.00028326
vn 0.97494093 -0.22246385 0.00010531
vn 0.97494093 -0.22246385 0.00010531
vn 0.97494093 -0.22246385 0.00010531
vn 0.97797382 -0.20872735 -0.00031081
vn 0.97797382 -0.20872735 -0.00031081
vn 0.97797382 -0.20872735 -0.00031081
vn 0.92118382 -0.38912766 0.00017078
vn 0.92118382 -0.38912766 0.00017078
vn 0.92118382 -0.38912766 0.00017078
vn 0.93761787 -0.34766554 -0.00118137
vn 0.93761787 -0.34766554 -0.00118137
vn 0.93761787 -0.34766554 -0.00118137
vn 0.87502070 -0.48408473 -0.00086671
vn 0.87502070 -0.48408473 -0.00086671
vn 0.87502070 -0.48408473 -0.00086671
vn 0.84923906 -0.52800806 0.00071987
vn 0.84923906 -0.52800806 0.00071987
vn 0.84923906 -0.52800806 0.00071987
vn 0.77294801 -0.63446840 0.00110735
vn 0.77294801 -0.63446840 0.00110735
vn 0.77294801 -0.63446840 0.00110735
vn 0.79924386 -0.60100685 -0.00017776
vn 0.79924386 -0.60100685 -0.00017776
vn 0.79924386 -0.60100685 -0.00017776
vn 0.66975110 -0.74258559 0.00031081
vn 0.66975110 -0.74258559 0.00031081
vn 0.66975110 -0.74258559 0.00031081
vn 0.68012992 -0.73309159 -0.00010527
vn 0.68012992 -0.73309159 -0.00010527
vn 0.68012992 -0.73309159 -0.00010527
vn 0.56063228 -0.82806483 0.00028331
vn 0.56063228 -0.82806483 0.00028331
vn 0.56063228 -0.82806483 0.00028331
vn 0.57699227 -0.81674956 -0.00028542
vn 0.57699227 -0.81674956 -0.00028542
vn 0.57699227 -0.81674956 -0.00028542
vn 0.41883059 -0.90806435 0.00028550
vn 0.41883059 -0.90806435 0.00028550
vn 0.41883059 -0.90806435 0.00028550
vn 0.43680973 -0.89955388 -0.00028323
vn 0.43680973 -0.89955388 -0.00028323
vn 0.43680973 -0.89955388 -0.00028323
vn 0.29481091 -0.95555561 0.00010535
vn 0.29481091 -0.95555561 0.00010535
vn 0.29481091 -0.95555561 0.00010535
vn 0.30822282 -0.95131414 -0.00031074
vn 0.30822282 -0.95131414 -0.00031074
vn 0.30822282 -0.95131414 -0.00031074
vn 0.15567101 -0.98780895 0.00008844
vn 0.15567101 -0.98780895 0.00008844
vn 0.15567101 -0.98780895 0.00008844
vn 0.16774006 -0.98583122 -0.00029255
vn 0.16774006 -0.98583122 -0.00029255
vn 0.16774006 -0.98583122 -0.00029255
vn -0.04533533 -0.99897175 0.00037476
vn -0.04533533 -0.99897175 0.00037476
vn -0.04533533 -0.99897175 0.00037476
vn -0.03240560 -0.99947480 -0.00000405
vn -0.03240560 -0.99947480 -0.00000405
vn -0.03240560 -0.99947480 -0.00000405
vn -0.12937251 -0.99159606 0.00008121
vn -0.12937251 -0.99159606 0.00008121
vn -0.12937251 -0.99159606 0.00008121
vn -0.14686300 -0.98915665 0.00061451
vn -0.14686300 -0.98915665 0.00061451
vn -0.14686300 -0.98915665 0.00061451
vn -0.30822163 -0.95131393 0.00110742
vn -0.30822163 -0.95131393 0.00110742
vn -0.30822163 -0.95131393 0.00110742
vn -0.26746504 -0.96356755 -0.00017773
vn -0.26746504 -0.96356755 -0.00017773
vn -0.26746504 -0.96356755 -0.00017773
vn -0.43680692 -0.89955524 0.00028332
vn -0.43680692 -0.89955524 0.00028332
vn -0.43680692 -0.89955524 0.00028332
vn -0.41882723 -0.90806590 -0.00028543
vn -0.41882723 -0.90806590 -0.00028543
vn -0.41882723 -0.90806590 -0.00028543
vn -0.57699323 -0.81674888 0.00028550
vn -0.57699323 -0.81674888 0.00028550
vn -0.57699323 -0.81674888 0.00028550
vn -0.56063247 -0.82806471 -0.00028326
vn -0.56063247 -0.82806471 -0.00028326
vn -0.56063247 -0.82806471 -0.00028326
vn -0.68012886 -0.73309257 0.00010530
vn -0.68012886 -0.73309257 0.00010530
vn -0.68012886 -0.73309257 0.00010530
vn -0.66975161 -0.74258514 -0.00031071
vn -0.66975161 -0.74258514 -0.00031071
vn -0.66975161 -0.74258514 -0.00031071
vn -0.77763251 -0.62871907 0.00008844
vn -0.77763251 -0.62871907 0.00008844
vn -0.77763251 -0.62871907 0.00008844
vn -0.77294746 -0.63447002 -0.00014263
vn -0.77294746 -0.63447002 -0.00014263
vn -0.77294746 -0.63447002 -0.00014263
vn -0.88774591 -0.46033324 0.00071550
vn -0.88774591 -0.46033324 0.00071550
vn -0.88774591 -0.46033324 0.00071550
vn -0.85641108 -0.51629309 -0.00122558
vn -0.85641108 -0.51629309 -0.00122558
vn -0.85641108 -0.51629309 -0.00122558
vn -0.92331690 -0.38403782 -0.00092539
vn -0.92331690 -0.38403782 -0.00092539
vn -0.92331690 -0.38403782 -0.00092539
vn -0.93330331 -0.35908903 -0.00008836
vn -0.93330331 -0.35908903 -0.00008836
vn -0.93330331 -0.35908903 -0.00008836
vn -0.97797336 -0.20872950 0.00031079
vn -0.97797336 -0.20872950 0.00031079
vn -0.97797336 -0.20872950 0.00031079
vn -0.97494063 -0.22246520 -0.00010530
vn -0.97494063 -0.22246520 -0.00010530
vn -0.97494063 -0.22246520 -0.00010530
vn -0.99744119 -0.07149117 0.00028327
vn -0.99744119 -0.07149117 0.00028327
vn -0.99744119 -0.07149117 0.00028327
vn -0.99582183 -0.09131704 -0.00028547
vn -0.99582183 -0.09131704 -0.00028547
vn -0.99582183 -0.09131704 -0.00028547
vn -0.99582194 0.09131587 0.00028547
vn -0.99582194 0.09131587 0.00028547
vn -0.99582194 0.09131587 0.00028547
vn -0.99744127 0.07149008 -0.00028327
vn -0.99744127 0.07149008 -0.00028327
vn -0.99744127 0.07149008 -0.00028327
vn -0.97494089 0.22246403 0.00010529
vn -0.97494089 0.22246403 0.00010529
vn -0.97494089 0.22246403 0.00010529
vn -0.97797365 0.20872817 -0.00031080
vn -0.97797365 0.20872817 -0.00031080
vn -0.97797365 0.20872817 -0.00031080
vn -0.92010975 0.39166059 0.00017775
vn -0.92010975 0.39166059 0.00017775
vn -0.92010975 0.39166059 0.00017775
vn -0.92426980 0.38173984 -0.00014713
vn -0.92426980 0.38173984 -0.00014713
vn -0.92426980 0.38173984 -0.00014713
vn -0.87772525 0.47916426 -0.00006958
vn -0.87772525 0.47916426 -0.00006958
vn -0.87772525 0.47916426 -0.00006958
vn -0.88174955 0.47171783 0.00015822
vn -0.88174955 0.47171783 0.00015822
vn -0.88174955 0.47171783 0.00015822
vn -0.76988691 0.63818018 0.00045594
vn -0.76988691 0.63818018 0.00045594
vn -0.76988691 0.63818018 0.00045594
vn -0.78189455 0.62341070 -0.00010574
vn -0.78189455 0.62341070 -0.00010574
vn -0.78189455 0.62341070 -0.00010574
vn -0.66975094 0.74258574 0.00031075
vn -0.66975094 0.74258574 0.00031075
vn -0.66975094 0.74258574 0.00031075
vn -0.68012984 0.73309167 -0.00010533
vn -0.68012984 0.73309167 -0.00010533
vn -0.68012984 0.73309167 -0.00010533
vn -0.56063496 0.82806302 0.00028325
vn -0.56063496 0.82806302 0.00028325
vn -0.56063496 0.82806302 0.00028325
vn -0.57699490 0.81674770 -0.00028549
vn -0.57699490 0.81674770 -0.00028549
vn -0.57699490 0.81674770 -0.00028549
vn -0.41882589 0.90806651 0.00028547
vn -0.41882589 0.90806651 0.00028547
vn -0.41882589 0.90806651 0.00028547
vn -0.43680656 0.89955542 -0.00028331
vn -0.43680656 0.89955542 -0.00028331
vn -0.43680656 0.89955542 -0.00028331
vn -0.26746716 0.96356696 0.00017775
vn -0.26746716 0.96356696 0.00017775
vn -0.26746716 0.96356696 0.00017775
vn -0.30822206 0.95131379 -0.00110734
vn -0.30822206 0.95131379 -0.00110734
vn -0.30822206 0.95131379 -0.00110734
vn -0.18124718 0.98343731 -0.00071985
vn -0.18124718 0.98343731 -0.00071985
vn -0.18124718 0.98343731 -0.00071985
vn -0.12907457 0.99163446 0.00092533
vn -0.12907457 0.99163446 0.00092533
vn -0.12907457 0.99163446 0.00092533
vn 0.01891509 0.99982034 0.00122553
vn 0.01891509 0.99982034 0.00122553
vn 0.01891509 0.99982034 0.00122553
vn -0.04521305 0.99897711 -0.00071550
vn -0.04521305 0.99897711 -0.00071550
vn -0.04521305 0.99897711 -0.00071550
vn 0.16299474 0.98662693 0.00014264
vn 0.15580004 0.98778861 -0.00008439
vn 0.16286129 0.98664897 0.00013842
vn 0.15567141 0.98780889 -0.00008845
vn 0.30822160 0.95131454 0.00031071
vn 0.30822160 0.95131454 0.00031071
vn 0.30822160 0.95131454 0.00031071
vn 0.29481046 0.95555575 -0.00010536
vn 0.29481046 0.95555575 -0.00010536
vn 0.29481046 0.95555575 -0.00010536
vn 0.43680570 0.89955583 0.00028323
vn 0.43680570 0.89955583 0.00028323
vn 0.43680570 0.89955583 0.00028323
vn 0.41882480 0.90806701 -0.00028556
vn 0.41882480 0.90806701 -0.00028556
vn 0.41882480 0.90806701 -0.00028556
vn 0.57699348 0.81674870 0.00028541
vn 0.57699348 0.81674870 0.00028541
vn 0.57699348 0.81674870 0.00028541
vn 0.56063383 0.82806378 -0.00028332
vn 0.56063383 0.82806378 -0.00028332
vn 0.56063383 0.82806378 -0.00028332
vn 0.68012926 0.73309220 0.00010527
vn 0.68012926 0.73309220 0.00010527
vn 0.68012926 0.73309220 0.00010527
vn 0.66975052 0.74258612 -0.00031081
vn 0.66975052 0.74258612 -0.00031081
vn 0.66975052 0.74258612 -0.00031081
vn 0.79924363 0.60100714 0.00017777
vn 0.79924363 0.60100714 0.00017777
vn 0.79924363 0.60100714 0.00017777
vn 0.76985582 0.63821661 -0.00125396
vn 0.76985582 0.63821661 -0.00125396
vn 0.76985582 0.63821661 -0.00125396
vn 0.88200321 0.47124261 -0.00085985
vn 0.88200321 0.47124261 -0.00085985
vn 0.88200321 0.47124261 -0.00085985
vn 0.84952188 0.52755265 0.00087942
vn 0.84952188 0.52755265 0.00087942
vn 0.84952188 0.52755265 0.00087942
vn 0.93761707 0.34766748 0.00124551
vn 0.93761707 0.34766748 0.00124551
vn 0.93761707 0.34766748 0.00124551
vn 0.92009466 0.39169604 -0.00017786
vn 0.92009466 0.39169604 -0.00017786
vn 0.92009466 0.39169604 -0.00017786
vn 0.97797392 0.20872688 0.00031082
vn 0.97797392 0.20872688 0.00031082
vn 0.97797392 0.20872688 0.00031082
vn 0.97494074 0.22246470 -0.00010534
vn 0.97494074 0.22246470 -0.00010534
vn 0.97494074 0.22246470 -0.00010534
f 1//1 2//2 3//3
f 4//4 5//5 6//6
f 7//7 8//8 9//9
f 10//10 11//11 12//12
f 13//13 14//14 15//15
f 16//16 17//17 18//18
f 19//19 20//20 21//21
f 22//22 23//23 24//24
f 25//25 26//26 27//27
f 28//28 29//29 30//30
f 31//31 32//32 33//33
f 34//34 35//35 36//36
f 37//37 38//38 39//39
f 40//40 41//41 42//42
f 43//43 44//44 45//45
f 46//46 47//47 48//48
f 49//49 50//50 51//51
f 52//52 53//53 54//54
f 55//55 56//56 57//57
f 58//58 59//59 60//60
f 61//61 62//62 63//63
f 64//64 65//65 66//66
f 67//67 68//68 69//69
f 70//70 71//71 72//72
f 73//73 74//74 75//75
f 76//76 77//77 78//78
f 79//79 80//80 81//81
f 82//82 83//83 84//84
f 85//85 86//86 87//87
f 88//88 89//89 90//90
f 91//91 92//92 93//93
f 94//94 95//95 96//96
f 97//97 98//98 99//99
f 100//100 101//101 102//102
f 103//103 104//104 105//105
f 106//106 107//107 108//108
f 109//109 110//110 111//111
f 112//112 113//113 114//114
f 115//115 116//116 117//117
f 118//118 119//119 120//120
f 121//121 122//122 123//123
f 124//124 125//125 126//126
f 127//127 128//128 129//129
f 130//130 131//131 132//132
f 133//133 134//134 135//135
f 136//136 137//137 138//138
f 139//139 140//140 141//141
f 142//142 143//143 144//144
f 145//145 146//146 147//147
f 148//148 149//149 150//150
f 151//151 152//152 153//153
f 154//154 155//155 156//156
f 157//157 158//158 159//159
f 160//160 161//161 162//162
f 163//163 164//164 165//165
f 166//166 167//167 168//168
f 169//169 170//170 171//171
f 172//172 173//173 174//174
f 175//175 176//176 177//177
f 178//178 179//179 180//180
f 181//181 182//182 183//183
f 184//184 185//185 186//186
f 187//187 188//188 189//189
f 190//190 191//191 192//192
f 193//193 194//194 195//195
f 196//196 197//197 198//198
f 199//199 200//200 201//201
f 202//202 203//203 204//204
f 205//205 206//206 207//207
f 208//208 209//209 210//210
f 211//211 212//212 213//213
f 214//214 215//215 216//216
f 217//217 218//218 219//219
f 220//220 221//221 222//222
f 223//223 224//224 225//225
f 226//226 227//227 228//228
f 229//229 230//230 231//231
f 232//232 233//233 234//234
f 235//235 236//236 237//237
f 238//238 239//239 240//240
f 241//241 242//242 243//243
f 244//244 245//245 246//246
f 247//247 248//248 249//249
f 250//250 251//251 252//252
f 253//253 254//254 255//255
f 256//256 257//257 258//258
f 259//259 260//260 261//261
f 262//262 263//263 264//264
f 265//265 266//266 267//267
f 268//268 269//269 270//270
f 271//271 272//272 273//273
f 274//274 275//275 276//276
f 277//277 278//278 279//279
f 280//280 281//281 282//282
f 283//283 284//284 285//285
f 286//286 287//287 288//288
f 289//289 290//290 291//291
f 292//292 293//293 294//294
f 295//295 296//296 297//297
f 298//298 299//299 300//300
f 301//301 302//302 303//303
f 304//304 305//305 306//306
f 307//307 308//308 309//309
f 310//310 311//311 312//312
f 313//313 314//314 315//315
f 316//316 317//317 318//318
f 319//319 320//320 321//321
f 322//322 323//323 324//324
f 325//325 326//326 327//327
f 328//328 329//329 330//330
f 331//331 332//332 333//333
f 334//334 335//335 336//336
f 337//337 338//338 339//339
f 340//340 341//341 342//342
f 343//343 344//344 345//345
f 346//346 347//347 348//348
f 349//349 350//350 351//351
f 352//352 353//353 354//354
f 355//355 356//356 357//357
f 358//358 359//359 360//360
f 361//361 362//362 363//363
f 364//364 365//365 366//366
f 367//367 368//368 369//369
f 370//370 371//371 372//372
f 373//373 374//374 375//375
f 376//376 377//377 378//378
f 379//379 380//380 381//381
f 382//382 383//383 384//384
f 385//385 386//386 387//387
f 388//388 389//389 390//390
f 391//391 392//392 393//393
f 394//394 395//395 396//396
f 397//397 398//398 399//399
f 400//400 401//401 402//402
f 403//403 404//404 405//405
f 406//406 407//407 408//408
f 409//409 410//410 411//411
f 412//412 413//413 414//414
f 415//415 416//416 417//417
f 418//418 419//419 420//420
f 421//421 422//422 423//423
f 424//424 425//425 426//426
f 427//427 428//428 429//429
f 430//430 431//431 432//432
f 433//433 434//434 435//435
f 436//436 437//437 438//438
f 439//439 440//440 441//441
f 442//442 443//443 444//444
f 445//445 446//446 447//447
f 448//448 449//449 450//450
f 451//451 452//452 453//453
f 454//454 455//455 456//456
f 457//457 458//458 459//459
f 460//460 461//461 462//462
f 463//463 464//464 465//465
f 466//466 467//467 468//468
f 469//469 470//470 471//471
f 472//472 473//473 474//474
f 475//475 476//476 477//477
f 478//478 479//479 480//480
f 481//481 482//482 483//483
f 484//484 485//485 486//486
f 487//487 488//488 489//489
f 490//490 491//491 492//492
f 493//493 494//494 495//495
f 496//496 497//497 498//498
f 499//499 500//500 501//501
f 502//502 503//503 504//504
f 505//505 506//506 507//507
f 508//508 509//509 510//510
f 511//511 512//512 513//513
f 514//514 515//515 516//516
f 517//517 518//518 519//519
f 520//520 521//521 522//522
f 523//523 524//524 525//525
f 526//526 527//527 528//528
f 529//529 530//530 531//531
f 532//532 533//533 534//534
f 535//535 536//536 537//537
f 538//538 539//539 540//540
f 541//541 542//542 543//543
f 544//544 545//545 546//546
f 547//547 548//548 549//549
f 550//550 551//551 552//552
f 553//553 554//554 555//555
f 556//556 557//557 558//558
f 559//559 560//560 561//561
f 562//562 563//563 564//564
f 565//565 566//566 567//567
f 568//568 569//569 570//570
f 571//571 572//572 573//573
f 574//574 575//575 576//576
f 577//577 578//578 579//579
f 580//580 581//581 582//582
f 583//583 584//584 585//585
f 586//586 587//587 588//588
f 589//589 590//590 591//591
f 592//592 593//593 594//594
f 595//595 596//596 597//597
f 598//598 599//599 600//600
f 601//601 602//602 603//603
f 604//604 605//605 606//606
f 607//607 608//608 609//609
f 610//610 611//611 612//612
f 613//613 614//614 615//615
f 616//616 617//617 618//618
f 619//619 620//620 621//621
f 622//622 623//623 624//624
f 625//625 626//626 627//627
f 628//628 629//629 630//630
f 631//631 632//632 633//633
f 634//634 635//635 636//636
f 637//637 638//638 639//639
f 640//640 641//641 642//642
f 643//643 644//644 645//645
f 646//646 647//647 648//648
f 649//649 650//650 651//651
f 652//652 653//653 654//654
f 655//655 656//656 657//657
f 658//658 659//659 660//660
f 661//661 662//662 663//663
f 664//664 665//665 666//666
f 667//667 668//668 669//669
f 670//670 671//671 672//672
f 673//673 674//674 675//675
f 676//676 677//677 678//678
f 679//679 680//680 681//681
f 682//682 683//683 684//684
f 685//685 686//686 687//687
f 688//688 689//689 690//690
f 691//691 692//692 693//693
f 694//694 695//695 696//696
f 697//697 698//698 699//699
f 700//700 701//701 702//702
f 703//703 704//704 705//705
f 706//706 707//707 708//708
f 709//709 710//710 711//711
f 712//712 713//713 714//714
f 715//715 716//716 717//717
f 718//718 719//719 720//720
f 721//721 722//722 723//723
f 724//724 725//725 726//726
f 727//727 728//728 729//729
f 730//730 731//731 732//732
f 733//733 734//734 735//735
f 736//736 737//737 738//738
f 739//739 740//740 741//741
f 742//742 743//743 744//744
f 745//745 746//746 747//747
f 748//748 749//749 750//750
f 751//751 752//752 753//753
f 754//754 755//755 756//756
f 757//757 758//758 759//759
f 760//760 761//761 762//762
f 763//763 764//764 765//765
f 766//766 767//767 768//768
f 769//769 770//770 771//771
f 772//772 773//773 774//774
f 775//775 776//776 777//777
f 778//778 779//779 780//780
f 781//781 782//782 783//783
f 784//784 785//785 786//786
f 787//787 788//788 789//789
f 790//790 791//791 792//792
f 793//793 794//794 795//795
f 796//796 797//797 798//798
f 799//799 800//800 801//801
f 802//802 803//803 804//804
f 805//805 806//806 807//807
f 808//808 809//809 810//810
f 811//811 812//812 813//813
f 814//814 815//815 816//816
f 817//817 818//818 819//819
f 820//820 821//821 822//822
f 823//823 824//824 825//825
f 826//826 827//827 828//828
f 829//829 830//830 831//831
f 832//832 833//833 834//834
f 835//835 836//836 837//837
f 838//838 839//839 840//840
f 841//841 842//842 843//843
f 844//844 845//845 846//846
f 847//847 848//848 849//849
f 850//850 851//851 852//852
f 853//853 854//854 855//855
f 856//856 857//857 858//858
f 859//859 860//860 861//861
f 862//862 863//863 864//864
f 865//865 866//866 867//867
f 868//868 869//869 870//870
f 871//871 872//872 873//873
f 874//874 875//875 876//876
f 877//877 878//878 879//879
f 880//880 881//881 882//882
f 883//883 884//884 885//885
f 886//886 887//887 888//888
f 889//889 890//890 891//891
f 892//892 893//893 894//894
f 895//895 896//896 897//897
f 898//898 899//899 900//900
f 901//901 902//902 903//903
f 904//904 905//905 906//906
f 907//907 908//908 909//909
f 910//910 911//911 912//912
f 913//913 914//914 915//915
f 916//916 917//917 918//918
f 919//919 920//920 921//921
f 922//922 923//923 924//924
f 925//925 926//926 927//927
f 928//928 929//929 930//930
f 931//931 932//932 933//933
f 934//934 935//935 936//936
f 937//937 938//938 939//939
f 940//940 941//941 942//942
f 943//943 944//944 945//945
f 946//946 947//947 948//948
f 948//948 947//947 949//949
f 950//950 951//951 952//952
f 953//953 954//954 955//955
f 956//956 957//957 958//958
f 959//959 960//960 961//961
f 962//962 963//963 964//964
f 965//965 966//966 967//967
f 968//968 969//969 970//970
f 971//971 972//972 973//973
f 974//974 975//975 976//976
f 977//977 978//978 979//979
f 980//980 981//981 982//982
f 983//983 984//984 985//985
f 986//986 987//987 988//988
f 989//989 990//990 991//991
f 992//992 993//993 994//994
f 995//995 996//996 997//997
f 998//998 999//999 1000//1000
f 1001//1001 1002//1002 1003//1003
f 1004//1004 1005//1005 1006//1006
f 1007//1007 1008//1008 1009//1009
f 1010//1010 1011//1011 1012//1012
f 1013//1013 1014//1014 1015//1015
f 1016//1016 1017//1017 1018//1018
f 1019//1019 1020//1020 1021//1021
f 1022//1022 1023//1023 1024//1024
f 1025//1025 1026//1026 1027//1027
f 1028//1028 1029//1029 1030//1030
f 1031//1031 1032//1032 1033//1033
f 1034//1034 1035//1035 1036//1036
f 1037//1037 1038//1038 1039//1039
f 1040//1040 1041//1041 1042//1042
f 1043//1043 1044//1044 1045//1045
f 1046//1046 1047//1047 1048//1048
f 1049//1049 1050//1050 1051//1051
f 1052//1052 1053//1053 1054//1054
f 1055//1055 1056//1056 1057//1057
f 1058//1058 1059//1059 1060//1060
f 1061//1061 1062//1062 1063//1063
f 1064//1064 1065//1065 1066//1066
f 1067//1067 1068//1068 1069//1069
f 1070//1070 1071//1071 1072//1072
f 1073//1073 1074//1074 1075//1075
f 1076//1076 1077//1077 1078//1078
f 1078//1078 1077//1077 1079//1079
f 1080//1080 1081//1081 1082//1082
f 1083//1083 1084//1084 1085//1085
f 1086//1086 1087//1087 1088//1088
f 1089//1089 1090//1090 1091//1091
f 1092//1092 1093//1093 1094//1094
f 1095//1095 1096//1096 1097//1097
f 1098//1098 1099//1099 1100//1100
f 1101//1101 1102//1102 1103//1103
f 1104//1104 1105//1105 1106//1106
f 1107//1107 1108//1108 1109//1109
f 1110//1110 1111//1111 1112//1112
f 1113//1113 1114//1114 1115//1115
f 1116//1116 1117//1117 1118//1118
f 1119//1119 1120//1120 1121//1121
f 1122//1122 1123//1123 1124//1124
f 1125//1125 1126//1126 1127//1127
f 1128//1128 1129//1129 1130//1130
f 1131//1131 1132//1132 1133//1133
f 1134//1134 1135//1135 1136//1136
f 1137//1137 1138//1138 1139//1139
f 1140//1140 1141//1141 1142//1142
f 1143//1143 1144//1144 1145//1145
f 1146//1146 1147//1147 1148//1148
f 1149//1149 1150//1150 1151//1151
f 1152//1152 1153//1153 1154//1154
f 1155//1155 1156//1156 1157//1157
f 1158//1158 1159//1159 1160//1160
f 1161//1161 1162//1162 1163//1163
f 1164//1164 1165//1165 1166//1166
f 1167//1167 1168//1168 1169//1169
f 1170//1170 1171//1171 1172//1172
f 1173//1173 1174//1174 1175//1175
f 1176//1176 1177//1177 1178//1178
f 1179//1179 1180//1180 1181//1181
f 1182//1182 1183//1183 1184//1184
f 1185//1185 1186//1186 1187//1187
f 1188//1188 1189//1189 1190//1190
f 1191//1191 1192//1192 1193//1193
f 1194//1194 1195//1195 1196//1196
f 1197//1197 1198//1198 1199//1199
f 1200//1200 1201//1201 1202//1202
f 1203//1203 1204//1204 1205//1205
f 1206//1206 1207//1207 1208//1208
f 1209//1209 1210//1210 1211//1211
f 1212//1212 1213//1213 1214//1214
f 1215//1215 1216//1216 1217//1217
f 1218//1218 1219//1219 1220//1220
f 1221//1221 1222//1222 1223//1223
f 1224//1224 1225//1225 1226//1226
f 1227//1227 1228//1228 1229//1229
f 1230//1230 1231//1231 1232//1232
f 1233//1233 1234//1234 1235//1235
f 1236//1236 1237//1237 1238//1238
f 1239//1239 1240//1240 1241//1241
f 1242//1242 1243//1243 1244//1244
f 1245//1245 1246//1246 1247//1247
f 1248//1248 1249//1249 1250//1250
f 1251//1251 1252//1252 1253//1253
f 1254//1254 1255//1255 1256//1256
f 1257//1257 1258//1258 1259//1259
f 1260//1260 1261//1261 1262//1262
f 1263//1263 1264//1264 1265//1265
f 1266//1266 1267//1267 1268//1268
f 1269//1269 1270//1270 1271//1271
f 1272//1272 1273//1273 1274//1274
f 1275//1275 1276//1276 1277//1277
f 1278//1278 1279//1279 1280//1280
f 1281//1281 1282//1282 1283//1283
f 1284//1284 1285//1285 1286//1286
f 1287//1287 1288//1288 1289//1289
f 1290//1290 1291//1291 1292//1292
f 1293//1293 1294//1294 1295//1295
f 1296//1296 1297//1297 1298//1298
f 1299//1299 1300//1300 1301//1301
f 1302//1302 1303//1303 1304//1304
f 1305//1305 1306//1306 1307//1307
f 1308//1308 1309//1309 1310//1310
f 1311//1311 1312//1312 1313//1313
f 1314//1314 1315//1315 1316//1316
f 1317//1317 1318//1318 1319//1319
f 1320//1320 1321//1321 1322//1322
f 1323//1323 1324//1324 1325//1325
f 1326//1326 1327//1327 1328//1328
f 1329//1329 1330//1330 1331//1331
f 1332//1332 1333//1333 1334//1334
f 1335//1335 1336//1336 1337//1337
f 1338//1338 1339//1339 1340//1340
f 1341//1341 1342//1342 1343//1343
f 1344//1344 1345//1345 1346//1346
f 1347//1347 1348//1348 1349//1349
f 1350//1350 1351//1351 1352//1352
f 1353//1353 1354//1354 1355//1355
f 1356//1356 1357//1357 1358//1358
f 1359//1359 1360//1360 1361//1361
f 1362//1362 1363//1363 1364//1364
f 1365//1365 1366//1366 1367//1367
f 1368//1368 1369//1369 1370//1370
f 1371//1371 1372//1372 1373//1373
f 1374//1374 1375//1375 1376//1376
f 1377//1377 1378//1378 1379//1379
f 1380//1380 1381//1381 1382//1382
f 1383//1383 1384//1384 1385//1385
f 1386//1386 1387//1387 1388//1388
f 1389//1389 1390//1390 1391//1391
f 1392//1392 1393//1393 1394//1394
f 1395//1395 1396//1396 1397//1397
f 1398//1398 1399//1399 1400//1400
f 1401//1401 1402//1402 1403//1403
f 1404//1404 1405//1405 1406//1406
f 1407//1407 1408//1408 1409//1409
f 1410//1410 1411//1411 1412//1412
f 1413//1413 1414//1414 1415//1415
f 1416//1416 1417//1417 1418//1418
f 1419//1419 1420//1420 1421//1421
f 1422//1422 1423//1423 1424//1424
f 1425//1425 1426//1426 1427//1427
f 1428//1428 1429//1429 1430//1430
f 1431//1431 1432//1432 1433//1433
f 1434//1434 1435//1435 1436//1436
f 1437//1437 1438//1438 1439//1439
f 1440//1440 1441//1441 1442//1442
f 1443//1443 1444//1444 1445//1445
f 1446//1446 1447//1447 1448//1448
f 1449//1449 1450//1450 1451//1451
f 1452//1452 1453//1453 1454//1454
f 1455//1455 1456//1456 1457//1457
f 1458//1458 1459//1459 1460//1460
f 1461//1461 1462//1462 1463//1463
f 1464//1464 1465//1465 1466//1466
f 1467//1467 1468//1468 1469//1469
f 1470//1470 1471//1471 1472//1472
f 1473//1473 1474//1474 1475//1475
f 1476//1476 1477//1477 1478//1478
f 1479//1479 1480//1480 1481//1481
f 1482//1482 1483//1483 1484//1484
f 1485//1485 1486//1486 1487//1487
f 1488//1488 1489//1489 1490//1490
f 1491//1491 1492//1492 1493//1493
f 1494//1494 1495//1495 1496//1496
f 1497//1497 1498//1498 1499//1499
f 1500//1500 1501//1501 1502//1502
f 1503//1503 1504//1504 1505//1505
f 1506//1506 1507//1507 1508//1508
f 1509//1509 1510//1510 1511//1511
f 1512//1512 1513//1513 1514//1514
f 1515//1515 1516//1516 1517//1517
f 1518//1518 1519//1519 1520//1520
f 1521//1521 1522//1522 1523//1523
f 1524//1524 1525//1525 1526//1526
f 1527//1527 1528//1528 1529//1529
f 1530//1530 1531//1531 1532//1532
f 1533//1533 1534//1534 1535//1535
f 1536//1536 1537//1537 1538//1538
f 1539//1539 1540//1540 1541//1541
f 1542//1542 1543//1543 1544//1544
f 1545//1545 1546//1546 1547//1547
f 1548//1548 1549//1549 1550//1550
f 1551//1551 1552//1552 1553//1553
f 1554//1554 1555//1555 1556//1556
f 1557//1557 1558//1558 1559//1559
f 1560//1560 1561//1561 1562//1562
f 1563//1563 1564//1564 1565//1565
f 1566//1566 1567//1567 1568//1568
f 1569//1569 1570//1570 1571//1571
f 1572//1572 1573//1573 1574//1574
f 1575//1575 1576//1576 1577//1577
f 1578//1578 1579//1579 1580//1580
f 1581//1581 1582//1582 1583//1583
f 1584//1584 1585//1585 1586//1586
f 1587//1587 1588//1588 1589//1589
f 1590//1590 1591//1591 1592//1592
f 1593//1593 1594//1594 1595//1595
f 1596//1596 1597//1597 1598//1598
f 1599//1599 1600//1600 1601//1601
f 1602//1602 1603//1603 1604//1604
f 1605//1605 1606//1606 1607//1607
f 1608//1608 1609//1609 1610//1610
f 1611//1611 1612//1612 1613//1613
f 1614//1614 1615//1615 1616//1616
f 1617//1617 1618//1618 1619//1619
f 1620//1620 1621//1621 1622//1622
f 1623//1623 1624//1624 1625//1625
f 1626//1626 1627//1627 1628//1628
f 1629//1629 1630//1630 1631//1631
f 1632//1632 1633//1633 1634//1634
f 1635//1635 1636//1636 1637//1637
f 1638//1638 1639//1639 1640//1640
f 1641//1641 1642//1642 1643//1643
f 1644//1644 1645//1645 1646//1646
f 1647//1647 1648//1648 1649//1649
f 1650//1650 1651//1651 1652//1652
f 1653//1653 1654//1654 1655//1655
f 1656//1656 1657//1657 1658//1658
f 1659//1659 1660//1660 1661//1661
f 1662//1662 1663//1663 1664//1664
f 1665//1665 1666//1666 1667//1667
f 1668//1668 1669//1669 1670//1670
f 1671//1671 1672//1672 1673//1673
f 1674//1674 1675//1675 1676//1676
f 1677//1677 1678//1678 1679//1679
f 1680//1680 1681//1681 1682//1682
f 1683//1683 1684//1684 1685//1685
f 1686//1686 1687//1687 1688//1688
f 1689//1689 1690//1690 1691//1691
f 1692//1692 1693//1693 1694//1694
f 1695//1695 1696//1696 1697//1697
f 1698//1698 1699//1699 1700//1700
f 1701//1701 1702//1702 1703//1703
f 1704//1704 1705//1705 1706//1706
f 1707//1707 1708//1708 1709//1709
f 1710//1710 1711//1711 1712//1712
f 1713//1713 1714//1714 1715//1715
f 1716//1716 1717//1717 1718//1718
f 1719//1719 1720//1720 1721//1721
f 1722//1722 1723//1723 1724//1724
f 1725//1725 1726//1726 1727//1727
f 1728//1728 1729//1729 1730//1730
f 1731//1731 1732//1732 1733//1733
f 1734//1734 1735//1735 1736//1736
f 1737//1737 1738//1738 1739//1739
f 1740//1740 1741//1741 1742//1742
f 1743//1743 1744//1744 1745//1745
f 1746//1746 1747//1747 1748//1748
f 1749//1749 1750//1750 1751//1751
f 1752//1752 1753//1753 1754//1754
f 1755//1755 1756//1756 1757//1757
f 1758//1758 1759//1759 1760//1760
f 1761//1761 1762//1762 1763//1763
f 1764//1764 1765//1765 1766//1766
f 1767//1767 1768//1768 1769//1769
f 1770//1770 1771//1771 1772//1772
f 1773//1773 1774//1774 1775//1775
f 1776//1776 1777//1777 1778//1778
f 1779//1779 1780//1780 1781//1781
f 1782//1782 1783//1783 1784//1784
f 1785//1785 1786//1786 1787//1787
f 1788//1788 1789//1789 1790//1790
f 1791//1791 1792//1792 1793//1793
f 1794//1794 1795//1795 1796//1796
f 1797//1797 1798//1798 1799//1799
f 1800//1800 1801//1801 1802//1802
f 1803//1803 1804//1804 1805//1805
f 1805//1805 1804//1804 1806//1806
f 1807//1807 1808//1808 1809//1809
f 1810//1810 1811//1811 1812//1812
f 1813//1813 1814//1814 1815//1815
f 1816//1816 1817//1817 1818//1818
f 1819//1819 1820//1820 1821//1821
f 1822//1822 1823//1823 1824//1824
f 1825//1825 1826//1826 1827//1827
f 1828//1828 1829//1829 1830//1830
f 1831//1831 1832//1832 1833//1833
f 1834//1834 1835//1835 1836//1836
f 1837//1837 1838//1838 1839//1839
f 1840//1840 1841//1841 1842//1842
f 1843//1843 1844//1844 1845//1845
f 1846//1846 1847//1847 1848//1848
f 1849//1849 1850//1850 1851//1851
f 1852//1852 1853//1853 1854//1854

