# https://github.com/mikedh/trimesh
v -0.00191116 0.06691847 0.04351674
v -0.00207875 0.06551463 0.04341122
v 0.00193065 0.06590115 0.04344882
v 0.00193065 0.06590115 0.04344882
v 0.00218376 0.06834097 0.04344324
v -0.00191116 0.06691847 0.04351674
v -0.00191116 0.06691847 0.04351674
v 0.00218376 0.06834097 0.04344324
v -0.00001027 0.06993876 0.04343146
v 0.00291639 0.07131717 0.04086726
v 0.00093317 0.07215471 0.04085157
v 0.00118257 0.07179356 0.04191377
v 0.00150885 0.07061574 0.04303644
v -0.00001027 0.06993876 0.04343146
v 0.00218376 0.06834097 0.04344324
v 0.00449947 0.06925579 0.04124159
v 0.00324964 0.07044609 0.04214318
v 0.00344245 0.06852852 0.04300194
v 0.00485458 0.06728775 0.04129005
v 0.00449947 0.06925579 0.04124159
v 0.00344245 0.06852852 0.04300194
v 0.00485458 0.06728775 0.04129005
v 0.00344245 0.06852852 0.04300194
v 0.00369438 0.06673752 0.04294148
v 0.00452985 0.06561809 0.04130989
v 0.00485458 0.06728775 0.04129005
v 0.00369438 0.06673752 0.04294148
v 0.00338446 0.06383483 0.04131490
v 0.00452985 0.06561809 0.04130989
v 0.00290049 0.06447133 0.04263338
v 0.00290049 0.06447133 0.04263338
v 0.00369438 0.06673752 0.04294148
v 0.00190015 0.06461811 0.04316552
v 0.00190015 0.06461811 0.04316552
v 0.00369438 0.06673752 0.04294148
v 0.00193065 0.06590115 0.04344882
v 0.00022468 0.06318270 0.04256284
v 0.00290049 0.06447133 0.04263338
v 0.00190015 0.06461811 0.04316552
v -0.00226917 0.06353149 0.04218797
v -0.00137716 0.06264698 0.04115178
v 0.00022468 0.06318270 0.04256284
v -0.00226917 0.06353149 0.04218797
v 0.00022468 0.06318270 0.04256284
v -0.00078220 0.06443763 0.04334218
v -0.00340340 0.06388697 0.04134743
v -0.00226917 0.06353149 0.04218797
v -0.00332505 0.06515531 0.04269587
v -0.00332505 0.06515531 0.04269587
v -0.00226917 0.06353149 0.04218797
v -0.00078220 0.06443763 0.04334218
v -0.00332505 0.06515531 0.04269587
v -0.00078220 0.06443763 0.04334218
v -0.00207875 0.06551463 0.04341122
v -0.00438169 0.06525964 0.04134745
v -0.00340340 0.06388697 0.04134743
v -0.00332505 0.06515531 0.04269587
v -0.00486625 0.06703262 0.04127229
v -0.00438169 0.06525964 0.04134745
v -0.00369728 0.06717961 0.04297021
v -0.00450760 0.06907629 0.04155297
v -0.00486625 0.06703262 0.04127229
v -0.00369728 0.06717961 0.04297021
v -0.00450760 0.06907629 0.04155297
v -0.00369728 0.06717961 0.04297021
v -0.00333281 0.06896051 0.04290634
v -0.00369728 0.06717961 0.04297021
v -0.00191116 0.06691847 0.04351674
v -0.00203089 0.06945986 0.04333995
v -0.00369662 0.07055933 0.04085151
v -0.00450760 0.06907629 0.04155297
v -0.00370917 0.07007581 0.04190701
v -0.00370917 0.07007581 0.04190701
v -0.00450760 0.06907629 0.04155297
v -0.00333281 0.06896051 0.04290634
v -0.00235859 0.07158400 0.04130986
v -0.00369662 0.07055933 0.04085151
v -0.00370917 0.07007581 0.04190701
v -0.00235859 0.07158400 0.04130986
v -0.00370917 0.07007581 0.04190701
v -0.00143869 0.07103824 0.04276620
v -0.00076745 0.07213514 0.04130987
v -0.00235859 0.07158400 0.04130986
v -0.00143869 0.07103824 0.04276620
v -0.00143869 0.07103824 0.04276620
v -0.00203089 0.06945986 0.04333995
v -0.00001027 0.06993876 0.04343146
v 0.00093317 0.07215471 0.04085157
v -0.00076745 0.07213514 0.04130987
v 0.00118257 0.07179356 0.04191377
v 0.00118257 0.07179356 0.04191377
v -0.00076745 0.07213514 0.04130987
v -0.00143869 0.07103824 0.04276620
v 0.00118257 0.07179356 0.04191377
v -0.00143869 0.07103824 0.04276620
v 0.00150885 0.07061574 0.04303644
v 0.00150885 0.07061574 0.04303644
v -0.00143869 0.07103824 0.04276620
v -0.00001027 0.06993876 0.04343146
v 0.00150885 0.07061574 0.04303644
v 0.00324964 0.07044609 0.04214318
v 0.00118257 0.07179356 0.04191377
v 0.00118257 0.07179356 0.04191377
v 0.00324964 0.07044609 0.04214318
v 0.00291639 0.07131717 0.04086726
v 0.00218376 0.06834097 0.04344324
v 0.00344245 0.06852852 0.04300194
v 0.00150885 0.07061574 0.04303644
v 0.00150885 0.07061574 0.04303644
v 0.00344245 0.06852852 0.04300194
v 0.00324964 0.07044609 0.04214318
v 0.00324964 0.07044609 0.04214318
v 0.00449947 0.06925579 0.04124159
v 0.00291639 0.07131717 0.04086726
v 0.00218376 0.06834097 0.04344324
v 0.00193065 0.06590115 0.04344882
v 0.00369438 0.06673752 0.04294148
v 0.00218376 0.06834097 0.04344324
v 0.00369438 0.06673752 0.04294148
v 0.00344245 0.06852852 0.04300194
v 0.00369438 0.06673752 0.04294148
v 0.00290049 0.06447133 0.04263338
v 0.00452985 0.06561809 0.04130989
v 0.00193065 0.06590115 0.04344882
v -0.00078220 0.06443763 0.04334218
v 0.00190015 0.06461811 0.04316552
v 0.00290049 0.06447133 0.04263338
v 0.00022468 0.06318270 0.04256284
v 0.00158691 0.06276570 0.04130985
v 0.00290049 0.06447133 0.04263338
v 0.00158691 0.06276570 0.04130985
v 0.00338446 0.06383483 0.04131490
v 0.00190015 0.06461811 0.04316552
v -0.00078220 0.06443763 0.04334218
v 0.00022468 0.06318270 0.04256284
v 0.00022468 0.06318270 0.04256284
v 0.00012230 0.06253001 0.04138530
v 0.00158691 0.06276570 0.04130985
v -0.00078220 0.06443763 0.04334218
v 0.00022468 0.06318270 0.04256284
v -0.00137716 0.06264698 0.04115178
v 0.00012230 0.06253001 0.04138530
v -0.00226917 0.06353149 0.04218797
v -0.00340340 0.06388697 0.04134743
v -0.00137716 0.06264698 0.04115178
v -0.00191116 0.06691847 0.04351674
v -0.00369728 0.06717961 0.04297021
v -0.00207875 0.06551463 0.04341122
v -0.00207875 0.06551463 0.04341122
v -0.00369728 0.06717961 0.04297021
v -0.00332505 0.06515531 0.04269587
v -0.00332505 0.06515531 0.04269587
v -0.00369728 0.06717961 0.04297021
v -0.00438169 0.06525964 0.04134745
v -0.00369728 0.06717961 0.04297021
v -0.00203089 0.06945986 0.04333995
v -0.00333281 0.06896051 0.04290634
v -0.00333281 0.06896051 0.04290634
v -0.00203089 0.06945986 0.04333995
v -0.00143869 0.07103824 0.04276620
v -0.00333281 0.06896051 0.04290634
v -0.00143869 0.07103824 0.04276620
v -0.00370917 0.07007581 0.04190701
v -0.00191116 0.06691847 0.04351674
v -0.00001027 0.06993876 0.04343146
v -0.00203089 0.06945986 0.04333995
v 0.00406555 0.07025172 0.03943552
v 0.00449947 0.06925579 0.04124159
v 0.00498139 0.06695980 0.03943565
v 0.00498139 0.06695980 0.03943565
v 0.00449947 0.06925579 0.04124159
v 0.00485458 0.06728775 0.04129005
v 0.00406555 0.07025172 0.03943552
v 0.00291639 0.07131717 0.04086726
v 0.00449947 0.06925579 0.04124159
v 0.00165307 0.07201679 0.03943552
v 0.00291639 0.07131717 0.04086726
v 0.00406555 0.07025172 0.03943552
v 0.00165307 0.07201679 0.03943552
v 0.00093317 0.07215471 0.04085157
v 0.00291639 0.07131717 0.04086726
v -0.00090314 0.07221776 0.03943552
v 0.00093317 0.07215471 0.04085157
v 0.00165307 0.07201679 0.03943552
v -0.00090314 0.07221776 0.03943552
v -0.00076745 0.07213514 0.04130987
v 0.00093317 0.07215471 0.04085157
v -0.00321730 0.07111374 0.03943552
v -0.00235859 0.07158400 0.04130986
v -0.00090314 0.07221776 0.03943552
v -0.00090314 0.07221776 0.03943552
v -0.00235859 0.07158400 0.04130986
v -0.00076745 0.07213514 0.04130987
v -0.00321730 0.07111374 0.03943552
v -0.00369662 0.07055933 0.04085151
v -0.00235859 0.07158400 0.04130986
v -0.00483819 0.06859508 0.03943552
v -0.00369662 0.07055933 0.04085151
v -0.00321730 0.07111374 0.03943552
v -0.00483819 0.06859508 0.03943552
v -0.00450760 0.06907629 0.04155297
v -0.00369662 0.07055933 0.04085151
v -0.00483819 0.06859508 0.03943552
v -0.00486625 0.06703262 0.04127229
v -0.00450760 0.06907629 0.04155297
v -0.00474539 0.06603865 0.03943552
v -0.00486625 0.06703262 0.04127229
v -0.00483819 0.06859508 0.03943552
v -0.00376639 0.06413027 0.03943552
v -0.00438169 0.06525964 0.04134745
v -0.00474539 0.06603865 0.03943552
v -0.00474539 0.06603865 0.03943552
v -0.00438169 0.06525964 0.04134745
v -0.00486625 0.06703262 0.04127229
v -0.00376639 0.06413027 0.03943552
v -0.00340340 0.06388697 0.04134743
v -0.00438169 0.06525964 0.04134745
v -0.00124773 0.06250933 0.03943552
v -0.00340340 0.06388697 0.04134743
v -0.00376639 0.06413027 0.03943552
v -0.00124773 0.06250933 0.03943552
v -0.00137716 0.06264698 0.04115178
v -0.00340340 0.06388697 0.04134743
v 0.00173499 0.06270794 0.03943552
v 0.00012230 0.06253001 0.04138530
v -0.00124773 0.06250933 0.03943552
v -0.00124773 0.06250933 0.03943552
v 0.00012230 0.06253001 0.04138530
v -0.00137716 0.06264698 0.04115178
v 0.00173499 0.06270794 0.03943552
v 0.00158691 0.06276570 0.04130985
v 0.00012230 0.06253001 0.04138530
v 0.00382232 0.06419709 0.03943552
v 0.00338446 0.06383483 0.04131490
v 0.00173499 0.06270794 0.03943552
v 0.00173499 0.06270794 0.03943552
v 0.00338446 0.06383483 0.04131490
v 0.00158691 0.06276570 0.04130985
v 0.00498139 0.06695980 0.03943565
v 0.00452985 0.06561809 0.04130989
v 0.00382232 0.06419709 0.03943552
v 0.00382232 0.06419709 0.03943552
v 0.00452985 0.06561809 0.04130989
v 0.00338446 0.06383483 0.04131490
v 0.00498139 0.06695980 0.03943565
v 0.00485458 0.06728775 0.04129005
v 0.00452985 0.06561809 0.04130989
v -0.00000007 0.09089456 0.02443572
v 0.00302824 0.09269357 0.02504035
v 0.00253887 0.09269492 0.02273697
v 0.00253887 0.09269492 0.02273697
v 0.00085275 0.09269492 0.02150244
v -0.00000007 0.09089456 0.02443572
v 0.00085275 0.09269492 0.02150244
v -0.00098282 0.09269572 0.02157088
v -0.00000007 0.09089456 0.02443572
v -0.00098282 0.09269572 0.02157088
v -0.00246476 0.09269492 0.02263092
v -0.00000007 0.09089456 0.02443572
v -0.00000007 0.09089456 0.02443572
v -0.00246476 0.09269492 0.02263092
v -0.00305253 0.09269357 0.02490344
v -0.00305253 0.09269357 0.02490344
v -0.00180475 0.09269492 0.02690050
v -0.00000007 0.09089456 0.02443572
v -0.00000007 0.09089456 0.02443572
v -0.00180475 0.09269492 0.02690050
v 0.00020152 0.09269492 0.02748391
v 0.00020152 0.09269492 0.02748391
v 0.00190289 0.09269572 0.02679209
v -0.00000007 0.09089456 0.02443572
v 0.00190289 0.09269572 0.02679209
v 0.00302824 0.09269357 0.02504035
v -0.00000007 0.09089456 0.02443572
v -0.01821932 0.08979716 0.02192024
v -0.01512100 0.08979716 0.01294452
v -0.01840623 0.08979716 0.01237352
v -0.01297534 0.08979716 0.01597871
v -0.01309344 0.08979716 0.01841866
v -0.01463430 0.08979716 0.02094169
v -0.02231567 0.08979716 0.01866382
v -0.02047239 0.08979716 0.02097433
v -0.02214677 0.08979716 0.01537452
v -0.02067868 0.08979716 0.01337294
v 0.01713556 0.08979717 0.02192024
v 0.02023389 0.08979717 0.01294452
v 0.01694865 0.08979717 0.01237352
v 0.02237954 0.08979717 0.01597871
v 0.02226144 0.08979717 0.01841866
v 0.02072058 0.08979717 0.02094169
v 0.01305493 0.08979717 0.01827549
v 0.01417271 0.08979717 0.02044759
v 0.01303770 0.08979717 0.01574543
v 0.01467621 0.08979717 0.01337294
v -0.01480465 0.08979716 -0.02213306
v -0.01839864 0.08979716 -0.02307826
v -0.01821932 0.08979716 -0.01343465
v -0.01297534 0.08979716 -0.01937618
v -0.01309344 0.08979716 -0.01693622
v -0.01463430 0.08979716 -0.01441320
v -0.02229996 0.08979716 -0.01707940
v -0.02118218 0.08979716 -0.01490730
v -0.02231718 0.08979716 -0.01960946
v -0.02099502 0.08979716 -0.02166361
v 0.02055023 0.08979717 -0.02213306
v 0.01695624 0.08979717 -0.02307826
v 0.01713556 0.08979717 -0.01343465
v 0.02237954 0.08979717 -0.01937618
v 0.02226144 0.08979717 -0.01693622
v 0.02072058 0.08979717 -0.01441320
v 0.01305493 0.08979717 -0.01707940
v 0.01417271 0.08979717 -0.01490730
v 0.01303770 0.08979717 -0.01960946
v 0.01435986 0.08979717 -0.02166361
v 0.00129444 0.09269711 0.01518497
v 0.01382879 0.09269712 0.00707961
v -0.00384736 0.09269710 0.01476257
v -0.00857915 0.09269708 0.01270596
v -0.01489110 0.09269707 0.00471862
v -0.01239571 0.09269707 0.00923513
v -0.01579796 0.09269706 -0.00036288
v -0.01263255 0.09269707 -0.01004792
v -0.01501789 0.09269705 -0.00546684
v -0.00889537 0.09269710 -0.01361558
v 0.00139399 0.09269717 -0.01632933
v -0.00420368 0.09269714 -0.01578681
v 0.00663972 0.09269711 -0.01489435
v 0.01401371 0.09269707 -0.00785534
v 0.01091058 0.09269708 -0.01198573
v 0.01561777 0.09269706 -0.00294663
v 0.01555329 0.09269707 0.00221526
v 0.00629636 0.09269710 0.01392927
v 0.01062911 0.09269709 0.01112819
v 0.00482746 0.06863764 0.03643556
v 0.00498139 0.06695980 0.03943565
v 0.00475309 0.06606397 0.03643556
v 0.00475309 0.06606397 0.03643556
v 0.00498139 0.06695980 0.03943565
v 0.00382232 0.06419709 0.03943552
v 0.00475309 0.06606397 0.03643556
v 0.00382232 0.06419709 0.03943552
v 0.00379166 0.06415907 0.03643556
v 0.00379166 0.06415907 0.03643556
v 0.00382232 0.06419709 0.03943552
v 0.00173499 0.06270794 0.03943552
v 0.00379166 0.06415907 0.03643556
v 0.00173499 0.06270794 0.03943552
v 0.00129017 0.06251994 0.03643556
v 0.00129017 0.06251994 0.03643556
v 0.00173499 0.06270794 0.03943552
v -0.00124773 0.06250933 0.03943552
v 0.00129017 0.06251994 0.03643556
v -0.00124773 0.06250933 0.03943552
v -0.00169940 0.06269393 0.03643556
v -0.00169940 0.06269393 0.03643556
v -0.00124773 0.06250933 0.03943552
v -0.00376639 0.06413027 0.03943552
v -0.00169940 0.06269393 0.03643556
v -0.00376639 0.06413027 0.03943552
v -0.00379851 0.06416707 0.03643556
v -0.00379851 0.06416707 0.03643556
v -0.00376639 0.06413027 0.03943552
v -0.00474539 0.06603865 0.03943552
v -0.00379851 0.06416707 0.03643556
v -0.00474539 0.06603865 0.03943552
v -0.00475817 0.06608244 0.03643556
v -0.00475817 0.06608244 0.03643556
v -0.00474539 0.06603865 0.03943552
v -0.00483819 0.06859508 0.03943552
v -0.00475817 0.06608244 0.03643556
v -0.00483819 0.06859508 0.03943552
v -0.00487798 0.06821287 0.03643556
v -0.00487798 0.06821287 0.03643556
v -0.00483819 0.06859508 0.03943552
v -0.00402756 0.07017925 0.03643555
v -0.00402756 0.07017925 0.03643555
v -0.00483819 0.06859508 0.03943552
v -0.00321730 0.07111374 0.03943552
v -0.00402756 0.07017925 0.03643555
v -0.00321730 0.07111374 0.03943552
v -0.00210898 0.07187758 0.03643555
v -0.00210898 0.07187758 0.03643555
v -0.00321730 0.07111374 0.03943552
v -0.00090314 0.07221776 0.03943552
v -0.00210898 0.07187758 0.03643555
v -0.00090314 0.07221776 0.03943552
v 0.00129634 0.07217331 0.03643555
v 0.00129634 0.07217331 0.03643555
v -0.00090314 0.07221776 0.03943552
v 0.00165307 0.07201679 0.03943552
v 0.00129634 0.07217331 0.03643555
v 0.00165307 0.07201679 0.03943552
v 0.00406555 0.07025172 0.03943552
v 0.00129634 0.07217331 0.03643555
v 0.00406555 0.07025172 0.03943552
v 0.00348806 0.07082205 0.03643555
v 0.00348806 0.07082205 0.03643555
v 0.00406555 0.07025172 0.03943552
v 0.00482746 0.06863764 0.03643556
v 0.00482746 0.06863764 0.03643556
v 0.00406555 0.07025172 0.03943552
v 0.00498139 0.06695980 0.03943565
v 0.00085275 0.09269492 0.02150244
v 0.00079613 0.09879591 0.02140664
v -0.00098282 0.09269572 0.02157088
v -0.00098282 0.09269572 0.02157088
v 0.00079613 0.09879591 0.02140664
v -0.00105730 0.09878974 0.02151924
v -0.00098282 0.09269572 0.02157088
v -0.00105730 0.09878974 0.02151924
v -0.00246476 0.09269492 0.02263092
v -0.00246476 0.09269492 0.02263092
v -0.00105730 0.09878974 0.02151924
v -0.00267912 0.09879384 0.02278173
v -0.00246476 0.09269492 0.02263092
v -0.00267912 0.09879384 0.02278173
v -0.00305253 0.09269357 0.02490344
v -0.00305253 0.09269357 0.02490344
v -0.00267912 0.09879384 0.02278173
v -0.00309766 0.09880024 0.02505719
v -0.00305253 0.09269357 0.02490344
v -0.00309766 0.09880024 0.02505719
v -0.00180475 0.09269492 0.02690050
v -0.00200618 0.09880697 0.02681361
v -0.00180475 0.09269492 0.02690050
v -0.00200618 0.09880697 0.02681361
v -0.00025847 0.09879590 0.02755710
v -0.00180475 0.09269492 0.02690050
v -0.00025847 0.09879590 0.02755710
v 0.00020152 0.09269492 0.02748391
v 0.00020152 0.09269492 0.02748391
v -0.00025847 0.09879590 0.02755710
v 0.00153400 0.09881085 0.02714559
v 0.00020152 0.09269492 0.02748391
v 0.00153400 0.09881085 0.02714559
v 0.00190289 0.09269572 0.02679209
v 0.00190289 0.09269572 0.02679209
v 0.00153400 0.09881085 0.02714559
v 0.00272631 0.09880856 0.02602079
v 0.00190289 0.09269572 0.02679209
v 0.00272631 0.09880856 0.02602079
v 0.00302824 0.09269357 0.02504035
v 0.00302824 0.09269357 0.02504035
v 0.00272631 0.09880856 0.02602079
v 0.00310830 0.09878221 0.02413731
v 0.00302824 0.09269357 0.02504035
v 0.00310830 0.09878221 0.02413731
v 0.00253887 0.09269492 0.02273697
v 0.00253887 0.09269492 0.02273697
v 0.00310830 0.09878221 0.02413731
v 0.00237913 0.09878976 0.02244485
v 0.00253887 0.09269492 0.02273697
v 0.00237913 0.09878976 0.02244485
v 0.00085275 0.09269492 0.02150244
v 0.00085275 0.09269492 0.02150244
v 0.00237913 0.09878976 0.02244485
v 0.00079613 0.09879591 0.02140664
v -0.01840623 0.08979716 0.01237352
v -0.01857369 0.09838392 0.01240246
v -0.02067868 0.08979716 0.01337294
v -0.02067868 0.08979716 0.01337294
v -0.01857369 0.09838392 0.01240246
v -0.02078803 0.09839350 0.01346277
v -0.02067868 0.08979716 0.01337294
v -0.02078803 0.09839350 0.01346277
v -0.02214677 0.08979716 0.01537452
v -0.02214677 0.08979716 0.01537452
v -0.02078803 0.09839350 0.01346277
v -0.02219657 0.09839350 0.01550698
v -0.02214677 0.08979716 0.01537452
v -0.02219657 0.09839350 0.01550698
v -0.02231567 0.08979716 0.01866382
v -0.02231567 0.08979716 0.01866382
v -0.02219657 0.09839350 0.01550698
v -0.02239592 0.09839908 0.01797433
v -0.02231567 0.08979716 0.01866382
v -0.02239592 0.09839908 0.01797433
v -0.02078625 0.09838714 0.02088603
v -0.02231567 0.08979716 0.01866382
v -0.02078625 0.09838714 0.02088603
v -0.02047239 0.08979716 0.02097433
v -0.02047239 0.08979716 0.02097433
v -0.02078625 0.09838714 0.02088603
v -0.01821932 0.08979716 0.02192024
v -0.01821932 0.08979716 0.02192024
v -0.02078625 0.09838714 0.02088603
v -0.01721490 0.09839091 0.02192808
v -0.01821932 0.08979716 0.02192024
v -0.01721490 0.09839091 0.02192808
v -0.01463430 0.08979716 0.02094169
v -0.01463430 0.08979716 0.02094169
v -0.01721490 0.09839091 0.02192808
v -0.01422847 0.09839091 0.02050448
v -0.01463430 0.08979716 0.02094169
v -0.01422847 0.09839091 0.02050448
v -0.01309344 0.08979716 0.01841866
v -0.01309344 0.08979716 0.01841866
v -0.01422847 0.09839091 0.02050448
v -0.01294769 0.09839790 0.01790779
v -0.01309344 0.08979716 0.01841866
v -0.01294769 0.09839790 0.01790779
v -0.01297534 0.08979716 0.01597871
v -0.01297534 0.08979716 0.01597871
v -0.01294769 0.09839790 0.01790779
v -0.01318295 0.09839350 0.01543972
v -0.01297534 0.08979716 0.01597871
v -0.01318295 0.09839350 0.01543972
v -0.01512100 0.08979716 0.01294452
v -0.01512100 0.08979716 0.01294452
v -0.01318295 0.09839350 0.01543972
v -0.01527197 0.09838634 0.01285800
v -0.01512100 0.08979716 0.01294452
v -0.01527197 0.09838634 0.01285800
v -0.01840623 0.08979716 0.01237352
v -0.01840623 0.08979716 0.01237352
v -0.01527197 0.09838634 0.01285800
v -0.01857369 0.09838392 0.01240246
v 0.01694865 0.08979717 0.01237352
v 0.01680891 0.09839349 0.01239666
v 0.01467621 0.08979717 0.01337294
v 0.01467621 0.08979717 0.01337294
v 0.01680891 0.09839349 0.01239666
v 0.01456688 0.09839349 0.01346274
v 0.01467621 0.08979717 0.01337294
v 0.01456688 0.09839349 0.01346274
v 0.01303770 0.08979717 0.01574543
v 0.01303770 0.08979717 0.01574543
v 0.01456688 0.09839349 0.01346274
v 0.01299491 0.09839091 0.01590162
v 0.01303770 0.08979717 0.01574543
v 0.01299491 0.09839091 0.01590162
v 0.01305493 0.08979717 0.01827549
v 0.01305493 0.08979717 0.01827549
v 0.01299491 0.09839091 0.01590162
v 0.01346606 0.09838570 0.01959569
v 0.01305493 0.08979717 0.01827549
v 0.01346606 0.09838570 0.01959569
v 0.01417271 0.08979717 0.02044759
v 0.01417271 0.08979717 0.02044759
v 0.01346606 0.09838570 0.01959569
v 0.01646572 0.09839091 0.02179601
v 0.01417271 0.08979717 0.02044759
v 0.01646572 0.09839091 0.02179601
v 0.01713556 0.08979717 0.02192024
v 0.01713556 0.08979717 0.02192024
v 0.01646572 0.09839091 0.02179601
v 0.01895357 0.09839017 0.02170602
v 0.01713556 0.08979717 0.02192024
v 0.01895357 0.09839017 0.02170602
v 0.02072058 0.08979717 0.02094169
v 0.02072058 0.08979717 0.02094169
v 0.01895357 0.09839017 0.02170602
v 0.02112644 0.09839093 0.02050445
v 0.02072058 0.08979717 0.02094169
v 0.02112644 0.09839093 0.02050445
v 0.02226144 0.08979717 0.01841866
v 0.02226144 0.08979717 0.01841866
v 0.02112644 0.09839093 0.02050445
v 0.02240719 0.09839791 0.01790779
v 0.02226144 0.08979717 0.01841866
v 0.02240719 0.09839791 0.01790779
v 0.02237954 0.08979717 0.01597871
v 0.02237954 0.08979717 0.01597871
v 0.02240719 0.09839791 0.01790779
v 0.02188825 0.09838634 0.01463070
v 0.02237954 0.08979717 0.01597871
v 0.02188825 0.09838634 0.01463070
v 0.02023389 0.08979717 0.01294452
v 0.02023389 0.08979717 0.01294452
v 0.02188825 0.09838634 0.01463070
v 0.01928077 0.09839793 0.01259341
v 0.02023389 0.08979717 0.01294452
v 0.01928077 0.09839793 0.01259341
v 0.01694865 0.08979717 0.01237352
v 0.01694865 0.08979717 0.01237352
v 0.01928077 0.09839793 0.01259341
v 0.01680891 0.09839349 0.01239666
v -0.01839864 0.08979716 -0.02307826
v -0.01771340 0.09839348 -0.02303737
v -0.02088104 0.09836753 -0.02193230
v -0.01839864 0.08979716 -0.02307826
v -0.02088104 0.09836753 -0.02193230
v -0.02099502 0.08979716 -0.02166361
v -0.02099502 0.08979716 -0.02166361
v -0.02088104 0.09836753 -0.02193230
v -0.02231718 0.08979716 -0.01960946
v -0.02231718 0.08979716 -0.01960946
v -0.02088104 0.09836753 -0.02193230
v -0.02249927 0.09839089 -0.01862193
v -0.02231718 0.08979716 -0.01960946
v -0.02249927 0.09839089 -0.01862193
v -0.02229996 0.08979716 -0.01707940
v -0.02229996 0.08979716 -0.01707940
v -0.02249927 0.09839089 -0.01862193
v -0.02136830 0.09836776 -0.01503770
v -0.02229996 0.08979716 -0.01707940
v -0.02136830 0.09836776 -0.01503770
v -0.02118218 0.08979716 -0.01490730
v -0.02118218 0.08979716 -0.01490730
v -0.02136830 0.09836776 -0.01503770
v -0.01821932 0.08979716 -0.01343465
v -0.01821932 0.08979716 -0.01343465
v -0.02136830 0.09836776 -0.01503770
v -0.01805807 0.09839090 -0.01341964
v -0.01821932 0.08979716 -0.01343465
v -0.01805807 0.09839090 -0.01341964
v -0.01463430 0.08979716 -0.01441320
v -0.01463430 0.08979716 -0.01441320
v -0.01805807 0.09839090 -0.01341964
v -0.01450132 0.09838634 -0.01452551
v -0.01463430 0.08979716 -0.01441320
v -0.01450132 0.09838634 -0.01452551
v -0.01309344 0.08979716 -0.01693622
v -0.01309344 0.08979716 -0.01693622
v -0.01450132 0.09838634 -0.01452551
v -0.01285576 0.09839090 -0.01786079
v -0.01309344 0.08979716 -0.01693622
v -0.01285576 0.09839090 -0.01786079
v -0.01297534 0.08979716 -0.01937618
v -0.01297534 0.08979716 -0.01937618
v -0.01285576 0.09839090 -0.01786079
v -0.01354385 0.09839789 -0.02067341
v -0.01297534 0.08979716 -0.01937618
v -0.01354385 0.09839789 -0.02067341
v -0.01480465 0.08979716 -0.02213306
v -0.01480465 0.08979716 -0.02213306
v -0.01354385 0.09839789 -0.02067341
v -0.01531022 0.09839350 -0.02241254
v -0.01480465 0.08979716 -0.02213306
v -0.01531022 0.09839350 -0.02241254
v -0.01839864 0.08979716 -0.02307826
v -0.01771340 0.09839348 -0.02303737
v 0.01695624 0.08979717 -0.02307826
v 0.01805759 0.09839091 -0.02306315
v 0.01486919 0.09839090 -0.02217947
v 0.01695624 0.08979717 -0.02307826
v 0.01486919 0.09839090 -0.02217947
v 0.01435986 0.08979717 -0.02166361
v 0.01435986 0.08979717 -0.02166361
v 0.01486919 0.09839090 -0.02217947
v 0.01303770 0.08979717 -0.01960946
v 0.01303770 0.08979717 -0.01960946
v 0.01486919 0.09839090 -0.02217947
v 0.01315728 0.09839790 -0.01984470
v 0.01303770 0.08979717 -0.01960946
v 0.01315728 0.09839790 -0.01984470
v 0.01309923 0.09838635 -0.01652780
v 0.01303770 0.08979717 -0.01960946
v 0.01309923 0.09838635 -0.01652780
v 0.01305493 0.08979717 -0.01707940
v 0.01305493 0.08979717 -0.01707940
v 0.01309923 0.09838635 -0.01652780
v 0.01417271 0.08979717 -0.01490730
v 0.01417271 0.08979717 -0.01490730
v 0.01309923 0.09838635 -0.01652780
v 0.01531027 0.09839349 -0.01407009
v 0.01417271 0.08979717 -0.01490730
v 0.01531027 0.09839349 -0.01407009
v 0.01713556 0.08979717 -0.01343465
v 0.01713556 0.08979717 -0.01343465
v 0.01531027 0.09839349 -0.01407009
v 0.01817352 0.09837687 -0.01343095
v 0.01713556 0.08979717 -0.01343465
v 0.01817352 0.09837687 -0.01343095
v 0.02072058 0.08979717 -0.01441320
v 0.02072058 0.08979717 -0.01441320
v 0.01817352 0.09837687 -0.01343095
v 0.02112645 0.09839092 -0.01485045
v 0.02072058 0.08979717 -0.01441320
v 0.02112645 0.09839092 -0.01485045
v 0.02226144 0.08979717 -0.01693622
v 0.02226144 0.08979717 -0.01693622
v 0.02112645 0.09839092 -0.01485045
v 0.02249913 0.09839091 -0.01786080
v 0.02226144 0.08979717 -0.01693622
v 0.02249913 0.09839091 -0.01786080
v 0.02237954 0.08979717 -0.01937618
v 0.02237954 0.08979717 -0.01937618
v 0.02249913 0.09839091 -0.01786080
v 0.02181102 0.09839791 -0.02067341
v 0.02237954 0.08979717 -0.01937618
v 0.02181102 0.09839791 -0.02067341
v 0.02055023 0.08979717 -0.02213306
v 0.02055023 0.08979717 -0.02213306
v 0.02181102 0.09839791 -0.02067341
v 0.02037561 0.09839017 -0.02217075
v 0.02055023 0.08979717 -0.02213306
v 0.02037561 0.09839017 -0.02217075
v 0.01805759 0.09839091 -0.02306315
v 0.02055023 0.08979717 -0.02213306
v 0.01805759 0.09839091 -0.02306315
v 0.01695624 0.08979717 -0.02307826
v 0.00116947 0.09789771 0.01523682
v 0.00129444 0.09269711 0.01518497
v -0.00384736 0.09269710 0.01476257
v -0.00384736 0.09269710 0.01476257
v -0.00478324 0.09789340 0.01448984
v 0.00116947 0.09789771 0.01523682
v -0.00857915 0.09269708 0.01270596
v -0.00478324 0.09789340 0.01448984
v -0.00384736 0.09269710 0.01476257
v -0.00857915 0.09269708 0.01270596
v -0.00841754 0.09789705 0.01274782
v -0.00478324 0.09789340 0.01448984
v -0.01239571 0.09269707 0.00923513
v -0.01124451 0.09789416 0.01053046
v -0.00857915 0.09269708 0.01270596
v -0.00857915 0.09269708 0.01270596
v -0.01124451 0.09789416 0.01053046
v -0.00841754 0.09789705 0.01274782
v -0.01489110 0.09269707 0.00471862
v -0.01414663 0.09791070 0.00646318
v -0.01239571 0.09269707 0.00923513
v -0.01239571 0.09269707 0.00923513
v -0.01414663 0.09791070 0.00646318
v -0.01124451 0.09789416 0.01053046
v -0.01579796 0.09269706 -0.00036288
v -0.01565470 0.09788833 0.00155130
v -0.01489110 0.09269707 0.00471862
v -0.01489110 0.09269707 0.00471862
v -0.01565470 0.09788833 0.00155130
v -0.01414663 0.09791070 0.00646318
v -0.01501789 0.09269705 -0.00546684
v -0.01553148 0.09790376 -0.00344698
v -0.01579796 0.09269706 -0.00036288
v -0.01579796 0.09269706 -0.00036288
v -0.01553148 0.09790376 -0.00344698
v -0.01565470 0.09788833 0.00155130
v -0.01263255 0.09269707 -0.01004792
v -0.01381261 0.09790385 -0.00822990
v -0.01501789 0.09269705 -0.00546684
v -0.01501789 0.09269705 -0.00546684
v -0.01381261 0.09790385 -0.00822990
v -0.01553148 0.09790376 -0.00344698
v -0.00889537 0.09269710 -0.01361558
v -0.01060750 0.09788904 -0.01227136
v -0.01263255 0.09269707 -0.01004792
v -0.01263255 0.09269707 -0.01004792
v -0.01060750 0.09788904 -0.01227136
v -0.01381261 0.09790385 -0.00822990
v -0.00420368 0.09269714 -0.01578681
v -0.00641282 0.09790388 -0.01500222
v -0.00889537 0.09269710 -0.01361558
v -0.00889537 0.09269710 -0.01361558
v -0.00641282 0.09790388 -0.01500222
v -0.01060750 0.09788904 -0.01227136
v 0.00139399 0.09269717 -0.01632933
v -0.00252638 0.09789706 -0.01610980
v -0.00420368 0.09269714 -0.01578681
v -0.00420368 0.09269714 -0.01578681
v -0.00252638 0.09789706 -0.01610980
v -0.00641282 0.09790388 -0.01500222
v 0.00139399 0.09269717 -0.01632933
v 0.00161018 0.09789049 -0.01628509
v -0.00252638 0.09789706 -0.01610980
v 0.00663972 0.09269711 -0.01489435
v 0.00498752 0.09789706 -0.01550306
v 0.00139399 0.09269717 -0.01632933
v 0.00139399 0.09269717 -0.01632933
v 0.00498752 0.09789706 -0.01550306
v 0.00161018 0.09789049 -0.01628509
v 0.00663972 0.09269711 -0.01489435
v 0.00865889 0.09791252 -0.01377733
v 0.00498752 0.09789706 -0.01550306
v 0.01091058 0.09269708 -0.01198573
v 0.00865889 0.09791252 -0.01377733
v 0.00663972 0.09269711 -0.01489435
v 0.01091058 0.09269708 -0.01198573
v 0.01239946 0.09790388 -0.01035224
v 0.00865889 0.09791252 -0.01377733
v 0.01401371 0.09269707 -0.00785534
v 0.01239946 0.09790388 -0.01035224
v 0.01091058 0.09269708 -0.01198573
v 0.01401371 0.09269707 -0.00785534
v 0.01486547 0.09790382 -0.00590812
v 0.01239946 0.09790388 -0.01035224
v 0.01561777 0.09269706 -0.00294663
v 0.01486547 0.09790382 -0.00590812
v 0.01401371 0.09269707 -0.00785534
v 0.01561777 0.09269706 -0.00294663
v 0.01575611 0.09792104 -0.00131957
v 0.01486547 0.09790382 -0.00590812
v 0.01555329 0.09269707 0.00221526
v 0.01575611 0.09792104 -0.00131957
v 0.01561777 0.09269706 -0.00294663
v 0.01555329 0.09269707 0.00221526
v 0.01543141 0.09789706 0.00258653
v 0.01575611 0.09792104 -0.00131957
v 0.01382879 0.09269712 0.00707961
v 0.01413433 0.09790346 0.00648715
v 0.01555329 0.09269707 0.00221526
v 0.01555329 0.09269707 0.00221526
v 0.01413433 0.09790346 0.00648715
v 0.01543141 0.09789706 0.00258653
v 0.01062911 0.09269709 0.01112819
v 0.01116294 0.09790327 0.01061059
v 0.01382879 0.09269712 0.00707961
v 0.01382879 0.09269712 0.00707961
v 0.01116294 0.09790327 0.01061059
v 0.01413433 0.09790346 0.00648715
v 0.00629636 0.09269710 0.01392927
v 0.00702629 0.09791093 0.01358124
v 0.01062911 0.09269709 0.01112819
v 0.01062911 0.09269709 0.01112819
v 0.00702629 0.09791093 0.01358124
v 0.01116294 0.09790327 0.01061059
v 0.00129444 0.09269711 0.01518497
v 0.00116947 0.09789771 0.01523682
v 0.00629636 0.09269710 0.01392927
v 0.00629636 0.09269710 0.01392927
v 0.00116947 0.09789771 0.01523682
v 0.00702629 0.09791093 0.01358124
v -0.02078625 0.09838714 0.02088603
v -0.02121122 0.09892185 0.02129417
v -0.01721490 0.09839091 0.02192808
v -0.01721490 0.09839091 0.02192808
v -0.02121122 0.09892185 0.02129417
v -0.01707898 0.09889544 0.02242462
v -0.01721490 0.09839091 0.02192808
v -0.01707898 0.09889544 0.02242462
v -0.01422847 0.09839091 0.02050448
v -0.01422847 0.09839091 0.02050448
v -0.01707898 0.09889544 0.02242462
v -0.01380536 0.09889526 0.02079735
v -0.01422847 0.09839091 0.02050448
v -0.01380536 0.09889526 0.02079735
v -0.01294769 0.09839790 0.01790779
v -0.02239592 0.09839908 0.01797433
v -0.02286947 0.09889652 0.01812429
v -0.02078625 0.09838714 0.02088603
v -0.02078625 0.09838714 0.02088603
v -0.02286947 0.09889652 0.01812429
v -0.02121122 0.09892185 0.02129417
v -0.01857369 0.09838392 0.01240246
v -0.01880698 0.09889658 0.01192399
v -0.02078803 0.09839350 0.01346277
v -0.02078803 0.09839350 0.01346277
v -0.01880698 0.09889658 0.01192399
v -0.02224297 0.09889141 0.01409926
v -0.02078803 0.09839350 0.01346277
v -0.02224297 0.09889141 0.01409926
v -0.02219657 0.09839350 0.01550698
v -0.02219657 0.09839350 0.01550698
v -0.02224297 0.09889141 0.01409926
v -0.02239592 0.09839908 0.01797433
v -0.02239592 0.09839908 0.01797433
v -0.02224297 0.09889141 0.01409926
v -0.02286947 0.09889652 0.01812429
v -0.01380536 0.09889526 0.02079735
v -0.01222189 0.09889429 0.01653489
v -0.01294769 0.09839790 0.01790779
v -0.01294769 0.09839790 0.01790779
v -0.01222189 0.09889429 0.01653489
v -0.01318295 0.09839350 0.01543972
v -0.01318295 0.09839350 0.01543972
v -0.01222189 0.09889429 0.01653489
v -0.01527197 0.09838634 0.01285800
v -0.01527197 0.09838634 0.01285800
v -0.01222189 0.09889429 0.01653489
v -0.01510132 0.09889393 0.01236545
v -0.01527197 0.09838634 0.01285800
v -0.01510132 0.09889393 0.01236545
v -0.01857369 0.09838392 0.01240246
v -0.01857369 0.09838392 0.01240246
v -0.01510132 0.09889393 0.01236545
v -0.01880698 0.09889658 0.01192399
v 0.02240719 0.09839791 0.01790779
v 0.02277560 0.09889364 0.01883575
v 0.02188825 0.09838634 0.01463070
v 0.02188825 0.09838634 0.01463070
v 0.02277560 0.09889364 0.01883575
v 0.02261654 0.09889647 0.01519170
v 0.02188825 0.09838634 0.01463070
v 0.02261654 0.09889647 0.01519170
v 0.02025906 0.09889422 0.01239132
v 0.02188825 0.09838634 0.01463070
v 0.02025906 0.09889422 0.01239132
v 0.01928077 0.09839793 0.01259341
v 0.01895357 0.09839017 0.02170602
v 0.02044869 0.09889660 0.02162347
v 0.02112644 0.09839093 0.02050445
v 0.02112644 0.09839093 0.02050445
v 0.02044869 0.09889660 0.02162347
v 0.02277560 0.09889364 0.01883575
v 0.02112644 0.09839093 0.02050445
v 0.02277560 0.09889364 0.01883575
v 0.02240719 0.09839791 0.01790779
v 0.01346606 0.09838570 0.01959569
v 0.01339841 0.09889491 0.02049567
v 0.01646572 0.09839091 0.02179601
v 0.01646572 0.09839091 0.02179601
v 0.01339841 0.09889491 0.02049567
v 0.01734469 0.09889545 0.02244785
v 0.01646572 0.09839091 0.02179601
v 0.01734469 0.09889545 0.02244785
v 0.01895357 0.09839017 0.02170602
v 0.01895357 0.09839017 0.02170602
v 0.01734469 0.09889545 0.02244785
v 0.02044869 0.09889660 0.02162347
v 0.01928077 0.09839793 0.01259341
v 0.02025906 0.09889422 0.01239132
v 0.01680891 0.09839349 0.01239666
v 0.01680891 0.09839349 0.01239666
v 0.02025906 0.09889422 0.01239132
v 0.01616553 0.09889590 0.01198661
v 0.01680891 0.09839349 0.01239666
v 0.01616553 0.09889590 0.01198661
v 0.01456688 0.09839349 0.01346274
v 0.01456688 0.09839349 0.01346274
v 0.01616553 0.09889590 0.01198661
v 0.01322411 0.09889545 0.01415803
v 0.01456688 0.09839349 0.01346274
v 0.01322411 0.09889545 0.01415803
v 0.01299491 0.09839091 0.01590162
v 0.01299491 0.09839091 0.01590162
v 0.01322411 0.09889545 0.01415803
v 0.01238865 0.09889658 0.01711340
v 0.01299491 0.09839091 0.01590162
v 0.01238865 0.09889658 0.01711340
v 0.01346606 0.09838570 0.01959569
v 0.01346606 0.09838570 0.01959569
v 0.01238865 0.09889658 0.01711340
v 0.01339841 0.09889491 0.02049567
v -0.02136830 0.09836776 -0.01503770
v -0.01891709 0.09889182 -0.01292666
v -0.01805807 0.09839090 -0.01341964
v -0.01805807 0.09839090 -0.01341964
v -0.01891709 0.09889182 -0.01292666
v -0.01450132 0.09838634 -0.01452551
v -0.01450132 0.09838634 -0.01452551
v -0.01891709 0.09889182 -0.01292666
v -0.01409674 0.09889394 -0.01419669
v -0.01450132 0.09838634 -0.01452551
v -0.01409674 0.09889394 -0.01419669
v -0.01285576 0.09839090 -0.01786079
v -0.01285576 0.09839090 -0.01786079
v -0.01409674 0.09889394 -0.01419669
v -0.01234315 0.09889544 -0.01790871
v -0.01285576 0.09839090 -0.01786079
v -0.01234315 0.09889544 -0.01790871
v -0.01354385 0.09839789 -0.02067341
v -0.02088104 0.09836753 -0.02193230
v -0.02230437 0.09889646 -0.02080444
v -0.02249927 0.09839089 -0.01862193
v -0.02249927 0.09839089 -0.01862193
v -0.02230437 0.09889646 -0.02080444
v -0.02288006 0.09891642 -0.02062104
v -0.02249927 0.09839089 -0.01862193
v -0.02288006 0.09891642 -0.02062104
v -0.02246371 0.09889559 -0.01586230
v -0.02249927 0.09839089 -0.01862193
v -0.02246371 0.09889559 -0.01586230
v -0.02136830 0.09836776 -0.01503770
v -0.02136830 0.09836776 -0.01503770
v -0.02246371 0.09889559 -0.01586230
v -0.01891709 0.09889182 -0.01292666
v -0.02088104 0.09836753 -0.02193230
v -0.02087775 0.09893521 -0.02263449
v -0.02230437 0.09889646 -0.02080444
v -0.01234315 0.09889544 -0.01790871
v -0.01361453 0.09889411 -0.02180937
v -0.01354385 0.09839789 -0.02067341
v -0.01354385 0.09839789 -0.02067341
v -0.01361453 0.09889411 -0.02180937
v -0.01531022 0.09839350 -0.02241254
v -0.01531022 0.09839350 -0.02241254
v -0.01361453 0.09889411 -0.02180937
v -0.01734491 0.09889544 -0.02357568
v -0.01531022 0.09839350 -0.02241254
v -0.01734491 0.09889544 -0.02357568
v -0.01771340 0.09839348 -0.02303737
v -0.01771340 0.09839348 -0.02303737
v -0.01734491 0.09889544 -0.02357568
v -0.02088104 0.09836753 -0.02193230
v -0.02088104 0.09836753 -0.02193230
v -0.01734491 0.09889544 -0.02357568
v -0.02087775 0.09893521 -0.02263449
v 0.02181102 0.09839791 -0.02067341
v 0.02201620 0.09892903 -0.02149627
v 0.02037561 0.09839017 -0.02217075
v 0.02037561 0.09839017 -0.02217075
v 0.02201620 0.09892903 -0.02149627
v 0.01935726 0.09889372 -0.02335731
v 0.01817352 0.09837687 -0.01343095
v 0.01840382 0.09889567 -0.01292740
v 0.02112645 0.09839092 -0.01485045
v 0.02112645 0.09839092 -0.01485045
v 0.01840382 0.09889567 -0.01292740
v 0.02155005 0.09889571 -0.01455740
v 0.02112645 0.09839092 -0.01485045
v 0.02155005 0.09889571 -0.01455740
v 0.02249913 0.09839091 -0.01786080
v 0.02249913 0.09839091 -0.01786080
v 0.02155005 0.09889571 -0.01455740
v 0.02301188 0.09889560 -0.01790870
v 0.02249913 0.09839091 -0.01786080
v 0.02301188 0.09889560 -0.01790870
v 0.02181102 0.09839791 -0.02067341
v 0.02181102 0.09839791 -0.02067341
v 0.02301188 0.09889560 -0.01790870
v 0.02201620 0.09892903 -0.02149627
v 0.01315728 0.09839790 -0.01984470
v 0.01305051 0.09889647 -0.02080444
v 0.01238469 0.09889343 -0.01716295
v 0.01315728 0.09839790 -0.01984470
v 0.01238469 0.09889343 -0.01716295
v 0.01309923 0.09838635 -0.01652780
v 0.01309923 0.09838635 -0.01652780
v 0.01238469 0.09889343 -0.01716295
v 0.01472183 0.09889560 -0.01378799
v 0.01309923 0.09838635 -0.01652780
v 0.01472183 0.09889560 -0.01378799
v 0.01531027 0.09839349 -0.01407009
v 0.01531027 0.09839349 -0.01407009
v 0.01472183 0.09889560 -0.01378799
v 0.01817352 0.09837687 -0.01343095
v 0.01817352 0.09837687 -0.01343095
v 0.01472183 0.09889560 -0.01378799
v 0.01840382 0.09889567 -0.01292740
v 0.02037561 0.09839017 -0.02217075
v 0.01935726 0.09889372 -0.02335731
v 0.01805759 0.09839091 -0.02306315
v 0.01805759 0.09839091 -0.02306315
v 0.01935726 0.09889372 -0.02335731
v 0.01529801 0.09889572 -0.02302750
v 0.01805759 0.09839091 -0.02306315
v 0.01529801 0.09889572 -0.02302750
v 0.01486919 0.09839090 -0.02217947
v 0.01486919 0.09839090 -0.02217947
v 0.01529801 0.09889572 -0.02302750
v 0.01305051 0.09889647 -0.02080444
v 0.01486919 0.09839090 -0.02217947
v 0.01305051 0.09889647 -0.02080444
v 0.01315728 0.09839790 -0.01984470
v 0.00161018 0.09789049 -0.01628509
v 0.00498752 0.09789706 -0.01550306
v 0.00401830 0.09889633 -0.01687899
v 0.00401830 0.09889633 -0.01687899
v 0.00498752 0.09789706 -0.01550306
v 0.00896716 0.09889669 -0.01474827
v 0.00896716 0.09889669 -0.01474827
v 0.00498752 0.09789706 -0.01550306
v 0.00865889 0.09791252 -0.01377733
v 0.00896716 0.09889669 -0.01474827
v 0.00865889 0.09791252 -0.01377733
v 0.01390150 0.09889552 -0.01015924
v 0.00865889 0.09791252 -0.01377733
v 0.01239946 0.09790388 -0.01035224
v 0.01390150 0.09889552 -0.01015924
v 0.01239946 0.09790388 -0.01035224
v 0.01486547 0.09790382 -0.00590812
v 0.01390150 0.09889552 -0.01015924
v 0.01390150 0.09889552 -0.01015924
v 0.01486547 0.09790382 -0.00590812
v 0.01674066 0.09889579 -0.00266430
v 0.01486547 0.09790382 -0.00590812
v 0.01575611 0.09792104 -0.00131957
v 0.01674066 0.09889579 -0.00266430
v 0.01674066 0.09889579 -0.00266430
v 0.01575611 0.09792104 -0.00131957
v 0.01543141 0.09789706 0.00258653
v 0.01674066 0.09889579 -0.00266430
v 0.01543141 0.09789706 0.00258653
v 0.01613944 0.09889647 0.00411127
v 0.01543141 0.09789706 0.00258653
v 0.01413433 0.09790346 0.00648715
v 0.01613944 0.09889647 0.00411127
v 0.01613944 0.09889647 0.00411127
v 0.01413433 0.09790346 0.00648715
v 0.01382869 0.09889663 0.00898128
v 0.01413433 0.09790346 0.00648715
v 0.01116294 0.09790327 0.01061059
v 0.01382869 0.09889663 0.00898128
v 0.01382869 0.09889663 0.00898128
v 0.01116294 0.09790327 0.01061059
v 0.00994773 0.09889674 0.01299910
v 0.00994773 0.09889674 0.01299910
v 0.01116294 0.09790327 0.01061059
v 0.00702629 0.09791093 0.01358124
v 0.00994773 0.09889674 0.01299910
v 0.00702629 0.09791093 0.01358124
v 0.00532082 0.09889633 0.01537418
v 0.00702629 0.09791093 0.01358124
v 0.00116947 0.09789771 0.01523682
v 0.00532082 0.09889633 0.01537418
v 0.00532082 0.09889633 0.01537418
v 0.00116947 0.09789771 0.01523682
v 0.00027228 0.09889659 0.01621729
v 0.00027228 0.09889659 0.01621729
v 0.00116947 0.09789771 0.01523682
v -0.00494674 0.09889643 0.01548276
v 0.00116947 0.09789771 0.01523682
v -0.00478324 0.09789340 0.01448984
v -0.00494674 0.09889643 0.01548276
v -0.00494674 0.09889643 0.01548276
v -0.00478324 0.09789340 0.01448984
v -0.00969212 0.09889679 0.01315932
v -0.00969212 0.09889679 0.01315932
v -0.00478324 0.09789340 0.01448984
v -0.00841754 0.09789705 0.01274782
v -0.00841754 0.09789705 0.01274782
v -0.01124451 0.09789416 0.01053046
v -0.00969212 0.09889679 0.01315932
v -0.00969212 0.09889679 0.01315932
v -0.01124451 0.09789416 0.01053046
v -0.01359478 0.09889668 0.00929300
v -0.01124451 0.09789416 0.01053046
v -0.01414663 0.09791070 0.00646318
v -0.01359478 0.09889668 0.00929300
v -0.01359478 0.09889668 0.00929300
v -0.01414663 0.09791070 0.00646318
v -0.01611456 0.09889641 0.00423328
v -0.01611456 0.09889641 0.00423328
v -0.01414663 0.09791070 0.00646318
v -0.01565470 0.09788833 0.00155130
v -0.01611456 0.09889641 0.00423328
v -0.01565470 0.09788833 0.00155130
v -0.01674136 0.09889633 -0.00266437
v -0.01674136 0.09889633 -0.00266437
v -0.01565470 0.09788833 0.00155130
v -0.01553148 0.09790376 -0.00344698
v -0.01674136 0.09889633 -0.00266437
v -0.01553148 0.09790376 -0.00344698
v -0.01381261 0.09790385 -0.00822990
v -0.01674136 0.09889633 -0.00266437
v -0.01381261 0.09790385 -0.00822990
v -0.01455200 0.09889656 -0.00896542
v -0.01455200 0.09889656 -0.00896542
v -0.01381261 0.09790385 -0.00822990
v -0.01060750 0.09788904 -0.01227136
v -0.01455200 0.09889656 -0.00896542
v -0.01060750 0.09788904 -0.01227136
v -0.01133169 0.09889671 -0.01294468
v -0.01133169 0.09889671 -0.01294468
v -0.01060750 0.09788904 -0.01227136
v -0.00681855 0.09889665 -0.01594483
v -0.00681855 0.09889665 -0.01594483
v -0.01060750 0.09788904 -0.01227136
v -0.00641282 0.09790388 -0.01500222
v -0.00681855 0.09889665 -0.01594483
v -0.00641282 0.09790388 -0.01500222
v -0.00252638 0.09789706 -0.01610980
v -0.00681855 0.09889665 -0.01594483
v -0.00252638 0.09789706 -0.01610980
v -0.00159503 0.09889663 -0.01728657
v -0.00159503 0.09889663 -0.01728657
v -0.00252638 0.09789706 -0.01610980
v 0.00161018 0.09789049 -0.01628509
v -0.00159503 0.09889663 -0.01728657
v 0.00161018 0.09789049 -0.01628509
v 0.00401830 0.09889633 -0.01687899
v 0.00488586 0.06817533 0.03343238
v 0.00475309 0.06606397 0.03643556
v 0.00475182 0.06605351 0.03343238
v 0.00475182 0.06605351 0.03343238
v 0.00377477 0.06413681 0.03343238
v 0.00377477 0.06413681 0.03343238
v 0.00379166 0.06415907 0.03643556
v 0.00129017 0.06251994 0.03643556
v 0.00377477 0.06413681 0.03343238
v 0.00129017 0.06251994 0.03643556
v 0.00166368 0.06267952 0.03343238
v 0.00166368 0.06267952 0.03343238
v 0.00129017 0.06251994 0.03643556
v -0.00044925 0.06244307 0.03343238
v -0.00044925 0.06244307 0.03343238
v 0.00129017 0.06251994 0.03643556
v -0.00169940 0.06269393 0.03643556
v -0.00044925 0.06244307 0.03343238
v -0.00169940 0.06269393 0.03643556
v -0.00209484 0.06281997 0.03339410
v -0.00209484 0.06281997 0.03339410
v -0.00169940 0.06269393 0.03643556
v -0.00379851 0.06416707 0.03643556
v -0.00209484 0.06281997 0.03339410
v -0.00379851 0.06416707 0.03643556
v -0.00381750 0.06418757 0.03343238
v -0.00381750 0.06418757 0.03343238
v -0.00381750 0.06418757 0.03343238
v -0.00475817 0.06608244 0.03643556
v -0.00476230 0.06609214 0.03343238
v -0.00476230 0.06609214 0.03343238
v -0.00475817 0.06608244 0.03643556
v -0.00487798 0.06821287 0.03643556
v -0.00476230 0.06609214 0.03343238
v -0.00487798 0.06821287 0.03643556
v -0.00502466 0.06710014 0.03340233
v -0.00502466 0.06710014 0.03340233
v -0.00487798 0.06821287 0.03643556
v -0.00407173 0.07024676 0.03343238
v -0.00407173 0.07024676 0.03343238
v -0.00487798 0.06821287 0.03643556
v -0.00402756 0.07017925 0.03643555
v -0.00407173 0.07024676 0.03343238
v -0.00402756 0.07017925 0.03643555
v -0.00210898 0.07187758 0.03643555
v -0.00407173 0.07024676 0.03343238
v -0.00210898 0.07187758 0.03643555
v -0.00206323 0.07181938 0.03343238
v -0.00206323 0.07181938 0.03343238
v -0.00210898 0.07187758 0.03643555
v -0.00040930 0.07225533 0.03343238
v -0.00040930 0.07225533 0.03343238
v -0.00210898 0.07187758 0.03643555
v 0.00129634 0.07217331 0.03643555
v -0.00040930 0.07225533 0.03343238
v 0.00129634 0.07217331 0.03643555
v 0.00214814 0.07186072 0.03343238
v 0.00214814 0.07186072 0.03343238
v 0.00214814 0.07186072 0.03343238
v 0.00348806 0.07082205 0.03643555
v 0.00404559 0.07015588 0.03343238
v 0.00404559 0.07015588 0.03343238
v 0.00348806 0.07082205 0.03643555
v 0.00482746 0.06863764 0.03643556
v 0.00404559 0.07015588 0.03343238
v 0.00482746 0.06863764 0.03643556
v 0.00488586 0.06817533 0.03343238
v 0.00488586 0.06817533 0.03343238
v 0.00482746 0.06863764 0.03643556
v 0.00475309 0.06606397 0.03643556
v 0.01339841 0.09889491 0.02049567
v 0.00079613 0.09879591 0.02140664
v 0.00237913 0.09878976 0.02244485
v -0.01222189 0.09889429 0.01653489
v -0.00105730 0.09878974 0.02151924
v 0.00079613 0.09879591 0.02140664
v -0.01222189 0.09889429 0.01653489
v 0.00079613 0.09879591 0.02140664
v 0.01339841 0.09889491 0.02049567
v -0.01222189 0.09889429 0.01653489
v -0.00267912 0.09879384 0.02278173
v -0.00105730 0.09878974 0.02151924
v 0.00310830 0.09878221 0.02413731
v 0.01075549 0.09889721 0.02806846
v 0.01339841 0.09889491 0.02049567
v 0.00310830 0.09878221 0.02413731
v 0.01339841 0.09889491 0.02049567
v 0.00237913 0.09878976 0.02244485
v 0.01075549 0.09889721 0.02806846
v 0.00310830 0.09878221 0.02413731
v 0.00272631 0.09880856 0.02602079
v -0.01558782 0.09889751 0.02585292
v -0.00309766 0.09880024 0.02505719
v -0.00267912 0.09879384 0.02278173
v -0.01222189 0.09889429 0.01653489
v 0.00153400 0.09881085 0.02714559
v 0.00213075 0.09889714 0.02990981
v 0.00272631 0.09880856 0.02602079
v 0.00213075 0.09889714 0.02990981
v -0.00025847 0.09879590 0.02755710
v 0.00213075 0.09889714 0.02990981
v 0.00153400 0.09881085 0.02714559
v -0.00562474 0.09889714 0.02949817
v -0.00309766 0.09880024 0.02505719
v -0.01558782 0.09889751 0.02585292
v -0.00025847 0.09879590 0.02755710
v -0.00562474 0.09889714 0.02949817
v 0.00213075 0.09889714 0.02990981
v -0.00025847 0.09879590 0.02755710
v -0.00200618 0.09880697 0.02681361
v -0.00562474 0.09889714 0.02949817
v -0.00200618 0.09880697 0.02681361
v -0.00309766 0.09880024 0.02505719
v -0.01510132 0.09889393 0.01236545
v -0.01359478 0.09889668 0.00929300
v -0.01611456 0.09889641 0.00423328
v -0.01880698 0.09889658 0.01192399
v -0.01674136 0.09889633 -0.00266437
v -0.00969212 0.09889679 0.01315932
v -0.01222189 0.09889429 0.01653489
v -0.02286947 0.09889652 0.01812429
v -0.02680220 0.09889748 0.01421237
v -0.02121122 0.09892185 0.02129417
v -0.02224297 0.09889141 0.01409926
v -0.03042225 0.09889765 0.00358705
v -0.02286947 0.09889652 0.01812429
v -0.02680220 0.09889748 0.01421237
v -0.01380536 0.09889526 0.02079735
v -0.01558782 0.09889751 0.02585292
v -0.01222189 0.09889429 0.01653489
v -0.01707898 0.09889544 0.02242462
v -0.02121122 0.09892185 0.02129417
v -0.01380536 0.09889526 0.02079735
v -0.01707898 0.09889544 0.02242462
v -0.01558782 0.09889751 0.02585292
v 0.01616553 0.09889590 0.01198661
v 0.02025906 0.09889422 0.01239132
v 0.03049498 0.09889710 -0.00186288
v 0.01238865 0.09889658 0.01711340
v 0.01322411 0.09889545 0.01415803
v 0.00994773 0.09889674 0.01299910
v 0.01382869 0.09889663 0.00898128
v 0.01674066 0.09889579 -0.00266430
v 0.01613944 0.09889647 0.00411127
v 0.02044869 0.09889660 0.02162347
v 0.01734469 0.09889545 0.02244785
v 0.01830880 0.09889716 0.02390153
v 0.01075549 0.09889721 0.02806846
v 0.01339841 0.09889491 0.02049567
v 0.02394840 0.09889715 0.01835978
v 0.02277560 0.09889364 0.01883575
v 0.02044869 0.09889660 0.02162347
v 0.02394840 0.09889715 0.01835978
v 0.02930018 0.09889867 0.00879429
v 0.02261654 0.09889647 0.01519170
v 0.02277560 0.09889364 0.01883575
v -0.02087775 0.09893521 -0.02263449
v -0.01734491 0.09889544 -0.02357568
v -0.01423377 0.09889718 -0.02759326
v -0.01423377 0.09889718 -0.02759326
v -0.01734491 0.09889544 -0.02357568
v -0.01361453 0.09889411 -0.02180937
v -0.00577370 0.09889718 -0.03062226
v -0.02288006 0.09891642 -0.02062104
v -0.02230437 0.09889646 -0.02080444
v -0.02087775 0.09893521 -0.02263449
v -0.01891709 0.09889182 -0.01292666
v -0.02994916 0.09889752 -0.00686796
v -0.02246371 0.09889559 -0.01586230
v -0.02690574 0.09889717 -0.01503006
v -0.02288006 0.09891642 -0.02062104
v -0.01234315 0.09889544 -0.01790871
v -0.00681855 0.09889665 -0.01594483
v -0.01133169 0.09889671 -0.01294468
v -0.01409674 0.09889394 -0.01419669
v -0.01455200 0.09889656 -0.00896542
v 0.00485613 0.09889753 -0.03079382
v 0.01305051 0.09889647 -0.02080444
v 0.01529801 0.09889572 -0.02302750
v 0.01594550 0.09889758 -0.02680285
v 0.01935726 0.09889372 -0.02335731
v 0.01840382 0.09889567 -0.01292740
v 0.01390150 0.09889552 -0.01015924
v 0.01472183 0.09889560 -0.01378799
v 0.01238469 0.09889343 -0.01716295
v 0.00896716 0.09889669 -0.01474827
v 0.02201620 0.09892903 -0.02149627
v 0.02301188 0.09889560 -0.01790870
v 0.02830464 0.09889853 -0.01260266
v 0.02830464 0.09889853 -0.01260266
v 0.02301188 0.09889560 -0.01790870
v 0.02155005 0.09889571 -0.01455740
v 0.01594550 0.09889758 -0.02680285
v 0.01935726 0.09889372 -0.02335731
v 0.02201620 0.09892903 -0.02149627
v 0.00401830 0.09889633 -0.01687899
v -0.00159503 0.09889663 -0.01728657
v 0.00532082 0.09889633 0.01537418
v -0.00494674 0.09889643 0.01548276
v 0.00027228 0.09889659 0.01621729
v 0.01289682 0.09791734 0.02823103
v 0.01075549 0.09889721 0.02806846
v 0.00739874 0.09789706 0.03005441
v 0.01922230 0.09788535 0.02445751
v 0.01830880 0.09889716 0.02390153
v 0.01289682 0.09791734 0.02823103
v 0.01289682 0.09791734 0.02823103
v 0.01830880 0.09889716 0.02390153
v 0.01075549 0.09889721 0.02806846
v 0.02324138 0.09789707 0.02069773
v 0.01830880 0.09889716 0.02390153
v 0.01922230 0.09788535 0.02445751
v 0.02324138 0.09789707 0.02069773
v 0.02394840 0.09889715 0.01835978
v 0.01830880 0.09889716 0.02390153
v 0.03148568 0.09789707 0.00036950
v 0.02930018 0.09889867 0.00879429
v 0.03089846 0.09790205 0.00582635
v 0.03089846 0.09790205 0.00582635
v 0.02930018 0.09889867 0.00879429
v 0.02787300 0.09786866 0.01441069
v 0.02787300 0.09786866 0.01441069
v 0.02930018 0.09889867 0.00879429
v 0.02394840 0.09889715 0.01835978
v 0.02787300 0.09786866 0.01441069
v 0.02394840 0.09889715 0.01835978
v 0.02324138 0.09789707 0.02069773
v 0.03148568 0.09789707 0.00036950
v 0.03049498 0.09889710 -0.00186288
v 0.02930018 0.09889867 0.00879429
v 0.03148568 0.09789707 0.00036950
v 0.03088982 0.09786866 -0.00741674
v 0.03049498 0.09889710 -0.00186288
v 0.03049498 0.09889710 -0.00186288
v 0.03088982 0.09786866 -0.00741674
v 0.02830464 0.09889853 -0.01260266
v 0.02830464 0.09889853 -0.01260266
v 0.03088982 0.09786866 -0.00741674
v 0.02757780 0.09790203 -0.01589411
v 0.02830464 0.09889853 -0.01260266
v 0.02757780 0.09790203 -0.01589411
v 0.02193969 0.09787731 -0.02336588
v 0.02830464 0.09889853 -0.01260266
v 0.02193969 0.09787731 -0.02336588
v 0.02201620 0.09892903 -0.02149627
v 0.00542674 0.09789191 -0.03173765
v 0.01594550 0.09889758 -0.02680285
v 0.01430874 0.09790202 -0.02868529
v 0.01430874 0.09790202 -0.02868529
v 0.01594550 0.09889758 -0.02680285
v 0.02193969 0.09787731 -0.02336588
v 0.02193969 0.09787731 -0.02336588
v 0.01594550 0.09889758 -0.02680285
v 0.02201620 0.09892903 -0.02149627
v 0.00542674 0.09789191 -0.03173765
v 0.00485613 0.09889753 -0.03079382
v 0.01594550 0.09889758 -0.02680285
v 0.00485613 0.09889753 -0.03079382
v 0.00542674 0.09789191 -0.03173765
v -0.00392495 0.09791734 -0.03186995
v 0.00485613 0.09889753 -0.03079382
v -0.00392495 0.09791734 -0.03186995
v -0.00577370 0.09889718 -0.03062226
v -0.00577370 0.09889718 -0.03062226
v -0.00392495 0.09791734 -0.03186995
v -0.01290053 0.09790535 -0.02945766
v -0.00577370 0.09889718 -0.03062226
v -0.01290053 0.09790535 -0.02945766
v -0.01423377 0.09889718 -0.02759326
v -0.01423377 0.09889718 -0.02759326
v -0.01290053 0.09790535 -0.02945766
v -0.02214182 0.09787729 -0.02316979
v -0.01423377 0.09889718 -0.02759326
v -0.02214182 0.09787729 -0.02316979
v -0.02087775 0.09893521 -0.02263449
v -0.03154155 0.09788530 -0.00140399
v -0.02994916 0.09889752 -0.00686796
v -0.03046571 0.09790202 -0.00877375
v -0.03046571 0.09790202 -0.00877375
v -0.02994916 0.09889752 -0.00686796
v -0.02690574 0.09889717 -0.01503006
v -0.03046571 0.09790202 -0.00877375
v -0.02690574 0.09889717 -0.01503006
v -0.02768517 0.09790202 -0.01569961
v -0.02768517 0.09790202 -0.01569961
v -0.02690574 0.09889717 -0.01503006
v -0.02288006 0.09891642 -0.02062104
v -0.02768517 0.09790202 -0.01569961
v -0.02288006 0.09891642 -0.02062104
v -0.02214182 0.09787729 -0.02316979
v -0.02214182 0.09787729 -0.02316979
v -0.02288006 0.09891642 -0.02062104
v -0.02087775 0.09893521 -0.02263449
v -0.02559308 0.09789705 0.01779970
v -0.02680220 0.09889748 0.01421237
v -0.02843763 0.09790202 0.01310582
v -0.02843763 0.09790202 0.01310582
v -0.02680220 0.09889748 0.01421237
v -0.03042225 0.09889765 0.00358705
v -0.02843763 0.09790202 0.01310582
v -0.03042225 0.09889765 0.00358705
v -0.03085287 0.09790202 0.00604367
v -0.03085287 0.09790202 0.00604367
v -0.03042225 0.09889765 0.00358705
v -0.03154155 0.09788530 -0.00140399
v -0.03154155 0.09788530 -0.00140399
v -0.03042225 0.09889765 0.00358705
v -0.02994916 0.09889752 -0.00686796
v -0.02183697 0.09791728 0.02220945
v -0.02121122 0.09892185 0.02129417
v -0.02559308 0.09789705 0.01779970
v -0.02559308 0.09789705 0.01779970
v -0.02121122 0.09892185 0.02129417
v -0.02680220 0.09889748 0.01421237
v -0.01759722 0.09789705 0.02556204
v -0.01558782 0.09889751 0.02585292
v -0.02183697 0.09791728 0.02220945
v -0.02183697 0.09791728 0.02220945
v -0.01558782 0.09889751 0.02585292
v -0.02121122 0.09892185 0.02129417
v -0.01254078 0.09791734 0.02838794
v -0.01558782 0.09889751 0.02585292
v -0.01759722 0.09789705 0.02556204
v 0.00739874 0.09789706 0.03005441
v 0.01075549 0.09889721 0.02806846
v 0.00213075 0.09889714 0.02990981
v 0.00739874 0.09789706 0.03005441
v 0.00213075 0.09889714 0.02990981
v 0.00198017 0.09790202 0.03092627
v 0.00198017 0.09790202 0.03092627
v 0.00213075 0.09889714 0.02990981
v -0.00562474 0.09889714 0.02949817
v 0.00198017 0.09790202 0.03092627
v -0.00562474 0.09889714 0.02949817
v -0.00547199 0.09790202 0.03051040
v -0.00547199 0.09790202 0.03051040
v -0.00562474 0.09889714 0.02949817
v -0.01254078 0.09791734 0.02838794
v -0.01254078 0.09791734 0.02838794
v -0.00562474 0.09889714 0.02949817
v -0.01558782 0.09889751 0.02585292
v -0.00220006 0.09239714 0.03090907
v -0.00547199 0.09790202 0.03051040
v -0.00953106 0.09239714 0.02951188
v -0.00953106 0.09239714 0.02951188
v -0.00547199 0.09790202 0.03051040
v -0.01254078 0.09791734 0.02838794
v -0.00953106 0.09239714 0.02951188
v -0.01254078 0.09791734 0.02838794
v -0.01632848 0.09239713 0.02643194
v -0.01632848 0.09239713 0.02643194
v -0.01254078 0.09791734 0.02838794
v -0.01759722 0.09789705 0.02556204
v -0.01632848 0.09239713 0.02643194
v -0.01759722 0.09789705 0.02556204
v -0.02183697 0.09791728 0.02220945
v -0.01632848 0.09239713 0.02643194
v -0.02183697 0.09791728 0.02220945
v -0.02366088 0.09239713 0.02044299
v -0.02366088 0.09239713 0.02044299
v -0.02183697 0.09791728 0.02220945
v -0.02559308 0.09789705 0.01779970
v -0.02366088 0.09239713 0.02044299
v -0.02559308 0.09789705 0.01779970
v -0.02843763 0.09790202 0.01310582
v -0.02366088 0.09239713 0.02044299
v -0.02843763 0.09790202 0.01310582
v -0.02862421 0.09239713 0.01270451
v -0.02862421 0.09239713 0.01270451
v -0.02843763 0.09790202 0.01310582
v -0.03085287 0.09790202 0.00604367
v -0.02862421 0.09239713 0.01270451
v -0.03085287 0.09790202 0.00604367
v -0.03135996 0.09239713 0.00364108
v -0.03135996 0.09239713 0.00364108
v -0.03085287 0.09790202 0.00604367
v -0.03154155 0.09788530 -0.00140399
v -0.03135996 0.09239713 0.00364108
v -0.03154155 0.09788530 -0.00140399
v -0.03115348 0.09239713 -0.00554966
v -0.03115348 0.09239713 -0.00554966
v -0.03154155 0.09788530 -0.00140399
v -0.03046571 0.09790202 -0.00877375
v -0.03115348 0.09239713 -0.00554966
v -0.03046571 0.09790202 -0.00877375
v -0.02911081 0.09239713 -0.01272769
v -0.02911081 0.09239713 -0.01272769
v -0.03046571 0.09790202 -0.00877375
v -0.02768517 0.09790202 -0.01569961
v -0.02911081 0.09239713 -0.01272769
v -0.02768517 0.09790202 -0.01569961
v -0.02426985 0.09239713 -0.02086418
v -0.02426985 0.09239713 -0.02086418
v -0.02768517 0.09790202 -0.01569961
v -0.02214182 0.09787729 -0.02316979
v -0.02426985 0.09239713 -0.02086418
v -0.02214182 0.09787729 -0.02316979
v -0.01734931 0.09239713 -0.02691528
v -0.01734931 0.09239713 -0.02691528
v -0.02214182 0.09787729 -0.02316979
v -0.01290053 0.09790535 -0.02945766
v -0.01734931 0.09239713 -0.02691528
v -0.01290053 0.09790535 -0.02945766
v -0.01067424 0.09239713 -0.03025320
v -0.01067424 0.09239713 -0.03025320
v -0.01290053 0.09790535 -0.02945766
v -0.00392495 0.09791734 -0.03186995
v -0.01067424 0.09239713 -0.03025320
v -0.00392495 0.09791734 -0.03186995
v -0.00340213 0.09239714 -0.03192973
v -0.00340213 0.09239714 -0.03192973
v -0.00392495 0.09791734 -0.03186995
v 0.00542674 0.09789191 -0.03173765
v -0.00340213 0.09239714 -0.03192973
v 0.00542674 0.09789191 -0.03173765
v 0.00406030 0.09239714 -0.03185132
v 0.00406030 0.09239714 -0.03185132
v 0.00542674 0.09789191 -0.03173765
v 0.01129558 0.09239714 -0.03002235
v 0.01129558 0.09239714 -0.03002235
v 0.00542674 0.09789191 -0.03173765
v 0.01430874 0.09790202 -0.02868529
v 0.01129558 0.09239714 -0.03002235
v 0.01430874 0.09790202 -0.02868529
v 0.01789904 0.09239714 -0.02654491
v 0.01789904 0.09239714 -0.02654491
v 0.01430874 0.09790202 -0.02868529
v 0.02193969 0.09787731 -0.02336588
v 0.01789904 0.09239714 -0.02654491
v 0.02193969 0.09787731 -0.02336588
v 0.02486351 0.09239715 -0.02013238
v 0.02486351 0.09239715 -0.02013238
v 0.02193969 0.09787731 -0.02336588
v 0.02757780 0.09790203 -0.01589411
v 0.02486351 0.09239715 -0.02013238
v 0.02757780 0.09790203 -0.01589411
v 0.02935982 0.09239715 -0.01211334
v 0.02935982 0.09239715 -0.01211334
v 0.02757780 0.09790203 -0.01589411
v 0.03088982 0.09786866 -0.00741674
v 0.02935982 0.09239715 -0.01211334
v 0.03088982 0.09786866 -0.00741674
v 0.03125120 0.09239715 -0.00489397
v 0.03125120 0.09239715 -0.00489397
v 0.03088982 0.09786866 -0.00741674
v 0.03148568 0.09789707 0.00036950
v 0.03125120 0.09239715 -0.00489397
v 0.03148568 0.09789707 0.00036950
v 0.03122069 0.09239715 0.00457305
v 0.03122069 0.09239715 0.00457305
v 0.03148568 0.09789707 0.00036950
v 0.03089846 0.09790205 0.00582635
v 0.03122069 0.09239715 0.00457305
v 0.03089846 0.09790205 0.00582635
v 0.02787300 0.09786866 0.01441069
v 0.03122069 0.09239715 0.00457305
v 0.02787300 0.09786866 0.01441069
v 0.02833894 0.09239715 0.01330303
v 0.02833894 0.09239715 0.01330303
v 0.02787300 0.09786866 0.01441069
v 0.02302455 0.09239715 0.02113840
v 0.02302455 0.09239715 0.02113840
v 0.02787300 0.09786866 0.01441069
v 0.02324138 0.09789707 0.02069773
v 0.02302455 0.09239715 0.02113840
v 0.02324138 0.09789707 0.02069773
v 0.01922230 0.09788535 0.02445751
v 0.02302455 0.09239715 0.02113840
v 0.01922230 0.09788535 0.02445751
v 0.01402696 0.09239714 0.02779751
v 0.01402696 0.09239714 0.02779751
v 0.01922230 0.09788535 0.02445751
v 0.01289682 0.09791734 0.02823103
v 0.01402696 0.09239714 0.02779751
v 0.01289682 0.09791734 0.02823103
v 0.00739874 0.09789706 0.03005441
v 0.01402696 0.09239714 0.02779751
v 0.00739874 0.09789706 0.03005441
v 0.00525419 0.09239714 0.03054531
v 0.00525419 0.09239714 0.03054531
v 0.00739874 0.09789706 0.03005441
v 0.00198017 0.09790202 0.03092627
v 0.00525419 0.09239714 0.03054531
v 0.00198017 0.09790202 0.03092627
v -0.00220006 0.09239714 0.03090907
v -0.00220006 0.09239714 0.03090907
v 0.00198017 0.09790202 0.03092627
v -0.00547199 0.09790202 0.03051040
v -0.00476230 0.06609214 0.03343238
v -0.00502466 0.06710014 0.03340233
v -0.00433336 0.06431314 0.03342841
v -0.00476230 0.06609214 0.03343238
v -0.00433336 0.06431314 0.03342841
v -0.00381750 0.06418757 0.03343238
v -0.00381750 0.06418757 0.03343238
v -0.00433336 0.06431314 0.03342841
v -0.00209484 0.06281997 0.03339410
v -0.00044925 0.06244307 0.03343238
v -0.00209484 0.06281997 0.03339410
v 0.00046117 0.06207755 0.03342841
v -0.00044925 0.06244307 0.03343238
v 0.00046117 0.06207755 0.03342841
v 0.00166368 0.06267952 0.03343238
v 0.00166368 0.06267952 0.03343238
v 0.00046117 0.06207755 0.03342841
v 0.00299045 0.06307649 0.03343009
v 0.00166368 0.06267952 0.03343238
v 0.00299045 0.06307649 0.03343009
v 0.00377477 0.06413681 0.03343238
v 0.00377477 0.06413681 0.03343238
v 0.00299045 0.06307649 0.03343009
v 0.00479436 0.06511177 0.03342842
v 0.00377477 0.06413681 0.03343238
v 0.00479436 0.06511177 0.03342842
v 0.00475182 0.06605351 0.03343238
v 0.00475182 0.06605351 0.03343238
v 0.00479436 0.06511177 0.03342842
v 0.00488586 0.06817533 0.03343238
v 0.00488586 0.06817533 0.03343238
v 0.00479436 0.06511177 0.03342842
v 0.00511088 0.06871682 0.03342957
v 0.00488586 0.06817533 0.03343238
v 0.00511088 0.06871682 0.03342957
v 0.00404559 0.07015588 0.03343238
v 0.00404559 0.07015588 0.03343238
v 0.00511088 0.06871682 0.03342957
v 0.00337184 0.07136590 0.03342947
v 0.00404559 0.07015588 0.03343238
v 0.00337184 0.07136590 0.03342947
v 0.00214814 0.07186072 0.03343238
v 0.00214814 0.07186072 0.03343238
v 0.00337184 0.07136590 0.03342947
v 0.00046091 0.07261769 0.03342874
v 0.00214814 0.07186072 0.03343238
v 0.00046091 0.07261769 0.03342874
v -0.00040930 0.07225533 0.03343238
v -0.00040930 0.07225533 0.03343238
v 0.00046091 0.07261769 0.03342874
v -0.00206323 0.07181938 0.03343238
v -0.00303421 0.07168089 0.03342842
v -0.00206323 0.07181938 0.03343238
v -0.00303421 0.07168089 0.03342842
v -0.00407173 0.07024676 0.03343238
v -0.00407173 0.07024676 0.03343238
v -0.00303421 0.07168089 0.03342842
v -0.00492946 0.06914151 0.03342947
v -0.00407173 0.07024676 0.03343238
v -0.00492946 0.06914151 0.03342947
v -0.00502466 0.06710014 0.03340233
v 0.03125120 0.09239715 -0.00489397
v 0.03458653 0.09239772 -0.00671829
v 0.02935982 0.09239715 -0.01211334
v 0.03081096 0.09239765 -0.01743968
v 0.02486351 0.09239715 -0.02013238
v 0.02521114 0.09239730 -0.02490781
v 0.01789904 0.09239714 -0.02654491
v 0.01602895 0.09239843 -0.03195649
v 0.01129558 0.09239714 -0.03002235
v 0.00406030 0.09239714 -0.03185132
v 0.00332352 0.09239771 -0.03553623
v -0.02366088 0.09239713 0.02044299
v -0.02240293 0.09239854 0.02664880
v -0.01632848 0.09239713 0.02643194
v -0.01265901 0.09239729 0.03211597
v -0.00953106 0.09239714 0.02951188
v -0.00332367 0.09239764 0.03440850
v -0.00220006 0.09239714 0.03090907
v 0.00525419 0.09239714 0.03054531
v 0.00801724 0.09239765 0.03363897
v 0.01402696 0.09239714 0.02779751
v 0.01671204 0.09239732 0.03024074
v -0.00340213 0.09239714 -0.03192973
v -0.00995136 0.09239844 -0.03437807
v -0.01067424 0.09239713 -0.03025320
v -0.01734931 0.09239713 -0.02691528
v -0.01994487 0.09239728 -0.02938104
v -0.02426985 0.09239713 -0.02086418
v -0.02838577 0.09239843 -0.02146082
v -0.02911081 0.09239713 -0.01272769
v 0.02596003 0.09239845 0.02327935
v 0.02302455 0.09239715 0.02113840
v 0.02833894 0.09239715 0.01330303
v 0.03280872 0.09239765 0.01199378
v 0.03122069 0.09239715 0.00457305
v 0.03487531 0.09239730 0.00289060
v -0.03453653 0.09239854 -0.00761036
v -0.03115348 0.09239713 -0.00554966
v -0.03135996 0.09239713 0.00364108
v -0.03458673 0.09239763 0.00559050
v -0.02862421 0.09239713 0.01270451
v -0.03081101 0.09239763 0.01631205
v 0.01292840 0.06011039 0.03464553
v 0.01578224 0.06133607 0.03343557
v 0.00815252 0.05869438 0.03607260
v 0.00815252 0.05869438 0.03607260
v 0.01578224 0.06133607 0.03343557
v 0.00210099 0.05785262 0.03690532
v -0.01579591 0.06131824 0.03343565
v -0.01217724 0.05982596 0.03493402
v -0.00708752 0.05849776 0.03626442
v -0.00708752 0.05849776 0.03626442
v -0.00327031 0.05794603 0.03680706
v 0.01578224 0.06133607 0.03343557
v -0.00327031 0.05794603 0.03680706
v 0.01292588 0.07459347 0.03465074
v -0.01578411 0.07335795 0.03343551
v 0.01579742 0.07337783 0.03343563
v 0.00920964 0.07573520 0.03579503
v 0.00410392 0.07666684 0.03673857
v -0.00212426 0.07683978 0.03690653
v -0.01578411 0.07335795 0.03343551
v -0.00212426 0.07683978 0.03690653
v -0.00839656 0.07594896 0.03601304
v -0.01578411 0.07335795 0.03343551
v -0.00839656 0.07594896 0.03601304
v -0.01299016 0.07456114 0.03462179
v -0.00218703 0.08992774 0.03689349
v -0.00332367 0.09239764 0.03440850
v -0.00950734 0.08992393 0.03575470
v -0.00950734 0.08992393 0.03575470
v -0.00332367 0.09239764 0.03440850
v -0.01265901 0.09239729 0.03211597
v -0.00950734 0.08992393 0.03575470
v -0.01265901 0.09239729 0.03211597
v -0.01574570 0.08989716 0.03346965
v -0.01574570 0.08989716 0.03346965
v -0.01265901 0.09239729 0.03211597
v -0.02240293 0.09239854 0.02664880
v -0.01574570 0.08989716 0.03346965
v -0.02240293 0.09239854 0.02664880
v -0.02097842 0.08990215 0.03058173
v -0.02097842 0.08990215 0.03058173
v -0.02240293 0.09239854 0.02664880
v -0.02857819 0.08990507 0.02393558
v -0.02857819 0.08990507 0.02393558
v -0.02240293 0.09239854 0.02664880
v -0.03081101 0.09239763 0.01631205
v -0.02857819 0.08990507 0.02393558
v -0.03081101 0.09239763 0.01631205
v -0.03403079 0.08990198 0.01531285
v -0.03403079 0.08990198 0.01531285
v -0.03081101 0.09239763 0.01631205
v -0.03458673 0.09239763 0.00559050
v -0.03403079 0.08990198 0.01531285
v -0.03458673 0.09239763 0.00559050
v -0.03664814 0.08990199 0.00762634
v -0.03664814 0.08990199 0.00762634
v -0.03458673 0.09239763 0.00559050
v -0.03755199 0.08990200 -0.00044333
v -0.03755199 0.08990200 -0.00044333
v -0.03458673 0.09239763 0.00559050
v -0.03453653 0.09239854 -0.00761036
v -0.03755199 0.08990200 -0.00044333
v -0.03453653 0.09239854 -0.00761036
v -0.03669998 0.08990201 -0.00851866
v -0.03669998 0.08990201 -0.00851866
v -0.03453653 0.09239854 -0.00761036
v -0.03413186 0.08990199 -0.01622226
v -0.03413186 0.08990199 -0.01622226
v -0.03453653 0.09239854 -0.00761036
v -0.02838577 0.09239843 -0.02146082
v -0.03413186 0.08990199 -0.01622226
v -0.02838577 0.09239843 -0.02146082
v -0.02996804 0.08990202 -0.02319307
v -0.02996804 0.08990202 -0.02319307
v -0.02838577 0.09239843 -0.02146082
v -0.02291720 0.08990508 -0.03042592
v -0.02291720 0.08990508 -0.03042592
v -0.02838577 0.09239843 -0.02146082
v -0.01994487 0.09239728 -0.02938104
v -0.02291720 0.08990508 -0.03042592
v -0.01994487 0.09239728 -0.02938104
v -0.00995136 0.09239844 -0.03437807
v -0.02291720 0.08990508 -0.03042592
v -0.00995136 0.09239844 -0.03437807
v -0.01218242 0.08990508 -0.03618030
v -0.01218242 0.08990508 -0.03618030
v -0.00995136 0.09239844 -0.03437807
v -0.00215366 0.08990199 -0.03805428
v -0.00215366 0.08990199 -0.03805428
v -0.00995136 0.09239844 -0.03437807
v 0.00332352 0.09239771 -0.03553623
v -0.00215366 0.08990199 -0.03805428
v 0.00332352 0.09239771 -0.03553623
v 0.00595547 0.08990203 -0.03764075
v 0.00595547 0.08990203 -0.03764075
v 0.00332352 0.09239771 -0.03553623
v 0.01602895 0.09239843 -0.03195649
v 0.00595547 0.08990203 -0.03764075
v 0.01602895 0.09239843 -0.03195649
v 0.01378704 0.08990202 -0.03549356
v 0.01378704 0.08990202 -0.03549356
v 0.01602895 0.09239843 -0.03195649
v 0.02264358 0.08990507 -0.03063383
v 0.02264358 0.08990507 -0.03063383
v 0.01602895 0.09239843 -0.03195649
v 0.02521114 0.09239730 -0.02490781
v 0.02264358 0.08990507 -0.03063383
v 0.02521114 0.09239730 -0.02490781
v 0.03105968 0.08990506 -0.02182949
v 0.03105968 0.08990506 -0.02182949
v 0.02521114 0.09239730 -0.02490781
v 0.03081096 0.09239765 -0.01743968
v 0.03105968 0.08990506 -0.02182949
v 0.03081096 0.09239765 -0.01743968
v 0.03554763 0.08990203 -0.01266855
v 0.03554763 0.08990203 -0.01266855
v 0.03081096 0.09239765 -0.01743968
v 0.03458653 0.09239772 -0.00671829
v 0.03554763 0.08990203 -0.01266855
v 0.03458653 0.09239772 -0.00671829
v 0.03731868 0.08990203 -0.00474389
v 0.03731868 0.08990203 -0.00474389
v 0.03458653 0.09239772 -0.00671829
v 0.03487531 0.09239730 0.00289060
v 0.03731868 0.08990203 -0.00474389
v 0.03487531 0.09239730 0.00289060
v 0.03717363 0.08990509 0.00535650
v 0.03717363 0.08990509 0.00535650
v 0.03487531 0.09239730 0.00289060
v 0.03280872 0.09239765 0.01199378
v 0.03717363 0.08990509 0.00535650
v 0.03280872 0.09239765 0.01199378
v 0.03413193 0.08990203 0.01509392
v 0.03413193 0.08990203 0.01509392
v 0.03280872 0.09239765 0.01199378
v 0.02596003 0.09239845 0.02327935
v 0.03413193 0.08990203 0.01509392
v 0.02596003 0.09239845 0.02327935
v 0.02996795 0.08990203 0.02206523
v 0.02996795 0.08990203 0.02206523
v 0.02596003 0.09239845 0.02327935
v 0.02440253 0.08990202 0.02797857
v 0.02440253 0.08990202 0.02797857
v 0.02596003 0.09239845 0.02327935
v 0.01671204 0.09239732 0.03024074
v 0.02440253 0.08990202 0.02797857
v 0.01671204 0.09239732 0.03024074
v 0.01933295 0.08989717 0.03156783
v 0.01933295 0.08989717 0.03156783
v 0.01671204 0.09239732 0.03024074
v 0.01304792 0.08990936 0.03463248
v 0.01304792 0.08990936 0.03463248
v 0.01671204 0.09239732 0.03024074
v 0.00801724 0.09239765 0.03363897
v 0.01304792 0.08990936 0.03463248
v 0.00801724 0.09239765 0.03363897
v 0.00549763 0.08991963 0.03655643
v 0.00549763 0.08991963 0.03655643
v 0.00801724 0.09239765 0.03363897
v -0.00332367 0.09239764 0.03440850
v 0.00549763 0.08991963 0.03655643
v -0.00332367 0.09239764 0.03440850
v -0.00218703 0.08992774 0.03689349
v 0.03674733 0.05314763 -0.00828364
v 0.03754772 0.05314763 -0.00020365
v 0.03663054 0.05314763 -0.00056396
v 0.03640821 0.05314763 0.00346577
v 0.03612745 0.05314763 0.00999814
v 0.03574394 0.05314763 0.00744656
v 0.03464578 0.05314763 0.01133005
v 0.03312708 0.05314763 0.01506914
v 0.03198708 0.05314763 0.01910299
v 0.03120626 0.05314763 0.01861854
v 0.02890663 0.05314763 0.02193501
v 0.02701155 0.05314763 0.02551934
v 0.02625611 0.05314763 0.02497855
v 0.02328688 0.05314763 0.02771180
v 0.02065985 0.05314763 0.03080053
v 0.02003497 0.05314763 0.03010203
v 0.01653988 0.05314763 0.03211994
v 0.01325002 0.05314833 0.03454508
v 0.01284400 0.05314763 0.03374114
v 0.00899222 0.05314763 0.03494583
v 0.00591749 0.05314814 0.03651616
v 0.00503128 0.05314762 0.03571950
v 0.00100927 0.05314762 0.03605275
v -0.00358460 0.05314801 0.03687509
v -0.00302499 0.05314762 0.03594155
v -0.00702254 0.05314762 0.03538723
v -0.01093484 0.05314762 0.03439652
v -0.01330756 0.05314812 0.03452478
v -0.01471441 0.05314762 0.03298138
v -0.01831536 0.05314762 0.03115901
v -0.02070803 0.05314704 0.03081103
v -0.02169400 0.05314762 0.02895165
v -0.02480930 0.05314761 0.02638614
v -0.02901646 0.05314761 0.02341107
v -0.02762344 0.05314761 0.02349334
v -0.03010228 0.05314761 0.02030857
v -0.03221571 0.05314761 0.01687039
v -0.03422890 0.05314761 0.01487468
v -0.03393809 0.05314761 0.01322053
v -0.03524851 0.05314761 0.00940344
v -0.03674744 0.05314761 0.00715585
v -0.03613106 0.05314761 0.00546526
v -0.03657503 0.05314761 0.00145396
v -0.03755345 0.05314761 -0.00311254
v -0.03657503 0.05314761 -0.00258188
v -0.03613106 0.05314761 -0.00659306
v -0.03524851 0.05314761 -0.01053124
v -0.03546729 0.05314761 -0.01289439
v -0.03393809 0.05314761 -0.01434833
v -0.03221571 0.05314761 -0.01799818
v -0.03086439 0.05314761 -0.02210791
v -0.03010228 0.05314761 -0.02143637
v -0.02762344 0.05314761 -0.02462114
v -0.02480930 0.05314761 -0.02751393
v -0.02236963 0.05314761 -0.03083525
v -0.02169400 0.05314761 -0.03007957
v -0.01831536 0.05314761 -0.03228693
v -0.01471441 0.05314761 -0.03410918
v -0.01356302 0.05314762 -0.03557841
v -0.01093484 0.05314762 -0.03552432
v -0.00702254 0.05314762 -0.03651503
v -0.00571834 0.05314762 -0.03767543
v -0.00302499 0.05314762 -0.03706934
v 0.00100927 0.05314762 -0.03718055
v 0.00239249 0.05314762 -0.03803716
v 0.00503128 0.05314762 -0.03684730
v 0.00899222 0.05314762 -0.03607363
v 0.01250279 0.05314762 -0.03606650
v 0.01284400 0.05314762 -0.03486893
v 0.01653988 0.05314763 -0.03324774
v 0.02003497 0.05314763 -0.03122983
v 0.02318456 0.05314763 -0.03021566
v 0.02328688 0.05314763 -0.02883972
v 0.02625611 0.05314763 -0.02610635
v 0.02890663 0.05314763 -0.02306293
v 0.03010972 0.05314763 -0.02299965
v 0.03120626 0.05314763 -0.01974633
v 0.03312708 0.05314763 -0.01619706
v 0.03422858 0.05314763 -0.01600304
v 0.03464578 0.05314763 -0.01245785
v 0.03574394 0.05314763 -0.00857435
v 0.03640821 0.05314763 -0.00459357
v 0.01579742 0.07337783 0.03343563
v 0.00046091 0.07261769 0.03342874
v 0.00511088 0.06871682 0.03342957
v 0.00046091 0.07261769 0.03342874
v 0.01579742 0.07337783 0.03343563
v -0.01578411 0.07335795 0.03343551
v -0.00303421 0.07168089 0.03342842
v -0.01579591 0.06131824 0.03343565
v -0.00492946 0.06914151 0.03342947
v 0.00479436 0.06511177 0.03342842
v -0.01579591 0.06131824 0.03343565
v 0.01578224 0.06133607 0.03343557
v 0.00046117 0.06207755 0.03342841
v -0.01579591 0.06131824 0.03343565
v -0.00502466 0.06710014 0.03340233
v -0.00433336 0.06431314 0.03342841
v -0.01578411 0.07335795 0.03343551
v 0.01578224 0.06133607 0.03343557
v 0.00046117 0.06207755 0.03342841
v -0.01579591 0.06131824 0.03343565
v 0.00046117 0.06207755 0.03342841
v -0.00209484 0.06281997 0.03339410
v -0.01579591 0.06131824 0.03343565
v -0.00209484 0.06281997 0.03339410
v -0.00433336 0.06431314 0.03342841
v 0.01325002 0.05314833 0.03454508
v 0.02065985 0.05314763 0.03080053
v 0.01578224 0.06133607 0.03343557
v 0.01579742 0.07337783 0.03343563
v 0.01933295 0.08989717 0.03156783
v 0.01304792 0.08990936 0.03463248
v 0.01579742 0.07337783 0.03343563
v 0.01304792 0.08990936 0.03463248
v 0.01292588 0.07459347 0.03465074
v 0.01304792 0.08990936 0.03463248
v 0.00549763 0.08991963 0.03655643
v 0.00920964 0.07573520 0.03579503
v 0.01304792 0.08990936 0.03463248
v 0.00920964 0.07573520 0.03579503
v 0.01292588 0.07459347 0.03465074
v 0.00549763 0.08991963 0.03655643
v 0.00410392 0.07666684 0.03673857
v 0.00920964 0.07573520 0.03579503
v -0.00218703 0.08992774 0.03689349
v -0.00212426 0.07683978 0.03690653
v 0.00549763 0.08991963 0.03655643
v 0.00549763 0.08991963 0.03655643
v -0.00212426 0.07683978 0.03690653
v 0.00410392 0.07666684 0.03673857
v -0.00839656 0.07594896 0.03601304
v -0.00212426 0.07683978 0.03690653
v -0.00950734 0.08992393 0.03575470
v -0.00950734 0.08992393 0.03575470
v -0.00212426 0.07683978 0.03690653
v -0.00218703 0.08992774 0.03689349
v -0.01578411 0.07335795 0.03343551
v -0.01299016 0.07456114 0.03462179
v -0.01574570 0.08989716 0.03346965
v -0.01574570 0.08989716 0.03346965
v -0.01299016 0.07456114 0.03462179
v -0.00950734 0.08992393 0.03575470
v -0.00950734 0.08992393 0.03575470
v -0.01299016 0.07456114 0.03462179
v -0.00839656 0.07594896 0.03601304
v -0.01330756 0.05314812 0.03452478
v -0.01579591 0.06131824 0.03343565
v -0.02070803 0.05314704 0.03081103
v -0.02070803 0.05314704 0.03081103
v -0.01579591 0.06131824 0.03343565
v -0.01578411 0.07335795 0.03343551
v -0.01330756 0.05314812 0.03452478
v -0.01217724 0.05982596 0.03493402
v -0.01579591 0.06131824 0.03343565
v -0.00358460 0.05314801 0.03687509
v -0.00708752 0.05849776 0.03626442
v -0.01330756 0.05314812 0.03452478
v -0.01330756 0.05314812 0.03452478
v -0.00708752 0.05849776 0.03626442
v -0.01217724 0.05982596 0.03493402
v -0.00358460 0.05314801 0.03687509
v -0.00327031 0.05794603 0.03680706
v -0.00708752 0.05849776 0.03626442
v 0.00210099 0.05785262 0.03690532
v -0.00327031 0.05794603 0.03680706
v -0.00358460 0.05314801 0.03687509
v 0.00591749 0.05314814 0.03651616
v 0.00210099 0.05785262 0.03690532
v -0.00358460 0.05314801 0.03687509
v 0.00591749 0.05314814 0.03651616
v 0.00815252 0.05869438 0.03607260
v 0.00210099 0.05785262 0.03690532
v 0.01325002 0.05314833 0.03454508
v 0.00815252 0.05869438 0.03607260
v 0.00591749 0.05314814 0.03651616
v 0.01325002 0.05314833 0.03454508
v 0.01578224 0.06133607 0.03343557
v 0.01292840 0.06011039 0.03464553
v 0.01325002 0.05314833 0.03454508
v 0.01292840 0.06011039 0.03464553
v 0.00815252 0.05869438 0.03607260
v -0.01578411 0.07335795 0.03343551
v -0.01574570 0.08989716 0.03346965
v -0.02097842 0.08990215 0.03058173
v -0.02070803 0.05314704 0.03081103
v -0.02070803 0.05314704 0.03081103
v -0.02097842 0.08990215 0.03058173
v -0.02857819 0.08990507 0.02393558
v -0.02070803 0.05314704 0.03081103
v -0.02857819 0.08990507 0.02393558
v -0.02901646 0.05314761 0.02341107
v -0.02901646 0.05314761 0.02341107
v -0.02857819 0.08990507 0.02393558
v -0.03403079 0.08990198 0.01531285
v -0.02901646 0.05314761 0.02341107
v -0.03403079 0.08990198 0.01531285
v -0.03422890 0.05314761 0.01487468
v -0.03422890 0.05314761 0.01487468
v -0.03403079 0.08990198 0.01531285
v -0.03664814 0.08990199 0.00762634
v -0.03422890 0.05314761 0.01487468
v -0.03664814 0.08990199 0.00762634
v -0.03674744 0.05314761 0.00715585
v -0.03674744 0.05314761 0.00715585
v -0.03664814 0.08990199 0.00762634
v -0.03755199 0.08990200 -0.00044333
v -0.03674744 0.05314761 0.00715585
v -0.03755199 0.08990200 -0.00044333
v -0.03755345 0.05314761 -0.00311254
v -0.03755345 0.05314761 -0.00311254
v -0.03755199 0.08990200 -0.00044333
v -0.03669998 0.08990201 -0.00851866
v -0.03755345 0.05314761 -0.00311254
v -0.03669998 0.08990201 -0.00851866
v -0.03546729 0.05314761 -0.01289439
v -0.03546729 0.05314761 -0.01289439
v -0.03669998 0.08990201 -0.00851866
v -0.03413186 0.08990199 -0.01622226
v -0.03546729 0.05314761 -0.01289439
v -0.03413186 0.08990199 -0.01622226
v -0.03086439 0.05314761 -0.02210791
v -0.03086439 0.05314761 -0.02210791
v -0.03413186 0.08990199 -0.01622226
v -0.02996804 0.08990202 -0.02319307
v -0.03086439 0.05314761 -0.02210791
v -0.02996804 0.08990202 -0.02319307
v -0.02291720 0.08990508 -0.03042592
v -0.02236963 0.05314761 -0.03083525
v -0.02236963 0.05314761 -0.03083525
v -0.02291720 0.08990508 -0.03042592
v -0.01218242 0.08990508 -0.03618030
v -0.01356302 0.05314762 -0.03557841
v -0.01356302 0.05314762 -0.03557841
v -0.01218242 0.08990508 -0.03618030
v -0.00571834 0.05314762 -0.03767543
v -0.00571834 0.05314762 -0.03767543
v -0.01218242 0.08990508 -0.03618030
v -0.00215366 0.08990199 -0.03805428
v -0.00571834 0.05314762 -0.03767543
v -0.00215366 0.08990199 -0.03805428
v 0.00239249 0.05314762 -0.03803716
v 0.00239249 0.05314762 -0.03803716
v -0.00215366 0.08990199 -0.03805428
v 0.00595547 0.08990203 -0.03764075
v 0.00239249 0.05314762 -0.03803716
v 0.00595547 0.08990203 -0.03764075
v 0.01250279 0.05314762 -0.03606650
v 0.01250279 0.05314762 -0.03606650
v 0.00595547 0.08990203 -0.03764075
v 0.01378704 0.08990202 -0.03549356
v 0.01250279 0.05314762 -0.03606650
v 0.01378704 0.08990202 -0.03549356
v 0.02264358 0.08990507 -0.03063383
v 0.02318456 0.05314763 -0.03021566
v 0.02318456 0.05314763 -0.03021566
v 0.02264358 0.08990507 -0.03063383
v 0.03105968 0.08990506 -0.02182949
v 0.03010972 0.05314763 -0.02299965
v 0.03010972 0.05314763 -0.02299965
v 0.03105968 0.08990506 -0.02182949
v 0.03422858 0.05314763 -0.01600304
v 0.03422858 0.05314763 -0.01600304
v 0.03105968 0.08990506 -0.02182949
v 0.03554763 0.08990203 -0.01266855
v 0.03422858 0.05314763 -0.01600304
v 0.03554763 0.08990203 -0.01266855
v 0.03674733 0.05314763 -0.00828364
v 0.03674733 0.05314763 -0.00828364
v 0.03554763 0.08990203 -0.01266855
v 0.03731868 0.08990203 -0.00474389
v 0.03674733 0.05314763 -0.00828364
v 0.03731868 0.08990203 -0.00474389
v 0.03754772 0.05314763 -0.00020365
v 0.03754772 0.05314763 -0.00020365
v 0.03731868 0.08990203 -0.00474389
v 0.03717363 0.08990509 0.00535650
v 0.03754772 0.05314763 -0.00020365
v 0.03717363 0.08990509 0.00535650
v 0.03612745 0.05314763 0.00999814
v 0.03612745 0.05314763 0.00999814
v 0.03717363 0.08990509 0.00535650
v 0.03413193 0.08990203 0.01509392
v 0.03612745 0.05314763 0.00999814
v 0.03413193 0.08990203 0.01509392
v 0.03198708 0.05314763 0.01910299
v 0.03198708 0.05314763 0.01910299
v 0.03413193 0.08990203 0.01509392
v 0.02996795 0.08990203 0.02206523
v 0.03198708 0.05314763 0.01910299
v 0.02996795 0.08990203 0.02206523
v 0.02701155 0.05314763 0.02551934
v 0.02701155 0.05314763 0.02551934
v 0.02996795 0.08990203 0.02206523
v 0.02440253 0.08990202 0.02797857
v 0.02701155 0.05314763 0.02551934
v 0.02440253 0.08990202 0.02797857
v 0.02065985 0.05314763 0.03080053
v 0.02065985 0.05314763 0.03080053
v 0.02440253 0.08990202 0.02797857
v 0.01933295 0.08989717 0.03156783
v 0.02065985 0.05314763 0.03080053
v 0.01933295 0.08989717 0.03156783
v 0.01579742 0.07337783 0.03343563
v 0.01578224 0.06133607 0.03343557
vn -0.00215069 -0.07469865 0.99720383
vn -0.00241178 -0.07200965 0.99740102
vn -0.00252542 -0.07083896 0.99748457
vn 0.01779313 0.00044115 0.99984159
vn 0.01779313 0.00044115 0.99984159
vn 0.01779313 0.00044115 0.99984159
vn 0.01041542 0.02167251 0.99971087
vn 0.01041542 0.02167251 0.99971087
vn 0.01041542 0.02167251 0.99971087
vn 0.37830334 0.89985633 0.21712938
vn 0.37830334 0.89985633 0.21712938
vn 0.37830334 0.89985633 0.21712938
vn 0.15351784 0.21791177 0.96381883
vn 0.15351784 0.21791177 0.96381883
vn 0.15351784 0.21791177 0.96381883
vn 0.74001770 0.33547531 0.58294950
vn 0.74001770 0.33547531 0.58294950
vn 0.74001770 0.33547531 0.58294950
vn 0.81542435 0.16082660 0.55607368
vn 0.81542435 0.16082660 0.55607368
vn 0.81542435 0.16082660 0.55607368
vn 0.79998293 0.09251622 0.59284741
vn 0.79998293 0.09251622 0.59284741
vn 0.79998293 0.09251622 0.59284741
vn 0.83192469 -0.15547199 0.53266291
vn 0.83192469 -0.15547199 0.53266291
vn 0.83192469 -0.15547199 0.53266291
vn 0.73178596 -0.46863296 0.49484588
vn 0.73178596 -0.46863296 0.49484588
vn 0.73178596 -0.46863296 0.49484588
vn 0.42207900 -0.26569736 0.86674923
vn 0.42207900 -0.26569736 0.86674923
vn 0.42207900 -0.26569736 0.86674923
vn 0.36068601 -0.20926750 0.90890743
vn 0.36068601 -0.20926750 0.90890743
vn 0.36068601 -0.20926750 0.90890743
vn 0.28750487 -0.63619336 0.71596016
vn 0.28750487 -0.63619336 0.71596016
vn 0.28750487 -0.63619336 0.71596016
vn -0.19532241 -0.82258980 0.53403669
vn -0.19532241 -0.82258980 0.53403669
vn -0.19532241 -0.82258980 0.53403669
vn -0.20084971 -0.62804476 0.75181059
vn -0.20084971 -0.62804476 0.75181059
vn -0.20084971 -0.62804476 0.75181059
vn -0.59790380 -0.56624287 0.56734474
vn -0.59790380 -0.56624287 0.56734474
vn -0.59790380 -0.56624287 0.56734474
vn -0.34033569 -0.47511001 0.81144445
vn -0.34033569 -0.47511001 0.81144445
vn -0.34033569 -0.47511001 0.81144445
vn -0.33848038 -0.46009327 0.82081984
vn -0.33848038 -0.46009327 0.82081984
vn -0.33848038 -0.46009327 0.82081984
vn -0.70038217 -0.49915924 0.51020081
vn -0.70038217 -0.49915924 0.51020081
vn -0.70038217 -0.49915924 0.51020081
vn -0.79997769 -0.19457425 0.56760599
vn -0.79997769 -0.19457425 0.56760599
vn -0.79997769 -0.19457425 0.56760599
vn -0.82450872 0.06753854 0.56180416
vn -0.82450872 0.06753854 0.56180416
vn -0.82450872 0.06753854 0.56180416
vn -0.73621644 0.17412242 0.65396234
vn -0.73621644 0.17412242 0.65396234
vn -0.73621644 0.17412242 0.65396234
vn -0.28507140 0.05314554 0.95703179
vn -0.28507140 0.05314554 0.95703179
vn -0.28507140 0.05314554 0.95703179
vn -0.79805188 0.55137963 0.24309197
vn -0.79805188 0.55137963 0.24309197
vn -0.79805188 0.55137963 0.24309197
vn -0.69785164 0.33279112 0.63423431
vn -0.69785164 0.33279112 0.63423431
vn -0.69785164 0.33279112 0.63423431
vn -0.64271089 0.69937130 0.31273390
vn -0.64271089 0.69937130 0.31273390
vn -0.64271089 0.69937130 0.31273390
vn -0.49389512 0.66438419 0.56094675
vn -0.49389512 0.66438419 0.56094675
vn -0.49389512 0.66438419 0.56094675
vn -0.28547237 0.82414869 0.48916711
vn -0.28547237 0.82414869 0.48916711
vn -0.28547237 0.82414869 0.48916711
vn -0.13196246 0.38200652 0.91468953
vn -0.13196246 0.38200652 0.91468953
vn -0.13196246 0.38200652 0.91468953
vn 0.07153624 0.94934495 0.30598484
vn 0.07153624 0.94934495 0.30598484
vn 0.07153624 0.94934495 0.30598484
vn -0.04102615 0.80709709 0.58899163
vn -0.04102615 0.80709709 0.58899163
vn -0.04102615 0.80709709 0.58899163
vn 0.03364256 0.69443189 0.71877154
vn 0.03364256 0.69443189 0.71877154
vn 0.03364256 0.69443189 0.71877154
vn -0.00522281 0.51269725 0.85855358
vn -0.00522281 0.51269725 0.85855358
vn -0.00522281 0.51269725 0.85855358
vn 0.38223470 0.69084654 0.61370000
vn 0.38223470 0.69084654 0.61370000
vn 0.38223470 0.69084654 0.61370000
vn 0.46463630 0.78313511 0.41329470
vn 0.46463630 0.78313511 0.41329470
vn 0.46463630 0.78313511 0.41329470
vn 0.28686640 0.25047052 0.92464706
vn 0.28686640 0.25047052 0.92464706
vn 0.28686640 0.25047052 0.92464706
vn 0.44867312 0.40246308 0.79794480
vn 0.44867312 0.40246308 0.79794480
vn 0.44867312 0.40246308 0.79794480
vn 0.75233958 0.61880857 0.22596704
vn 0.75233958 0.61880857 0.22596704
vn 0.75233958 0.61880857 0.22596704
vn 0.28846314 -0.02773698 0.95708917
vn 0.28846314 -0.02773698 0.95708917
vn 0.28846314 -0.02773698 0.95708917
vn 0.32891612 0.01439190 0.94424947
vn 0.32891612 0.01439190 0.94424947
vn 0.32891612 0.01439190 0.94424947
vn 0.72488945 -0.33571869 0.60152161
vn 0.72488945 -0.33571869 0.60152161
vn 0.72488945 -0.33571869 0.60152161
vn 0.07867094 -0.21672797 0.97305697
vn 0.07867094 -0.21672797 0.97305697
vn 0.07867094 -0.21672797 0.97305697
vn 0.33307378 -0.72464853 0.60327967
vn 0.33307378 -0.72464853 0.60327967
vn 0.33307378 -0.72464853 0.60327967
vn 0.43679341 -0.73682923 0.51603701
vn 0.43679341 -0.73682923 0.51603701
vn 0.43679341 -0.73682923 0.51603701
vn 0.08954224 -0.47261485 0.87670827
vn 0.08954224 -0.47261485 0.87670827
vn 0.08954224 -0.47261485 0.87670827
vn 0.16387931 -0.86877659 0.46730163
vn 0.16387931 -0.86877659 0.46730163
vn 0.16387931 -0.86877659 0.46730163
vn -0.00285941 -0.06739763 0.99772210
vn -0.14330534 -0.86026619 0.48929098
vn -0.14330534 -0.86026619 0.48929098
vn -0.14330534 -0.86026619 0.48929098
vn -0.47788469 -0.82743279 0.29492576
vn -0.47788469 -0.82743279 0.29492576
vn -0.47788469 -0.82743279 0.29492576
vn -0.29724565 -0.03623225 0.95411333
vn -0.29724565 -0.03623225 0.95411333
vn -0.29724565 -0.03623225 0.95411333
vn -0.44374320 -0.19998054 0.87355581
vn -0.44374320 -0.19998054 0.87355581
vn -0.44374320 -0.19998054 0.87355581
vn -0.77565359 -0.22266175 0.59057875
vn -0.77565359 -0.22266175 0.59057875
vn -0.77565359 -0.22266175 0.59057875
vn -0.35028444 0.10506726 0.93073180
vn -0.35028444 0.10506726 0.93073180
vn -0.35028444 0.10506726 0.93073180
vn -0.43226159 0.44688900 0.78322420
vn -0.43226159 0.44688900 0.78322420
vn -0.43226159 0.44688900 0.78322420
vn -0.48227539 0.48869387 0.72704109
vn -0.48227539 0.48869387 0.72704109
vn -0.48227539 0.48869387 0.72704109
vn -0.06084470 0.06641519 0.99593521
vn -0.06084470 0.06641519 0.99593521
vn -0.06084470 0.06641519 0.99593521
vn 0.96005663 0.26709507 -0.08337560
vn 0.96005663 0.26709507 -0.08337560
vn 0.96005663 0.26709507 -0.08337560
vn 0.98332609 0.17831026 0.03571061
vn 0.98332609 0.17831026 0.03571061
vn 0.98332609 0.17831026 0.03571061
vn 0.76936795 0.61929938 0.15665641
vn 0.76936795 0.61929938 0.15665641
vn 0.76936795 0.61929938 0.15665641
vn 0.58579545 0.80066010 -0.12564675
vn 0.58579545 0.80066010 -0.12564675
vn 0.58579545 0.80066010 -0.12564675
vn 0.38608904 0.91622991 0.10704206
vn 0.38608904 0.91622991 0.10704206
vn 0.38608904 0.91622991 0.10704206
vn 0.07825034 0.99529376 -0.05715948
vn 0.07825034 0.99529376 -0.05715948
vn 0.07825034 0.99529376 -0.05715948
vn 0.00036379 0.99903108 0.04400882
vn 0.00036379 0.99903108 0.04400882
vn 0.00036379 0.99903108 0.04400882
vn -0.43039910 0.90216737 -0.02916606
vn -0.43039910 0.90216737 -0.02916606
vn -0.43039910 0.90216737 -0.02916606
vn -0.32660548 0.94290879 0.06520643
vn -0.32660548 0.94290879 0.06520643
vn -0.32660548 0.94290879 0.06520643
vn -0.62507968 0.77513244 0.09189723
vn -0.62507968 0.77513244 0.09189723
vn -0.62507968 0.77513244 0.09189723
vn -0.83869508 0.53974390 -0.07257474
vn -0.83869508 0.53974390 -0.07257474
vn -0.83869508 0.53974390 -0.07257474
vn -0.87206891 0.48873979 0.02508443
vn -0.87206891 0.48873979 0.02508443
vn -0.87206891 0.48873979 0.02508443
vn -0.98072994 0.15594972 0.11767955
vn -0.98072994 0.15594972 0.11767955
vn -0.98072994 0.15594972 0.11767955
vn -0.99828046 -0.03623880 -0.04607472
vn -0.99828046 -0.03623880 -0.04607472
vn -0.99828046 -0.03623880 -0.04607472
vn -0.88962897 -0.45637789 -0.01671876
vn -0.88962897 -0.45637789 -0.01671876
vn -0.88962897 -0.45637789 -0.01671876
vn -0.96256833 -0.25979647 0.07725287
vn -0.96256833 -0.25979647 0.07725287
vn -0.96256833 -0.25979647 0.07725287
vn -0.81170655 -0.57849255 0.08049130
vn -0.81170655 -0.57849255 0.08049130
vn -0.81170655 -0.57849255 0.08049130
vn -0.54117828 -0.84089708 -0.00426297
vn -0.54117828 -0.84089708 -0.00426297
vn -0.54117828 -0.84089708 -0.00426297
vn -0.51969865 -0.85384752 0.02928689
vn -0.51969865 -0.85384752 0.02928689
vn -0.51969865 -0.85384752 0.02928689
vn 0.06639653 -0.99714084 -0.03607842
vn 0.06639653 -0.99714084 -0.03607842
vn 0.06639653 -0.99714084 -0.03607842
vn -0.08885289 -0.99336833 0.07296939
vn -0.08885289 -0.99336833 0.07296939
vn -0.08885289 -0.99336833 0.07296939
vn 0.16089493 -0.98603019 0.04309621
vn 0.16089493 -0.98603019 0.04309621
vn 0.16089493 -0.98603019 0.04309621
vn 0.58063873 -0.81387466 -0.02160327
vn 0.58063873 -0.81387466 -0.02160327
vn 0.58063873 -0.81387466 -0.02160327
vn 0.50990891 -0.85763753 0.06671405
vn 0.50990891 -0.85763753 0.06671405
vn 0.50990891 -0.85763753 0.06671405
vn 0.92075302 -0.38629163 -0.05470505
vn 0.92075302 -0.38629163 -0.05470505
vn 0.92075302 -0.38629163 -0.05470505
vn 0.83797759 -0.53797318 0.09153363
vn 0.83797759 -0.53797318 0.09153363
vn 0.83797759 -0.53797318 0.09153363
vn 0.97688986 -0.18880525 0.10019368
vn 0.97688986 -0.18880525 0.10019368
vn 0.97688986 -0.18880525 0.10019368
vn -0.52394219 0.84438326 0.11181004
vn -0.52394219 0.84438326 0.11181004
vn -0.52394219 0.84438326 0.11181004
vn -0.31388751 0.84716433 0.42870413
vn -0.31388751 0.84716433 0.42870413
vn -0.31388751 0.84716433 0.42870413
vn 0.02002753 0.84949454 0.52721715
vn 0.02002753 0.84949454 0.52721715
vn 0.02002753 0.84949454 0.52721715
vn 0.30646655 0.84968769 0.42907934
vn 0.30646655 0.84968769 0.42907934
vn 0.30646655 0.84968769 0.42907934
vn 0.51834805 0.84451558 0.13456868
vn 0.51834805 0.84451558 0.13456868
vn 0.51834805 0.84451558 0.13456868
vn 0.45408908 0.84438325 -0.28428864
vn 0.45408908 0.84438325 -0.28428864
vn 0.45408908 0.84438325 -0.28428864
vn 0.14835722 0.84717493 -0.51018112
vn 0.14835722 0.84717493 -0.51018112
vn 0.14835722 0.84717493 -0.51018112
vn -0.19906986 0.84950583 -0.48858063
vn -0.19906986 0.84950583 -0.48858063
vn -0.19906986 0.84950583 -0.48858063
vn -0.44606619 0.84753178 -0.28760187
vn -0.44606619 0.84753178 -0.28760187
vn -0.44606619 0.84753178 -0.28760187
vn -0.00000033 1.00000000 -0.00000004
vn -0.00000033 1.00000000 -0.00000004
vn -0.00000033 1.00000000 -0.00000004
vn -0.00000033 1.00000000 -0.00000004
vn -0.00000033 1.00000000 -0.00000004
vn -0.00000033 1.00000000 -0.00000004
vn -0.00000033 1.00000000 -0.00000004
vn -0.00000033 1.00000000 -0.00000004
vn -0.00000033 1.00000000 -0.00000004
vn -0.00000033 1.00000000 -0.00000004
vn -0.00000033 1.00000000 -0.00000004
vn -0.00000033 1.00000000 -0.00000004
vn -0.00000033 1.00000000 -0.00000004
vn -0.00000033 1.00000000 -0.00000004
vn -0.00000033 1.00000000 -0.00000004
vn -0.00000033 1.00000000 -0.00000004
vn -0.00000033 1.00000000 -0.00000004
vn -0.00000033 1.00000000 -0.00000004
vn -0.00000033 1.00000000 -0.00000004
vn -0.00000033 1.00000000 -0.00000004
vn -0.00000033 1.00000000 -0.00000004
vn -0.00000033 1.00000000 -0.00000004
vn -0.00000033 1.00000000 -0.00000004
vn -0.00000033 1.00000000 -0.00000004
vn -0.00000033 1.00000000 -0.00000004
vn -0.00000033 1.00000000 -0.00000004
vn -0.00000033 1.00000000 -0.00000004
vn -0.00000033 1.00000000 -0.00000004
vn -0.00000033 1.00000000 -0.00000004
vn -0.00000033 1.00000000 -0.00000004
vn -0.00000033 1.00000000 -0.00000004
vn -0.00000033 1.00000000 -0.00000004
vn -0.00000033 1.00000000 -0.00000004
vn -0.00000033 1.00000000 -0.00000004
vn -0.00000033 1.00000000 -0.00000004
vn -0.00000033 1.00000000 -0.00000004
vn -0.00000033 1.00000000 -0.00000004
vn -0.00000033 1.00000000 -0.00000004
vn -0.00000033 1.00000000 -0.00000004
vn -0.00000033 1.00000000 -0.00000004
vn -0.00000121 1.00000000 -0.00000048
vn 0.00000320 1.00000000 0.00000104
vn -0.00000225 1.00000000 -0.00000250
vn -0.00000195 1.00000000 -0.00000110
vn -0.00000161 1.00000000 -0.00000061
vn -0.00000175 1.00000000 0.00000034
vn -0.00000128 1.00000000 -0.00000241
vn -0.00000375 1.00000000 0.00000301
vn -0.00000255 1.00000000 0.00000020
vn -0.00000461 1.00000000 0.00000392
vn -0.00000006 1.00000000 0.00000210
vn -0.00000571 1.00000000 0.00000521
vn 0.00001177 1.00000000 -0.00000435
vn 0.00000748 1.00000000 -0.00000301
vn 0.00000864 1.00000000 -0.00000342
vn 0.00001792 1.00000000 -0.00000288
vn 0.00001855 1.00000000 -0.00000276
vn 0.00000339 1.00000000 0.00000627
vn 0.00001684 1.00000000 0.00002106
vn 0.99731718 -0.02881826 -0.06729001
vn 0.99731718 -0.02881826 -0.06729001
vn 0.99731718 -0.02881826 -0.06729001
vn 0.92118550 -0.38647777 0.04530129
vn 0.92118550 -0.38647777 0.04530129
vn 0.92118550 -0.38647777 0.04530129
vn 0.89273734 -0.45057710 -0.00056157
vn 0.89273228 -0.45057454 -0.00341415
vn 0.89237596 -0.45128970 -0.00165807
vn 0.58076870 -0.81405683 0.00438178
vn 0.58076870 -0.81405683 0.00438178
vn 0.58076870 -0.81405683 0.00438178
vn 0.54785108 -0.83607870 -0.02883764
vn 0.54785108 -0.83607870 -0.02883764
vn 0.54785108 -0.83607870 -0.02883764
vn 0.06634802 -0.99640887 0.05260510
vn 0.06634802 -0.99640887 0.05260510
vn 0.06634802 -0.99640887 0.05260510
vn -0.05801977 -0.99692829 -0.05260893
vn -0.05801977 -0.99692829 -0.05260893
vn -0.05801977 -0.99692829 -0.05260893
vn -0.54094408 -0.84053318 0.02972333
vn -0.54094408 -0.84053318 0.02972333
vn -0.54094408 -0.84053318 0.02972333
vn -0.57444326 -0.81853516 -0.00389007
vn -0.57444326 -0.81853516 -0.00389007
vn -0.57444326 -0.81853516 -0.00389007
vn -0.88974650 -0.45643810 0.00392665
vn -0.88974650 -0.45643810 0.00392665
vn -0.88974650 -0.45643810 0.00392665
vn -0.89405824 -0.44795039 0.00056674
vn -0.89405505 -0.44794879 -0.00272950
vn -0.89405816 -0.44795035 -0.00070189
vn -0.99933481 -0.03627722 0.00372729
vn -0.99933481 -0.03627722 0.00372729
vn -0.99933481 -0.03627722 0.00372729
vn -0.99821471 -0.05613860 0.02039217
vn -0.99821471 -0.05613860 0.02039217
vn -0.99821471 -0.05613860 0.02039217
vn -0.91716497 0.39665619 -0.03837025
vn -0.91716497 0.39665619 -0.03837025
vn -0.91716497 0.39665619 -0.03837025
vn -0.83947487 0.54024614 0.05844700
vn -0.83947487 0.54024614 0.05844700
vn -0.83947487 0.54024614 0.05844700
vn -0.66184861 0.74767965 -0.05414382
vn -0.66184861 0.74767965 -0.05414382
vn -0.66184861 0.74767965 -0.05414382
vn -0.42950927 0.90030218 0.07055335
vn -0.42950927 0.90030218 0.07055335
vn -0.42950927 0.90030218 0.07055335
vn -0.08625392 0.99321868 -0.07795453
vn -0.08625392 0.99321868 -0.07795453
vn -0.08625392 0.99321868 -0.07795453
vn 0.07830715 0.99601631 0.04265550
vn 0.07830715 0.99601631 0.04265550
vn 0.07830715 0.99601631 0.04265550
vn 0.59024166 0.80673757 -0.02809387
vn 0.59024166 0.80673757 -0.02809387
vn 0.59024166 0.80673757 -0.02809387
vn 0.52384922 0.84967107 0.06034130
vn 0.52383810 0.84965304 0.06069068
vn 0.52384451 0.84966343 0.06048961
vn 0.85072243 0.52163098 -0.06459462
vn 0.85072243 0.52163098 -0.06459462
vn 0.85072243 0.52163098 -0.06459462
vn 0.95858353 0.26669204 0.09996490
vn 0.95858353 0.26669204 0.09996490
vn 0.95858353 0.26669204 0.09996490
vn 0.03726088 0.01603514 0.99917691
vn 0.03726088 0.01603514 0.99917691
vn 0.03726088 0.01603514 0.99917691
vn 0.06060651 0.00919854 0.99811935
vn 0.06060651 0.00919854 0.99811935
vn 0.06060651 0.00919854 0.99811935
vn 0.58172938 0.01400135 0.81326188
vn 0.58172938 0.01400135 0.81326188
vn 0.58172938 0.01400135 0.81326188
vn 0.61427037 0.00207841 0.78909289
vn 0.61427037 0.00207841 0.78909289
vn 0.61427037 0.00207841 0.78909289
vn 0.96776293 0.02782511 0.25032113
vn 0.96776293 0.02782511 0.25032113
vn 0.96776293 0.02782511 0.25032113
vn 0.98349903 0.00271438 0.18089306
vn 0.98349903 0.00271438 0.18089306
vn 0.98349903 0.00271438 0.18089306
vn 0.84790337 0.01960501 -0.52978818
vn 0.84885863 0.02027748 -0.52823086
vn 0.84816470 0.01978875 -0.52936288
vn 0.84914756 0.02048131 -0.52775840
vn 0.39145818 -0.00018103 -0.92019588
vn 0.39145818 -0.00018103 -0.92019588
vn 0.39145818 -0.00018103 -0.92019588
vn 0.27907946 0.03255448 -0.95971603
vn 0.27907946 0.03255448 -0.95971603
vn 0.27907946 0.03255448 -0.95971603
vn -0.22370931 -0.00517458 -0.97464217
vn -0.22370931 -0.00517458 -0.97464217
vn -0.22370931 -0.00517458 -0.97464217
vn -0.37650965 0.03081247 -0.92590015
vn -0.37650965 0.03081247 -0.92590015
vn -0.37650965 0.03081247 -0.92590015
vn -0.68621714 0.00065483 -0.72739646
vn -0.68621714 0.00065483 -0.72739646
vn -0.68621714 0.00065483 -0.72739646
vn -0.84046589 0.04507959 -0.53998603
vn -0.84046589 0.04507959 -0.53998603
vn -0.84046589 0.04507959 -0.53998603
vn -0.97995820 -0.01655726 -0.19851393
vn -0.97995820 -0.01655726 -0.19851393
vn -0.97995820 -0.01655726 -0.19851393
vn -0.97723008 0.04364636 0.20764480
vn -0.97723008 0.04364636 0.20764480
vn -0.97723008 0.04364636 0.20764480
vn -0.91838772 -0.00510704 0.39564872
vn -0.91838772 -0.00510704 0.39564872
vn -0.91838772 -0.00510704 0.39564872
vn -0.59059791 0.02318182 0.80663295
vn -0.59059791 0.02318182 0.80663295
vn -0.59059791 0.02318182 0.80663295
vn -0.54838692 0.00804093 0.83618606
vn -0.54838692 0.00804093 0.83618606
vn -0.54838692 0.00804093 0.83618606
vn 0.40257861 0.00476611 0.91537301
vn 0.40257861 0.00476611 0.91537301
vn 0.40257861 0.00476611 0.91537301
vn 0.43186027 -0.00393121 0.90193196
vn 0.43186027 -0.00393121 0.90193196
vn 0.43186027 -0.00393121 0.90193196
vn 0.80634649 0.00407713 0.59142938
vn 0.80634649 0.00407713 0.59142938
vn 0.80634649 0.00407713 0.59142938
vn 0.82344359 -0.00397266 0.56738423
vn 0.82344359 -0.00397266 0.56738423
vn 0.82344359 -0.00397266 0.56738423
vn 0.99867186 0.00499562 0.05127919
vn 0.99867186 0.00499562 0.05127919
vn 0.99867186 0.00499562 0.05127919
vn 0.99663132 0.01574946 0.08048582
vn 0.99663132 0.01574946 0.08048582
vn 0.99663132 0.01574946 0.08048582
vn 0.87470581 -0.03060966 -0.48368666
vn 0.87470581 -0.03060966 -0.48368666
vn 0.87470581 -0.03060966 -0.48368666
vn 0.78152326 0.02214622 -0.62348291
vn 0.78152326 0.02214622 -0.62348291
vn 0.78152326 0.02214622 -0.62348291
vn 0.38709579 0.00466592 -0.92202770
vn 0.38709579 0.00466592 -0.92202770
vn 0.38709579 0.00466592 -0.92202770
vn 0.27998814 -0.03184943 -0.95947499
vn 0.27998814 -0.03184943 -0.95947499
vn 0.27998814 -0.03184943 -0.95947499
vn -0.26318925 0.03164069 -0.96422523
vn -0.26318925 0.03164069 -0.96422523
vn -0.26318925 0.03164069 -0.96422523
vn -0.43016000 -0.02559608 -0.90238972
vn -0.43016000 -0.02559608 -0.90238972
vn -0.43016000 -0.02559608 -0.90238972
vn -0.85335072 0.01378447 -0.52115500
vn -0.85335072 0.01378447 -0.52115500
vn -0.85335072 0.01378447 -0.52115500
vn -0.89677453 -0.01107805 -0.44234909
vn -0.89677453 -0.01107805 -0.44234909
vn -0.89677453 -0.01107805 -0.44234909
vn -0.99873204 0.01405287 -0.04834074
vn -0.99873204 0.01405287 -0.04834074
vn -0.99873204 0.01405287 -0.04834074
vn -0.99532189 -0.01808738 0.09490623
vn -0.99532189 -0.01808738 0.09490623
vn -0.99532189 -0.01808738 0.09490623
vn -0.81636473 0.01648094 0.57730148
vn -0.81636473 0.01648094 0.57730148
vn -0.81636473 0.01648094 0.57730148
vn -0.77735238 -0.00732718 0.62902273
vn -0.77735238 -0.00732718 0.62902273
vn -0.77735238 -0.00732718 0.62902273
vn -0.17123482 0.00691430 0.98520598
vn -0.17123482 0.00691430 0.98520598
vn -0.17123482 0.00691430 0.98520598
vn -0.13666725 -0.00600386 0.99059882
vn -0.13666725 -0.00600386 0.99059882
vn -0.13666725 -0.00600386 0.99059882
vn 0.40258125 0.00408035 0.91537516
vn 0.40258125 0.00408035 0.91537516
vn 0.40258125 0.00408035 0.91537516
vn 0.42941876 -0.00397235 0.90309675
vn 0.42941876 -0.00397235 0.90309675
vn 0.42941876 -0.00397235 0.90309675
vn 0.82282983 0.00452886 0.56826980
vn 0.82282983 0.00452886 0.56826980
vn 0.82282983 0.00452886 0.56826980
vn 0.84052133 -0.00566066 0.54174888
vn 0.84052133 -0.00566066 0.54174888
vn 0.84052133 -0.00566066 0.54174888
vn 0.99996379 0.00510310 -0.00680980
vn 0.99996379 0.00510310 -0.00680980
vn 0.99996379 0.00510310 -0.00680980
vn 0.99156979 -0.02802001 -0.12650780
vn 0.99156979 -0.02802001 -0.12650780
vn 0.99156979 -0.02802001 -0.12650780
vn 0.88882944 0.02776134 -0.45739647
vn 0.88882944 0.02776134 -0.45739647
vn 0.88882944 0.02776134 -0.45739647
vn 0.59120941 -0.03129545 -0.80591068
vn 0.59120941 -0.03129545 -0.80591068
vn 0.59120941 -0.03129545 -0.80591068
vn 0.44498526 0.02174244 -0.89527392
vn 0.44498526 0.02174244 -0.89527392
vn 0.44498526 0.02174244 -0.89527392
vn -0.03614769 -0.01726158 -0.99919737
vn -0.03614769 -0.01726158 -0.99919737
vn -0.03614769 -0.01726158 -0.99919737
vn -0.26318921 0.03164521 -0.96422509
vn -0.26318921 0.03164521 -0.96422509
vn -0.26318921 0.03164521 -0.96422509
vn -0.48380607 -0.02166573 -0.87490701
vn -0.48380607 -0.02166573 -0.87490701
vn -0.48380607 -0.02166573 -0.87490701
vn -0.85335071 0.01378567 -0.52115499
vn -0.85335071 0.01378567 -0.52115499
vn -0.85335071 0.01378567 -0.52115499
vn -0.89677665 -0.01107776 -0.44234480
vn -0.89677665 -0.01107776 -0.44234480
vn -0.89677665 -0.01107776 -0.44234480
vn -0.99873206 0.01405290 -0.04834035
vn -0.99873206 0.01405290 -0.04834035
vn -0.99873206 0.01405290 -0.04834035
vn -0.98717287 -0.03191347 0.15643294
vn -0.98717287 -0.03191347 0.15643294
vn -0.98717287 -0.03191347 0.15643294
vn -0.81569082 0.04387230 0.57682208
vn -0.81569082 0.04387230 0.57682208
vn -0.81569082 0.04387230 0.57682208
vn -0.61537779 -0.03605109 0.78740745
vn -0.61537779 -0.03605109 0.78740745
vn -0.61537779 -0.03605109 0.78740745
vn -0.17119981 0.02123850 0.98500739
vn -0.17119981 0.02123850 0.98500739
vn -0.17119981 0.02123850 0.98500739
vn -0.07933658 -0.00397295 0.99683997
vn -0.07933658 -0.00397295 0.99683997
vn -0.07933658 -0.00397295 0.99683997
vn 0.32946073 -0.03075194 0.94366834
vn 0.32946073 -0.03075194 0.94366834
vn 0.32946073 -0.03075194 0.94366834
vn 0.47833961 0.02116207 0.87791992
vn 0.47833961 0.02116207 0.87791992
vn 0.47833961 0.02116207 0.87791992
vn 0.84085975 0.00578531 0.54122214
vn 0.84085975 0.00578531 0.54122214
vn 0.84085975 0.00578531 0.54122214
vn 0.89787136 -0.03143719 0.43913405
vn 0.89787136 -0.03143719 0.43913405
vn 0.89787136 -0.03143719 0.43913405
vn 0.99973558 0.02196512 -0.00680410
vn 0.99973558 0.02196512 -0.00680410
vn 0.99973558 0.02196512 -0.00680410
vn 0.95310622 -0.03191373 -0.30094858
vn 0.95310622 -0.03191373 -0.30094858
vn 0.95310622 -0.03191373 -0.30094858
vn 0.88910437 0.01234651 -0.45753795
vn 0.88910437 0.01234651 -0.45753795
vn 0.88910437 0.01234651 -0.45753795
vn 0.44508585 -0.00395897 -0.89547915
vn 0.44508585 -0.00395897 -0.89547915
vn 0.44508585 -0.00395897 -0.89547915
vn 0.43917692 -0.00667180 -0.89837582
vn 0.43917692 -0.00667180 -0.89837582
vn 0.43917692 -0.00667180 -0.89837582
vn -0.26331530 0.00662579 -0.96468707
vn -0.26331530 0.00662579 -0.96468707
vn -0.26331530 0.00662579 -0.96468707
vn -0.29690084 -0.00788909 -0.95487573
vn -0.29690084 -0.00788909 -0.95487573
vn -0.29690084 -0.00788909 -0.95487573
vn -0.85341329 0.00639737 -0.52119558
vn -0.85341329 0.00639737 -0.52119558
vn -0.85341329 0.00639737 -0.52119558
vn -0.89654332 -0.02279639 -0.44236907
vn -0.89654332 -0.02279639 -0.44236907
vn -0.89654332 -0.02279639 -0.44236907
vn -0.99857965 0.02241856 -0.04833314
vn -0.99857965 0.02241856 -0.04833314
vn -0.99857965 0.02241856 -0.04833314
vn -0.97097961 -0.02836386 0.23747439
vn -0.97097961 -0.02836386 0.23747439
vn -0.97097961 -0.02836386 0.23747439
vn -0.83291570 0.02830298 0.55267566
vn -0.83291570 0.02830298 0.55267566
vn -0.83291570 0.02830298 0.55267566
vn -0.70145340 -0.01809012 0.71248571
vn -0.70145340 -0.01809012 0.71248571
vn -0.70145340 -0.01809012 0.71248571
vn -0.25431255 0.01648184 0.96698163
vn -0.25229325 0.01571442 0.96752322
vn -0.25381577 0.01629300 0.96711535
vn -0.25160234 0.01545194 0.96770734
vn 0.26691400 -0.03590135 0.96305141
vn 0.26691400 -0.03590135 0.96305141
vn 0.26691400 -0.03590135 0.96305141
vn 0.47830507 0.02434676 0.87785620
vn 0.47830507 0.02434676 0.87785620
vn 0.47830507 0.02434676 0.87785620
vn 0.84074732 -0.01734575 0.54114977
vn 0.84074732 -0.01734575 0.54114977
vn 0.84074732 -0.01734575 0.54114977
vn 0.80644292 0.00496028 0.59129115
vn 0.80644292 0.00496028 0.59129115
vn 0.80644292 0.00496028 0.59129115
vn 0.99975764 -0.01342235 0.01745013
vn 0.99975764 -0.01342235 0.01745013
vn 0.99975764 -0.01342235 0.01745013
vn 0.99996567 -0.00471976 -0.00680981
vn 0.99996567 -0.00471976 -0.00680981
vn 0.99996567 -0.00471976 -0.00680981
vn 0.88889883 0.02479233 -0.45743218
vn 0.88889883 0.02479233 -0.45743218
vn 0.88889883 0.02479233 -0.45743218
vn 0.74306613 -0.03323518 -0.66839221
vn 0.74306613 -0.03323518 -0.66839221
vn 0.74306613 -0.03323518 -0.66839221
vn 0.44491218 0.02830199 -0.89512689
vn 0.44491218 0.02830199 -0.89512689
vn 0.44491218 0.02830199 -0.89512689
vn 0.21764397 -0.02590959 -0.97568427
vn 0.21764397 -0.02590959 -0.97568427
vn 0.21764397 -0.02590959 -0.97568427
vn -0.26318407 0.03225552 -0.96420627
vn -0.26318407 0.03225552 -0.96420627
vn -0.26318407 0.03225552 -0.96420627
vn -0.43301267 -0.02539432 -0.90103006
vn -0.43301267 -0.02539432 -0.90103006
vn -0.43301267 -0.02539432 -0.90103006
vn -0.85334965 0.01378584 -0.52115671
vn -0.85334965 0.01378584 -0.52115671
vn -0.85334965 0.01378584 -0.52115671
vn -0.90970031 -0.01946794 -0.41480881
vn -0.90970031 -0.01946794 -0.41480881
vn -0.90970031 -0.01946794 -0.41480881
vn -0.99857967 0.02241854 -0.04833275
vn -0.99857967 0.02241854 -0.04833275
vn -0.99857967 0.02241854 -0.04833275
vn -0.97097854 -0.02836422 0.23747872
vn -0.97097854 -0.02836422 0.23747872
vn -0.97097854 -0.02836422 0.23747872
vn -0.83291559 0.02830209 0.55267587
vn -0.83291559 0.02830209 0.55267587
vn -0.83291559 0.02830209 0.55267587
vn -0.72179847 -0.01163267 0.69200553
vn -0.72179847 -0.01163267 0.69200553
vn -0.72179847 -0.01163267 0.69200553
vn -0.35927706 -0.00320780 0.93322543
vn -0.35927706 -0.00320780 0.93322543
vn -0.35927706 -0.00320780 0.93322543
vn -0.25422581 0.03088033 0.96665177
vn -0.25422581 0.03088033 0.96665177
vn -0.25422581 0.03088033 0.96665177
vn 0.08186755 0.01190288 -0.99657214
vn 0.08186755 0.01190288 -0.99657214
vn 0.08186755 0.01190288 -0.99657214
vn 0.12447565 -0.02963653 -0.99177996
vn 0.12447565 -0.02963653 -0.99177996
vn 0.12447565 -0.02963653 -0.99177996
vn 0.39850299 0.02364925 -0.91686208
vn 0.39850299 0.02364925 -0.91686208
vn 0.39850299 0.02364925 -0.91686208
vn 0.43222485 -0.00617429 -0.90174473
vn 0.43222485 -0.00617429 -0.90174473
vn 0.43222485 -0.00617429 -0.90174473
vn 0.67238272 0.03533952 -0.73935959
vn 0.67238272 0.03533952 -0.73935959
vn 0.67238272 0.03533952 -0.73935959
vn 0.61711971 -0.01284624 -0.78676441
vn 0.61711971 -0.01284624 -0.78676441
vn 0.61711971 -0.01284624 -0.78676441
vn 0.87469610 0.03681001 -0.48327194
vn 0.87469610 0.03681001 -0.48327194
vn 0.87469610 0.03681001 -0.48327194
vn 0.81344392 -0.03548624 -0.58055982
vn 0.81344392 -0.03548624 -0.58055982
vn 0.81344392 -0.03548624 -0.58055982
vn 0.98375010 0.03758723 -0.17556461
vn 0.98375010 0.03758723 -0.17556461
vn 0.98375010 0.03758723 -0.17556461
vn 0.95530463 -0.03832537 -0.29312836
vn 0.95530463 -0.03832537 -0.29312836
vn 0.95530463 -0.03832537 -0.29312836
vn 0.98777401 0.03886873 0.15096932
vn 0.98777401 0.03886873 0.15096932
vn 0.98777401 0.03886873 0.15096932
vn 0.99902887 -0.03661025 0.02451529
vn 0.99902887 -0.03661025 0.02451529
vn 0.99902887 -0.03661025 0.02451529
vn 0.88626431 0.03973343 0.46147245
vn 0.88626431 0.03973343 0.46147245
vn 0.88626431 0.03973343 0.46147245
vn 0.94038254 -0.03834235 0.33795050
vn 0.94038254 -0.03834235 0.33795050
vn 0.94038254 -0.03834235 0.33795050
vn 0.68994753 0.04040409 0.72273087
vn 0.68994753 0.04040409 0.72273087
vn 0.68994753 0.04040409 0.72273087
vn 0.78283693 -0.03940116 0.62097817
vn 0.78283693 -0.03940116 0.62097817
vn 0.78283693 -0.03940116 0.62097817
vn 0.41962771 0.04140613 0.90675141
vn 0.41962771 0.04140613 0.90675141
vn 0.41962771 0.04140613 0.90675141
vn 0.54531255 -0.03698426 0.83741649
vn 0.54531255 -0.03698426 0.83741649
vn 0.54531255 -0.03698426 0.83741649
vn 0.09642182 0.03069285 0.99486722
vn 0.09642182 0.03069285 0.99486722
vn 0.09642182 0.03069285 0.99486722
vn 0.27391340 -0.02864234 0.96132776
vn 0.27391340 -0.02864234 0.96132776
vn 0.27391340 -0.02864234 0.96132776
vn 0.04232078 -0.01027234 0.99905127
vn 0.04232078 -0.01027234 0.99905127
vn 0.04232078 -0.01027234 0.99905127
vn -0.26374636 0.02906404 0.96415411
vn -0.26374636 0.02906404 0.96415411
vn -0.26374636 0.02906404 0.96415411
vn -0.22558520 0.00109175 0.97422283
vn -0.22558520 0.00109175 0.97422283
vn -0.22558520 0.00109175 0.97422283
vn -0.42511648 -0.02917203 0.90466843
vn -0.42511648 -0.02917203 0.90466843
vn -0.42511648 -0.02917203 0.90466843
vn -0.56242662 0.04087228 0.82583639
vn -0.56242662 0.04087228 0.82583639
vn -0.56242662 0.04087228 0.82583639
vn -0.67487703 -0.03821408 0.73694008
vn -0.67487703 -0.03821408 0.73694008
vn -0.67487703 -0.03821408 0.73694008
vn -0.79885924 0.04014404 0.60017694
vn -0.79885924 0.04014404 0.60017694
vn -0.79885924 0.04014404 0.60017694
vn -0.87375900 -0.03838518 0.48484202
vn -0.87375900 -0.03838518 0.48484202
vn -0.87375900 -0.03838518 0.48484202
vn -0.94980148 0.03930155 0.31037482
vn -0.94980148 0.03930155 0.31037482
vn -0.94980148 0.03930155 0.31037482
vn -0.98110816 -0.03336952 0.19056035
vn -0.98110816 -0.03336952 0.19056035
vn -0.98110816 -0.03336952 0.19056035
vn -0.99946114 0.03035712 -0.01248469
vn -0.99946114 0.03035712 -0.01248469
vn -0.99946114 0.03035712 -0.01248469
vn -0.99640240 -0.01743298 -0.08293586
vn -0.99640240 -0.01743298 -0.08293586
vn -0.99640240 -0.01743298 -0.08293586
vn -0.94238213 0.01728713 -0.33409142
vn -0.94238213 0.01728713 -0.33409142
vn -0.94238213 0.01728713 -0.33409142
vn -0.94891167 0.00028738 -0.31554170
vn -0.94891167 0.00028738 -0.31554170
vn -0.94891167 0.00028738 -0.31554170
vn -0.78442077 0.01879758 -0.61994411
vn -0.78442077 0.01879758 -0.61994411
vn -0.78442077 0.01879758 -0.61994411
vn -0.81115412 -0.01891276 -0.58452656
vn -0.81115412 -0.01891276 -0.58452656
vn -0.81115412 -0.01891276 -0.58452656
vn -0.54280562 0.01994665 -0.83962146
vn -0.54280562 0.01994665 -0.83962146
vn -0.54280562 0.01994665 -0.83962146
vn -0.58320102 -0.02093525 -0.81205805
vn -0.58320102 -0.02093525 -0.81205805
vn -0.58320102 -0.02093525 -0.81205805
vn -0.24348707 0.00381838 -0.96989663
vn -0.24348707 0.00381838 -0.96989663
vn -0.24348707 0.00381838 -0.96989663
vn -0.27186852 -0.02615148 -0.96197900
vn -0.27186852 -0.02615148 -0.96197900
vn -0.27186852 -0.02615148 -0.96197900
vn 0.20191360 0.69057244 -0.69450745
vn 0.20191360 0.69057244 -0.69450745
vn 0.20191360 0.69057244 -0.69450745
vn 0.20246144 0.65866661 -0.72468452
vn 0.20246144 0.65866661 -0.72468452
vn 0.20246144 0.65866661 -0.72468452
vn -0.30361545 0.70862567 -0.63692018
vn -0.30361545 0.70862567 -0.63692018
vn -0.30361545 0.70862567 -0.63692018
vn -0.33192135 0.66623409 -0.66780263
vn -0.33192135 0.66623409 -0.66780263
vn -0.33192135 0.66623409 -0.66780263
vn -0.63211235 0.71022165 -0.30986963
vn -0.63211235 0.71022165 -0.30986963
vn -0.63211235 0.71022165 -0.30986963
vn 0.62636995 0.69980984 -0.34340482
vn 0.62636995 0.69980984 -0.34340482
vn 0.62636995 0.69980984 -0.34340482
vn 0.60554971 0.72749052 -0.32259431
vn 0.60554971 0.72749052 -0.32259431
vn 0.60554971 0.72749052 -0.32259431
vn 0.30212183 0.72027404 0.62444192
vn 0.30212183 0.72027404 0.62444192
vn 0.30212183 0.72027404 0.62444192
vn 0.48156668 0.43348218 0.76169990
vn 0.48156668 0.43348218 0.76169990
vn 0.48156668 0.43348218 0.76169990
vn 0.42101656 0.85941198 0.29009672
vn 0.42101656 0.85941198 0.29009672
vn 0.42101656 0.85941198 0.29009672
vn 0.94978419 0.30352318 0.07605041
vn 0.94978419 0.30352318 0.07605041
vn 0.94978419 0.30352318 0.07605041
vn 0.73648676 0.66681294 0.11378824
vn 0.73648676 0.66681294 0.11378824
vn 0.73648676 0.66681294 0.11378824
vn -0.86815529 0.37714197 -0.32259931
vn -0.86815529 0.37714197 -0.32259931
vn -0.86815529 0.37714197 -0.32259931
vn -0.50266395 0.86323702 0.04637682
vn -0.50266395 0.86323702 0.04637682
vn -0.50266395 0.86323702 0.04637682
vn -0.77227589 0.11618713 0.62457226
vn -0.77227589 0.11618713 0.62457226
vn -0.77227589 0.11618713 0.62457226
vn -0.63380604 0.63776949 0.43765280
vn -0.63380604 0.63776949 0.43765280
vn -0.63380604 0.63776949 0.43765280
vn -0.09679924 0.70968915 0.69783323
vn -0.09679924 0.70968915 0.69783323
vn -0.09679924 0.70968915 0.69783323
vn -0.08863840 0.65776635 0.74798841
vn -0.08863840 0.65776635 0.74798841
vn -0.08863840 0.65776635 0.74798841
vn -0.90283314 0.40603083 0.14153192
vn -0.90283314 0.40603083 0.14153192
vn -0.90283314 0.40603083 0.14153192
vn -0.58699410 0.80916554 0.02624988
vn -0.58699410 0.80916554 0.02624988
vn -0.58699410 0.80916554 0.02624988
vn -0.71422450 0.35875861 0.60097889
vn -0.71422450 0.35875861 0.60097889
vn -0.71422450 0.35875861 0.60097889
vn -0.33491028 0.83665699 0.43340534
vn -0.33491028 0.83665699 0.43340534
vn -0.33491028 0.83665699 0.43340534
vn -0.29711886 0.78966223 -0.53679973
vn -0.29711886 0.78966223 -0.53679973
vn -0.29711886 0.78966223 -0.53679973
vn -0.71506680 0.36327232 -0.59725430
vn -0.71506680 0.36327232 -0.59725430
vn -0.71506680 0.36327232 -0.59725430
vn -0.50073762 0.83027797 -0.24474543
vn -0.50073762 0.83027797 -0.24474543
vn -0.50073762 0.83027797 -0.24474543
vn 0.32628712 0.83301353 -0.44679433
vn 0.32628712 0.83301353 -0.44679433
vn 0.32628712 0.83301353 -0.44679433
vn 0.41366460 0.35981722 -0.83630926
vn 0.41366460 0.35981722 -0.83630926
vn 0.41366460 0.35981722 -0.83630926
vn -0.02124266 0.80427203 -0.59388152
vn -0.02124266 0.80427203 -0.59388152
vn -0.02124266 0.80427203 -0.59388152
vn -0.22020315 0.51505221 -0.82839109
vn -0.22020315 0.51505221 -0.82839109
vn -0.22020315 0.51505221 -0.82839109
vn -0.06997965 0.49142968 0.86810121
vn -0.06997965 0.49142968 0.86810121
vn -0.06997965 0.49142968 0.86810121
vn -0.08087962 0.56602394 0.82041172
vn -0.08087962 0.56602394 0.82041172
vn -0.08087962 0.56602394 0.82041172
vn 0.26347696 0.78965044 0.55410475
vn 0.26347696 0.78965044 0.55410475
vn 0.26347696 0.78965044 0.55410475
vn 0.53659516 0.42847297 0.72696392
vn 0.53659516 0.42847297 0.72696392
vn 0.53659516 0.42847297 0.72696392
vn 0.46700907 0.83112254 0.30189046
vn 0.46700907 0.83112254 0.30189046
vn 0.46700907 0.83112254 0.30189046
vn 0.85994663 0.44886256 0.24292840
vn 0.85994663 0.44886256 0.24292840
vn 0.85994663 0.44886256 0.24292840
vn 0.55348813 0.82995862 -0.06942315
vn 0.55348813 0.82995862 -0.06942315
vn 0.55348813 0.82995862 -0.06942315
vn 0.80992385 0.53449354 -0.24153679
vn 0.80992385 0.53449354 -0.24153679
vn 0.80992385 0.53449354 -0.24153679
vn 0.22524741 0.85178395 -0.47299863
vn 0.22524741 0.85178395 -0.47299863
vn 0.22524741 0.85178395 -0.47299863
vn -0.27212640 0.39630828 -0.87686200
vn -0.27212640 0.39630828 -0.87686200
vn -0.27212640 0.39630828 -0.87686200
vn -0.19633980 0.63853009 -0.74413037
vn -0.19633980 0.63853009 -0.74413037
vn -0.19633980 0.63853009 -0.74413037
vn -0.63415135 0.70750461 -0.31191232
vn -0.63415135 0.70750461 -0.31191232
vn -0.63415135 0.70750461 -0.31191232
vn -0.67948143 0.65987843 -0.32072643
vn -0.67948143 0.65987843 -0.32072643
vn -0.67948143 0.65987843 -0.32072643
vn -0.68332998 0.71029537 0.16893970
vn -0.68332998 0.71029537 0.16893970
vn -0.68332998 0.71029537 0.16893970
vn 0.49818744 0.83386563 0.23764972
vn 0.49818744 0.83386563 0.23764972
vn 0.49818744 0.83386563 0.23764972
vn 0.10790071 0.96635445 0.23348773
vn 0.10790071 0.96635445 0.23348773
vn 0.10790071 0.96635445 0.23348773
vn 0.92605451 0.36894107 -0.07940742
vn 0.92605451 0.36894107 -0.07940742
vn 0.92605451 0.36894107 -0.07940742
vn 0.52355013 0.83687471 -0.15979980
vn 0.52355013 0.83687471 -0.15979980
vn 0.52355013 0.83687471 -0.15979980
vn 0.63316028 0.11921914 -0.76478419
vn 0.63316028 0.11921914 -0.76478419
vn 0.63316028 0.11921914 -0.76478419
vn 0.61905453 0.60931337 0.49548835
vn 0.61905453 0.60931337 0.49548835
vn 0.61905453 0.60931337 0.49548835
vn -0.82478309 0.49754933 0.26865875
vn -0.82478309 0.49754933 0.26865875
vn -0.82478309 0.49754933 0.26865875
vn -0.38547535 0.83652692 0.38939885
vn -0.38547535 0.83652692 0.38939885
vn -0.38547535 0.83652692 0.38939885
vn -0.40252676 0.33886443 0.85037822
vn -0.40252676 0.33886443 0.85037822
vn -0.40252676 0.33886443 0.85037822
vn -0.15931767 0.77406302 0.61273511
vn -0.15931767 0.77406302 0.61273511
vn -0.15931767 0.77406302 0.61273511
vn 0.25561626 0.61357291 0.74712021
vn 0.25561626 0.61357291 0.74712021
vn 0.25561626 0.61357291 0.74712021
vn 0.17369024 0.76544205 0.61962099
vn 0.17369024 0.76544205 0.61962099
vn 0.17369024 0.76544205 0.61962099
vn -0.43242800 0.80285873 0.41039480
vn -0.43242800 0.80285873 0.41039480
vn -0.43242800 0.80285873 0.41039480
vn -0.46484398 0.59815329 0.65278841
vn -0.46484398 0.59815329 0.65278841
vn -0.46484398 0.59815329 0.65278841
vn -0.29908564 0.72964526 -0.61495169
vn -0.29908564 0.72964526 -0.61495169
vn -0.29908564 0.72964526 -0.61495169
vn -0.34167725 0.66957781 -0.65948633
vn -0.34167725 0.66957781 -0.65948633
vn -0.34167725 0.66957781 -0.65948633
vn -0.64196689 0.70865191 -0.29273023
vn -0.64196689 0.70865191 -0.29273023
vn -0.64196689 0.70865191 -0.29273023
vn -0.68357291 0.66618904 -0.29819495
vn -0.68357291 0.66618904 -0.29819495
vn -0.68357291 0.66618904 -0.29819495
vn -0.68333871 0.71028570 0.16894505
vn -0.68333871 0.71028570 0.16894505
vn -0.68333871 0.71028570 0.16894505
vn -0.75221008 0.62300824 0.21457101
vn -0.75221008 0.62300824 0.21457101
vn -0.75221008 0.62300824 0.21457101
vn 0.85902933 0.48710407 0.15747457
vn 0.85902933 0.48710407 0.15747457
vn 0.85902933 0.48710407 0.15747457
vn 0.57106053 0.82080734 0.01285254
vn 0.57106053 0.82080734 0.01285254
vn 0.57106053 0.82080734 0.01285254
vn 0.75100137 0.40652038 -0.52032502
vn 0.75100137 0.40652038 -0.52032502
vn 0.75100137 0.40652038 -0.52032502
vn 0.46419143 0.77989617 -0.41986698
vn 0.46419143 0.77989617 -0.41986698
vn 0.46419143 0.77989617 -0.41986698
vn 0.17290322 0.62863473 -0.75823667
vn 0.17290322 0.62863473 -0.75823667
vn 0.17290322 0.62863473 -0.75823667
vn 0.17390579 0.64503565 -0.74410065
vn 0.17390579 0.64503565 -0.74410065
vn 0.17390579 0.64503565 -0.74410065
vn -0.20150559 0.82747517 0.52409955
vn -0.20150559 0.82747517 0.52409955
vn -0.20150559 0.82747517 0.52409955
vn 0.07603868 0.34974425 0.93375429
vn 0.07603868 0.34974425 0.93375429
vn 0.07603868 0.34974425 0.93375429
vn 0.15582915 0.81214957 0.56225470
vn 0.15582915 0.81214957 0.56225470
vn 0.15582915 0.81214957 0.56225470
vn 0.60397196 0.51242662 0.61043986
vn 0.60397196 0.51242662 0.61043986
vn 0.60397196 0.51242662 0.61043986
vn 0.49129880 0.79408283 0.35785185
vn 0.49129880 0.79408283 0.35785185
vn 0.49129880 0.79408283 0.35785185
vn -0.15162124 0.74592849 0.64853811
vn -0.15162124 0.74592849 0.64853811
vn -0.15162124 0.74592849 0.64853811
vn -0.29675715 0.66107016 0.68914544
vn -0.29675715 0.66107016 0.68914544
vn -0.29675715 0.66107016 0.68914544
vn -0.29945207 0.71596618 0.63065116
vn -0.29945207 0.71596618 0.63065116
vn -0.29945207 0.71596618 0.63065116
vn -0.49716380 0.68328069 0.53474822
vn -0.49716380 0.68328069 0.53474822
vn -0.49716380 0.68328069 0.53474822
vn -0.50677056 0.65957347 0.55510939
vn -0.50677056 0.65957347 0.55510939
vn -0.50677056 0.65957347 0.55510939
vn -0.55158880 0.77592714 0.30608311
vn -0.55158880 0.77592714 0.30608311
vn -0.55158880 0.77592714 0.30608311
vn -0.79854248 0.52042041 0.30247728
vn -0.79854248 0.52042041 0.30247728
vn -0.79854248 0.52042041 0.30247728
vn -0.61407528 0.78063691 0.11626506
vn -0.61407528 0.78063691 0.11626506
vn -0.61407528 0.78063691 0.11626506
vn -0.74095545 0.66908905 -0.05748799
vn -0.74095545 0.66908905 -0.05748799
vn -0.74095545 0.66908905 -0.05748799
vn -0.76245917 0.64348270 -0.06772020
vn -0.76245917 0.64348270 -0.06772020
vn -0.76245917 0.64348270 -0.06772020
vn -0.62047811 0.75625545 -0.20756833
vn -0.62047811 0.75625545 -0.20756833
vn -0.62047811 0.75625545 -0.20756833
vn -0.70597138 0.62400597 -0.33499397
vn -0.70597138 0.62400597 -0.33499397
vn -0.70597138 0.62400597 -0.33499397
vn -0.51472790 0.77298300 -0.37088067
vn -0.51472790 0.77298300 -0.37088067
vn -0.51472790 0.77298300 -0.37088067
vn -0.56421655 0.62017734 -0.54501354
vn -0.56421655 0.62017734 -0.54501354
vn -0.56421655 0.62017734 -0.54501354
vn -0.36453450 0.77935451 -0.50962844
vn -0.36453450 0.77935451 -0.50962844
vn -0.36453450 0.77935451 -0.50962844
vn -0.35175648 0.63783603 -0.68515150
vn -0.35175648 0.63783603 -0.68515150
vn -0.35175648 0.63783603 -0.68515150
vn -0.16958790 0.78664631 -0.59365607
vn -0.16958790 0.78664631 -0.59365607
vn -0.16958790 0.78664631 -0.59365607
vn -0.12732500 0.63419632 -0.76261614
vn -0.12732500 0.63419632 -0.76261614
vn -0.12732500 0.63419632 -0.76261614
vn 0.09385963 0.73906817 -0.66705968
vn 0.09385963 0.73906817 -0.66705968
vn 0.09385963 0.73906817 -0.66705968
vn 0.08742706 0.70798323 -0.70079687
vn 0.08742706 0.70798323 -0.70079687
vn 0.08742706 0.70798323 -0.70079687
vn 0.31714991 0.69280652 -0.64763806
vn 0.31714991 0.69280652 -0.64763806
vn 0.31714991 0.69280652 -0.64763806
vn 0.31816842 0.67826995 -0.66235846
vn 0.31816842 0.67826995 -0.66235846
vn 0.31816842 0.67826995 -0.66235846
vn 0.41261185 0.74296921 -0.52701824
vn 0.41261185 0.74296921 -0.52701824
vn 0.41261185 0.74296921 -0.52701824
vn 0.55681499 0.61158845 -0.56206461
vn 0.55681499 0.61158845 -0.56206461
vn 0.55681499 0.61158845 -0.56206461
vn 0.52239142 0.76843404 -0.36961647
vn 0.52239142 0.76843404 -0.36961647
vn 0.52239142 0.76843404 -0.36961647
vn 0.70630867 0.61431062 -0.35178193
vn 0.70630867 0.61431062 -0.35178193
vn 0.70630867 0.61431062 -0.35178193
vn 0.60209605 0.77587958 -0.18839115
vn 0.60209605 0.77587958 -0.18839115
vn 0.60209605 0.77587958 -0.18839115
vn 0.81774850 0.57075792 -0.07431545
vn 0.81774850 0.57075792 -0.07431545
vn 0.81774850 0.57075792 -0.07431545
vn 0.64115579 0.76719552 0.01817371
vn 0.64115579 0.76719552 0.01817371
vn 0.64115579 0.76719552 0.01817371
vn 0.70632366 0.66080838 0.25384871
vn 0.70632366 0.66080838 0.25384871
vn 0.70632366 0.66080838 0.25384871
vn 0.68594072 0.68750950 0.23836110
vn 0.68594072 0.68750950 0.23836110
vn 0.68594072 0.68750950 0.23836110
vn 0.54336985 0.72203106 0.42827604
vn 0.54336985 0.72203106 0.42827604
vn 0.54336985 0.72203106 0.42827604
vn 0.55545311 0.69956007 0.44954148
vn 0.55545311 0.69956007 0.44954148
vn 0.55545311 0.69956007 0.44954148
vn 0.40050392 0.69038500 0.60246590
vn 0.40050392 0.69038500 0.60246590
vn 0.40050392 0.69038500 0.60246590
vn 0.38033295 0.71379676 0.58808251
vn 0.38033295 0.71379676 0.58808251
vn 0.38033295 0.71379676 0.58808251
vn 0.19251847 0.71589921 0.67113707
vn 0.19251847 0.71589921 0.67113707
vn 0.19251847 0.71589921 0.67113707
vn 0.18415080 0.67241662 0.71689914
vn 0.18415080 0.67241662 0.71689914
vn 0.18415080 0.67241662 0.71689914
vn 0.02917967 0.75032507 0.66042474
vn 0.02917967 0.75032507 0.66042474
vn 0.02917967 0.75032507 0.66042474
vn -0.05756532 0.60618341 0.79323887
vn -0.05756532 0.60618341 0.79323887
vn -0.05756532 0.60618341 0.79323887
vn 0.99801055 -0.06304683 -0.00020302
vn 0.99801055 -0.06304683 -0.00020302
vn 0.99801055 -0.06304683 -0.00020302
vn 0.89163839 -0.45274795 -0.00052946
vn 0.89092253 -0.45415233 -0.00164423
vn 0.54807636 -0.83642250 0.00311639
vn 0.54807636 -0.83642250 0.00311639
vn 0.54807636 -0.83642250 0.00311639
vn 0.56788914 -0.82266488 0.02691492
vn 0.56788914 -0.82266488 0.02691492
vn 0.56788914 -0.82266488 0.02691492
vn 0.11112679 -0.99304282 -0.03894598
vn 0.11112679 -0.99304282 -0.03894598
vn 0.11112679 -0.99304282 -0.03894598
vn -0.05799867 -0.99656573 0.05910077
vn -0.05799867 -0.99656573 0.05910077
vn -0.05799867 -0.99656573 0.05910077
vn -0.22299235 -0.97475348 -0.01140439
vn -0.22299235 -0.97475348 -0.01140439
vn -0.22299235 -0.97475348 -0.01140439
vn -0.57397091 -0.81786212 0.04073021
vn -0.57397091 -0.81786212 0.04073021
vn -0.57397091 -0.81786212 0.04073021
vn -0.62179109 -0.78318187 -0.00141653
vn -0.62179109 -0.78318187 -0.00141653
vn -0.62179109 -0.78318187 -0.00141653
vn -0.89405537 -0.44794895 0.00259412
vn -0.89583063 -0.44439558 -0.00020395
vn -0.89583063 -0.44439558 -0.00020395
vn -0.89583063 -0.44439558 -0.00020395
vn -0.99842162 -0.05615024 0.00119170
vn -0.99842162 -0.05615024 0.00119170
vn -0.99842162 -0.05615024 0.00119170
vn -0.95967577 -0.24571680 0.13654916
vn -0.95967577 -0.24571680 0.13654916
vn -0.95967577 -0.24571680 0.13654916
vn -0.95518231 0.28984505 -0.06013826
vn -0.95518231 0.28984505 -0.06013826
vn -0.95518231 0.28984505 -0.06013826
vn -0.91761025 0.39684877 0.02241641
vn -0.91761025 0.39684877 0.02241641
vn -0.91761025 0.39684877 0.02241641
vn -0.66258684 0.74851362 0.02657124
vn -0.66258684 0.74851362 0.02657124
vn -0.66258684 0.74851362 0.02657124
vn -0.61630366 0.78712292 -0.02464367
vn -0.61630366 0.78712292 -0.02464367
vn -0.61630366 0.78712292 -0.02464367
vn -0.25481177 0.96672613 -0.02261768
vn -0.25481177 0.96672613 -0.02261768
vn -0.25481177 0.96672613 -0.02261768
vn -0.08626617 0.99335971 0.07612251
vn -0.08626617 0.99335971 0.07612251
vn -0.08626617 0.99335971 0.07612251
vn 0.15222061 0.98655324 -0.05951134
vn 0.15222061 0.98655324 -0.05951134
vn 0.15222061 0.98655324 -0.05951134
vn 0.52385550 0.84968126 0.06014287
vn 0.66778459 0.74323059 -0.04089049
vn 0.66778459 0.74323059 -0.04089049
vn 0.66778459 0.74323059 -0.04089049
vn 0.85174058 0.52225527 0.04227781
vn 0.85174058 0.52225527 0.04227781
vn 0.85174058 0.52225527 0.04227781
vn 0.91975795 0.39021253 -0.04218399
vn 0.91975795 0.39021253 -0.04218399
vn 0.91975795 0.39021253 -0.04218399
vn 0.99929778 -0.02887549 0.02387774
vn 0.99929778 -0.02887549 0.02387774
vn 0.99929778 -0.02887549 0.02387774
vn -0.00668936 0.99984767 0.01612083
vn -0.00668936 0.99984767 0.01612083
vn -0.00668936 0.99984767 0.01612083
vn -0.00180566 0.99968549 0.02501322
vn -0.00180566 0.99968549 0.02501322
vn -0.00180566 0.99968549 0.02501322
vn -0.00535736 0.99939041 0.03449794
vn -0.00535736 0.99939041 0.03449794
vn -0.00535736 0.99939041 0.03449794
vn 0.00687326 0.99996082 0.00557883
vn 0.00687326 0.99996082 0.00557883
vn 0.00687326 0.99996082 0.00557883
vn -0.01261678 0.99990932 -0.00470745
vn -0.01261678 0.99990932 -0.00470745
vn -0.01261678 0.99990932 -0.00470745
vn -0.00813342 0.99993523 0.00796190
vn -0.00813342 0.99993523 0.00796190
vn -0.00813342 0.99993523 0.00796190
vn -0.00571502 0.99976574 -0.02087610
vn -0.00710594 0.99985576 -0.01542601
vn -0.00611971 0.99979519 -0.01929053
vn 0.00822615 0.99996608 0.00042072
vn 0.00769929 0.99996939 -0.00139342
vn 0.00811090 0.99996705 0.00033672
vn 0.00869566 0.99995829 0.00279486
vn -0.02285228 0.99939381 -0.02626365
vn -0.02285228 0.99939381 -0.02626365
vn -0.02285228 0.99939381 -0.02626365
vn -0.00503445 0.99971017 -0.02354227
vn -0.01476928 0.99949848 -0.02801190
vn -0.01476928 0.99949848 -0.02801190
vn -0.01476928 0.99949848 -0.02801190
vn 0.00756587 0.99981408 -0.01773567
vn 0.00663756 0.99981523 -0.01803995
vn 0.00663756 0.99981523 -0.01803995
vn 0.00241230 0.99896429 -0.04543711
vn 0.00241230 0.99896429 -0.04543711
vn 0.00241230 0.99896429 -0.04543711
vn 0.01310476 0.99978739 -0.01591975
vn 0.01310476 0.99978739 -0.01591975
vn 0.01510845 0.99979847 -0.01321933
vn 0.01510845 0.99979847 -0.01321933
vn 0.01510845 0.99979847 -0.01321933
vn -0.00022315 0.99999990 0.00038629
vn -0.00083806 0.99999953 0.00048559
vn 0.00001824 1.00000000 0.00005912
vn -0.00074596 0.99999972 -0.00007394
vn -0.00019303 0.99999996 -0.00019607
vn -0.00039770 0.99999980 0.00050112
vn -0.00039943 0.99999981 0.00047846
vn 0.01707586 0.99971100 -0.01692140
vn 0.01707586 0.99971100 -0.01692140
vn 0.01707586 0.99971100 -0.01692140
vn 0.00054269 0.99999976 -0.00042334
vn 0.00037799 0.99999993 0.00005431
vn 0.00130521 0.99999858 -0.00106679
vn 0.00131618 0.99999894 -0.00062481
vn -0.01142021 0.99992479 -0.00447153
vn -0.01142021 0.99992479 -0.00447153
vn -0.01142021 0.99992479 -0.00447153
vn 0.00744251 0.99996492 -0.00384264
vn 0.00744251 0.99996492 -0.00384264
vn -0.00020365 0.99999985 -0.00051691
vn -0.00020365 0.99999985 -0.00051691
vn -0.00020365 0.99999985 -0.00051691
vn 0.00012749 0.99999997 0.00020625
vn -0.00008273 0.99999999 0.00012454
vn -0.00020579 0.99999998 0.00000976
vn -0.00110142 0.99999915 0.00069215
vn 0.00031656 0.99999995 0.00003705
vn 0.00016210 0.99999997 0.00016736
vn 0.00018982 0.99999997 0.00014344
vn -0.00006005 1.00000000 -0.00001773
vn 0.00166619 0.99999861 0.00006709
vn -0.00270287 0.99999247 -0.00278315
vn -0.00036067 0.99999971 -0.00067013
vn -0.00055849 0.99999947 -0.00086148
vn -0.00012202 0.99999989 -0.00045627
vn -0.00007444 1.00000000 0.00000588
vn -0.00517905 0.99997208 -0.00538730
vn -0.00517905 0.99997208 -0.00538730
vn -0.00517905 0.99997208 -0.00538730
vn -0.00181603 0.99999822 0.00050463
vn -0.00055883 0.99999982 -0.00020537
vn -0.00068060 0.99999977 -0.00005973
vn -0.00263089 0.99999614 0.00089151
vn 0.01432639 0.99983092 0.01152720
vn 0.01432639 0.99983092 0.01152720
vn 0.01432639 0.99983092 0.01152720
vn 0.00016096 0.99999986 0.00051295
vn 0.00011006 0.99999986 0.00051840
vn -0.00023383 0.99999996 0.00015888
vn -0.00003657 0.99999999 0.00012722
vn 0.05491925 0.99644328 0.06391133
vn 0.05491925 0.99644328 0.06391133
vn 0.05491925 0.99644328 0.06391133
vn 0.00004563 0.99999999 -0.00009665
vn 0.00053378 0.99999985 0.00007293
vn 0.00085107 0.99999766 0.00198980
vn 0.00058257 0.99999911 0.00120438
vn 0.00115823 0.99999018 0.00427694
vn -0.00039604 0.99999992 -0.00009424
vn -0.00011650 0.99999999 -0.00004039
vn -0.00060007 0.99999977 -0.00031031
vn -0.00082094 0.99999962 -0.00030832
vn -0.00183685 0.99999810 -0.00066010
vn -0.00002145 0.99999999 0.00014629
vn -0.00008952 0.99999993 0.00036148
vn 0.00022632 0.99999993 0.00029906
vn 0.00008027 0.99999987 0.00050484
vn 0.00054143 0.99999968 0.00058393
vn -0.00005513 1.00000000 -0.00003105
vn 0.00002414 1.00000000 0.00001293
vn 0.00012963 0.99999998 -0.00014886
vn 0.00021847 0.99999993 -0.00029526
vn 0.00037651 0.99999984 -0.00041902
vn -0.01370815 0.99981994 0.01312143
vn -0.01370815 0.99981994 0.01312143
vn -0.01370815 0.99981994 0.01312143
vn -0.00046139 0.99999988 0.00014905
vn -0.00036321 0.99999992 -0.00019020
vn -0.00024532 0.99999997 -0.00006364
vn -0.04572967 0.99787571 0.04639902
vn -0.04572967 0.99787571 0.04639902
vn -0.04572967 0.99787571 0.04639902
vn -0.00009431 0.99999999 0.00012910
vn 0.00003512 1.00000000 0.00003061
vn 0.00006308 0.99999998 0.00017852
vn -0.00016916 0.99999961 0.00087014
vn -0.00012820 0.99999968 0.00078853
vn 0.23896127 0.64293290 0.72769142
vn 0.23896127 0.64293290 0.72769142
vn 0.23896127 0.64293290 0.72769142
vn 0.37650094 0.68353003 0.62532691
vn 0.37650094 0.68353003 0.62532691
vn 0.37650094 0.68353003 0.62532691
vn 0.30910633 0.76845062 0.56030074
vn 0.30910633 0.76845062 0.56030074
vn 0.30910633 0.76845062 0.56030074
vn 0.47776137 0.71319215 0.51293375
vn 0.47776137 0.71319215 0.51293375
vn 0.47776137 0.71319215 0.51293375
vn 0.45494840 0.76070502 0.46297930
vn 0.45494840 0.76070502 0.46297930
vn 0.45494840 0.76070502 0.46297930
vn 0.61233205 0.78790969 0.06517495
vn 0.61233205 0.78790969 0.06517495
vn 0.61233205 0.78790969 0.06517495
vn 0.83747379 0.45876186 0.29694310
vn 0.83747379 0.45876186 0.29694310
vn 0.83747379 0.45876186 0.29694310
vn 0.49441149 0.82399492 0.27674836
vn 0.49441149 0.82399492 0.27674836
vn 0.49441149 0.82399492 0.27674836
vn 0.62679522 0.62970498 0.45891110
vn 0.62679522 0.62970498 0.45891110
vn 0.62679522 0.62970498 0.45891110
vn 0.62604774 0.77662981 0.07007402
vn 0.62604774 0.77662981 0.07007402
vn 0.62604774 0.77662981 0.07007402
vn 0.77437325 0.62972743 -0.06155833
vn 0.77437325 0.62972743 -0.06155833
vn 0.77437325 0.62972743 -0.06155833
vn 0.55517732 0.82400412 -0.11311656
vn 0.55517732 0.82400412 -0.11311656
vn 0.55517732 0.82400412 -0.11311656
vn 0.82826039 0.45873532 -0.32178661
vn 0.82826039 0.45873532 -0.32178661
vn 0.82826039 0.45873532 -0.32178661
vn 0.45855924 0.81738120 -0.34872827
vn 0.45855924 0.81738120 -0.34872827
vn 0.45855924 0.81738120 -0.34872827
vn 0.58929341 0.69360828 -0.41429559
vn 0.58929341 0.69360828 -0.41429559
vn 0.58929341 0.69360828 -0.41429559
vn 0.20155641 0.78252149 -0.58909688
vn 0.20155641 0.78252149 -0.58909688
vn 0.20155641 0.78252149 -0.58909688
vn 0.48995952 0.51893758 -0.70045946
vn 0.48995952 0.51893758 -0.70045946
vn 0.48995952 0.51893758 -0.70045946
vn 0.39957948 0.79187545 -0.46181112
vn 0.39957948 0.79187545 -0.46181112
vn 0.39957948 0.79187545 -0.46181112
vn 0.23060987 0.73226683 -0.64078419
vn 0.23060987 0.73226683 -0.64078419
vn 0.23060987 0.73226683 -0.64078419
vn 0.01213674 0.68795308 -0.72565368
vn 0.01213674 0.68795308 -0.72565368
vn 0.01213674 0.68795308 -0.72565368
vn -0.01014291 0.77907345 -0.62685061
vn -0.01014291 0.77907345 -0.62685061
vn -0.01014291 0.77907345 -0.62685061
vn -0.20958062 0.59378188 -0.77685201
vn -0.20958062 0.59378188 -0.77685201
vn -0.20958062 0.59378188 -0.77685201
vn -0.20387798 0.79635254 -0.56943516
vn -0.20387798 0.79635254 -0.56943516
vn -0.20387798 0.79635254 -0.56943516
vn -0.44192598 0.62164979 -0.64672480
vn -0.44192598 0.62164979 -0.64672480
vn -0.44192598 0.62164979 -0.64672480
vn -0.39624868 0.74499634 -0.53662597
vn -0.39624868 0.74499634 -0.53662597
vn -0.39624868 0.74499634 -0.53662597
vn -0.77787855 0.61832568 -0.11215306
vn -0.77787855 0.61832568 -0.11215306
vn -0.77787855 0.61832568 -0.11215306
vn -0.61326993 0.75603874 -0.22870377
vn -0.61326993 0.75603874 -0.22870377
vn -0.61326993 0.75603874 -0.22870377
vn -0.66362166 0.69901639 -0.26642518
vn -0.66362166 0.69901639 -0.26642518
vn -0.66362166 0.69901639 -0.26642518
vn -0.56688851 0.71696425 -0.40570886
vn -0.56688851 0.71696425 -0.40570886
vn -0.56688851 0.71696425 -0.40570886
vn -0.59678545 0.66765761 -0.44506229
vn -0.59678545 0.66765761 -0.44506229
vn -0.59678545 0.66765761 -0.44506229
vn -0.45575954 0.77027363 -0.44605131
vn -0.45575954 0.77027363 -0.44605131
vn -0.45575954 0.77027363 -0.44605131
vn -0.65856359 0.63755458 0.39977262
vn -0.65856359 0.63755458 0.39977262
vn -0.65856359 0.63755458 0.39977262
vn -0.60699414 0.76732380 0.20681464
vn -0.60699414 0.76732380 0.20681464
vn -0.60699414 0.76732380 0.20681464
vn -0.60345663 0.77022539 0.20638059
vn -0.60345663 0.77022539 0.20638059
vn -0.60345663 0.77022539 0.20638059
vn -0.83334112 0.54753305 0.07582968
vn -0.83334112 0.54753305 0.07582968
vn -0.83334112 0.54753305 0.07582968
vn -0.60107994 0.79872563 -0.02720787
vn -0.60107994 0.79872563 -0.02720787
vn -0.60107994 0.79872563 -0.02720787
vn -0.52302883 0.72865303 0.44216017
vn -0.52302883 0.72865303 0.44216017
vn -0.52302883 0.72865303 0.44216017
vn -0.48895353 0.78357236 0.38332598
vn -0.48895353 0.78357236 0.38332598
vn -0.48895353 0.78357236 0.38332598
vn -0.43407963 0.71099129 0.55323255
vn -0.43407963 0.71099129 0.55323255
vn -0.43407963 0.71099129 0.55323255
vn -0.42159910 0.74004607 0.52400955
vn -0.42159910 0.74004607 0.52400955
vn -0.42159910 0.74004607 0.52400955
vn -0.39566710 0.59008134 0.70374111
vn -0.39566710 0.59008134 0.70374111
vn -0.39566710 0.59008134 0.70374111
vn 0.13098705 0.77870461 0.61356461
vn 0.13098705 0.77870461 0.61356461
vn 0.13098705 0.77870461 0.61356461
vn 0.11384845 0.70144093 0.70357597
vn 0.11384845 0.70144093 0.70357597
vn 0.11384845 0.70144093 0.70357597
vn -0.03695593 0.71681351 0.69628490
vn -0.03695593 0.71681351 0.69628490
vn -0.03695593 0.71681351 0.69628490
vn -0.03926110 0.70958603 0.70352415
vn -0.03926110 0.70958603 0.70352415
vn -0.03926110 0.70958603 0.70352415
vn -0.20913089 0.68137324 0.70142339
vn -0.20913089 0.68137324 0.70142339
vn -0.20913089 0.68137324 0.70142339
vn -0.20343453 0.80583188 0.55610195
vn -0.20343453 0.80583188 0.55610195
vn -0.20343453 0.80583188 0.55610195
vn -0.18706635 -0.04010186 0.98152841
vn -0.18706635 -0.04010186 0.98152841
vn -0.18706635 -0.04010186 0.98152841
vn -0.28728842 0.03823225 0.95708080
vn -0.28728842 0.03823225 0.95708080
vn -0.28728842 0.03823225 0.95708080
vn -0.41239231 -0.03953246 0.91014821
vn -0.41239231 -0.03953246 0.91014821
vn -0.41239231 -0.03953246 0.91014821
vn -0.48777138 0.02549390 0.87259908
vn -0.48777138 0.02549390 0.87259908
vn -0.48777138 0.02549390 0.87259908
vn -0.62020643 -0.01903730 0.78420760
vn -0.62020643 -0.01903730 0.78420760
vn -0.62020643 -0.01903730 0.78420760
vn -0.63211030 -0.03879551 0.77390663
vn -0.63211030 -0.03879551 0.77390663
vn -0.63211030 -0.03879551 0.77390663
vn -0.76063293 0.04406078 0.64768525
vn -0.76063293 0.04406078 0.64768525
vn -0.76063293 0.04406078 0.64768525
vn -0.85411277 -0.05132414 0.51754923
vn -0.85411277 -0.05132414 0.51754923
vn -0.85411277 -0.05132414 0.51754923
vn -0.84169326 -0.01082730 0.53984741
vn -0.84169326 -0.01082730 0.53984741
vn -0.84169326 -0.01082730 0.53984741
vn -0.94616117 0.00847889 0.32358483
vn -0.94616117 0.00847889 0.32358483
vn -0.94616117 0.00847889 0.32358483
vn -0.95665069 -0.03790470 0.28876060
vn -0.95665069 -0.03790470 0.28876060
vn -0.95665069 -0.03790470 0.28876060
vn -0.99444004 0.05152159 0.09183972
vn -0.99444004 0.05152159 0.09183972
vn -0.99444004 0.05152159 0.09183972
vn -0.99830792 -0.05364927 -0.02242883
vn -0.99830792 -0.05364927 -0.02242883
vn -0.99830792 -0.05364927 -0.02242883
vn -0.98877005 0.03904893 -0.14425311
vn -0.98877005 0.03904893 -0.14425311
vn -0.98877005 0.03904893 -0.14425311
vn -0.96103998 -0.04010379 -0.27348462
vn -0.96103998 -0.04010379 -0.27348462
vn -0.96103998 -0.04010379 -0.27348462
vn -0.92729306 0.03916418 -0.37228181
vn -0.92729306 0.03916418 -0.37228181
vn -0.92729306 0.03916418 -0.37228181
vn -0.85816843 -0.05340222 -0.51058315
vn -0.85816843 -0.05340222 -0.51058315
vn -0.85816843 -0.05340222 -0.51058315
vn -0.80146103 0.06091833 -0.59493628
vn -0.80146103 0.06091833 -0.59493628
vn -0.80146103 0.06091833 -0.59493628
vn -0.65700863 -0.06100648 -0.75141058
vn -0.65700863 -0.06100648 -0.75141058
vn -0.65700863 -0.06100648 -0.75141058
vn -0.56120369 0.07271525 -0.82447736
vn -0.56120369 0.07271525 -0.82447736
vn -0.56120369 0.07271525 -0.82447736
vn -0.44666116 -0.05152459 -0.89321835
vn -0.44666116 -0.05152459 -0.89321835
vn -0.44666116 -0.05152459 -0.89321835
vn -0.25943864 0.03453409 -0.96514195
vn -0.25943864 0.03453409 -0.96514195
vn -0.25943864 0.03453409 -0.96514195
vn -0.22463637 -0.01072367 -0.97438365
vn -0.22463637 -0.01072367 -0.97438365
vn -0.22463637 -0.01072367 -0.97438365
vn 0.01417756 0.01217001 -0.99982543
vn 0.01417756 0.01217001 -0.99982543
vn 0.01417756 0.01217001 -0.99982543
vn 0.01050477 0.01806983 -0.99978154
vn 0.01050477 0.01806983 -0.99978154
vn 0.01050477 0.01806983 -0.99978154
vn 0.24487078 -0.04085581 -0.96869454
vn 0.24487078 -0.04085581 -0.96869454
vn 0.24487078 -0.04085581 -0.96869454
vn 0.32451257 0.05177199 -0.94446347
vn 0.32451257 0.05177199 -0.94446347
vn 0.32451257 0.05177199 -0.94446347
vn 0.46557542 -0.04010204 -0.88409918
vn 0.46557542 -0.04010204 -0.88409918
vn 0.46557542 -0.04010204 -0.88409918
vn 0.57113798 0.05402889 -0.81907404
vn 0.57113798 0.05402889 -0.81907404
vn 0.57113798 0.05402889 -0.81907404
vn 0.67557294 -0.07248644 -0.73372128
vn 0.67557294 -0.07248644 -0.73372128
vn 0.67557294 -0.07248644 -0.73372128
vn 0.79616026 0.07015783 -0.60100475
vn 0.79616026 0.07015783 -0.60100475
vn 0.79616026 0.07015783 -0.60100475
vn 0.87099681 -0.05345946 -0.48837143
vn 0.87099681 -0.05345946 -0.48837143
vn 0.87099681 -0.05345946 -0.48837143
vn 0.93026201 0.05166631 -0.36323986
vn 0.93026201 0.05166631 -0.36323986
vn 0.93026201 0.05166631 -0.36323986
vn 0.96599881 -0.05288493 -0.25308001
vn 0.96599881 -0.05288493 -0.25308001
vn 0.96599881 -0.05288493 -0.25308001
vn 0.99660887 0.03060835 -0.07637992
vn 0.99660887 0.03060835 -0.07637992
vn 0.99660887 0.03060835 -0.07637992
vn 0.99895141 -0.04566964 0.00322035
vn 0.99895141 -0.04566964 0.00322035
vn 0.99895141 -0.04566964 0.00322035
vn 0.99369390 0.03382721 0.10690254
vn 0.99369390 0.03382721 0.10690254
vn 0.99369390 0.03382721 0.10690254
vn 0.94296644 -0.02044917 0.33225912
vn 0.94296644 -0.02044917 0.33225912
vn 0.94296644 -0.02044917 0.33225912
vn 0.94945733 0.01740686 0.31341310
vn 0.94945733 0.01740686 0.31341310
vn 0.94945733 0.01740686 0.31341310
vn 0.82682706 -0.04311743 0.56080112
vn 0.82682706 -0.04311743 0.56080112
vn 0.82682706 -0.04311743 0.56080112
vn 0.80504686 0.01577564 0.59300142
vn 0.80504686 0.01577564 0.59300142
vn 0.80504686 0.01577564 0.59300142
vn 0.68276738 0.03156944 0.72995348
vn 0.68276738 0.03156944 0.72995348
vn 0.68276738 0.03156944 0.72995348
vn 0.59327323 -0.07377068 0.80161385
vn 0.59327323 -0.07377068 0.80161385
vn 0.59327323 -0.07377068 0.80161385
vn 0.51210145 0.03745072 0.85810812
vn 0.51210145 0.03745072 0.85810812
vn 0.51210145 0.03745072 0.85810812
vn 0.31479876 -0.01008898 0.94910482
vn 0.31479876 -0.01008898 0.94910482
vn 0.31479876 -0.01008898 0.94910482
vn 0.29875351 -0.03135870 0.95381496
vn 0.29875351 -0.03135870 0.95381496
vn 0.29875351 -0.03135870 0.95381496
vn 0.15882764 0.02616009 0.98695969
vn 0.15882764 0.02616009 0.98695969
vn 0.15882764 0.02616009 0.98695969
vn 0.04870244 -0.04010135 0.99800799
vn 0.04870244 -0.04010135 0.99800799
vn 0.04870244 -0.04010135 0.99800799
vn -0.05567657 0.03916175 0.99768055
vn -0.05567657 0.03916175 0.99768055
vn -0.05567657 0.03916175 0.99768055
vn -0.84015385 -0.20369415 0.50264322
vn -0.84015385 -0.20369415 0.50264322
vn -0.84015385 -0.20369415 0.50264322
vn -0.00875465 -0.00434288 0.99995225
vn -0.00875465 -0.00434288 0.99995225
vn -0.00875465 -0.00434288 0.99995225
vn -0.02089183 -0.05425903 0.99830831
vn -0.02089183 -0.05425903 0.99830831
vn -0.02089183 -0.05425903 0.99830831
vn -0.05909318 -0.15789352 0.98568638
vn -0.05909318 -0.15789352 0.98568638
vn -0.05909318 -0.15789352 0.98568638
vn 0.00095071 -0.00849562 0.99996346
vn 0.00095071 -0.00849562 0.99996346
vn 0.00095071 -0.00849562 0.99996346
vn 0.00919099 -0.02495447 0.99964634
vn 0.00919099 -0.02495447 0.99964634
vn 0.00919099 -0.02495447 0.99964634
vn 0.00304480 -0.00441076 0.99998564
vn 0.00087281 -0.00188089 0.99999785
vn 0.00304480 -0.00441076 0.99998564
vn 0.02031430 -0.01718436 0.99964595
vn 0.02031430 -0.01718436 0.99964595
vn 0.02031430 -0.01718436 0.99964595
vn 0.00757646 -0.00386210 0.99996384
vn 0.00757646 -0.00386210 0.99996384
vn 0.00757646 -0.00386210 0.99996384
vn 0.03877772 -0.00244964 0.99924486
vn 0.03877772 -0.00244964 0.99924486
vn 0.03877772 -0.00244964 0.99924486
vn 0.01679144 -0.00179377 0.99985740
vn 0.01679144 -0.00179377 0.99985740
vn 0.01679144 -0.00179377 0.99985740
vn 0.00617362 0.00261924 0.99997751
vn 0.00617362 0.00261924 0.99997751
vn 0.00617362 0.00261924 0.99997751
vn 0.02373687 0.01562148 0.99959618
vn 0.02373687 0.01562148 0.99959618
vn 0.02373687 0.01562148 0.99959618
vn 0.00432489 0.00481356 0.99997906
vn 0.00145866 0.00169518 0.99999750
vn 0.00432489 0.00481356 0.99997906
vn 0.04353483 0.10181520 0.99385028
vn 0.04353483 0.10181520 0.99385028
vn 0.04353483 0.10181520 0.99385028
vn 0.00113060 0.00732758 0.99997251
vn 0.00113060 0.00732758 0.99997251
vn 0.00113060 0.00732758 0.99997251
vn -0.00720984 0.02735332 0.99959983
vn -0.00767781 0.02883279 0.99955476
vn -0.00858452 0.03169925 0.99946059
vn -0.00860697 0.03177022 0.99945814
vn -0.00498604 0.00636805 0.99996729
vn -0.00498604 0.00636805 0.99996729
vn -0.00498604 0.00636805 0.99996729
vn -0.10171316 0.07632244 0.99188171
vn -0.10171316 0.07632244 0.99188171
vn -0.10171316 0.07632244 0.99188171
vn 0.01461196 -0.01397243 0.99979561
vn 0.01352963 -0.01392217 0.99981154
vn 0.01092288 -0.01380104 0.99984510
vn -0.00013412 0.99999999 0.00003837
vn -0.00015028 0.99999999 0.00004436
vn -0.00014918 0.99999999 0.00005177
vn -0.00012096 0.99999999 0.00005394
vn -0.00008171 1.00000000 0.00003331
vn -0.00005297 1.00000000 0.00006441
vn -0.00008878 0.99999997 0.00023522
vn -0.00012669 0.99999995 0.00029067
vn -0.00011716 0.99999992 0.00038066
vn -0.00006417 0.99999998 0.00018589
vn -0.00003103 0.99999998 0.00018667
vn 0.00021099 0.99999995 -0.00024573
vn 0.00022404 0.99999994 -0.00025309
vn 0.00018995 0.99999997 -0.00017133
vn 0.00004082 1.00000000 -0.00007457
vn -0.00000040 1.00000000 -0.00007406
vn 0.00000463 0.99999999 -0.00013264
vn 0.00000668 0.99999999 -0.00014169
vn -0.00002030 0.99999999 -0.00014384
vn -0.00002418 0.99999999 -0.00012892
vn -0.00005076 1.00000000 -0.00006752
vn -0.00005679 1.00000000 -0.00000981
vn 0.00006848 0.99999996 0.00029198
vn 0.00008261 0.99999995 0.00030582
vn 0.00013929 0.99999993 0.00034070
vn 0.00000268 0.99999999 0.00010353
vn 0.00002429 1.00000000 0.00008622
vn 0.00026287 0.99999995 0.00015409
vn 0.00030932 0.99999994 0.00017273
vn 0.00040308 0.99999990 0.00017055
vn -0.00023542 0.99999995 -0.00021010
vn -0.00025807 0.99999993 -0.00025601
vn -0.00016628 0.99999998 -0.00013663
vn -0.00012594 0.99999999 -0.00007682
vn -0.00006760 1.00000000 -0.00003419
vn -0.00006448 1.00000000 -0.00001038
vn 0.00036607 0.99999993 0.00008494
vn 0.00038979 0.99999992 0.00004442
vn 0.00019087 0.99999998 0.00002252
vn 0.00015757 0.99999999 -0.00000136
vn 0.00013269 0.99999999 -0.00005666
vn 0.00013741 0.99999999 -0.00009163
vn 0.01439604 0.68527707 0.72814016
vn 0.01439604 0.68527707 0.72814016
vn 0.01439604 0.68527707 0.72814016
vn -0.00147299 0.70860922 0.70559961
vn -0.00074505 0.70769961 0.70651306
vn -0.00068617 0.70706325 0.70714998
vn -0.00039806 0.70806512 0.70614703
vn -0.00038334 0.70792857 0.70628393
vn -0.00029650 0.70712197 0.70709153
vn 0.00062323 0.70340069 0.71079328
vn 0.00062323 0.70340069 0.71079328
vn 0.00062323 0.70340069 0.71079328
vn -0.00064308 0.70697847 0.70723478
vn 0.00045090 -0.70653282 0.70768013
vn 0.00028269 -0.70690437 0.70730908
vn 0.00044214 -0.70643007 0.70778271
vn 0.00054935 -0.70735722 0.70685604
vn 0.00076784 -0.70879007 0.70541906
vn -0.00045725 -0.70510446 0.70910330
vn -0.00139100 -0.70326180 0.71092960
vn -0.00139100 -0.70326180 0.71092960
vn -0.00139100 -0.70326180 0.71092960
vn -0.01215454 -0.68757558 0.72601108
vn -0.01215454 -0.68757558 0.72601108
vn -0.01215454 -0.68757558 0.72601108
vn -0.11329361 0.67829783 0.72600042
vn -0.11329361 0.67829783 0.72600042
vn -0.11329361 0.67829783 0.72600042
vn -0.15848946 0.74733914 0.64526374
vn -0.15848946 0.74733914 0.64526374
vn -0.15848946 0.74733914 0.64526374
vn -0.25360234 0.68363622 0.68434448
vn -0.25360234 0.68363622 0.68434448
vn -0.25360234 0.68363622 0.68434448
vn -0.33300502 0.73257302 0.59367030
vn -0.33300502 0.73257302 0.59367030
vn -0.33300502 0.73257302 0.59367030
vn -0.32371888 0.74138514 0.58783855
vn -0.32371888 0.74138514 0.58783855
vn -0.32371888 0.74138514 0.58783855
vn -0.51124776 0.62971493 0.58488019
vn -0.51124776 0.62971493 0.58488019
vn -0.51124776 0.62971493 0.58488019
vn -0.48825979 0.77712410 0.39709006
vn -0.48825979 0.77712410 0.39709006
vn -0.48825979 0.77712410 0.39709006
vn -0.63563848 0.65923595 0.40171094
vn -0.63563848 0.65923595 0.40171094
vn -0.63563848 0.65923595 0.40171094
vn -0.63958431 0.73498311 0.22523708
vn -0.63958431 0.73498311 0.22523708
vn -0.63958431 0.73498311 0.22523708
vn -0.65452038 0.72244759 0.22287338
vn -0.65452038 0.72244759 0.22287338
vn -0.65452038 0.72244759 0.22287338
vn -0.73439676 0.67371737 0.08225759
vn -0.73439676 0.67371737 0.08225759
vn -0.73439676 0.67371737 0.08225759
vn -0.64107225 0.76747683 -0.00238514
vn -0.64107225 0.76747683 -0.00238514
vn -0.64107225 0.76747683 -0.00238514
vn -0.73920022 0.66895482 -0.07799028
vn -0.73920022 0.66895482 -0.07799028
vn -0.73920022 0.66895482 -0.07799028
vn -0.69220644 0.68381257 -0.23076092
vn -0.69220644 0.68381257 -0.23076092
vn -0.69220644 0.68381257 -0.23076092
vn -0.57039382 0.78133585 -0.25330848
vn -0.57039382 0.78133585 -0.25330848
vn -0.57039382 0.78133585 -0.25330848
vn -0.63813362 0.66895168 -0.38116812
vn -0.63813362 0.66895168 -0.38116812
vn -0.63813362 0.66895168 -0.38116812
vn -0.52235300 0.68421411 -0.50891884
vn -0.52235300 0.68421411 -0.50891884
vn -0.52235300 0.68421411 -0.50891884
vn -0.45527480 0.74645589 -0.48531274
vn -0.45527480 0.74645589 -0.48531274
vn -0.45527480 0.74645589 -0.48531274
vn -0.33109036 0.67242021 -0.66198960
vn -0.33109036 0.67242021 -0.66198960
vn -0.33109036 0.67242021 -0.66198960
vn -0.32423705 0.72733127 -0.60486325
vn -0.32423705 0.72733127 -0.60486325
vn -0.32423705 0.72733127 -0.60486325
vn -0.13806038 0.65836673 -0.73992742
vn -0.13806038 0.65836673 -0.73992742
vn -0.13806038 0.65836673 -0.73992742
vn -0.05571649 0.76709936 -0.63910426
vn -0.05571649 0.76709936 -0.63910426
vn -0.05571649 0.76709936 -0.63910426
vn 0.03793029 0.66726562 -0.74385340
vn 0.03793029 0.66726562 -0.74385340
vn 0.03793029 0.66726562 -0.74385340
vn 0.18260051 0.73921253 -0.64824523
vn 0.18260051 0.73921253 -0.64824523
vn 0.18260051 0.73921253 -0.64824523
vn 0.17532087 0.74857197 -0.63945492
vn 0.17532087 0.74857197 -0.63945492
vn 0.17532087 0.74857197 -0.63945492
vn 0.37355359 0.62965403 -0.68117069
vn 0.37355359 0.62965403 -0.68117069
vn 0.37355359 0.62965403 -0.68117069
vn 0.39086123 0.76687731 -0.50904488
vn 0.39086123 0.76687731 -0.50904488
vn 0.39086123 0.76687731 -0.50904488
vn 0.55272117 0.64447470 -0.52834806
vn 0.55272117 0.64447470 -0.52834806
vn 0.55272117 0.64447470 -0.52834806
vn 0.52851336 0.75073059 -0.39632967
vn 0.52851336 0.75073059 -0.39632967
vn 0.52851336 0.75073059 -0.39632967
vn 0.67960371 0.65378491 -0.33272224
vn 0.67960371 0.65378491 -0.33272224
vn 0.67960371 0.65378491 -0.33272224
vn 0.61733266 0.75606704 -0.21740059
vn 0.61733266 0.75606704 -0.21740059
vn 0.61733266 0.75606704 -0.21740059
vn 0.72689992 0.66725245 -0.16245203
vn 0.72689992 0.66725245 -0.16245203
vn 0.72689992 0.66725245 -0.16245203
vn 0.68231813 0.73076863 -0.02047386
vn 0.68231813 0.73076863 -0.02047386
vn 0.68231813 0.73076863 -0.02047386
vn 0.72999684 0.68337326 0.01027625
vn 0.72999684 0.68337326 0.01027625
vn 0.72999684 0.68337326 0.01027625
vn 0.65003327 0.74544524 0.14754030
vn 0.65003327 0.74544524 0.14754030
vn 0.65003327 0.74544524 0.14754030
vn 0.71766268 0.65925081 0.22438506
vn 0.71766268 0.65925081 0.22438506
vn 0.71766268 0.65925081 0.22438506
vn 0.57575072 0.73923593 0.34934416
vn 0.57575072 0.73923593 0.34934416
vn 0.57575072 0.73923593 0.34934416
vn 0.56925595 0.74855566 0.34001778
vn 0.56925595 0.74855566 0.34001778
vn 0.56925595 0.74855566 0.34001778
vn 0.55874745 0.64129443 0.52587331
vn 0.55874745 0.64129443 0.52587331
vn 0.55874745 0.64129443 0.52587331
vn 0.39872195 0.74854576 0.52981134
vn 0.39872195 0.74854576 0.52981134
vn 0.39872195 0.74854576 0.52981134
vn 0.40034041 0.72033753 0.56642863
vn 0.40034041 0.72033753 0.56642863
vn 0.40034041 0.72033753 0.56642863
vn 0.32078163 0.68402460 0.65514082
vn 0.32078163 0.68402460 0.65514082
vn 0.32078163 0.68402460 0.65514082
vn 0.24392868 0.74233225 0.62405258
vn 0.24392868 0.74233225 0.62405258
vn 0.24392868 0.74233225 0.62405258
vn 0.18545649 0.66412468 0.72425431
vn 0.18545649 0.66412468 0.72425431
vn 0.18545649 0.66412468 0.72425431
vn 0.04540759 0.74169949 0.66919356
vn 0.04540759 0.74169949 0.66919356
vn 0.04540759 0.74169949 0.66919356
vn 0.03134197 0.71603932 0.69735599
vn 0.03134197 0.71603932 0.69735599
vn 0.03134197 0.71603932 0.69735599
vn 0.00000033 -1.00000000 0.00000004
vn 0.00000033 -1.00000000 0.00000004
vn 0.00000033 -1.00000000 0.00000004
vn 0.00000033 -1.00000000 0.00000004
vn 0.00000033 -1.00000000 0.00000004
vn 0.00000033 -1.00000000 0.00000004
vn 0.00000033 -1.00000000 0.00000004
vn 0.00000033 -1.00000000 0.00000004
vn 0.00000033 -1.00000000 0.00000004
vn 0.00000033 -1.00000000 0.00000004
vn 0.00000033 -1.00000000 0.00000004
vn 0.00000033 -1.00000000 0.00000004
vn 0.00000033 -1.00000000 0.00000004
vn 0.00000033 -1.00000000 0.00000004
vn 0.00000916 -1.00000000 0.00002762
vn 0.00000033 -1.00000000 0.00000004
vn 0.00016276 -0.99999987 0.00048934
vn 0.00026798 -0.99999970 0.00072034
vn 0.00027090 -0.99999970 0.00073172
vn 0.00022758 -0.99999968 0.00077284
vn 0.00009952 -0.99999983 0.00057466
vn 0.00006540 -0.99999983 0.00057886
vn 0.00003757 -0.99999977 0.00067292
vn -0.00004277 -0.99999991 0.00042350
vn -0.00002609 -0.99999992 0.00040101
vn -0.00015045 -0.99999980 0.00060995
vn -0.00017477 -0.99999977 0.00064951
vn -0.00017238 -0.99999987 0.00048565
vn -0.00028636 -0.99999979 0.00058514
vn 0.00026383 -0.99999993 -0.00026515
vn 0.00032030 -0.99999984 -0.00045778
vn 0.00043385 -0.99999976 -0.00054168
vn 0.00026178 -0.99999990 -0.00036592
vn 0.00001092 -1.00000000 -0.00001494
vn 0.00000033 -1.00000000 0.00000004
vn 0.00000033 -1.00000000 0.00000004
vn 0.00000033 -1.00000000 0.00000004
vn 0.00000033 -1.00000000 0.00000004
vn 0.00000033 -1.00000000 0.00000004
vn 0.00000033 -1.00000000 0.00000004
vn 0.00000033 -1.00000000 0.00000004
vn 0.00000033 -1.00000000 0.00000004
vn 0.00000033 -1.00000000 0.00000004
vn 0.00000033 -1.00000000 0.00000004
vn 0.00000033 -1.00000000 0.00000004
vn 0.00000033 -1.00000000 0.00000004
vn 0.00000033 -1.00000000 0.00000004
vn 0.00000033 -1.00000000 0.00000004
vn 0.00000033 -1.00000000 0.00000004
vn 0.00000033 -1.00000000 0.00000004
vn 0.00000033 -1.00000000 0.00000004
vn 0.00000033 -1.00000000 0.00000004
vn 0.00000033 -1.00000000 0.00000004
vn 0.00000033 -1.00000000 0.00000004
vn 0.00000033 -1.00000000 0.00000004
vn 0.00000033 -1.00000000 0.00000004
vn 0.00000033 -1.00000000 0.00000004
vn 0.00000033 -1.00000000 0.00000004
vn 0.00000033 -1.00000000 0.00000004
vn 0.00000033 -1.00000000 0.00000004
vn 0.00000033 -1.00000000 0.00000004
vn 0.00000033 -1.00000000 0.00000004
vn 0.00000033 -1.00000000 0.00000004
vn 0.00000033 -1.00000000 0.00000004
vn 0.00000033 -1.00000000 0.00000004
vn 0.00000033 -1.00000000 0.00000004
vn 0.00000033 -1.00000000 0.00000004
vn 0.00000033 -1.00000000 0.00000004
vn 0.00000033 -1.00000000 0.00000004
vn 0.00000033 -1.00000000 0.00000004
vn 0.00000033 -1.00000000 0.00000004
vn 0.00000033 -1.00000000 0.00000004
vn 0.00000033 -1.00000000 0.00000004
vn 0.00000033 -1.00000000 0.00000004
vn 0.00000033 -1.00000000 0.00000004
vn 0.00000033 -1.00000000 0.00000004
vn 0.00000033 -1.00000000 0.00000004
vn 0.00000033 -1.00000000 0.00000004
vn 0.00000033 -1.00000000 0.00000004
vn 0.00000033 -1.00000000 0.00000004
vn 0.00000033 -1.00000000 0.00000004
vn 0.00000033 -1.00000000 0.00000004
vn -0.00050889 -0.00002733 0.99999987
vn -0.00011781 -0.00090084 0.99999959
vn -0.00044877 -0.00027068 0.99999986
vn 0.00000199 -0.00910278 0.99995857
vn 0.00000199 -0.00910278 0.99995857
vn 0.00000199 -0.00910278 0.99995857
vn 0.00040455 -0.00116931 0.99999923
vn 0.00055939 0.00000873 0.99999984
vn 0.00058634 -0.00002446 0.99999983
vn -0.00306023 0.00320136 0.99999019
vn -0.00142586 0.00904184 0.99995811
vn -0.00000288 0.00959659 0.99995395
vn -0.00000288 0.00959659 0.99995395
vn 0.01049018 -0.01378092 0.99985001
vn -0.00170261 0.00893395 0.99995864
vn -0.00170261 0.00893395 0.99995864
vn 0.00054563 -0.00008027 0.99999985
vn -0.00043227 -0.00002966 0.99999991
vn -0.00048893 -0.00044606 0.99999978
vn -0.00147448 0.04109644 0.99915410
vn -0.00147448 0.04109644 0.99915410
vn -0.00147448 0.04109644 0.99915410
vn 0.00476696 -0.01582765 0.99986337
vn 0.00476696 -0.01582765 0.99986337
vn 0.00476696 -0.01582765 0.99986337
vn 0.45094962 -0.01854363 0.89235675
vn 0.45094962 -0.01854363 0.89235675
vn 0.45094962 -0.01854363 0.89235675
vn 0.43828293 0.00782289 0.89880302
vn 0.43828293 0.00782289 0.89880302
vn 0.43828293 0.00782289 0.89880302
vn 0.38898101 -0.00200159 0.92124360
vn 0.38898101 -0.00200159 0.92124360
vn 0.38898101 -0.00200159 0.92124360
vn 0.24692345 0.01260702 0.96895298
vn 0.24692345 0.01260702 0.96895298
vn 0.24692345 0.01260702 0.96895298
vn 0.29394477 -0.00120310 0.95582165
vn 0.29394477 -0.00120310 0.95582165
vn 0.29394477 -0.00120310 0.95582165
vn 0.18075136 -0.00549156 0.98351349
vn 0.18075136 -0.00549156 0.98351349
vn 0.18075136 -0.00549156 0.98351349
vn 0.04381982 0.00120547 0.99903872
vn 0.04381982 0.00120547 0.99903872
vn 0.04381982 0.00120547 0.99903872
vn 0.02725722 0.01087103 0.99956934
vn 0.02725722 0.01087103 0.99956934
vn 0.02725722 0.01087103 0.99956934
vn -0.14199831 0.00701165 0.98984207
vn -0.14199831 0.00701165 0.98984207
vn -0.14199831 0.00701165 0.98984207
vn -0.15371673 0.00024718 0.98811493
vn -0.15371673 0.00024718 0.98811493
vn -0.15371673 0.00024718 0.98811493
vn -0.39045455 -0.00099350 0.92062167
vn -0.39045455 -0.00099350 0.92062167
vn -0.39045455 -0.00099350 0.92062167
vn -0.34396259 0.00873648 0.93894271
vn -0.34396259 0.00873648 0.93894271
vn -0.34396259 0.00873648 0.93894271
vn -0.28841563 -0.00522411 0.95749106
vn -0.28841563 -0.00522411 0.95749106
vn -0.28841563 -0.00522411 0.95749106
vn -0.44844903 -0.01745530 0.89363795
vn -0.44844903 -0.01745530 0.89363795
vn -0.44844903 -0.01745530 0.89363795
vn -0.47187489 0.00047278 0.88166539
vn -0.47187489 0.00047278 0.88166539
vn -0.47187489 0.00047278 0.88166539
vn -0.37987509 0.00761169 0.92500647
vn -0.37987509 0.00761169 0.92500647
vn -0.37987509 0.00761169 0.92500647
vn -0.23474480 -0.04285477 0.97111191
vn -0.23474480 -0.04285477 0.97111191
vn -0.23474480 -0.04285477 0.97111191
vn -0.25671031 -0.01577006 0.96635973
vn -0.25671031 -0.01577006 0.96635973
vn -0.25671031 -0.01577006 0.96635973
vn -0.13743973 0.02304261 0.99024207
vn -0.13743973 0.02304261 0.99024207
vn -0.13743973 0.02304261 0.99024207
vn -0.01802097 0.01535458 0.99971970
vn -0.01802097 0.01535458 0.99971970
vn -0.01802097 0.01535458 0.99971970
vn 0.03769599 -0.05196864 0.99793701
vn 0.03769599 -0.05196864 0.99793701
vn 0.03769599 -0.05196864 0.99793701
vn 0.13275997 0.02574111 0.99081390
vn 0.13275997 0.02574111 0.99081390
vn 0.13275997 0.02574111 0.99081390
vn 0.25950135 -0.02736941 0.96535484
vn 0.25950135 -0.02736941 0.96535484
vn 0.25950135 -0.02736941 0.96535484
vn 0.38863966 0.00465959 0.92137805
vn 0.38863966 0.00465959 0.92137805
vn 0.38863966 0.00465959 0.92137805
vn 0.28646039 -0.00059038 0.95809190
vn 0.28646039 -0.00059038 0.95809190
vn 0.28646039 -0.00059038 0.95809190
vn -0.47746126 0.00165619 0.87865124
vn -0.48319410 -0.00068505 0.87551299
vn -0.48179855 -0.00011425 0.87628200
vn -0.47667260 0.00197753 0.87907868
vn -0.65830013 -0.00014668 0.75275555
vn -0.65830013 -0.00014668 0.75275555
vn -0.65830013 -0.00014668 0.75275555
vn -0.66509820 -0.00272534 0.74675093
vn -0.66509820 -0.00272534 0.74675093
vn -0.66509820 -0.00272534 0.74675093
vn -0.84519160 0.00245125 0.53445781
vn -0.84519160 0.00245125 0.53445781
vn -0.84519160 0.00245125 0.53445781
vn -0.85346943 -0.00161235 0.52114041
vn -0.85346943 -0.00161235 0.52114041
vn -0.85346943 -0.00161235 0.52114041
vn -0.94662386 0.00125977 0.32233784
vn -0.94662386 0.00125977 0.32233784
vn -0.94662386 0.00125977 0.32233784
vn -0.95067346 -0.00140240 0.31019028
vn -0.95067346 -0.00140240 0.31019028
vn -0.95067346 -0.00140240 0.31019028
vn -0.99378502 0.00125992 0.11130925
vn -0.99378502 0.00125992 0.11130925
vn -0.99378502 0.00125992 0.11130925
vn -0.99691760 -0.00564332 0.07825249
vn -0.99691760 -0.00564332 0.07825249
vn -0.99691760 -0.00564332 0.07825249
vn -0.99445099 0.00765925 -0.10492167
vn -0.99445099 0.00765925 -0.10492167
vn -0.99445099 0.00765925 -0.10492167
vn -0.97797464 -0.00796896 -0.20857156
vn -0.97797464 -0.00796896 -0.20857156
vn -0.97797464 -0.00796896 -0.20857156
vn -0.94865751 0.00583390 -0.31625132
vn -0.94865751 0.00583390 -0.31625132
vn -0.94865751 0.00583390 -0.31625132
vn -0.89454868 -0.00796147 -0.44689962
vn -0.89454868 -0.00796147 -0.44689962
vn -0.89454868 -0.00796147 -0.44689962
vn -0.85849121 0.00579625 -0.51279553
vn -0.85849121 0.00579625 -0.51279553
vn -0.85849121 0.00579625 -0.51279553
vn -0.71649568 -0.00294905 -0.69758530
vn -0.71605467 -0.00314664 -0.69803711
vn -0.71616266 -0.00309827 -0.69792653
vn -0.71658789 -0.00290772 -0.69749074
vn -0.47383426 0.00326872 -0.88060798
vn -0.47244993 0.00277670 -0.88135314
vn -0.47274782 0.00288254 -0.88119305
vn -0.47418540 0.00339360 -0.88041847
vn -0.25824495 -0.00611943 -0.96606009
vn -0.25824495 -0.00611943 -0.96606009
vn -0.25824495 -0.00611943 -0.96606009
vn -0.18367328 0.00768188 -0.98295733
vn -0.18367328 0.00768188 -0.98295733
vn -0.18367328 0.00768188 -0.98295733
vn -0.04455306 -0.00597614 -0.99898914
vn -0.04455306 -0.00597614 -0.99898914
vn -0.04455306 -0.00597614 -0.99898914
vn 0.05092905 0.00583419 -0.99868523
vn 0.05092905 0.00583419 -0.99868523
vn 0.05092905 0.00583419 -0.99868523
vn 0.19130909 -0.00795968 -0.98149757
vn 0.19130909 -0.00795968 -0.98149757
vn 0.19130909 -0.00795968 -0.98149757
vn 0.26440823 0.00579458 -0.96439344
vn 0.26440823 0.00579458 -0.96439344
vn 0.26440823 0.00579458 -0.96439344
vn 0.48050898 -0.00294804 -0.87698485
vn 0.48105370 -0.00314256 -0.87668550
vn 0.48092036 -0.00309493 -0.87675882
vn 0.48039499 -0.00290734 -0.87704743
vn 0.72177057 0.00327137 -0.69212466
vn 0.72286207 0.00277792 -0.69098676
vn 0.72262747 0.00288405 -0.69123167
vn 0.72149323 0.00339661 -0.69241316
vn 0.86174568 -0.00612098 -0.50730358
vn 0.86174568 -0.00612098 -0.50730358
vn 0.86174568 -0.00612098 -0.50730358
vn 0.89800006 0.00768427 -0.43992823
vn 0.89800006 0.00768427 -0.43992823
vn 0.89800006 0.00768427 -0.43992823
vn 0.95065640 -0.00597598 -0.31018817
vn 0.95065640 -0.00597598 -0.31018817
vn 0.95065640 -0.00597598 -0.31018817
vn 0.97590838 0.00583433 -0.21810271
vn 0.97590838 0.00583433 -0.21810271
vn 0.97590838 0.00583433 -0.21810271
vn 0.99511178 -0.00597580 -0.09857398
vn 0.99511178 -0.00597580 -0.09857398
vn 0.99511178 -0.00597580 -0.09857398
vn 0.99986490 0.00800409 0.01435704
vn 0.99986490 0.00800409 0.01435704
vn 0.99986490 0.00800409 0.01435704
vn 0.99039043 -0.01077701 0.13787909
vn 0.99039043 -0.01077701 0.13787909
vn 0.99039043 -0.01077701 0.13787909
vn 0.95446129 0.01048428 0.29815051
vn 0.95446129 0.01048428 0.29815051
vn 0.95446129 0.01048428 0.29815051
vn 0.91026943 -0.00796854 0.41393969
vn 0.91026943 -0.00796854 0.41393969
vn 0.91026943 -0.00796854 0.41393969
vn 0.85849854 0.00583415 0.51278281
vn 0.85849854 0.00583415 0.51278281
vn 0.85849854 0.00583415 0.51278281
vn 0.79023064 -0.00597554 0.61278041
vn 0.79023064 -0.00597554 0.61278041
vn 0.79023064 -0.00597554 0.61278041
vn 0.72819256 0.00583433 0.68534776
vn 0.72819256 0.00583433 0.68534776
vn 0.72819256 0.00583433 0.68534776
vn 0.63932264 -0.00606558 0.76891467
vn 0.63932264 -0.00606558 0.76891467
vn 0.63932264 -0.00606558 0.76891467
vn 0.57782817 0.00382300 0.81614949
vn 0.57782817 0.00382300 0.81614949
vn 0.57782817 0.00382300 0.81614949
vn 0.47353037 -0.00091102 0.88077702
vn 0.47208035 -0.00136081 0.88155448
vn 0.47230592 -0.00129086 0.88143375
vn 0.47452424 -0.00060248 0.88024223
f 1//1 2//2 3//3
f 4//4 5//5 6//6
f 7//7 8//8 9//9
f 10//10 11//11 12//12
f 13//13 14//14 15//15
f 16//16 17//17 18//18
f 19//19 20//20 21//21
f 22//22 23//23 24//24
f 25//25 26//26 27//27
f 28//28 29//29 30//30
f 31//31 32//32 33//33
f 34//34 35//35 36//36
f 37//37 38//38 39//39
f 40//40 41//41 42//42
f 43//43 44//44 45//45
f 46//46 47//47 48//48
f 49//49 50//50 51//51
f 52//52 53//53 54//54
f 55//55 56//56 57//57
f 58//58 59//59 60//60
f 61//61 62//62 63//63
f 64//64 65//65 66//66
f 67//67 68//68 69//69
f 70//70 71//71 72//72
f 73//73 74//74 75//75
f 76//76 77//77 78//78
f 79//79 80//80 81//81
f 82//82 83//83 84//84
f 85//85 86//86 87//87
f 88//88 89//89 90//90
f 91//91 92//92 93//93
f 94//94 95//95 96//96
f 97//97 98//98 99//99
f 100//100 101//101 102//102
f 103//103 104//104 105//105
f 106//106 107//107 108//108
f 109//109 110//110 111//111
f 112//112 113//113 114//114
f 115//115 116//116 117//117
f 118//118 119//119 120//120
f 121//121 122//122 123//123
f 124//124 125//125 126//126
f 127//127 128//128 129//129
f 130//130 131//131 132//132
f 133//133 134//134 135//135
f 136//136 137//137 138//138
f 139//139 3//3 2//2
f 140//140 141//141 142//142
f 143//143 144//144 145//145
f 146//146 147//147 148//148
f 149//149 150//150 151//151
f 152//152 153//153 154//154
f 155//155 156//156 157//157
f 158//158 159//159 160//160
f 161//161 162//162 163//163
f 164//164 165//165 166//166
f 167//167 168//168 169//169
f 170//170 171//171 172//172
f 173//173 174//174 175//175
f 176//176 177//177 178//178
f 179//179 180//180 181//181
f 182//182 183//183 184//184
f 185//185 186//186 187//187
f 188//188 189//189 190//190
f 191//191 192//192 193//193
f 194//194 195//195 196//196
f 197//197 198//198 199//199
f 200//200 201//201 202//202
f 203//203 204//204 205//205
f 206//206 207//207 208//208
f 209//209 210//210 211//211
f 212//212 213//213 214//214
f 215//215 216//216 217//217
f 218//218 219//219 220//220
f 221//221 222//222 223//223
f 224//224 225//225 226//226
f 227//227 228//228 229//229
f 230//230 231//231 232//232
f 233//233 234//234 235//235
f 236//236 237//237 238//238
f 239//239 240//240 241//241
f 242//242 243//243 244//244
f 245//245 246//246 247//247
f 248//248 249//249 250//250
f 251//251 252//252 253//253
f 254//254 255//255 256//256
f 257//257 258//258 259//259
f 260//260 261//261 262//262
f 263//263 264//264 265//265
f 266//266 267//267 268//268
f 269//269 270//270 271//271
f 272//272 273//273 274//274
f 275//275 276//276 277//277
f 275//275 278//278 276//276
f 275//275 279//279 278//278
f 275//275 280//280 279//279
f 281//281 282//282 275//275
f 275//275 283//283 281//281
f 275//275 284//284 283//283
f 275//275 277//277 284//284
f 285//285 286//286 287//287
f 285//285 288//288 286//286
f 285//285 289//289 288//288
f 285//285 290//290 289//289
f 285//285 291//291 292//292
f 285//285 293//293 291//291
f 285//285 294//294 293//293
f 285//285 287//287 294//294
f 295//295 296//296 297//297
f 297//297 298//298 295//295
f 297//297 299//299 298//298
f 297//297 300//300 299//299
f 297//297 301//301 302//302
f 297//297 303//303 301//301
f 297//297 304//304 303//303
f 297//297 296//296 304//304
f 305//305 306//306 307//307
f 307//307 308//308 305//305
f 307//307 309//309 308//308
f 307//307 310//310 309//309
f 307//307 311//311 312//312
f 307//307 313//313 311//311
f 307//307 314//314 313//313
f 307//307 306//306 314//314
f 315//315 316//316 317//317
f 316//316 318//318 317//317
f 319//319 320//320 316//316
f 316//316 320//320 318//318
f 316//316 321//321 319//319
f 322//322 323//323 316//316
f 316//316 323//323 321//321
f 316//316 324//324 322//322
f 325//325 326//326 316//316
f 316//316 326//326 324//324
f 316//316 327//327 325//325
f 328//328 329//329 316//316
f 316//316 329//329 327//327
f 316//316 330//330 328//328
f 316//316 331//331 330//330
f 315//315 332//332 316//316
f 316//316 332//332 333//333
f 334//334 335//335 336//336
f 337//337 338//338 339//339
f 340//340 341//341 342//342
f 343//343 344//344 345//345
f 346//346 347//347 348//348
f 349//349 350//350 351//351
f 352//352 353//353 354//354
f 355//355 356//356 357//357
f 358//358 359//359 360//360
f 361//361 362//362 363//363
f 364//364 365//365 366//366
f 367//367 368//368 369//369
f 370//370 371//371 372//372
f 373//373 374//374 375//375
f 376//376 377//377 378//378
f 379//379 380//380 381//381
f 382//382 383//383 384//384
f 385//385 386//386 387//387
f 388//388 389//389 390//390
f 391//391 392//392 393//393
f 394//394 395//395 396//396
f 397//397 398//398 399//399
f 400//400 401//401 402//402
f 403//403 404//404 405//405
f 406//406 407//407 408//408
f 409//409 410//410 411//411
f 412//412 413//413 414//414
f 415//415 416//416 417//417
f 418//418 419//419 420//420
f 421//421 422//422 423//423
f 423//423 422//422 424//424
f 425//425 426//426 427//427
f 428//428 429//429 430//430
f 431//431 432//432 433//433
f 434//434 435//435 436//436
f 437//437 438//438 439//439
f 440//440 441//441 442//442
f 443//443 444//444 445//445
f 446//446 447//447 448//448
f 449//449 450//450 451//451
f 452//452 453//453 454//454
f 455//455 456//456 457//457
f 458//458 459//459 460//460
f 461//461 462//462 463//463
f 464//464 465//465 466//466
f 467//467 468//468 469//469
f 470//470 471//471 472//472
f 473//473 474//474 475//475
f 476//476 477//477 478//478
f 479//479 480//480 481//481
f 482//482 483//483 484//484
f 485//485 486//486 487//487
f 488//488 489//489 490//490
f 491//491 492//492 493//493
f 494//494 495//495 496//496
f 497//497 498//498 499//499
f 500//500 501//501 502//502
f 503//503 504//504 505//505
f 506//506 507//507 508//508
f 509//509 510//510 511//511
f 512//512 513//513 514//514
f 515//515 516//516 517//517
f 518//518 519//519 520//520
f 521//521 522//522 523//523
f 524//524 525//525 526//526
f 527//527 528//528 529//529
f 530//530 531//531 532//532
f 533//533 534//534 535//535
f 536//536 537//537 538//538
f 539//539 540//540 541//541
f 542//542 543//543 544//544
f 545//545 546//546 547//547
f 548//548 549//549 550//550
f 551//551 552//552 553//553
f 554//554 555//555 556//556
f 557//557 558//558 559//559
f 560//560 561//561 562//562
f 563//563 564//564 565//565
f 566//566 567//567 568//568
f 569//569 570//570 571//571
f 572//572 573//573 574//574
f 575//575 576//576 577//577
f 578//578 579//579 580//580
f 581//581 582//582 583//583
f 584//584 585//585 586//586
f 587//587 588//588 589//589
f 590//590 591//591 592//592
f 593//593 594//594 595//595
f 596//596 597//597 598//598
f 599//599 600//600 601//601
f 602//602 603//603 604//604
f 605//605 606//606 607//607
f 608//608 609//609 610//610
f 611//611 612//612 613//613
f 614//614 615//615 616//616
f 617//617 618//618 619//619
f 620//620 621//621 622//622
f 623//623 624//624 625//625
f 626//626 627//627 628//628
f 629//629 630//630 631//631
f 631//631 630//630 632//632
f 633//633 634//634 635//635
f 636//636 637//637 638//638
f 639//639 640//640 641//641
f 642//642 643//643 644//644
f 645//645 646//646 647//647
f 648//648 649//649 650//650
f 651//651 652//652 653//653
f 654//654 655//655 656//656
f 657//657 658//658 659//659
f 660//660 661//661 662//662
f 663//663 664//664 665//665
f 666//666 667//667 668//668
f 669//669 670//670 671//671
f 672//672 673//673 674//674
f 675//675 676//676 677//677
f 678//678 679//679 680//680
f 681//681 682//682 683//683
f 684//684 685//685 686//686
f 687//687 688//688 689//689
f 690//690 691//691 692//692
f 693//693 694//694 695//695
f 696//696 697//697 698//698
f 699//699 700//700 701//701
f 702//702 703//703 704//704
f 705//705 706//706 707//707
f 708//708 709//709 710//710
f 711//711 712//712 713//713
f 714//714 715//715 716//716
f 717//717 718//718 719//719
f 720//720 721//721 722//722
f 723//723 724//724 725//725
f 726//726 727//727 728//728
f 729//729 730//730 731//731
f 732//732 733//733 734//734
f 735//735 736//736 737//737
f 738//738 739//739 740//740
f 741//741 742//742 743//743
f 744//744 745//745 746//746
f 747//747 748//748 749//749
f 750//750 751//751 752//752
f 753//753 754//754 755//755
f 756//756 757//757 758//758
f 759//759 760//760 761//761
f 762//762 763//763 764//764
f 765//765 766//766 767//767
f 768//768 769//769 770//770
f 771//771 772//772 773//773
f 774//774 775//775 776//776
f 777//777 778//778 779//779
f 780//780 781//781 782//782
f 783//783 784//784 785//785
f 786//786 787//787 788//788
f 789//789 790//790 791//791
f 792//792 793//793 794//794
f 795//795 796//796 797//797
f 798//798 799//799 800//800
f 801//801 802//802 803//803
f 804//804 805//805 806//806
f 807//807 808//808 809//809
f 810//810 811//811 812//812
f 813//813 814//814 815//815
f 816//816 817//817 818//818
f 819//819 820//820 821//821
f 822//822 823//823 824//824
f 825//825 826//826 827//827
f 828//828 829//829 830//830
f 831//831 832//832 833//833
f 834//834 835//835 836//836
f 837//837 838//838 839//839
f 840//840 841//841 842//842
f 843//843 844//844 845//845
f 846//846 847//847 848//848
f 849//849 850//850 851//851
f 852//852 853//853 854//854
f 855//855 856//856 857//857
f 858//858 859//859 860//860
f 861//861 862//862 863//863
f 864//864 865//865 866//866
f 867//867 868//868 869//869
f 870//870 871//871 872//872
f 873//873 874//874 875//875
f 876//876 877//877 878//878
f 879//879 880//880 881//881
f 882//882 883//883 884//884
f 885//885 886//886 887//887
f 888//888 889//889 890//890
f 891//891 892//892 893//893
f 894//894 895//895 896//896
f 897//897 898//898 899//899
f 900//900 901//901 902//902
f 903//903 904//904 905//905
f 906//906 907//907 908//908
f 909//909 910//910 911//911
f 912//912 913//913 914//914
f 915//915 916//916 917//917
f 918//918 919//919 920//920
f 921//921 922//922 923//923
f 924//924 925//925 926//926
f 927//927 928//928 929//929
f 930//930 931//931 932//932
f 933//933 934//934 935//935
f 936//936 937//937 938//938
f 939//939 940//940 941//941
f 942//942 943//943 944//944
f 945//945 946//946 947//947
f 948//948 949//949 950//950
f 951//951 952//952 953//953
f 954//954 955//955 956//956
f 957//957 958//958 959//959
f 960//960 961//961 962//962
f 963//963 964//964 965//965
f 966//966 967//967 968//968
f 969//969 970//970 971//971
f 972//972 973//973 974//974
f 975//975 976//976 977//977
f 978//978 979//979 980//980
f 981//981 982//982 983//983
f 984//984 985//985 986//986
f 987//987 988//988 989//989
f 990//990 991//991 992//992
f 993//993 994//994 995//995
f 996//996 997//997 998//998
f 999//999 1000//1000 1001//1001
f 1002//1002 1003//1003 1004//1004
f 1005//1005 1006//1006 1007//1007
f 1008//1008 1009//1009 1010//1010
f 1011//1011 1012//1012 1013//1013
f 1014//1014 1015//1015 1016//1016
f 1017//1017 1018//1018 1019//1019
f 1020//1020 1021//1021 1022//1022
f 1023//1023 1024//1024 1025//1025
f 1026//1026 1027//1027 1028//1028
f 1029//1029 1030//1030 1031//1031
f 1032//1032 1033//1033 1034//1034
f 1035//1035 1036//1036 1037//1037
f 1038//1038 1039//1039 1040//1040
f 1041//1041 1042//1042 1043//1043
f 1044//1044 1045//1045 1046//1046
f 1047//1047 1048//1048 1049//1049
f 1050//1050 1051//1051 1052//1052
f 1053//1053 1054//1054 1055//1055
f 1056//1056 1057//1057 1058//1058
f 1059//1059 1060//1060 1061//1061
f 1062//1062 1063//1063 1064//1064
f 1065//1065 1066//1066 1067//1067
f 1068//1068 1069//1069 1070//1070
f 1071//1071 1072//1072 1073//1073
f 1074//1074 1075//1075 1076//1076
f 1077//1077 1078//1078 1079//1079
f 1080//1080 1081//1081 1082//1082
f 1083//1083 1084//1084 1085//1085
f 1086//1086 1087//1087 1088//1088
f 1089//1089 1090//1090 1091//1091
f 1092//1092 1093//1093 1094//1094
f 1095//1095 1096//1096 1097//1097
f 1098//1098 1099//1099 1100//1100
f 1101//1101 1102//1102 1103//1103
f 1104//1104 1105//1105 1106//1106
f 1107//1107 1108//1108 1109//1109
f 1110//1110 1111//1111 1112//1112
f 1113//1113 1114//1114 1115//1115
f 1116//1116 1117//1117 1118//1118
f 1119//1119 1120//1120 1121//1121
f 1122//1122 1123//1123 1124//1124
f 1125//1125 1126//1126 1127//1127
f 1128//1128 1129//1129 1130//1130
f 1131//1131 1132//1132 1133//1133
f 1134//1134 1135//1135 1136//1136
f 1137//1137 1138//1138 1139//1139
f 1140//1140 1141//1141 1142//1142
f 1143//1143 1144//1144 1145//1145
f 1146//1146 1147//1147 1148//1148
f 1149//1149 1150//1150 1151//1151
f 1152//1152 1153//1153 1154//1154
f 1155//1155 340//340 342//342
f 1155//1155 342//342 1156//1156
f 1157//1157 1158//1158 1159//1159
f 1160//1160 1161//1161 1162//1162
f 1163//1163 1164//1164 1165//1165
f 1166//1166 1167//1167 1168//1168
f 1169//1169 1170//1170 1171//1171
f 1172//1172 1173//1173 1174//1174
f 1175//1175 1176//1176 1177//1177
f 1178//1178 364//364 366//366
f 1179//1179 1180//1180 1181//1181
f 1182//1182 1183//1183 1184//1184
f 1185//1185 1186//1186 1187//1187
f 1188//1188 1189//1189 1190//1190
f 1191//1191 1192//1192 1193//1193
f 1194//1194 1195//1195 1196//1196
f 1197//1197 1198//1198 1199//1199
f 1200//1200 1201//1201 1202//1202
f 1203//1203 1204//1204 1205//1205
f 1206//1206 1207//1207 1208//1208
f 1209//1209 394//394 396//396
f 1210//1210 1211//1211 1212//1212
f 1213//1213 1214//1214 1215//1215
f 1216//1216 1217//1217 1218//1218
f 1219//1219 1220//1220 1221//1221
f 1222//1222 1223//1223 1224//1224
f 1225//1225 1226//1226 1227//1227
f 1228//1228 1229//1229 1230//1230
f 1231//1231 1232//1232 1233//1233
f 1234//1234 1235//1235 1236//1236
f 1237//1237 1238//1238 1239//1239
f 1240//1240 1241//1241 1242//1242
f 1243//1243 1244//1244 1245//1245
f 1243//1243 1245//1245 1246//1246
f 1247//1247 1248//1248 1249//1249
f 1242//1242 1250//1250 1240//1240
f 1251//1251 1252//1252 1253//1253
f 1254//1254 1255//1255 1256//1256
f 1257//1257 1258//1258 1259//1259
f 1260//1260 1261//1261 1254//1254
f 1262//1262 1263//1263 1264//1264
f 1265//1265 1266//1266 1267//1267
f 1265//1265 1267//1267 1268//1268
f 1268//1268 1267//1267 1269//1269
f 1266//1266 1265//1265 1270//1270
f 1270//1270 1265//1265 1271//1271
f 1272//1272 1273//1273 1274//1274
f 1268//1268 1269//1269 1275//1275
f 1275//1275 1269//1269 1276//1276
f 1277//1277 1275//1275 1278//1278
f 1278//1278 1275//1275 1276//1276
f 1279//1279 1280//1280 1281//1281
f 1243//1243 1282//1282 1283//1283
f 1284//1284 1285//1285 1286//1286
f 1287//1287 1288//1288 1289//1289
f 1290//1290 1291//1291 1292//1292
f 1292//1292 1291//1291 1293//1293
f 1289//1289 1294//1294 1287//1287
f 1293//1293 1291//1291 1287//1287
f 1293//1293 1287//1287 1295//1295
f 1295//1295 1287//1287 1294//1294
f 1296//1296 1297//1297 1298//1298
f 1298//1298 1297//1297 1299//1299
f 1299//1299 1297//1297 1300//1300
f 1301//1301 1302//1302 1303//1303
f 1304//1304 1296//1296 1298//1298
f 1289//1289 1288//1288 1305//1305
f 1305//1305 1288//1288 1306//1306
f 1305//1305 1306//1306 1304//1304
f 1304//1304 1306//1306 1307//1307
f 1308//1308 1309//1309 1310//1310
f 1311//1311 1312//1312 1313//1313
f 1311//1311 1313//1313 1314//1314
f 1315//1315 1316//1316 1317//1317
f 1269//1269 1318//1318 1276//1276
f 1276//1276 1318//1318 1319//1319
f 1319//1319 1318//1318 1320//1320
f 1319//1319 1320//1320 1321//1321
f 1321//1321 1320//1320 1322//1322
f 1314//1314 1313//1313 1323//1323
f 1324//1324 1323//1323 1325//1325
f 1325//1325 1323//1323 1326//1326
f 1325//1325 1326//1326 1327//1327
f 1327//1327 1326//1326 1269//1269
f 1269//1269 1326//1326 1318//1318
f 1328//1328 1329//1329 1330//1330
f 1328//1328 1330//1330 1331//1331
f 1331//1331 1330//1330 1332//1332
f 1289//1289 1333//1333 1294//1294
f 1294//1294 1333//1333 1334//1334
f 1334//1334 1333//1333 1335//1335
f 1314//1314 1336//1336 1329//1329
f 1334//1334 1335//1335 1337//1337
f 1337//1337 1335//1335 1336//1336
f 1338//1338 1339//1339 1340//1340
f 1341//1341 1342//1342 1343//1343
f 1341//1341 1343//1343 1289//1289
f 1289//1289 1343//1343 1333//1333
f 1344//1344 1345//1345 1346//1346
f 1328//1328 1314//1314 1329//1329
f 1337//1337 1336//1336 1314//1314
f 1337//1337 1314//1314 1347//1347
f 1323//1323 1324//1324 1314//1314
f 1324//1324 1348//1348 1314//1314
f 1314//1314 1348//1348 1347//1347
f 1349//1349 1300//1300 1292//1292
f 1292//1292 1300//1300 1290//1290
f 1270//1270 1271//1271 1350//1350
f 1300//1300 1349//1349 1351//1351
f 1300//1300 1351//1351 1271//1271
f 1271//1271 1351//1351 1350//1350
f 1352//1352 1353//1353 1354//1354
f 1355//1355 1356//1356 1357//1357
f 1358//1358 1359//1359 1360//1360
f 1361//1361 1362//1362 1363//1363
f 1364//1364 1365//1365 1366//1366
f 1367//1367 1368//1368 1369//1369
f 1370//1370 1371//1371 1372//1372
f 1373//1373 1374//1374 1375//1375
f 1376//1376 1377//1377 1378//1378
f 1379//1379 1380//1380 1381//1381
f 1382//1382 1383//1383 1384//1384
f 1385//1385 1386//1386 1387//1387
f 1388//1388 1389//1389 1390//1390
f 1391//1391 1392//1392 1393//1393
f 1394//1394 1395//1395 1396//1396
f 1397//1397 1398//1398 1399//1399
f 1400//1400 1401//1401 1402//1402
f 1403//1403 1404//1404 1405//1405
f 1406//1406 1407//1407 1408//1408
f 1409//1409 1410//1410 1411//1411
f 1412//1412 1413//1413 1414//1414
f 1415//1415 1416//1416 1417//1417
f 1418//1418 1419//1419 1420//1420
f 1421//1421 1422//1422 1423//1423
f 1424//1424 1425//1425 1426//1426
f 1427//1427 1428//1428 1429//1429
f 1430//1430 1431//1431 1432//1432
f 1433//1433 1434//1434 1435//1435
f 1436//1436 1437//1437 1438//1438
f 1439//1439 1440//1440 1441//1441
f 1442//1442 1443//1443 1444//1444
f 1445//1445 1446//1446 1447//1447
f 1448//1448 1449//1449 1450//1450
f 1451//1451 1452//1452 1453//1453
f 1454//1454 1455//1455 1456//1456
f 1457//1457 1458//1458 1459//1459
f 1460//1460 1461//1461 1462//1462
f 1463//1463 1464//1464 1465//1465
f 1466//1466 1467//1467 1468//1468
f 1469//1469 1470//1470 1471//1471
f 1472//1472 1473//1473 1474//1474
f 1475//1475 1476//1476 1477//1477
f 1478//1478 1479//1479 1480//1480
f 1481//1481 1482//1482 1483//1483
f 1484//1484 1485//1485 1486//1486
f 1487//1487 1488//1488 1489//1489
f 1490//1490 1491//1491 1492//1492
f 1493//1493 1494//1494 1495//1495
f 1496//1496 1497//1497 1498//1498
f 1499//1499 1500//1500 1501//1501
f 1502//1502 1503//1503 1504//1504
f 1505//1505 1506//1506 1507//1507
f 1508//1508 1509//1509 1510//1510
f 1511//1511 1512//1512 1513//1513
f 1514//1514 1515//1515 1516//1516
f 1517//1517 1518//1518 1519//1519
f 1520//1520 1521//1521 1522//1522
f 1523//1523 1524//1524 1525//1525
f 1526//1526 1527//1527 1528//1528
f 1529//1529 1530//1530 1531//1531
f 1532//1532 1533//1533 1534//1534
f 1535//1535 1536//1536 1537//1537
f 1538//1538 1539//1539 1540//1540
f 1541//1541 1542//1542 1543//1543
f 1544//1544 1545//1545 1546//1546
f 1547//1547 1548//1548 1549//1549
f 1550//1550 1551//1551 1552//1552
f 1553//1553 1554//1554 1555//1555
f 1556//1556 1557//1557 1558//1558
f 1559//1559 1560//1560 1561//1561
f 1562//1562 1563//1563 1564//1564
f 1565//1565 1566//1566 1567//1567
f 1568//1568 1569//1569 1570//1570
f 1571//1571 1572//1572 1573//1573
f 1574//1574 1575//1575 1576//1576
f 1577//1577 1578//1578 1579//1579
f 1580//1580 1581//1581 1582//1582
f 1583//1583 1584//1584 1585//1585
f 1586//1586 1587//1587 1588//1588
f 1589//1589 1590//1590 1591//1591
f 1592//1592 1593//1593 1594//1594
f 1595//1595 1596//1596 1597//1597
f 1598//1598 1599//1599 1600//1600
f 1601//1601 1602//1602 1603//1603
f 1604//1604 1605//1605 1606//1606
f 1607//1607 1608//1608 1609//1609
f 1610//1610 1611//1611 1612//1612
f 1613//1613 1614//1614 1615//1615
f 1616//1616 1617//1617 1618//1618
f 1619//1619 1620//1620 1621//1621
f 1622//1622 1623//1623 1624//1624
f 1625//1625 1626//1626 1627//1627
f 1628//1628 1629//1629 1630//1630
f 1631//1631 1632//1632 1633//1633
f 1634//1634 1635//1635 1636//1636
f 1637//1637 1638//1638 1639//1639
f 1640//1640 1641//1641 1642//1642
f 1643//1643 1644//1644 1645//1645
f 1646//1646 1647//1647 1648//1648
f 1649//1649 1650//1650 1651//1651
f 1652//1652 1653//1653 1654//1654
f 1655//1655 1656//1656 1657//1657
f 1658//1658 1659//1659 1660//1660
f 1661//1661 1662//1662 1663//1663
f 1664//1664 1665//1665 1666//1666
f 1667//1667 1668//1668 1669//1669
f 1670//1670 1671//1671 1672//1672
f 1673//1673 1674//1674 1675//1675
f 1676//1676 1677//1677 1678//1678
f 1679//1679 1680//1680 1681//1681
f 1682//1682 1683//1683 1684//1684
f 1685//1685 1686//1686 1687//1687
f 1688//1688 1689//1689 1690//1690
f 1690//1690 1689//1689 1691//1691
f 1692//1692 1693//1693 1694//1694
f 1695//1695 1696//1696 1697//1697
f 1698//1698 1699//1699 1700//1700
f 1701//1701 1702//1702 1703//1703
f 1703//1703 1702//1702 1704//1704
f 1703//1703 1704//1704 1705//1705
f 1705//1705 1704//1704 1706//1706
f 1705//1705 1706//1706 1707//1707
f 1707//1707 1706//1706 1708//1708
f 1707//1707 1708//1708 1709//1709
f 1709//1709 1708//1708 1710//1710
f 1710//1710 1708//1708 1711//1711
f 1712//1712 1713//1713 1714//1714
f 1714//1714 1713//1713 1715//1715
f 1714//1714 1715//1715 1716//1716
f 1716//1716 1715//1715 1717//1717
f 1716//1716 1717//1717 1718//1718
f 1718//1718 1717//1717 1719//1719
f 1719//1719 1717//1717 1720//1720
f 1719//1719 1720//1720 1721//1721
f 1721//1721 1720//1720 1722//1722
f 1710//1710 1711//1711 1723//1723
f 1723//1723 1711//1711 1724//1724
f 1723//1723 1724//1724 1725//1725
f 1725//1725 1724//1724 1726//1726
f 1726//1726 1724//1724 1727//1727
f 1726//1726 1727//1727 1728//1728
f 1728//1728 1727//1727 1729//1729
f 1728//1728 1729//1729 1730//1730
f 1721//1721 1722//1722 1731//1731
f 1721//1721 1731//1731 1732//1732
f 1732//1732 1731//1731 1733//1733
f 1733//1733 1731//1731 1734//1734
f 1733//1733 1734//1734 1735//1735
f 1735//1735 1734//1734 1736//1736
f 1735//1735 1736//1736 1701//1701
f 1701//1701 1736//1736 1702//1702
f 1729//1729 1737//1737 1730//1730
f 1730//1730 1737//1737 1738//1738
f 1738//1738 1737//1737 1739//1739
f 1739//1739 1737//1737 1740//1740
f 1739//1739 1740//1740 1741//1741
f 1741//1741 1740//1740 1742//1742
f 1741//1741 1742//1742 1712//1712
f 1712//1712 1742//1742 1713//1713
f 1743//1743 1744//1744 1745//1745
f 1746//1746 1747//1747 1748//1748
f 1749//1749 1750//1750 1747//1747
f 1747//1747 1750//1750 1751//1751
f 1752//1752 1753//1753 1754//1754
f 1755//1755 1748//1748 1747//1747
f 1756//1756 1757//1757 1758//1758
f 1757//1757 1756//1756 1759//1759
f 1757//1757 1759//1759 1760//1760
f 1760//1760 1761//1761 1757//1757
f 1762//1762 1763//1763 1764//1764
f 1765//1765 1766//1766 1767//1767
f 1768//1768 1769//1769 1770//1770
f 1771//1771 1772//1772 1773//1773
f 1774//1774 1775//1775 1776//1776
f 1777//1777 1778//1778 1779//1779
f 1780//1780 1781//1781 1782//1782
f 1783//1783 1784//1784 1785//1785
f 1786//1786 1787//1787 1788//1788
f 1789//1789 1790//1790 1791//1791
f 1792//1792 1793//1793 1794//1794
f 1795//1795 1796//1796 1797//1797
f 1798//1798 1799//1799 1800//1800
f 1801//1801 1802//1802 1803//1803
f 1804//1804 1805//1805 1806//1806
f 1807//1807 1808//1808 1809//1809
f 1810//1810 1811//1811 1812//1812
f 1813//1813 1814//1814 1815//1815
f 1816//1816 1817//1817 1818//1818
f 1819//1819 1820//1820 1821//1821
f 1822//1822 1823//1823 1824//1824
f 1825//1825 1826//1826 1827//1827
f 1828//1828 1829//1829 1830//1830
f 1831//1831 1832//1832 1833//1833
f 1834//1834 1835//1835 1836//1836
f 1837//1837 1838//1838 1839//1839
f 1840//1840 1841//1841 1842//1842
f 1843//1843 1844//1844 1845//1845
f 1846//1846 1847//1847 1848//1848
f 1849//1849 1850//1850 1851//1851
f 1852//1852 1853//1853 1854//1854
f 1855//1855 1856//1856 1857//1857
f 1858//1858 1859//1859 1860//1860
f 1861//1861 1862//1862 1863//1863
f 1864//1864 1865//1865 1866//1866
f 1867//1867 1868//1868 1869//1869
f 1870//1870 1871//1871 1872//1872
f 1873//1873 1874//1874 1875//1875
f 1876//1876 1877//1877 1878//1878
f 1879//1879 1880//1880 1881//1881
f 1882//1882 1883//1883 1884//1884
f 1885//1885 1886//1886 1887//1887
f 1888//1888 1889//1889 1890//1890
f 1891//1891 1892//1892 1893//1893
f 1894//1894 1895//1895 1896//1896
f 1897//1897 1898//1898 1899//1899
f 1900//1900 1901//1901 1902//1902
f 1903//1903 1904//1904 1905//1905
f 1906//1906 1907//1907 1908//1908
f 1908//1908 1907//1907 1909//1909
f 1909//1909 1907//1907 1910//1910
f 1909//1909 1910//1910 1911//1911
f 1911//1911 1910//1910 1912//1912
f 1912//1912 1910//1910 1913//1913
f 1913//1913 1910//1910 1914//1914
f 1913//1913 1914//1914 1915//1915
f 1915//1915 1914//1914 1916//1916
f 1916//1916 1914//1914 1917//1917
f 1916//1916 1917//1917 1918//1918
f 1918//1918 1917//1917 1919//1919
f 1919//1919 1917//1917 1920//1920
f 1919//1919 1920//1920 1921//1921
f 1921//1921 1920//1920 1922//1922
f 1922//1922 1920//1920 1923//1923
f 1922//1922 1923//1923 1924//1924
f 1924//1924 1923//1923 1925//1925
f 1925//1925 1923//1923 1926//1926
f 1925//1925 1926//1926 1927//1927
f 1927//1927 1926//1926 1928//1928
f 1928//1928 1926//1926 1929//1929
f 1928//1928 1929//1929 1930//1930
f 1930//1930 1929//1929 1931//1931
f 1931//1931 1929//1929 1932//1932
f 1932//1932 1929//1929 1933//1933
f 1932//1932 1933//1933 1934//1934
f 1934//1934 1933//1933 1935//1935
f 1935//1935 1933//1933 1936//1936
f 1935//1935 1936//1936 1937//1937
f 1937//1937 1936//1936 1938//1938
f 1938//1938 1936//1936 1939//1939
f 1938//1938 1939//1939 1940//1940
f 1940//1940 1939//1939 1941//1941
f 1941//1941 1939//1939 1942//1942
f 1942//1942 1939//1939 1943//1943
f 1942//1942 1943//1943 1944//1944
f 1944//1944 1943//1943 1945//1945
f 1945//1945 1943//1943 1946//1946
f 1945//1945 1946//1946 1947//1947
f 1947//1947 1946//1946 1948//1948
f 1948//1948 1946//1946 1949//1949
f 1948//1948 1949//1949 1950//1950
f 1950//1950 1949//1949 1951//1951
f 1951//1951 1949//1949 1952//1952
f 1952//1952 1949//1949 1953//1953
f 1952//1952 1953//1953 1954//1954
f 1954//1954 1953//1953 1955//1955
f 1955//1955 1953//1953 1956//1956
f 1955//1955 1956//1956 1957//1957
f 1957//1957 1956//1956 1958//1958
f 1958//1958 1956//1956 1959//1959
f 1959//1959 1956//1956 1960//1960
f 1959//1959 1960//1960 1961//1961
f 1961//1961 1960//1960 1962//1962
f 1962//1962 1960//1960 1963//1963
f 1963//1963 1960//1960 1964//1964
f 1963//1963 1964//1964 1965//1965
f 1965//1965 1964//1964 1966//1966
f 1966//1966 1964//1964 1967//1967
f 1966//1966 1967//1967 1968//1968
f 1968//1968 1967//1967 1969//1969
f 1969//1969 1967//1967 1970//1970
f 1969//1969 1970//1970 1971//1971
f 1971//1971 1970//1970 1972//1972
f 1972//1972 1970//1970 1973//1973
f 1972//1972 1973//1973 1974//1974
f 1974//1974 1973//1973 1975//1975
f 1975//1975 1973//1973 1976//1976
f 1976//1976 1973//1973 1977//1977
f 1976//1976 1977//1977 1978//1978
f 1978//1978 1977//1977 1979//1979
f 1979//1979 1977//1977 1980//1980
f 1980//1980 1977//1977 1981//1981
f 1980//1980 1981//1981 1982//1982
f 1982//1982 1981//1981 1983//1983
f 1983//1983 1981//1981 1984//1984
f 1983//1983 1984//1984 1985//1985
f 1985//1985 1984//1984 1986//1986
f 1986//1986 1984//1984 1906//1906
f 1986//1986 1906//1906 1987//1987
f 1987//1987 1906//1906 1908//1908
f 1680//1680 1988//1988 1989//1989
f 1988//1988 1680//1680 1990//1990
f 1991//1991 1992//1992 1993//1993
f 1994//1994 1995//1995 1996//1996
f 1997//1997 1988//1988 1990//1990
f 1998//1998 1999//1999 2000//2000
f 2001//2001 1700//1700 1699//1699
f 2002//2002 1998//1998 2003//2003
f 2004//2004 1994//1994 1989//1989
f 2005//2005 1659//1659 2006//2006
f 2007//2007 2008//2008 2009//2009
f 2010//2010 2011//2011 2012//2012
f 1995//1995 1994//1994 2004//2004
f 1997//1997 1659//1659 1988//1988
f 1988//1988 1659//1659 2005//2005
f 2013//2013 2014//2014 2015//2015
f 2016//2016 2017//2017 2018//2018
f 2019//2019 2020//2020 2021//2021
f 2022//2022 2023//2023 2024//2024
f 2025//2025 2026//2026 2027//2027
f 2028//2028 2029//2029 2030//2030
f 2031//2031 2032//2032 2033//2033
f 2034//2034 2035//2035 2036//2036
f 2037//2037 2038//2038 2039//2039
f 2040//2040 2041//2041 2042//2042
f 2043//2043 2044//2044 2045//2045
f 2046//2046 2047//2047 2048//2048
f 2049//2049 2050//2050 2051//2051
f 2052//2052 2053//2053 2054//2054
f 2055//2055 2056//2056 2057//2057
f 2058//2058 2059//2059 2060//2060
f 2061//2061 2062//2062 2063//2063
f 2064//2064 2065//2065 2066//2066
f 2067//2067 2068//2068 2069//2069
f 2070//2070 2071//2071 2072//2072
f 2073//2073 2074//2074 2075//2075
f 2076//2076 2077//2077 2078//2078
f 2079//2079 2080//2080 2081//2081
f 2082//2082 2083//2083 2084//2084
f 2085//2085 2086//2086 2087//2087
f 2088//2088 2089//2089 2090//2090
f 2088//2088 2090//2090 2091//2091
f 2092//2092 2093//2093 2094//2094
f 2095//2095 2096//2096 2097//2097
f 2098//2098 2099//2099 2100//2100
f 2101//2101 2102//2102 2103//2103
f 2104//2104 2105//2105 2106//2106
f 2107//2107 2108//2108 2109//2109
f 2110//2110 2111//2111 2112//2112
f 2113//2113 2114//2114 2115//2115
f 2116//2116 2117//2117 2118//2118
f 2119//2119 2120//2120 2121//2121
f 2122//2122 2123//2123 2124//2124
f 2125//2125 2126//2126 2127//2127
f 2128//2128 2129//2129 2130//2130
f 2131//2131 2132//2132 2133//2133
f 2131//2131 2133//2133 2134//2134
f 2135//2135 2136//2136 2137//2137
f 2135//2135 2137//2137 2138//2138
f 2139//2139 2140//2140 2141//2141
f 2142//2142 2143//2143 2144//2144
f 2145//2145 2146//2146 2147//2147
f 2148//2148 2149//2149 2150//2150
f 2151//2151 2152//2152 2153//2153
f 2154//2154 2155//2155 2156//2156
f 2157//2157 2158//2158 2159//2159
f 2157//2157 2159//2159 2160//2160
f 2161//2161 2162//2162 2163//2163
f 2161//2161 2163//2163 2164//2164
f 2165//2165 2166//2166 2167//2167
f 2168//2168 2169//2169 2170//2170
f 2171//2171 2172//2172 2173//2173
f 2174//2174 2175//2175 2176//2176
f 2177//2177 2178//2178 2179//2179
f 2180//2180 2181//2181 2182//2182
f 2183//2183 2184//2184 2185//2185
f 2186//2186 2187//2187 2188//2188
f 2189//2189 2190//2190 2191//2191
f 2192//2192 2193//2193 2194//2194
f 2195//2195 2196//2196 2197//2197
f 2198//2198 2199//2199 2200//2200
f 2201//2201 2202//2202 2203//2203
f 2204//2204 2205//2205 2206//2206
f 2207//2207 2208//2208 2209//2209
f 2207//2207 2209//2209 2210//2210

