# https://github.com/mikedh/trimesh
v -0.03532591 0.04559829 0.10390715
v -0.03557262 0.04560993 0.10111008
v -0.00000006 0.04559774 0.09943602
v -0.03560215 0.04560539 0.09851082
v -0.03330535 0.04559841 0.11203224
v -0.03419092 0.04559840 0.10938037
v -0.03486575 0.04559840 0.10666712
v -0.02944452 0.04559839 0.11945925
v -0.03091685 0.04561847 0.11710458
v -0.00000006 0.04559774 0.09943602
v -0.00000006 0.04559774 0.09943602
v -0.03091685 0.04561847 0.11710458
v -0.03221434 0.04559840 0.11460651
v -0.03221434 0.04559840 0.11460651
v -0.02395688 0.04559840 0.12577946
v -0.02594985 0.04559842 0.12381869
v -0.02778283 0.04559840 0.12170761
v -0.02944452 0.04559839 0.11945925
v -0.01714452 0.04559842 0.13064460
v -0.01954101 0.04559842 0.12920273
v -0.02181567 0.04559837 0.12757824
v -0.00938611 0.04559839 0.13378436
v -0.01205179 0.04559840 0.13294216
v -0.01464406 0.04559845 0.13189309
v -0.00110858 0.04559842 0.13502635
v -0.00389716 0.04559842 0.13482985
v -0.00666169 0.04559840 0.13441495
v 0.00723070 0.04559838 0.13430186
v 0.00447282 0.04559843 0.13476164
v 0.00168806 0.04559841 0.13500365
v 0.01517037 0.04559840 0.13165039
v 0.01259600 0.04559840 0.13274127
v 0.00994412 0.04559839 0.13362695
v 0.02227135 0.04559842 0.12721894
v 0.02002315 0.04559841 0.12888053
v 0.01765094 0.04559842 0.13036081
v 0.02814181 0.04559841 0.12125212
v 0.02634344 0.04559842 0.12339280
v 0.02438272 0.04559842 0.12538567
v 0.03246651 0.04561852 0.11406302
v 0.03120810 0.04559841 0.11658119
v 0.03120810 0.04559841 0.11658119
v 0.02976675 0.04559840 0.11897685
v 0.03497880 0.04559842 0.10609812
v 0.03435492 0.04561852 0.10880408
v 0.03435492 0.04561852 0.10880408
v 0.03350593 0.04559842 0.11148815
v 0.03350593 0.04559842 0.11148815
v 0.03246651 0.04561852 0.11406302
v 0.03556755 0.04559841 0.09774844
v 0.03559032 0.04559842 0.10054419
v 0.03559032 0.04559842 0.10054419
v 0.03539742 0.04561852 0.10331435
v 0.03539742 0.04561852 0.10331435
v 0.03497880 0.04559842 0.10609812
v 0.03419083 0.04559842 0.08949192
v 0.03486564 0.04559842 0.09220511
v 0.03532550 0.04559841 0.09496292
v 0.03092478 0.04559843 0.08178502
v 0.03221421 0.04559842 0.08426555
v 0.03330519 0.04559841 0.08683982
v 0.02594970 0.04559843 0.07505345
v 0.02778267 0.04559843 0.07716448
v 0.02944442 0.04559842 0.07941293
v 0.01954061 0.04559841 0.06966918
v 0.02181584 0.04559840 0.07129420
v -0.00000006 0.04559774 0.09943602
v 0.02181584 0.04559840 0.07129420
v 0.02394359 0.04561845 0.07307851
v 0.02394359 0.04561845 0.07307851
v 0.02594970 0.04559843 0.07505345
v 0.01205147 0.04559839 0.06592994
v 0.01464373 0.04559841 0.06697895
v 0.01714483 0.04559841 0.06822780
v 0.00389663 0.04559843 0.06404226
v 0.00666148 0.04559840 0.06445709
v 0.00938617 0.04559843 0.06508784
v -0.00447283 0.04559842 0.06411049
v -0.00168801 0.04559843 0.06386846
v -0.00168801 0.04559843 0.06386846
v 0.00108907 0.04561851 0.06384348
v -0.00000006 0.04559774 0.09943602
v 0.00108907 0.04561851 0.06384348
v 0.00389663 0.04559843 0.06404226
v -0.01261462 0.04561852 0.06613600
v -0.00994389 0.04559838 0.06524515
v -0.00994389 0.04559838 0.06524515
v -0.00723092 0.04559838 0.06457037
v -0.02002311 0.04559840 0.06999154
v -0.01765122 0.04559837 0.06851137
v -0.01517017 0.04559837 0.06722161
v -0.01517017 0.04559837 0.06722161
v -0.01261462 0.04561852 0.06613600
v -0.02634358 0.04559840 0.07547941
v -0.02438281 0.04559840 0.07348646
v -0.02227152 0.04559840 0.07165326
v -0.03120831 0.04559839 0.08229115
v -0.02976686 0.04559838 0.07989528
v -0.02814192 0.04559839 0.07762006
v -0.03434841 0.04559839 0.09005023
v -0.03350608 0.04559840 0.08738417
v -0.03350608 0.04559840 0.08738417
v -0.03246658 0.04561852 0.08480905
v -0.03246658 0.04561852 0.08480905
v -0.03120831 0.04559839 0.08229115
v -0.03539309 0.04559836 0.09553460
v -0.03497890 0.04559839 0.09277399
v 0.03536601 0.04579712 0.09331712
v 0.03430339 0.04574971 0.08949868
v 0.03397104 0.04579689 0.08785011
v 0.03397104 0.04579689 0.08785011
v 0.03430339 0.04574971 0.08949868
v 0.03341792 0.04574971 0.08683778
v 0.03397104 0.04579689 0.08785011
v 0.03341792 0.04574971 0.08683778
v 0.03243754 0.04579386 0.08423713
v 0.03243754 0.04579386 0.08423713
v 0.03103569 0.04574974 0.08176508
v 0.03035848 0.04579706 0.08028877
v 0.03035848 0.04579706 0.08028877
v 0.03103569 0.04574974 0.08176508
v 0.02955362 0.04574973 0.07938464
v 0.03035848 0.04579706 0.08028877
v 0.02955362 0.04574973 0.07938464
v 0.02798648 0.04579402 0.07707499
v 0.02201370 0.04579410 0.07117498
v 0.01963031 0.04574972 0.06960108
v 0.01831409 0.04579709 0.06856917
v 0.01831409 0.04579709 0.06856917
v 0.01963031 0.04574972 0.06960108
v 0.01722927 0.04574977 0.06815294
v 0.01831409 0.04579709 0.06856917
v 0.01722927 0.04574977 0.06815294
v 0.01479369 0.04579379 0.06681198
v -0.01259510 0.04579100 0.06592601
v -0.01518162 0.04574963 0.06710978
v -0.01670066 0.04579707 0.06766457
v -0.01670066 0.04579707 0.06766457
v -0.01518162 0.04574963 0.06710978
v -0.01767077 0.04574968 0.06840021
v -0.01670066 0.04579707 0.06766457
v -0.01767077 0.04574968 0.06840021
v -0.02008867 0.04579405 0.06977597
v -0.02008867 0.04579405 0.06977597
v -0.02230852 0.04574976 0.07154670
v -0.02242013 0.04580184 0.07117374
v -0.02242013 0.04580184 0.07117374
v -0.02230852 0.04574976 0.07154670
v -0.02442782 0.04574976 0.07338286
v -0.02242013 0.04580184 0.07117374
v -0.02442782 0.04574976 0.07338286
v -0.02645430 0.04579375 0.07528311
v -0.02645430 0.04579375 0.07528311
v -0.02820261 0.04574969 0.07752503
v -0.02954631 0.04579585 0.07910572
v -0.03259993 0.04579167 0.08464009
v -0.03359320 0.04574969 0.08731265
v -0.03428829 0.04579709 0.08883007
v -0.03428829 0.04579709 0.08883007
v -0.03359320 0.04574969 0.08731265
v -0.03444085 0.04574968 0.08998579
v -0.03428829 0.04579709 0.08883007
v -0.03444085 0.04574968 0.08998579
v -0.03517640 0.04579377 0.09266759
v -0.03574264 0.04578921 0.10104979
v -0.03543572 0.04574970 0.10388495
v -0.03536617 0.04579710 0.10555482
v -0.03536617 0.04579710 0.10555482
v -0.03543572 0.04574970 0.10388495
v -0.03497744 0.04574971 0.10665151
v -0.03536617 0.04579710 0.10555482
v -0.03497744 0.04574971 0.10665151
v -0.03441592 0.04579390 0.10937387
v -0.03441592 0.04579390 0.10937387
v -0.03341806 0.04574973 0.11203444
v -0.03299246 0.04579704 0.11357422
v -0.03299246 0.04579704 0.11357422
v -0.03341806 0.04574973 0.11203444
v -0.03232658 0.04574972 0.11461751
v -0.03299246 0.04579704 0.11357422
v -0.03232658 0.04574972 0.11461751
v -0.03112646 0.04579199 0.11712448
v -0.02615427 0.04579370 0.12391339
v -0.02405627 0.04574969 0.12583256
v -0.02292450 0.04579707 0.12705165
v -0.02292450 0.04579707 0.12705165
v -0.02405627 0.04574969 0.12583256
v -0.02191074 0.04574966 0.12763884
v -0.02292450 0.04579707 0.12705165
v -0.02191074 0.04574966 0.12763884
v -0.01971422 0.04579377 0.12934512
v 0.00066367 0.04579357 0.13527793
v 0.00444888 0.04574966 0.13487164
v 0.00645991 0.04579543 0.13471544
v 0.01769743 0.04579387 0.13058090
v 0.02005165 0.04574970 0.12898943
v 0.02178084 0.04579578 0.12793194
v 0.02581766 0.04579432 0.12430859
v 0.02820250 0.04574967 0.12134702
v 0.03045103 0.04579627 0.11849636
v 0.03045103 0.04579627 0.11849636
v 0.02820250 0.04574967 0.12134702
v 0.02983469 0.04574970 0.11906675
v 0.03557662 0.04579166 0.10343195
v 0.03569529 0.04574972 0.10058529
v 0.03588761 0.04579711 0.09892026
v 0.03588761 0.04579711 0.09892026
v 0.03569529 0.04574972 0.10058529
v 0.03567542 0.04574972 0.09778117
v 0.03588761 0.04579711 0.09892026
v 0.03567542 0.04574972 0.09778117
v 0.03543561 0.04574972 0.09498717
v 0.03588761 0.04579711 0.09892026
v 0.03543561 0.04574972 0.09498717
v 0.03536601 0.04579712 0.09331712
v 0.03536601 0.04579712 0.09331712
v 0.03543561 0.04574972 0.09498717
v 0.03497733 0.04574974 0.09222059
v 0.03536601 0.04579712 0.09331712
v 0.03497733 0.04574974 0.09222059
v 0.03430339 0.04574971 0.08949868
v 0.01219632 0.04579409 0.06575329
v 0.00943183 0.04573141 0.06500949
v 0.00770810 0.04579439 0.06442488
v -0.00442753 0.04579431 0.06388722
v -0.00722551 0.04573132 0.06447990
v -0.00903094 0.04579403 0.06474346
v -0.02820261 0.04574969 0.07752503
v -0.02982716 0.04573131 0.07982776
v -0.02954631 0.04579585 0.07910572
v -0.02954631 0.04579585 0.07910572
v -0.02982716 0.04573131 0.07982776
v -0.03136331 0.04579370 0.08212926
v -0.01731830 0.04579409 0.13079479
v -0.01470105 0.04573144 0.13196348
v -0.01334391 0.04579588 0.13273288
v -0.01334391 0.04579588 0.13273288
v -0.01470105 0.04573144 0.13196348
v -0.01210328 0.04573120 0.13301647
v -0.01334391 0.04579588 0.13273288
v -0.01210328 0.04573120 0.13301647
v -0.00943144 0.04573125 0.13386256
v -0.01334391 0.04579588 0.13273288
v -0.00943144 0.04573125 0.13386256
v -0.00770816 0.04579438 0.13444726
v -0.00398927 0.04579384 0.13503494
v -0.00113438 0.04573134 0.13511325
v 0.00066367 0.04579357 0.13527793
v 0.00444888 0.04574966 0.13487164
v 0.00722574 0.04573128 0.13439216
v 0.00645991 0.04579543 0.13471544
v 0.00645991 0.04579543 0.13471544
v 0.00722574 0.04573128 0.13439216
v 0.00993566 0.04579424 0.13385406
v 0.00993566 0.04579424 0.13385406
v 0.01260484 0.04573128 0.13283148
v 0.01433734 0.04579399 0.13229319
v 0.02005165 0.04574970 0.12898943
v 0.02230795 0.04573148 0.12730205
v 0.02178084 0.04579578 0.12793194
v 0.02178084 0.04579578 0.12793194
v 0.02230795 0.04573148 0.12730205
v 0.02442546 0.04573140 0.12546567
v 0.02178084 0.04579578 0.12793194
v 0.02442546 0.04573140 0.12546567
v 0.02581766 0.04579432 0.12430859
v 0.02983469 0.04574970 0.11906675
v 0.03127364 0.04573133 0.11664359
v 0.03045103 0.04579627 0.11849636
v 0.03045103 0.04579627 0.11849636
v 0.03127364 0.04573133 0.11664359
v 0.03259984 0.04579170 0.11423201
v 0.03341792 0.04574971 0.08683778
v 0.03228444 0.04571228 0.08424961
v 0.03243754 0.04579386 0.08423713
v 0.03243754 0.04579386 0.08423713
v 0.03228444 0.04571228 0.08424961
v 0.03103569 0.04574974 0.08176508
v 0.02955362 0.04574973 0.07938464
v 0.02784705 0.04571223 0.07713246
v 0.02798648 0.04579402 0.07707499
v 0.02798648 0.04579402 0.07707499
v 0.02784705 0.04571223 0.07713246
v 0.02601126 0.04571222 0.07501630
v 0.02798648 0.04579402 0.07707499
v 0.02601126 0.04571222 0.07501630
v 0.02615388 0.04579372 0.07495847
v 0.02615388 0.04579372 0.07495847
v 0.02601126 0.04571222 0.07501630
v 0.02413849 0.04579077 0.07300020
v 0.02413849 0.04579077 0.07300020
v 0.02187135 0.04571239 0.07124804
v 0.02201370 0.04579410 0.07117498
v 0.02201370 0.04579410 0.07117498
v 0.02187135 0.04571239 0.07124804
v 0.01963031 0.04574972 0.06960108
v 0.01722927 0.04574977 0.06815294
v 0.01468628 0.04571208 0.06692119
v 0.01479369 0.04579379 0.06681198
v 0.01479369 0.04579379 0.06681198
v 0.01468628 0.04571208 0.06692119
v 0.01208980 0.04571204 0.06586916
v 0.01479369 0.04579379 0.06681198
v 0.01208980 0.04571204 0.06586916
v 0.01219632 0.04579409 0.06575329
v 0.01219632 0.04579409 0.06575329
v 0.01208980 0.04571204 0.06586916
v 0.00943183 0.04573141 0.06500949
v 0.00943183 0.04573141 0.06500949
v 0.00668986 0.04571221 0.06439097
v 0.00770810 0.04579439 0.06442488
v 0.00770810 0.04579439 0.06442488
v 0.00668986 0.04571221 0.06439097
v 0.00391982 0.04571230 0.06397401
v 0.00770810 0.04579439 0.06442488
v 0.00391982 0.04571230 0.06397401
v 0.00398883 0.04579386 0.06383698
v 0.00398883 0.04579386 0.06383698
v 0.00391982 0.04571230 0.06397401
v 0.00118994 0.04579165 0.06365545
v 0.00118994 0.04579165 0.06365545
v -0.00167574 0.04571228 0.06379747
v -0.00163378 0.04579264 0.06365483
v -0.00163378 0.04579264 0.06365483
v -0.00167574 0.04571228 0.06379747
v -0.00446679 0.04571217 0.06403892
v -0.00163378 0.04579264 0.06365483
v -0.00446679 0.04571217 0.06403892
v -0.00442753 0.04579431 0.06388722
v -0.00442753 0.04579431 0.06388722
v -0.00446679 0.04571217 0.06403892
v -0.00722551 0.04573132 0.06447990
v -0.00722551 0.04573132 0.06447990
v -0.00994926 0.04571208 0.06517362
v -0.00903094 0.04579403 0.06474346
v -0.00903094 0.04579403 0.06474346
v -0.00994926 0.04571208 0.06517362
v -0.01259510 0.04579100 0.06592601
v -0.01767077 0.04574968 0.06840021
v -0.02005012 0.04571206 0.06992509
v -0.02008867 0.04579405 0.06977597
v -0.02008867 0.04579405 0.06977597
v -0.02005012 0.04571206 0.06992509
v -0.02230852 0.04574976 0.07154670
v -0.02442782 0.04574976 0.07338286
v -0.02638524 0.04571222 0.07542075
v -0.02645430 0.04579375 0.07528311
v -0.02645430 0.04579375 0.07528311
v -0.02638524 0.04571222 0.07542075
v -0.02820261 0.04574969 0.07752503
v -0.02982716 0.04573131 0.07982776
v -0.03126248 0.04571204 0.08224411
v -0.03136331 0.04579370 0.08212926
v -0.03136331 0.04579370 0.08212926
v -0.03126248 0.04571204 0.08224411
v -0.03259993 0.04579167 0.08464009
v -0.03444085 0.04574968 0.08998579
v -0.03504503 0.04571209 0.09274608
v -0.03517640 0.04579377 0.09266759
v -0.03517640 0.04579377 0.09266759
v -0.03504503 0.04571209 0.09274608
v -0.03546090 0.04571147 0.09551401
v -0.03517640 0.04579377 0.09266759
v -0.03546090 0.04571147 0.09551401
v -0.03559923 0.04579409 0.09543792
v -0.03559923 0.04579409 0.09543792
v -0.03546090 0.04571147 0.09551401
v -0.03575127 0.04578406 0.09825103
v -0.03497744 0.04574971 0.10665151
v -0.03426270 0.04571222 0.10938517
v -0.03441592 0.04579390 0.10937387
v -0.03441592 0.04579390 0.10937387
v -0.03426270 0.04571222 0.10938517
v -0.03341806 0.04574973 0.11203444
v -0.03112646 0.04579199 0.11712448
v -0.02951113 0.04571208 0.11948605
v -0.02965594 0.04579266 0.11952335
v -0.02965594 0.04579266 0.11952335
v -0.02951113 0.04571208 0.11948605
v -0.02784725 0.04571222 0.12173962
v -0.02965594 0.04579266 0.11952335
v -0.02784725 0.04571222 0.12173962
v -0.02798648 0.04579400 0.12179731
v -0.02798648 0.04579400 0.12179731
v -0.02784725 0.04571222 0.12173962
v -0.02601142 0.04571221 0.12385589
v -0.02798648 0.04579400 0.12179731
v -0.02601142 0.04571221 0.12385589
v -0.02615427 0.04579370 0.12391339
v -0.02615427 0.04579370 0.12391339
v -0.02601142 0.04571221 0.12385589
v -0.02405627 0.04574969 0.12583256
v -0.02191074 0.04574966 0.12763884
v -0.01959231 0.04571240 0.12925332
v -0.01971422 0.04579377 0.12934512
v -0.01971422 0.04579377 0.12934512
v -0.01959231 0.04571240 0.12925332
v -0.01719247 0.04571248 0.13069869
v -0.01971422 0.04579377 0.12934512
v -0.01719247 0.04571248 0.13069869
v -0.01731830 0.04579409 0.13079479
v -0.01731830 0.04579409 0.13079479
v -0.01719247 0.04571248 0.13069869
v -0.01470105 0.04573144 0.13196348
v -0.00943144 0.04573125 0.13386256
v -0.00669028 0.04571202 0.13448095
v -0.00770816 0.04579438 0.13444726
v -0.00770816 0.04579438 0.13444726
v -0.00669028 0.04571202 0.13448095
v -0.00391979 0.04571202 0.13489775
v -0.00770816 0.04579438 0.13444726
v -0.00391979 0.04571202 0.13489775
v -0.00398927 0.04579384 0.13503494
v -0.00398927 0.04579384 0.13503494
v -0.00391979 0.04571202 0.13489775
v -0.00113438 0.04573134 0.13511325
v -0.00113438 0.04573134 0.13511325
v 0.00167564 0.04571225 0.13507464
v 0.00066367 0.04579357 0.13527793
v 0.00066367 0.04579357 0.13527793
v 0.00167564 0.04571225 0.13507464
v 0.00444888 0.04574966 0.13487164
v 0.00722574 0.04573128 0.13439216
v 0.00994919 0.04571202 0.13369846
v 0.00993566 0.04579424 0.13385406
v 0.00993566 0.04579424 0.13385406
v 0.00994919 0.04571202 0.13369846
v 0.01260484 0.04573128 0.13283148
v 0.01260484 0.04573128 0.13283148
v 0.01518654 0.04571219 0.13172039
v 0.01433734 0.04579399 0.13229319
v 0.01433734 0.04579399 0.13229319
v 0.01518654 0.04571219 0.13172039
v 0.01767259 0.04571226 0.13042950
v 0.01433734 0.04579399 0.13229319
v 0.01767259 0.04571226 0.13042950
v 0.01769743 0.04579387 0.13058090
v 0.01769743 0.04579387 0.13058090
v 0.01767259 0.04571226 0.13042950
v 0.02005165 0.04574970 0.12898943
v 0.02442546 0.04573140 0.12546567
v 0.02638514 0.04571224 0.12345140
v 0.02581766 0.04579432 0.12430859
v 0.02581766 0.04579432 0.12430859
v 0.02638514 0.04571224 0.12345140
v 0.02820250 0.04574967 0.12134702
v 0.03259984 0.04579170 0.11423201
v 0.03356694 0.04571221 0.11152615
v 0.03368443 0.04579377 0.11162394
v 0.03368443 0.04579377 0.11162394
v 0.03356694 0.04571221 0.11152615
v 0.03451336 0.04579169 0.10894908
v 0.03451336 0.04579169 0.10894908
v 0.03504492 0.04571211 0.10612602
v 0.03517629 0.04579379 0.10620462
v 0.03517629 0.04579379 0.10620462
v 0.03504492 0.04571211 0.10612602
v 0.03557662 0.04579166 0.10343195
v 0.02601126 0.04571222 0.07501630
v 0.02394359 0.04561845 0.07307851
v 0.02413849 0.04579077 0.07300020
v 0.02413849 0.04579077 0.07300020
v 0.02394359 0.04561845 0.07307851
v 0.02187135 0.04571239 0.07124804
v 0.00391982 0.04571230 0.06397401
v 0.00108907 0.04561851 0.06384348
v 0.00118994 0.04579165 0.06365545
v 0.00118994 0.04579165 0.06365545
v 0.00108907 0.04561851 0.06384348
v -0.00167574 0.04571228 0.06379747
v -0.00994926 0.04571208 0.06517362
v -0.01261462 0.04561852 0.06613600
v -0.01259510 0.04579100 0.06592601
v -0.01259510 0.04579100 0.06592601
v -0.01261462 0.04561852 0.06613600
v -0.01518162 0.04574963 0.06710978
v -0.03126248 0.04571204 0.08224411
v -0.03246658 0.04561852 0.08480905
v -0.03259993 0.04579167 0.08464009
v -0.03259993 0.04579167 0.08464009
v -0.03246658 0.04561852 0.08480905
v -0.03359320 0.04574969 0.08731265
v -0.03232658 0.04574972 0.11461751
v -0.03091685 0.04561847 0.11710458
v -0.03112646 0.04579199 0.11712448
v -0.03112646 0.04579199 0.11712448
v -0.03091685 0.04561847 0.11710458
v -0.02951113 0.04571208 0.11948605
v 0.03127364 0.04573133 0.11664359
v 0.03246651 0.04561852 0.11406302
v 0.03259984 0.04579170 0.11423201
v 0.03259984 0.04579170 0.11423201
v 0.03246651 0.04561852 0.11406302
v 0.03356694 0.04571221 0.11152615
v 0.03356694 0.04571221 0.11152615
v 0.03435492 0.04561852 0.10880408
v 0.03451336 0.04579169 0.10894908
v 0.03451336 0.04579169 0.10894908
v 0.03435492 0.04561852 0.10880408
v 0.03504492 0.04571211 0.10612602
v 0.03504492 0.04571211 0.10612602
v 0.03539742 0.04561852 0.10331435
v 0.03557662 0.04579166 0.10343195
v 0.03557662 0.04579166 0.10343195
v 0.03539742 0.04561852 0.10331435
v 0.03569529 0.04574972 0.10058529
v -0.03546090 0.04571147 0.09551401
v -0.03560215 0.04560539 0.09851082
v -0.03575127 0.04578406 0.09825103
v -0.03575127 0.04578406 0.09825103
v -0.03560215 0.04560539 0.09851082
v -0.03557262 0.04560993 0.10111008
v -0.03575127 0.04578406 0.09825103
v -0.03557262 0.04560993 0.10111008
v -0.03574264 0.04578921 0.10104979
v -0.03574264 0.04578921 0.10104979
v -0.03557262 0.04560993 0.10111008
v -0.03543572 0.04574970 0.10388495
v 0.03497733 0.04574974 0.09222059
v 0.03419083 0.04559842 0.08949192
v 0.03430339 0.04574971 0.08949868
v 0.03430339 0.04574971 0.08949868
v 0.03419083 0.04559842 0.08949192
v 0.03330519 0.04559841 0.08683982
v 0.03430339 0.04574971 0.08949868
v 0.03330519 0.04559841 0.08683982
v 0.03341792 0.04574971 0.08683778
v 0.03341792 0.04574971 0.08683778
v 0.03330519 0.04559841 0.08683982
v 0.03221421 0.04559842 0.08426555
v 0.03341792 0.04574971 0.08683778
v 0.03221421 0.04559842 0.08426555
v 0.03228444 0.04571228 0.08424961
v 0.03228444 0.04571228 0.08424961
v 0.03221421 0.04559842 0.08426555
v 0.03092478 0.04559843 0.08178502
v 0.03228444 0.04571228 0.08424961
v 0.03092478 0.04559843 0.08178502
v 0.03103569 0.04574974 0.08176508
v 0.03103569 0.04574974 0.08176508
v 0.03092478 0.04559843 0.08178502
v 0.02944442 0.04559842 0.07941293
v 0.03103569 0.04574974 0.08176508
v 0.02944442 0.04559842 0.07941293
v 0.02955362 0.04574973 0.07938464
v 0.02955362 0.04574973 0.07938464
v 0.02944442 0.04559842 0.07941293
v 0.02778267 0.04559843 0.07716448
v 0.02955362 0.04574973 0.07938464
v 0.02778267 0.04559843 0.07716448
v 0.02784705 0.04571223 0.07713246
v 0.02784705 0.04571223 0.07713246
v 0.02778267 0.04559843 0.07716448
v 0.02594970 0.04559843 0.07505345
v 0.02784705 0.04571223 0.07713246
v 0.02594970 0.04559843 0.07505345
v 0.02601126 0.04571222 0.07501630
v 0.02601126 0.04571222 0.07501630
v 0.02594970 0.04559843 0.07505345
v 0.02394359 0.04561845 0.07307851
v 0.02394359 0.04561845 0.07307851
v 0.02181584 0.04559840 0.07129420
v 0.02187135 0.04571239 0.07124804
v 0.02187135 0.04571239 0.07124804
v 0.02181584 0.04559840 0.07129420
v 0.01954061 0.04559841 0.06966918
v 0.02187135 0.04571239 0.07124804
v 0.01954061 0.04559841 0.06966918
v 0.01963031 0.04574972 0.06960108
v 0.01963031 0.04574972 0.06960108
v 0.01954061 0.04559841 0.06966918
v 0.01714483 0.04559841 0.06822780
v 0.01963031 0.04574972 0.06960108
v 0.01714483 0.04559841 0.06822780
v 0.01722927 0.04574977 0.06815294
v 0.01722927 0.04574977 0.06815294
v 0.01714483 0.04559841 0.06822780
v 0.01464373 0.04559841 0.06697895
v 0.01722927 0.04574977 0.06815294
v 0.01464373 0.04559841 0.06697895
v 0.01468628 0.04571208 0.06692119
v 0.01468628 0.04571208 0.06692119
v 0.01464373 0.04559841 0.06697895
v 0.01205147 0.04559839 0.06592994
v 0.01468628 0.04571208 0.06692119
v 0.01205147 0.04559839 0.06592994
v 0.01208980 0.04571204 0.06586916
v 0.01208980 0.04571204 0.06586916
v 0.01205147 0.04559839 0.06592994
v 0.00938617 0.04559843 0.06508784
v 0.01208980 0.04571204 0.06586916
v 0.00938617 0.04559843 0.06508784
v 0.00943183 0.04573141 0.06500949
v 0.00943183 0.04573141 0.06500949
v 0.00938617 0.04559843 0.06508784
v 0.00666148 0.04559840 0.06445709
v 0.00943183 0.04573141 0.06500949
v 0.00666148 0.04559840 0.06445709
v 0.00668986 0.04571221 0.06439097
v 0.00668986 0.04571221 0.06439097
v 0.00666148 0.04559840 0.06445709
v 0.00389663 0.04559843 0.06404226
v 0.00668986 0.04571221 0.06439097
v 0.00389663 0.04559843 0.06404226
v 0.00391982 0.04571230 0.06397401
v 0.00391982 0.04571230 0.06397401
v 0.00389663 0.04559843 0.06404226
v 0.00108907 0.04561851 0.06384348
v 0.00108907 0.04561851 0.06384348
v -0.00168801 0.04559843 0.06386846
v -0.00167574 0.04571228 0.06379747
v -0.00167574 0.04571228 0.06379747
v -0.00168801 0.04559843 0.06386846
v -0.00447283 0.04559842 0.06411049
v -0.00167574 0.04571228 0.06379747
v -0.00447283 0.04559842 0.06411049
v -0.00446679 0.04571217 0.06403892
v -0.00446679 0.04571217 0.06403892
v -0.00447283 0.04559842 0.06411049
v -0.00723092 0.04559838 0.06457037
v -0.00446679 0.04571217 0.06403892
v -0.00723092 0.04559838 0.06457037
v -0.00722551 0.04573132 0.06447990
v -0.00722551 0.04573132 0.06447990
v -0.00723092 0.04559838 0.06457037
v -0.00994389 0.04559838 0.06524515
v -0.00722551 0.04573132 0.06447990
v -0.00994389 0.04559838 0.06524515
v -0.00994926 0.04571208 0.06517362
v -0.00994926 0.04571208 0.06517362
v -0.00994389 0.04559838 0.06524515
v -0.01261462 0.04561852 0.06613600
v -0.01261462 0.04561852 0.06613600
v -0.01517017 0.04559837 0.06722161
v -0.01518162 0.04574963 0.06710978
v -0.01518162 0.04574963 0.06710978
v -0.01517017 0.04559837 0.06722161
v -0.01765122 0.04559837 0.06851137
v -0.01518162 0.04574963 0.06710978
v -0.01765122 0.04559837 0.06851137
v -0.01767077 0.04574968 0.06840021
v -0.01767077 0.04574968 0.06840021
v -0.01765122 0.04559837 0.06851137
v -0.02002311 0.04559840 0.06999154
v -0.01767077 0.04574968 0.06840021
v -0.02002311 0.04559840 0.06999154
v -0.02005012 0.04571206 0.06992509
v -0.02005012 0.04571206 0.06992509
v -0.02002311 0.04559840 0.06999154
v -0.02227152 0.04559840 0.07165326
v -0.02005012 0.04571206 0.06992509
v -0.02227152 0.04559840 0.07165326
v -0.02230852 0.04574976 0.07154670
v -0.02230852 0.04574976 0.07154670
v -0.02227152 0.04559840 0.07165326
v -0.02438281 0.04559840 0.07348646
v -0.02230852 0.04574976 0.07154670
v -0.02438281 0.04559840 0.07348646
v -0.02442782 0.04574976 0.07338286
v -0.02442782 0.04574976 0.07338286
v -0.02438281 0.04559840 0.07348646
v -0.02634358 0.04559840 0.07547941
v -0.02442782 0.04574976 0.07338286
v -0.02634358 0.04559840 0.07547941
v -0.02638524 0.04571222 0.07542075
v -0.02638524 0.04571222 0.07542075
v -0.02634358 0.04559840 0.07547941
v -0.02814192 0.04559839 0.07762006
v -0.02638524 0.04571222 0.07542075
v -0.02814192 0.04559839 0.07762006
v -0.02820261 0.04574969 0.07752503
v -0.02820261 0.04574969 0.07752503
v -0.02814192 0.04559839 0.07762006
v -0.02976686 0.04559838 0.07989528
v -0.02820261 0.04574969 0.07752503
v -0.02976686 0.04559838 0.07989528
v -0.02982716 0.04573131 0.07982776
v -0.02982716 0.04573131 0.07982776
v -0.02976686 0.04559838 0.07989528
v -0.03120831 0.04559839 0.08229115
v -0.02982716 0.04573131 0.07982776
v -0.03120831 0.04559839 0.08229115
v -0.03126248 0.04571204 0.08224411
v -0.03126248 0.04571204 0.08224411
v -0.03120831 0.04559839 0.08229115
v -0.03246658 0.04561852 0.08480905
v -0.03246658 0.04561852 0.08480905
v -0.03350608 0.04559840 0.08738417
v -0.03359320 0.04574969 0.08731265
v -0.03359320 0.04574969 0.08731265
v -0.03350608 0.04559840 0.08738417
v -0.03434841 0.04559839 0.09005023
v -0.03359320 0.04574969 0.08731265
v -0.03434841 0.04559839 0.09005023
v -0.03444085 0.04574968 0.08998579
v -0.03444085 0.04574968 0.08998579
v -0.03434841 0.04559839 0.09005023
v -0.03497890 0.04559839 0.09277399
v -0.03444085 0.04574968 0.08998579
v -0.03497890 0.04559839 0.09277399
v -0.03504503 0.04571209 0.09274608
v -0.03504503 0.04571209 0.09274608
v -0.03497890 0.04559839 0.09277399
v -0.03539309 0.04559836 0.09553460
v -0.03504503 0.04571209 0.09274608
v -0.03539309 0.04559836 0.09553460
v -0.03546090 0.04571147 0.09551401
v -0.03546090 0.04571147 0.09551401
v -0.03539309 0.04559836 0.09553460
v -0.03560215 0.04560539 0.09851082
v -0.03557262 0.04560993 0.10111008
v -0.03532591 0.04559829 0.10390715
v -0.03543572 0.04574970 0.10388495
v -0.03543572 0.04574970 0.10388495
v -0.03532591 0.04559829 0.10390715
v -0.03486575 0.04559840 0.10666712
v -0.03543572 0.04574970 0.10388495
v -0.03486575 0.04559840 0.10666712
v -0.03497744 0.04574971 0.10665151
v -0.03497744 0.04574971 0.10665151
v -0.03486575 0.04559840 0.10666712
v -0.03419092 0.04559840 0.10938037
v -0.03497744 0.04574971 0.10665151
v -0.03419092 0.04559840 0.10938037
v -0.03426270 0.04571222 0.10938517
v -0.03426270 0.04571222 0.10938517
v -0.03419092 0.04559840 0.10938037
v -0.03330535 0.04559841 0.11203224
v -0.03426270 0.04571222 0.10938517
v -0.03330535 0.04559841 0.11203224
v -0.03341806 0.04574973 0.11203444
v -0.03341806 0.04574973 0.11203444
v -0.03330535 0.04559841 0.11203224
v -0.03221434 0.04559840 0.11460651
v -0.03341806 0.04574973 0.11203444
v -0.03221434 0.04559840 0.11460651
v -0.03232658 0.04574972 0.11461751
v -0.03232658 0.04574972 0.11461751
v -0.03221434 0.04559840 0.11460651
v -0.03091685 0.04561847 0.11710458
v -0.03091685 0.04561847 0.11710458
v -0.02944452 0.04559839 0.11945925
v -0.02951113 0.04571208 0.11948605
v -0.02951113 0.04571208 0.11948605
v -0.02944452 0.04559839 0.11945925
v -0.02778283 0.04559840 0.12170761
v -0.02951113 0.04571208 0.11948605
v -0.02778283 0.04559840 0.12170761
v -0.02784725 0.04571222 0.12173962
v -0.02784725 0.04571222 0.12173962
v -0.02778283 0.04559840 0.12170761
v -0.02594985 0.04559842 0.12381869
v -0.02784725 0.04571222 0.12173962
v -0.02594985 0.04559842 0.12381869
v -0.02601142 0.04571221 0.12385589
v -0.02601142 0.04571221 0.12385589
v -0.02594985 0.04559842 0.12381869
v -0.02395688 0.04559840 0.12577946
v -0.02601142 0.04571221 0.12385589
v -0.02395688 0.04559840 0.12577946
v -0.02405627 0.04574969 0.12583256
v -0.02405627 0.04574969 0.12583256
v -0.02395688 0.04559840 0.12577946
v -0.02181567 0.04559837 0.12757824
v -0.02405627 0.04574969 0.12583256
v -0.02181567 0.04559837 0.12757824
v -0.02191074 0.04574966 0.12763884
v -0.02191074 0.04574966 0.12763884
v -0.02181567 0.04559837 0.12757824
v -0.01954101 0.04559842 0.12920273
v -0.02191074 0.04574966 0.12763884
v -0.01954101 0.04559842 0.12920273
v -0.01959231 0.04571240 0.12925332
v -0.01959231 0.04571240 0.12925332
v -0.01954101 0.04559842 0.12920273
v -0.01714452 0.04559842 0.13064460
v -0.01959231 0.04571240 0.12925332
v -0.01714452 0.04559842 0.13064460
v -0.01719247 0.04571248 0.13069869
v -0.01719247 0.04571248 0.13069869
v -0.01714452 0.04559842 0.13064460
v -0.01464406 0.04559845 0.13189309
v -0.01719247 0.04571248 0.13069869
v -0.01464406 0.04559845 0.13189309
v -0.01470105 0.04573144 0.13196348
v -0.01470105 0.04573144 0.13196348
v -0.01464406 0.04559845 0.13189309
v -0.01205179 0.04559840 0.13294216
v -0.01470105 0.04573144 0.13196348
v -0.01205179 0.04559840 0.13294216
v -0.01210328 0.04573120 0.13301647
v -0.01210328 0.04573120 0.13301647
v -0.01205179 0.04559840 0.13294216
v -0.00938611 0.04559839 0.13378436
v -0.01210328 0.04573120 0.13301647
v -0.00938611 0.04559839 0.13378436
v -0.00943144 0.04573125 0.13386256
v -0.00943144 0.04573125 0.13386256
v -0.00938611 0.04559839 0.13378436
v -0.00666169 0.04559840 0.13441495
v -0.00943144 0.04573125 0.13386256
v -0.00666169 0.04559840 0.13441495
v -0.00669028 0.04571202 0.13448095
v -0.00669028 0.04571202 0.13448095
v -0.00666169 0.04559840 0.13441495
v -0.00389716 0.04559842 0.13482985
v -0.00669028 0.04571202 0.13448095
v -0.00389716 0.04559842 0.13482985
v -0.00391979 0.04571202 0.13489775
v -0.00391979 0.04571202 0.13489775
v -0.00389716 0.04559842 0.13482985
v -0.00110858 0.04559842 0.13502635
v -0.00391979 0.04571202 0.13489775
v -0.00110858 0.04559842 0.13502635
v -0.00113438 0.04573134 0.13511325
v -0.00113438 0.04573134 0.13511325
v -0.00110858 0.04559842 0.13502635
v 0.00168806 0.04559841 0.13500365
v -0.00113438 0.04573134 0.13511325
v 0.00168806 0.04559841 0.13500365
v 0.00167564 0.04571225 0.13507464
v 0.00167564 0.04571225 0.13507464
v 0.00168806 0.04559841 0.13500365
v 0.00447282 0.04559843 0.13476164
v 0.00167564 0.04571225 0.13507464
v 0.00447282 0.04559843 0.13476164
v 0.00444888 0.04574966 0.13487164
v 0.00444888 0.04574966 0.13487164
v 0.00447282 0.04559843 0.13476164
v 0.00723070 0.04559838 0.13430186
v 0.00444888 0.04574966 0.13487164
v 0.00723070 0.04559838 0.13430186
v 0.00722574 0.04573128 0.13439216
v 0.00722574 0.04573128 0.13439216
v 0.00723070 0.04559838 0.13430186
v 0.00994412 0.04559839 0.13362695
v 0.00722574 0.04573128 0.13439216
v 0.00994412 0.04559839 0.13362695
v 0.00994919 0.04571202 0.13369846
v 0.00994919 0.04571202 0.13369846
v 0.00994412 0.04559839 0.13362695
v 0.01259600 0.04559840 0.13274127
v 0.00994919 0.04571202 0.13369846
v 0.01259600 0.04559840 0.13274127
v 0.01260484 0.04573128 0.13283148
v 0.01260484 0.04573128 0.13283148
v 0.01259600 0.04559840 0.13274127
v 0.01517037 0.04559840 0.13165039
v 0.01260484 0.04573128 0.13283148
v 0.01517037 0.04559840 0.13165039
v 0.01518654 0.04571219 0.13172039
v 0.01518654 0.04571219 0.13172039
v 0.01517037 0.04559840 0.13165039
v 0.01765094 0.04559842 0.13036081
v 0.01518654 0.04571219 0.13172039
v 0.01765094 0.04559842 0.13036081
v 0.01767259 0.04571226 0.13042950
v 0.01767259 0.04571226 0.13042950
v 0.01765094 0.04559842 0.13036081
v 0.02002315 0.04559841 0.12888053
v 0.01767259 0.04571226 0.13042950
v 0.02002315 0.04559841 0.12888053
v 0.02005165 0.04574970 0.12898943
v 0.02005165 0.04574970 0.12898943
v 0.02002315 0.04559841 0.12888053
v 0.02227135 0.04559842 0.12721894
v 0.02005165 0.04574970 0.12898943
v 0.02227135 0.04559842 0.12721894
v 0.02230795 0.04573148 0.12730205
v 0.02230795 0.04573148 0.12730205
v 0.02227135 0.04559842 0.12721894
v 0.02438272 0.04559842 0.12538567
v 0.02442546 0.04573140 0.12546567
v 0.02442546 0.04573140 0.12546567
v 0.02438272 0.04559842 0.12538567
v 0.02634344 0.04559842 0.12339280
v 0.02442546 0.04573140 0.12546567
v 0.02634344 0.04559842 0.12339280
v 0.02638514 0.04571224 0.12345140
v 0.02638514 0.04571224 0.12345140
v 0.02634344 0.04559842 0.12339280
v 0.02814181 0.04559841 0.12125212
v 0.02638514 0.04571224 0.12345140
v 0.02814181 0.04559841 0.12125212
v 0.02820250 0.04574967 0.12134702
v 0.02820250 0.04574967 0.12134702
v 0.02814181 0.04559841 0.12125212
v 0.02976675 0.04559840 0.11897685
v 0.02820250 0.04574967 0.12134702
v 0.02976675 0.04559840 0.11897685
v 0.02983469 0.04574970 0.11906675
v 0.02983469 0.04574970 0.11906675
v 0.02976675 0.04559840 0.11897685
v 0.03120810 0.04559841 0.11658119
v 0.02983469 0.04574970 0.11906675
v 0.03120810 0.04559841 0.11658119
v 0.03127364 0.04573133 0.11664359
v 0.03127364 0.04573133 0.11664359
v 0.03120810 0.04559841 0.11658119
v 0.03246651 0.04561852 0.11406302
v 0.03246651 0.04561852 0.11406302
v 0.03350593 0.04559842 0.11148815
v 0.03356694 0.04571221 0.11152615
v 0.03356694 0.04571221 0.11152615
v 0.03350593 0.04559842 0.11148815
v 0.03435492 0.04561852 0.10880408
v 0.03435492 0.04561852 0.10880408
v 0.03497880 0.04559842 0.10609812
v 0.03504492 0.04571211 0.10612602
v 0.03504492 0.04571211 0.10612602
v 0.03497880 0.04559842 0.10609812
v 0.03539742 0.04561852 0.10331435
v 0.03539742 0.04561852 0.10331435
v 0.03559032 0.04559842 0.10054419
v 0.03569529 0.04574972 0.10058529
v 0.03569529 0.04574972 0.10058529
v 0.03559032 0.04559842 0.10054419
v 0.03556755 0.04559841 0.09774844
v 0.03569529 0.04574972 0.10058529
v 0.03556755 0.04559841 0.09774844
v 0.03567542 0.04574972 0.09778117
v 0.03567542 0.04574972 0.09778117
v 0.03556755 0.04559841 0.09774844
v 0.03532550 0.04559841 0.09496292
v 0.03567542 0.04574972 0.09778117
v 0.03532550 0.04559841 0.09496292
v 0.03543561 0.04574972 0.09498717
v 0.03543561 0.04574972 0.09498717
v 0.03532550 0.04559841 0.09496292
v 0.03486564 0.04559842 0.09220511
v 0.03543561 0.04574972 0.09498717
v 0.03486564 0.04559842 0.09220511
v 0.03497733 0.04574974 0.09222059
v 0.03497733 0.04574974 0.09222059
v 0.03486564 0.04559842 0.09220511
v 0.03419083 0.04559842 0.08949192
v -0.03299246 0.04579704 0.11357422
v -0.03266632 0.04579379 0.11479151
v -0.03376960 0.04579430 0.11219114
v -0.03299246 0.04579704 0.11357422
v -0.03376960 0.04579430 0.11219114
v -0.03441592 0.04579390 0.10937387
v -0.03441592 0.04579390 0.10937387
v -0.03376960 0.04579430 0.11219114
v -0.03466796 0.04579433 0.10949307
v 0.00993566 0.04579424 0.13385406
v 0.01010083 0.04579481 0.13409196
v 0.00731693 0.04579542 0.13478345
v -0.03536617 0.04579710 0.10555482
v -0.03536617 0.04579710 0.10555482
v -0.03466796 0.04579433 0.10949307
v -0.03533908 0.04579328 0.10678781
v -0.03536617 0.04579710 0.10555482
v -0.03533908 0.04579328 0.10678781
v -0.03580284 0.04579588 0.10401515
v -0.03580284 0.04579588 0.10401515
v -0.03574264 0.04578921 0.10104979
v -0.03574264 0.04578921 0.10104979
v -0.03580284 0.04579588 0.10401515
v -0.03605625 0.04579594 0.10101909
v -0.03607949 0.04579556 0.09838353
v -0.03574264 0.04578921 0.10104979
v -0.03607949 0.04579556 0.09838353
v -0.03575127 0.04578406 0.09825103
v -0.03575127 0.04578406 0.09825103
v -0.03607949 0.04579556 0.09838353
v -0.03559923 0.04579409 0.09543792
v -0.03559923 0.04579409 0.09543792
v -0.03607949 0.04579556 0.09838353
v -0.03586792 0.04579553 0.09538961
v -0.03517640 0.04579377 0.09266759
v -0.03517640 0.04579377 0.09266759
v -0.03586792 0.04579553 0.09538961
v -0.03545607 0.04579404 0.09265164
v -0.03428829 0.04579709 0.08883007
v -0.03428829 0.04579709 0.08883007
v -0.03545607 0.04579404 0.09265164
v -0.03481829 0.04579516 0.08991195
v -0.03428829 0.04579709 0.08883007
v -0.03481829 0.04579516 0.08991195
v -0.03399170 0.04579264 0.08728977
v -0.03399170 0.04579264 0.08728977
v -0.03259993 0.04579167 0.08464009
v -0.03259993 0.04579167 0.08464009
v -0.03399170 0.04579264 0.08728977
v -0.03285142 0.04579561 0.08448364
v -0.03136331 0.04579370 0.08212926
v -0.03136331 0.04579370 0.08212926
v -0.03285142 0.04579561 0.08448364
v -0.03164475 0.04579462 0.08207320
v -0.02954631 0.04579585 0.07910572
v -0.02954631 0.04579585 0.07910572
v -0.03164475 0.04579462 0.08207320
v -0.03021235 0.04579344 0.07968055
v -0.02954631 0.04579585 0.07910572
v -0.03021235 0.04579344 0.07968055
v -0.02852897 0.04579504 0.07732304
v -0.02852897 0.04579504 0.07732304
v -0.02645430 0.04579375 0.07528311
v -0.02671854 0.04579234 0.07516436
v -0.02242013 0.04580184 0.07117374
v -0.02484283 0.04579662 0.07326002
v -0.02008867 0.04579405 0.06977597
v -0.02242013 0.04580184 0.07117374
v -0.02045674 0.04579682 0.06969883
v -0.01670066 0.04579707 0.06766457
v -0.01670066 0.04579707 0.06766457
v -0.02045674 0.04579682 0.06969883
v -0.01787267 0.04579410 0.06808002
v -0.01552888 0.04579639 0.06685914
v -0.01670066 0.04579707 0.06766457
v -0.01552888 0.04579639 0.06685914
v -0.01259510 0.04579100 0.06592601
v -0.01259510 0.04579100 0.06592601
v -0.01552888 0.04579639 0.06685914
v -0.01255277 0.04579615 0.06559695
v -0.01259510 0.04579100 0.06592601
v -0.01255277 0.04579615 0.06559695
v -0.00903094 0.04579403 0.06474346
v -0.00903094 0.04579403 0.06474346
v -0.01255277 0.04579615 0.06559695
v -0.01019595 0.04579253 0.06480499
v -0.00903094 0.04579403 0.06474346
v -0.01019595 0.04579253 0.06480499
v -0.00729800 0.04579454 0.06408420
v -0.00442753 0.04579431 0.06388722
v -0.00452799 0.04579496 0.06362389
v 0.00645991 0.04579543 0.13471544
v 0.00453286 0.04579483 0.13524734
v -0.00167715 0.04579526 0.06337765
v -0.00442753 0.04579431 0.06388722
v -0.00167715 0.04579526 0.06337765
v -0.00163378 0.04579264 0.06365483
v 0.00118994 0.04579165 0.06365545
v 0.00114825 0.04579532 0.06335760
v 0.00398883 0.04579386 0.06383698
v 0.00381555 0.04579595 0.06354802
v 0.00770810 0.04579439 0.06442488
v 0.00704003 0.04579666 0.06403913
v 0.00950860 0.04579433 0.06461419
v 0.00770810 0.04579439 0.06442488
v 0.00950860 0.04579433 0.06461419
v 0.01219632 0.04579409 0.06575329
v 0.01233573 0.04579484 0.06551560
v 0.01480596 0.04579522 0.06651607
v 0.01479369 0.04579379 0.06681198
v 0.01831409 0.04579709 0.06856917
v 0.01831409 0.04579709 0.06856917
v 0.01480596 0.04579522 0.06651607
v 0.01747630 0.04579537 0.06785401
v 0.01831409 0.04579709 0.06856917
v 0.01747630 0.04579537 0.06785401
v 0.01979177 0.04579376 0.06924761
v 0.01979177 0.04579376 0.06924761
v 0.02201370 0.04579410 0.07117498
v 0.02201370 0.04579410 0.07117498
v 0.01979177 0.04579376 0.06924761
v 0.02212951 0.04579301 0.07091415
v 0.02433769 0.04579491 0.07277331
v 0.02201370 0.04579410 0.07117498
v 0.02433769 0.04579491 0.07277331
v 0.02413849 0.04579077 0.07300020
v 0.02615388 0.04579372 0.07495847
v 0.02615388 0.04579372 0.07495847
v 0.02635636 0.04579521 0.07477372
v 0.02798648 0.04579402 0.07707499
v 0.02816761 0.04579388 0.07686022
v 0.03035848 0.04579706 0.08028877
v 0.03035848 0.04579706 0.08028877
v 0.02816761 0.04579388 0.07686022
v 0.02984462 0.04579477 0.07912774
v 0.03035848 0.04579706 0.08028877
v 0.02984462 0.04579477 0.07912774
v 0.03136346 0.04579383 0.08156202
v 0.03136346 0.04579383 0.08156202
v 0.03243754 0.04579386 0.08423713
v 0.03243754 0.04579386 0.08423713
v 0.03136346 0.04579383 0.08156202
v 0.03266956 0.04579483 0.08408483
v 0.00152668 0.04579366 0.13550004
v 0.00066367 0.04579357 0.13527793
v -0.00107413 0.04579486 0.13551923
v -0.00398927 0.04579384 0.13503494
v -0.00411599 0.04579348 0.13529544
v -0.00770816 0.04579438 0.13444726
v -0.00770816 0.04579438 0.13444726
v -0.00411599 0.04579348 0.13529544
v -0.00693295 0.04579704 0.13485065
v -0.00939157 0.04579577 0.13428596
v -0.00939157 0.04579577 0.13428596
v -0.01334391 0.04579588 0.13273288
v -0.01334391 0.04579588 0.13273288
v -0.00939157 0.04579577 0.13428596
v -0.01242574 0.04579293 0.13332456
v -0.01494673 0.04579456 0.13229808
v -0.01494673 0.04579456 0.13229808
v -0.01731830 0.04579409 0.13079479
v -0.01752984 0.04579417 0.13098540
v -0.01971422 0.04579377 0.12934512
v -0.01971422 0.04579377 0.12934512
v -0.01752984 0.04579417 0.13098540
v -0.01985798 0.04579116 0.12958631
v -0.01971422 0.04579377 0.12934512
v -0.01985798 0.04579116 0.12958631
v -0.02292450 0.04579707 0.12705165
v -0.02226950 0.04579441 0.12783894
v -0.02292450 0.04579707 0.12705165
v -0.02226950 0.04579441 0.12783894
v -0.02435039 0.04579189 0.12608236
v -0.02615427 0.04579370 0.12391339
v -0.02615427 0.04579370 0.12391339
v -0.02435039 0.04579189 0.12608236
v -0.02634113 0.04579374 0.12411499
v -0.02798648 0.04579400 0.12179731
v -0.02816646 0.04579440 0.12201221
v -0.02965594 0.04579266 0.11952335
v -0.02965594 0.04579266 0.11952335
v -0.02816646 0.04579440 0.12201221
v -0.02987556 0.04579536 0.11969194
v -0.03112646 0.04579199 0.11712448
v -0.03112646 0.04579199 0.11712448
v -0.02987556 0.04579536 0.11969194
v -0.03134495 0.04579437 0.11734087
v -0.03299246 0.04579704 0.11357422
v -0.03299246 0.04579704 0.11357422
v -0.03134495 0.04579437 0.11734087
v -0.03266632 0.04579379 0.11479151
v 0.01264600 0.04579600 0.13323957
v 0.01264600 0.04579600 0.13323957
v 0.00993566 0.04579424 0.13385406
v 0.01433734 0.04579399 0.13229319
v 0.01549941 0.04579653 0.13202898
v 0.01786777 0.04579560 0.13079850
v 0.01769743 0.04579387 0.13058090
v 0.02049234 0.04579677 0.12914122
v 0.02049234 0.04579677 0.12914122
v 0.01769743 0.04579387 0.13058090
v 0.02178084 0.04579578 0.12793194
v 0.02246821 0.04579574 0.12768014
v 0.02485837 0.04579659 0.12559856
v 0.02581766 0.04579432 0.12430859
v 0.02667518 0.04579466 0.12375339
v 0.02862128 0.04579546 0.12142272
v 0.03045103 0.04579627 0.11849636
v 0.03014207 0.04579524 0.11929385
v 0.03014207 0.04579524 0.11929385
v 0.03045103 0.04579627 0.11849636
v 0.03169633 0.04579426 0.11671169
v 0.03288797 0.04579510 0.11431301
v 0.03288797 0.04579510 0.11431301
v 0.03045103 0.04579627 0.11849636
v 0.03259984 0.04579170 0.11423201
v 0.03288797 0.04579510 0.11431301
v 0.03259984 0.04579170 0.11423201
v 0.03398037 0.04579417 0.11161505
v 0.03398037 0.04579417 0.11161505
v 0.03259984 0.04579170 0.11423201
v 0.03368443 0.04579377 0.11162394
v 0.03480130 0.04579512 0.10902098
v 0.03480130 0.04579512 0.10902098
v 0.03368443 0.04579377 0.11162394
v 0.03451336 0.04579169 0.10894908
v 0.03546789 0.04579417 0.10615222
v 0.03546789 0.04579417 0.10615222
v 0.03451336 0.04579169 0.10894908
v 0.03517629 0.04579379 0.10620462
v 0.03586851 0.04579506 0.10347375
v 0.03586851 0.04579506 0.10347375
v 0.03517629 0.04579379 0.10620462
v 0.03557662 0.04579166 0.10343195
v 0.03607983 0.04579515 0.10054069
v 0.03607983 0.04579515 0.10054069
v 0.03557662 0.04579166 0.10343195
v 0.03588761 0.04579711 0.09892026
v 0.03607983 0.04579515 0.10054069
v 0.03588761 0.04579711 0.09892026
v 0.03605821 0.04579489 0.09777990
v 0.03578960 0.04579611 0.09477429
v 0.03578960 0.04579611 0.09477429
v 0.03536601 0.04579712 0.09331712
v 0.03536601 0.04579712 0.09331712
v 0.03534579 0.04579434 0.09210523
v 0.03468388 0.04579368 0.08942092
v 0.03397104 0.04579689 0.08785011
v 0.03397104 0.04579689 0.08785011
v 0.03266956 0.04579483 0.08408483
v 0.03375583 0.04579402 0.08664395
v 0.03397104 0.04579689 0.08785011
v 0.03375583 0.04579402 0.08664395
v 0.03468388 0.04579368 0.08942092
v 0.03221489 0.04568463 0.08272469
v 0.03266956 0.04579483 0.08408483
v 0.03136346 0.04579383 0.08156202
v 0.01233573 0.04579484 0.06551560
v 0.01407850 0.04571982 0.06605661
v 0.01480596 0.04579522 0.06651607
v 0.00950860 0.04579433 0.06461419
v 0.01127732 0.04568097 0.06492986
v 0.01233573 0.04579484 0.06551560
v -0.01019595 0.04579253 0.06480499
v -0.00814519 0.04567698 0.06405091
v -0.00729800 0.04579454 0.06408420
v -0.01612064 0.04567366 0.06688886
v -0.01552888 0.04579639 0.06685914
v -0.01787267 0.04579410 0.06808002
v -0.02309322 0.04567103 0.07139145
v -0.02242013 0.04580184 0.07117374
v -0.02484283 0.04579662 0.07326002
v -0.02523397 0.04567225 0.07331132
v -0.02484283 0.04579662 0.07326002
v -0.02671854 0.04579234 0.07516436
v 0.00453286 0.04579483 0.13524734
v 0.00383444 0.04567526 0.13554723
v 0.00152668 0.04579366 0.13550004
v 0.02190207 0.04567965 0.12839024
v 0.02049234 0.04579677 0.12914122
v 0.02246821 0.04579574 0.12768014
v 0.02419852 0.04568373 0.12648355
v 0.02246821 0.04579574 0.12768014
v 0.02485837 0.04579659 0.12559856
v 0.02797182 0.04571788 0.12246330
v 0.02667518 0.04579466 0.12375339
v 0.02862128 0.04579546 0.12142272
v 0.03014207 0.04579524 0.11929385
v 0.02980378 0.04568294 0.12016064
v 0.02862128 0.04579546 0.12142272
v 0.03366341 0.04571699 0.11284453
v 0.03288797 0.04579510 0.11431301
v 0.03398037 0.04579417 0.11161505
v 0.02816761 0.04579388 0.07686022
v 0.02635636 0.04579521 0.07477372
v 0.02747233 0.04568456 0.07571525
v 0.01979177 0.04579376 0.06924761
v 0.01747630 0.04579537 0.06785401
v 0.01896412 0.04568481 0.06849556
v -0.00525003 0.04567832 0.06351014
v -0.00452799 0.04579496 0.06362389
v -0.00729800 0.04579454 0.06408420
v 0.00453286 0.04579483 0.13524734
v 0.00731693 0.04579542 0.13478345
v 0.00672734 0.04567533 0.13512285
v 0.03546789 0.04579417 0.10615222
v 0.03586851 0.04579506 0.10347375
v 0.03584561 0.04571729 0.10471584
v 0.03578960 0.04579611 0.09477429
v 0.03534579 0.04579434 0.09210523
v 0.03581636 0.04568739 0.09358451
v 0.03586851 0.04579506 0.10347375
v 0.03607983 0.04579515 0.10054069
v 0.03620695 0.04569137 0.10173008
v 0.03620695 0.04569137 0.10173008
v 0.03607983 0.04579515 0.10054069
v 0.03628989 0.04568337 0.09906517
v 0.03628989 0.04568337 0.09906517
v 0.03607983 0.04579515 0.10054069
v 0.03605821 0.04579489 0.09777990
v 0.03628989 0.04568337 0.09906517
v 0.03605821 0.04579489 0.09777990
v 0.03613746 0.04569043 0.09629882
v 0.03613746 0.04569043 0.09629882
v 0.03605821 0.04579489 0.09777990
v 0.03578960 0.04579611 0.09477429
v 0.03613746 0.04569043 0.09629882
v 0.03578960 0.04579611 0.09477429
v 0.03581636 0.04568739 0.09358451
v 0.03581636 0.04568739 0.09358451
v 0.03534579 0.04579434 0.09210523
v 0.03519241 0.04569035 0.09064506
v 0.03519241 0.04569035 0.09064506
v 0.03534579 0.04579434 0.09210523
v 0.03468388 0.04579368 0.08942092
v 0.03519241 0.04569035 0.09064506
v 0.03468388 0.04579368 0.08942092
v 0.03444126 0.04568359 0.08799699
v 0.03444126 0.04568359 0.08799699
v 0.03468388 0.04579368 0.08942092
v 0.03375583 0.04579402 0.08664395
v 0.03444126 0.04568359 0.08799699
v 0.03375583 0.04579402 0.08664395
v 0.03349816 0.04569116 0.08550526
v 0.03349816 0.04569116 0.08550526
v 0.03375583 0.04579402 0.08664395
v 0.03266956 0.04579483 0.08408483
v 0.03349816 0.04569116 0.08550526
v 0.03266956 0.04579483 0.08408483
v 0.03221489 0.04568463 0.08272469
v 0.03221489 0.04568463 0.08272469
v 0.03136346 0.04579383 0.08156202
v 0.03087300 0.04568336 0.08035855
v 0.03087300 0.04568336 0.08035855
v 0.03136346 0.04579383 0.08156202
v 0.02984462 0.04579477 0.07912774
v 0.03087300 0.04568336 0.08035855
v 0.02984462 0.04579477 0.07912774
v 0.02928468 0.04572087 0.07811330
v 0.02928468 0.04572087 0.07811330
v 0.02984462 0.04579477 0.07912774
v 0.02816761 0.04579388 0.07686022
v 0.02928468 0.04572087 0.07811330
v 0.02816761 0.04579388 0.07686022
v 0.02747233 0.04568456 0.07571525
v 0.02747233 0.04568456 0.07571525
v 0.02635636 0.04579521 0.07477372
v 0.02560451 0.04567957 0.07370231
v 0.02560451 0.04567957 0.07370231
v 0.02635636 0.04579521 0.07477372
v 0.02433769 0.04579491 0.07277331
v 0.02560451 0.04567957 0.07370231
v 0.02433769 0.04579491 0.07277331
v 0.02360974 0.04568689 0.07188314
v 0.02360974 0.04568689 0.07188314
v 0.02433769 0.04579491 0.07277331
v 0.02212951 0.04579301 0.07091415
v 0.02360974 0.04568689 0.07188314
v 0.02212951 0.04579301 0.07091415
v 0.02137050 0.04572200 0.07018386
v 0.02137050 0.04572200 0.07018386
v 0.02212951 0.04579301 0.07091415
v 0.01979177 0.04579376 0.06924761
v 0.02137050 0.04572200 0.07018386
v 0.01979177 0.04579376 0.06924761
v 0.01896412 0.04568481 0.06849556
v 0.01896412 0.04568481 0.06849556
v 0.01747630 0.04579537 0.06785401
v 0.01656562 0.04568154 0.06714027
v 0.01656562 0.04568154 0.06714027
v 0.01747630 0.04579537 0.06785401
v 0.01480596 0.04579522 0.06651607
v 0.01656562 0.04568154 0.06714027
v 0.01480596 0.04579522 0.06651607
v 0.01407850 0.04571982 0.06605661
v 0.01407850 0.04571982 0.06605661
v 0.01233573 0.04579484 0.06551560
v 0.01127732 0.04568097 0.06492986
v 0.01127732 0.04568097 0.06492986
v 0.00950860 0.04579433 0.06461419
v 0.00863585 0.04567817 0.06417282
v 0.00863585 0.04567817 0.06417282
v 0.00950860 0.04579433 0.06461419
v 0.00704003 0.04579666 0.06403913
v 0.00863585 0.04567817 0.06417282
v 0.00704003 0.04579666 0.06403913
v 0.00590465 0.04568494 0.06363037
v 0.00590465 0.04568494 0.06363037
v 0.00704003 0.04579666 0.06403913
v 0.00381555 0.04579595 0.06354802
v 0.00590465 0.04568494 0.06363037
v 0.00381555 0.04579595 0.06354802
v 0.00300409 0.04567957 0.06325370
v 0.00300409 0.04567957 0.06325370
v 0.00381555 0.04579595 0.06354802
v 0.00114825 0.04579532 0.06335760
v 0.00300409 0.04567957 0.06325370
v 0.00114825 0.04579532 0.06335760
v 0.00027806 0.04568098 0.06313902
v 0.00027806 0.04568098 0.06313902
v 0.00114825 0.04579532 0.06335760
v -0.00167715 0.04579526 0.06337765
v 0.00027806 0.04568098 0.06313902
v -0.00167715 0.04579526 0.06337765
v -0.00251618 0.04567781 0.06321728
v -0.00251618 0.04567781 0.06321728
v -0.00167715 0.04579526 0.06337765
v -0.00452799 0.04579496 0.06362389
v -0.00251618 0.04567781 0.06321728
v -0.00452799 0.04579496 0.06362389
v -0.00525003 0.04567832 0.06351014
v -0.00525003 0.04567832 0.06351014
v -0.00729800 0.04579454 0.06408420
v -0.00814519 0.04567698 0.06405091
v -0.01019595 0.04579253 0.06480499
v -0.01255277 0.04579615 0.06559695
v -0.01339987 0.04571333 0.06576118
v -0.01339987 0.04571333 0.06576118
v -0.01255277 0.04579615 0.06559695
v -0.01552888 0.04579639 0.06685914
v -0.01339987 0.04571333 0.06576118
v -0.01552888 0.04579639 0.06685914
v -0.01612064 0.04567366 0.06688886
v -0.02045674 0.04579682 0.06969883
v -0.02242013 0.04580184 0.07117374
v -0.02309322 0.04567103 0.07139145
v -0.02309322 0.04567103 0.07139145
v -0.02484283 0.04579662 0.07326002
v -0.02523397 0.04567225 0.07331132
v -0.02671854 0.04579234 0.07516436
v -0.02852897 0.04579504 0.07732304
v -0.02899770 0.04567473 0.07757587
v -0.02899770 0.04567473 0.07757587
v -0.02852897 0.04579504 0.07732304
v -0.03021235 0.04579344 0.07968055
v -0.03021235 0.04579344 0.07968055
v -0.03164475 0.04579462 0.08207320
v -0.03203451 0.04566427 0.08227431
v -0.03203451 0.04566427 0.08227431
v -0.03164475 0.04579462 0.08207320
v -0.03285142 0.04579561 0.08448364
v -0.03203451 0.04566427 0.08227431
v -0.03285142 0.04579561 0.08448364
v -0.03325742 0.04566942 0.08481860
v -0.03325742 0.04566942 0.08481860
v -0.03285142 0.04579561 0.08448364
v -0.03399170 0.04579264 0.08728977
v -0.03624809 0.04563054 0.09592377
v -0.03545607 0.04579404 0.09265164
v -0.03586792 0.04579553 0.09538961
v 0.03586851 0.04579506 0.10347375
v 0.03620695 0.04569137 0.10173008
v 0.03584561 0.04571729 0.10471584
v 0.03546789 0.04579417 0.10615222
v 0.03584561 0.04571729 0.10471584
v 0.03539768 0.04568282 0.10744860
v 0.03546789 0.04579417 0.10615222
v 0.03539768 0.04568282 0.10744860
v 0.03480130 0.04579512 0.10902098
v 0.03480130 0.04579512 0.10902098
v 0.03539768 0.04568282 0.10744860
v 0.03468460 0.04568693 0.11008517
v 0.03480130 0.04579512 0.10902098
v 0.03468460 0.04568693 0.11008517
v 0.03398037 0.04579417 0.11161505
v 0.03398037 0.04579417 0.11161505
v 0.03468460 0.04568693 0.11008517
v 0.03366341 0.04571699 0.11284453
v 0.03288797 0.04579510 0.11431301
v 0.03366341 0.04571699 0.11284453
v 0.03258013 0.04567868 0.11545300
v 0.03288797 0.04579510 0.11431301
v 0.03258013 0.04567868 0.11545300
v 0.03169633 0.04579426 0.11671169
v 0.03169633 0.04579426 0.11671169
v 0.03258013 0.04567868 0.11545300
v 0.03128282 0.04568541 0.11782787
v 0.03169633 0.04579426 0.11671169
v 0.03128282 0.04568541 0.11782787
v 0.03014207 0.04579524 0.11929385
v 0.03014207 0.04579524 0.11929385
v 0.03128282 0.04568541 0.11782787
v 0.02980378 0.04568294 0.12016064
v 0.02862128 0.04579546 0.12142272
v 0.02980378 0.04568294 0.12016064
v 0.02797182 0.04571788 0.12246330
v 0.02667518 0.04579466 0.12375339
v 0.02797182 0.04571788 0.12246330
v 0.02616453 0.04568026 0.12459748
v 0.02667518 0.04579466 0.12375339
v 0.02616453 0.04568026 0.12459748
v 0.02485837 0.04579659 0.12559856
v 0.02485837 0.04579659 0.12559856
v 0.02616453 0.04568026 0.12459748
v 0.02419852 0.04568373 0.12648355
v 0.02246821 0.04579574 0.12768014
v 0.02419852 0.04568373 0.12648355
v 0.02190207 0.04567965 0.12839024
v 0.02049234 0.04579677 0.12914122
v 0.02190207 0.04567965 0.12839024
v 0.01962945 0.04571112 0.12990731
v 0.02049234 0.04579677 0.12914122
v 0.01962945 0.04571112 0.12990731
v 0.01786777 0.04579560 0.13079850
v 0.01786777 0.04579560 0.13079850
v 0.01962945 0.04571112 0.12990731
v 0.01722618 0.04568269 0.13138319
v 0.01786777 0.04579560 0.13079850
v 0.01722618 0.04568269 0.13138319
v 0.01549941 0.04579653 0.13202898
v 0.01549941 0.04579653 0.13202898
v 0.01722618 0.04568269 0.13138319
v 0.01465043 0.04571356 0.13258687
v 0.01549941 0.04579653 0.13202898
v 0.01465043 0.04571356 0.13258687
v 0.01264600 0.04579600 0.13323957
v 0.01264600 0.04579600 0.13323957
v 0.01465043 0.04571356 0.13258687
v 0.01199750 0.04567073 0.13372356
v 0.01264600 0.04579600 0.13323957
v 0.01199750 0.04567073 0.13372356
v 0.01010083 0.04579481 0.13409196
v 0.01010083 0.04579481 0.13409196
v 0.01199750 0.04567073 0.13372356
v 0.00944112 0.04567897 0.13449225
v 0.01010083 0.04579481 0.13409196
v 0.00944112 0.04567897 0.13449225
v 0.00731693 0.04579542 0.13478345
v 0.00731693 0.04579542 0.13478345
v 0.00944112 0.04567897 0.13449225
v 0.00672734 0.04567533 0.13512285
v 0.00453286 0.04579483 0.13524734
v 0.00672734 0.04567533 0.13512285
v 0.00383444 0.04567526 0.13554723
v -0.00107413 0.04579486 0.13551923
v 0.00152668 0.04579366 0.13550004
v -0.00180400 0.04567816 0.13569784
v -0.00107413 0.04579486 0.13551923
v -0.00180400 0.04567816 0.13569784
v -0.00411599 0.04579348 0.13529544
v -0.00693295 0.04579704 0.13485065
v -0.00411599 0.04579348 0.13529544
v -0.00742819 0.04563443 0.13507695
v -0.00693295 0.04579704 0.13485065
v -0.00742819 0.04563443 0.13507695
v -0.00939157 0.04579577 0.13428596
v -0.00939157 0.04579577 0.13428596
v -0.00742819 0.04563443 0.13507695
v -0.01008415 0.04567314 0.13432745
v -0.00939157 0.04579577 0.13428596
v -0.01008415 0.04567314 0.13432745
v -0.01242574 0.04579293 0.13332456
v -0.02816646 0.04579440 0.12201221
v -0.02634113 0.04579374 0.12411499
v -0.02849082 0.04563259 0.12210931
v -0.02816646 0.04579440 0.12201221
v -0.02849082 0.04563259 0.12210931
v -0.02987556 0.04579536 0.11969194
v -0.02987556 0.04579536 0.11969194
v -0.02849082 0.04563259 0.12210931
v -0.03012581 0.04563054 0.11989284
v -0.02987556 0.04579536 0.11969194
v -0.03012581 0.04563054 0.11989284
v -0.03134495 0.04579437 0.11734087
v -0.03376960 0.04579430 0.11219114
v -0.03266632 0.04579379 0.11479151
v -0.03400072 0.04566112 0.11229174
v -0.03376960 0.04579430 0.11219114
v -0.03400072 0.04566112 0.11229174
v -0.03466796 0.04579433 0.10949307
v -0.03580284 0.04579588 0.10401515
v -0.03533908 0.04579328 0.10678781
v -0.03609183 0.04563190 0.10427744
v -0.03580284 0.04579588 0.10401515
v -0.03609183 0.04563190 0.10427744
v -0.03605625 0.04579594 0.10101909
v -0.03607949 0.04579556 0.09838353
v -0.03605625 0.04579594 0.10101909
v -0.03639965 0.04563192 0.09842660
v -0.03607949 0.04579556 0.09838353
v -0.03639965 0.04563192 0.09842660
v -0.03586792 0.04579553 0.09538961
v -0.03586792 0.04579553 0.09538961
v -0.03639965 0.04563192 0.09842660
v -0.03624809 0.04563054 0.09592377
v -0.02833135 0.04559107 0.12353350
v -0.03271097 0.04560399 0.11583889
v -0.03012581 0.04563054 0.11989284
v -0.02849082 0.04563259 0.12210931
v -0.02833135 0.04559107 0.12353350
v -0.03012581 0.04563054 0.11989284
v -0.02849082 0.04563259 0.12210931
v -0.02672947 0.04560416 0.12438688
v -0.02833135 0.04559107 0.12353350
v -0.02379942 0.04561240 0.12718085
v -0.02561004 0.04558768 0.12640396
v -0.02672947 0.04560416 0.12438688
v -0.02561004 0.04558768 0.12640396
v -0.02379942 0.04561240 0.12718085
v -0.01990722 0.04560370 0.13012201
v -0.00742819 0.04563443 0.13507695
v -0.00397770 0.04558926 0.13641513
v -0.01181726 0.04560407 0.13406965
v -0.00324159 0.04560424 0.13589614
v -0.00397770 0.04558926 0.13641513
v -0.00742819 0.04563443 0.13507695
v -0.03568287 0.04560084 0.09103988
v -0.03624809 0.04563054 0.09592377
v -0.03669659 0.04559145 0.09337469
v -0.03639965 0.04563192 0.09842660
v -0.03669659 0.04559145 0.09337469
v -0.03624809 0.04563054 0.09592377
v -0.03651585 0.04559906 0.10341646
v -0.03669659 0.04559145 0.09337469
v -0.03639965 0.04563192 0.09842660
v -0.03651585 0.04559906 0.10341646
v -0.03609183 0.04563190 0.10427744
v -0.03561162 0.04560582 0.10780470
v -0.03634070 0.04565037 0.10124098
v -0.03634070 0.04565037 0.10124098
v -0.03605625 0.04579594 0.10101909
v -0.03609183 0.04563190 0.10427744
v -0.03545607 0.04579404 0.09265164
v -0.03624809 0.04563054 0.09592377
v -0.03579120 0.04564878 0.09285461
v -0.03545607 0.04579404 0.09265164
v -0.03579120 0.04564878 0.09285461
v -0.03481829 0.04579516 0.08991195
v -0.03481829 0.04579516 0.08991195
v -0.03579120 0.04564878 0.09285461
v -0.03515641 0.04565039 0.09005918
v -0.03481829 0.04579516 0.08991195
v -0.03515641 0.04565039 0.09005918
v -0.03399170 0.04579264 0.08728977
v -0.02309322 0.04567103 0.07139145
v -0.02090386 0.04565039 0.06965464
v -0.02045674 0.04579682 0.06969883
v -0.02045674 0.04579682 0.06969883
v -0.02090386 0.04565039 0.06965464
v -0.01787267 0.04579410 0.06808002
v -0.01242574 0.04579293 0.13332456
v -0.01533957 0.04565042 0.13242987
v -0.01494673 0.04579456 0.13229808
v -0.01494673 0.04579456 0.13229808
v -0.01533957 0.04565042 0.13242987
v -0.01752984 0.04579417 0.13098540
v -0.03166517 0.04565039 0.11735847
v -0.03266632 0.04579379 0.11479151
v -0.03134495 0.04579437 0.11734087
v -0.03166517 0.04565039 0.11735847
v -0.03487951 0.04561192 0.11018247
v -0.03533908 0.04579328 0.10678781
v -0.03466796 0.04579433 0.10949307
v -0.03487951 0.04561192 0.11018247
v -0.03466796 0.04579433 0.10949307
v -0.03400072 0.04566112 0.11229174
v -0.03533908 0.04579328 0.10678781
v -0.03487951 0.04561192 0.11018247
v -0.03561162 0.04560582 0.10780470
v -0.03533908 0.04579328 0.10678781
v -0.03561162 0.04560582 0.10780470
v -0.03609183 0.04563190 0.10427744
v -0.03399170 0.04579264 0.08728977
v -0.03515641 0.04565039 0.09005918
v -0.03411773 0.04560462 0.08622606
v -0.03399170 0.04579264 0.08728977
v -0.03411773 0.04560462 0.08622606
v -0.03325742 0.04566942 0.08481860
v -0.03021235 0.04579344 0.07968055
v -0.03203451 0.04566427 0.08227431
v -0.03133429 0.04560373 0.08053349
v -0.03021235 0.04579344 0.07968055
v -0.03133429 0.04560373 0.08053349
v -0.02899770 0.04567473 0.07757587
v -0.02671854 0.04579234 0.07516436
v -0.02899770 0.04567473 0.07757587
v -0.02811196 0.04560530 0.07601300
v -0.02671854 0.04579234 0.07516436
v -0.02811196 0.04560530 0.07601300
v -0.02523397 0.04567225 0.07331132
v -0.01787267 0.04579410 0.06808002
v -0.02090386 0.04565039 0.06965464
v -0.01953995 0.04560409 0.06849558
v -0.01787267 0.04579410 0.06808002
v -0.01953995 0.04560409 0.06849558
v -0.01612064 0.04567366 0.06688886
v -0.01339987 0.04571333 0.06576118
v -0.01612064 0.04567366 0.06688886
v -0.01460228 0.04560552 0.06588519
v -0.01339987 0.04571333 0.06576118
v -0.01460228 0.04560552 0.06588519
v -0.01019595 0.04579253 0.06480499
v -0.01135221 0.04560398 0.06466696
v -0.01019595 0.04579253 0.06480499
v -0.01135221 0.04560398 0.06466696
v -0.00814519 0.04567698 0.06405091
v 0.01407850 0.04571982 0.06605661
v 0.01127732 0.04568097 0.06492986
v 0.01517892 0.04560406 0.06614326
v 0.01407850 0.04571982 0.06605661
v 0.01517892 0.04560406 0.06614326
v 0.01656562 0.04568154 0.06714027
v 0.02137050 0.04572200 0.07018386
v 0.01896412 0.04568481 0.06849556
v 0.02071287 0.04560357 0.06926647
v 0.02137050 0.04572200 0.07018386
v 0.02071287 0.04560357 0.06926647
v 0.02360974 0.04568689 0.07188314
v 0.02928468 0.04572087 0.07811330
v 0.02747233 0.04568456 0.07571525
v 0.02887267 0.04560640 0.07696868
v 0.02928468 0.04572087 0.07811330
v 0.02887267 0.04560640 0.07696868
v 0.03087300 0.04568336 0.08035855
v 0.03584561 0.04571729 0.10471584
v 0.03620695 0.04569137 0.10173008
v 0.03602980 0.04560445 0.10580642
v 0.03584561 0.04571729 0.10471584
v 0.03602980 0.04560445 0.10580642
v 0.03539768 0.04568282 0.10744860
v 0.03366341 0.04571699 0.11284453
v 0.03468460 0.04568693 0.11008517
v 0.03440440 0.04560424 0.11190464
v 0.03366341 0.04571699 0.11284453
v 0.03440440 0.04560424 0.11190464
v 0.03258013 0.04567868 0.11545300
v 0.02797182 0.04571788 0.12246330
v 0.02980378 0.04568294 0.12016064
v 0.02895258 0.04560362 0.12182102
v 0.02797182 0.04571788 0.12246330
v 0.02895258 0.04560362 0.12182102
v 0.02616453 0.04568026 0.12459748
v 0.01962945 0.04571112 0.12990731
v 0.02190207 0.04567965 0.12839024
v 0.02070528 0.04560358 0.12961161
v 0.01962945 0.04571112 0.12990731
v 0.02070528 0.04560358 0.12961161
v 0.01722618 0.04568269 0.13138319
v 0.01465043 0.04571356 0.13258687
v 0.01722618 0.04568269 0.13138319
v 0.01576905 0.04560438 0.13245398
v 0.01465043 0.04571356 0.13258687
v 0.01576905 0.04560438 0.13245398
v 0.01199750 0.04567073 0.13372356
v 0.00152668 0.04579366 0.13550004
v 0.00383444 0.04567526 0.13554723
v 0.00215477 0.04560507 0.13596182
v 0.00152668 0.04579366 0.13550004
v 0.00215477 0.04560507 0.13596182
v -0.00180400 0.04567816 0.13569784
v -0.00411599 0.04579348 0.13529544
v -0.00180400 0.04567816 0.13569784
v -0.00324159 0.04560424 0.13589614
v -0.00411599 0.04579348 0.13529544
v -0.00324159 0.04560424 0.13589614
v -0.00742819 0.04563443 0.13507695
v -0.01242574 0.04579293 0.13332456
v -0.01008415 0.04567314 0.13432745
v -0.01181726 0.04560407 0.13406965
v -0.01242574 0.04579293 0.13332456
v -0.01181726 0.04560407 0.13406965
v -0.01533957 0.04565042 0.13242987
v -0.01752984 0.04579417 0.13098540
v -0.01533957 0.04565042 0.13242987
v -0.01694627 0.04560557 0.13186569
v -0.01752984 0.04579417 0.13098540
v -0.01694627 0.04560557 0.13186569
v -0.01985798 0.04579116 0.12958631
v -0.01985798 0.04579116 0.12958631
v -0.01694627 0.04560557 0.13186569
v -0.01990722 0.04560370 0.13012201
v -0.01985798 0.04579116 0.12958631
v -0.01990722 0.04560370 0.13012201
v -0.02226950 0.04579441 0.12783894
v -0.02226950 0.04579441 0.12783894
v -0.01990722 0.04560370 0.13012201
v -0.02379942 0.04561240 0.12718085
v -0.02226950 0.04579441 0.12783894
v -0.02379942 0.04561240 0.12718085
v -0.02435039 0.04579189 0.12608236
v -0.02435039 0.04579189 0.12608236
v -0.02379942 0.04561240 0.12718085
v -0.02634113 0.04579374 0.12411499
v -0.02634113 0.04579374 0.12411499
v -0.02379942 0.04561240 0.12718085
v -0.02672947 0.04560416 0.12438688
v -0.02634113 0.04579374 0.12411499
v -0.02672947 0.04560416 0.12438688
v -0.02849082 0.04563259 0.12210931
v -0.03266632 0.04579379 0.11479151
v -0.03166517 0.04565039 0.11735847
v -0.03271097 0.04560399 0.11583889
v -0.03266632 0.04579379 0.11479151
v -0.03271097 0.04560399 0.11583889
v -0.03400072 0.04566112 0.11229174
v -0.03634070 0.04565037 0.10124098
v -0.03609183 0.04563190 0.10427744
v -0.03651585 0.04559906 0.10341646
v -0.03634070 0.04565037 0.10124098
v -0.03651585 0.04559906 0.10341646
v -0.03639965 0.04563192 0.09842660
v -0.03579120 0.04564878 0.09285461
v -0.03624809 0.04563054 0.09592377
v -0.03568287 0.04560084 0.09103988
v -0.03579120 0.04564878 0.09285461
v -0.03568287 0.04560084 0.09103988
v -0.03515641 0.04565039 0.09005918
v -0.03515641 0.04565039 0.09005918
v -0.03568287 0.04560084 0.09103988
v -0.03411773 0.04560462 0.08622606
v -0.03325742 0.04566942 0.08481860
v -0.03411773 0.04560462 0.08622606
v -0.03203451 0.04566427 0.08227431
v -0.03203451 0.04566427 0.08227431
v -0.03411773 0.04560462 0.08622606
v -0.03133429 0.04560373 0.08053349
v -0.02899770 0.04567473 0.07757587
v -0.03133429 0.04560373 0.08053349
v -0.02811196 0.04560530 0.07601300
v -0.02523397 0.04567225 0.07331132
v -0.02811196 0.04560530 0.07601300
v -0.02499274 0.04560123 0.07258151
v -0.02523397 0.04567225 0.07331132
v -0.02499274 0.04560123 0.07258151
v -0.02309322 0.04567103 0.07139145
v -0.02309322 0.04567103 0.07139145
v -0.02499274 0.04560123 0.07258151
v -0.02090386 0.04565039 0.06965464
v -0.02090386 0.04565039 0.06965464
v -0.02499274 0.04560123 0.07258151
v -0.01953995 0.04560409 0.06849558
v -0.01612064 0.04567366 0.06688886
v -0.01953995 0.04560409 0.06849558
v -0.01460228 0.04560552 0.06588519
v -0.00814519 0.04567698 0.06405091
v -0.01135221 0.04560398 0.06466696
v -0.00662457 0.04560045 0.06338364
v -0.00814519 0.04567698 0.06405091
v -0.00662457 0.04560045 0.06338364
v -0.00525003 0.04567832 0.06351014
v -0.00525003 0.04567832 0.06351014
v -0.00662457 0.04560045 0.06338364
v -0.00251618 0.04567781 0.06321728
v -0.00251618 0.04567781 0.06321728
v -0.00662457 0.04560045 0.06338364
v -0.00096800 0.04560060 0.06279412
v -0.00251618 0.04567781 0.06321728
v -0.00096800 0.04560060 0.06279412
v 0.00027806 0.04568098 0.06313902
v 0.00027806 0.04568098 0.06313902
v -0.00096800 0.04560060 0.06279412
v 0.00300409 0.04567957 0.06325370
v 0.00300409 0.04567957 0.06325370
v -0.00096800 0.04560060 0.06279412
v 0.00471198 0.04560045 0.06308432
v 0.00300409 0.04567957 0.06325370
v 0.00471198 0.04560045 0.06308432
v 0.00590465 0.04568494 0.06363037
v 0.00590465 0.04568494 0.06363037
v 0.00471198 0.04560045 0.06308432
v 0.00863585 0.04567817 0.06417282
v 0.00863585 0.04567817 0.06417282
v 0.00471198 0.04560045 0.06308432
v 0.01028371 0.04560059 0.06425368
v 0.00863585 0.04567817 0.06417282
v 0.01028371 0.04560059 0.06425368
v 0.01127732 0.04568097 0.06492986
v 0.01127732 0.04568097 0.06492986
v 0.01028371 0.04560059 0.06425368
v 0.01517892 0.04560406 0.06614326
v 0.01656562 0.04568154 0.06714027
v 0.01517892 0.04560406 0.06614326
v 0.01896412 0.04568481 0.06849556
v 0.01896412 0.04568481 0.06849556
v 0.01517892 0.04560406 0.06614326
v 0.02071287 0.04560357 0.06926647
v 0.02360974 0.04568689 0.07188314
v 0.02071287 0.04560357 0.06926647
v 0.02496670 0.04560047 0.07260088
v 0.02360974 0.04568689 0.07188314
v 0.02496670 0.04560047 0.07260088
v 0.02560451 0.04567957 0.07370231
v 0.02560451 0.04567957 0.07370231
v 0.02496670 0.04560047 0.07260088
v 0.02747233 0.04568456 0.07571525
v 0.02747233 0.04568456 0.07571525
v 0.02496670 0.04560047 0.07260088
v 0.02887267 0.04560640 0.07696868
v 0.03087300 0.04568336 0.08035855
v 0.02887267 0.04560640 0.07696868
v 0.03058525 0.04559982 0.07920410
v 0.03087300 0.04568336 0.08035855
v 0.03058525 0.04559982 0.07920410
v 0.03221489 0.04568463 0.08272469
v 0.03221489 0.04568463 0.08272469
v 0.03058525 0.04559982 0.07920410
v 0.03325366 0.04560064 0.08401592
v 0.03221489 0.04568463 0.08272469
v 0.03325366 0.04560064 0.08401592
v 0.03349816 0.04569116 0.08550526
v 0.03349816 0.04569116 0.08550526
v 0.03325366 0.04560064 0.08401592
v 0.03444126 0.04568359 0.08799699
v 0.03534044 0.04560095 0.08968475
v 0.03444126 0.04568359 0.08799699
v 0.03534044 0.04560095 0.08968475
v 0.03519241 0.04569035 0.09064506
v 0.03519241 0.04569035 0.09064506
v 0.03534044 0.04560095 0.08968475
v 0.03581636 0.04568739 0.09358451
v 0.03581636 0.04568739 0.09358451
v 0.03534044 0.04560095 0.08968475
v 0.03640023 0.04560122 0.09515133
v 0.03581636 0.04568739 0.09358451
v 0.03640023 0.04560122 0.09515133
v 0.03613746 0.04569043 0.09629882
v 0.03613746 0.04569043 0.09629882
v 0.03640023 0.04560122 0.09515133
v 0.03628989 0.04568337 0.09906517
v 0.03628989 0.04568337 0.09906517
v 0.03640023 0.04560122 0.09515133
v 0.03663215 0.04560082 0.10066489
v 0.03628989 0.04568337 0.09906517
v 0.03663215 0.04560082 0.10066489
v 0.03620695 0.04569137 0.10173008
v 0.03620695 0.04569137 0.10173008
v 0.03663215 0.04560082 0.10066489
v 0.03602980 0.04560445 0.10580642
v 0.03539768 0.04568282 0.10744860
v 0.03602980 0.04560445 0.10580642
v 0.03468460 0.04568693 0.11008517
v 0.03440440 0.04560424 0.11190464
v 0.03258013 0.04567868 0.11545300
v 0.03440440 0.04560424 0.11190464
v 0.03225248 0.04560048 0.11685768
v 0.03258013 0.04567868 0.11545300
v 0.03225248 0.04560048 0.11685768
v 0.03128282 0.04568541 0.11782787
v 0.03128282 0.04568541 0.11782787
v 0.03225248 0.04560048 0.11685768
v 0.02980378 0.04568294 0.12016064
v 0.02980378 0.04568294 0.12016064
v 0.03225248 0.04560048 0.11685768
v 0.02895258 0.04560362 0.12182102
v 0.02616453 0.04568026 0.12459748
v 0.02895258 0.04560362 0.12182102
v 0.02535684 0.04560049 0.12590696
v 0.02616453 0.04568026 0.12459748
v 0.02535684 0.04560049 0.12590696
v 0.02419852 0.04568373 0.12648355
v 0.02419852 0.04568373 0.12648355
v 0.02535684 0.04560049 0.12590696
v 0.02190207 0.04567965 0.12839024
v 0.02190207 0.04567965 0.12839024
v 0.02535684 0.04560049 0.12590696
v 0.02070528 0.04560358 0.12961161
v 0.01722618 0.04568269 0.13138319
v 0.02070528 0.04560358 0.12961161
v 0.01576905 0.04560438 0.13245398
v 0.01199750 0.04567073 0.13372356
v 0.01576905 0.04560438 0.13245398
v 0.00966326 0.04560160 0.13484935
v 0.01199750 0.04567073 0.13372356
v 0.00966326 0.04560160 0.13484935
v 0.00944112 0.04567897 0.13449225
v 0.00944112 0.04567897 0.13449225
v 0.00966326 0.04560160 0.13484935
v 0.00672734 0.04567533 0.13512285
v 0.00672734 0.04567533 0.13512285
v 0.00966326 0.04560160 0.13484935
v 0.00383444 0.04567526 0.13554723
v 0.00383444 0.04567526 0.13554723
v 0.00966326 0.04560160 0.13484935
v 0.00215477 0.04560507 0.13596182
v -0.00180400 0.04567816 0.13569784
v 0.00215477 0.04560507 0.13596182
v -0.00324159 0.04560424 0.13589614
v -0.01008415 0.04567314 0.13432745
v -0.00742819 0.04563443 0.13507695
v -0.01181726 0.04560407 0.13406965
v -0.01533957 0.04565042 0.13242987
v -0.01181726 0.04560407 0.13406965
v -0.01694627 0.04560557 0.13186569
v -0.03166517 0.04565039 0.11735847
v -0.03012581 0.04563054 0.11989284
v -0.03271097 0.04560399 0.11583889
v -0.03400072 0.04566112 0.11229174
v -0.03271097 0.04560399 0.11583889
v -0.03487951 0.04561192 0.11018247
v 0.01917830 0.04559775 0.13131090
v 0.01576905 0.04560438 0.13245398
v 0.02070528 0.04560358 0.12961161
v -0.01917842 0.04559774 0.06756132
v -0.01953995 0.04560409 0.06849558
v -0.02251224 0.04559773 0.06982179
v -0.02251224 0.04559773 0.06982179
v -0.01953995 0.04560409 0.06849558
v -0.02499274 0.04560123 0.07258151
v -0.02558214 0.04559773 0.07242929
v -0.02811196 0.04560530 0.07601300
v -0.03078969 0.04559773 0.07856020
v -0.02835212 0.04559773 0.07535358
v -0.02499274 0.04560123 0.07258151
v -0.03271097 0.04560399 0.11583889
v -0.03286628 0.04559773 0.11686068
v -0.03455753 0.04559773 0.11320502
v -0.03271097 0.04560399 0.11583889
v -0.03455753 0.04559773 0.11320502
v -0.03487951 0.04561192 0.11018247
v 0.01576905 0.04560438 0.13245398
v 0.01917830 0.04559775 0.13131090
v 0.01561961 0.04559775 0.13319747
v -0.01561973 0.04559774 0.06567463
v -0.01460228 0.04560552 0.06588519
v -0.01917842 0.04559774 0.06756132
v -0.01460228 0.04560552 0.06588519
v -0.02558214 0.04559773 0.07242929
v -0.02499274 0.04560123 0.07258151
v -0.02835212 0.04559773 0.07535358
v -0.03286628 0.04559773 0.11686068
v -0.02833135 0.04559107 0.12353350
v -0.03286628 0.04559773 0.11686068
v -0.02833135 0.04559107 0.12353350
v -0.03078969 0.04559773 0.12031193
v 0.03286617 0.04559775 0.08201144
v 0.03325366 0.04560064 0.08401592
v 0.03058525 0.04559982 0.07920410
v 0.03078957 0.04559775 0.07856020
v -0.03133429 0.04560373 0.08053349
v -0.03286628 0.04559773 0.08201144
v -0.03286628 0.04559773 0.08201144
v -0.03133429 0.04560373 0.08053349
v -0.03411773 0.04560462 0.08622606
v -0.03455753 0.04559773 0.08566717
v 0.02070528 0.04560358 0.12961161
v 0.02251213 0.04559775 0.12905041
v 0.02251213 0.04559775 0.12905041
v 0.02535684 0.04560049 0.12590696
v 0.02251213 0.04559775 0.12905041
v 0.02535684 0.04560049 0.12590696
v 0.02558203 0.04559775 0.12644275
v 0.02895258 0.04560362 0.12182102
v 0.03078957 0.04559775 0.12031193
v 0.02835201 0.04559775 0.12351860
v 0.02835201 0.04559775 0.07535358
v -0.03568287 0.04560084 0.09103988
v -0.03669659 0.04559145 0.09337469
v -0.03584365 0.04559773 0.08948413
v -0.03651585 0.04559906 0.10341646
v -0.03714501 0.04559773 0.10145008
v -0.03669659 0.04559145 0.09337469
v -0.03669659 0.04559145 0.09337469
v -0.03714501 0.04559773 0.10145008
v -0.03714501 0.04559773 0.09742213
v -0.02833135 0.04559107 0.12353350
v 0.03058525 0.04559982 0.07920410
v 0.02887267 0.04560640 0.07696868
v 0.02835201 0.04559775 0.07535358
v 0.02835201 0.04559775 0.07535358
v 0.02887267 0.04560640 0.07696868
v 0.02558203 0.04559775 0.07242929
v 0.02558203 0.04559775 0.07242929
v 0.02887267 0.04560640 0.07696868
v 0.02496670 0.04560047 0.07260088
v -0.03455753 0.04559773 0.08566717
v -0.03568287 0.04560084 0.09103988
v -0.03584365 0.04559773 0.08948413
v -0.03561162 0.04560582 0.10780470
v -0.03584365 0.04559773 0.10938808
v -0.03651585 0.04559906 0.10341646
v -0.03584365 0.04559773 0.10938808
v -0.03670953 0.04559773 0.10545422
v -0.03487951 0.04561192 0.11018247
v -0.03584365 0.04559773 0.10938808
v -0.03487951 0.04561192 0.11018247
v -0.03455753 0.04559773 0.11320502
v 0.02835201 0.04559775 0.12351860
v 0.02535684 0.04560049 0.12590696
v 0.03078957 0.04559775 0.12031193
v 0.02895258 0.04560362 0.12182102
v 0.03225248 0.04560048 0.11685768
v 0.03078957 0.04559775 0.12031193
v 0.03225248 0.04560048 0.11685768
v 0.03286617 0.04559775 0.11686068
v 0.03325366 0.04560064 0.08401592
v 0.03286617 0.04559775 0.08201144
v 0.03455743 0.04559775 0.08566717
v 0.02251213 0.04559775 0.06982179
v 0.02251213 0.04559775 0.06982179
v 0.02496670 0.04560047 0.07260088
v 0.02071287 0.04560357 0.06926647
v -0.02251224 0.04559774 0.12905041
v -0.02561004 0.04558768 0.12640396
v -0.01990722 0.04560370 0.13012201
v -0.02251224 0.04559774 0.12905041
v -0.01990722 0.04560370 0.13012201
v -0.01917842 0.04559774 0.13131090
v -0.01694627 0.04560557 0.13186569
v -0.01561973 0.04559774 0.13319747
v -0.01990722 0.04560370 0.13012201
v -0.01990722 0.04560370 0.13012201
v -0.01561973 0.04559774 0.13319747
v -0.01917842 0.04559774 0.13131090
v 0.01187780 0.04559775 0.13468834
v 0.00966326 0.04560160 0.13484935
v 0.01561961 0.04559775 0.13319747
v 0.03455743 0.04559776 0.11320502
v 0.03663215 0.04560082 0.10066489
v 0.03640023 0.04560122 0.09515133
v 0.03714490 0.04559776 0.09742213
v 0.02071287 0.04560357 0.06926647
v 0.01917830 0.04559775 0.06756132
v 0.02251213 0.04559775 0.06982179
v 0.01028371 0.04560059 0.06425368
v 0.01187780 0.04559775 0.06418380
v 0.01517892 0.04560406 0.06614326
v 0.01561961 0.04559775 0.06567463
v -0.01694627 0.04560557 0.13186569
v -0.01187792 0.04559774 0.13468834
v -0.01181726 0.04560407 0.13406965
v 0.01917830 0.04559775 0.06756132
v -0.01187792 0.04559774 0.06418380
v -0.01135221 0.04560398 0.06466696
v -0.01561973 0.04559774 0.06567463
v -0.00397770 0.04558926 0.13641513
v -0.00799685 0.04559774 0.13576583
v -0.01181726 0.04560407 0.13406965
v -0.00799685 0.04559774 0.13576583
v 0.03440440 0.04560424 0.11190464
v 0.03455743 0.04559776 0.11320502
v 0.03584354 0.04559776 0.10938808
v 0.03602980 0.04560445 0.10580642
v 0.03670941 0.04559776 0.10545422
v 0.00799674 0.04559774 0.06310617
v -0.00799685 0.04559774 0.06310617
v -0.00662457 0.04560045 0.06338364
v -0.01187792 0.04559774 0.06418380
v -0.00662457 0.04560045 0.06338364
v 0.00215477 0.04560507 0.13596182
v 0.00402192 0.04559775 0.13641763
v -0.00324159 0.04560424 0.13589614
v -0.00324159 0.04560424 0.13589614
v 0.00402192 0.04559775 0.13641763
v -0.00000006 0.04559775 0.13663563
v 0.00799674 0.04559775 0.13576583
v 0.03714490 0.04559776 0.10145008
v 0.01028371 0.04560059 0.06425368
v 0.00471198 0.04560045 0.06308432
v 0.00799674 0.04559774 0.06310617
v 0.00471198 0.04560045 0.06308432
v 0.00402192 0.04559774 0.06245457
v 0.00402192 0.04559774 0.06245457
v -0.00000006 0.04559774 0.06223655
v -0.00096800 0.04560060 0.06279412
v -0.00397770 0.04558926 0.13641513
v -0.00000006 0.04559775 0.13663563
v 0.03670941 0.04559776 0.09341791
v 0.03534044 0.04560095 0.08968475
v 0.03584354 0.04559775 0.08948413
v -0.00000006 0.04559774 0.06223655
v -0.00096800 0.04560060 0.06279412
v -0.00402203 0.04559774 0.06245457
v 0.00215477 0.04560507 0.13596182
v 0.03455743 0.04559775 0.08566717
v 0.03534044 0.04560095 0.08968475
v -0.00402203 0.04559774 0.06245457
v -0.00799685 0.04559774 0.06310617
v 0.00402192 0.04559774 0.06245457
v -0.00000006 0.04559774 0.06223655
v 0.00000031 0.04611302 0.06193906
v 0.01197313 0.04611306 0.06390207
v 0.01187780 0.04559775 0.06418380
v 0.00799674 0.04559774 0.06310617
v 0.00405411 0.04611303 0.06215893
v 0.00402192 0.04559774 0.06245457
v 0.00405411 0.04611303 0.06215893
v 0.00799674 0.04559774 0.06310617
v 0.00799674 0.04559774 0.06310617
v 0.00405411 0.04611303 0.06215893
v 0.00806069 0.04611303 0.06281565
v 0.00806069 0.04611303 0.06281565
v 0.01574482 0.04611305 0.06540472
v 0.01917830 0.04559775 0.06756132
v 0.01561961 0.04559775 0.06567463
v 0.01187780 0.04559775 0.06418380
v 0.01197313 0.04611306 0.06390207
v 0.01574482 0.04611305 0.06540472
v 0.01561961 0.04559775 0.06567463
v 0.02269238 0.04611304 0.06958512
v 0.02558203 0.04559775 0.07242929
v 0.02251213 0.04559775 0.06982179
v 0.01933144 0.04611304 0.06730644
v 0.01917830 0.04559775 0.06756132
v 0.01933144 0.04611304 0.06730644
v 0.02251213 0.04559775 0.06982179
v 0.02269238 0.04611304 0.06958512
v 0.02857892 0.04611303 0.07516114
v 0.03078957 0.04559775 0.07856020
v 0.02835201 0.04559775 0.07535358
v 0.02578668 0.04611302 0.07221353
v 0.02558203 0.04559775 0.07242929
v 0.02578668 0.04611302 0.07221353
v 0.02835201 0.04559775 0.07535358
v 0.02857892 0.04611303 0.07516114
v 0.03312904 0.04611304 0.08187223
v 0.03455743 0.04559775 0.08566717
v 0.03286617 0.04559775 0.08201144
v 0.03103580 0.04611305 0.07839319
v 0.03078957 0.04559775 0.07856020
v 0.03103580 0.04611305 0.07839319
v 0.03286617 0.04559775 0.08201144
v 0.03312904 0.04611304 0.08187223
v 0.03483380 0.04611304 0.08555694
v 0.03455743 0.04559775 0.08566717
v 0.03483380 0.04611304 0.08555694
v 0.03608207 0.04610610 0.08921071
v 0.03455743 0.04559775 0.08566717
v 0.03608207 0.04610610 0.08921071
v 0.03584354 0.04559775 0.08948413
v 0.03584354 0.04559775 0.08948413
v 0.03608207 0.04610610 0.08921071
v 0.03670941 0.04559776 0.09341791
v 0.03744198 0.04611305 0.10146608
v 0.03714490 0.04559776 0.10145008
v 0.03714490 0.04559776 0.09742213
v 0.03700301 0.04611305 0.09336970
v 0.03670941 0.04559776 0.09341791
v 0.03700301 0.04611305 0.09336970
v 0.03744198 0.04611305 0.09740604
v 0.03714490 0.04559776 0.09742213
v 0.03744198 0.04611305 0.09740604
v 0.03613021 0.04611304 0.10946748
v 0.03584354 0.04559776 0.10938808
v 0.03670941 0.04559776 0.10545422
v 0.03714490 0.04559776 0.10145008
v 0.03744198 0.04611305 0.10146608
v 0.03700301 0.04611305 0.10550243
v 0.03670941 0.04559776 0.10545422
v 0.03700301 0.04611305 0.10550243
v 0.03584354 0.04559776 0.10938808
v 0.03613021 0.04611304 0.10946748
v 0.03483385 0.04611305 0.11331512
v 0.03455743 0.04559776 0.11320502
v 0.03455743 0.04559776 0.11320502
v 0.03483385 0.04611305 0.11331512
v 0.03312879 0.04611305 0.11700048
v 0.03286617 0.04559775 0.11686068
v 0.03286617 0.04559775 0.11686068
v 0.03312879 0.04611305 0.11700048
v 0.03078957 0.04559775 0.12031193
v 0.03103580 0.04611304 0.12047883
v 0.03078957 0.04559775 0.12031193
v 0.03103580 0.04611304 0.12047883
v 0.02835201 0.04559775 0.12351860
v 0.02857877 0.04611306 0.12371119
v 0.02835201 0.04559775 0.12351860
v 0.02857877 0.04611306 0.12371119
v 0.02558203 0.04559775 0.12644275
v 0.02578663 0.04611304 0.12665865
v 0.02558203 0.04559775 0.12644275
v 0.02578663 0.04611304 0.12665865
v 0.02269242 0.04611302 0.12928701
v 0.02251213 0.04559775 0.12905041
v 0.02251213 0.04559775 0.12905041
v 0.02269242 0.04611302 0.12928701
v 0.01933139 0.04611304 0.13156579
v 0.01917830 0.04559775 0.13131090
v 0.01574486 0.04611308 0.13346746
v 0.01187780 0.04559775 0.13468834
v 0.01561961 0.04559775 0.13319747
v 0.01917830 0.04559775 0.13131090
v 0.01933139 0.04611304 0.13156579
v 0.01574486 0.04611308 0.13346746
v 0.01561961 0.04559775 0.13319747
v 0.01197311 0.04611304 0.13497014
v 0.01187780 0.04559775 0.13468834
v 0.01197311 0.04611304 0.13497014
v 0.00799674 0.04559775 0.13576583
v 0.00405375 0.04611300 0.13671333
v -0.00000006 0.04559775 0.13663563
v 0.00402192 0.04559775 0.13641763
v 0.00806069 0.04611304 0.13605653
v 0.00799674 0.04559775 0.13576583
v 0.00806069 0.04611304 0.13605653
v 0.00405375 0.04611300 0.13671333
v 0.00402192 0.04559775 0.13641763
v -0.00405432 0.04611301 0.13671322
v -0.00799685 0.04559774 0.13576583
v -0.00397770 0.04558926 0.13641513
v -0.00000040 0.04611303 0.13693313
v -0.00000006 0.04559775 0.13663563
v -0.00000040 0.04611303 0.13693313
v -0.00397770 0.04558926 0.13641513
v -0.00405432 0.04611301 0.13671322
v -0.00405432 0.04611301 0.13671322
v -0.00806081 0.04611303 0.13605653
v -0.00799685 0.04559774 0.13576583
v -0.00799685 0.04559774 0.13576583
v -0.00806081 0.04611303 0.13605653
v -0.01197323 0.04611303 0.13497014
v -0.01187792 0.04559774 0.13468834
v -0.01187792 0.04559774 0.13468834
v -0.01197323 0.04611303 0.13497014
v -0.01574498 0.04611307 0.13346746
v -0.01561973 0.04559774 0.13319747
v -0.01933151 0.04611304 0.13156579
v -0.02251224 0.04559774 0.12905041
v -0.01917842 0.04559774 0.13131090
v -0.01561973 0.04559774 0.13319747
v -0.01574498 0.04611307 0.13346746
v -0.01917842 0.04559774 0.13131090
v -0.01933151 0.04611304 0.13156579
v -0.02269255 0.04611301 0.12928701
v -0.02251224 0.04559774 0.12905041
v -0.02269255 0.04611301 0.12928701
v -0.02561004 0.04558768 0.12640396
v -0.02269255 0.04611301 0.12928701
v -0.02578675 0.04611303 0.12665865
v -0.02561004 0.04558768 0.12640396
v -0.02561004 0.04558768 0.12640396
v -0.02578675 0.04611303 0.12665865
v -0.02857890 0.04611303 0.12371119
v -0.02833135 0.04559107 0.12353350
v -0.02833135 0.04559107 0.12353350
v -0.02857890 0.04611303 0.12371119
v -0.03103593 0.04611302 0.12047883
v -0.03078969 0.04559773 0.12031193
v -0.03078969 0.04559773 0.12031193
v -0.03103593 0.04611302 0.12047883
v -0.03312890 0.04611302 0.11700038
v -0.03286628 0.04559773 0.11686068
v -0.03286628 0.04559773 0.11686068
v -0.03312890 0.04611302 0.11700038
v -0.03455753 0.04559773 0.11320502
v -0.03483396 0.04611302 0.11331512
v -0.03455753 0.04559773 0.11320502
v -0.03483396 0.04611302 0.11331512
v -0.03584365 0.04559773 0.10938808
v -0.03613032 0.04611301 0.10946748
v -0.03584365 0.04559773 0.10938808
v -0.03613032 0.04611301 0.10946748
v -0.03670953 0.04559773 0.10545422
v -0.03700312 0.04611302 0.10550243
v -0.03670953 0.04559773 0.10545422
v -0.03700312 0.04611302 0.10550243
v -0.03714501 0.04559773 0.10145008
v -0.03744210 0.04611302 0.10146598
v -0.03714501 0.04559773 0.10145008
v -0.03744210 0.04611302 0.10146598
v -0.03714501 0.04559773 0.09742213
v -0.03744209 0.04611302 0.09740604
v -0.03714501 0.04559773 0.09742213
v -0.03744209 0.04611302 0.09740604
v -0.03669659 0.04559145 0.09337469
v -0.03744209 0.04611302 0.09740604
v -0.03700314 0.04611303 0.09336979
v -0.03669659 0.04559145 0.09337469
v -0.03669659 0.04559145 0.09337469
v -0.03700314 0.04611303 0.09336979
v -0.03584365 0.04559773 0.08948413
v -0.03613032 0.04611301 0.08940453
v -0.03584365 0.04559773 0.08948413
v -0.03613032 0.04611301 0.08940453
v -0.03455753 0.04559773 0.08566717
v -0.03483394 0.04611304 0.08555698
v -0.03455753 0.04559773 0.08566717
v -0.03483394 0.04611304 0.08555698
v -0.03286628 0.04559773 0.08201144
v -0.03312912 0.04611301 0.08187216
v -0.03286628 0.04559773 0.08201144
v -0.03312912 0.04611301 0.08187216
v -0.03078969 0.04559773 0.07856020
v -0.03103580 0.04611300 0.07839301
v -0.03078969 0.04559773 0.07856020
v -0.03103580 0.04611300 0.07839301
v -0.02835212 0.04559773 0.07535358
v -0.02857887 0.04611302 0.07516095
v -0.02835212 0.04559773 0.07535358
v -0.02857887 0.04611302 0.07516095
v -0.02578679 0.04611301 0.07221353
v -0.02558214 0.04559773 0.07242929
v -0.02558214 0.04559773 0.07242929
v -0.02578679 0.04611301 0.07221353
v -0.02269249 0.04611302 0.06958512
v -0.02251224 0.04559773 0.06982179
v -0.01574494 0.04611304 0.06540472
v -0.01561973 0.04559774 0.06567463
v -0.01917842 0.04559774 0.06756132
v -0.02251224 0.04559773 0.06982179
v -0.02269249 0.04611302 0.06958512
v -0.01933155 0.04611303 0.06730644
v -0.01917842 0.04559774 0.06756132
v -0.01933155 0.04611303 0.06730644
v -0.01561973 0.04559774 0.06567463
v -0.01574494 0.04611304 0.06540472
v -0.01187792 0.04559774 0.06418380
v -0.00405380 0.04611299 0.06215886
v -0.00402203 0.04559774 0.06245457
v -0.00799685 0.04559774 0.06310617
v -0.01197325 0.04611305 0.06390207
v -0.01187792 0.04559774 0.06418380
v -0.01197325 0.04611305 0.06390207
v -0.00799685 0.04559774 0.06310617
v -0.00806081 0.04611303 0.06281565
v -0.00799685 0.04559774 0.06310617
v -0.00806081 0.04611303 0.06281565
v -0.00405380 0.04611299 0.06215886
v -0.00402203 0.04559774 0.06245457
v -0.00405380 0.04611299 0.06215886
v -0.00000006 0.04559774 0.06223655
v 0.00000031 0.04611302 0.06193906
v 0.03727963 0.04639773 0.10349045
v 0.03700301 0.04611305 0.10550243
v 0.03744198 0.04611305 0.10146608
v 0.03727963 0.04639773 0.10349045
v 0.03744198 0.04611305 0.10146608
v 0.03749946 0.04639773 0.09943602
v 0.03700301 0.04611305 0.10550243
v 0.03727963 0.04639773 0.10349045
v 0.03662273 0.04639773 0.10749740
v 0.03700301 0.04611305 0.10550243
v 0.03662273 0.04639773 0.10749740
v 0.03613021 0.04611304 0.10946748
v 0.03613021 0.04611304 0.10946748
v 0.03662273 0.04639773 0.10749740
v 0.03553647 0.04639773 0.11140965
v 0.03613021 0.04611304 0.10946748
v 0.03553647 0.04639773 0.11140965
v 0.03483385 0.04611305 0.11331512
v 0.03483385 0.04611305 0.11331512
v 0.03553647 0.04639773 0.11140965
v 0.03403357 0.04639772 0.11518180
v 0.03483385 0.04611305 0.11331512
v 0.03403357 0.04639772 0.11518180
v 0.03312879 0.04611305 0.11700048
v 0.03312879 0.04611305 0.11700048
v 0.03403357 0.04639772 0.11518180
v 0.03213167 0.04639772 0.11876905
v 0.03312879 0.04611305 0.11700048
v 0.03213167 0.04639772 0.11876905
v 0.03103580 0.04611304 0.12047883
v 0.03103580 0.04611304 0.12047883
v 0.03213167 0.04639772 0.11876905
v 0.02985305 0.04639772 0.12212981
v 0.03103580 0.04611304 0.12047883
v 0.02985305 0.04639772 0.12212981
v 0.02857877 0.04611306 0.12371119
v 0.02857877 0.04611306 0.12371119
v 0.02985305 0.04639772 0.12212981
v 0.02722442 0.04639772 0.12522437
v 0.02857877 0.04611306 0.12371119
v 0.02722442 0.04639772 0.12522437
v 0.02578663 0.04611304 0.12665865
v 0.02578663 0.04611304 0.12665865
v 0.02722442 0.04639772 0.12522437
v 0.02427661 0.04639772 0.12801674
v 0.02578663 0.04611304 0.12665865
v 0.02427661 0.04639772 0.12801674
v 0.02269242 0.04611302 0.12928701
v 0.02269242 0.04611302 0.12928701
v 0.02427661 0.04639772 0.12801674
v 0.02104418 0.04639772 0.13047390
v 0.02269242 0.04611302 0.12928701
v 0.02104418 0.04639772 0.13047390
v 0.01933139 0.04611304 0.13156579
v 0.01933139 0.04611304 0.13156579
v 0.02104418 0.04639772 0.13047390
v 0.01756503 0.04639772 0.13256738
v 0.01933139 0.04611304 0.13156579
v 0.01756503 0.04639772 0.13256738
v 0.01574486 0.04611308 0.13346746
v 0.01574486 0.04611308 0.13346746
v 0.01756503 0.04639772 0.13256738
v 0.01387994 0.04639772 0.13427226
v 0.01574486 0.04611308 0.13346746
v 0.01387994 0.04639772 0.13427226
v 0.01197311 0.04611304 0.13497014
v 0.01197311 0.04611304 0.13497014
v 0.01387994 0.04639772 0.13427226
v 0.01003212 0.04639772 0.13556873
v 0.01197311 0.04611304 0.13497014
v 0.01003212 0.04639772 0.13556873
v 0.00806069 0.04611304 0.13605653
v 0.00806069 0.04611304 0.13605653
v 0.01003212 0.04639772 0.13556873
v 0.00606669 0.04639772 0.13644163
v 0.00806069 0.04611304 0.13605653
v 0.00606669 0.04639772 0.13644163
v 0.00405375 0.04611300 0.13671333
v 0.00405375 0.04611300 0.13671333
v 0.00606669 0.04639772 0.13644163
v 0.00203012 0.04639772 0.13688062
v 0.00405375 0.04611300 0.13671333
v 0.00203012 0.04639772 0.13688062
v -0.00000040 0.04611303 0.13693313
v -0.00000040 0.04611303 0.13693313
v 0.00203012 0.04639772 0.13688062
v -0.00203024 0.04639771 0.13688062
v -0.00000040 0.04611303 0.13693313
v -0.00203024 0.04639771 0.13688062
v -0.00405432 0.04611301 0.13671322
v -0.00405432 0.04611301 0.13671322
v -0.00203024 0.04639771 0.13688062
v -0.00606681 0.04639771 0.13644163
v -0.00405432 0.04611301 0.13671322
v -0.00606681 0.04639771 0.13644163
v -0.00806081 0.04611303 0.13605653
v -0.00806081 0.04611303 0.13605653
v -0.00606681 0.04639771 0.13644163
v -0.01003224 0.04639771 0.13556873
v -0.00806081 0.04611303 0.13605653
v -0.01003224 0.04639771 0.13556873
v -0.01197323 0.04611303 0.13497014
v -0.01197323 0.04611303 0.13497014
v -0.01003224 0.04639771 0.13556873
v -0.01388006 0.04639771 0.13427226
v -0.01197323 0.04611303 0.13497014
v -0.01388006 0.04639771 0.13427226
v -0.01574498 0.04611307 0.13346746
v -0.01574498 0.04611307 0.13346746
v -0.01388006 0.04639771 0.13427226
v -0.01756515 0.04639771 0.13256738
v -0.01574498 0.04611307 0.13346746
v -0.01756515 0.04639771 0.13256738
v -0.01933151 0.04611304 0.13156579
v -0.01933151 0.04611304 0.13156579
v -0.01756515 0.04639771 0.13256738
v -0.02104430 0.04639771 0.13047390
v -0.01933151 0.04611304 0.13156579
v -0.02104430 0.04639771 0.13047390
v -0.02269255 0.04611301 0.12928701
v -0.02269255 0.04611301 0.12928701
v -0.02104430 0.04639771 0.13047390
v -0.02427673 0.04639771 0.12801674
v -0.02269255 0.04611301 0.12928701
v -0.02427673 0.04639771 0.12801674
v -0.02578675 0.04611303 0.12665865
v -0.02578675 0.04611303 0.12665865
v -0.02427673 0.04639771 0.12801674
v -0.02722454 0.04639771 0.12522437
v -0.02578675 0.04611303 0.12665865
v -0.02722454 0.04639771 0.12522437
v -0.02857890 0.04611303 0.12371119
v -0.02857890 0.04611303 0.12371119
v -0.02722454 0.04639771 0.12522437
v -0.02985316 0.04639770 0.12212981
v -0.02857890 0.04611303 0.12371119
v -0.02985316 0.04639770 0.12212981
v -0.03103593 0.04611302 0.12047883
v -0.03103593 0.04611302 0.12047883
v -0.02985316 0.04639770 0.12212981
v -0.03213179 0.04639770 0.11876905
v -0.03103593 0.04611302 0.12047883
v -0.03213179 0.04639770 0.11876905
v -0.03312890 0.04611302 0.11700038
v -0.03312890 0.04611302 0.11700038
v -0.03213179 0.04639770 0.11876905
v -0.03403369 0.04639770 0.11518180
v -0.03312890 0.04611302 0.11700038
v -0.03403369 0.04639770 0.11518180
v -0.03483396 0.04611302 0.11331512
v -0.03483396 0.04611302 0.11331512
v -0.03403369 0.04639770 0.11518180
v -0.03553659 0.04639770 0.11140965
v -0.03483396 0.04611302 0.11331512
v -0.03553659 0.04639770 0.11140965
v -0.03613032 0.04611301 0.10946748
v -0.03613032 0.04611301 0.10946748
v -0.03553659 0.04639770 0.11140965
v -0.03662285 0.04639770 0.10749740
v -0.03613032 0.04611301 0.10946748
v -0.03662285 0.04639770 0.10749740
v -0.03700312 0.04611302 0.10550243
v -0.03700312 0.04611302 0.10550243
v -0.03662285 0.04639770 0.10749740
v -0.03727974 0.04639770 0.10349045
v -0.03700312 0.04611302 0.10550243
v -0.03727974 0.04639770 0.10349045
v -0.03744210 0.04611302 0.10146598
v -0.03744210 0.04611302 0.10146598
v -0.03727974 0.04639770 0.10349045
v -0.03749957 0.04639770 0.09943602
v -0.03744210 0.04611302 0.10146598
v -0.03749957 0.04639770 0.09943602
v -0.03744209 0.04611302 0.09740604
v -0.03744209 0.04611302 0.09740604
v -0.03749957 0.04639770 0.09943602
v -0.03727974 0.04639770 0.09538176
v -0.03744209 0.04611302 0.09740604
v -0.03727974 0.04639770 0.09538176
v -0.03700314 0.04611303 0.09336979
v -0.03700314 0.04611303 0.09336979
v -0.03727974 0.04639770 0.09538176
v -0.03662285 0.04639770 0.09137473
v -0.03700314 0.04611303 0.09336979
v -0.03662285 0.04639770 0.09137473
v -0.03613032 0.04611301 0.08940453
v -0.03613032 0.04611301 0.08940453
v -0.03662285 0.04639770 0.09137473
v -0.03553659 0.04639770 0.08746242
v -0.03613032 0.04611301 0.08940453
v -0.03553659 0.04639770 0.08746242
v -0.03483394 0.04611304 0.08555698
v -0.03483394 0.04611304 0.08555698
v -0.03553659 0.04639770 0.08746242
v -0.03403369 0.04639770 0.08369038
v -0.03483394 0.04611304 0.08555698
v -0.03403369 0.04639770 0.08369038
v -0.03312912 0.04611301 0.08187216
v -0.03312912 0.04611301 0.08187216
v -0.03403369 0.04639770 0.08369038
v -0.03213179 0.04639770 0.08010314
v -0.03312912 0.04611301 0.08187216
v -0.03213179 0.04639770 0.08010314
v -0.03103580 0.04611300 0.07839301
v -0.03103580 0.04611300 0.07839301
v -0.03213179 0.04639770 0.08010314
v -0.02985316 0.04639770 0.07674235
v -0.03103580 0.04611300 0.07839301
v -0.02985316 0.04639770 0.07674235
v -0.02857887 0.04611302 0.07516095
v -0.02857887 0.04611302 0.07516095
v -0.02985316 0.04639770 0.07674235
v -0.02722454 0.04639770 0.07364766
v -0.02857887 0.04611302 0.07516095
v -0.02722454 0.04639770 0.07364766
v -0.02578679 0.04611301 0.07221353
v -0.02578679 0.04611301 0.07221353
v -0.02722454 0.04639770 0.07364766
v -0.02427673 0.04639770 0.07085534
v -0.02578679 0.04611301 0.07221353
v -0.02427673 0.04639770 0.07085534
v -0.02269249 0.04611302 0.06958512
v -0.02269249 0.04611302 0.06958512
v -0.02427673 0.04639770 0.07085534
v -0.02104430 0.04639770 0.06839810
v -0.02269249 0.04611302 0.06958512
v -0.02104430 0.04639770 0.06839810
v -0.01933155 0.04611303 0.06730644
v -0.01933155 0.04611303 0.06730644
v -0.02104430 0.04639770 0.06839810
v -0.01756515 0.04639771 0.06630475
v -0.01933155 0.04611303 0.06730644
v -0.01756515 0.04639771 0.06630475
v -0.01574494 0.04611304 0.06540472
v -0.01574494 0.04611304 0.06540472
v -0.01756515 0.04639771 0.06630475
v -0.01388006 0.04639771 0.06459993
v -0.01574494 0.04611304 0.06540472
v -0.01388006 0.04639771 0.06459993
v -0.01197325 0.04611305 0.06390207
v -0.01197325 0.04611305 0.06390207
v -0.01388006 0.04639771 0.06459993
v -0.01003224 0.04639771 0.06330344
v -0.01197325 0.04611305 0.06390207
v -0.01003224 0.04639771 0.06330344
v -0.00806081 0.04611303 0.06281565
v -0.00806081 0.04611303 0.06281565
v -0.01003224 0.04639771 0.06330344
v -0.00606681 0.04639771 0.06243052
v -0.00806081 0.04611303 0.06281565
v -0.00606681 0.04639771 0.06243052
v -0.00405380 0.04611299 0.06215886
v -0.00405380 0.04611299 0.06215886
v -0.00606681 0.04639771 0.06243052
v -0.00203024 0.04639771 0.06199144
v -0.00405380 0.04611299 0.06215886
v -0.00203024 0.04639771 0.06199144
v 0.00000031 0.04611302 0.06193906
v 0.00000031 0.04611302 0.06193906
v -0.00203024 0.04639771 0.06199144
v 0.00203012 0.04639771 0.06199144
v 0.00000031 0.04611302 0.06193906
v 0.00203012 0.04639771 0.06199144
v 0.00405411 0.04611303 0.06215893
v 0.00405411 0.04611303 0.06215893
v 0.00203012 0.04639771 0.06199144
v 0.00606669 0.04639771 0.06243052
v 0.00405411 0.04611303 0.06215893
v 0.00606669 0.04639771 0.06243052
v 0.00806069 0.04611303 0.06281565
v 0.00806069 0.04611303 0.06281565
v 0.00606669 0.04639771 0.06243052
v 0.01003212 0.04639771 0.06330344
v 0.00806069 0.04611303 0.06281565
v 0.01003212 0.04639771 0.06330344
v 0.01197313 0.04611306 0.06390207
v 0.01197313 0.04611306 0.06390207
v 0.01003212 0.04639771 0.06330344
v 0.01387994 0.04639772 0.06459993
v 0.01197313 0.04611306 0.06390207
v 0.01387994 0.04639772 0.06459993
v 0.01574482 0.04611305 0.06540472
v 0.01574482 0.04611305 0.06540472
v 0.01387994 0.04639772 0.06459993
v 0.01756503 0.04639772 0.06630475
v 0.01574482 0.04611305 0.06540472
v 0.01756503 0.04639772 0.06630475
v 0.01933144 0.04611304 0.06730644
v 0.01933144 0.04611304 0.06730644
v 0.01756503 0.04639772 0.06630475
v 0.02104418 0.04639772 0.06839810
v 0.01933144 0.04611304 0.06730644
v 0.02104418 0.04639772 0.06839810
v 0.02269238 0.04611304 0.06958512
v 0.02269238 0.04611304 0.06958512
v 0.02104418 0.04639772 0.06839810
v 0.02427661 0.04639772 0.07085534
v 0.02269238 0.04611304 0.06958512
v 0.02427661 0.04639772 0.07085534
v 0.02578668 0.04611302 0.07221353
v 0.02578668 0.04611302 0.07221353
v 0.02427661 0.04639772 0.07085534
v 0.02722442 0.04639772 0.07364766
v 0.02578668 0.04611302 0.07221353
v 0.02722442 0.04639772 0.07364766
v 0.02857892 0.04611303 0.07516114
v 0.02857892 0.04611303 0.07516114
v 0.02722442 0.04639772 0.07364766
v 0.02985305 0.04639772 0.07674235
v 0.02857892 0.04611303 0.07516114
v 0.02985305 0.04639772 0.07674235
v 0.03103580 0.04611305 0.07839319
v 0.03103580 0.04611305 0.07839319
v 0.02985305 0.04639772 0.07674235
v 0.03213167 0.04639772 0.08010314
v 0.03103580 0.04611305 0.07839319
v 0.03213167 0.04639772 0.08010314
v 0.03312904 0.04611304 0.08187223
v 0.03312904 0.04611304 0.08187223
v 0.03213167 0.04639772 0.08010314
v 0.03403357 0.04639772 0.08369038
v 0.03312904 0.04611304 0.08187223
v 0.03403357 0.04639772 0.08369038
v 0.03483380 0.04611304 0.08555694
v 0.03483380 0.04611304 0.08555694
v 0.03403357 0.04639772 0.08369038
v 0.03553647 0.04639772 0.08746242
v 0.03483380 0.04611304 0.08555694
v 0.03553647 0.04639772 0.08746242
v 0.03608207 0.04610610 0.08921071
v 0.03662273 0.04639772 0.09137473
v 0.03608207 0.04610610 0.08921071
v 0.03553647 0.04639772 0.08746242
v 0.03727963 0.04639773 0.09538176
v 0.03700301 0.04611305 0.09336970
v 0.03662273 0.04639772 0.09137473
v 0.03662273 0.04639772 0.09137473
v 0.03700301 0.04611305 0.09336970
v 0.03608207 0.04610610 0.08921071
v 0.03749946 0.04639773 0.09943602
v 0.03744198 0.04611305 0.10146608
v 0.03744198 0.04611305 0.09740604
v 0.03749946 0.04639773 0.09943602
v 0.03744198 0.04611305 0.09740604
v 0.03727963 0.04639773 0.09538176
v 0.03727963 0.04639773 0.09538176
v 0.03744198 0.04611305 0.09740604
v 0.03700301 0.04611305 0.09336970
v -0.03727974 0.04639770 0.09538176
v -0.03749957 0.04639770 0.09943602
v -0.03657503 0.04639770 0.10145398
v -0.03727974 0.04639770 0.10349045
v -0.03613106 0.04639770 0.10546523
v -0.03662285 0.04639770 0.10749740
v -0.03524851 0.04639770 0.10940338
v -0.03553659 0.04639770 0.11140965
v -0.03393809 0.04639770 0.11322053
v -0.03403369 0.04639770 0.11518180
v -0.03221571 0.04639770 0.11687038
v -0.03213179 0.04639770 0.11876905
v -0.03010227 0.04639770 0.12030853
v -0.02985316 0.04639770 0.12212981
v -0.02762344 0.04639771 0.12349330
v -0.02722454 0.04639771 0.12522437
v -0.02480929 0.04639771 0.12638616
v -0.02427673 0.04639771 0.12801674
v -0.02169399 0.04639771 0.12895162
v -0.02104430 0.04639771 0.13047390
v -0.01831536 0.04639771 0.13115900
v -0.01756515 0.04639771 0.13256738
v -0.01471440 0.04639771 0.13298136
v -0.01388006 0.04639771 0.13427226
v -0.01093483 0.04639771 0.13439655
v -0.01003224 0.04639771 0.13556873
v -0.00702253 0.04639771 0.13538725
v -0.00606681 0.04639771 0.13644163
v -0.00302499 0.04639771 0.13594153
v -0.00203024 0.04639771 0.13688062
v 0.00100927 0.04639772 0.13605273
v 0.00203012 0.04639772 0.13688062
v 0.00503128 0.04639772 0.13571944
v 0.00606669 0.04639772 0.13644163
v 0.00899222 0.04639772 0.13494585
v 0.01003212 0.04639772 0.13556873
v 0.01284400 0.04639772 0.13374117
v 0.01387994 0.04639772 0.13427226
v 0.01653988 0.04639772 0.13211988
v 0.01756503 0.04639772 0.13256738
v 0.02003497 0.04639772 0.13010201
v 0.02104418 0.04639772 0.13047390
v 0.02328688 0.04639772 0.12771174
v 0.02427661 0.04639772 0.12801674
v 0.02625611 0.04639772 0.12497858
v 0.02722442 0.04639772 0.12522437
v 0.02890663 0.04639772 0.12193501
v 0.02985305 0.04639772 0.12212981
v 0.03120626 0.04639772 0.11861856
v 0.03213167 0.04639772 0.11876905
v 0.03312708 0.04639772 0.11506911
v 0.03403357 0.04639772 0.11518180
v 0.03464579 0.04639773 0.11133005
v 0.03553647 0.04639773 0.11140965
v 0.03574394 0.04639773 0.10744650
v 0.03662273 0.04639773 0.10749740
v 0.03640821 0.04639773 0.10346576
v 0.03727963 0.04639773 0.10349045
v 0.03663054 0.04639773 0.09943602
v 0.03749946 0.04639773 0.09943602
v 0.03640821 0.04639772 0.09540642
v 0.03727963 0.04639773 0.09538176
v 0.03574394 0.04639772 0.09142563
v 0.03662273 0.04639772 0.09137473
v 0.03464579 0.04639772 0.08754214
v 0.03553647 0.04639772 0.08746242
v 0.03312708 0.04639772 0.08380293
v 0.03403357 0.04639772 0.08369038
v 0.03120626 0.04639772 0.08025366
v 0.03213167 0.04639772 0.08010314
v 0.02890663 0.04639772 0.07693705
v 0.02985305 0.04639772 0.07674235
v 0.02625611 0.04639772 0.07389363
v 0.02722442 0.04639772 0.07364766
v 0.02328688 0.04639772 0.07116027
v 0.02427661 0.04639772 0.07085534
v 0.02003497 0.04639772 0.06877016
v 0.02104418 0.04639772 0.06839810
v 0.01653988 0.04639772 0.06675225
v 0.01756503 0.04639772 0.06630475
v 0.01284400 0.04639772 0.06513105
v 0.01387994 0.04639772 0.06459993
v 0.00899222 0.04639771 0.06392635
v 0.01003212 0.04639771 0.06330344
v 0.00503128 0.04639771 0.06315268
v 0.00606669 0.04639771 0.06243052
v 0.00100927 0.04639771 0.06281943
v 0.00203012 0.04639771 0.06199144
v -0.00302499 0.04639771 0.06293064
v -0.00203024 0.04639771 0.06199144
v -0.00702253 0.04639771 0.06348495
v -0.00606681 0.04639771 0.06243052
v -0.01093483 0.04639771 0.06447566
v -0.01003224 0.04639771 0.06330344
v -0.01471440 0.04639771 0.06589081
v -0.01388006 0.04639771 0.06459993
v -0.01831536 0.04639771 0.06771305
v -0.01756515 0.04639771 0.06630475
v -0.02169399 0.04639770 0.06992042
v -0.02104430 0.04639770 0.06839810
v -0.02480929 0.04639770 0.07248606
v -0.02427673 0.04639770 0.07085534
v -0.02762344 0.04639770 0.07537884
v -0.02722454 0.04639770 0.07364766
v -0.03010227 0.04639770 0.07856361
v -0.02985316 0.04639770 0.07674235
v -0.03221571 0.04639770 0.08200180
v -0.03213179 0.04639770 0.08010314
v -0.03393809 0.04639770 0.08565166
v -0.03403369 0.04639770 0.08369038
v -0.03524851 0.04639770 0.08946875
v -0.03553659 0.04639770 0.08746242
v -0.03613106 0.04639770 0.09340693
v -0.03662285 0.04639770 0.09137473
v -0.03657503 0.04639770 0.09741811
v 0.03640821 0.04639773 0.10346576
v 0.03620069 0.04706490 0.10513843
v 0.03574394 0.04639773 0.10744650
v 0.03620069 0.04706490 0.10513843
v 0.03564764 0.04702898 0.10789950
v 0.03574394 0.04639773 0.10744650
v 0.03574394 0.04639773 0.10744650
v 0.03564764 0.04702898 0.10789950
v 0.03464579 0.04639773 0.11133005
v 0.03464579 0.04639773 0.11133005
v 0.03564764 0.04702898 0.10789950
v 0.03490155 0.04702929 0.11058476
v 0.03464579 0.04639773 0.11133005
v 0.03490155 0.04702929 0.11058476
v 0.03393287 0.04706950 0.11328763
v 0.03464579 0.04639773 0.11133005
v 0.03393287 0.04706950 0.11328763
v 0.03312708 0.04639772 0.11506911
v 0.03393287 0.04706950 0.11328763
v 0.03273366 0.04702803 0.11589389
v 0.03312708 0.04639772 0.11506911
v 0.03312708 0.04639772 0.11506911
v 0.03273366 0.04702803 0.11589389
v 0.03120626 0.04639772 0.11861856
v 0.03273366 0.04702803 0.11589389
v 0.03137330 0.04701327 0.11835586
v 0.03120626 0.04639772 0.11861856
v 0.03120626 0.04639772 0.11861856
v 0.03137330 0.04701327 0.11835586
v 0.02890663 0.04639772 0.12193501
v 0.02890663 0.04639772 0.12193501
v 0.03137330 0.04701327 0.11835586
v 0.02983932 0.04707244 0.12072243
v 0.02983932 0.04707244 0.12072243
v 0.02804701 0.04706500 0.12302370
v 0.02890663 0.04639772 0.12193501
v 0.02890663 0.04639772 0.12193501
v 0.02804701 0.04706500 0.12302370
v 0.02625611 0.04639772 0.12497858
v 0.02804701 0.04706500 0.12302370
v 0.02614372 0.04706640 0.12511867
v 0.02625611 0.04639772 0.12497858
v 0.02625611 0.04639772 0.12497858
v 0.02614372 0.04706640 0.12511867
v 0.02328688 0.04639772 0.12771174
v 0.02328688 0.04639772 0.12771174
v 0.02614372 0.04706640 0.12511867
v 0.02415572 0.04706668 0.12699755
v 0.02328688 0.04639772 0.12771174
v 0.02415572 0.04706668 0.12699755
v 0.02189470 0.04706956 0.12882872
v 0.02328688 0.04639772 0.12771174
v 0.02189470 0.04706956 0.12882872
v 0.02003497 0.04639772 0.13010201
v 0.02189470 0.04706956 0.12882872
v 0.01952585 0.04701035 0.13043431
v 0.02003497 0.04639772 0.13010201
v 0.02003497 0.04639772 0.13010201
v 0.01952585 0.04701035 0.13043431
v 0.01653988 0.04639772 0.13211988
v 0.01653988 0.04639772 0.13211988
v 0.01952585 0.04701035 0.13043431
v 0.01709657 0.04701103 0.13183799
v 0.01653988 0.04639772 0.13211988
v 0.01709657 0.04701103 0.13183799
v 0.01452665 0.04706954 0.13308547
v 0.01653988 0.04639772 0.13211988
v 0.01452665 0.04706954 0.13308547
v 0.01284400 0.04639772 0.13374117
v 0.01452665 0.04706954 0.13308547
v 0.01182527 0.04706535 0.13412315
v 0.01284400 0.04639772 0.13374117
v 0.01284400 0.04639772 0.13374117
v 0.01182527 0.04706535 0.13412315
v 0.00899222 0.04639772 0.13494585
v 0.01182527 0.04706535 0.13412315
v 0.00920161 0.04706743 0.13491135
v 0.00899222 0.04639772 0.13494585
v 0.00899222 0.04639772 0.13494585
v 0.00920161 0.04706743 0.13491135
v 0.00503128 0.04639772 0.13571944
v 0.00503128 0.04639772 0.13571944
v 0.00920161 0.04706743 0.13491135
v 0.00644543 0.04706682 0.13551374
v 0.00503128 0.04639772 0.13571944
v 0.00644543 0.04706682 0.13551374
v 0.00355815 0.04706981 0.13591434
v 0.00503128 0.04639772 0.13571944
v 0.00355815 0.04706981 0.13591434
v 0.00100927 0.04639772 0.13605273
v 0.00355815 0.04706981 0.13591434
v 0.00069786 0.04702907 0.13606813
v 0.00100927 0.04639772 0.13605273
v 0.00100927 0.04639772 0.13605273
v 0.00069786 0.04702907 0.13606813
v -0.00302499 0.04639771 0.13594153
v -0.00302499 0.04639771 0.13594153
v 0.00069786 0.04702907 0.13606813
v -0.00205619 0.04706652 0.13602693
v -0.00302499 0.04639771 0.13594153
v -0.00205619 0.04706652 0.13602693
v -0.00494996 0.04703143 0.13574024
v -0.00302499 0.04639771 0.13594153
v -0.00494996 0.04703143 0.13574024
v -0.00702253 0.04639771 0.13538725
v -0.00494996 0.04703143 0.13574024
v -0.00777288 0.04702846 0.13524044
v -0.00702253 0.04639771 0.13538725
v -0.00702253 0.04639771 0.13538725
v -0.00777288 0.04702846 0.13524044
v -0.01093483 0.04639771 0.13439655
v -0.00777288 0.04702846 0.13524044
v -0.01050189 0.04701390 0.13453565
v -0.01093483 0.04639771 0.13439655
v -0.01093483 0.04639771 0.13439655
v -0.01050189 0.04701390 0.13453565
v -0.01471440 0.04639771 0.13298136
v -0.01471440 0.04639771 0.13298136
v -0.01050189 0.04701390 0.13453565
v -0.01317013 0.04703493 0.13362966
v -0.01317013 0.04703493 0.13362966
v -0.01581249 0.04700936 0.13248288
v -0.01471440 0.04639771 0.13298136
v -0.01471440 0.04639771 0.13298136
v -0.01581249 0.04700936 0.13248288
v -0.01831536 0.04639771 0.13115900
v -0.01831536 0.04639771 0.13115900
v -0.01581249 0.04700936 0.13248288
v -0.01830960 0.04703350 0.13117459
v -0.01831536 0.04639771 0.13115900
v -0.01830960 0.04703350 0.13117459
v -0.02169399 0.04639771 0.12895162
v -0.02169399 0.04639771 0.12895162
v -0.01830960 0.04703350 0.13117459
v -0.02066251 0.04706678 0.12970501
v -0.02169399 0.04639771 0.12895162
v -0.02066251 0.04706678 0.12970501
v -0.02300230 0.04706952 0.12797043
v -0.02169399 0.04639771 0.12895162
v -0.02300230 0.04706952 0.12797043
v -0.02480929 0.04639771 0.12638616
v -0.02300230 0.04706952 0.12797043
v -0.02514774 0.04701103 0.12607746
v -0.02480929 0.04639771 0.12638616
v -0.02480929 0.04639771 0.12638616
v -0.02514774 0.04701103 0.12607746
v -0.02762344 0.04639771 0.12349330
v -0.02762344 0.04639771 0.12349330
v -0.02514774 0.04701103 0.12607746
v -0.02709146 0.04706670 0.12411779
v -0.02762344 0.04639771 0.12349330
v -0.02709146 0.04706670 0.12411779
v -0.02895250 0.04701247 0.12188551
v -0.02762344 0.04639771 0.12349330
v -0.02895250 0.04701247 0.12188551
v -0.03010227 0.04639770 0.12030853
v -0.02895250 0.04701247 0.12188551
v -0.03061994 0.04702812 0.11955525
v -0.03010227 0.04639770 0.12030853
v -0.03010227 0.04639770 0.12030853
v -0.03061994 0.04702812 0.11955525
v -0.03221571 0.04639770 0.11687038
v -0.03061994 0.04702812 0.11955525
v -0.03206816 0.04703108 0.11715958
v -0.03221571 0.04639770 0.11687038
v -0.03221571 0.04639770 0.11687038
v -0.03206816 0.04703108 0.11715958
v -0.03393809 0.04639770 0.11322053
v -0.03393809 0.04639770 0.11322053
v -0.03206816 0.04703108 0.11715958
v -0.03335445 0.04707254 0.11463441
v -0.03335445 0.04707254 0.11463441
v -0.03445097 0.04706498 0.11193205
v -0.03393809 0.04639770 0.11322053
v -0.03393809 0.04639770 0.11322053
v -0.03445097 0.04706498 0.11193205
v -0.03524851 0.04639770 0.10940338
v -0.03445097 0.04706498 0.11193205
v -0.03531363 0.04706640 0.10923608
v -0.03524851 0.04639770 0.10940338
v -0.03524851 0.04639770 0.10940338
v -0.03531363 0.04706640 0.10923608
v -0.03613106 0.04639770 0.10546523
v -0.03613106 0.04639770 0.10546523
v -0.03531363 0.04706640 0.10923608
v -0.03594309 0.04701098 0.10652732
v -0.03613106 0.04639770 0.10546523
v -0.03594309 0.04701098 0.10652732
v -0.03640226 0.04706956 0.10370125
v -0.03613106 0.04639770 0.10546523
v -0.03640226 0.04706956 0.10370125
v -0.03657503 0.04639770 0.10145398
v -0.03640226 0.04706956 0.10370125
v -0.03662156 0.04706572 0.10082039
v -0.03657503 0.04639770 0.10145398
v -0.03657503 0.04639770 0.10145398
v -0.03662156 0.04706572 0.10082039
v -0.03657503 0.04639770 0.09741811
v -0.03657503 0.04639770 0.09741811
v -0.03662156 0.04706572 0.10082039
v -0.03661296 0.04702934 0.09805289
v -0.03657503 0.04639770 0.09741811
v -0.03661296 0.04702934 0.09805289
v -0.03640469 0.04706954 0.09519182
v -0.03657503 0.04639770 0.09741811
v -0.03640469 0.04706954 0.09519182
v -0.03613106 0.04639770 0.09340693
v -0.03640469 0.04706954 0.09519182
v -0.03595262 0.04706517 0.09233416
v -0.03613106 0.04639770 0.09340693
v -0.03613106 0.04639770 0.09340693
v -0.03595262 0.04706517 0.09233416
v -0.03524851 0.04639770 0.08946875
v -0.03595262 0.04706517 0.09233416
v -0.03532336 0.04706731 0.08966741
v -0.03524851 0.04639770 0.08946875
v -0.03524851 0.04639770 0.08946875
v -0.03532336 0.04706731 0.08966741
v -0.03393809 0.04639770 0.08565166
v -0.03393809 0.04639770 0.08565166
v -0.03532336 0.04706731 0.08966741
v -0.03446716 0.04706693 0.08697923
v -0.03393809 0.04639770 0.08565166
v -0.03446716 0.04706693 0.08697923
v -0.03337026 0.04706973 0.08427857
v -0.03393809 0.04639770 0.08565166
v -0.03337026 0.04706973 0.08427857
v -0.03221571 0.04639770 0.08200180
v -0.03337026 0.04706973 0.08427857
v -0.03207293 0.04701133 0.08172989
v -0.03221571 0.04639770 0.08200180
v -0.03221571 0.04639770 0.08200180
v -0.03207293 0.04701133 0.08172989
v -0.03010227 0.04639770 0.07856361
v -0.03010227 0.04639770 0.07856361
v -0.03207293 0.04701133 0.08172989
v -0.03063475 0.04702930 0.07933789
v -0.03010227 0.04639770 0.07856361
v -0.03063475 0.04702930 0.07933789
v -0.02897532 0.04706956 0.07699182
v -0.03010227 0.04639770 0.07856361
v -0.02897532 0.04706956 0.07699182
v -0.02762344 0.04639770 0.07537884
v -0.02897532 0.04706956 0.07699182
v -0.02711324 0.04706553 0.07478011
v -0.02762344 0.04639770 0.07537884
v -0.02762344 0.04639770 0.07537884
v -0.02711324 0.04706553 0.07478011
v -0.02480929 0.04639770 0.07248606
v -0.02711324 0.04706553 0.07478011
v -0.02517437 0.04704940 0.07280780
v -0.02480929 0.04639770 0.07248606
v -0.02480929 0.04639770 0.07248606
v -0.02517437 0.04704940 0.07280780
v -0.02169399 0.04639770 0.06992042
v -0.02169399 0.04639770 0.06992042
v -0.02517437 0.04704940 0.07280780
v -0.02304015 0.04707257 0.07092882
v -0.02304015 0.04707257 0.07092882
v -0.02071327 0.04700928 0.06921871
v -0.02169399 0.04639770 0.06992042
v -0.02169399 0.04639770 0.06992042
v -0.02071327 0.04700928 0.06921871
v -0.01831536 0.04639771 0.06771305
v -0.01831536 0.04639771 0.06771305
v -0.02071327 0.04700928 0.06921871
v -0.01832558 0.04701546 0.06771100
v -0.01831536 0.04639771 0.06771305
v -0.01832558 0.04701546 0.06771100
v -0.01471440 0.04639771 0.06589081
v -0.01471440 0.04639771 0.06589081
v -0.01832558 0.04701546 0.06771100
v -0.01584755 0.04702940 0.06640146
v -0.01471440 0.04639771 0.06589081
v -0.01584755 0.04702940 0.06640146
v -0.01321050 0.04706957 0.06524835
v -0.01471440 0.04639771 0.06589081
v -0.01321050 0.04706957 0.06524835
v -0.01093483 0.04639771 0.06447566
v -0.01321050 0.04706957 0.06524835
v -0.01049858 0.04701083 0.06433702
v -0.01093483 0.04639771 0.06447566
v -0.01093483 0.04639771 0.06447566
v -0.01049858 0.04701083 0.06433702
v -0.00702253 0.04639771 0.06348495
v -0.00702253 0.04639771 0.06348495
v -0.01049858 0.04701083 0.06433702
v -0.00779558 0.04702944 0.06363596
v -0.00702253 0.04639771 0.06348495
v -0.00779558 0.04702944 0.06363596
v -0.00496817 0.04703133 0.06313439
v -0.00702253 0.04639771 0.06348495
v -0.00496817 0.04703133 0.06313439
v -0.00302499 0.04639771 0.06293064
v -0.00496817 0.04703133 0.06313439
v -0.00209134 0.04706542 0.06284838
v -0.00302499 0.04639771 0.06293064
v -0.00302499 0.04639771 0.06293064
v -0.00209134 0.04706542 0.06284838
v 0.00100927 0.04639771 0.06281943
v -0.00209134 0.04706542 0.06284838
v 0.00064991 0.04706754 0.06279241
v 0.00100927 0.04639771 0.06281943
v 0.00100927 0.04639771 0.06281943
v 0.00064991 0.04706754 0.06279241
v 0.00503128 0.04639771 0.06315268
v 0.00503128 0.04639771 0.06315268
v 0.00064991 0.04706754 0.06279241
v 0.00351484 0.04707270 0.06295101
v 0.00351484 0.04707270 0.06295101
v 0.00640341 0.04706504 0.06335269
v 0.00503128 0.04639771 0.06315268
v 0.00503128 0.04639771 0.06315268
v 0.00640341 0.04706504 0.06335269
v 0.00899222 0.04639771 0.06392635
v 0.00640341 0.04706504 0.06335269
v 0.00916997 0.04706645 0.06395363
v 0.00899222 0.04639771 0.06392635
v 0.00899222 0.04639771 0.06392635
v 0.00916997 0.04706645 0.06395363
v 0.01284400 0.04639772 0.06513105
v 0.01284400 0.04639772 0.06513105
v 0.00916997 0.04706645 0.06395363
v 0.01181906 0.04702931 0.06475565
v 0.01284400 0.04639772 0.06513105
v 0.01181906 0.04702931 0.06475565
v 0.01450469 0.04703148 0.06578924
v 0.01284400 0.04639772 0.06513105
v 0.01450469 0.04703148 0.06578924
v 0.01653988 0.04639772 0.06675225
v 0.01450469 0.04703148 0.06578924
v 0.01708225 0.04701060 0.06702700
v 0.01653988 0.04639772 0.06675225
v 0.01653988 0.04639772 0.06675225
v 0.01708225 0.04701060 0.06702700
v 0.02003497 0.04639772 0.06877016
v 0.02003497 0.04639772 0.06877016
v 0.01708225 0.04701060 0.06702700
v 0.01951233 0.04701101 0.06842885
v 0.02003497 0.04639772 0.06877016
v 0.01951233 0.04701101 0.06842885
v 0.02187795 0.04706966 0.07003084
v 0.02003497 0.04639772 0.06877016
v 0.02187795 0.04706966 0.07003084
v 0.02328688 0.04639772 0.07116027
v 0.02187795 0.04706966 0.07003084
v 0.02412641 0.04706508 0.07185108
v 0.02328688 0.04639772 0.07116027
v 0.02328688 0.04639772 0.07116027
v 0.02412641 0.04706508 0.07185108
v 0.02625611 0.04639772 0.07389363
v 0.02412641 0.04706508 0.07185108
v 0.02612144 0.04706726 0.07372951
v 0.02625611 0.04639772 0.07389363
v 0.02625611 0.04639772 0.07389363
v 0.02612144 0.04706726 0.07372951
v 0.02890663 0.04639772 0.07693705
v 0.02890663 0.04639772 0.07693705
v 0.02612144 0.04706726 0.07372951
v 0.02802118 0.04706698 0.07581474
v 0.02890663 0.04639772 0.07693705
v 0.02802118 0.04706698 0.07581474
v 0.02981176 0.04706967 0.07811538
v 0.02890663 0.04639772 0.07693705
v 0.02981176 0.04706967 0.07811538
v 0.03120626 0.04639772 0.08025366
v 0.02981176 0.04706967 0.07811538
v 0.03139335 0.04706625 0.08052756
v 0.03120626 0.04639772 0.08025366
v 0.03120626 0.04639772 0.08025366
v 0.03139335 0.04706625 0.08052756
v 0.03312708 0.04639772 0.08380293
v 0.03312708 0.04639772 0.08380293
v 0.03139335 0.04706625 0.08052756
v 0.03272279 0.04702924 0.08295479
v 0.03312708 0.04639772 0.08380293
v 0.03272279 0.04702924 0.08295479
v 0.03391923 0.04705032 0.08556753
v 0.03312708 0.04639772 0.08380293
v 0.03391923 0.04705032 0.08556753
v 0.03464579 0.04639772 0.08754214
v 0.03391923 0.04705032 0.08556753
v 0.03490915 0.04706547 0.08828331
v 0.03464579 0.04639772 0.08754214
v 0.03464579 0.04639772 0.08754214
v 0.03490915 0.04706547 0.08828331
v 0.03574394 0.04639772 0.09142563
v 0.03490915 0.04706547 0.08828331
v 0.03564799 0.04701413 0.09098088
v 0.03574394 0.04639772 0.09142563
v 0.03574394 0.04639772 0.09142563
v 0.03564799 0.04701413 0.09098088
v 0.03640821 0.04639772 0.09540642
v 0.03640821 0.04639772 0.09540642
v 0.03564799 0.04701413 0.09098088
v 0.03620813 0.04707268 0.09373679
v 0.03620813 0.04707268 0.09373679
v 0.03654007 0.04706507 0.09663674
v 0.03640821 0.04639772 0.09540642
v 0.03640821 0.04639772 0.09540642
v 0.03654007 0.04706507 0.09663674
v 0.03663054 0.04639773 0.09943602
v 0.03663054 0.04639773 0.09943602
v 0.03654007 0.04706507 0.09663674
v 0.03665232 0.04707103 0.09941299
v 0.03663054 0.04639773 0.09943602
v 0.03665232 0.04707103 0.09941299
v 0.03640821 0.04639773 0.10346576
v 0.03640821 0.04639773 0.10346576
v 0.03665232 0.04707103 0.09941299
v 0.03652904 0.04701563 0.10225437
v 0.03640821 0.04639773 0.10346576
v 0.03652904 0.04701563 0.10225437
v 0.03620069 0.04706490 0.10513843
v -0.02931816 0.04709997 0.07679029
v -0.02741987 0.04709938 0.07452433
v -0.02903280 0.04718379 0.07674189
v -0.02931816 0.04709997 0.07679029
v -0.02903280 0.04718379 0.07674189
v -0.03081562 0.04717417 0.07908621
v -0.03545313 0.04717970 0.08945774
v -0.03459118 0.04718681 0.08667452
v -0.03532336 0.04706731 0.08966741
v -0.03545313 0.04717970 0.08945774
v -0.03532336 0.04706731 0.08966741
v -0.03595262 0.04706517 0.09233416
v -0.03611972 0.04717970 0.09223492
v -0.03545313 0.04717970 0.08945774
v -0.03595262 0.04706517 0.09233416
v -0.03611972 0.04717970 0.09223492
v -0.03595262 0.04706517 0.09233416
v -0.03640469 0.04706954 0.09519182
v -0.03672640 0.04715653 0.09798720
v -0.03640469 0.04706954 0.09519182
v -0.03661296 0.04702934 0.09805289
v -0.03672640 0.04715653 0.09798720
v -0.03661296 0.04702934 0.09805289
v -0.03662156 0.04706572 0.10082039
v -0.03656916 0.04717970 0.09505585
v -0.03611972 0.04717970 0.09223492
v -0.03640469 0.04706954 0.09519182
v -0.03656916 0.04717970 0.09505585
v -0.03640469 0.04706954 0.09519182
v -0.03672640 0.04715653 0.09798720
v 0.02981176 0.04706967 0.07811538
v 0.02802118 0.04706698 0.07581474
v 0.03002456 0.04717972 0.07810510
v 0.02981176 0.04706967 0.07811538
v 0.03002456 0.04717972 0.07810510
v 0.03158704 0.04717972 0.08049554
v 0.03510372 0.04717972 0.08829108
v 0.03411108 0.04717872 0.08560000
v 0.03528081 0.04711622 0.08816755
v 0.03510372 0.04717972 0.08829108
v 0.03528081 0.04711622 0.08816755
v 0.03593064 0.04717674 0.09099598
v 0.03139335 0.04706625 0.08052756
v 0.02981176 0.04706967 0.07811538
v 0.03158704 0.04717972 0.08049554
v 0.03139335 0.04706625 0.08052756
v 0.03158704 0.04717972 0.08049554
v 0.03291476 0.04717645 0.08300055
v 0.03575228 0.04714893 0.09099032
v 0.03510372 0.04717972 0.08829108
v 0.03593064 0.04717674 0.09099598
v 0.03575228 0.04714893 0.09099032
v 0.03593064 0.04717674 0.09099598
v 0.03640424 0.04717972 0.09384925
v 0.03672770 0.04717972 0.09668692
v 0.03640424 0.04717972 0.09384925
v 0.03691763 0.04711671 0.09647892
v 0.03672770 0.04717972 0.09668692
v 0.03691763 0.04711671 0.09647892
v 0.03703665 0.04711620 0.09947766
v 0.03679181 0.04717675 0.10236967
v 0.03703665 0.04711620 0.09947766
v 0.03694185 0.04708590 0.10228717
v 0.03679181 0.04717675 0.10236967
v 0.03694185 0.04708590 0.10228717
v 0.03660444 0.04711673 0.10507263
v 0.03272279 0.04702924 0.08295479
v 0.03139335 0.04706625 0.08052756
v 0.03291476 0.04717645 0.08300055
v 0.03272279 0.04702924 0.08295479
v 0.03291476 0.04717645 0.08300055
v 0.03391923 0.04705032 0.08556753
v 0.03391923 0.04705032 0.08556753
v 0.03291476 0.04717645 0.08300055
v 0.03411108 0.04717872 0.08560000
v 0.03391923 0.04705032 0.08556753
v 0.03411108 0.04717872 0.08560000
v 0.03490915 0.04706547 0.08828331
v 0.03490915 0.04706547 0.08828331
v 0.03411108 0.04717872 0.08560000
v 0.03510372 0.04717972 0.08829108
v 0.03490915 0.04706547 0.08828331
v 0.03510372 0.04717972 0.08829108
v 0.03575228 0.04714893 0.09099032
v 0.03683030 0.04717972 0.09954131
v 0.03672770 0.04717972 0.09668692
v 0.03703665 0.04711620 0.09947766
v 0.03683030 0.04717972 0.09954131
v 0.03703665 0.04711620 0.09947766
v 0.03679181 0.04717675 0.10236967
v 0.03591722 0.04717419 0.10801909
v 0.03660444 0.04711673 0.10507263
v 0.03606289 0.04706607 0.10798499
v 0.03591722 0.04717419 0.10801909
v 0.03606289 0.04706607 0.10798499
v 0.03529492 0.04706892 0.11073736
v 0.03620813 0.04707268 0.09373679
v 0.03575228 0.04714893 0.09099032
v 0.03640424 0.04717972 0.09384925
v 0.03620813 0.04707268 0.09373679
v 0.03640424 0.04717972 0.09384925
v 0.03672770 0.04717972 0.09668692
v 0.03637168 0.04717972 0.10523113
v 0.03679181 0.04717675 0.10236967
v 0.03660444 0.04711673 0.10507263
v 0.03637168 0.04717972 0.10523113
v 0.03660444 0.04711673 0.10507263
v 0.03591722 0.04717419 0.10801909
v 0.03575867 0.04715657 0.10793549
v 0.03637168 0.04717972 0.10523113
v 0.03591722 0.04717419 0.10801909
v 0.03575867 0.04715657 0.10793549
v 0.03591722 0.04717419 0.10801909
v 0.03514403 0.04717419 0.11077676
v 0.03405486 0.04717972 0.11346273
v 0.03514403 0.04717419 0.11077676
v 0.03431792 0.04711671 0.11336223
v 0.03405486 0.04717972 0.11346273
v 0.03431792 0.04711671 0.11336223
v 0.03293274 0.04718195 0.11610259
v 0.03156158 0.04717675 0.11856996
v 0.03293274 0.04718195 0.11610259
v 0.03172033 0.04708274 0.11859036
v 0.03156158 0.04717675 0.11856996
v 0.03172033 0.04708274 0.11859036
v 0.03014457 0.04711974 0.12094453
v 0.03652904 0.04701563 0.10225437
v 0.03665232 0.04707103 0.09941299
v 0.03662374 0.04714893 0.10230977
v 0.03652904 0.04701563 0.10225437
v 0.03662374 0.04714893 0.10230977
v 0.03620069 0.04706490 0.10513843
v 0.02990233 0.04717972 0.12093812
v 0.03156158 0.04717675 0.11856996
v 0.03014457 0.04711974 0.12094453
v 0.02990233 0.04717972 0.12093812
v 0.03014457 0.04711974 0.12094453
v 0.02814043 0.04718684 0.12325870
v 0.02804701 0.04706500 0.12302370
v 0.02983932 0.04707244 0.12072243
v 0.02814043 0.04718684 0.12325870
v 0.02804701 0.04706500 0.12302370
v 0.02814043 0.04718684 0.12325870
v 0.02622064 0.04717972 0.12530037
v 0.01844465 0.04717965 0.13136960
v 0.02190857 0.04717972 0.12904192
v 0.01971283 0.04711615 0.13079090
v 0.01844465 0.04717965 0.13136960
v 0.01971283 0.04711615 0.13079090
v 0.01728517 0.04711972 0.13218567
v 0.03137330 0.04701327 0.11835586
v 0.03273366 0.04702803 0.11589389
v 0.03143844 0.04714889 0.11844076
v 0.03137330 0.04701327 0.11835586
v 0.03143844 0.04714889 0.11844076
v 0.02983932 0.04707244 0.12072243
v 0.02614372 0.04706640 0.12511867
v 0.02804701 0.04706500 0.12302370
v 0.02622064 0.04717972 0.12530037
v 0.02614372 0.04706640 0.12511867
v 0.02622064 0.04717972 0.12530037
v 0.02411521 0.04718381 0.12729964
v 0.01844465 0.04717965 0.13136960
v 0.01728517 0.04711972 0.13218567
v 0.01474879 0.04711675 0.13340856
v 0.02189470 0.04706956 0.12882872
v 0.02415572 0.04706668 0.12699755
v 0.02190857 0.04717972 0.12904192
v 0.02189470 0.04706956 0.12882872
v 0.02190857 0.04717972 0.12904192
v 0.01956872 0.04713562 0.13050850
v 0.01956872 0.04713562 0.13050850
v 0.02190857 0.04717972 0.12904192
v 0.01844465 0.04717965 0.13136960
v 0.01710148 0.04713572 0.13193198
v 0.01956872 0.04713562 0.13050850
v 0.01844465 0.04717965 0.13136960
v 0.01710148 0.04713572 0.13193198
v 0.01844465 0.04717965 0.13136960
v 0.01449092 0.04717972 0.13329607
v 0.00340807 0.04718683 0.13614822
v 0.00646013 0.04711973 0.13589943
v 0.00362767 0.04708338 0.13631222
v 0.00340807 0.04718683 0.13614822
v 0.00362767 0.04708338 0.13631222
v 0.00064718 0.04717418 0.13635893
v 0.00064718 0.04717418 0.13635893
v 0.00362767 0.04708338 0.13631222
v 0.00071682 0.04706595 0.13649153
v 0.00064718 0.04717418 0.13635893
v 0.00071682 0.04706595 0.13649153
v -0.00213426 0.04708581 0.13642643
v 0.01452665 0.04706954 0.13308547
v 0.01710148 0.04713572 0.13193198
v 0.01449092 0.04717972 0.13329607
v 0.01452665 0.04706954 0.13308547
v 0.01449092 0.04717972 0.13329607
v 0.01178580 0.04718380 0.13435065
v -0.00230397 0.04718681 0.13623402
v 0.00064718 0.04717418 0.13635893
v -0.00213426 0.04708581 0.13642643
v -0.00230397 0.04718681 0.13623402
v -0.00213426 0.04708581 0.13642643
v -0.00497323 0.04708345 0.13615492
v 0.00644543 0.04706682 0.13551374
v 0.00920161 0.04706743 0.13491135
v 0.00629174 0.04717972 0.13572524
v 0.00644543 0.04706682 0.13551374
v 0.00629174 0.04717972 0.13572524
v 0.00340807 0.04718683 0.13614822
v 0.00068915 0.04715657 0.13618452
v 0.00340807 0.04718683 0.13614822
v 0.00064718 0.04717418 0.13635893
v 0.00068915 0.04715657 0.13618452
v 0.00064718 0.04717418 0.13635893
v -0.00230397 0.04718681 0.13623402
v -0.00205619 0.04706652 0.13602693
v 0.00068915 0.04715657 0.13618452
v -0.00230397 0.04718681 0.13623402
v -0.00205619 0.04706652 0.13602693
v -0.00230397 0.04718681 0.13623402
v -0.00498177 0.04714519 0.13583524
v -0.00498177 0.04714519 0.13583524
v -0.00230397 0.04718681 0.13623402
v -0.00511991 0.04718231 0.13596863
v -0.00498177 0.04714519 0.13583524
v -0.00511991 0.04718231 0.13596863
v -0.00780496 0.04715663 0.13535295
v -0.00780496 0.04715663 0.13535295
v -0.00511991 0.04718231 0.13596863
v -0.00788525 0.04717420 0.13551284
v -0.00780496 0.04715663 0.13535295
v -0.00788525 0.04717420 0.13551284
v -0.01069437 0.04718195 0.13476265
v -0.01333070 0.04717644 0.13372617
v -0.01069437 0.04718195 0.13476265
v -0.01330908 0.04711970 0.13399305
v -0.01589830 0.04711670 0.13288607
v -0.00494996 0.04703143 0.13574024
v -0.00205619 0.04706652 0.13602693
v -0.00498177 0.04714519 0.13583524
v -0.00494996 0.04703143 0.13574024
v -0.00498177 0.04714519 0.13583524
v -0.00780496 0.04715663 0.13535295
v -0.02091799 0.04717971 0.12974981
v -0.01718173 0.04717963 0.13206628
v -0.02092017 0.04711962 0.12999211
v -0.02091799 0.04717971 0.12974981
v -0.02092017 0.04711962 0.12999211
v -0.02318337 0.04711667 0.12831854
v -0.01837765 0.04714513 0.13124770
v -0.01585283 0.04713564 0.13255898
v -0.01718173 0.04717963 0.13206628
v -0.01837765 0.04714513 0.13124770
v -0.01718173 0.04717963 0.13206628
v -0.02091799 0.04717971 0.12974981
v -0.02403780 0.04718030 0.12738304
v -0.02544632 0.04711624 0.12634706
v -0.02741178 0.04718681 0.12409388
v -0.02923573 0.04718230 0.12193321
v -0.02741178 0.04718681 0.12409388
v -0.02926248 0.04708324 0.12216781
v -0.02923573 0.04718230 0.12193321
v -0.02926248 0.04708324 0.12216781
v -0.03096655 0.04711619 0.11975344
v -0.01050189 0.04701390 0.13453565
v -0.00777288 0.04702846 0.13524044
v -0.01054451 0.04713567 0.13461075
v -0.01050189 0.04701390 0.13453565
v -0.01054451 0.04713567 0.13461075
v -0.01317013 0.04703493 0.13362966
v -0.01317013 0.04703493 0.13362966
v -0.01054451 0.04713567 0.13461075
v -0.01333070 0.04717644 0.13372617
v -0.01317013 0.04703493 0.13362966
v -0.01333070 0.04717644 0.13372617
v -0.01585283 0.04713564 0.13255898
v -0.03236613 0.04717417 0.11721678
v -0.03096655 0.04711619 0.11975344
v -0.03245122 0.04706619 0.11733958
v -0.03236613 0.04717417 0.11721678
v -0.03245122 0.04706619 0.11733958
v -0.03372222 0.04708586 0.11478700
v -0.01581249 0.04700936 0.13248288
v -0.01317013 0.04703493 0.13362966
v -0.01585283 0.04713564 0.13255898
v -0.01581249 0.04700936 0.13248288
v -0.01585283 0.04713564 0.13255898
v -0.01830960 0.04703350 0.13117459
v -0.01830960 0.04703350 0.13117459
v -0.01585283 0.04713564 0.13255898
v -0.01837765 0.04714513 0.13124770
v -0.01830960 0.04703350 0.13117459
v -0.01837765 0.04714513 0.13124770
v -0.02066251 0.04706678 0.12970501
v -0.02300230 0.04706952 0.12797043
v -0.02066251 0.04706678 0.12970501
v -0.02403780 0.04718030 0.12738304
v -0.02300230 0.04706952 0.12797043
v -0.02403780 0.04718030 0.12738304
v -0.02520949 0.04713578 0.12613696
v -0.02520949 0.04713578 0.12613696
v -0.02403780 0.04718030 0.12738304
v -0.02741178 0.04718681 0.12409388
v -0.03078424 0.04717645 0.11958184
v -0.02923573 0.04718230 0.12193321
v -0.03096655 0.04711619 0.11975344
v -0.03236613 0.04717417 0.11721678
v -0.03363147 0.04718680 0.11454681
v -0.03236613 0.04717417 0.11721678
v -0.03372222 0.04708586 0.11478700
v -0.03363147 0.04718680 0.11454681
v -0.03372222 0.04708586 0.11478700
v -0.03480559 0.04708331 0.11214794
v -0.03470124 0.04718681 0.11189524
v -0.03363147 0.04718680 0.11454681
v -0.03480559 0.04708331 0.11214794
v -0.03470124 0.04718681 0.11189524
v -0.03480559 0.04708331 0.11214794
v -0.03569131 0.04711621 0.10932818
v -0.03219249 0.04715656 0.11717237
v -0.03078424 0.04717645 0.11958184
v -0.03236613 0.04717417 0.11721678
v -0.03219249 0.04715656 0.11717237
v -0.03236613 0.04717417 0.11721678
v -0.03363147 0.04718680 0.11454681
v -0.03623101 0.04717672 0.10647621
v -0.03569131 0.04711621 0.10932818
v -0.03635341 0.04708589 0.10659622
v -0.03623101 0.04717672 0.10647621
v -0.03635341 0.04708589 0.10659622
v -0.03677531 0.04711670 0.10382245
v -0.03695498 0.04714777 0.10085199
v -0.03677531 0.04711670 0.10382245
v -0.03706981 0.04700944 0.10068509
v -0.03695498 0.04714777 0.10085199
v -0.03706981 0.04700944 0.10068509
v -0.03703414 0.04706305 0.09798343
v -0.03689811 0.04717416 0.09793548
v -0.03695498 0.04714777 0.10085199
v -0.03703414 0.04706305 0.09798343
v -0.03689811 0.04717416 0.09793548
v -0.03703414 0.04706305 0.09798343
v -0.03679561 0.04711670 0.09522334
v -0.03206816 0.04703108 0.11715958
v -0.03061994 0.04702812 0.11955525
v -0.03219249 0.04715656 0.11717237
v -0.03206816 0.04703108 0.11715958
v -0.03219249 0.04715656 0.11717237
v -0.03335445 0.04707254 0.11463441
v -0.03445097 0.04706498 0.11193205
v -0.03335445 0.04707254 0.11463441
v -0.03470124 0.04718681 0.11189524
v -0.03445097 0.04706498 0.11193205
v -0.03470124 0.04718681 0.11189524
v -0.03550966 0.04717970 0.10921138
v -0.03605304 0.04714892 0.10648902
v -0.03550966 0.04717970 0.10921138
v -0.03623101 0.04717672 0.10647621
v -0.03605304 0.04714892 0.10648902
v -0.03623101 0.04717672 0.10647621
v -0.03659360 0.04717970 0.10360725
v -0.03680680 0.04717970 0.10075909
v -0.03659360 0.04717970 0.10360725
v -0.03695498 0.04714777 0.10085199
v -0.03680680 0.04717970 0.10075909
v -0.03695498 0.04714777 0.10085199
v -0.03689811 0.04717416 0.09793548
v -0.03531363 0.04706640 0.10923608
v -0.03445097 0.04706498 0.11193205
v -0.03550966 0.04717970 0.10921138
v -0.03531363 0.04706640 0.10923608
v -0.03550966 0.04717970 0.10921138
v -0.03605304 0.04714892 0.10648902
v -0.03640226 0.04706956 0.10370125
v -0.03605304 0.04714892 0.10648902
v -0.03659360 0.04717970 0.10360725
v -0.03640226 0.04706956 0.10370125
v -0.03659360 0.04717970 0.10360725
v -0.03680680 0.04717970 0.10075909
v -0.03672640 0.04715653 0.09798720
v -0.03680680 0.04717970 0.10075909
v -0.03689811 0.04717416 0.09793548
v -0.03672640 0.04715653 0.09798720
v -0.03689811 0.04717416 0.09793548
v -0.03656916 0.04717970 0.09505585
v -0.03611972 0.04717970 0.09223492
v -0.03656916 0.04717970 0.09505585
v -0.03635843 0.04711669 0.09238413
v -0.03611972 0.04717970 0.09223492
v -0.03635843 0.04711669 0.09238413
v -0.03566897 0.04711617 0.08946363
v -0.03459118 0.04718681 0.08667452
v -0.03566897 0.04711617 0.08946363
v -0.03482421 0.04708586 0.08678245
v -0.03459118 0.04718681 0.08667452
v -0.03482421 0.04708586 0.08678245
v -0.03375051 0.04709993 0.08416221
v -0.03662156 0.04706572 0.10082039
v -0.03640226 0.04706956 0.10370125
v -0.03680680 0.04717970 0.10075909
v -0.03662156 0.04706572 0.10082039
v -0.03680680 0.04717970 0.10075909
v -0.03672640 0.04715653 0.09798720
v -0.03545313 0.04717970 0.08945774
v -0.03611972 0.04717970 0.09223492
v -0.03566897 0.04711617 0.08946363
v -0.03545313 0.04717970 0.08945774
v -0.03566897 0.04711617 0.08946363
v -0.03459118 0.04718681 0.08667452
v -0.03230006 0.04717418 0.08153566
v -0.03375051 0.04709993 0.08416221
v -0.03244937 0.04706615 0.08152919
v -0.03230006 0.04717418 0.08153566
v -0.03244937 0.04706615 0.08152919
v -0.03097156 0.04706882 0.07908351
v -0.03337026 0.04706973 0.08427857
v -0.03446716 0.04706693 0.08697923
v -0.03348391 0.04718379 0.08404895
v -0.03337026 0.04706973 0.08427857
v -0.03348391 0.04718379 0.08404895
v -0.03215177 0.04714891 0.08166443
v -0.03069535 0.04715658 0.07921903
v -0.03215177 0.04714891 0.08166443
v -0.03081562 0.04717417 0.07908621
v -0.03069535 0.04715658 0.07921903
v -0.03081562 0.04717417 0.07908621
v -0.02903280 0.04718379 0.07674189
v -0.02519332 0.04717869 0.07259763
v -0.02718664 0.04718379 0.07455988
v -0.02543451 0.04711974 0.07252145
v -0.02519332 0.04717869 0.07259763
v -0.02543451 0.04711974 0.07252145
v -0.02331949 0.04711667 0.07066336
v -0.02075893 0.04718230 0.06894168
v -0.02331949 0.04711667 0.07066336
v -0.02099194 0.04708324 0.06890148
v -0.02075893 0.04718230 0.06894168
v -0.02099194 0.04708324 0.06890148
v -0.01848257 0.04711621 0.06734065
v -0.02897532 0.04706956 0.07699182
v -0.03069535 0.04715658 0.07921903
v -0.02903280 0.04718379 0.07674189
v -0.02897532 0.04706956 0.07699182
v -0.02903280 0.04718379 0.07674189
v -0.02718664 0.04718379 0.07455988
v -0.03207293 0.04701133 0.08172989
v -0.03337026 0.04706973 0.08427857
v -0.03215177 0.04714891 0.08166443
v -0.03207293 0.04701133 0.08172989
v -0.03215177 0.04714891 0.08166443
v -0.03063475 0.04702930 0.07933789
v -0.03063475 0.04702930 0.07933789
v -0.03215177 0.04714891 0.08166443
v -0.03069535 0.04715658 0.07921903
v -0.03063475 0.04702930 0.07933789
v -0.03069535 0.04715658 0.07921903
v -0.02897532 0.04706956 0.07699182
v -0.02711324 0.04706553 0.07478011
v -0.02897532 0.04706956 0.07699182
v -0.02718664 0.04718379 0.07455988
v -0.02711324 0.04706553 0.07478011
v -0.02718664 0.04718379 0.07455988
v -0.02519332 0.04717869 0.07259763
v -0.01719323 0.04717963 0.06681182
v -0.02075893 0.04718230 0.06894168
v -0.01848257 0.04711621 0.06734065
v -0.01719323 0.04717963 0.06681182
v -0.01848257 0.04711621 0.06734065
v -0.01600232 0.04711978 0.06604091
v -0.01047711 0.04718193 0.06404442
v -0.01342085 0.04711675 0.06491744
v -0.01062790 0.04706625 0.06393033
v -0.01047711 0.04718193 0.06404442
v -0.01062790 0.04706625 0.06393033
v -0.00786942 0.04711973 0.06325063
v -0.02517437 0.04704940 0.07280780
v -0.02711324 0.04706553 0.07478011
v -0.02519332 0.04717869 0.07259763
v -0.02517437 0.04704940 0.07280780
v -0.02519332 0.04717869 0.07259763
v -0.02304015 0.04707257 0.07092882
v -0.02304015 0.04707257 0.07092882
v -0.02519332 0.04717869 0.07259763
v -0.02304034 0.04717970 0.07070225
v -0.02304015 0.04707257 0.07092882
v -0.02304034 0.04717970 0.07070225
v -0.02075896 0.04713570 0.06914553
v -0.02075896 0.04713570 0.06914553
v -0.02304034 0.04717970 0.07070225
v -0.02075893 0.04718230 0.06894168
v -0.02075896 0.04713570 0.06914553
v -0.02075893 0.04718230 0.06894168
v -0.01719323 0.04717963 0.06681182
v -0.01316683 0.04717971 0.06503944
v -0.01719323 0.04717963 0.06681182
v -0.01342085 0.04711675 0.06491744
v -0.01316683 0.04717971 0.06503944
v -0.01342085 0.04711675 0.06491744
v -0.01047711 0.04718193 0.06404442
v -0.00489592 0.04717643 0.06297308
v -0.00770573 0.04717645 0.06346193
v -0.00509852 0.04711681 0.06275284
v -0.00489592 0.04717643 0.06297308
v -0.00509852 0.04711681 0.06275284
v -0.00198369 0.04718682 0.06261928
v 0.00087493 0.04718682 0.06257631
v -0.00198369 0.04718682 0.06261928
v 0.00072706 0.04708272 0.06238837
v 0.00087493 0.04718682 0.06257631
v 0.00072706 0.04708272 0.06238837
v 0.00355513 0.04711978 0.06257599
v 0.00366957 0.04717971 0.06278878
v 0.00087493 0.04718682 0.06257631
v 0.00355513 0.04711978 0.06257599
v 0.00366957 0.04717971 0.06278878
v 0.00355513 0.04711978 0.06257599
v 0.00634499 0.04711669 0.06294771
v 0.00935292 0.04718682 0.06377193
v 0.00634499 0.04711669 0.06294771
v 0.00925219 0.04708267 0.06355484
v 0.00935292 0.04718682 0.06377193
v 0.00925219 0.04708267 0.06355484
v 0.01195947 0.04711968 0.06438912
v -0.00496817 0.04703133 0.06313439
v -0.00779558 0.04702944 0.06363596
v -0.00489592 0.04717643 0.06297308
v -0.00496817 0.04703133 0.06313439
v -0.00489592 0.04717643 0.06297308
v -0.00209134 0.04706542 0.06284838
v 0.00064991 0.04706754 0.06279241
v -0.00209134 0.04706542 0.06284838
v 0.00087493 0.04718682 0.06257631
v 0.00064991 0.04706754 0.06279241
v 0.00087493 0.04718682 0.06257631
v 0.00366957 0.04717971 0.06278878
v 0.01199046 0.04717645 0.06465467
v 0.00935292 0.04718682 0.06377193
v 0.01195947 0.04711968 0.06438912
v 0.01458840 0.04711675 0.06539442
v 0.01726594 0.04717674 0.06681508
v 0.01458840 0.04711675 0.06539442
v 0.01727741 0.04708276 0.06665570
v 0.01726594 0.04717674 0.06681508
v 0.01727741 0.04708276 0.06665570
v 0.01977703 0.04718194 0.06827181
v 0.01977703 0.04718194 0.06827181
v 0.01727741 0.04708276 0.06665570
v 0.01974825 0.04706878 0.06807580
v 0.01977703 0.04718194 0.06827181
v 0.01974825 0.04706878 0.06807580
v 0.02204605 0.04711682 0.06967674
v 0.00640341 0.04706504 0.06335269
v 0.00351484 0.04707270 0.06295101
v 0.00649917 0.04717970 0.06318356
v 0.00640341 0.04706504 0.06335269
v 0.00649917 0.04717970 0.06318356
v 0.00935292 0.04718682 0.06377193
v 0.00916997 0.04706645 0.06395363
v 0.00640341 0.04706504 0.06335269
v 0.00935292 0.04718682 0.06377193
v 0.00916997 0.04706645 0.06395363
v 0.00935292 0.04718682 0.06377193
v 0.01199046 0.04717645 0.06465467
v 0.01181906 0.04702931 0.06475565
v 0.00916997 0.04706645 0.06395363
v 0.01199046 0.04717645 0.06465467
v 0.01181906 0.04702931 0.06475565
v 0.01199046 0.04717645 0.06465467
v 0.01464909 0.04717645 0.06568815
v 0.01959088 0.04713573 0.06837739
v 0.01714471 0.04714892 0.06694577
v 0.01977703 0.04718194 0.06827181
v 0.01959088 0.04713573 0.06837739
v 0.01977703 0.04718194 0.06827181
v 0.02207841 0.04717972 0.06995673
v 0.02636788 0.04717972 0.07372196
v 0.02434315 0.04718381 0.07177133
v 0.02647079 0.04711620 0.07353212
v 0.02636788 0.04717972 0.07372196
v 0.02647079 0.04711620 0.07353212
v 0.02834806 0.04711966 0.07560956
v 0.02187795 0.04706966 0.07003084
v 0.01959088 0.04713573 0.06837739
v 0.02207841 0.04717972 0.06995673
v 0.02187795 0.04706966 0.07003084
v 0.02207841 0.04717972 0.06995673
v 0.02434315 0.04718381 0.07177133
v 0.03002456 0.04717972 0.07810510
v 0.02828119 0.04717972 0.07584247
v 0.03008002 0.04711674 0.07782947
v 0.03002456 0.04717972 0.07810510
v 0.03008002 0.04711674 0.07782947
v 0.03173104 0.04711618 0.08033475
v 0.03605819 0.04708271 0.09089960
v 0.03658175 0.04711972 0.09368409
v 0.03593064 0.04717674 0.09099598
v 0.03605819 0.04708271 0.09089960
v 0.03593064 0.04717674 0.09099598
v 0.03528081 0.04711622 0.08816755
v 0.03425185 0.04711673 0.08534828
v 0.03528081 0.04711622 0.08816755
v 0.03411108 0.04717872 0.08560000
v 0.03425185 0.04711673 0.08534828
v 0.03411108 0.04717872 0.08560000
v 0.03291476 0.04717645 0.08300055
v 0.02828119 0.04717972 0.07584247
v 0.03002456 0.04717972 0.07810510
v 0.02802118 0.04706698 0.07581474
v 0.02828119 0.04717972 0.07584247
v 0.02802118 0.04706698 0.07581474
v 0.02612144 0.04706726 0.07372951
v 0.03658175 0.04711972 0.09368409
v 0.03691763 0.04711671 0.09647892
v 0.03640424 0.04717972 0.09384925
v 0.03658175 0.04711972 0.09368409
v 0.03640424 0.04717972 0.09384925
v 0.03593064 0.04717674 0.09099598
v 0.03529492 0.04706892 0.11073736
v 0.03431792 0.04711671 0.11336223
v 0.03514403 0.04717419 0.11077676
v 0.03529492 0.04706892 0.11073736
v 0.03514403 0.04717419 0.11077676
v 0.03591722 0.04717419 0.10801909
v 0.03654007 0.04706507 0.09663674
v 0.03620813 0.04707268 0.09373679
v 0.03672770 0.04717972 0.09668692
v 0.03654007 0.04706507 0.09663674
v 0.03672770 0.04717972 0.09668692
v 0.03683030 0.04717972 0.09954131
v 0.03662374 0.04714893 0.10230977
v 0.03683030 0.04717972 0.09954131
v 0.03679181 0.04717675 0.10236967
v 0.03662374 0.04714893 0.10230977
v 0.03679181 0.04717675 0.10236967
v 0.03637168 0.04717972 0.10523113
v 0.03293274 0.04718195 0.11610259
v 0.03431792 0.04711671 0.11336223
v 0.03311939 0.04706599 0.11607109
v 0.03293274 0.04718195 0.11610259
v 0.03311939 0.04706599 0.11607109
v 0.03172033 0.04708274 0.11859036
v 0.03683030 0.04717972 0.09954131
v 0.03662374 0.04714893 0.10230977
v 0.03665232 0.04707103 0.09941299
v 0.03683030 0.04717972 0.09954131
v 0.03665232 0.04707103 0.09941299
v 0.03654007 0.04706507 0.09663674
v 0.03575228 0.04714893 0.09099032
v 0.03620813 0.04707268 0.09373679
v 0.03564799 0.04701413 0.09098088
v 0.03575228 0.04714893 0.09099032
v 0.03564799 0.04701413 0.09098088
v 0.03490915 0.04706547 0.08828331
v 0.03620069 0.04706490 0.10513843
v 0.03662374 0.04714893 0.10230977
v 0.03637168 0.04717972 0.10523113
v 0.03620069 0.04706490 0.10513843
v 0.03637168 0.04717972 0.10523113
v 0.03575867 0.04715657 0.10793549
v 0.03499251 0.04715658 0.11068106
v 0.03499251 0.04715658 0.11068106
v 0.03514403 0.04717419 0.11077676
v 0.03405486 0.04717972 0.11346273
v 0.02841125 0.04708323 0.12322300
v 0.02641234 0.04711616 0.12539967
v 0.02814043 0.04718684 0.12325870
v 0.02841125 0.04708323 0.12322300
v 0.02814043 0.04718684 0.12325870
v 0.03014457 0.04711974 0.12094453
v 0.03564764 0.04702898 0.10789950
v 0.03620069 0.04706490 0.10513843
v 0.03575867 0.04715657 0.10793549
v 0.03564764 0.04702898 0.10789950
v 0.03575867 0.04715657 0.10793549
v 0.03499251 0.04715658 0.11068106
v 0.03393287 0.04706950 0.11328763
v 0.03499251 0.04715658 0.11068106
v 0.03405486 0.04717972 0.11346273
v 0.03393287 0.04706950 0.11328763
v 0.03405486 0.04717972 0.11346273
v 0.03282631 0.04714514 0.11593280
v 0.03282631 0.04714514 0.11593280
v 0.03405486 0.04717972 0.11346273
v 0.03293274 0.04718195 0.11610259
v 0.03282631 0.04714514 0.11593280
v 0.03293274 0.04718195 0.11610259
v 0.03143844 0.04714889 0.11844076
v 0.03143844 0.04714889 0.11844076
v 0.03293274 0.04718195 0.11610259
v 0.03156158 0.04717675 0.11856996
v 0.03143844 0.04714889 0.11844076
v 0.03156158 0.04717675 0.11856996
v 0.02990233 0.04717972 0.12093812
v 0.02437497 0.04710288 0.12732835
v 0.02218643 0.04711674 0.12909102
v 0.02411521 0.04718381 0.12729964
v 0.02437497 0.04710288 0.12732835
v 0.02411521 0.04718381 0.12729964
v 0.02641234 0.04711616 0.12539967
v 0.02641234 0.04711616 0.12539967
v 0.02411521 0.04718381 0.12729964
v 0.02622064 0.04717972 0.12530037
v 0.02641234 0.04711616 0.12539967
v 0.02622064 0.04717972 0.12530037
v 0.02814043 0.04718684 0.12325870
v 0.03499251 0.04715658 0.11068106
v 0.03393287 0.04706950 0.11328763
v 0.03490155 0.04702929 0.11058476
v 0.03499251 0.04715658 0.11068106
v 0.03490155 0.04702929 0.11058476
v 0.03564764 0.04702898 0.10789950
v 0.02218643 0.04711674 0.12909102
v 0.01971283 0.04711615 0.13079090
v 0.02190857 0.04717972 0.12904192
v 0.02218643 0.04711674 0.12909102
v 0.02190857 0.04717972 0.12904192
v 0.02411521 0.04718381 0.12729964
v 0.02990233 0.04717972 0.12093812
v 0.02814043 0.04718684 0.12325870
v 0.02983932 0.04707244 0.12072243
v 0.02990233 0.04717972 0.12093812
v 0.02983932 0.04707244 0.12072243
v 0.03143844 0.04714889 0.11844076
v 0.03282631 0.04714514 0.11593280
v 0.03143844 0.04714889 0.11844076
v 0.03273366 0.04702803 0.11589389
v 0.03282631 0.04714514 0.11593280
v 0.03273366 0.04702803 0.11589389
v 0.03393287 0.04706950 0.11328763
v 0.00923371 0.04708268 0.13532205
v 0.00646013 0.04711973 0.13589943
v 0.00904084 0.04718682 0.13518065
v 0.00923371 0.04708268 0.13532205
v 0.00904084 0.04718682 0.13518065
v 0.01205169 0.04709998 0.13446656
v 0.01205169 0.04709998 0.13446656
v 0.00904084 0.04718682 0.13518065
v 0.01178580 0.04718380 0.13435065
v 0.01205169 0.04709998 0.13446656
v 0.01178580 0.04718380 0.13435065
v 0.01474879 0.04711675 0.13340856
v 0.01474879 0.04711675 0.13340856
v 0.01178580 0.04718380 0.13435065
v 0.01449092 0.04717972 0.13329607
v 0.01474879 0.04711675 0.13340856
v 0.01449092 0.04717972 0.13329607
v 0.01844465 0.04717965 0.13136960
v 0.02411521 0.04718381 0.12729964
v 0.02190857 0.04717972 0.12904192
v 0.02415572 0.04706668 0.12699755
v 0.02415572 0.04706668 0.12699755
v 0.00646013 0.04711973 0.13589943
v 0.00340807 0.04718683 0.13614822
v 0.00629174 0.04717972 0.13572524
v 0.00646013 0.04711973 0.13589943
v 0.00629174 0.04717972 0.13572524
v 0.00904084 0.04718682 0.13518065
v 0.01952585 0.04701035 0.13043431
v 0.02189470 0.04706956 0.12882872
v 0.01956872 0.04713562 0.13050850
v 0.01952585 0.04701035 0.13043431
v 0.01956872 0.04713562 0.13050850
v 0.01710148 0.04713572 0.13193198
v 0.01182527 0.04706535 0.13412315
v 0.01182527 0.04706535 0.13412315
v 0.01178580 0.04718380 0.13435065
v 0.00904084 0.04718682 0.13518065
v -0.00511991 0.04718231 0.13596863
v -0.00511991 0.04718231 0.13596863
v -0.00497323 0.04708345 0.13615492
v -0.00788525 0.04717420 0.13551284
v -0.00788525 0.04717420 0.13551284
v -0.00497323 0.04708345 0.13615492
v -0.00784812 0.04706615 0.13565784
v -0.00788525 0.04717420 0.13551284
v -0.00784812 0.04706615 0.13565784
v -0.01063167 0.04706632 0.13494064
v -0.01063167 0.04706632 0.13494064
v -0.01330908 0.04711970 0.13399305
v -0.01069437 0.04718195 0.13476265
v -0.01063167 0.04706632 0.13494064
v -0.01069437 0.04718195 0.13476265
v -0.00788525 0.04717420 0.13551284
v 0.00904084 0.04718682 0.13518065
v 0.00629174 0.04717972 0.13572524
v 0.00920161 0.04706743 0.13491135
v 0.00904084 0.04718682 0.13518065
v 0.00920161 0.04706743 0.13491135
v 0.01182527 0.04706535 0.13412315
v 0.01710148 0.04713572 0.13193198
v 0.01452665 0.04706954 0.13308547
v 0.01709657 0.04701103 0.13183799
v 0.01710148 0.04713572 0.13193198
v 0.01709657 0.04701103 0.13183799
v 0.01952585 0.04701035 0.13043431
v 0.00355815 0.04706981 0.13591434
v 0.00644543 0.04706682 0.13551374
v 0.00340807 0.04718683 0.13614822
v 0.00355815 0.04706981 0.13591434
v 0.00340807 0.04718683 0.13614822
v 0.00068915 0.04715657 0.13618452
v 0.00069786 0.04702907 0.13606813
v 0.00355815 0.04706981 0.13591434
v 0.00068915 0.04715657 0.13618452
v 0.00069786 0.04702907 0.13606813
v 0.00068915 0.04715657 0.13618452
v -0.00205619 0.04706652 0.13602693
v -0.01718173 0.04717963 0.13206628
v -0.01333070 0.04717644 0.13372617
v -0.01589830 0.04711670 0.13288607
v -0.01718173 0.04717963 0.13206628
v -0.01589830 0.04711670 0.13288607
v -0.01855466 0.04711619 0.13148988
v -0.01855466 0.04711619 0.13148988
v -0.02092017 0.04711962 0.12999211
v -0.01718173 0.04717963 0.13206628
v -0.01069437 0.04718195 0.13476265
v -0.01333070 0.04717644 0.13372617
v -0.01054451 0.04713567 0.13461075
v -0.01069437 0.04718195 0.13476265
v -0.01054451 0.04713567 0.13461075
v -0.00780496 0.04715663 0.13535295
v -0.02742487 0.04708593 0.12435008
v -0.02742487 0.04708593 0.12435008
v -0.02741178 0.04718681 0.12409388
v -0.02544632 0.04711624 0.12634706
v -0.02318337 0.04711667 0.12831854
v -0.02544632 0.04711624 0.12634706
v -0.02403780 0.04718030 0.12738304
v -0.02318337 0.04711667 0.12831854
v -0.02403780 0.04718030 0.12738304
v -0.02091799 0.04717971 0.12974981
v -0.01718173 0.04717963 0.13206628
v -0.01585283 0.04713564 0.13255898
v -0.01333070 0.04717644 0.13372617
v -0.00780496 0.04715663 0.13535295
v -0.01054451 0.04713567 0.13461075
v -0.00777288 0.04702846 0.13524044
v -0.00780496 0.04715663 0.13535295
v -0.00777288 0.04702846 0.13524044
v -0.00494996 0.04703143 0.13574024
v -0.02091799 0.04717971 0.12974981
v -0.02403780 0.04718030 0.12738304
v -0.02066251 0.04706678 0.12970501
v -0.02091799 0.04717971 0.12974981
v -0.02066251 0.04706678 0.12970501
v -0.01837765 0.04714513 0.13124770
v -0.02709146 0.04706670 0.12411779
v -0.02520949 0.04713578 0.12613696
v -0.02741178 0.04718681 0.12409388
v -0.02709146 0.04706670 0.12411779
v -0.02741178 0.04718681 0.12409388
v -0.02903254 0.04713568 0.12192062
v -0.02903254 0.04713568 0.12192062
v -0.02741178 0.04718681 0.12409388
v -0.02923573 0.04718230 0.12193321
v -0.02903254 0.04713568 0.12192062
v -0.02923573 0.04718230 0.12193321
v -0.03078424 0.04717645 0.11958184
v -0.03569131 0.04711621 0.10932818
v -0.03623101 0.04717672 0.10647621
v -0.03550966 0.04717970 0.10921138
v -0.03569131 0.04711621 0.10932818
v -0.03550966 0.04717970 0.10921138
v -0.03470124 0.04718681 0.11189524
v -0.02520949 0.04713578 0.12613696
v -0.02709146 0.04706670 0.12411779
v -0.02514774 0.04701103 0.12607746
v -0.02520949 0.04713578 0.12613696
v -0.02514774 0.04701103 0.12607746
v -0.02300230 0.04706952 0.12797043
v -0.03677531 0.04711670 0.10382245
v -0.03695498 0.04714777 0.10085199
v -0.03659360 0.04717970 0.10360725
v -0.03677531 0.04711670 0.10382245
v -0.03659360 0.04717970 0.10360725
v -0.03623101 0.04717672 0.10647621
v -0.03363147 0.04718680 0.11454681
v -0.03470124 0.04718681 0.11189524
v -0.03335445 0.04707254 0.11463441
v -0.03363147 0.04718680 0.11454681
v -0.03335445 0.04707254 0.11463441
v -0.03219249 0.04715656 0.11717237
v -0.03078424 0.04717645 0.11958184
v -0.03219249 0.04715656 0.11717237
v -0.03061994 0.04702812 0.11955525
v -0.03078424 0.04717645 0.11958184
v -0.03061994 0.04702812 0.11955525
v -0.02903254 0.04713568 0.12192062
v -0.02903254 0.04713568 0.12192062
v -0.03061994 0.04702812 0.11955525
v -0.02895250 0.04701247 0.12188551
v -0.02903254 0.04713568 0.12192062
v -0.02895250 0.04701247 0.12188551
v -0.02709146 0.04706670 0.12411779
v -0.03679561 0.04711670 0.09522334
v -0.03635843 0.04711669 0.09238413
v -0.03656916 0.04717970 0.09505585
v -0.03679561 0.04711670 0.09522334
v -0.03656916 0.04717970 0.09505585
v -0.03689811 0.04717416 0.09793548
v -0.03594309 0.04701098 0.10652732
v -0.03531363 0.04706640 0.10923608
v -0.03605304 0.04714892 0.10648902
v -0.03594309 0.04701098 0.10652732
v -0.03605304 0.04714892 0.10648902
v -0.03640226 0.04706956 0.10370125
v -0.03348391 0.04718379 0.08404895
v -0.03459118 0.04718681 0.08667452
v -0.03375051 0.04709993 0.08416221
v -0.03348391 0.04718379 0.08404895
v -0.03375051 0.04709993 0.08416221
v -0.03230006 0.04717418 0.08153566
v -0.03081562 0.04717417 0.07908621
v -0.03230006 0.04717418 0.08153566
v -0.03097156 0.04706882 0.07908351
v -0.03081562 0.04717417 0.07908621
v -0.03097156 0.04706882 0.07908351
v -0.02931816 0.04709997 0.07679029
v -0.02741987 0.04709938 0.07452433
v -0.02543451 0.04711974 0.07252145
v -0.02718664 0.04718379 0.07455988
v -0.02741987 0.04709938 0.07452433
v -0.02718664 0.04718379 0.07455988
v -0.02903280 0.04718379 0.07674189
v -0.03230006 0.04717418 0.08153566
v -0.03081562 0.04717417 0.07908621
v -0.03215177 0.04714891 0.08166443
v -0.03230006 0.04717418 0.08153566
v -0.03215177 0.04714891 0.08166443
v -0.03348391 0.04718379 0.08404895
v -0.03459118 0.04718681 0.08667452
v -0.03348391 0.04718379 0.08404895
v -0.03446716 0.04706693 0.08697923
v -0.03459118 0.04718681 0.08667452
v -0.03446716 0.04706693 0.08697923
v -0.03532336 0.04706731 0.08966741
v -0.02331949 0.04711667 0.07066336
v -0.02075893 0.04718230 0.06894168
v -0.02304034 0.04717970 0.07070225
v -0.02331949 0.04711667 0.07066336
v -0.02304034 0.04717970 0.07070225
v -0.02519332 0.04717869 0.07259763
v -0.01600232 0.04711978 0.06604091
v -0.01342085 0.04711675 0.06491744
v -0.01719323 0.04717963 0.06681182
v -0.01834925 0.04713574 0.06762794
v -0.02075896 0.04713570 0.06914553
v -0.01719323 0.04717963 0.06681182
v -0.00214526 0.04708253 0.06244316
v 0.00072706 0.04708272 0.06238837
v -0.00198369 0.04718682 0.06261928
v -0.00214526 0.04708253 0.06244316
v -0.00198369 0.04718682 0.06261928
v -0.00509852 0.04711681 0.06275284
v -0.00786942 0.04711973 0.06325063
v -0.00786942 0.04711973 0.06325063
v -0.00770573 0.04717645 0.06346193
v -0.01047711 0.04718193 0.06404442
v -0.01719323 0.04717963 0.06681182
v -0.01316683 0.04717971 0.06503944
v -0.01583991 0.04714508 0.06628786
v -0.01719323 0.04717963 0.06681182
v -0.01583991 0.04714508 0.06628786
v -0.01834925 0.04713574 0.06762794
v -0.02071327 0.04700928 0.06921871
v -0.02304015 0.04707257 0.07092882
v -0.02075896 0.04713570 0.06914553
v -0.02071327 0.04700928 0.06921871
v -0.02075896 0.04713570 0.06914553
v -0.01834925 0.04713574 0.06762794
v -0.01321050 0.04706957 0.06524835
v -0.01583991 0.04714508 0.06628786
v -0.01316683 0.04717971 0.06503944
v -0.01321050 0.04706957 0.06524835
v -0.01316683 0.04717971 0.06503944
v -0.01051873 0.04713573 0.06425363
v -0.01051873 0.04713573 0.06425363
v -0.01316683 0.04717971 0.06503944
v -0.01047711 0.04718193 0.06404442
v -0.01051873 0.04713573 0.06425363
v -0.01047711 0.04718193 0.06404442
v -0.00770573 0.04717645 0.06346193
v -0.01583991 0.04714508 0.06628786
v -0.01321050 0.04706957 0.06524835
v -0.01584755 0.04702940 0.06640146
v -0.01583991 0.04714508 0.06628786
v -0.01584755 0.04702940 0.06640146
v -0.01834925 0.04713574 0.06762794
v -0.01834925 0.04713574 0.06762794
v -0.01584755 0.04702940 0.06640146
v -0.01832558 0.04701546 0.06771100
v -0.01834925 0.04713574 0.06762794
v -0.01832558 0.04701546 0.06771100
v -0.02071327 0.04700928 0.06921871
v 0.00649917 0.04717970 0.06318356
v 0.00366957 0.04717971 0.06278878
v 0.00634499 0.04711669 0.06294771
v 0.00649917 0.04717970 0.06318356
v 0.00634499 0.04711669 0.06294771
v 0.00935292 0.04718682 0.06377193
v -0.00198369 0.04718682 0.06261928
v 0.00087493 0.04718682 0.06257631
v -0.00209134 0.04706542 0.06284838
v -0.00198369 0.04718682 0.06261928
v -0.00209134 0.04706542 0.06284838
v -0.00489592 0.04717643 0.06297308
v -0.00770573 0.04717645 0.06346193
v -0.00489592 0.04717643 0.06297308
v -0.00779558 0.04702944 0.06363596
v -0.00770573 0.04717645 0.06346193
v -0.00779558 0.04702944 0.06363596
v -0.01051873 0.04713573 0.06425363
v -0.01051873 0.04713573 0.06425363
v -0.00779558 0.04702944 0.06363596
v -0.01049858 0.04701083 0.06433702
v -0.01051873 0.04713573 0.06425363
v -0.01049858 0.04701083 0.06433702
v -0.01321050 0.04706957 0.06524835
v 0.01458840 0.04711675 0.06539442
v 0.01726594 0.04717674 0.06681508
v 0.01464909 0.04717645 0.06568815
v 0.01464909 0.04717645 0.06568815
v 0.00366957 0.04717971 0.06278878
v 0.00649917 0.04717970 0.06318356
v 0.00351484 0.04707270 0.06295101
v 0.00366957 0.04717971 0.06278878
v 0.00351484 0.04707270 0.06295101
v 0.00064991 0.04706754 0.06279241
v 0.02431327 0.04709991 0.07148520
v 0.02647079 0.04711620 0.07353212
v 0.02434315 0.04718381 0.07177133
v 0.02431327 0.04709991 0.07148520
v 0.02434315 0.04718381 0.07177133
v 0.02204605 0.04711682 0.06967674
v 0.02204605 0.04711682 0.06967674
v 0.02434315 0.04718381 0.07177133
v 0.02207841 0.04717972 0.06995673
v 0.02204605 0.04711682 0.06967674
v 0.02207841 0.04717972 0.06995673
v 0.01977703 0.04718194 0.06827181
v 0.01726594 0.04717674 0.06681508
v 0.01977703 0.04718194 0.06827181
v 0.01714471 0.04714892 0.06694577
v 0.01726594 0.04717674 0.06681508
v 0.01714471 0.04714892 0.06694577
v 0.01464909 0.04717645 0.06568815
v 0.02834806 0.04711966 0.07560956
v 0.03008002 0.04711674 0.07782947
v 0.02828119 0.04717972 0.07584247
v 0.02834806 0.04711966 0.07560956
v 0.02828119 0.04717972 0.07584247
v 0.02636788 0.04717972 0.07372196
v 0.01464909 0.04717645 0.06568815
v 0.01714471 0.04714892 0.06694577
v 0.01450469 0.04703148 0.06578924
v 0.01464909 0.04717645 0.06568815
v 0.01450469 0.04703148 0.06578924
v 0.01181906 0.04702931 0.06475565
v 0.01708225 0.04701060 0.06702700
v 0.01450469 0.04703148 0.06578924
v 0.01714471 0.04714892 0.06694577
v 0.01708225 0.04701060 0.06702700
v 0.01714471 0.04714892 0.06694577
v 0.01959088 0.04713573 0.06837739
v 0.02412641 0.04706508 0.07185108
v 0.02412641 0.04706508 0.07185108
v 0.02434315 0.04718381 0.07177133
v 0.02636788 0.04717972 0.07372196
v 0.03158704 0.04717972 0.08049554
v 0.03002456 0.04717972 0.07810510
v 0.03173104 0.04711618 0.08033475
v 0.03158704 0.04717972 0.08049554
v 0.03173104 0.04711618 0.08033475
v 0.03307860 0.04711972 0.08278927
v 0.01951233 0.04701101 0.06842885
v 0.01708225 0.04701060 0.06702700
v 0.01959088 0.04713573 0.06837739
v 0.01951233 0.04701101 0.06842885
v 0.01959088 0.04713573 0.06837739
v 0.02187795 0.04706966 0.07003084
v 0.02612144 0.04706726 0.07372951
v 0.02412641 0.04706508 0.07185108
v 0.02636788 0.04717972 0.07372196
v 0.02612144 0.04706726 0.07372951
v 0.02636788 0.04717972 0.07372196
v 0.02828119 0.04717972 0.07584247
v 0.03291476 0.04717645 0.08300055
v 0.03158704 0.04717972 0.08049554
v 0.03307860 0.04711972 0.08278927
v 0.03291476 0.04717645 0.08300055
v 0.03307860 0.04711972 0.08278927
v 0.03425185 0.04711673 0.08534828
v -0.03255628 0.04682402 0.08154758
v -0.03244937 0.04706615 0.08152919
v -0.03379396 0.04685353 0.08405223
v -0.03375051 0.04709993 0.08416221
v -0.03379396 0.04685353 0.08405223
v -0.03375051 0.04709993 0.08416221
v -0.03491594 0.04682141 0.08674408
v -0.03491594 0.04682141 0.08674408
v -0.03375051 0.04709993 0.08416221
v -0.03482421 0.04708586 0.08678245
v -0.03491594 0.04682141 0.08674408
v -0.03482421 0.04708586 0.08678245
v -0.03577698 0.04685320 0.08950044
v -0.03577698 0.04685320 0.08950044
v -0.03482421 0.04708586 0.08678245
v -0.03566897 0.04711617 0.08946363
v -0.03577698 0.04685320 0.08950044
v -0.03566897 0.04711617 0.08946363
v -0.03644125 0.04682448 0.09223193
v -0.03644125 0.04682448 0.09223193
v -0.03566897 0.04711617 0.08946363
v -0.03635843 0.04711669 0.09238413
v -0.03644125 0.04682448 0.09223193
v -0.03635843 0.04711669 0.09238413
v -0.03687727 0.04685356 0.09510507
v -0.03687727 0.04685356 0.09510507
v -0.03635843 0.04711669 0.09238413
v -0.03679561 0.04711670 0.09522334
v -0.03687727 0.04685356 0.09510507
v -0.03679561 0.04711670 0.09522334
v -0.03711626 0.04682599 0.09796120
v -0.03679561 0.04711670 0.09522334
v -0.03703414 0.04706305 0.09798343
v -0.03711626 0.04682599 0.09796120
v -0.03711626 0.04682599 0.09796120
v -0.03703414 0.04706305 0.09798343
v -0.03706981 0.04700944 0.10068509
v -0.03711626 0.04682599 0.09796120
v -0.03706981 0.04700944 0.10068509
v -0.03708419 0.04689468 0.10087839
v -0.03708419 0.04689468 0.10087839
v -0.03706981 0.04700944 0.10068509
v -0.03690070 0.04682447 0.10370265
v -0.03690070 0.04682447 0.10370265
v -0.03706981 0.04700944 0.10068509
v -0.03677531 0.04711670 0.10382245
v -0.03690070 0.04682447 0.10370265
v -0.03677531 0.04711670 0.10382245
v -0.03645181 0.04682143 0.10661051
v -0.03645181 0.04682143 0.10661051
v -0.03677531 0.04711670 0.10382245
v -0.03635341 0.04708589 0.10659622
v -0.03645181 0.04682143 0.10661051
v -0.03635341 0.04708589 0.10659622
v -0.03576157 0.04686766 0.10940277
v -0.03576157 0.04686766 0.10940277
v -0.03635341 0.04708589 0.10659622
v -0.03569131 0.04711621 0.10932818
v -0.03576157 0.04686766 0.10940277
v -0.03569131 0.04711621 0.10932818
v -0.03488940 0.04686793 0.11212234
v -0.03488940 0.04686793 0.11212234
v -0.03569131 0.04711621 0.10932818
v -0.03480559 0.04708331 0.11214794
v -0.03488940 0.04686793 0.11212234
v -0.03480559 0.04708331 0.11214794
v -0.03380334 0.04685070 0.11480560
v -0.03380334 0.04685070 0.11480560
v -0.03480559 0.04708331 0.11214794
v -0.03372222 0.04708586 0.11478700
v -0.03380334 0.04685070 0.11480560
v -0.03372222 0.04708586 0.11478700
v -0.03249269 0.04682402 0.11743987
v -0.03249269 0.04682402 0.11743987
v -0.03372222 0.04708586 0.11478700
v -0.03245122 0.04706619 0.11733958
v -0.03249269 0.04682402 0.11743987
v -0.03245122 0.04706619 0.11733958
v -0.03101001 0.04685315 0.11985894
v -0.03101001 0.04685315 0.11985894
v -0.03245122 0.04706619 0.11733958
v -0.03096655 0.04711619 0.11975344
v -0.03101001 0.04685315 0.11985894
v -0.03096655 0.04711619 0.11975344
v -0.02936060 0.04685359 0.12216591
v -0.02936060 0.04685359 0.12216591
v -0.03096655 0.04711619 0.11975344
v -0.02926248 0.04708324 0.12216781
v -0.02936060 0.04685359 0.12216591
v -0.02926248 0.04708324 0.12216781
v -0.02749242 0.04686557 0.12438618
v -0.02749242 0.04686557 0.12438618
v -0.02926248 0.04708324 0.12216781
v -0.02742487 0.04708593 0.12435008
v -0.02749242 0.04686557 0.12438618
v -0.02742487 0.04708593 0.12435008
v -0.02546431 0.04685313 0.12645986
v -0.02546431 0.04685313 0.12645986
v -0.02742487 0.04708593 0.12435008
v -0.02544632 0.04711624 0.12634706
v -0.02546431 0.04685313 0.12645986
v -0.02544632 0.04711624 0.12634706
v -0.02334076 0.04683904 0.12832282
v -0.02334076 0.04683904 0.12832282
v -0.02544632 0.04711624 0.12634706
v -0.02318337 0.04711667 0.12831854
v -0.02334076 0.04683904 0.12832282
v -0.02318337 0.04711667 0.12831854
v -0.02099739 0.04686562 0.13005380
v -0.02099739 0.04686562 0.13005380
v -0.02318337 0.04711667 0.12831854
v -0.02092017 0.04711962 0.12999211
v -0.02099739 0.04686562 0.13005380
v -0.02092017 0.04711962 0.12999211
v -0.01855262 0.04686776 0.13159219
v -0.01855262 0.04686776 0.13159219
v -0.02092017 0.04711962 0.12999211
v -0.01855466 0.04711619 0.13148988
v -0.01855262 0.04686776 0.13159219
v -0.01855466 0.04711619 0.13148988
v -0.01606663 0.04682437 0.13292837
v -0.01606663 0.04682437 0.13292837
v -0.01855466 0.04711619 0.13148988
v -0.01589830 0.04711670 0.13288607
v -0.01606663 0.04682437 0.13292837
v -0.01589830 0.04711670 0.13288607
v -0.01342263 0.04682446 0.13407275
v -0.01342263 0.04682446 0.13407275
v -0.01589830 0.04711670 0.13288607
v -0.01330908 0.04711970 0.13399305
v -0.01342263 0.04682446 0.13407275
v -0.01330908 0.04711970 0.13399305
v -0.01063167 0.04706632 0.13494064
v -0.01342263 0.04682446 0.13407275
v -0.01063167 0.04706632 0.13494064
v -0.01064043 0.04682144 0.13503074
v -0.01064043 0.04682144 0.13503074
v -0.01063167 0.04706632 0.13494064
v -0.00779992 0.04682411 0.13575493
v -0.00779992 0.04682411 0.13575493
v -0.01063167 0.04706632 0.13494064
v -0.00784812 0.04706615 0.13565784
v -0.00779992 0.04682411 0.13575493
v -0.00784812 0.04706615 0.13565784
v -0.00504554 0.04685353 0.13622233
v -0.00504554 0.04685353 0.13622233
v -0.00784812 0.04706615 0.13565784
v -0.00497323 0.04708345 0.13615492
v -0.00504554 0.04685353 0.13622233
v -0.00497323 0.04708345 0.13615492
v -0.00215735 0.04686574 0.13649923
v -0.00215735 0.04686574 0.13649923
v -0.00497323 0.04708345 0.13615492
v -0.00213426 0.04708581 0.13642643
v -0.00215735 0.04686574 0.13649923
v -0.00213426 0.04708581 0.13642643
v 0.00078640 0.04682410 0.13657482
v 0.00071682 0.04706595 0.13649153
v 0.00078640 0.04682410 0.13657482
v 0.00071682 0.04706595 0.13649153
v 0.00356333 0.04683913 0.13640272
v 0.00356333 0.04683913 0.13640272
v 0.00071682 0.04706595 0.13649153
v 0.00362767 0.04708338 0.13631222
v 0.00356333 0.04683913 0.13640272
v 0.00362767 0.04708338 0.13631222
v 0.00646628 0.04682145 0.13602004
v 0.00646628 0.04682145 0.13602004
v 0.00362767 0.04708338 0.13631222
v 0.00646013 0.04711973 0.13589943
v 0.00646628 0.04682145 0.13602004
v 0.00646013 0.04711973 0.13589943
v 0.00932977 0.04682408 0.13539234
v 0.00932977 0.04682408 0.13539234
v 0.00646013 0.04711973 0.13589943
v 0.00923371 0.04708268 0.13532205
v 0.00932977 0.04682408 0.13539234
v 0.00923371 0.04708268 0.13532205
v 0.01198115 0.04682443 0.13459736
v 0.01198115 0.04682443 0.13459736
v 0.00923371 0.04708268 0.13532205
v 0.01205169 0.04709998 0.13446656
v 0.01198115 0.04682443 0.13459736
v 0.01205169 0.04709998 0.13446656
v 0.01467063 0.04682446 0.13356287
v 0.01467063 0.04682446 0.13356287
v 0.01205169 0.04709998 0.13446656
v 0.01474879 0.04711675 0.13340856
v 0.01467063 0.04682446 0.13356287
v 0.01474879 0.04711675 0.13340856
v 0.01732749 0.04682145 0.13229879
v 0.01732749 0.04682145 0.13229879
v 0.01474879 0.04711675 0.13340856
v 0.01728517 0.04711972 0.13218567
v 0.01732749 0.04682145 0.13229879
v 0.01728517 0.04711972 0.13218567
v 0.01980454 0.04686766 0.13083669
v 0.01980454 0.04686766 0.13083669
v 0.01728517 0.04711972 0.13218567
v 0.01971283 0.04711615 0.13079090
v 0.01980454 0.04686766 0.13083669
v 0.01971283 0.04711615 0.13079090
v 0.02215989 0.04686787 0.12922111
v 0.02215989 0.04686787 0.12922111
v 0.01971283 0.04711615 0.13079090
v 0.02218643 0.04711674 0.12909102
v 0.02215989 0.04686787 0.12922111
v 0.02218643 0.04711674 0.12909102
v 0.02441217 0.04686554 0.12740714
v 0.02441217 0.04686554 0.12740714
v 0.02218643 0.04711674 0.12909102
v 0.02437497 0.04710288 0.12732835
v 0.02441217 0.04686554 0.12740714
v 0.02437497 0.04710288 0.12732835
v 0.02651214 0.04686760 0.12542307
v 0.02641234 0.04711616 0.12539967
v 0.02651214 0.04686760 0.12542307
v 0.02641234 0.04711616 0.12539967
v 0.02842629 0.04682449 0.12334849
v 0.02842629 0.04682449 0.12334849
v 0.02641234 0.04711616 0.12539967
v 0.02841125 0.04708323 0.12322300
v 0.02842629 0.04682449 0.12334849
v 0.02841125 0.04708323 0.12322300
v 0.03023327 0.04682143 0.12102662
v 0.03023327 0.04682143 0.12102662
v 0.02841125 0.04708323 0.12322300
v 0.03014457 0.04711974 0.12094453
v 0.03023327 0.04682143 0.12102662
v 0.03014457 0.04711974 0.12094453
v 0.03183805 0.04682404 0.11857356
v 0.03183805 0.04682404 0.11857356
v 0.03014457 0.04711974 0.12094453
v 0.03172033 0.04708274 0.11859036
v 0.03183805 0.04682404 0.11857356
v 0.03172033 0.04708274 0.11859036
v 0.03318054 0.04686762 0.11608749
v 0.03318054 0.04686762 0.11608749
v 0.03172033 0.04708274 0.11859036
v 0.03311939 0.04706599 0.11607109
v 0.03318054 0.04686762 0.11608749
v 0.03311939 0.04706599 0.11607109
v 0.03436488 0.04685360 0.11349792
v 0.03436488 0.04685360 0.11349792
v 0.03311939 0.04706599 0.11607109
v 0.03431792 0.04711671 0.11336223
v 0.03436488 0.04685360 0.11349792
v 0.03431792 0.04711671 0.11336223
v 0.03538167 0.04682146 0.11076466
v 0.03538167 0.04682146 0.11076466
v 0.03431792 0.04711671 0.11336223
v 0.03529492 0.04706892 0.11073736
v 0.03538167 0.04682146 0.11076466
v 0.03529492 0.04706892 0.11073736
v 0.03616088 0.04682405 0.10793870
v 0.03616088 0.04682405 0.10793870
v 0.03529492 0.04706892 0.11073736
v 0.03606289 0.04706607 0.10798499
v 0.03616088 0.04682405 0.10793870
v 0.03606289 0.04706607 0.10798499
v 0.03669313 0.04682449 0.10522153
v 0.03669313 0.04682449 0.10522153
v 0.03606289 0.04706607 0.10798499
v 0.03660444 0.04711673 0.10507263
v 0.03669313 0.04682449 0.10522153
v 0.03660444 0.04711673 0.10507263
v 0.03704052 0.04682144 0.10229977
v 0.03704052 0.04682144 0.10229977
v 0.03660444 0.04711673 0.10507263
v 0.03694185 0.04708590 0.10228717
v 0.03704052 0.04682144 0.10229977
v 0.03694185 0.04708590 0.10228717
v 0.03714699 0.04682405 0.09937019
v 0.03714699 0.04682405 0.09937019
v 0.03694185 0.04708590 0.10228717
v 0.03703665 0.04711620 0.09947766
v 0.03714699 0.04682405 0.09937019
v 0.03703665 0.04711620 0.09947766
v 0.03703827 0.04682449 0.09660363
v 0.03703827 0.04682449 0.09660363
v 0.03703665 0.04711620 0.09947766
v 0.03691763 0.04711671 0.09647892
v 0.03703827 0.04682449 0.09660363
v 0.03691763 0.04711671 0.09647892
v 0.03670739 0.04682449 0.09374184
v 0.03670739 0.04682449 0.09374184
v 0.03691763 0.04711671 0.09647892
v 0.03658175 0.04711972 0.09368409
v 0.03670739 0.04682449 0.09374184
v 0.03658175 0.04711972 0.09368409
v 0.03605819 0.04708271 0.09089960
v 0.03670739 0.04682449 0.09374184
v 0.03605819 0.04708271 0.09089960
v 0.03613144 0.04685086 0.09086908
v 0.03613144 0.04685086 0.09086908
v 0.03605819 0.04708271 0.09089960
v 0.03535087 0.04685318 0.08807744
v 0.03535087 0.04685318 0.08807744
v 0.03605819 0.04708271 0.09089960
v 0.03528081 0.04711622 0.08816755
v 0.03535087 0.04685318 0.08807744
v 0.03528081 0.04711622 0.08816755
v 0.03438046 0.04685357 0.08541231
v 0.03438046 0.04685357 0.08541231
v 0.03528081 0.04711622 0.08816755
v 0.03425185 0.04711673 0.08534828
v 0.03438046 0.04685357 0.08541231
v 0.03425185 0.04711673 0.08534828
v 0.03319251 0.04682148 0.08274909
v 0.03319251 0.04682148 0.08274909
v 0.03425185 0.04711673 0.08534828
v 0.03307860 0.04711972 0.08278927
v 0.03319251 0.04682148 0.08274909
v 0.03307860 0.04711972 0.08278927
v 0.03177000 0.04682402 0.08018581
v 0.03177000 0.04682402 0.08018581
v 0.03307860 0.04711972 0.08278927
v 0.03173104 0.04711618 0.08033475
v 0.03177000 0.04682402 0.08018581
v 0.03173104 0.04711618 0.08033475
v 0.03024740 0.04682447 0.07787328
v 0.03024740 0.04682447 0.07787328
v 0.03173104 0.04711618 0.08033475
v 0.03008002 0.04711674 0.07782947
v 0.03024740 0.04682447 0.07787328
v 0.03008002 0.04711674 0.07782947
v 0.02844346 0.04685095 0.07556477
v 0.02844346 0.04685095 0.07556477
v 0.03008002 0.04711674 0.07782947
v 0.02834806 0.04711966 0.07560956
v 0.02844346 0.04685095 0.07556477
v 0.02834806 0.04711966 0.07560956
v 0.02647439 0.04682411 0.07337842
v 0.02647439 0.04682411 0.07337842
v 0.02834806 0.04711966 0.07560956
v 0.02647079 0.04711620 0.07353212
v 0.02647439 0.04682411 0.07337842
v 0.02647079 0.04711620 0.07353212
v 0.02444334 0.04683904 0.07147619
v 0.02444334 0.04683904 0.07147619
v 0.02647079 0.04711620 0.07353212
v 0.02431327 0.04709991 0.07148520
v 0.02444334 0.04683904 0.07147619
v 0.02431327 0.04709991 0.07148520
v 0.02217815 0.04686775 0.06966454
v 0.02217815 0.04686775 0.06966454
v 0.02431327 0.04709991 0.07148520
v 0.02204605 0.04711682 0.06967674
v 0.02217815 0.04686775 0.06966454
v 0.02204605 0.04711682 0.06967674
v 0.01979630 0.04682136 0.06799863
v 0.01979630 0.04682136 0.06799863
v 0.02204605 0.04711682 0.06967674
v 0.01974825 0.04706878 0.06807580
v 0.01979630 0.04682136 0.06799863
v 0.01974825 0.04706878 0.06807580
v 0.01729148 0.04686750 0.06658444
v 0.01729148 0.04686750 0.06658444
v 0.01974825 0.04706878 0.06807580
v 0.01727741 0.04708276 0.06665570
v 0.01729148 0.04686750 0.06658444
v 0.01727741 0.04708276 0.06665570
v 0.01475522 0.04682447 0.06534584
v 0.01475522 0.04682447 0.06534584
v 0.01727741 0.04708276 0.06665570
v 0.01458840 0.04711675 0.06539442
v 0.01475522 0.04682447 0.06534584
v 0.01458840 0.04711675 0.06539442
v 0.01201799 0.04685087 0.06430136
v 0.01201799 0.04685087 0.06430136
v 0.01458840 0.04711675 0.06539442
v 0.01195947 0.04711968 0.06438912
v 0.01201799 0.04685087 0.06430136
v 0.01195947 0.04711968 0.06438912
v 0.00922493 0.04683858 0.06346155
v 0.00922493 0.04683858 0.06346155
v 0.01195947 0.04711968 0.06438912
v 0.00925219 0.04708267 0.06355484
v 0.00922493 0.04683858 0.06346155
v 0.00925219 0.04708267 0.06355484
v 0.00649555 0.04682437 0.06286181
v 0.00649555 0.04682437 0.06286181
v 0.00925219 0.04708267 0.06355484
v 0.00634499 0.04711669 0.06294771
v 0.00649555 0.04682437 0.06286181
v 0.00634499 0.04711669 0.06294771
v 0.00358194 0.04682154 0.06245814
v 0.00358194 0.04682154 0.06245814
v 0.00634499 0.04711669 0.06294771
v 0.00355513 0.04711978 0.06257599
v 0.00358194 0.04682154 0.06245814
v 0.00355513 0.04711978 0.06257599
v 0.00065457 0.04682412 0.06229483
v 0.00065457 0.04682412 0.06229483
v 0.00355513 0.04711978 0.06257599
v 0.00072706 0.04708272 0.06238837
v 0.00065457 0.04682412 0.06229483
v 0.00072706 0.04708272 0.06238837
v -0.00217025 0.04686772 0.06237525
v -0.00217025 0.04686772 0.06237525
v 0.00072706 0.04708272 0.06238837
v -0.00214526 0.04708253 0.06244316
v -0.00217025 0.04686772 0.06237525
v -0.00214526 0.04708253 0.06244316
v -0.00499480 0.04683895 0.06263533
v -0.00499480 0.04683895 0.06263533
v -0.00214526 0.04708253 0.06244316
v -0.00509852 0.04711681 0.06275284
v -0.00499480 0.04683895 0.06263533
v -0.00509852 0.04711681 0.06275284
v -0.00787988 0.04682147 0.06313034
v -0.00787988 0.04682147 0.06313034
v -0.00509852 0.04711681 0.06275284
v -0.00786942 0.04711973 0.06325063
v -0.00787988 0.04682147 0.06313034
v -0.00786942 0.04711973 0.06325063
v -0.01071678 0.04682409 0.06386851
v -0.01071678 0.04682409 0.06386851
v -0.00786942 0.04711973 0.06325063
v -0.01062790 0.04706625 0.06393033
v -0.01071678 0.04682409 0.06386851
v -0.01062790 0.04706625 0.06393033
v -0.01333656 0.04682446 0.06476619
v -0.01333656 0.04682446 0.06476619
v -0.01062790 0.04706625 0.06393033
v -0.01342085 0.04711675 0.06491744
v -0.01333656 0.04682446 0.06476619
v -0.01342085 0.04711675 0.06491744
v -0.01604059 0.04682132 0.06592618
v -0.01604059 0.04682132 0.06592618
v -0.01342085 0.04711675 0.06491744
v -0.01600232 0.04711978 0.06604091
v -0.01604059 0.04682132 0.06592618
v -0.01600232 0.04711978 0.06604091
v -0.01857199 0.04686775 0.06729110
v -0.01857199 0.04686775 0.06729110
v -0.01600232 0.04711978 0.06604091
v -0.01848257 0.04711621 0.06734065
v -0.01857199 0.04686775 0.06729110
v -0.01848257 0.04711621 0.06734065
v -0.02097194 0.04682449 0.06877600
v -0.02097194 0.04682449 0.06877600
v -0.01848257 0.04711621 0.06734065
v -0.02099194 0.04708324 0.06890148
v -0.02097194 0.04682449 0.06877600
v -0.02099194 0.04708324 0.06890148
v -0.02329497 0.04685357 0.07052188
v -0.02329497 0.04685357 0.07052188
v -0.02099194 0.04708324 0.06890148
v -0.02331949 0.04711667 0.07066336
v -0.02329497 0.04685357 0.07052188
v -0.02331949 0.04711667 0.07066336
v -0.02548489 0.04685091 0.07242873
v -0.02548489 0.04685091 0.07242873
v -0.02331949 0.04711667 0.07066336
v -0.02543451 0.04711974 0.07252145
v -0.02548489 0.04685091 0.07242873
v -0.02543451 0.04711974 0.07252145
v -0.02752969 0.04683866 0.07450850
v -0.02752969 0.04683866 0.07450850
v -0.02543451 0.04711974 0.07252145
v -0.02741987 0.04709938 0.07452433
v -0.02752969 0.04683866 0.07450850
v -0.02741987 0.04709938 0.07452433
v -0.02933535 0.04685350 0.07667361
v -0.02931816 0.04709997 0.07679029
v -0.02933535 0.04685350 0.07667361
v -0.02931816 0.04709997 0.07679029
v -0.03101903 0.04686571 0.07903620
v -0.03101903 0.04686571 0.07903620
v -0.02931816 0.04709997 0.07679029
v -0.03097156 0.04706882 0.07908351
v -0.03101903 0.04686571 0.07903620
v -0.03097156 0.04706882 0.07908351
v -0.03255628 0.04682402 0.08154758
v -0.03255628 0.04682402 0.08154758
v -0.03097156 0.04706882 0.07908351
v -0.03244937 0.04706615 0.08152919
v -0.00217170 0.04691688 0.13686863
v -0.00511259 0.04686913 0.13657113
v -0.00215162 0.04679602 0.13678162
v -0.00215162 0.04679602 0.13678162
v -0.00511259 0.04686913 0.13657113
v -0.00490710 0.04676310 0.13640373
v -0.00215162 0.04679602 0.13678162
v -0.00490710 0.04676310 0.13640373
v -0.00210621 0.04677406 0.13661703
v -0.00210621 0.04677406 0.13661703
v -0.00490710 0.04676310 0.13640373
v -0.00504554 0.04685353 0.13622233
v -0.00210621 0.04677406 0.13661703
v -0.00504554 0.04685353 0.13622233
v -0.00215735 0.04686574 0.13649923
v -0.02119274 0.04690102 0.13036481
v -0.02356507 0.04686919 0.12858823
v -0.02113190 0.04678941 0.13028351
v -0.02113190 0.04678941 0.13028351
v -0.02356507 0.04686919 0.12858823
v -0.02332048 0.04676571 0.12855883
v -0.02113190 0.04678941 0.13028351
v -0.02332048 0.04676571 0.12855883
v -0.02101432 0.04677407 0.13018111
v -0.02101432 0.04677407 0.13018111
v -0.02332048 0.04676571 0.12855883
v -0.02334076 0.04683904 0.12832282
v -0.02101432 0.04677407 0.13018111
v -0.02334076 0.04683904 0.12832282
v -0.02099739 0.04686562 0.13005380
v -0.03413105 0.04691664 0.11495981
v -0.03514367 0.04679605 0.11225214
v -0.03404478 0.04679605 0.11493710
v -0.03404478 0.04679605 0.11493710
v -0.03514367 0.04679605 0.11225214
v -0.03497419 0.04677406 0.11222944
v -0.03404478 0.04679605 0.11493710
v -0.03497419 0.04677406 0.11222944
v -0.03389144 0.04677185 0.11491270
v -0.03389144 0.04677185 0.11491270
v -0.03497419 0.04677406 0.11222944
v -0.03380334 0.04685070 0.11480560
v -0.03380334 0.04685070 0.11480560
v -0.03497419 0.04677406 0.11222944
v -0.03488940 0.04686793 0.11212234
v -0.03724299 0.04691665 0.09509149
v -0.03678665 0.04690130 0.09219217
v -0.03715748 0.04679608 0.09511655
v -0.03715748 0.04679608 0.09511655
v -0.03678665 0.04690130 0.09219217
v -0.03667479 0.04677210 0.09230845
v -0.03715748 0.04679608 0.09511655
v -0.03667479 0.04677210 0.09230845
v -0.03701342 0.04677185 0.09517473
v -0.03701342 0.04677185 0.09517473
v -0.03667479 0.04677210 0.09230845
v -0.03644125 0.04682448 0.09223193
v -0.03701342 0.04677185 0.09517473
v -0.03644125 0.04682448 0.09223193
v -0.03687727 0.04685356 0.09510507
v 0.00074405 0.04690104 0.13692171
v -0.00217170 0.04691688 0.13686863
v -0.00215162 0.04679602 0.13678162
v 0.00074405 0.04690104 0.13692171
v -0.00215162 0.04679602 0.13678162
v 0.00079799 0.04677211 0.13678852
v 0.00079799 0.04677211 0.13678852
v 0.00079799 0.04677211 0.13678852
v -0.00210621 0.04677406 0.13661703
v 0.00078640 0.04682410 0.13657482
v 0.00078640 0.04682410 0.13657482
v -0.00210621 0.04677406 0.13661703
v -0.00215735 0.04686574 0.13649923
v -0.01873213 0.04690096 0.13191418
v -0.02119274 0.04690102 0.13036481
v -0.02113190 0.04678941 0.13028351
v -0.01867817 0.04678941 0.13182818
v -0.01867817 0.04678941 0.13182818
v -0.02113190 0.04678941 0.13028351
v -0.02101432 0.04677407 0.13018111
v -0.01867817 0.04678941 0.13182818
v -0.02101432 0.04677407 0.13018111
v -0.01856870 0.04677406 0.13171708
v -0.01856870 0.04677406 0.13171708
v -0.02101432 0.04677407 0.13018111
v -0.02099739 0.04686562 0.13005380
v -0.01856870 0.04677406 0.13171708
v -0.02099739 0.04686562 0.13005380
v -0.01855262 0.04686776 0.13159219
v -0.03281402 0.04686493 0.11754997
v -0.03413105 0.04691664 0.11495981
v -0.03404478 0.04679605 0.11493710
v -0.03281402 0.04686493 0.11754997
v -0.03404478 0.04679605 0.11493710
v -0.03263657 0.04676926 0.11754907
v -0.03263657 0.04676926 0.11754907
v -0.03404478 0.04679605 0.11493710
v -0.03389144 0.04677185 0.11491270
v -0.03263657 0.04676926 0.11754907
v -0.03389144 0.04677185 0.11491270
v -0.03249269 0.04682402 0.11743987
v -0.03249269 0.04682402 0.11743987
v -0.03389144 0.04677185 0.11491270
v -0.03380334 0.04685070 0.11480560
v -0.03745374 0.04686494 0.09798949
v -0.03724299 0.04691665 0.09509149
v -0.03715748 0.04679608 0.09511655
v -0.03745374 0.04686494 0.09798949
v -0.03715748 0.04679608 0.09511655
v -0.03730130 0.04676926 0.09808001
v -0.03730130 0.04676926 0.09808001
v -0.03730130 0.04676926 0.09808001
v -0.03701342 0.04677185 0.09517473
v -0.03711626 0.04682599 0.09796120
v -0.03711626 0.04682599 0.09796120
v -0.03701342 0.04677185 0.09517473
v -0.03687727 0.04685356 0.09510507
v 0.00363545 0.04686495 0.13674093
v 0.00074405 0.04690104 0.13692171
v 0.00079799 0.04677211 0.13678852
v 0.00363545 0.04686495 0.13674093
v 0.00079799 0.04677211 0.13678852
v 0.00374306 0.04676572 0.13655692
v 0.00374306 0.04676572 0.13655692
v 0.00079799 0.04677211 0.13678852
v 0.00078640 0.04682410 0.13657482
v 0.00374306 0.04676572 0.13655692
v 0.00078640 0.04682410 0.13657482
v 0.00356333 0.04683913 0.13640272
v -0.01616305 0.04686496 0.13325367
v -0.01873213 0.04690096 0.13191418
v -0.01867817 0.04678941 0.13182818
v -0.01616305 0.04686496 0.13325367
v -0.01867817 0.04678941 0.13182818
v -0.01602008 0.04676927 0.13314927
v -0.01602008 0.04676927 0.13314927
v -0.01856870 0.04677406 0.13171708
v -0.01602008 0.04676927 0.13314927
v -0.01856870 0.04677406 0.13171708
v -0.01606663 0.04682437 0.13292837
v -0.01606663 0.04682437 0.13292837
v -0.01856870 0.04677406 0.13171708
v -0.01855262 0.04686776 0.13159219
v -0.03134080 0.04686912 0.12000084
v -0.03281402 0.04686493 0.11754997
v -0.03263657 0.04676926 0.11754907
v -0.03134080 0.04686912 0.12000084
v -0.03263657 0.04676926 0.11754907
v -0.03107960 0.04676308 0.12004544
v -0.03107960 0.04676308 0.12004544
v -0.03263657 0.04676926 0.11754907
v -0.03249269 0.04682402 0.11743987
v -0.03107960 0.04676308 0.12004544
v -0.03249269 0.04682402 0.11743987
v -0.03101001 0.04685315 0.11985894
v -0.03745877 0.04686915 0.10084919
v -0.03745374 0.04686494 0.09798949
v -0.03730130 0.04676926 0.09808001
v -0.03745877 0.04686915 0.10084919
v -0.03730130 0.04676926 0.09808001
v -0.03729421 0.04676926 0.10097478
v -0.03729421 0.04676926 0.10097478
v -0.03730130 0.04676926 0.09808001
v -0.03711626 0.04682599 0.09796120
v -0.03729421 0.04676926 0.10097478
v -0.03711626 0.04682599 0.09796120
v -0.03716540 0.04679700 0.10089399
v -0.03716540 0.04679700 0.10089399
v -0.03711626 0.04682599 0.09796120
v -0.03708419 0.04689468 0.10087839
v 0.03669313 0.04682449 0.10522153
v 0.03704052 0.04682144 0.10229977
v 0.03722055 0.04676928 0.10223747
v 0.03669313 0.04682449 0.10522153
v 0.03722055 0.04676928 0.10223747
v 0.03689156 0.04676928 0.10511304
v 0.03689156 0.04676928 0.10511304
v 0.03722055 0.04676928 0.10223747
v 0.03736942 0.04686917 0.10238127
v 0.03689156 0.04676928 0.10511304
v 0.03736942 0.04686917 0.10238127
v 0.03703244 0.04686498 0.10522103
v 0.03436488 0.04685360 0.11349792
v 0.03538167 0.04682146 0.11076466
v 0.03451484 0.04677187 0.11346712
v 0.03451484 0.04677187 0.11346712
v 0.03538167 0.04682146 0.11076466
v 0.03559923 0.04677213 0.11077326
v 0.03451484 0.04677187 0.11346712
v 0.03559923 0.04677213 0.11077326
v 0.03463794 0.04679610 0.11356192
v 0.03463794 0.04679610 0.11356192
v 0.03559923 0.04677213 0.11077326
v 0.03569685 0.04690136 0.11090166
v 0.03463794 0.04679610 0.11356192
v 0.03569685 0.04690136 0.11090166
v 0.03470955 0.04691413 0.11361612
v 0.02842629 0.04682449 0.12334849
v 0.03023327 0.04682143 0.12102662
v 0.03042750 0.04677015 0.12108513
v 0.02842629 0.04682449 0.12334849
v 0.03042750 0.04677015 0.12108513
v 0.02866711 0.04677213 0.12339509
v 0.02866711 0.04677213 0.12339509
v 0.03042750 0.04677015 0.12108513
v 0.03048299 0.04688553 0.12125962
v 0.02866711 0.04677213 0.12339509
v 0.03048299 0.04688553 0.12125962
v 0.02872043 0.04689801 0.12353440
v 0.02215989 0.04686787 0.12922111
v 0.02441217 0.04686554 0.12740714
v 0.02453135 0.04677409 0.12745514
v 0.02215989 0.04686787 0.12922111
v 0.02453135 0.04677409 0.12745514
v 0.02228617 0.04677407 0.12927192
v 0.02228617 0.04677407 0.12927192
v 0.02453135 0.04677409 0.12745514
v 0.02461413 0.04679607 0.12760464
v 0.02228617 0.04677407 0.12927192
v 0.02461413 0.04679607 0.12760464
v 0.02234526 0.04678941 0.12941612
v 0.02234526 0.04678941 0.12941612
v 0.02461413 0.04679607 0.12760464
v 0.02238893 0.04689780 0.12950802
v 0.02238893 0.04689780 0.12950802
v 0.02461413 0.04679607 0.12760464
v 0.02464586 0.04691695 0.12769364
v 0.01467063 0.04682446 0.13356287
v 0.01732749 0.04682145 0.13229879
v 0.01747601 0.04677212 0.13245767
v 0.01467063 0.04682446 0.13356287
v 0.01747601 0.04677212 0.13245767
v 0.01486744 0.04676927 0.13367316
v 0.01486744 0.04676927 0.13367316
v 0.01747601 0.04677212 0.13245767
v 0.01480995 0.04686921 0.13387176
v 0.01480995 0.04686921 0.13387176
v 0.01747601 0.04677212 0.13245767
v 0.01748826 0.04690110 0.13260057
v 0.00932977 0.04682408 0.13539234
v 0.01198115 0.04682443 0.13459736
v 0.01216430 0.04677210 0.13476114
v 0.00932977 0.04682408 0.13539234
v 0.01216430 0.04677210 0.13476114
v 0.00939940 0.04676927 0.13555913
v 0.00939940 0.04676927 0.13555913
v 0.01216430 0.04677210 0.13476114
v 0.00939530 0.04686874 0.13572463
v 0.00939530 0.04686874 0.13572463
v 0.01216430 0.04677210 0.13476114
v 0.01213791 0.04689797 0.13490805
v 0.00646628 0.04682145 0.13602004
v 0.00932977 0.04682408 0.13539234
v 0.00939940 0.04676927 0.13555913
v 0.00646628 0.04682145 0.13602004
v 0.00939940 0.04676927 0.13555913
v 0.00657218 0.04676926 0.13617873
v 0.00657218 0.04676926 0.13617873
v 0.00939940 0.04676927 0.13555913
v 0.00939530 0.04686874 0.13572463
v 0.00657218 0.04676926 0.13617873
v 0.00939530 0.04686874 0.13572463
v 0.00646945 0.04686907 0.13635893
v -0.01064043 0.04682144 0.13503074
v -0.00779992 0.04682411 0.13575493
v -0.00966575 0.04676885 0.13550553
v -0.00966575 0.04676885 0.13550553
v -0.00791039 0.04680749 0.13601112
v -0.01070680 0.04686874 0.13535954
v -0.01070680 0.04686874 0.13535954
v -0.00791039 0.04680749 0.13601112
v -0.00793727 0.04691407 0.13608073
v -0.01342263 0.04682446 0.13407275
v -0.01064043 0.04682144 0.13503074
v -0.00966575 0.04676885 0.13550553
v -0.01342263 0.04682446 0.13407275
v -0.00966575 0.04676885 0.13550553
v -0.01335766 0.04676926 0.13428985
v -0.01335766 0.04676926 0.13428985
v -0.00966575 0.04676885 0.13550553
v -0.01070680 0.04686874 0.13535954
v -0.01335766 0.04676926 0.13428985
v -0.01070680 0.04686874 0.13535954
v -0.01353897 0.04686904 0.13439095
v -0.02749242 0.04686557 0.12438618
v -0.02546431 0.04685313 0.12645986
v -0.02753790 0.04677407 0.12450648
v -0.02753790 0.04677407 0.12450648
v -0.02546431 0.04685313 0.12645986
v -0.02549806 0.04676701 0.12662535
v -0.02753790 0.04677407 0.12450648
v -0.02549806 0.04676701 0.12662535
v -0.02767621 0.04678943 0.12457858
v -0.02767621 0.04678943 0.12457858
v -0.02549806 0.04676701 0.12662535
v -0.02567116 0.04680753 0.12666306
v -0.02767621 0.04678943 0.12457858
v -0.02567116 0.04680753 0.12666306
v -0.02775399 0.04690089 0.12464388
v -0.02775399 0.04690089 0.12464388
v -0.02567116 0.04680753 0.12666306
v -0.02572998 0.04691417 0.12670876
v -0.02936060 0.04685359 0.12216591
v -0.02749242 0.04686557 0.12438618
v -0.02753790 0.04677407 0.12450648
v -0.02936060 0.04685359 0.12216591
v -0.02753790 0.04677407 0.12450648
v -0.02938908 0.04676308 0.12239181
v -0.02938908 0.04676308 0.12239181
v -0.02938908 0.04676308 0.12239181
v -0.02767621 0.04678943 0.12457858
v -0.02965302 0.04686921 0.12236761
v -0.02965302 0.04686921 0.12236761
v -0.02767621 0.04678943 0.12457858
v -0.02775399 0.04690089 0.12464388
v -0.03645181 0.04682143 0.10661051
v -0.03576157 0.04686766 0.10940277
v -0.03586042 0.04677407 0.10948058
v -0.03645181 0.04682143 0.10661051
v -0.03586042 0.04677407 0.10948058
v -0.03660854 0.04676926 0.10671901
v -0.03660854 0.04676926 0.10671901
v -0.03586042 0.04677407 0.10948058
v -0.03603120 0.04679607 0.10949027
v -0.03660854 0.04676926 0.10671901
v -0.03603120 0.04679607 0.10949027
v -0.03677349 0.04686868 0.10670551
v -0.03677349 0.04686868 0.10670551
v -0.03603120 0.04679607 0.10949027
v -0.03612102 0.04691409 0.10949137
v -0.03690070 0.04682447 0.10370265
v -0.03645181 0.04682143 0.10661051
v -0.03660854 0.04676926 0.10671901
v -0.03690070 0.04682447 0.10370265
v -0.03660854 0.04676926 0.10671901
v -0.03706281 0.04676926 0.10386015
v -0.03706281 0.04676926 0.10386015
v -0.03660854 0.04676926 0.10671901
v -0.03677349 0.04686868 0.10670551
v -0.03706281 0.04676926 0.10386015
v -0.03677349 0.04686868 0.10670551
v -0.03723663 0.04686914 0.10374765
v -0.03491594 0.04682141 0.08674408
v -0.03577698 0.04685320 0.08950044
v -0.03596319 0.04676308 0.08957044
v -0.03491594 0.04682141 0.08674408
v -0.03596319 0.04676308 0.08957044
v -0.03510617 0.04676926 0.08675615
v -0.03510617 0.04676926 0.08675615
v -0.03596319 0.04676308 0.08957044
v -0.03611055 0.04686488 0.08939112
v -0.03510617 0.04676926 0.08675615
v -0.03611055 0.04686488 0.08939112
v -0.03524037 0.04686867 0.08665911
v -0.03379396 0.04685353 0.08405223
v -0.03491594 0.04682141 0.08674408
v -0.03394491 0.04677185 0.08407718
v -0.03394491 0.04677185 0.08407718
v -0.03491594 0.04682141 0.08674408
v -0.03510617 0.04676926 0.08675615
v -0.03394491 0.04677185 0.08407718
v -0.03510617 0.04676926 0.08675615
v -0.03406431 0.04679605 0.08397799
v -0.03406431 0.04679605 0.08397799
v -0.03510617 0.04676926 0.08675615
v -0.03524037 0.04686867 0.08665911
v -0.03406431 0.04679605 0.08397799
v -0.03524037 0.04686867 0.08665911
v -0.03413008 0.04691693 0.08391007
v -0.03101903 0.04686571 0.07903620
v -0.03255628 0.04682402 0.08154758
v -0.03114676 0.04677407 0.07902186
v -0.03114676 0.04677407 0.07902186
v -0.03255628 0.04682402 0.08154758
v -0.03274722 0.04677209 0.08145101
v -0.03114676 0.04677407 0.07902186
v -0.03274722 0.04677209 0.08145101
v -0.03125140 0.04678939 0.07890642
v -0.03125140 0.04678939 0.07890642
v -0.03274722 0.04677209 0.08145101
v -0.03281833 0.04690124 0.08130633
v -0.03125140 0.04678939 0.07890642
v -0.03281833 0.04690124 0.08130633
v -0.03132411 0.04689780 0.07883538
v -0.02548489 0.04685091 0.07242873
v -0.02752969 0.04683866 0.07450850
v -0.02566038 0.04676700 0.07239996
v -0.02566038 0.04676700 0.07239996
v -0.02752969 0.04683866 0.07450850
v -0.02771766 0.04676572 0.07446199
v -0.02566038 0.04676700 0.07239996
v -0.02771766 0.04676572 0.07446199
v -0.02568854 0.04680749 0.07222559
v -0.02568854 0.04680749 0.07222559
v -0.02771766 0.04676572 0.07446199
v -0.02773229 0.04686904 0.07421567
v -0.02568854 0.04680749 0.07222559
v -0.02773229 0.04686904 0.07421567
v -0.02573047 0.04691428 0.07216370
v -0.01857199 0.04686775 0.06729110
v -0.02097194 0.04682449 0.06877600
v -0.01867230 0.04677405 0.06721478
v -0.01867230 0.04677405 0.06721478
v -0.02097194 0.04682449 0.06877600
v -0.02119152 0.04677209 0.06866668
v -0.01867230 0.04677405 0.06721478
v -0.02119152 0.04677209 0.06866668
v -0.01872449 0.04679602 0.06705217
v -0.01872449 0.04679602 0.06705217
v -0.02119152 0.04677209 0.06866668
v -0.02119051 0.04690126 0.06850562
v -0.01872449 0.04679602 0.06705217
v -0.02119051 0.04690126 0.06850562
v -0.01873847 0.04691674 0.06695864
v -0.01333656 0.04682446 0.06476619
v -0.01604059 0.04682132 0.06592618
v -0.01618323 0.04677211 0.06576193
v -0.01352546 0.04677210 0.06460933
v -0.01352546 0.04677210 0.06460933
v -0.01618323 0.04677211 0.06576193
v -0.01617397 0.04689820 0.06561298
v -0.01352546 0.04677210 0.06460933
v -0.01617397 0.04689820 0.06561298
v -0.01351973 0.04690115 0.06446545
v -0.01071678 0.04682409 0.06386851
v -0.01333656 0.04682446 0.06476619
v -0.01352546 0.04677210 0.06460933
v -0.01071678 0.04682409 0.06386851
v -0.01352546 0.04677210 0.06460933
v -0.01078747 0.04677014 0.06368480
v -0.01078747 0.04677014 0.06368480
v -0.01352546 0.04677210 0.06460933
v -0.01072474 0.04688542 0.06351311
v -0.01072474 0.04688542 0.06351311
v -0.01352546 0.04677210 0.06460933
v -0.01351973 0.04690115 0.06446545
v -0.00499480 0.04683895 0.06263533
v -0.00787988 0.04682147 0.06313034
v -0.00518035 0.04676571 0.06248836
v -0.00518035 0.04676571 0.06248836
v -0.00787988 0.04682147 0.06313034
v -0.00798203 0.04677211 0.06293774
v -0.00518035 0.04676571 0.06248836
v -0.00798203 0.04677211 0.06293774
v -0.00511936 0.04686854 0.06230233
v -0.00511936 0.04686854 0.06230233
v -0.00798203 0.04677211 0.06293774
v -0.00793841 0.04689775 0.06279499
v -0.00217025 0.04686772 0.06237525
v -0.00499480 0.04683895 0.06263533
v -0.00222523 0.04677406 0.06226204
v -0.00222523 0.04677406 0.06226204
v -0.00499480 0.04683895 0.06263533
v -0.00518035 0.04676571 0.06248836
v -0.00222523 0.04677406 0.06226204
v -0.00518035 0.04676571 0.06248836
v -0.00219495 0.04678940 0.06210910
v -0.00219495 0.04678940 0.06210910
v -0.00518035 0.04676571 0.06248836
v -0.00511936 0.04686854 0.06230233
v -0.00219495 0.04678940 0.06210910
v -0.00511936 0.04686854 0.06230233
v -0.00216083 0.04690135 0.06200535
v 0.00358194 0.04682154 0.06245814
v 0.00065457 0.04682412 0.06229483
v 0.00065120 0.04677207 0.06208091
v 0.00358194 0.04682154 0.06245814
v 0.00065120 0.04677207 0.06208091
v 0.00352218 0.04676926 0.06227675
v 0.00352218 0.04676926 0.06227675
v 0.00065120 0.04677207 0.06208091
v 0.00362201 0.04686500 0.06212989
v 0.00362201 0.04686500 0.06212989
v 0.00065120 0.04677207 0.06208091
v 0.00074623 0.04690142 0.06195043
v 0.01201799 0.04685087 0.06430136
v 0.00922493 0.04683858 0.06346155
v 0.01194011 0.04676309 0.06410739
v 0.01194011 0.04676309 0.06410739
v 0.00922493 0.04683858 0.06346155
v 0.00917810 0.04676572 0.06327339
v 0.01194011 0.04676309 0.06410739
v 0.00917810 0.04676572 0.06327339
v 0.00938922 0.04686914 0.06314570
v 0.01194011 0.04676309 0.06410739
v 0.00938922 0.04686914 0.06314570
v 0.01212749 0.04686493 0.06397075
v 0.01979630 0.04682136 0.06799863
v 0.01729148 0.04686750 0.06658444
v 0.01730246 0.04677405 0.06645894
v 0.01979630 0.04682136 0.06799863
v 0.01730246 0.04677405 0.06645894
v 0.01982502 0.04676928 0.06781032
v 0.01982502 0.04676928 0.06781032
v 0.01730246 0.04677405 0.06645894
v 0.01740813 0.04678948 0.06634405
v 0.01982502 0.04676928 0.06781032
v 0.01740813 0.04678948 0.06634405
v 0.02002150 0.04686920 0.06774551
v 0.02002150 0.04686920 0.06774551
v 0.01740813 0.04678948 0.06634405
v 0.01749016 0.04690129 0.06627253
v 0.02444334 0.04683904 0.07147619
v 0.02217815 0.04686775 0.06966454
v 0.02219071 0.04677405 0.06952902
v 0.02444334 0.04683904 0.07147619
v 0.02219071 0.04677405 0.06952902
v 0.02443228 0.04676572 0.07123978
v 0.02443228 0.04676572 0.07123978
v 0.02219071 0.04677405 0.06952902
v 0.02231227 0.04678945 0.06943138
v 0.02443228 0.04676572 0.07123978
v 0.02231227 0.04678945 0.06943138
v 0.02461206 0.04686862 0.07116296
v 0.02461206 0.04686862 0.07116296
v 0.02231227 0.04678945 0.06943138
v 0.02238741 0.04689798 0.06936296
v 0.02647439 0.04682411 0.07337842
v 0.02444334 0.04683904 0.07147619
v 0.02443228 0.04676572 0.07123978
v 0.02647439 0.04682411 0.07337842
v 0.02443228 0.04676572 0.07123978
v 0.02658434 0.04676928 0.07323508
v 0.02658434 0.04676928 0.07323508
v 0.02443228 0.04676572 0.07123978
v 0.02461206 0.04686862 0.07116296
v 0.02658434 0.04676928 0.07323508
v 0.02461206 0.04686862 0.07116296
v 0.02679031 0.04686918 0.07321719
v 0.03024740 0.04682447 0.07787328
v 0.02844346 0.04685095 0.07556477
v 0.02849966 0.04677188 0.07543807
v 0.03024740 0.04682447 0.07787328
v 0.02849966 0.04677188 0.07543807
v 0.03031314 0.04676928 0.07765700
v 0.03031314 0.04676928 0.07765700
v 0.02849966 0.04677188 0.07543807
v 0.02864071 0.04679610 0.07537292
v 0.03031314 0.04676928 0.07765700
v 0.02864071 0.04679610 0.07537292
v 0.03046885 0.04686880 0.07760081
v 0.03046885 0.04686880 0.07760081
v 0.02864071 0.04679610 0.07537292
v 0.02872214 0.04691417 0.07533484
v 0.03177000 0.04682402 0.08018581
v 0.03024740 0.04682447 0.07787328
v 0.03031314 0.04676928 0.07765700
v 0.03177000 0.04682402 0.08018581
v 0.03031314 0.04676928 0.07765700
v 0.03190967 0.04676928 0.08007146
v 0.03190967 0.04676928 0.08007146
v 0.03031314 0.04676928 0.07765700
v 0.03046885 0.04686880 0.07760081
v 0.03190967 0.04676928 0.08007146
v 0.03046885 0.04686880 0.07760081
v 0.03211421 0.04686913 0.08010159
v 0.03438046 0.04685357 0.08541231
v 0.03319251 0.04682148 0.08274909
v 0.03446610 0.04677187 0.08528571
v 0.03446610 0.04677187 0.08528571
v 0.03319251 0.04682148 0.08274909
v 0.03331453 0.04676929 0.08260281
v 0.03446610 0.04677187 0.08528571
v 0.03331453 0.04676929 0.08260281
v 0.03462014 0.04679609 0.08526675
v 0.03462014 0.04679609 0.08526675
v 0.03331453 0.04676929 0.08260281
v 0.03351628 0.04686913 0.08264902
v 0.03462014 0.04679609 0.08526675
v 0.03351628 0.04686913 0.08264902
v 0.03470933 0.04691412 0.08525548
v 0.03670739 0.04682449 0.09374184
v 0.03613144 0.04685086 0.09086908
v 0.03623862 0.04677187 0.09078131
v 0.03670739 0.04682449 0.09374184
v 0.03623862 0.04677187 0.09078131
v 0.03686331 0.04676928 0.09357824
v 0.03686331 0.04676928 0.09357824
v 0.03623862 0.04677187 0.09078131
v 0.03639383 0.04679610 0.09078655
v 0.03686331 0.04676928 0.09357824
v 0.03639383 0.04679610 0.09078655
v 0.03703035 0.04686498 0.09363772
v 0.03703035 0.04686498 0.09363772
v 0.03639383 0.04679610 0.09078655
v 0.03648724 0.04691687 0.09079948
v 0.03748155 0.04686498 0.09942926
v 0.03736942 0.04686917 0.10238127
v 0.03722055 0.04676928 0.10223747
v 0.03748155 0.04686498 0.09942926
v 0.03722055 0.04676928 0.10223747
v 0.03732571 0.04676928 0.09934465
v 0.03732571 0.04676928 0.09934465
v 0.03722055 0.04676928 0.10223747
v 0.03704052 0.04682144 0.10229977
v 0.03732571 0.04676928 0.09934465
v 0.03704052 0.04682144 0.10229977
v 0.03714699 0.04682405 0.09937019
v 0.03616088 0.04682405 0.10793870
v 0.03669313 0.04682449 0.10522153
v 0.03689156 0.04676928 0.10511304
v 0.03616088 0.04682405 0.10793870
v 0.03689156 0.04676928 0.10511304
v 0.03634066 0.04676928 0.10795499
v 0.03634066 0.04676928 0.10795499
v 0.03689156 0.04676928 0.10511304
v 0.03703244 0.04686498 0.10522103
v 0.03634066 0.04676928 0.10795499
v 0.03703244 0.04686498 0.10522103
v 0.03648530 0.04686875 0.10803550
v 0.03648530 0.04686875 0.10803550
v 0.03569685 0.04690136 0.11090166
v 0.03559923 0.04677213 0.11077326
v 0.03648530 0.04686875 0.10803550
v 0.03559923 0.04677213 0.11077326
v 0.03634066 0.04676928 0.10795499
v 0.03634066 0.04676928 0.10795499
v 0.03559923 0.04677213 0.11077326
v 0.03538167 0.04682146 0.11076466
v 0.03634066 0.04676928 0.10795499
v 0.03538167 0.04682146 0.11076466
v 0.03616088 0.04682405 0.10793870
v 0.03318054 0.04686762 0.11608749
v 0.03436488 0.04685360 0.11349792
v 0.03333808 0.04676733 0.11606879
v 0.03333808 0.04676733 0.11606879
v 0.03436488 0.04685360 0.11349792
v 0.03451484 0.04677187 0.11346712
v 0.03333808 0.04676733 0.11606879
v 0.03333808 0.04676733 0.11606879
v 0.03463794 0.04679610 0.11356192
v 0.03343069 0.04679932 0.11621619
v 0.03343069 0.04679932 0.11621619
v 0.03463794 0.04679610 0.11356192
v 0.03351240 0.04690099 0.11624779
v 0.03351240 0.04690099 0.11624779
v 0.03463794 0.04679610 0.11356192
v 0.03470955 0.04691413 0.11361612
v 0.03183805 0.04682404 0.11857356
v 0.03318054 0.04686762 0.11608749
v 0.03333808 0.04676733 0.11606879
v 0.03183805 0.04682404 0.11857356
v 0.03333808 0.04676733 0.11606879
v 0.03200452 0.04676928 0.11864356
v 0.03200452 0.04676928 0.11864356
v 0.03333808 0.04676733 0.11606879
v 0.03343069 0.04679932 0.11621619
v 0.03200452 0.04676928 0.11864356
v 0.03343069 0.04679932 0.11621619
v 0.03211703 0.04686873 0.11876545
v 0.03211703 0.04686873 0.11876545
v 0.03343069 0.04679932 0.11621619
v 0.03351240 0.04690099 0.11624779
v 0.03211703 0.04686873 0.11876545
v 0.03048299 0.04688553 0.12125962
v 0.03042750 0.04677015 0.12108513
v 0.03211703 0.04686873 0.11876545
v 0.03042750 0.04677015 0.12108513
v 0.03200452 0.04676928 0.11864356
v 0.03200452 0.04676928 0.11864356
v 0.03042750 0.04677015 0.12108513
v 0.03023327 0.04682143 0.12102662
v 0.03200452 0.04676928 0.11864356
v 0.03023327 0.04682143 0.12102662
v 0.03183805 0.04682404 0.11857356
v 0.02651214 0.04686760 0.12542307
v 0.02842629 0.04682449 0.12334849
v 0.02662877 0.04677408 0.12547007
v 0.02662877 0.04677408 0.12547007
v 0.02842629 0.04682449 0.12334849
v 0.02866711 0.04677213 0.12339509
v 0.02662877 0.04677408 0.12547007
v 0.02866711 0.04677213 0.12339509
v 0.02670923 0.04678941 0.12560337
v 0.02670923 0.04678941 0.12560337
v 0.02866711 0.04677213 0.12339509
v 0.02872043 0.04689801 0.12353440
v 0.02670923 0.04678941 0.12560337
v 0.02872043 0.04689801 0.12353440
v 0.02677931 0.04690083 0.12567686
v 0.02677931 0.04690083 0.12567686
v 0.02464586 0.04691695 0.12769364
v 0.02461413 0.04679607 0.12760464
v 0.02677931 0.04690083 0.12567686
v 0.02461413 0.04679607 0.12760464
v 0.02670923 0.04678941 0.12560337
v 0.02670923 0.04678941 0.12560337
v 0.02461413 0.04679607 0.12760464
v 0.02453135 0.04677409 0.12745514
v 0.02453135 0.04677409 0.12745514
v 0.02662877 0.04677408 0.12547007
v 0.02453135 0.04677409 0.12745514
v 0.02441217 0.04686554 0.12740714
v 0.02662877 0.04677408 0.12547007
v 0.02441217 0.04686554 0.12740714
v 0.02651214 0.04686760 0.12542307
v 0.01980454 0.04686766 0.13083669
v 0.02215989 0.04686787 0.12922111
v 0.02228617 0.04677407 0.12927192
v 0.01980454 0.04686766 0.13083669
v 0.02228617 0.04677407 0.12927192
v 0.01990687 0.04677409 0.13090929
v 0.01990687 0.04677409 0.13090929
v 0.02228617 0.04677407 0.12927192
v 0.02234526 0.04678941 0.12941612
v 0.01995460 0.04678937 0.13105759
v 0.01995460 0.04678937 0.13105759
v 0.02234526 0.04678941 0.12941612
v 0.02238893 0.04689780 0.12950802
v 0.01995460 0.04678937 0.13105759
v 0.02238893 0.04689780 0.12950802
v 0.02000524 0.04690104 0.13114589
v 0.02000524 0.04690104 0.13114589
v 0.01748826 0.04690110 0.13260057
v 0.01747601 0.04677212 0.13245767
v 0.02000524 0.04690104 0.13114589
v 0.01747601 0.04677212 0.13245767
v 0.01995460 0.04678937 0.13105759
v 0.01995460 0.04678937 0.13105759
v 0.01747601 0.04677212 0.13245767
v 0.01990687 0.04677409 0.13090929
v 0.01990687 0.04677409 0.13090929
v 0.01747601 0.04677212 0.13245767
v 0.01732749 0.04682145 0.13229879
v 0.01990687 0.04677409 0.13090929
v 0.01732749 0.04682145 0.13229879
v 0.01980454 0.04686766 0.13083669
v 0.01480995 0.04686921 0.13387176
v 0.01213791 0.04689797 0.13490805
v 0.01216430 0.04677210 0.13476114
v 0.01480995 0.04686921 0.13387176
v 0.01216430 0.04677210 0.13476114
v 0.01486744 0.04676927 0.13367316
v 0.01486744 0.04676927 0.13367316
v 0.01216430 0.04677210 0.13476114
v 0.01198115 0.04682443 0.13459736
v 0.01486744 0.04676927 0.13367316
v 0.01198115 0.04682443 0.13459736
v 0.01467063 0.04682446 0.13356287
v 0.00356333 0.04683913 0.13640272
v 0.00646628 0.04682145 0.13602004
v 0.00374306 0.04676572 0.13655692
v 0.00374306 0.04676572 0.13655692
v 0.00646628 0.04682145 0.13602004
v 0.00657218 0.04676926 0.13617873
v 0.00374306 0.04676572 0.13655692
v 0.00657218 0.04676926 0.13617873
v 0.00646945 0.04686907 0.13635893
v 0.00374306 0.04676572 0.13655692
v 0.00646945 0.04686907 0.13635893
v 0.00363545 0.04686495 0.13674093
v -0.00511259 0.04686913 0.13657113
v -0.00793727 0.04691407 0.13608073
v -0.00791039 0.04680749 0.13601112
v -0.00511259 0.04686913 0.13657113
v -0.00791039 0.04680749 0.13601112
v -0.00490710 0.04676310 0.13640373
v -0.00490710 0.04676310 0.13640373
v -0.00791039 0.04680749 0.13601112
v -0.00966575 0.04676885 0.13550553
v -0.00490710 0.04676310 0.13640373
v -0.00966575 0.04676885 0.13550553
v -0.00779992 0.04682411 0.13575493
v -0.00490710 0.04676310 0.13640373
v -0.00779992 0.04682411 0.13575493
v -0.00504554 0.04685353 0.13622233
v -0.01606663 0.04682437 0.13292837
v -0.01342263 0.04682446 0.13407275
v -0.01335766 0.04676926 0.13428985
v -0.01606663 0.04682437 0.13292837
v -0.01335766 0.04676926 0.13428985
v -0.01602008 0.04676927 0.13314927
v -0.01602008 0.04676927 0.13314927
v -0.01335766 0.04676926 0.13428985
v -0.01353897 0.04686904 0.13439095
v -0.01602008 0.04676927 0.13314927
v -0.01353897 0.04686904 0.13439095
v -0.01616305 0.04686496 0.13325367
v -0.02356507 0.04686919 0.12858823
v -0.02572998 0.04691417 0.12670876
v -0.02567116 0.04680753 0.12666306
v -0.02356507 0.04686919 0.12858823
v -0.02567116 0.04680753 0.12666306
v -0.02332048 0.04676571 0.12855883
v -0.02332048 0.04676571 0.12855883
v -0.02567116 0.04680753 0.12666306
v -0.02549806 0.04676701 0.12662535
v -0.02332048 0.04676571 0.12855883
v -0.02549806 0.04676701 0.12662535
v -0.02334076 0.04683904 0.12832282
v -0.02334076 0.04683904 0.12832282
v -0.02549806 0.04676701 0.12662535
v -0.02546431 0.04685313 0.12645986
v -0.03101001 0.04685315 0.11985894
v -0.02936060 0.04685359 0.12216591
v -0.02938908 0.04676308 0.12239181
v -0.03101001 0.04685315 0.11985894
v -0.02938908 0.04676308 0.12239181
v -0.03107960 0.04676308 0.12004544
v -0.03107960 0.04676308 0.12004544
v -0.02938908 0.04676308 0.12239181
v -0.02965302 0.04686921 0.12236761
v -0.03107960 0.04676308 0.12004544
v -0.02965302 0.04686921 0.12236761
v -0.03134080 0.04686912 0.12000084
v -0.03413105 0.04691664 0.11495981
v -0.03523800 0.04691678 0.11225014
v -0.03514367 0.04679605 0.11225214
v -0.03523800 0.04691678 0.11225014
v -0.03612102 0.04691409 0.10949137
v -0.03603120 0.04679607 0.10949027
v -0.03514367 0.04679605 0.11225214
v -0.03514367 0.04679605 0.11225214
v -0.03514367 0.04679605 0.11225214
v -0.03586042 0.04677407 0.10948058
v -0.03497419 0.04677406 0.11222944
v -0.03497419 0.04677406 0.11222944
v -0.03586042 0.04677407 0.10948058
v -0.03576157 0.04686766 0.10940277
v -0.03497419 0.04677406 0.11222944
v -0.03576157 0.04686766 0.10940277
v -0.03488940 0.04686793 0.11212234
v -0.03708419 0.04689468 0.10087839
v -0.03690070 0.04682447 0.10370265
v -0.03716540 0.04679700 0.10089399
v -0.03716540 0.04679700 0.10089399
v -0.03690070 0.04682447 0.10370265
v -0.03706281 0.04676926 0.10386015
v -0.03716540 0.04679700 0.10089399
v -0.03706281 0.04676926 0.10386015
v -0.03729421 0.04676926 0.10097478
v -0.03729421 0.04676926 0.10097478
v -0.03706281 0.04676926 0.10386015
v -0.03723663 0.04686914 0.10374765
v -0.03729421 0.04676926 0.10097478
v -0.03723663 0.04686914 0.10374765
v -0.03745877 0.04686915 0.10084919
v -0.03678665 0.04690130 0.09219217
v -0.03611055 0.04686488 0.08939112
v -0.03667479 0.04677210 0.09230845
v -0.03667479 0.04677210 0.09230845
v -0.03611055 0.04686488 0.08939112
v -0.03596319 0.04676308 0.08957044
v -0.03667479 0.04677210 0.09230845
v -0.03596319 0.04676308 0.08957044
v -0.03644125 0.04682448 0.09223193
v -0.03644125 0.04682448 0.09223193
v -0.03596319 0.04676308 0.08957044
v -0.03577698 0.04685320 0.08950044
v -0.03413008 0.04691693 0.08391007
v -0.03281833 0.04690124 0.08130633
v -0.03406431 0.04679605 0.08397799
v -0.03406431 0.04679605 0.08397799
v -0.03281833 0.04690124 0.08130633
v -0.03274722 0.04677209 0.08145101
v -0.03406431 0.04679605 0.08397799
v -0.03274722 0.04677209 0.08145101
v -0.03394491 0.04677185 0.08407718
v -0.03394491 0.04677185 0.08407718
v -0.03274722 0.04677209 0.08145101
v -0.03255628 0.04682402 0.08154758
v -0.03394491 0.04677185 0.08407718
v -0.03255628 0.04682402 0.08154758
v -0.03379396 0.04685353 0.08405223
v -0.02933535 0.04685350 0.07667361
v -0.03101903 0.04686571 0.07903620
v -0.03114676 0.04677407 0.07902186
v -0.02933535 0.04685350 0.07667361
v -0.03114676 0.04677407 0.07902186
v -0.02956095 0.04676307 0.07670204
v -0.02956095 0.04676307 0.07670204
v -0.03114676 0.04677407 0.07902186
v -0.03125140 0.04678939 0.07890642
v -0.02956095 0.04676307 0.07670204
v -0.03125140 0.04678939 0.07890642
v -0.02965648 0.04686864 0.07650959
v -0.02965648 0.04686864 0.07650959
v -0.03125140 0.04678939 0.07890642
v -0.03132411 0.04689780 0.07883538
v -0.02965648 0.04686864 0.07650959
v -0.02773229 0.04686904 0.07421567
v -0.02771766 0.04676572 0.07446199
v -0.02965648 0.04686864 0.07650959
v -0.02771766 0.04676572 0.07446199
v -0.02956095 0.04676307 0.07670204
v -0.02956095 0.04676307 0.07670204
v -0.02771766 0.04676572 0.07446199
v -0.02752969 0.04683866 0.07450850
v -0.02956095 0.04676307 0.07670204
v -0.02752969 0.04683866 0.07450850
v -0.02933535 0.04685350 0.07667361
v -0.02329497 0.04685357 0.07052188
v -0.02548489 0.04685091 0.07242873
v -0.02566038 0.04676700 0.07239996
v -0.02329497 0.04685357 0.07052188
v -0.02566038 0.04676700 0.07239996
v -0.02352166 0.04676308 0.07049792
v -0.02352166 0.04676308 0.07049792
v -0.02566038 0.04676700 0.07239996
v -0.02568854 0.04680749 0.07222559
v -0.02352166 0.04676308 0.07049792
v -0.02568854 0.04680749 0.07222559
v -0.02356954 0.04686874 0.07028799
v -0.02356954 0.04686874 0.07028799
v -0.02568854 0.04680749 0.07222559
v -0.02573047 0.04691428 0.07216370
v -0.02356954 0.04686874 0.07028799
v -0.02119051 0.04690126 0.06850562
v -0.02119152 0.04677209 0.06866668
v -0.02356954 0.04686874 0.07028799
v -0.02119152 0.04677209 0.06866668
v -0.02352166 0.04676308 0.07049792
v -0.02352166 0.04676308 0.07049792
v -0.02119152 0.04677209 0.06866668
v -0.02097194 0.04682449 0.06877600
v -0.02352166 0.04676308 0.07049792
v -0.02097194 0.04682449 0.06877600
v -0.02329497 0.04685357 0.07052188
v -0.01873847 0.04691674 0.06695864
v -0.01617397 0.04689820 0.06561298
v -0.01872449 0.04679602 0.06705217
v -0.01872449 0.04679602 0.06705217
v -0.01617397 0.04689820 0.06561298
v -0.01618323 0.04677211 0.06576193
v -0.01872449 0.04679602 0.06705217
v -0.01618323 0.04677211 0.06576193
v -0.01867230 0.04677405 0.06721478
v -0.01867230 0.04677405 0.06721478
v -0.01618323 0.04677211 0.06576193
v -0.01604059 0.04682132 0.06592618
v -0.01867230 0.04677405 0.06721478
v -0.01604059 0.04682132 0.06592618
v -0.01857199 0.04686775 0.06729110
v -0.01072474 0.04688542 0.06351311
v -0.00793841 0.04689775 0.06279499
v -0.00798203 0.04677211 0.06293774
v -0.01072474 0.04688542 0.06351311
v -0.00798203 0.04677211 0.06293774
v -0.01078747 0.04677014 0.06368480
v -0.01078747 0.04677014 0.06368480
v -0.00798203 0.04677211 0.06293774
v -0.00787988 0.04682147 0.06313034
v -0.01078747 0.04677014 0.06368480
v -0.00787988 0.04682147 0.06313034
v -0.01071678 0.04682409 0.06386851
v -0.00216083 0.04690135 0.06200535
v 0.00074623 0.04690142 0.06195043
v 0.00065120 0.04677207 0.06208091
v -0.00216083 0.04690135 0.06200535
v 0.00065120 0.04677207 0.06208091
v -0.00219495 0.04678940 0.06210910
v -0.00219495 0.04678940 0.06210910
v 0.00065120 0.04677207 0.06208091
v -0.00222523 0.04677406 0.06226204
v -0.00222523 0.04677406 0.06226204
v 0.00065120 0.04677207 0.06208091
v 0.00065457 0.04682412 0.06229483
v -0.00222523 0.04677406 0.06226204
v 0.00065457 0.04682412 0.06229483
v -0.00217025 0.04686772 0.06237525
v 0.00649555 0.04682437 0.06286181
v 0.00358194 0.04682154 0.06245814
v 0.00352218 0.04676926 0.06227675
v 0.00649555 0.04682437 0.06286181
v 0.00352218 0.04676926 0.06227675
v 0.00641490 0.04677213 0.06262993
v 0.00641490 0.04677213 0.06262993
v 0.00352218 0.04676926 0.06227675
v 0.00362201 0.04686500 0.06212989
v 0.00641490 0.04677213 0.06262993
v 0.00362201 0.04686500 0.06212989
v 0.00649389 0.04690088 0.06250986
v 0.00649389 0.04690088 0.06250986
v 0.00938922 0.04686914 0.06314570
v 0.00641490 0.04677213 0.06262993
v 0.00641490 0.04677213 0.06262993
v 0.00938922 0.04686914 0.06314570
v 0.00917810 0.04676572 0.06327339
v 0.00641490 0.04677213 0.06262993
v 0.00917810 0.04676572 0.06327339
v 0.00649555 0.04682437 0.06286181
v 0.00649555 0.04682437 0.06286181
v 0.00917810 0.04676572 0.06327339
v 0.00922493 0.04683858 0.06346155
v 0.01475522 0.04682447 0.06534584
v 0.01201799 0.04685087 0.06430136
v 0.01194011 0.04676309 0.06410739
v 0.01475522 0.04682447 0.06534584
v 0.01194011 0.04676309 0.06410739
v 0.01469987 0.04676927 0.06512674
v 0.01469987 0.04676927 0.06512674
v 0.01194011 0.04676309 0.06410739
v 0.01212749 0.04686493 0.06397075
v 0.01469987 0.04676927 0.06512674
v 0.01212749 0.04686493 0.06397075
v 0.01480456 0.04686861 0.06499845
v 0.01480456 0.04686861 0.06499845
v 0.01749016 0.04690129 0.06627253
v 0.01740813 0.04678948 0.06634405
v 0.01480456 0.04686861 0.06499845
v 0.01740813 0.04678948 0.06634405
v 0.01469987 0.04676927 0.06512674
v 0.01469987 0.04676927 0.06512674
v 0.01469987 0.04676927 0.06512674
v 0.01730246 0.04677405 0.06645894
v 0.01475522 0.04682447 0.06534584
v 0.01475522 0.04682447 0.06534584
v 0.01730246 0.04677405 0.06645894
v 0.01729148 0.04686750 0.06658444
v 0.02002150 0.04686920 0.06774551
v 0.02238741 0.04689798 0.06936296
v 0.02231227 0.04678945 0.06943138
v 0.02002150 0.04686920 0.06774551
v 0.02231227 0.04678945 0.06943138
v 0.01982502 0.04676928 0.06781032
v 0.01982502 0.04676928 0.06781032
v 0.01982502 0.04676928 0.06781032
v 0.02219071 0.04677405 0.06952902
v 0.01979630 0.04682136 0.06799863
v 0.01979630 0.04682136 0.06799863
v 0.02219071 0.04677405 0.06952902
v 0.02217815 0.04686775 0.06966454
v 0.02679031 0.04686918 0.07321719
v 0.02872214 0.04691417 0.07533484
v 0.02864071 0.04679610 0.07537292
v 0.02679031 0.04686918 0.07321719
v 0.02864071 0.04679610 0.07537292
v 0.02658434 0.04676928 0.07323508
v 0.02658434 0.04676928 0.07323508
v 0.02658434 0.04676928 0.07323508
v 0.02849966 0.04677188 0.07543807
v 0.02647439 0.04682411 0.07337842
v 0.02647439 0.04682411 0.07337842
v 0.02849966 0.04677188 0.07543807
v 0.02844346 0.04685095 0.07556477
v 0.03211421 0.04686913 0.08010159
v 0.03351628 0.04686913 0.08264902
v 0.03331453 0.04676929 0.08260281
v 0.03211421 0.04686913 0.08010159
v 0.03331453 0.04676929 0.08260281
v 0.03190967 0.04676928 0.08007146
v 0.03190967 0.04676928 0.08007146
v 0.03331453 0.04676929 0.08260281
v 0.03319251 0.04682148 0.08274909
v 0.03190967 0.04676928 0.08007146
v 0.03319251 0.04682148 0.08274909
v 0.03177000 0.04682402 0.08018581
v 0.03535087 0.04685318 0.08807744
v 0.03438046 0.04685357 0.08541231
v 0.03446610 0.04677187 0.08528571
v 0.03535087 0.04685318 0.08807744
v 0.03446610 0.04677187 0.08528571
v 0.03545891 0.04677187 0.08799885
v 0.03545891 0.04677187 0.08799885
v 0.03446610 0.04677187 0.08528571
v 0.03462014 0.04679609 0.08526675
v 0.03545891 0.04677187 0.08799885
v 0.03561409 0.04679609 0.08799232
v 0.03561409 0.04679609 0.08799232
v 0.03462014 0.04679609 0.08526675
v 0.03470933 0.04691412 0.08525548
v 0.03561409 0.04679609 0.08799232
v 0.03470933 0.04691412 0.08525548
v 0.03570230 0.04691663 0.08797954
v 0.03570230 0.04691663 0.08797954
v 0.03648724 0.04691687 0.09079948
v 0.03639383 0.04679610 0.09078655
v 0.03570230 0.04691663 0.08797954
v 0.03639383 0.04679610 0.09078655
v 0.03561409 0.04679609 0.08799232
v 0.03561409 0.04679609 0.08799232
v 0.03561409 0.04679609 0.08799232
v 0.03623862 0.04677187 0.09078131
v 0.03545891 0.04677187 0.08799885
v 0.03545891 0.04677187 0.08799885
v 0.03623862 0.04677187 0.09078131
v 0.03613144 0.04685086 0.09086908
v 0.03545891 0.04677187 0.08799885
v 0.03613144 0.04685086 0.09086908
v 0.03535087 0.04685318 0.08807744
v 0.03703827 0.04682449 0.09660363
v 0.03670739 0.04682449 0.09374184
v 0.03686331 0.04676928 0.09357824
v 0.03703827 0.04682449 0.09660363
v 0.03686331 0.04676928 0.09357824
v 0.03724277 0.04677213 0.09646749
v 0.03724277 0.04677213 0.09646749
v 0.03686331 0.04676928 0.09357824
v 0.03703035 0.04686498 0.09363772
v 0.03724277 0.04677213 0.09646749
v 0.03703035 0.04686498 0.09363772
v 0.03737881 0.04690096 0.09651391
v 0.03714699 0.04682405 0.09937019
v 0.03703827 0.04682449 0.09660363
v 0.03724277 0.04677213 0.09646749
v 0.03714699 0.04682405 0.09937019
v 0.03724277 0.04677213 0.09646749
v 0.03732571 0.04676928 0.09934465
v 0.03732571 0.04676928 0.09934465
v 0.03724277 0.04677213 0.09646749
v 0.03748155 0.04686498 0.09942926
v 0.03748155 0.04686498 0.09942926
v 0.03724277 0.04677213 0.09646749
v 0.03737881 0.04690096 0.09651391
v 0.03211421 0.04686913 0.08010159
v 0.03211708 0.05267667 0.08010690
v 0.03351628 0.04686913 0.08264902
v 0.03351488 0.05266041 0.08263699
v 0.03351628 0.04686913 0.08264902
v 0.03351488 0.05266041 0.08263699
v 0.03470933 0.04691412 0.08525548
v 0.03470953 0.05263125 0.08525598
v 0.03470933 0.04691412 0.08525548
v 0.03470953 0.05263125 0.08525598
v 0.03570230 0.04691663 0.08797954
v 0.03570165 0.05262850 0.08797736
v 0.03570230 0.04691663 0.08797954
v 0.03570165 0.05262850 0.08797736
v 0.03648724 0.04691687 0.09079948
v 0.03648724 0.04691687 0.09079948
v 0.03570165 0.05262850 0.08797736
v 0.03648527 0.05267662 0.09083651
v 0.03648724 0.04691687 0.09079948
v 0.03648527 0.05267662 0.09083651
v 0.03703035 0.04686498 0.09363772
v 0.03703245 0.05268037 0.09365110
v 0.03703035 0.04686498 0.09363772
v 0.03703245 0.05268037 0.09365110
v 0.03737881 0.04690096 0.09651391
v 0.03737465 0.05266000 0.09650241
v 0.03737881 0.04690096 0.09651391
v 0.03737465 0.05266000 0.09650241
v 0.03748155 0.04686498 0.09942926
v 0.03748157 0.05268038 0.09944280
v 0.03748155 0.04686498 0.09942926
v 0.03748157 0.05268038 0.09944280
v 0.03736942 0.04686917 0.10238127
v 0.03736867 0.05267663 0.10238727
v 0.03736942 0.04686917 0.10238127
v 0.03736867 0.05267663 0.10238727
v 0.03703244 0.04686498 0.10522103
v 0.03703037 0.05268037 0.10523443
v 0.03703244 0.04686498 0.10522103
v 0.03703037 0.05268037 0.10523443
v 0.03648530 0.04686875 0.10803550
v 0.03648421 0.05267617 0.10804140
v 0.03648530 0.04686875 0.10803550
v 0.03648421 0.05267617 0.10804140
v 0.03569685 0.04690136 0.11090166
v 0.03569739 0.05264438 0.11089966
v 0.03569685 0.04690136 0.11090166
v 0.03569739 0.05264438 0.11089966
v 0.03470955 0.04691413 0.11361612
v 0.03470933 0.05263123 0.11361672
v 0.03470955 0.04691413 0.11361612
v 0.03470933 0.05263123 0.11361672
v 0.03351240 0.04690099 0.11624779
v 0.03351206 0.05262852 0.11625429
v 0.03351240 0.04690099 0.11624779
v 0.03351206 0.05262852 0.11625429
v 0.03211703 0.04686873 0.11876545
v 0.03211703 0.04686873 0.11876545
v 0.03351206 0.05262852 0.11625429
v 0.03211414 0.05267620 0.11877076
v 0.03211703 0.04686873 0.11876545
v 0.03211414 0.05267620 0.11877076
v 0.03048299 0.04688553 0.12125962
v 0.03048274 0.05266025 0.12125962
v 0.03048299 0.04688553 0.12125962
v 0.03048274 0.05266025 0.12125962
v 0.02872043 0.04689801 0.12353440
v 0.02871481 0.05266379 0.12353450
v 0.02872043 0.04689801 0.12353440
v 0.02871481 0.05266379 0.12353450
v 0.02677931 0.04690083 0.12567686
v 0.02679023 0.05267620 0.12565497
v 0.02677931 0.04690083 0.12567686
v 0.02679023 0.05267620 0.12565497
v 0.02464586 0.04691695 0.12769364
v 0.02464586 0.04691695 0.12769364
v 0.02679023 0.05267620 0.12565497
v 0.02464751 0.05262869 0.12769214
v 0.02464586 0.04691695 0.12769364
v 0.02464751 0.05262869 0.12769214
v 0.02238893 0.04689780 0.12950802
v 0.02238730 0.05264754 0.12950921
v 0.02238893 0.04689780 0.12950802
v 0.02238730 0.05264754 0.12950921
v 0.02000524 0.04690104 0.13114589
v 0.02000524 0.04690104 0.13114589
v 0.02238730 0.05264754 0.12950921
v 0.02002132 0.05267612 0.13112679
v 0.02000524 0.04690104 0.13114589
v 0.02002132 0.05267612 0.13112679
v 0.01748826 0.04690110 0.13260057
v 0.01748826 0.04690110 0.13260057
v 0.02002132 0.05267612 0.13112679
v 0.01748412 0.05262839 0.13260568
v 0.01748826 0.04690110 0.13260057
v 0.01748412 0.05262839 0.13260568
v 0.01480995 0.04686921 0.13387176
v 0.01480442 0.05267658 0.13387385
v 0.01480995 0.04686921 0.13387176
v 0.01480442 0.05267658 0.13387385
v 0.01213791 0.04689797 0.13490805
v 0.01212763 0.05268033 0.13490144
v 0.01213791 0.04689797 0.13490805
v 0.01212763 0.05268033 0.13490144
v 0.00939530 0.04686874 0.13572463
v 0.00936342 0.05262870 0.13574364
v 0.00939530 0.04686874 0.13572463
v 0.00936342 0.05262870 0.13574364
v 0.00646945 0.04686907 0.13635893
v 0.00650212 0.05262899 0.13636343
v 0.00646945 0.04686907 0.13635893
v 0.00650212 0.05262899 0.13636343
v 0.00363545 0.04686495 0.13674093
v 0.00362202 0.05268037 0.13674232
v 0.00363545 0.04686495 0.13674093
v 0.00362202 0.05268037 0.13674232
v 0.00074405 0.04690104 0.13692171
v 0.00074607 0.05264398 0.13692171
v 0.00074405 0.04690104 0.13692171
v 0.00074607 0.05264398 0.13692171
v -0.00217170 0.04691688 0.13686863
v -0.00216104 0.05264392 0.13686683
v -0.00217170 0.04691688 0.13686863
v -0.00216104 0.05264392 0.13686683
v -0.00511259 0.04686913 0.13657113
v -0.00511259 0.04686913 0.13657113
v -0.00216104 0.05264392 0.13686683
v -0.00511850 0.05267664 0.13657002
v -0.00511259 0.04686913 0.13657113
v -0.00511850 0.05267664 0.13657002
v -0.00793727 0.04691407 0.13608073
v -0.00793835 0.05263130 0.13608043
v -0.00793727 0.04691407 0.13608073
v -0.00793835 0.05263130 0.13608043
v -0.01070680 0.04686874 0.13535954
v -0.01071270 0.05267612 0.13535813
v -0.01070680 0.04686874 0.13535954
v -0.01071270 0.05267612 0.13535813
v -0.01353897 0.04686904 0.13439095
v -0.01354461 0.05267671 0.13438856
v -0.01353897 0.04686904 0.13439095
v -0.01354461 0.05267671 0.13438856
v -0.01616305 0.04686496 0.13325367
v -0.01617515 0.05268040 0.13324787
v -0.01616305 0.04686496 0.13325367
v -0.01617515 0.05268040 0.13324787
v -0.01873213 0.04690096 0.13191418
v -0.01870757 0.05267616 0.13191958
v -0.01873213 0.04690096 0.13191418
v -0.01870757 0.05267616 0.13191958
v -0.02119274 0.04690102 0.13036481
v -0.02116892 0.05267613 0.13037201
v -0.02119274 0.04690102 0.13036481
v -0.02116892 0.05267613 0.13037201
v -0.02356507 0.04686919 0.12858823
v -0.02356942 0.05267659 0.12858433
v -0.02356507 0.04686919 0.12858823
v -0.02356942 0.05267659 0.12858433
v -0.02572998 0.04691417 0.12670876
v -0.02572998 0.04691417 0.12670876
v -0.02356942 0.05267659 0.12858433
v -0.02572648 0.05268043 0.12669445
v -0.02572998 0.04691417 0.12670876
v -0.02572648 0.05268043 0.12669445
v -0.02775399 0.04690089 0.12464388
v -0.02775276 0.05264415 0.12464538
v -0.02775399 0.04690089 0.12464388
v -0.02775276 0.05264415 0.12464538
v -0.02965302 0.04686921 0.12236761
v -0.02964926 0.05266033 0.12237921
v -0.02965302 0.04686921 0.12236761
v -0.02964926 0.05266033 0.12237921
v -0.03134080 0.04686912 0.12000084
v -0.03134080 0.04686912 0.12000084
v -0.02964926 0.05266033 0.12237921
v -0.03131932 0.05268037 0.12002674
v -0.03134080 0.04686912 0.12000084
v -0.03131932 0.05268037 0.12002674
v -0.03280113 0.05267619 0.11758107
v -0.03281402 0.04686493 0.11754997
v -0.03281402 0.04686493 0.11754997
v -0.03280113 0.05267619 0.11758107
v -0.03413105 0.04691664 0.11495981
v -0.03413009 0.05262842 0.11496210
v -0.03413105 0.04691664 0.11495981
v -0.03413009 0.05262842 0.11496210
v -0.03523800 0.04691678 0.11225014
v -0.03523721 0.05262885 0.11225224
v -0.03523800 0.04691678 0.11225014
v -0.03523721 0.05262885 0.11225224
v -0.03612102 0.04691409 0.10949137
v -0.03611056 0.05268040 0.10948107
v -0.03612102 0.04691409 0.10949137
v -0.03611056 0.05268040 0.10948107
v -0.03677349 0.04686868 0.10670551
v -0.03677496 0.05267618 0.10669961
v -0.03677349 0.04686868 0.10670551
v -0.03677496 0.05267618 0.10669961
v -0.03723663 0.04686914 0.10374765
v -0.03723704 0.05267662 0.10374175
v -0.03723663 0.04686914 0.10374765
v -0.03723704 0.05267662 0.10374175
v -0.03745877 0.04686915 0.10084919
v -0.03745872 0.05267661 0.10084319
v -0.03745877 0.04686915 0.10084919
v -0.03745872 0.05267661 0.10084319
v -0.03745374 0.04686494 0.09798949
v -0.03745323 0.05268036 0.09797594
v -0.03745374 0.04686494 0.09798949
v -0.03745323 0.05268036 0.09797594
v -0.03724299 0.04691665 0.09509149
v -0.03724299 0.04691665 0.09509149
v -0.03745323 0.05268036 0.09797594
v -0.03723663 0.05267617 0.09512441
v -0.03724299 0.04691665 0.09509149
v -0.03723663 0.05267617 0.09512441
v -0.03678665 0.04690130 0.09219217
v -0.03678665 0.04690130 0.09219217
v -0.03723663 0.05267617 0.09512441
v -0.03677351 0.05267660 0.09216658
v -0.03678665 0.04690130 0.09219217
v -0.03677351 0.05267660 0.09216658
v -0.03611055 0.04686488 0.08939112
v -0.03610689 0.05268043 0.08937792
v -0.03611055 0.04686488 0.08939112
v -0.03610689 0.05268043 0.08937792
v -0.03524037 0.04686867 0.08665911
v -0.03523857 0.05267620 0.08665328
v -0.03524037 0.04686867 0.08665911
v -0.03523857 0.05267620 0.08665328
v -0.03413008 0.04691693 0.08391007
v -0.03413102 0.05262867 0.08391224
v -0.03413008 0.04691693 0.08391007
v -0.03413102 0.05262867 0.08391224
v -0.03281833 0.04690124 0.08130633
v -0.03281928 0.05264442 0.08130826
v -0.03281833 0.04690124 0.08130633
v -0.03281928 0.05264442 0.08130826
v -0.03132411 0.04689780 0.07883538
v -0.03132411 0.04689780 0.07883538
v -0.03281928 0.05264442 0.08130826
v -0.03131171 0.05268042 0.07883394
v -0.03132411 0.04689780 0.07883538
v -0.03131171 0.05268042 0.07883394
v -0.02965648 0.04686864 0.07650959
v -0.02965298 0.05267620 0.07650455
v -0.02965648 0.04686864 0.07650959
v -0.02965298 0.05267620 0.07650455
v -0.02773229 0.04686904 0.07421567
v -0.02776126 0.05262872 0.07423246
v -0.02773229 0.04686904 0.07421567
v -0.02776126 0.05262872 0.07423246
v -0.02573047 0.04691428 0.07216370
v -0.02573047 0.04691428 0.07216370
v -0.02776126 0.05262872 0.07423246
v -0.02573017 0.05263111 0.07216343
v -0.02573047 0.04691428 0.07216370
v -0.02573017 0.05263111 0.07216343
v -0.02356954 0.04686874 0.07028799
v -0.02356500 0.05267614 0.07028394
v -0.02356954 0.04686874 0.07028799
v -0.02356500 0.05267614 0.07028394
v -0.02119051 0.04690126 0.06850562
v -0.02119217 0.05264450 0.06850690
v -0.02119051 0.04690126 0.06850562
v -0.02119217 0.05264450 0.06850690
v -0.01873847 0.04691674 0.06695864
v -0.01873181 0.05264453 0.06695780
v -0.01873847 0.04691674 0.06695864
v -0.01873181 0.05264453 0.06695780
v -0.01617397 0.04689820 0.06561298
v -0.01616344 0.05268025 0.06561860
v -0.01617397 0.04689820 0.06561298
v -0.01616344 0.05268025 0.06561860
v -0.01351973 0.04690115 0.06446545
v -0.01353918 0.05267611 0.06448113
v -0.01351973 0.04690115 0.06446545
v -0.01353918 0.05267611 0.06448113
v -0.01072474 0.04688542 0.06351311
v -0.01072474 0.04688542 0.06351311
v -0.01353918 0.05267611 0.06448113
v -0.01072446 0.05266030 0.06351321
v -0.01072474 0.04688542 0.06351311
v -0.01072446 0.05266030 0.06351321
v -0.00793841 0.04689775 0.06279499
v -0.00793707 0.05263156 0.06279142
v -0.00793841 0.04689775 0.06279499
v -0.00793707 0.05263156 0.06279142
v -0.00511936 0.04686854 0.06230233
v -0.00511936 0.04686854 0.06230233
v -0.00793707 0.05263156 0.06279142
v -0.00508495 0.05262838 0.06228696
v -0.00511936 0.04686854 0.06230233
v -0.00508495 0.05262838 0.06228696
v -0.00216083 0.04690135 0.06200535
v -0.00216288 0.05264432 0.06200557
v -0.00216083 0.04690135 0.06200535
v -0.00216288 0.05264432 0.06200557
v 0.00074623 0.04690142 0.06195043
v 0.00074414 0.05264437 0.06195050
v 0.00074623 0.04690142 0.06195043
v 0.00074414 0.05264437 0.06195050
v 0.00362201 0.04686500 0.06212989
v 0.00363544 0.05268036 0.06213120
v 0.00362201 0.04686500 0.06212989
v 0.00363544 0.05268036 0.06213120
v 0.00649389 0.04690088 0.06250986
v 0.00650017 0.05262861 0.06250834
v 0.00649389 0.04690088 0.06250986
v 0.00650017 0.05262861 0.06250834
v 0.00938922 0.04686914 0.06314570
v 0.00938922 0.04686914 0.06314570
v 0.00650017 0.05262861 0.06250834
v 0.00939499 0.05267663 0.06314747
v 0.00938922 0.04686914 0.06314570
v 0.00939499 0.05267663 0.06314747
v 0.01212749 0.04686493 0.06397075
v 0.01214051 0.05268039 0.06397519
v 0.01212749 0.04686493 0.06397075
v 0.01214051 0.05268039 0.06397519
v 0.01480456 0.04686861 0.06499845
v 0.01484148 0.05262820 0.06500288
v 0.01480456 0.04686861 0.06499845
v 0.01484148 0.05262820 0.06500288
v 0.01749016 0.04690129 0.06627253
v 0.01748237 0.05262885 0.06626568
v 0.01749016 0.04690129 0.06627253
v 0.01748237 0.05262885 0.06626568
v 0.02002150 0.04686920 0.06774551
v 0.02002626 0.05267656 0.06774884
v 0.02002150 0.04686920 0.06774551
v 0.02002626 0.05267656 0.06774884
v 0.02238741 0.04689798 0.06936296
v 0.02238899 0.05264753 0.06936418
v 0.02238741 0.04689798 0.06936296
v 0.02238899 0.05264753 0.06936418
v 0.02461206 0.04686862 0.07116296
v 0.02461689 0.05267631 0.07116679
v 0.02461206 0.04686862 0.07116296
v 0.02461689 0.05267631 0.07116679
v 0.02679031 0.04686918 0.07321719
v 0.02679430 0.05267663 0.07322169
v 0.02679031 0.04686918 0.07321719
v 0.02679430 0.05267663 0.07322169
v 0.02872214 0.04691417 0.07533484
v 0.02872256 0.05263118 0.07533533
v 0.02872214 0.04691417 0.07533484
v 0.02872256 0.05263118 0.07533533
v 0.03046885 0.04686880 0.07760081
v 0.03047257 0.05267611 0.07760548
v 0.03046885 0.04686880 0.07760081
v 0.03047257 0.05267611 0.07760548
v 0.03211421 0.04686913 0.08010159
v 0.03211708 0.05267667 0.08010690
v 0.00930306 0.05270678 0.06348165
v 0.01200096 0.05269179 0.06429827
v 0.01220529 0.05278227 0.06419812
v 0.00930306 0.05270678 0.06348165
v 0.01220529 0.05278227 0.06419812
v 0.00943387 0.05277964 0.06333921
v 0.00943387 0.05277964 0.06333921
v 0.01220529 0.05278227 0.06419812
v 0.01214051 0.05268039 0.06397519
v 0.00943387 0.05277964 0.06333921
v 0.01214051 0.05268039 0.06397519
v 0.00939499 0.05267663 0.06314747
v 0.00647058 0.05269242 0.06287308
v 0.00930306 0.05270678 0.06348165
v 0.00658292 0.05277835 0.06274726
v 0.00658292 0.05277835 0.06274726
v 0.00930306 0.05270678 0.06348165
v 0.00943387 0.05277964 0.06333921
v 0.00658292 0.05277835 0.06274726
v 0.00943387 0.05277964 0.06333921
v 0.00650887 0.05273783 0.06258576
v 0.00650887 0.05273783 0.06258576
v 0.00943387 0.05277964 0.06333921
v 0.00939499 0.05267663 0.06314747
v 0.00650887 0.05273783 0.06258576
v 0.00939499 0.05267663 0.06314747
v 0.00650017 0.05262861 0.06250834
v 0.00360314 0.05270916 0.06246974
v 0.00647058 0.05269242 0.06287308
v 0.00658292 0.05277835 0.06274726
v 0.00360314 0.05270916 0.06246974
v 0.00658292 0.05277835 0.06274726
v 0.00374315 0.05277965 0.06231509
v 0.00374315 0.05277965 0.06231509
v 0.00658292 0.05277835 0.06274726
v 0.00650887 0.05273783 0.06258576
v 0.00374315 0.05277965 0.06231509
v 0.00650887 0.05273783 0.06258576
v 0.00363544 0.05268036 0.06213120
v 0.00363544 0.05268036 0.06213120
v 0.00650887 0.05273783 0.06258576
v 0.00650017 0.05262861 0.06250834
v 0.03736867 0.05267663 0.10238727
v 0.03748157 0.05268038 0.09944280
v 0.03732571 0.05277611 0.09952767
v 0.03720637 0.05277611 0.10241997
v 0.03720637 0.05277611 0.10241997
v 0.03732571 0.05277611 0.09952767
v 0.03715105 0.05272394 0.09945137
v 0.03720637 0.05277611 0.10241997
v 0.03715105 0.05272394 0.09945137
v 0.03703827 0.05272089 0.10226867
v 0.03648421 0.05267617 0.10804140
v 0.03703037 0.05268037 0.10523443
v 0.03686327 0.05277611 0.10529403
v 0.03648421 0.05267617 0.10804140
v 0.03686327 0.05277611 0.10529403
v 0.03629847 0.05277611 0.10813299
v 0.03629847 0.05277611 0.10813299
v 0.03686327 0.05277611 0.10529403
v 0.03670250 0.05272394 0.10519173
v 0.03629847 0.05277611 0.10813299
v 0.03670250 0.05272394 0.10519173
v 0.03613051 0.05272134 0.10806689
v 0.03569739 0.05264438 0.11089966
v 0.03648421 0.05267617 0.10804140
v 0.03555424 0.05277327 0.11091336
v 0.03555424 0.05277327 0.11091336
v 0.03648421 0.05267617 0.10804140
v 0.03629847 0.05277611 0.10813299
v 0.03555424 0.05277327 0.11091336
v 0.03629847 0.05277611 0.10813299
v 0.03613051 0.05272134 0.10806689
v 0.03555424 0.05277327 0.11091336
v 0.03613051 0.05272134 0.10806689
v 0.03538670 0.05272087 0.11073376
v 0.03351206 0.05262852 0.11625429
v 0.03470933 0.05263123 0.11361672
v 0.03462012 0.05274930 0.11360542
v 0.03351206 0.05262852 0.11625429
v 0.03462012 0.05274930 0.11360542
v 0.03343518 0.05273784 0.11624079
v 0.03343518 0.05273784 0.11624079
v 0.03462012 0.05274930 0.11360542
v 0.03324964 0.05277805 0.11624479
v 0.03324964 0.05277805 0.11624479
v 0.03462012 0.05274930 0.11360542
v 0.03446603 0.05277352 0.11358673
v 0.03324964 0.05277805 0.11624479
v 0.03446603 0.05277352 0.11358673
v 0.03437372 0.05269442 0.11348302
v 0.03324964 0.05277805 0.11624479
v 0.03437372 0.05269442 0.11348302
v 0.03317038 0.05267772 0.11610769
v 0.03211414 0.05267620 0.11877076
v 0.03351206 0.05262852 0.11625429
v 0.03343518 0.05273784 0.11624079
v 0.03211414 0.05267620 0.11877076
v 0.03343518 0.05273784 0.11624079
v 0.03190929 0.05277611 0.11880136
v 0.03190929 0.05277611 0.11880136
v 0.03343518 0.05273784 0.11624079
v 0.03324964 0.05277805 0.11624479
v 0.03190929 0.05277611 0.11880136
v 0.03324964 0.05277805 0.11624479
v 0.03182745 0.05272091 0.11858996
v 0.03182745 0.05272091 0.11858996
v 0.03324964 0.05277805 0.11624479
v 0.03317038 0.05267772 0.11610769
v 0.02871481 0.05266379 0.12353450
v 0.03048274 0.05266025 0.12125962
v 0.03033358 0.05277525 0.12121652
v 0.02871481 0.05266379 0.12353450
v 0.03033358 0.05277525 0.12121652
v 0.02855451 0.05277524 0.12350180
v 0.02855451 0.05277524 0.12350180
v 0.03033358 0.05277525 0.12121652
v 0.03021541 0.05272395 0.12105162
v 0.02855451 0.05277524 0.12350180
v 0.03021541 0.05272395 0.12105162
v 0.02841400 0.05272133 0.12336409
v 0.02238730 0.05264754 0.12950921
v 0.02464751 0.05262869 0.12769214
v 0.02457828 0.05274932 0.12763594
v 0.02238730 0.05264754 0.12950921
v 0.02457828 0.05274932 0.12763594
v 0.02225183 0.05277329 0.12944752
v 0.02225183 0.05277329 0.12944752
v 0.02457828 0.05274932 0.12763594
v 0.02444907 0.05277351 0.12754994
v 0.02225183 0.05277329 0.12944752
v 0.02444907 0.05277351 0.12754994
v 0.02217259 0.05272399 0.12924522
v 0.02217259 0.05272399 0.12924522
v 0.02444907 0.05277351 0.12754994
v 0.02442963 0.05269176 0.12739815
v 0.01480442 0.05267658 0.13387385
v 0.01748412 0.05262839 0.13260568
v 0.01741236 0.05274927 0.13254408
v 0.01480442 0.05267658 0.13387385
v 0.01741236 0.05274927 0.13254408
v 0.01469986 0.05277610 0.13374545
v 0.01469986 0.05277610 0.13374545
v 0.01741236 0.05274927 0.13254408
v 0.01730662 0.05277353 0.13243048
v 0.01469986 0.05277610 0.13374545
v 0.01730662 0.05277353 0.13243048
v 0.01470076 0.05272397 0.13355496
v 0.01470076 0.05272397 0.13355496
v 0.01730662 0.05277353 0.13243048
v 0.01732249 0.05269188 0.13227848
v 0.00650212 0.05262899 0.13636343
v 0.00936342 0.05262870 0.13574364
v 0.00932239 0.05273798 0.13567684
v 0.00650212 0.05262899 0.13636343
v 0.00932239 0.05273798 0.13567684
v 0.00648658 0.05273779 0.13629043
v 0.00648658 0.05273779 0.13629043
v 0.00932239 0.05273798 0.13567684
v 0.00919733 0.05277803 0.13553983
v 0.00648658 0.05273779 0.13629043
v 0.00919733 0.05277803 0.13553983
v 0.00637228 0.05277803 0.13614403
v 0.00637228 0.05277803 0.13614403
v 0.00919733 0.05277803 0.13553983
v 0.00927164 0.05267730 0.13538374
v 0.00637228 0.05277803 0.13614403
v 0.00927164 0.05267730 0.13538374
v 0.00645723 0.05267757 0.13599443
v 0.00074607 0.05264398 0.13692171
v 0.00362202 0.05268037 0.13674232
v 0.00065013 0.05277328 0.13679122
v 0.00065013 0.05277328 0.13679122
v 0.00362202 0.05268037 0.13674232
v 0.00348082 0.05277964 0.13658253
v 0.00065013 0.05277328 0.13679122
v 0.00348082 0.05277964 0.13658253
v 0.00065433 0.05272127 0.13657732
v 0.00065433 0.05272127 0.13657732
v 0.00348082 0.05277964 0.13658253
v 0.00358771 0.05270924 0.13640403
v -0.00216104 0.05264392 0.13686683
v 0.00074607 0.05264398 0.13692171
v 0.00065013 0.05277328 0.13679122
v -0.00216104 0.05264392 0.13686683
v 0.00065013 0.05277328 0.13679122
v -0.00224533 0.05277327 0.13672942
v -0.00224533 0.05277327 0.13672942
v 0.00065013 0.05277328 0.13679122
v 0.00065433 0.05272127 0.13657732
v -0.00224533 0.05277327 0.13672942
v 0.00065433 0.05272127 0.13657732
v -0.00211375 0.05272085 0.13652232
v -0.00793835 0.05263130 0.13608043
v -0.00511850 0.05267664 0.13657002
v -0.00793369 0.05273787 0.13600613
v -0.00793369 0.05273787 0.13600613
v -0.00511850 0.05267664 0.13657002
v -0.00518692 0.05278227 0.13636552
v -0.00793369 0.05273787 0.13600613
v -0.00518692 0.05278227 0.13636552
v -0.00798392 0.05277803 0.13582743
v -0.00798392 0.05277803 0.13582743
v -0.00518692 0.05278227 0.13636552
v -0.00502889 0.05269457 0.13622723
v -0.00798392 0.05277803 0.13582743
v -0.00502889 0.05269457 0.13622723
v -0.00786993 0.05267747 0.13571654
v -0.01071270 0.05267612 0.13535813
v -0.00793835 0.05263130 0.13608043
v -0.00793369 0.05273787 0.13600613
v -0.01071270 0.05267612 0.13535813
v -0.00793369 0.05273787 0.13600613
v -0.01082925 0.05278227 0.13512094
v -0.01082925 0.05278227 0.13512094
v -0.00793369 0.05273787 0.13600613
v -0.00798392 0.05277803 0.13582743
v -0.01082925 0.05278227 0.13512094
v -0.00798392 0.05277803 0.13582743
v -0.01062943 0.05269184 0.13501274
v -0.01062943 0.05269184 0.13501274
v -0.00798392 0.05277803 0.13582743
v -0.00786993 0.05267747 0.13571654
v -0.01617515 0.05268040 0.13324787
v -0.01354461 0.05267671 0.13438856
v -0.01352982 0.05277609 0.13422335
v -0.01617515 0.05268040 0.13324787
v -0.01352982 0.05277609 0.13422335
v -0.01618448 0.05277609 0.13307067
v -0.01618448 0.05277609 0.13307067
v -0.01352982 0.05277609 0.13422335
v -0.01339553 0.05272394 0.13408816
v -0.01618448 0.05277609 0.13307067
v -0.01339553 0.05272394 0.13408816
v -0.01608439 0.05272141 0.13292057
v -0.01870757 0.05267616 0.13191958
v -0.01617515 0.05268040 0.13324787
v -0.01618448 0.05277609 0.13307067
v -0.01870757 0.05267616 0.13191958
v -0.01618448 0.05277609 0.13307067
v -0.01876733 0.05278227 0.13166139
v -0.01876733 0.05278227 0.13166139
v -0.01618448 0.05277609 0.13307067
v -0.01608439 0.05272141 0.13292057
v -0.01876733 0.05278227 0.13166139
v -0.01608439 0.05272141 0.13292057
v -0.01856964 0.05269443 0.13159269
v -0.02116892 0.05267613 0.13037201
v -0.01870757 0.05267616 0.13191958
v -0.01876733 0.05278227 0.13166139
v -0.02121133 0.05277964 0.13012911
v -0.02121133 0.05277964 0.13012911
v -0.01876733 0.05278227 0.13166139
v -0.02097903 0.05270632 0.13008110
v -0.02097903 0.05270632 0.13008110
v -0.01876733 0.05278227 0.13166139
v -0.01856964 0.05269443 0.13159269
v -0.02572648 0.05268043 0.12669445
v -0.02356942 0.05267659 0.12858433
v -0.02352561 0.05277964 0.12839343
v -0.02572648 0.05268043 0.12669445
v -0.02352561 0.05277964 0.12839343
v -0.02569361 0.05278226 0.12646446
v -0.02569361 0.05278226 0.12646446
v -0.02352561 0.05277964 0.12839343
v -0.02332415 0.05270930 0.12834083
v -0.02569361 0.05278226 0.12646446
v -0.02332415 0.05270930 0.12834083
v -0.02549757 0.05269215 0.12642836
v -0.02775276 0.05264415 0.12464538
v -0.02572648 0.05268043 0.12669445
v -0.02770404 0.05275594 0.12454788
v -0.02770404 0.05275594 0.12454788
v -0.02572648 0.05268043 0.12669445
v -0.02569361 0.05278226 0.12646446
v -0.02770404 0.05275594 0.12454788
v -0.02569361 0.05278226 0.12646446
v -0.02761852 0.05277127 0.12441758
v -0.02761852 0.05277127 0.12441758
v -0.02569361 0.05278226 0.12646446
v -0.02549757 0.05269215 0.12642836
v -0.02761852 0.05277127 0.12441758
v -0.02549757 0.05269215 0.12642836
v -0.02748431 0.05267738 0.12439248
v -0.03131932 0.05268037 0.12002674
v -0.02964926 0.05266033 0.12237921
v -0.02956527 0.05277522 0.12224891
v -0.03131932 0.05268037 0.12002674
v -0.02956527 0.05277522 0.12224891
v -0.03123393 0.05278226 0.11981084
v -0.03123393 0.05278226 0.11981084
v -0.02956527 0.05277522 0.12224891
v -0.02937354 0.05272395 0.12218271
v -0.03123393 0.05278226 0.11981084
v -0.02937354 0.05272395 0.12218271
v -0.03103495 0.05269212 0.11982094
v -0.03280113 0.05267619 0.11758107
v -0.03131932 0.05268037 0.12002674
v -0.03123393 0.05278226 0.11981084
v -0.03280113 0.05267619 0.11758107
v -0.03123393 0.05278226 0.11981084
v -0.03272538 0.05277609 0.11738808
v -0.03272538 0.05277609 0.11738808
v -0.03123393 0.05278226 0.11981084
v -0.03250159 0.05272088 0.11742258
v -0.03250159 0.05272088 0.11742258
v -0.03123393 0.05278226 0.11981084
v -0.03103495 0.05269212 0.11982094
v -0.03523721 0.05262885 0.11225224
v -0.03413009 0.05262842 0.11496210
v -0.03406420 0.05274931 0.11489430
v -0.03523721 0.05262885 0.11225224
v -0.03406420 0.05274931 0.11489430
v -0.03515972 0.05274929 0.11220794
v -0.03515972 0.05274929 0.11220794
v -0.03406420 0.05274931 0.11489430
v -0.03394504 0.05277350 0.11479481
v -0.03503298 0.05277350 0.11211864
v -0.03503298 0.05277350 0.11211864
v -0.03394504 0.05277350 0.11479481
v -0.03380639 0.05269462 0.11479891
v -0.03503298 0.05277350 0.11211864
v -0.03380639 0.05269462 0.11479891
v -0.03489952 0.05269217 0.11211424
v -0.03723704 0.05267662 0.10374175
v -0.03677496 0.05267618 0.10669961
v -0.03664381 0.05277609 0.10653932
v -0.03723704 0.05267662 0.10374175
v -0.03664381 0.05277609 0.10653932
v -0.03708408 0.05277609 0.10367825
v -0.03708408 0.05277609 0.10367825
v -0.03664381 0.05277609 0.10653932
v -0.03644126 0.05272084 0.10664011
v -0.03708408 0.05277609 0.10367825
v -0.03644126 0.05272084 0.10664011
v -0.03690173 0.05272391 0.10373385
v -0.03723663 0.05267617 0.09512441
v -0.03745323 0.05268036 0.09797594
v -0.03729420 0.05277609 0.09789719
v -0.03723663 0.05267617 0.09512441
v -0.03729420 0.05277609 0.09789719
v -0.03706279 0.05277609 0.09501189
v -0.03706279 0.05277609 0.09501189
v -0.03729420 0.05277609 0.09789719
v -0.03712037 0.05272087 0.09804189
v -0.03689818 0.05272391 0.09510795
v -0.03523857 0.05267620 0.08665328
v -0.03610689 0.05268043 0.08937792
v -0.03588811 0.05278227 0.08930050
v -0.03523857 0.05267620 0.08665328
v -0.03588811 0.05278227 0.08930050
v -0.03504341 0.05277609 0.08658373
v -0.03504341 0.05277609 0.08658373
v -0.03588811 0.05278227 0.08930050
v -0.03492209 0.05272086 0.08677465
v -0.03492209 0.05272086 0.08677465
v -0.03588811 0.05278227 0.08930050
v -0.03577615 0.05269176 0.08949845
v -0.03281928 0.05264442 0.08130826
v -0.03413102 0.05262867 0.08391224
v -0.03404476 0.05274929 0.08393502
v -0.03281928 0.05264442 0.08130826
v -0.03404476 0.05274929 0.08393502
v -0.03267621 0.05277327 0.08132249
v -0.03267621 0.05277327 0.08132249
v -0.03404476 0.05274929 0.08393502
v -0.03389146 0.05277350 0.08395948
v -0.03267621 0.05277327 0.08132249
v -0.03389146 0.05277350 0.08395948
v -0.03249269 0.05272131 0.08143233
v -0.03249269 0.05272131 0.08143233
v -0.03389146 0.05277350 0.08395948
v -0.03380332 0.05269450 0.08406662
v -0.03131171 0.05268042 0.07883394
v -0.03281928 0.05264442 0.08130826
v -0.03267621 0.05277327 0.08132249
v -0.03131171 0.05268042 0.07883394
v -0.03267621 0.05277327 0.08132249
v -0.03107964 0.05278228 0.07882679
v -0.03107964 0.05278228 0.07882679
v -0.03267621 0.05277327 0.08132249
v -0.03249269 0.05272131 0.08143233
v -0.03107964 0.05278228 0.07882679
v -0.03249269 0.05272131 0.08143233
v -0.03103364 0.05269172 0.07904981
v -0.02776126 0.05262872 0.07423246
v -0.02965298 0.05267620 0.07650455
v -0.02768627 0.05274924 0.07428044
v -0.02768627 0.05274924 0.07428044
v -0.02965298 0.05267620 0.07650455
v -0.02938922 0.05278227 0.07648043
v -0.02768627 0.05274924 0.07428044
v -0.02938922 0.05278227 0.07648043
v -0.02753796 0.05277127 0.07436569
v -0.02753796 0.05277127 0.07436569
v -0.02938922 0.05278227 0.07648043
v -0.02934772 0.05269451 0.07668538
v -0.02753796 0.05277127 0.07436569
v -0.02934772 0.05269451 0.07668538
v -0.02748487 0.05267763 0.07448004
v -0.02573017 0.05263111 0.07216343
v -0.02776126 0.05262872 0.07423246
v -0.02768627 0.05274924 0.07428044
v -0.02573017 0.05263111 0.07216343
v -0.02768627 0.05274924 0.07428044
v -0.02567136 0.05273780 0.07220931
v -0.02567136 0.05273780 0.07220931
v -0.02768627 0.05274924 0.07428044
v -0.02549549 0.05277801 0.07226888
v -0.02549549 0.05277801 0.07226888
v -0.02549549 0.05277801 0.07226888
v -0.02753796 0.05277127 0.07436569
v -0.02748487 0.05267763 0.07448004
v -0.02549549 0.05277801 0.07226888
v -0.02748487 0.05267763 0.07448004
v -0.02548473 0.05267714 0.07244109
v -0.02119217 0.05264450 0.06850690
v -0.02356500 0.05267614 0.07028394
v -0.02113170 0.05275599 0.06858870
v -0.02113170 0.05275599 0.06858870
v -0.02356500 0.05267614 0.07028394
v -0.02330324 0.05278227 0.07032169
v -0.02113170 0.05275599 0.06858870
v -0.02330324 0.05278227 0.07032169
v -0.02101451 0.05277126 0.06869127
v -0.02101451 0.05277126 0.06869127
v -0.02330324 0.05278227 0.07032169
v -0.02330998 0.05269444 0.07053070
v -0.02101451 0.05277126 0.06869127
v -0.02330998 0.05269444 0.07053070
v -0.02098858 0.05267747 0.06881430
v -0.01873181 0.05264453 0.06695780
v -0.02119217 0.05264450 0.06850690
v -0.02113170 0.05275599 0.06858870
v -0.01867805 0.05275595 0.06704396
v -0.01867805 0.05275595 0.06704396
v -0.02113170 0.05275599 0.06858870
v -0.02101451 0.05277126 0.06869127
v -0.01867805 0.05275595 0.06704396
v -0.02101451 0.05277126 0.06869127
v -0.01856808 0.05277129 0.06715460
v -0.01856808 0.05277129 0.06715460
v -0.02101451 0.05277126 0.06869127
v -0.02098858 0.05267747 0.06881430
v -0.01856808 0.05277129 0.06715460
v -0.02098858 0.05267747 0.06881430
v -0.01856172 0.05267953 0.06728343
v -0.01616344 0.05268025 0.06561860
v -0.01873181 0.05264453 0.06695780
v -0.01867805 0.05275595 0.06704396
v -0.01616344 0.05268025 0.06561860
v -0.01867805 0.05275595 0.06704396
v -0.01596027 0.05278226 0.06573222
v -0.01596027 0.05278226 0.06573222
v -0.01856808 0.05277129 0.06715460
v -0.01596027 0.05278226 0.06573222
v -0.01856808 0.05277129 0.06715460
v -0.01603654 0.05269187 0.06594692
v -0.01603654 0.05269187 0.06594692
v -0.01856808 0.05277129 0.06715460
v -0.01856172 0.05267953 0.06728343
v -0.01072446 0.05266030 0.06351321
v -0.01353918 0.05267611 0.06448113
v -0.01063290 0.05277523 0.06363862
v -0.01063290 0.05277523 0.06363862
v -0.01353918 0.05267611 0.06448113
v -0.01335817 0.05277609 0.06458235
v -0.01063290 0.05277523 0.06363862
v -0.01335817 0.05277609 0.06458235
v -0.01336682 0.05272394 0.06477287
v -0.01063290 0.05277523 0.06363862
v -0.01336682 0.05272394 0.06477287
v -0.01059051 0.05272125 0.06383071
v -0.00793707 0.05263156 0.06279142
v -0.01072446 0.05266030 0.06351321
v -0.00784483 0.05277014 0.06288986
v -0.00784483 0.05277014 0.06288986
v -0.01072446 0.05266030 0.06351321
v -0.01063290 0.05277523 0.06363862
v -0.00784483 0.05277014 0.06288986
v -0.01063290 0.05277523 0.06363862
v -0.01059051 0.05272125 0.06383071
v -0.00784483 0.05277014 0.06288986
v -0.01059051 0.05272125 0.06383071
v -0.00790906 0.05272085 0.06314139
v -0.00216288 0.05264432 0.06200557
v -0.00508495 0.05262838 0.06228696
v -0.00503918 0.05274922 0.06236925
v -0.00216288 0.05264432 0.06200557
v -0.00503918 0.05274922 0.06236925
v -0.00215351 0.05275601 0.06210683
v -0.00215351 0.05275601 0.06210683
v -0.00503918 0.05274922 0.06236925
v -0.00497759 0.05277352 0.06251209
v -0.00215351 0.05275601 0.06210683
v -0.00497759 0.05277352 0.06251209
v -0.00210609 0.05277130 0.06225508
v -0.00210609 0.05277130 0.06225508
v -0.00497759 0.05277352 0.06251209
v -0.00502154 0.05269466 0.06264380
v -0.00210609 0.05277130 0.06225508
v -0.00502154 0.05269466 0.06264380
v -0.00214794 0.05267757 0.06237395
v 0.00074414 0.05264437 0.06195050
v -0.00216288 0.05264432 0.06200557
v -0.00215351 0.05275601 0.06210683
v 0.00074414 0.05264437 0.06195050
v -0.00215351 0.05275601 0.06210683
v 0.00079809 0.05277328 0.06208375
v 0.00079809 0.05277328 0.06208375
v 0.00079809 0.05277328 0.06208375
v -0.00210609 0.05277130 0.06225508
v 0.00067395 0.05272076 0.06229584
v 0.00067395 0.05272076 0.06229584
v -0.00210609 0.05277130 0.06225508
v -0.00214794 0.05267757 0.06237395
v 0.01748237 0.05262885 0.06626568
v 0.01484148 0.05262820 0.06500288
v 0.01483199 0.05273767 0.06507997
v 0.01748237 0.05262885 0.06626568
v 0.01483199 0.05273767 0.06507997
v 0.01745478 0.05274929 0.06635049
v 0.01745478 0.05274929 0.06635049
v 0.01483199 0.05273767 0.06507997
v 0.01486548 0.05277837 0.06525391
v 0.01745478 0.05274929 0.06635049
v 0.01486548 0.05277837 0.06525391
v 0.01740847 0.05277131 0.06651480
v 0.01740847 0.05277131 0.06651480
v 0.01486548 0.05277837 0.06525391
v 0.01471101 0.05269459 0.06534109
v 0.01740847 0.05277131 0.06651480
v 0.01471101 0.05269459 0.06534109
v 0.01731167 0.05267783 0.06659510
v 0.02002626 0.05267656 0.06774884
v 0.01748237 0.05262885 0.06626568
v 0.01745478 0.05274929 0.06635049
v 0.02002626 0.05267656 0.06774884
v 0.01745478 0.05274929 0.06635049
v 0.01997924 0.05277610 0.06790755
v 0.01997924 0.05277610 0.06790755
v 0.01997924 0.05277610 0.06790755
v 0.01740847 0.05277131 0.06651480
v 0.01976747 0.05272097 0.06798596
v 0.01976747 0.05272097 0.06798596
v 0.01740847 0.05277131 0.06651480
v 0.01731167 0.05267783 0.06659510
v 0.02461689 0.05267631 0.07116679
v 0.02238899 0.05264753 0.06936418
v 0.02236962 0.05277324 0.06951219
v 0.02461689 0.05267631 0.07116679
v 0.02236962 0.05277324 0.06951219
v 0.02463104 0.05277966 0.07141317
v 0.02463104 0.05277966 0.07141317
v 0.02236962 0.05277324 0.06951219
v 0.02219738 0.05272395 0.06964549
v 0.02463104 0.05277966 0.07141317
v 0.02219738 0.05272395 0.06964549
v 0.02444979 0.05270675 0.07148127
v 0.02679430 0.05267663 0.07322169
v 0.02461689 0.05267631 0.07116679
v 0.02463104 0.05277966 0.07141317
v 0.02679430 0.05267663 0.07322169
v 0.02463104 0.05277966 0.07141317
v 0.02672776 0.05277966 0.07340532
v 0.02672776 0.05277966 0.07340532
v 0.02463104 0.05277966 0.07141317
v 0.02444979 0.05270675 0.07148127
v 0.02672776 0.05277966 0.07340532
v 0.02444979 0.05270675 0.07148127
v 0.02649114 0.05270625 0.07340832
v 0.03047257 0.05267611 0.07760548
v 0.02872256 0.05263118 0.07533533
v 0.02867104 0.05274930 0.07540915
v 0.03047257 0.05267611 0.07760548
v 0.02867104 0.05274930 0.07540915
v 0.03041956 0.05277611 0.07780588
v 0.03041956 0.05277611 0.07780588
v 0.02867104 0.05274930 0.07540915
v 0.02858255 0.05277350 0.07553674
v 0.03041956 0.05277611 0.07780588
v 0.02858255 0.05277350 0.07553674
v 0.03023321 0.05272395 0.07784544
v 0.03023321 0.05272395 0.07784544
v 0.02858255 0.05277350 0.07553674
v 0.02843059 0.05269172 0.07555340
v 0.03470953 0.05263125 0.08525598
v 0.03351488 0.05266041 0.08263699
v 0.03463781 0.05274930 0.08531007
v 0.03463781 0.05274930 0.08531007
v 0.03351488 0.05266041 0.08263699
v 0.03340731 0.05277523 0.08274863
v 0.03463781 0.05274930 0.08531007
v 0.03340731 0.05277523 0.08274863
v 0.03451482 0.05277351 0.08540492
v 0.03451482 0.05277351 0.08540492
v 0.03340731 0.05277523 0.08274863
v 0.03317436 0.05272086 0.08272330
v 0.03451482 0.05277351 0.08540492
v 0.03317436 0.05272086 0.08272330
v 0.03437642 0.05269451 0.08539565
v 0.03703245 0.05268037 0.09365110
v 0.03648527 0.05267662 0.09083651
v 0.03634073 0.05277611 0.09091742
v 0.03703245 0.05268037 0.09365110
v 0.03634073 0.05277611 0.09091742
v 0.03689157 0.05277611 0.09375906
v 0.03689157 0.05277611 0.09375906
v 0.03634073 0.05277611 0.09091742
v 0.03613445 0.05272089 0.09082457
v 0.03689157 0.05277611 0.09375906
v 0.03613445 0.05272089 0.09082457
v 0.03670723 0.05272394 0.09371069
v 0.03703827 0.05272089 0.10226867
v 0.03670250 0.05272394 0.10519173
v 0.03686327 0.05277611 0.10529403
v 0.03703827 0.05272089 0.10226867
v 0.03686327 0.05277611 0.10529403
v 0.03720637 0.05277611 0.10241997
v 0.03720637 0.05277611 0.10241997
v 0.03686327 0.05277611 0.10529403
v 0.03703037 0.05268037 0.10523443
v 0.03720637 0.05277611 0.10241997
v 0.03703037 0.05268037 0.10523443
v 0.03736867 0.05267663 0.10238727
v 0.03538670 0.05272087 0.11073376
v 0.03437372 0.05269442 0.11348302
v 0.03446603 0.05277352 0.11358673
v 0.03538670 0.05272087 0.11073376
v 0.03446603 0.05277352 0.11358673
v 0.03555424 0.05277327 0.11091336
v 0.03555424 0.05277327 0.11091336
v 0.03446603 0.05277352 0.11358673
v 0.03462012 0.05274930 0.11360542
v 0.03555424 0.05277327 0.11091336
v 0.03462012 0.05274930 0.11360542
v 0.03569739 0.05264438 0.11089966
v 0.03569739 0.05264438 0.11089966
v 0.03462012 0.05274930 0.11360542
v 0.03470933 0.05263123 0.11361672
v 0.03182745 0.05272091 0.11858996
v 0.03021541 0.05272395 0.12105162
v 0.03033358 0.05277525 0.12121652
v 0.03182745 0.05272091 0.11858996
v 0.03033358 0.05277525 0.12121652
v 0.03190929 0.05277611 0.11880136
v 0.03190929 0.05277611 0.11880136
v 0.03033358 0.05277525 0.12121652
v 0.03211414 0.05267620 0.11877076
v 0.03211414 0.05267620 0.11877076
v 0.03033358 0.05277525 0.12121652
v 0.03048274 0.05266025 0.12125962
v 0.02679023 0.05267620 0.12565497
v 0.02871481 0.05266379 0.12353450
v 0.02855451 0.05277524 0.12350180
v 0.02679023 0.05267620 0.12565497
v 0.02855451 0.05277524 0.12350180
v 0.02658407 0.05277611 0.12563737
v 0.02658407 0.05277611 0.12563737
v 0.02855451 0.05277524 0.12350180
v 0.02841400 0.05272133 0.12336409
v 0.02658407 0.05277611 0.12563737
v 0.02841400 0.05272133 0.12336409
v 0.02647411 0.05272128 0.12549406
v 0.02647411 0.05272128 0.12549406
v 0.02442963 0.05269176 0.12739815
v 0.02444907 0.05277351 0.12754994
v 0.02647411 0.05272128 0.12549406
v 0.02444907 0.05277351 0.12754994
v 0.02658407 0.05277611 0.12563737
v 0.02658407 0.05277611 0.12563737
v 0.02444907 0.05277351 0.12754994
v 0.02457828 0.05274932 0.12763594
v 0.02658407 0.05277611 0.12563737
v 0.02457828 0.05274932 0.12763594
v 0.02679023 0.05267620 0.12565497
v 0.02679023 0.05267620 0.12565497
v 0.02457828 0.05274932 0.12763594
v 0.02464751 0.05262869 0.12769214
v 0.02002132 0.05267612 0.13112679
v 0.02238730 0.05264754 0.12950921
v 0.02225183 0.05277329 0.12944752
v 0.02002132 0.05267612 0.13112679
v 0.02225183 0.05277329 0.12944752
v 0.01978192 0.05277966 0.13106910
v 0.01978192 0.05277966 0.13106910
v 0.02225183 0.05277329 0.12944752
v 0.02217259 0.05272399 0.12924522
v 0.01978192 0.05277966 0.13106910
v 0.02217259 0.05272399 0.12924522
v 0.01976837 0.05270671 0.13087611
v 0.01976837 0.05270671 0.13087611
v 0.01732249 0.05269188 0.13227848
v 0.01730662 0.05277353 0.13243048
v 0.01976837 0.05270671 0.13087611
v 0.01730662 0.05277353 0.13243048
v 0.01978192 0.05277966 0.13106910
v 0.01978192 0.05277966 0.13106910
v 0.01730662 0.05277353 0.13243048
v 0.01741236 0.05274927 0.13254408
v 0.01978192 0.05277966 0.13106910
v 0.01741236 0.05274927 0.13254408
v 0.02002132 0.05267612 0.13112679
v 0.02002132 0.05267612 0.13112679
v 0.01741236 0.05274927 0.13254408
v 0.01748412 0.05262839 0.13260568
v 0.01212763 0.05268033 0.13490144
v 0.01480442 0.05267658 0.13387385
v 0.01469986 0.05277610 0.13374545
v 0.01212763 0.05268033 0.13490144
v 0.01469986 0.05277610 0.13374545
v 0.01199675 0.05277610 0.13478154
v 0.01199675 0.05277610 0.13478154
v 0.01469986 0.05277610 0.13374545
v 0.01470076 0.05272397 0.13355496
v 0.01199675 0.05277610 0.13478154
v 0.01470076 0.05272397 0.13355496
v 0.01196395 0.05272134 0.13460386
v 0.01196395 0.05272134 0.13460386
v 0.00927164 0.05267730 0.13538374
v 0.00919733 0.05277803 0.13553983
v 0.01196395 0.05272134 0.13460386
v 0.00919733 0.05277803 0.13553983
v 0.01199675 0.05277610 0.13478154
v 0.01199675 0.05277610 0.13478154
v 0.00919733 0.05277803 0.13553983
v 0.00932239 0.05273798 0.13567684
v 0.01199675 0.05277610 0.13478154
v 0.00932239 0.05273798 0.13567684
v 0.01212763 0.05268033 0.13490144
v 0.01212763 0.05268033 0.13490144
v 0.00932239 0.05273798 0.13567684
v 0.00936342 0.05262870 0.13574364
v 0.00645723 0.05267757 0.13599443
v 0.00358771 0.05270924 0.13640403
v 0.00637228 0.05277803 0.13614403
v 0.00637228 0.05277803 0.13614403
v 0.00358771 0.05270924 0.13640403
v 0.00348082 0.05277964 0.13658253
v 0.00637228 0.05277803 0.13614403
v 0.00348082 0.05277964 0.13658253
v 0.00648658 0.05273779 0.13629043
v 0.00648658 0.05273779 0.13629043
v 0.00348082 0.05277964 0.13658253
v 0.00362202 0.05268037 0.13674232
v 0.00648658 0.05273779 0.13629043
v 0.00362202 0.05268037 0.13674232
v 0.00650212 0.05262899 0.13636343
v -0.00211375 0.05272085 0.13652232
v -0.00502889 0.05269457 0.13622723
v -0.00518692 0.05278227 0.13636552
v -0.00211375 0.05272085 0.13652232
v -0.00518692 0.05278227 0.13636552
v -0.00224533 0.05277327 0.13672942
v -0.00224533 0.05277327 0.13672942
v -0.00518692 0.05278227 0.13636552
v -0.00511850 0.05267664 0.13657002
v -0.00224533 0.05277327 0.13672942
v -0.00511850 0.05267664 0.13657002
v -0.00216104 0.05264392 0.13686683
v -0.01062943 0.05269184 0.13501274
v -0.01339553 0.05272394 0.13408816
v -0.01082925 0.05278227 0.13512094
v -0.01082925 0.05278227 0.13512094
v -0.01339553 0.05272394 0.13408816
v -0.01352982 0.05277609 0.13422335
v -0.01082925 0.05278227 0.13512094
v -0.01352982 0.05277609 0.13422335
v -0.01354461 0.05267671 0.13438856
v -0.01082925 0.05278227 0.13512094
v -0.01354461 0.05267671 0.13438856
v -0.01071270 0.05267612 0.13535813
v -0.02097903 0.05270632 0.13008110
v -0.02332415 0.05270930 0.12834083
v -0.02352561 0.05277964 0.12839343
v -0.02097903 0.05270632 0.13008110
v -0.02352561 0.05277964 0.12839343
v -0.02121133 0.05277964 0.13012911
v -0.02121133 0.05277964 0.13012911
v -0.02352561 0.05277964 0.12839343
v -0.02356942 0.05267659 0.12858433
v -0.02121133 0.05277964 0.13012911
v -0.02356942 0.05267659 0.12858433
v -0.02116892 0.05267613 0.13037201
v -0.02748431 0.05267738 0.12439248
v -0.02937354 0.05272395 0.12218271
v -0.02761852 0.05277127 0.12441758
v -0.02761852 0.05277127 0.12441758
v -0.02937354 0.05272395 0.12218271
v -0.02956527 0.05277522 0.12224891
v -0.02761852 0.05277127 0.12441758
v -0.02956527 0.05277522 0.12224891
v -0.02770404 0.05275594 0.12454788
v -0.02770404 0.05275594 0.12454788
v -0.02956527 0.05277522 0.12224891
v -0.02964926 0.05266033 0.12237921
v -0.02770404 0.05275594 0.12454788
v -0.02964926 0.05266033 0.12237921
v -0.02775276 0.05264415 0.12464538
v -0.03250159 0.05272088 0.11742258
v -0.03380639 0.05269462 0.11479891
v -0.03394504 0.05277350 0.11479481
v -0.03250159 0.05272088 0.11742258
v -0.03394504 0.05277350 0.11479481
v -0.03272538 0.05277609 0.11738808
v -0.03272538 0.05277609 0.11738808
v -0.03394504 0.05277350 0.11479481
v -0.03406420 0.05274931 0.11489430
v -0.03272538 0.05277609 0.11738808
v -0.03406420 0.05274931 0.11489430
v -0.03280113 0.05267619 0.11758107
v -0.03280113 0.05267619 0.11758107
v -0.03406420 0.05274931 0.11489430
v -0.03413009 0.05262842 0.11496210
v -0.03611056 0.05268040 0.10948107
v -0.03523721 0.05262885 0.11225224
v -0.03515972 0.05274929 0.11220794
v -0.03611056 0.05268040 0.10948107
v -0.03515972 0.05274929 0.11220794
v -0.03596326 0.05278227 0.10930168
v -0.03596326 0.05278227 0.10930168
v -0.03515972 0.05274929 0.11220794
v -0.03503298 0.05277350 0.11211864
v -0.03596326 0.05278227 0.10930168
v -0.03503298 0.05277350 0.11211864
v -0.03489952 0.05269217 0.11211424
v -0.03596326 0.05278227 0.10930168
v -0.03489952 0.05269217 0.11211424
v -0.03577697 0.05269213 0.10937188
v -0.03577697 0.05269213 0.10937188
v -0.03644126 0.05272084 0.10664011
v -0.03596326 0.05278227 0.10930168
v -0.03596326 0.05278227 0.10930168
v -0.03644126 0.05272084 0.10664011
v -0.03664381 0.05277609 0.10653932
v -0.03596326 0.05278227 0.10930168
v -0.03664381 0.05277609 0.10653932
v -0.03677496 0.05267618 0.10669961
v -0.03596326 0.05278227 0.10930168
v -0.03677496 0.05267618 0.10669961
v -0.03611056 0.05268040 0.10948107
v -0.03745872 0.05267661 0.10084319
v -0.03723704 0.05267662 0.10374175
v -0.03708408 0.05277609 0.10367825
v -0.03745872 0.05267661 0.10084319
v -0.03708408 0.05277609 0.10367825
v -0.03730131 0.05277609 0.10079189
v -0.03730131 0.05277609 0.10079189
v -0.03708408 0.05277609 0.10367825
v -0.03690173 0.05272391 0.10373385
v -0.03730131 0.05277609 0.10079189
v -0.03690173 0.05272391 0.10373385
v -0.03712172 0.05272131 0.10081068
v -0.03712172 0.05272131 0.10081068
v -0.03712037 0.05272087 0.09804189
v -0.03729420 0.05277609 0.09789719
v -0.03712172 0.05272131 0.10081068
v -0.03729420 0.05277609 0.09789719
v -0.03730131 0.05277609 0.10079189
v -0.03730131 0.05277609 0.10079189
v -0.03729420 0.05277609 0.09789719
v -0.03745323 0.05268036 0.09797594
v -0.03730131 0.05277609 0.10079189
v -0.03745323 0.05268036 0.09797594
v -0.03745872 0.05267661 0.10084319
v -0.03677351 0.05267660 0.09216658
v -0.03723663 0.05267617 0.09512441
v -0.03706279 0.05277609 0.09501189
v -0.03677351 0.05267660 0.09216658
v -0.03706279 0.05277609 0.09501189
v -0.03660850 0.05277609 0.09215306
v -0.03660850 0.05277609 0.09215306
v -0.03706279 0.05277609 0.09501189
v -0.03689818 0.05272391 0.09510795
v -0.03660850 0.05277609 0.09215306
v -0.03689818 0.05272391 0.09510795
v -0.03643807 0.05272129 0.09221265
v -0.03643807 0.05272129 0.09221265
v -0.03577615 0.05269176 0.08949845
v -0.03588811 0.05278227 0.08930050
v -0.03643807 0.05272129 0.09221265
v -0.03588811 0.05278227 0.08930050
v -0.03660850 0.05277609 0.09215306
v -0.03660850 0.05277609 0.09215306
v -0.03588811 0.05278227 0.08930050
v -0.03610689 0.05268043 0.08937792
v -0.03660850 0.05277609 0.09215306
v -0.03610689 0.05268043 0.08937792
v -0.03677351 0.05267660 0.09216658
v -0.03492209 0.05272086 0.08677465
v -0.03380332 0.05269450 0.08406662
v -0.03389146 0.05277350 0.08395948
v -0.03492209 0.05272086 0.08677465
v -0.03389146 0.05277350 0.08395948
v -0.03504341 0.05277609 0.08658373
v -0.03504341 0.05277609 0.08658373
v -0.03389146 0.05277350 0.08395948
v -0.03404476 0.05274929 0.08393502
v -0.03504341 0.05277609 0.08658373
v -0.03404476 0.05274929 0.08393502
v -0.03523857 0.05267620 0.08665328
v -0.03523857 0.05267620 0.08665328
v -0.03404476 0.05274929 0.08393502
v -0.03413102 0.05262867 0.08391224
v -0.03103364 0.05269172 0.07904981
v -0.02934772 0.05269451 0.07668538
v -0.02938922 0.05278227 0.07648043
v -0.03103364 0.05269172 0.07904981
v -0.02938922 0.05278227 0.07648043
v -0.03107964 0.05278228 0.07882679
v -0.03107964 0.05278228 0.07882679
v -0.02938922 0.05278227 0.07648043
v -0.02965298 0.05267620 0.07650455
v -0.03107964 0.05278228 0.07882679
v -0.02965298 0.05267620 0.07650455
v -0.03131171 0.05268042 0.07883394
v -0.02548473 0.05267714 0.07244109
v -0.02330998 0.05269444 0.07053070
v -0.02549549 0.05277801 0.07226888
v -0.02549549 0.05277801 0.07226888
v -0.02330998 0.05269444 0.07053070
v -0.02330324 0.05278227 0.07032169
v -0.02549549 0.05277801 0.07226888
v -0.02330324 0.05278227 0.07032169
v -0.02567136 0.05273780 0.07220931
v -0.02567136 0.05273780 0.07220931
v -0.02330324 0.05278227 0.07032169
v -0.02356500 0.05267614 0.07028394
v -0.02567136 0.05273780 0.07220931
v -0.02356500 0.05267614 0.07028394
v -0.02573017 0.05263111 0.07216343
v -0.01603654 0.05269187 0.06594692
v -0.01336682 0.05272394 0.06477287
v -0.01596027 0.05278226 0.06573222
v -0.01596027 0.05278226 0.06573222
v -0.01336682 0.05272394 0.06477287
v -0.01335817 0.05277609 0.06458235
v -0.01596027 0.05278226 0.06573222
v -0.01335817 0.05277609 0.06458235
v -0.01353918 0.05267611 0.06448113
v -0.01596027 0.05278226 0.06573222
v -0.01353918 0.05267611 0.06448113
v -0.01616344 0.05268025 0.06561860
v -0.00790906 0.05272085 0.06314139
v -0.00502154 0.05269466 0.06264380
v -0.00497759 0.05277352 0.06251209
v -0.00790906 0.05272085 0.06314139
v -0.00497759 0.05277352 0.06251209
v -0.00784483 0.05277014 0.06288986
v -0.00784483 0.05277014 0.06288986
v -0.00784483 0.05277014 0.06288986
v -0.00503918 0.05274922 0.06236925
v -0.00508495 0.05262838 0.06228696
v -0.00784483 0.05277014 0.06288986
v -0.00508495 0.05262838 0.06228696
v -0.00793707 0.05263156 0.06279142
v 0.00363544 0.05268036 0.06213120
v 0.00074414 0.05264437 0.06195050
v 0.00079809 0.05277328 0.06208375
v 0.00363544 0.05268036 0.06213120
v 0.00079809 0.05277328 0.06208375
v 0.00374315 0.05277965 0.06231509
v 0.00374315 0.05277965 0.06231509
v 0.00079809 0.05277328 0.06208375
v 0.00067395 0.05272076 0.06229584
v 0.00374315 0.05277965 0.06231509
v 0.00067395 0.05272076 0.06229584
v 0.00360314 0.05270916 0.06246974
v 0.01200096 0.05269179 0.06429827
v 0.01471101 0.05269459 0.06534109
v 0.01486548 0.05277837 0.06525391
v 0.01200096 0.05269179 0.06429827
v 0.01486548 0.05277837 0.06525391
v 0.01220529 0.05278227 0.06419812
v 0.01220529 0.05278227 0.06419812
v 0.01486548 0.05277837 0.06525391
v 0.01483199 0.05273767 0.06507997
v 0.01220529 0.05278227 0.06419812
v 0.01483199 0.05273767 0.06507997
v 0.01214051 0.05268039 0.06397519
v 0.01214051 0.05268039 0.06397519
v 0.01483199 0.05273767 0.06507997
v 0.01484148 0.05262820 0.06500288
v 0.01976747 0.05272097 0.06798596
v 0.02219738 0.05272395 0.06964549
v 0.02236962 0.05277324 0.06951219
v 0.01976747 0.05272097 0.06798596
v 0.02236962 0.05277324 0.06951219
v 0.01997924 0.05277610 0.06790755
v 0.01997924 0.05277610 0.06790755
v 0.02236962 0.05277324 0.06951219
v 0.02002626 0.05267656 0.06774884
v 0.02002626 0.05267656 0.06774884
v 0.02236962 0.05277324 0.06951219
v 0.02238899 0.05264753 0.06936418
v 0.02649114 0.05270625 0.07340832
v 0.02843059 0.05269172 0.07555340
v 0.02858255 0.05277350 0.07553674
v 0.02649114 0.05270625 0.07340832
v 0.02858255 0.05277350 0.07553674
v 0.02672776 0.05277966 0.07340532
v 0.02672776 0.05277966 0.07340532
v 0.02672776 0.05277966 0.07340532
v 0.02867104 0.05274930 0.07540915
v 0.02679430 0.05267663 0.07322169
v 0.02679430 0.05267663 0.07322169
v 0.02867104 0.05274930 0.07540915
v 0.02872256 0.05263118 0.07533533
v 0.03211708 0.05267667 0.08010690
v 0.03047257 0.05267611 0.07760548
v 0.03041956 0.05277611 0.07780588
v 0.03211708 0.05267667 0.08010690
v 0.03041956 0.05277611 0.07780588
v 0.03200442 0.05277611 0.08022848
v 0.03200442 0.05277611 0.08022848
v 0.03041956 0.05277611 0.07780588
v 0.03023321 0.05272395 0.07784544
v 0.03200442 0.05277611 0.08022848
v 0.03023321 0.05272395 0.07784544
v 0.03183809 0.05272136 0.08029864
v 0.03183809 0.05272136 0.08029864
v 0.03317436 0.05272086 0.08272330
v 0.03340731 0.05277523 0.08274863
v 0.03183809 0.05272136 0.08029864
v 0.03340731 0.05277523 0.08274863
v 0.03200442 0.05277611 0.08022848
v 0.03200442 0.05277611 0.08022848
v 0.03340731 0.05277523 0.08274863
v 0.03211708 0.05267667 0.08010690
v 0.03211708 0.05267667 0.08010690
v 0.03340731 0.05277523 0.08274863
v 0.03351488 0.05266041 0.08263699
v 0.03570165 0.05262850 0.08797736
v 0.03470953 0.05263125 0.08525598
v 0.03463781 0.05274930 0.08531007
v 0.03570165 0.05262850 0.08797736
v 0.03463781 0.05274930 0.08531007
v 0.03562841 0.05274931 0.08803709
v 0.03562841 0.05274931 0.08803709
v 0.03562841 0.05274931 0.08803709
v 0.03451482 0.05277351 0.08540492
v 0.03549838 0.05277353 0.08812176
v 0.03549838 0.05277353 0.08812176
v 0.03451482 0.05277351 0.08540492
v 0.03437642 0.05269451 0.08539565
v 0.03549838 0.05277353 0.08812176
v 0.03437642 0.05269451 0.08539565
v 0.03536472 0.05269219 0.08812063
v 0.03536472 0.05269219 0.08812063
v 0.03613445 0.05272089 0.09082457
v 0.03549838 0.05277353 0.08812176
v 0.03549838 0.05277353 0.08812176
v 0.03613445 0.05272089 0.09082457
v 0.03634073 0.05277611 0.09091742
v 0.03634073 0.05277611 0.09091742
v 0.03562841 0.05274931 0.08803709
v 0.03634073 0.05277611 0.09091742
v 0.03648527 0.05267662 0.09083651
v 0.03562841 0.05274931 0.08803709
v 0.03648527 0.05267662 0.09083651
v 0.03570165 0.05262850 0.08797736
v 0.03737465 0.05266000 0.09650241
v 0.03703245 0.05268037 0.09365110
v 0.03723711 0.05277524 0.09662251
v 0.03723711 0.05277524 0.09662251
v 0.03703245 0.05268037 0.09365110
v 0.03689157 0.05277611 0.09375906
v 0.03723711 0.05277524 0.09662251
v 0.03689157 0.05277611 0.09375906
v 0.03670723 0.05272394 0.09371069
v 0.03723711 0.05277524 0.09662251
v 0.03670723 0.05272394 0.09371069
v 0.03704039 0.05272133 0.09662310
v 0.03748157 0.05268038 0.09944280
v 0.03737465 0.05266000 0.09650241
v 0.03723711 0.05277524 0.09662251
v 0.03748157 0.05268038 0.09944280
v 0.03723711 0.05277524 0.09662251
v 0.03732571 0.05277611 0.09952767
v 0.03732571 0.05277611 0.09952767
v 0.03723711 0.05277524 0.09662251
v 0.03704039 0.05272133 0.09662310
v 0.03732571 0.05277611 0.09952767
v 0.03704039 0.05272133 0.09662310
v 0.03715105 0.05272394 0.09945137
v 0.03528428 0.05247869 0.11077596
v 0.03538670 0.05272087 0.11073376
v 0.03606365 0.05247927 0.10798160
v 0.03613051 0.05272134 0.10806689
v 0.03606365 0.05247927 0.10798160
v 0.03613051 0.05272134 0.10806689
v 0.03658175 0.05242564 0.10518803
v 0.03658175 0.05242564 0.10518803
v 0.03613051 0.05272134 0.10806689
v 0.03670250 0.05272394 0.10519173
v 0.03658175 0.05242564 0.10518803
v 0.03670250 0.05272394 0.10519173
v 0.03691761 0.05242863 0.10239317
v 0.03691761 0.05242863 0.10239317
v 0.03670250 0.05272394 0.10519173
v 0.03703827 0.05272089 0.10226867
v 0.03691761 0.05242863 0.10239317
v 0.03703827 0.05272089 0.10226867
v 0.03703120 0.05242565 0.09946643
v 0.03715105 0.05272394 0.09945137
v 0.03703120 0.05242565 0.09946643
v 0.03715105 0.05272394 0.09945137
v 0.03692205 0.05242916 0.09652443
v 0.03692205 0.05242916 0.09652443
v 0.03715105 0.05272394 0.09945137
v 0.03704039 0.05272133 0.09662310
v 0.03692205 0.05242916 0.09652443
v 0.03704039 0.05272133 0.09662310
v 0.03659113 0.05242563 0.09374411
v 0.03659113 0.05242563 0.09374411
v 0.03704039 0.05272133 0.09662310
v 0.03670723 0.05272394 0.09371069
v 0.03659113 0.05242563 0.09374411
v 0.03670723 0.05272394 0.09371069
v 0.03606850 0.05247865 0.09091347
v 0.03606850 0.05247865 0.09091347
v 0.03670723 0.05272394 0.09371069
v 0.03613445 0.05272089 0.09082457
v 0.03606850 0.05247865 0.09091347
v 0.03613445 0.05272089 0.09082457
v 0.03528256 0.05246263 0.08811342
v 0.03528256 0.05246263 0.08811342
v 0.03613445 0.05272089 0.09082457
v 0.03536472 0.05269219 0.08812063
v 0.03528256 0.05246263 0.08811342
v 0.03536472 0.05269219 0.08812063
v 0.03429218 0.05242562 0.08545914
v 0.03429218 0.05242562 0.08545914
v 0.03536472 0.05269219 0.08812063
v 0.03437642 0.05269451 0.08539565
v 0.03429218 0.05242562 0.08545914
v 0.03437642 0.05269451 0.08539565
v 0.03313554 0.05242865 0.08289244
v 0.03313554 0.05242865 0.08289244
v 0.03437642 0.05269451 0.08539565
v 0.03317436 0.05272086 0.08272330
v 0.03313554 0.05242865 0.08289244
v 0.03317436 0.05272086 0.08272330
v 0.03168822 0.05242918 0.08026380
v 0.03168822 0.05242918 0.08026380
v 0.03317436 0.05272086 0.08272330
v 0.03183809 0.05272136 0.08029864
v 0.03168822 0.05242918 0.08026380
v 0.03183809 0.05272136 0.08029864
v 0.03015520 0.05245949 0.07790719
v 0.03015520 0.05245949 0.07790719
v 0.03183809 0.05272136 0.08029864
v 0.03023321 0.05272395 0.07784544
v 0.03015520 0.05245949 0.07790719
v 0.03023321 0.05272395 0.07784544
v 0.02841123 0.05246208 0.07564918
v 0.02841123 0.05246208 0.07564918
v 0.03023321 0.05272395 0.07784544
v 0.02843059 0.05269172 0.07555340
v 0.02841123 0.05246208 0.07564918
v 0.02843059 0.05269172 0.07555340
v 0.02650189 0.05242867 0.07356505
v 0.02650189 0.05242867 0.07356505
v 0.02843059 0.05269172 0.07555340
v 0.02649114 0.05270625 0.07340832
v 0.02650189 0.05242867 0.07356505
v 0.02649114 0.05270625 0.07340832
v 0.02436751 0.05247911 0.07151059
v 0.02436751 0.05247911 0.07151059
v 0.02649114 0.05270625 0.07340832
v 0.02444979 0.05270675 0.07148127
v 0.02436751 0.05247911 0.07151059
v 0.02444979 0.05270675 0.07148127
v 0.02213788 0.05242558 0.06975074
v 0.02213788 0.05242558 0.06975074
v 0.02444979 0.05270675 0.07148127
v 0.02219738 0.05272395 0.06964549
v 0.02213788 0.05242558 0.06975074
v 0.02219738 0.05272395 0.06964549
v 0.01982170 0.05242862 0.06815098
v 0.01982170 0.05242862 0.06815098
v 0.02219738 0.05272395 0.06964549
v 0.01976747 0.05272097 0.06798596
v 0.01982170 0.05242862 0.06815098
v 0.01976747 0.05272097 0.06798596
v 0.01726094 0.05246257 0.06664707
v 0.01726094 0.05246257 0.06664707
v 0.01976747 0.05272097 0.06798596
v 0.01731167 0.05267783 0.06659510
v 0.01726094 0.05246257 0.06664707
v 0.01731167 0.05267783 0.06659510
v 0.01469522 0.05242560 0.06544550
v 0.01469522 0.05242560 0.06544550
v 0.01731167 0.05267783 0.06659510
v 0.01471101 0.05269459 0.06534109
v 0.01469522 0.05242560 0.06544550
v 0.01471101 0.05269459 0.06534109
v 0.01202179 0.05247865 0.06437824
v 0.01202179 0.05247865 0.06437824
v 0.01471101 0.05269459 0.06534109
v 0.01200096 0.05269179 0.06429827
v 0.01202179 0.05247865 0.06437824
v 0.01200096 0.05269179 0.06429827
v 0.00923353 0.05246273 0.06355000
v 0.00923353 0.05246273 0.06355000
v 0.01200096 0.05269179 0.06429827
v 0.00930306 0.05270678 0.06348165
v 0.00923353 0.05246273 0.06355000
v 0.00930306 0.05270678 0.06348165
v 0.00639096 0.05242915 0.06295493
v 0.00639096 0.05242915 0.06295493
v 0.00930306 0.05270678 0.06348165
v 0.00647058 0.05269242 0.06287308
v 0.00639096 0.05242915 0.06295493
v 0.00647058 0.05269242 0.06287308
v 0.00361535 0.05242554 0.06258188
v 0.00361535 0.05242554 0.06258188
v 0.00647058 0.05269242 0.06287308
v 0.00360314 0.05270916 0.06246974
v 0.00361535 0.05242554 0.06258188
v 0.00360314 0.05270916 0.06246974
v 0.00074360 0.05247883 0.06238172
v 0.00074360 0.05247883 0.06238172
v 0.00360314 0.05270916 0.06246974
v 0.00067395 0.05272076 0.06229584
v 0.00074360 0.05247883 0.06238172
v 0.00067395 0.05272076 0.06229584
v -0.00216356 0.05246275 0.06244430
v -0.00216356 0.05246275 0.06244430
v 0.00067395 0.05272076 0.06229584
v -0.00214794 0.05267757 0.06237395
v -0.00216356 0.05246275 0.06244430
v -0.00214794 0.05267757 0.06237395
v -0.00498162 0.05242553 0.06274148
v -0.00498162 0.05242553 0.06274148
v -0.00214794 0.05267757 0.06237395
v -0.00502154 0.05269466 0.06264380
v -0.00498162 0.05242553 0.06274148
v -0.00502154 0.05269466 0.06264380
v -0.00775540 0.05242858 0.06322129
v -0.00775540 0.05242858 0.06322129
v -0.00502154 0.05269466 0.06264380
v -0.00790906 0.05272085 0.06314139
v -0.00775540 0.05242858 0.06322129
v -0.00790906 0.05272085 0.06314139
v -0.01063158 0.05247913 0.06393140
v -0.01063158 0.05247913 0.06393140
v -0.00790906 0.05272085 0.06314139
v -0.01059051 0.05272125 0.06383071
v -0.01063158 0.05247913 0.06393140
v -0.01059051 0.05272125 0.06383071
v -0.01330935 0.05242561 0.06487927
v -0.01330935 0.05242561 0.06487927
v -0.01059051 0.05272125 0.06383071
v -0.01336682 0.05272394 0.06477287
v -0.01330935 0.05242561 0.06487927
v -0.01336682 0.05272394 0.06477287
v -0.01589861 0.05242857 0.06598624
v -0.01589861 0.05242857 0.06598624
v -0.01336682 0.05272394 0.06477287
v -0.01603654 0.05269187 0.06594692
v -0.01589861 0.05242857 0.06598624
v -0.01603654 0.05269187 0.06594692
v -0.01848952 0.05242562 0.06735096
v -0.01856172 0.05267953 0.06728343
v -0.01848952 0.05242562 0.06735096
v -0.01856172 0.05267953 0.06728343
v -0.02096433 0.05247930 0.06887272
v -0.02096433 0.05247930 0.06887272
v -0.01856172 0.05267953 0.06728343
v -0.02098858 0.05267747 0.06881430
v -0.02096433 0.05247930 0.06887272
v -0.02098858 0.05267747 0.06881430
v -0.02322484 0.05242566 0.07059288
v -0.02322484 0.05242566 0.07059288
v -0.02098858 0.05267747 0.06881430
v -0.02330998 0.05269444 0.07053070
v -0.02322484 0.05242566 0.07059288
v -0.02330998 0.05269444 0.07053070
v -0.02535196 0.05242861 0.07243722
v -0.02535196 0.05242861 0.07243722
v -0.02330998 0.05269444 0.07053070
v -0.02548473 0.05267714 0.07244109
v -0.02535196 0.05242861 0.07243722
v -0.02548473 0.05267714 0.07244109
v -0.02744759 0.05247927 0.07453121
v -0.02744759 0.05247927 0.07453121
v -0.02548473 0.05267714 0.07244109
v -0.02748487 0.05267763 0.07448004
v -0.02744759 0.05247927 0.07453121
v -0.02748487 0.05267763 0.07448004
v -0.02926236 0.05244245 0.07672399
v -0.02926236 0.05244245 0.07672399
v -0.02748487 0.05267763 0.07448004
v -0.02934772 0.05269451 0.07668538
v -0.02926236 0.05244245 0.07672399
v -0.02934772 0.05269451 0.07668538
v -0.03095087 0.05247874 0.07904908
v -0.03095087 0.05247874 0.07904908
v -0.02934772 0.05269451 0.07668538
v -0.03103364 0.05269172 0.07904981
v -0.03095087 0.05247874 0.07904908
v -0.03103364 0.05269172 0.07904981
v -0.03245115 0.05247918 0.08153241
v -0.03245115 0.05247918 0.08153241
v -0.03103364 0.05269172 0.07904981
v -0.03249269 0.05272131 0.08143233
v -0.03245115 0.05247918 0.08153241
v -0.03249269 0.05272131 0.08143233
v -0.03373210 0.05247646 0.08408664
v -0.03373210 0.05247646 0.08408664
v -0.03249269 0.05272131 0.08143233
v -0.03380332 0.05269450 0.08406662
v -0.03373210 0.05247646 0.08408664
v -0.03380332 0.05269450 0.08406662
v -0.03480569 0.05246208 0.08672431
v -0.03492209 0.05272086 0.08677465
v -0.03480569 0.05246208 0.08672431
v -0.03492209 0.05272086 0.08677465
v -0.03565595 0.05242863 0.08942015
v -0.03565595 0.05242863 0.08942015
v -0.03492209 0.05272086 0.08677465
v -0.03577615 0.05269176 0.08949845
v -0.03565595 0.05242863 0.08942015
v -0.03577615 0.05269176 0.08949845
v -0.03635055 0.05242913 0.09233948
v -0.03635055 0.05242913 0.09233948
v -0.03577615 0.05269176 0.08949845
v -0.03643807 0.05272129 0.09221265
v -0.03635055 0.05242913 0.09233948
v -0.03643807 0.05272129 0.09221265
v -0.03677739 0.05242562 0.09510684
v -0.03677739 0.05242562 0.09510684
v -0.03643807 0.05272129 0.09221265
v -0.03689818 0.05272391 0.09510795
v -0.03677739 0.05242562 0.09510684
v -0.03689818 0.05272391 0.09510795
v -0.03702484 0.05246206 0.09795843
v -0.03702484 0.05246206 0.09795843
v -0.03689818 0.05272391 0.09510795
v -0.03712037 0.05272087 0.09804189
v -0.03702484 0.05246206 0.09795843
v -0.03712037 0.05272087 0.09804189
v -0.03700730 0.05242913 0.10091379
v -0.03700730 0.05242913 0.10091379
v -0.03712037 0.05272087 0.09804189
v -0.03712172 0.05272131 0.10081068
v -0.03700730 0.05242913 0.10091379
v -0.03712172 0.05272131 0.10081068
v -0.03678444 0.05242562 0.10370495
v -0.03678444 0.05242562 0.10370495
v -0.03712172 0.05272131 0.10081068
v -0.03690173 0.05272391 0.10373385
v -0.03678444 0.05242562 0.10370495
v -0.03690173 0.05272391 0.10373385
v -0.03635848 0.05242861 0.10648771
v -0.03635848 0.05242861 0.10648771
v -0.03690173 0.05272391 0.10373385
v -0.03644126 0.05272084 0.10664011
v -0.03635848 0.05242861 0.10648771
v -0.03644126 0.05272084 0.10664011
v -0.03566905 0.05242911 0.10940808
v -0.03566905 0.05242911 0.10940808
v -0.03644126 0.05272084 0.10664011
v -0.03577697 0.05269213 0.10937188
v -0.03566905 0.05242911 0.10940808
v -0.03577697 0.05269213 0.10937188
v -0.03481699 0.05246260 0.11211864
v -0.03481699 0.05246260 0.11211864
v -0.03577697 0.05269213 0.10937188
v -0.03489952 0.05269217 0.11211424
v -0.03481699 0.05246260 0.11211864
v -0.03489952 0.05269217 0.11211424
v -0.03372452 0.05242565 0.11473241
v -0.03372452 0.05242565 0.11473241
v -0.03489952 0.05269217 0.11211424
v -0.03380639 0.05269462 0.11479891
v -0.03372452 0.05242565 0.11473241
v -0.03380639 0.05269462 0.11479891
v -0.03246175 0.05247847 0.11731918
v -0.03246175 0.05247847 0.11731918
v -0.03380639 0.05269462 0.11479891
v -0.03250159 0.05272088 0.11742258
v -0.03246175 0.05247847 0.11731918
v -0.03250159 0.05272088 0.11742258
v -0.03092085 0.05242915 0.11982294
v -0.03103495 0.05269212 0.11982094
v -0.03092085 0.05242915 0.11982294
v -0.03103495 0.05269212 0.11982094
v -0.02930141 0.05247656 0.12212731
v -0.02930141 0.05247656 0.12212731
v -0.03103495 0.05269212 0.11982094
v -0.02937354 0.05272395 0.12218271
v -0.02930141 0.05247656 0.12212731
v -0.02937354 0.05272395 0.12218271
v -0.02746807 0.05246208 0.12430628
v -0.02746807 0.05246208 0.12430628
v -0.02937354 0.05272395 0.12218271
v -0.02748431 0.05267738 0.12439248
v -0.02746807 0.05246208 0.12430628
v -0.02748431 0.05267738 0.12439248
v -0.02538570 0.05242911 0.12640435
v -0.02538570 0.05242911 0.12640435
v -0.02748431 0.05267738 0.12439248
v -0.02549757 0.05269215 0.12642836
v -0.02538570 0.05242911 0.12640435
v -0.02549757 0.05269215 0.12642836
v -0.02327730 0.05245955 0.12826333
v -0.02327730 0.05245955 0.12826333
v -0.02549757 0.05269215 0.12642836
v -0.02332415 0.05270930 0.12834083
v -0.02327730 0.05245955 0.12826333
v -0.02332415 0.05270930 0.12834083
v -0.02101980 0.05242872 0.12992931
v -0.02101980 0.05242872 0.12992931
v -0.02332415 0.05270930 0.12834083
v -0.02097903 0.05270632 0.13008110
v -0.02101980 0.05242872 0.12992931
v -0.02097903 0.05270632 0.13008110
v -0.01854205 0.05242565 0.13149089
v -0.01854205 0.05242565 0.13149089
v -0.02097903 0.05270632 0.13008110
v -0.01856964 0.05269443 0.13159269
v -0.01854205 0.05242565 0.13149089
v -0.01856964 0.05269443 0.13159269
v -0.01593955 0.05242915 0.13286737
v -0.01593955 0.05242915 0.13286737
v -0.01856964 0.05269443 0.13159269
v -0.01608439 0.05272141 0.13292057
v -0.01593955 0.05242915 0.13286737
v -0.01608439 0.05272141 0.13292057
v -0.01336614 0.05242563 0.13397105
v -0.01336614 0.05242563 0.13397105
v -0.01608439 0.05272141 0.13292057
v -0.01339553 0.05272394 0.13408816
v -0.01336614 0.05242563 0.13397105
v -0.01339553 0.05272394 0.13408816
v -0.01065393 0.05247844 0.13493344
v -0.01065393 0.05247844 0.13493344
v -0.01339553 0.05272394 0.13408816
v -0.01062943 0.05269184 0.13501274
v -0.01065393 0.05247844 0.13493344
v -0.01062943 0.05269184 0.13501274
v -0.00784489 0.05247908 0.13565853
v -0.00784489 0.05247908 0.13565853
v -0.01062943 0.05269184 0.13501274
v -0.00786993 0.05267747 0.13571654
v -0.00784489 0.05247908 0.13565853
v -0.00786993 0.05267747 0.13571654
v -0.00503418 0.05245930 0.13614413
v -0.00503418 0.05245930 0.13614413
v -0.00786993 0.05267747 0.13571654
v -0.00502889 0.05269457 0.13622723
v -0.00503418 0.05245930 0.13614413
v -0.00502889 0.05269457 0.13622723
v -0.00219526 0.05246201 0.13642523
v -0.00219526 0.05246201 0.13642523
v -0.00502889 0.05269457 0.13622723
v -0.00211375 0.05272085 0.13652232
v -0.00219526 0.05246201 0.13642523
v -0.00211375 0.05272085 0.13652232
v 0.00072025 0.05247934 0.13649142
v 0.00072025 0.05247934 0.13649142
v -0.00211375 0.05272085 0.13652232
v 0.00065433 0.05272127 0.13657732
v 0.00072025 0.05247934 0.13649142
v 0.00065433 0.05272127 0.13657732
v 0.00355491 0.05242565 0.13629632
v 0.00355491 0.05242565 0.13629632
v 0.00065433 0.05272127 0.13657732
v 0.00358771 0.05270924 0.13640403
v 0.00355491 0.05242565 0.13629632
v 0.00358771 0.05270924 0.13640403
v 0.00634520 0.05242861 0.13592433
v 0.00634520 0.05242861 0.13592433
v 0.00358771 0.05270924 0.13640403
v 0.00645723 0.05267757 0.13599443
v 0.00634520 0.05242861 0.13592433
v 0.00645723 0.05267757 0.13599443
v 0.00920312 0.05246212 0.13532923
v 0.00920312 0.05246212 0.13532923
v 0.00645723 0.05267757 0.13599443
v 0.00927164 0.05267730 0.13538374
v 0.00920312 0.05246212 0.13532923
v 0.00927164 0.05267730 0.13538374
v 0.01201395 0.05244594 0.13448035
v 0.01201395 0.05244594 0.13448035
v 0.00927164 0.05267730 0.13538374
v 0.01196395 0.05272134 0.13460386
v 0.01201395 0.05244594 0.13448035
v 0.01196395 0.05272134 0.13460386
v 0.01463958 0.05242560 0.13345066
v 0.01463958 0.05242560 0.13345066
v 0.01196395 0.05272134 0.13460386
v 0.01470076 0.05272397 0.13355496
v 0.01463958 0.05242560 0.13345066
v 0.01470076 0.05272397 0.13355496
v 0.01718257 0.05242860 0.13224479
v 0.01718257 0.05242860 0.13224479
v 0.01470076 0.05272397 0.13355496
v 0.01732249 0.05269188 0.13227848
v 0.01718257 0.05242860 0.13224479
v 0.01732249 0.05269188 0.13227848
v 0.01978359 0.05242921 0.13074630
v 0.01976837 0.05270671 0.13087611
v 0.01978359 0.05242921 0.13074630
v 0.01976837 0.05270671 0.13087611
v 0.02208886 0.05242563 0.12915793
v 0.02208886 0.05242563 0.12915793
v 0.01976837 0.05270671 0.13087611
v 0.02217259 0.05272399 0.12924522
v 0.02208886 0.05242563 0.12915793
v 0.02217259 0.05272399 0.12924522
v 0.02431200 0.05244538 0.12738795
v 0.02431200 0.05244538 0.12738795
v 0.02217259 0.05272399 0.12924522
v 0.02442963 0.05269176 0.12739815
v 0.02431200 0.05244538 0.12738795
v 0.02442963 0.05269176 0.12739815
v 0.02646117 0.05246265 0.12537587
v 0.02646117 0.05246265 0.12537587
v 0.02442963 0.05269176 0.12739815
v 0.02647411 0.05272128 0.12549406
v 0.02646117 0.05246265 0.12537587
v 0.02647411 0.05272128 0.12549406
v 0.02839139 0.05246268 0.12324769
v 0.02839139 0.05246268 0.12324769
v 0.02647411 0.05272128 0.12549406
v 0.02841400 0.05272133 0.12336409
v 0.02839139 0.05246268 0.12324769
v 0.02841400 0.05272133 0.12336409
v 0.03013179 0.05245950 0.12099772
v 0.03013179 0.05245950 0.12099772
v 0.02841400 0.05272133 0.12336409
v 0.03021541 0.05272395 0.12105162
v 0.03013179 0.05245950 0.12099772
v 0.03021541 0.05272395 0.12105162
v 0.03170350 0.05246211 0.11861696
v 0.03170350 0.05246211 0.11861696
v 0.03021541 0.05272395 0.12105162
v 0.03182745 0.05272091 0.11858996
v 0.03170350 0.05246211 0.11861696
v 0.03182745 0.05272091 0.11858996
v 0.03311578 0.05242917 0.11602109
v 0.03311578 0.05242917 0.11602109
v 0.03182745 0.05272091 0.11858996
v 0.03317038 0.05267772 0.11610769
v 0.03311578 0.05242917 0.11602109
v 0.03317038 0.05267772 0.11610769
v 0.03426919 0.05242565 0.11346943
v 0.03426919 0.05242565 0.11346943
v 0.03317038 0.05267772 0.11610769
v 0.03437372 0.05269442 0.11348302
v 0.03426919 0.05242565 0.11346943
v 0.03437372 0.05269442 0.11348302
v 0.03528428 0.05247869 0.11077596
v 0.03528428 0.05247869 0.11077596
v 0.03437372 0.05269442 0.11348302
v 0.03538670 0.05272087 0.11073376
v 0.00069766 0.05251587 0.06280387
v 0.00355414 0.05251358 0.06296855
v 0.00068891 0.05238877 0.06268745
v 0.00069766 0.05251587 0.06280387
v 0.00068891 0.05238877 0.06268745
v -0.00216325 0.05239649 0.06276351
v -0.01718106 0.05236571 0.06680541
v -0.01336393 0.05236564 0.06511550
v -0.01589861 0.05242857 0.06598624
v -0.01718106 0.05236571 0.06680541
v -0.01589861 0.05242857 0.06598624
v -0.01848952 0.05242562 0.06735096
v -0.01054432 0.05240968 0.06426137
v -0.00787116 0.05236887 0.06349761
v -0.01069485 0.05236342 0.06410962
v -0.01054432 0.05240968 0.06426137
v -0.01069485 0.05236342 0.06410962
v -0.01336393 0.05236564 0.06511550
v -0.01718106 0.05236571 0.06680541
v -0.01848952 0.05242562 0.06735096
v -0.02097006 0.05236341 0.06906172
v -0.00210049 0.05253424 0.06286047
v 0.00069766 0.05251587 0.06280387
v -0.00216325 0.05239649 0.06276351
v -0.00210049 0.05253424 0.06286047
v -0.00216325 0.05239649 0.06276351
v -0.00494967 0.05251394 0.06313183
v -0.00494967 0.05251394 0.06313183
v -0.00216325 0.05239649 0.06276351
v -0.00506237 0.05236891 0.06299578
v -0.00494967 0.05251394 0.06313183
v -0.00506237 0.05236891 0.06299578
v -0.00787116 0.05236887 0.06349761
v -0.02739370 0.05237116 0.07467112
v -0.02535196 0.05242861 0.07243722
v -0.02744759 0.05247927 0.07453121
v -0.02739370 0.05237116 0.07467112
v -0.02744759 0.05247927 0.07453121
v -0.02926236 0.05244245 0.07672399
v 0.03366640 0.05236505 0.08442229
v 0.03147852 0.05236566 0.08031573
v 0.03280915 0.05240975 0.08294390
v 0.03366640 0.05236505 0.08442229
v 0.03280915 0.05240975 0.08294390
v 0.03393284 0.05247588 0.08558450
v 0.03366640 0.05236505 0.08442229
v 0.03393284 0.05247588 0.08558450
v 0.03497375 0.05239648 0.08819368
v 0.03575870 0.05238882 0.09093673
v 0.03497375 0.05239648 0.08819368
v 0.03564765 0.05251639 0.09097271
v 0.03575870 0.05238882 0.09093673
v 0.03564765 0.05251639 0.09097271
v 0.03621257 0.05247574 0.09378279
v 0.02841123 0.05246208 0.07564918
v 0.02650189 0.05242867 0.07356505
v 0.02822578 0.05236863 0.07565479
v 0.02841123 0.05246208 0.07564918
v 0.02822578 0.05236863 0.07565479
v 0.02998394 0.05236863 0.07791374
v 0.03168822 0.05242918 0.08026380
v 0.02998394 0.05236863 0.07791374
v 0.03147852 0.05236566 0.08031573
v 0.03168822 0.05242918 0.08026380
v 0.03147852 0.05236566 0.08031573
v 0.03366640 0.05236505 0.08442229
v 0.03015520 0.05245949 0.07790719
v 0.02841123 0.05246208 0.07564918
v 0.02998394 0.05236863 0.07791374
v 0.03015520 0.05245949 0.07790719
v 0.02998394 0.05236863 0.07791374
v 0.03168822 0.05242918 0.08026380
v 0.03313554 0.05242865 0.08289244
v 0.03168822 0.05242918 0.08026380
v 0.03366640 0.05236505 0.08442229
v 0.03512336 0.05236864 0.08809623
v 0.03366640 0.05236505 0.08442229
v 0.03497375 0.05239648 0.08819368
v 0.03512336 0.05236864 0.08809623
v 0.03497375 0.05239648 0.08819368
v 0.03575870 0.05238882 0.09093673
v 0.03637174 0.05236566 0.09364121
v 0.03575870 0.05238882 0.09093673
v 0.03621257 0.05247574 0.09378279
v 0.03637174 0.05236566 0.09364121
v 0.03621257 0.05247574 0.09378279
v 0.03654478 0.05247859 0.09667619
v 0.03679001 0.05236892 0.09935157
v 0.03654478 0.05247859 0.09667619
v 0.03664115 0.05251180 0.09944869
v 0.03679001 0.05236892 0.09935157
v 0.03664115 0.05251180 0.09944869
v 0.03654036 0.05247549 0.10228677
v 0.03672772 0.05236566 0.10218527
v 0.03679001 0.05236892 0.09935157
v 0.03654036 0.05247549 0.10228677
v 0.03672772 0.05236566 0.10218527
v 0.03654036 0.05247549 0.10228677
v 0.03619550 0.05247814 0.10518573
v 0.03576961 0.05238880 0.10788940
v 0.03619550 0.05247814 0.10518573
v 0.03564772 0.05251381 0.10790620
v 0.03576961 0.05238880 0.10788940
v 0.03564772 0.05251381 0.10790620
v 0.03489366 0.05251702 0.11060726
v 0.03692205 0.05242916 0.09652443
v 0.03659113 0.05242563 0.09374411
v 0.03671143 0.05236566 0.09647715
v 0.03692205 0.05242916 0.09652443
v 0.03671143 0.05236566 0.09647715
v 0.03679001 0.05236892 0.09935157
v 0.03658175 0.05242564 0.10518803
v 0.03691761 0.05242863 0.10239317
v 0.03640426 0.05236566 0.10502293
v 0.03658175 0.05242564 0.10518803
v 0.03640426 0.05236566 0.10502293
v 0.03594885 0.05237120 0.10788570
v 0.03518600 0.05237118 0.11064576
v 0.03594885 0.05237120 0.10788570
v 0.03500702 0.05238880 0.11063576
v 0.03518600 0.05237118 0.11064576
v 0.03500702 0.05238880 0.11063576
v 0.03356891 0.05236573 0.11470261
v 0.03356891 0.05236573 0.11470261
v 0.03500702 0.05238880 0.11063576
v 0.03399865 0.05240971 0.11331153
v 0.03356891 0.05236573 0.11470261
v 0.03399865 0.05240971 0.11331153
v 0.03283499 0.05240021 0.11591569
v 0.03426919 0.05242565 0.11346943
v 0.03518600 0.05237118 0.11064576
v 0.03356891 0.05236573 0.11470261
v 0.03163810 0.05236862 0.11844306
v 0.03356891 0.05236573 0.11470261
v 0.03146619 0.05239651 0.11839466
v 0.03163810 0.05236862 0.11844306
v 0.03146619 0.05239651 0.11839466
v 0.02990260 0.05239646 0.12077603
v 0.02834737 0.05235853 0.12301210
v 0.02990260 0.05239646 0.12077603
v 0.02802131 0.05247841 0.12305720
v 0.02834737 0.05235853 0.12301210
v 0.02802131 0.05247841 0.12305720
v 0.02624585 0.05239646 0.12514047
v 0.02640210 0.05236863 0.12522697
v 0.02834737 0.05235853 0.12301210
v 0.02624585 0.05239646 0.12514047
v 0.02640210 0.05236863 0.12522697
v 0.02624585 0.05239646 0.12514047
v 0.02434319 0.05236156 0.12710065
v 0.02207826 0.05236564 0.12891562
v 0.02434319 0.05236156 0.12710065
v 0.02187781 0.05247580 0.12884133
v 0.02207826 0.05236564 0.12891562
v 0.02187781 0.05247580 0.12884133
v 0.01959071 0.05240979 0.13049461
v 0.03013179 0.05245950 0.12099772
v 0.03170350 0.05246211 0.11861696
v 0.03006972 0.05236864 0.12083833
v 0.03013179 0.05245950 0.12099772
v 0.03006972 0.05236864 0.12083833
v 0.02834737 0.05235853 0.12301210
v 0.01843294 0.05236572 0.13137630
v 0.02207826 0.05236564 0.12891562
v 0.01959071 0.05240979 0.13049461
v 0.01843294 0.05236572 0.13137630
v 0.01959071 0.05240979 0.13049461
v 0.01712578 0.05240966 0.13191918
v 0.02839139 0.05246268 0.12324769
v 0.03013179 0.05245950 0.12099772
v 0.02834737 0.05235853 0.12301210
v 0.02839139 0.05246268 0.12324769
v 0.02834737 0.05235853 0.12301210
v 0.02640210 0.05236863 0.12522697
v 0.01843294 0.05236572 0.13137630
v 0.01712578 0.05240966 0.13191918
v 0.01468390 0.05236564 0.13321287
v 0.01468390 0.05236564 0.13321287
v 0.01712578 0.05240966 0.13191918
v 0.01450728 0.05247585 0.13309386
v 0.01468390 0.05236564 0.13321287
v 0.01450728 0.05247585 0.13309386
v 0.01179032 0.05247852 0.13413665
v 0.01978359 0.05242921 0.13074630
v 0.02208886 0.05242563 0.12915793
v 0.01843294 0.05236572 0.13137630
v 0.00935354 0.05235854 0.13510005
v 0.01207191 0.05236158 0.13425275
v 0.00916941 0.05247876 0.13491875
v 0.00935354 0.05235854 0.13510005
v 0.00916941 0.05247876 0.13491875
v 0.00648345 0.05236665 0.13567104
v 0.00648345 0.05236665 0.13567104
v 0.00916941 0.05247876 0.13491875
v 0.00638804 0.05249926 0.13551684
v 0.00648345 0.05236665 0.13567104
v 0.00638804 0.05249926 0.13551684
v 0.00351501 0.05247276 0.13592104
v 0.01718257 0.05242860 0.13224479
v 0.01978359 0.05242921 0.13074630
v 0.01843294 0.05236572 0.13137630
v 0.01718257 0.05242860 0.13224479
v 0.01843294 0.05236572 0.13137630
v 0.01468390 0.05236564 0.13321287
v 0.00073659 0.05238884 0.13618353
v 0.00351501 0.05247276 0.13592104
v 0.00068532 0.05251453 0.13606943
v 0.00073659 0.05238884 0.13618353
v 0.00068532 0.05251453 0.13606943
v -0.00209117 0.05248005 0.13602364
v 0.01201395 0.05244594 0.13448035
v 0.01463958 0.05242560 0.13345066
v 0.01207191 0.05236158 0.13425275
v 0.01201395 0.05244594 0.13448035
v 0.01207191 0.05236158 0.13425275
v 0.00935354 0.05235854 0.13510005
v -0.00198197 0.05235854 0.13625282
v 0.00073659 0.05238884 0.13618353
v -0.00209117 0.05248005 0.13602364
v -0.00198197 0.05235854 0.13625282
v -0.00209117 0.05248005 0.13602364
v -0.00497073 0.05247588 0.13574854
v -0.00775754 0.05238875 0.13536324
v -0.00497073 0.05247588 0.13574854
v -0.00779605 0.05251589 0.13523614
v -0.00775754 0.05238875 0.13536324
v -0.00779605 0.05251589 0.13523614
v -0.01051875 0.05240969 0.13461844
v -0.01051875 0.05240969 0.13461844
v -0.00779605 0.05251589 0.13523614
v -0.01049896 0.05253465 0.13453505
v -0.01051875 0.05240969 0.13461844
v -0.01049896 0.05253465 0.13453505
v -0.01320398 0.05251379 0.13361446
v 0.00634520 0.05242861 0.13592433
v 0.00935354 0.05235854 0.13510005
v 0.00648345 0.05236665 0.13567104
v 0.00634520 0.05242861 0.13592433
v 0.00648345 0.05236665 0.13567104
v 0.00366979 0.05236564 0.13608333
v 0.00078492 0.05237119 0.13635632
v 0.00366979 0.05236564 0.13608333
v 0.00073659 0.05238884 0.13618353
v 0.00078492 0.05237119 0.13635632
v 0.00073659 0.05238884 0.13618353
v -0.00198197 0.05235854 0.13625282
v -0.00482979 0.05235854 0.13598833
v -0.00198197 0.05235854 0.13625282
v -0.00497073 0.05247588 0.13574854
v -0.00482979 0.05235854 0.13598833
v -0.00497073 0.05247588 0.13574854
v -0.00775754 0.05238875 0.13536324
v -0.00775083 0.05237116 0.13554203
v -0.00482979 0.05235854 0.13598833
v -0.00775754 0.05238875 0.13536324
v -0.00775083 0.05237116 0.13554203
v -0.00775754 0.05238875 0.13536324
v -0.01047767 0.05236339 0.13482744
v -0.01047767 0.05236339 0.13482744
v -0.00775754 0.05238875 0.13536324
v -0.01051875 0.05240969 0.13461844
v -0.01047767 0.05236339 0.13482744
v -0.01051875 0.05240969 0.13461844
v -0.01317163 0.05236889 0.13378766
v -0.01579573 0.05236663 0.13268538
v -0.01317163 0.05236889 0.13378766
v -0.01586340 0.05249726 0.13246788
v -0.01579573 0.05236663 0.13268538
v -0.01586340 0.05249726 0.13246788
v -0.01834637 0.05247433 0.13116640
v 0.00072025 0.05247934 0.13649142
v 0.00355491 0.05242565 0.13629632
v 0.00078492 0.05237119 0.13635632
v 0.00072025 0.05247934 0.13649142
v 0.00078492 0.05237119 0.13635632
v -0.00219526 0.05246201 0.13642523
v -0.00219526 0.05246201 0.13642523
v 0.00078492 0.05237119 0.13635632
v -0.00198197 0.05235854 0.13625282
v -0.00219526 0.05246201 0.13642523
v -0.00198197 0.05235854 0.13625282
v -0.00482979 0.05235854 0.13598833
v -0.01832434 0.05236564 0.13138460
v -0.01579573 0.05236663 0.13268538
v -0.01834637 0.05247433 0.13116640
v -0.01832434 0.05236564 0.13138460
v -0.01834637 0.05247433 0.13116640
v -0.02073886 0.05236889 0.12982401
v -0.02517469 0.05237248 0.12623626
v -0.02304011 0.05247277 0.12794343
v -0.02514670 0.05253116 0.12608046
v -0.02517469 0.05237248 0.12623626
v -0.02514670 0.05253116 0.12608046
v -0.02711325 0.05247975 0.12409208
v -0.00503418 0.05245930 0.13614413
v -0.00219526 0.05246201 0.13642523
v -0.00482979 0.05235854 0.13598833
v -0.00503418 0.05245930 0.13614413
v -0.00482979 0.05235854 0.13598833
v -0.00775083 0.05237116 0.13554203
v -0.00784489 0.05247908 0.13565853
v -0.00503418 0.05245930 0.13614413
v -0.00775083 0.05237116 0.13554203
v -0.00784489 0.05247908 0.13565853
v -0.00775083 0.05237116 0.13554203
v -0.01047767 0.05236339 0.13482744
v -0.01593955 0.05242915 0.13286737
v -0.01336614 0.05242563 0.13397105
v -0.01579573 0.05236663 0.13268538
v -0.01593955 0.05242915 0.13286737
v -0.01579573 0.05236663 0.13268538
v -0.01832434 0.05236564 0.13138460
v -0.02903655 0.05238880 0.12197071
v -0.02711325 0.05247975 0.12409208
v -0.02896560 0.05251389 0.12187482
v -0.02903655 0.05238880 0.12197071
v -0.02896560 0.05251389 0.12187482
v -0.03063483 0.05251599 0.11953414
v -0.03229982 0.05237116 0.11733697
v -0.03069145 0.05236888 0.11972304
v -0.03216970 0.05238879 0.11721368
v -0.03229982 0.05237116 0.11733697
v -0.03216970 0.05238879 0.11721368
v -0.03347245 0.05236664 0.11475291
v -0.03459112 0.05235852 0.11219774
v -0.03347245 0.05236664 0.11475291
v -0.03446713 0.05247840 0.11189304
v -0.03459112 0.05235852 0.11219774
v -0.03446713 0.05247840 0.11189304
v -0.03532334 0.05247806 0.10920468
v -0.03608427 0.05236888 0.10660871
v -0.03532334 0.05247806 0.10920468
v -0.03594825 0.05251744 0.10651271
v -0.03608427 0.05236888 0.10660871
v -0.03594825 0.05251744 0.10651271
v -0.03640470 0.05247577 0.10368035
v -0.02930141 0.05247656 0.12212731
v -0.02746807 0.05246208 0.12430628
v -0.02914630 0.05237118 0.12211251
v -0.02930141 0.05247656 0.12212731
v -0.02914630 0.05237118 0.12211251
v -0.03092085 0.05242915 0.11982294
v -0.03372452 0.05242565 0.11473241
v -0.03229982 0.05237116 0.11733697
v -0.03347245 0.05236664 0.11475291
v -0.03459112 0.05235852 0.11219774
v -0.03656921 0.05236563 0.10381625
v -0.03608427 0.05236888 0.10660871
v -0.03640470 0.05247577 0.10368035
v -0.03656921 0.05236563 0.10381625
v -0.03640470 0.05247577 0.10368035
v -0.03662379 0.05247868 0.10078819
v -0.03246175 0.05247847 0.11731918
v -0.03092085 0.05242915 0.11982294
v -0.03229982 0.05237116 0.11733697
v -0.03246175 0.05247847 0.11731918
v -0.03229982 0.05237116 0.11733697
v -0.03372452 0.05242565 0.11473241
v -0.03566905 0.05242911 0.10940808
v -0.03459112 0.05235852 0.11219774
v -0.03545318 0.05236563 0.10941448
v -0.03566905 0.05242911 0.10940808
v -0.03545318 0.05236563 0.10941448
v -0.03608427 0.05236888 0.10660871
v -0.03611679 0.05236888 0.09242896
v -0.03640227 0.05247577 0.09517095
v -0.03594378 0.05251602 0.09233166
v -0.03611679 0.05236888 0.09242896
v -0.03594378 0.05251602 0.09233166
v -0.03531366 0.05247886 0.08963599
v -0.03481699 0.05246260 0.11211864
v -0.03372452 0.05242565 0.11473241
v -0.03459112 0.05235852 0.11219774
v -0.03481699 0.05246260 0.11211864
v -0.03459112 0.05235852 0.11219774
v -0.03566905 0.05242911 0.10940808
v -0.03635848 0.05242861 0.10648771
v -0.03566905 0.05242911 0.10940808
v -0.03608427 0.05236888 0.10660871
v -0.03635848 0.05242861 0.10648771
v -0.03608427 0.05236888 0.10660871
v -0.03656921 0.05236563 0.10381625
v -0.03659361 0.05236563 0.09526478
v -0.03670978 0.05239647 0.09803866
v -0.03640227 0.05247577 0.09517095
v -0.03659361 0.05236563 0.09526478
v -0.03640227 0.05247577 0.09517095
v -0.03611679 0.05236888 0.09242896
v -0.03453019 0.05239646 0.08689704
v -0.03531366 0.05247886 0.08963599
v -0.03442860 0.05253635 0.08691431
v -0.03453019 0.05239646 0.08689704
v -0.03442860 0.05253635 0.08691431
v -0.03334372 0.05252938 0.08425269
v -0.03700730 0.05242913 0.10091379
v -0.03678444 0.05242562 0.10370495
v -0.03679868 0.05236563 0.10096939
v -0.03700730 0.05242913 0.10091379
v -0.03679868 0.05236563 0.10096939
v -0.03688374 0.05236861 0.09807889
v -0.03550963 0.05236563 0.08966058
v -0.03611679 0.05236888 0.09242896
v -0.03531366 0.05247886 0.08963599
v -0.03550963 0.05236563 0.08966058
v -0.03531366 0.05247886 0.08963599
v -0.03453019 0.05239646 0.08689704
v -0.03219245 0.05238879 0.08169969
v -0.03345462 0.05239646 0.08425884
v -0.03206810 0.05251431 0.08171253
v -0.03219245 0.05238879 0.08169969
v -0.03206810 0.05251431 0.08171253
v -0.03061990 0.05251721 0.07931678
v -0.03702484 0.05246206 0.09795843
v -0.03700730 0.05242913 0.10091379
v -0.03688374 0.05236861 0.09807889
v -0.03702484 0.05246206 0.09795843
v -0.03688374 0.05236861 0.09807889
v -0.03677739 0.05242562 0.09510684
v -0.03635055 0.05242913 0.09233948
v -0.03677739 0.05242562 0.09510684
v -0.03611679 0.05236888 0.09242896
v -0.03635055 0.05242913 0.09233948
v -0.03611679 0.05236888 0.09242896
v -0.03550963 0.05236563 0.08966058
v -0.03470818 0.05236861 0.08688249
v -0.03550963 0.05236563 0.08966058
v -0.03453019 0.05239646 0.08689704
v -0.03470818 0.05236861 0.08688249
v -0.03453019 0.05239646 0.08689704
v -0.03345462 0.05239646 0.08425884
v -0.03565595 0.05242863 0.08942015
v -0.03635055 0.05242913 0.09233948
v -0.03550963 0.05236563 0.08966058
v -0.03565595 0.05242863 0.08942015
v -0.03550963 0.05236563 0.08966058
v -0.03470818 0.05236861 0.08688249
v -0.03364672 0.05237116 0.08421704
v -0.03470818 0.05236861 0.08688249
v -0.03345462 0.05239646 0.08425884
v -0.03364672 0.05237116 0.08421704
v -0.03345462 0.05239646 0.08425884
v -0.03219245 0.05238879 0.08169969
v -0.02723446 0.05238886 0.07475405
v -0.02896241 0.05247578 0.07697518
v -0.02710596 0.05251612 0.07478475
v -0.02723446 0.05238886 0.07475405
v -0.02710596 0.05251612 0.07478475
v -0.02516226 0.05249807 0.07279874
v -0.03236616 0.05237115 0.08165542
v -0.03364672 0.05237116 0.08421704
v -0.03219245 0.05238879 0.08169969
v -0.03236616 0.05237115 0.08165542
v -0.03219245 0.05238879 0.08169969
v -0.03072142 0.05238876 0.07925866
v -0.02921860 0.05236155 0.07698164
v -0.03072142 0.05238876 0.07925866
v -0.02896241 0.05247578 0.07697518
v -0.02921860 0.05236155 0.07698164
v -0.02896241 0.05247578 0.07697518
v -0.02723446 0.05238886 0.07475405
v -0.03480569 0.05246208 0.08672431
v -0.03565595 0.05242863 0.08942015
v -0.03470818 0.05236861 0.08688249
v -0.03480569 0.05246208 0.08672431
v -0.03470818 0.05236861 0.08688249
v -0.03364672 0.05237116 0.08421704
v -0.01837242 0.05240962 0.06764133
v -0.02078060 0.05240967 0.06916042
v -0.01831201 0.05252994 0.06770319
v -0.01837242 0.05240962 0.06764133
v -0.01831201 0.05252994 0.06770319
v -0.01581985 0.05251769 0.06638948
v -0.02739370 0.05237116 0.07467112
v -0.02921860 0.05236155 0.07698164
v -0.02723446 0.05238886 0.07475405
v -0.02739370 0.05237116 0.07467112
v -0.02723446 0.05238886 0.07475405
v -0.02532840 0.05236664 0.07272504
v -0.02320463 0.05236564 0.07083471
v -0.02532840 0.05236664 0.07272504
v -0.02300238 0.05247582 0.07090185
v -0.02320463 0.05236564 0.07083471
v -0.02300238 0.05247582 0.07090185
v -0.02078060 0.05240967 0.06916042
v -0.03245115 0.05247918 0.08153241
v -0.03373210 0.05247646 0.08408664
v -0.03236616 0.05237115 0.08165542
v -0.03245115 0.05247918 0.08153241
v -0.03236616 0.05237115 0.08165542
v -0.03089102 0.05237115 0.07920092
v -0.02926236 0.05244245 0.07672399
v -0.03089102 0.05237115 0.07920092
v -0.02921860 0.05236155 0.07698164
v -0.02926236 0.05244245 0.07672399
v -0.02921860 0.05236155 0.07698164
v -0.02739370 0.05237116 0.07467112
v -0.02097006 0.05236341 0.06906172
v -0.02320463 0.05236564 0.07083471
v -0.02078060 0.05240967 0.06916042
v -0.02097006 0.05236341 0.06906172
v -0.02078060 0.05240967 0.06916042
v -0.01837242 0.05240962 0.06764133
v -0.01054432 0.05240968 0.06426137
v -0.01316844 0.05247272 0.06522919
v -0.01050166 0.05253145 0.06433640
v -0.01054432 0.05240968 0.06426137
v -0.01050166 0.05253145 0.06433640
v -0.00777251 0.05251690 0.06363165
v -0.03095087 0.05247874 0.07904908
v -0.03245115 0.05247918 0.08153241
v -0.03089102 0.05237115 0.07920092
v -0.03095087 0.05247874 0.07904908
v -0.03089102 0.05237115 0.07920092
v -0.02926236 0.05244245 0.07672399
v -0.02535196 0.05242861 0.07243722
v -0.02739370 0.05237116 0.07467112
v -0.02532840 0.05236664 0.07272504
v -0.02535196 0.05242861 0.07243722
v -0.02532840 0.05236664 0.07272504
v -0.02320463 0.05236564 0.07083471
v -0.01718106 0.05236571 0.06680541
v -0.02097006 0.05236341 0.06906172
v -0.01837242 0.05240962 0.06764133
v -0.01718106 0.05236571 0.06680541
v -0.01837242 0.05240962 0.06764133
v -0.01585731 0.05240022 0.06629609
v -0.00775540 0.05242858 0.06322129
v -0.01069485 0.05236342 0.06410962
v -0.00787116 0.05236887 0.06349761
v -0.00775540 0.05242858 0.06322129
v -0.00787116 0.05236887 0.06349761
v -0.00506237 0.05236891 0.06299578
v -0.00222007 0.05236862 0.06259422
v -0.00506237 0.05236891 0.06299578
v -0.00216325 0.05239649 0.06276351
v -0.00222007 0.05236862 0.06259422
v -0.00216325 0.05239649 0.06276351
v 0.00068891 0.05238877 0.06268745
v -0.01063158 0.05247913 0.06393140
v -0.01330935 0.05242561 0.06487927
v -0.01069485 0.05236342 0.06410962
v -0.01063158 0.05247913 0.06393140
v -0.01069485 0.05236342 0.06410962
v -0.00775540 0.05242858 0.06322129
v 0.00903987 0.05235854 0.06369132
v 0.00629220 0.05236565 0.06314701
v 0.00920215 0.05247802 0.06396095
v 0.00903987 0.05235854 0.06369132
v 0.00920215 0.05247802 0.06396095
v 0.01187678 0.05238878 0.06465280
v 0.01449415 0.05236890 0.06562128
v 0.01187678 0.05238878 0.06465280
v 0.01452151 0.05251384 0.06579648
v 0.01449415 0.05236890 0.06562128
v 0.01452151 0.05251384 0.06579648
v 0.01714074 0.05247879 0.06704297
v 0.01956841 0.05240967 0.06836327
v 0.01714074 0.05247879 0.06704297
v 0.01952596 0.05253493 0.06843787
v 0.01956841 0.05240967 0.06836327
v 0.01952596 0.05253493 0.06843787
v 0.02189464 0.05247570 0.07004325
v 0.00639096 0.05242915 0.06295493
v 0.00361535 0.05242554 0.06258188
v 0.00629220 0.05236565 0.06314701
v 0.00639096 0.05242915 0.06295493
v 0.00629220 0.05236565 0.06314701
v 0.00903987 0.05235854 0.06369132
v 0.01188950 0.05237119 0.06447384
v 0.00903987 0.05235854 0.06369132
v 0.01187678 0.05238878 0.06465280
v 0.01188950 0.05237119 0.06447384
v 0.01187678 0.05238878 0.06465280
v 0.01449415 0.05236890 0.06562128
v 0.01703976 0.05235854 0.06673976
v 0.01449415 0.05236890 0.06562128
v 0.01714074 0.05247879 0.06704297
v 0.01703976 0.05235854 0.06673976
v 0.01714074 0.05247879 0.06704297
v 0.01956841 0.05240967 0.06836327
v 0.02413461 0.05239641 0.07173979
v 0.02189464 0.05247570 0.07004325
v 0.02411273 0.05253430 0.07185421
v 0.02413461 0.05239641 0.07173979
v 0.02411273 0.05253430 0.07185421
v 0.02614382 0.05247897 0.07375364
v 0.00923353 0.05246273 0.06355000
v 0.00639096 0.05242915 0.06295493
v 0.00903987 0.05235854 0.06369132
v 0.00923353 0.05246273 0.06355000
v 0.00903987 0.05235854 0.06369132
v 0.01188950 0.05237119 0.06447384
v 0.01469522 0.05242560 0.06544550
v 0.01188950 0.05237119 0.06447384
v 0.01449415 0.05236890 0.06562128
v 0.01703976 0.05235854 0.06673976
v 0.02987123 0.05239645 0.07805229
v 0.02812431 0.05239652 0.07580198
v 0.02982099 0.05252951 0.07815141
v 0.02987123 0.05239645 0.07805229
v 0.02982099 0.05252951 0.07815141
v 0.03140931 0.05247775 0.08055136
v 0.01726094 0.05246257 0.06664707
v 0.01469522 0.05242560 0.06544550
v 0.01703976 0.05235854 0.06673976
v 0.01726094 0.05246257 0.06664707
v 0.01703976 0.05235854 0.06673976
v 0.01982170 0.05242862 0.06815098
v 0.02213788 0.05242558 0.06975074
v 0.01982170 0.05242862 0.06815098
v 0.02106513 0.05236504 0.06918519
v 0.02213788 0.05242558 0.06975074
v 0.02106513 0.05236504 0.06918519
v 0.02422924 0.05237117 0.07156755
v 0.02422924 0.05237117 0.07156755
v 0.02650189 0.05242867 0.07356505
v 0.02436751 0.05247911 0.07151059
v 0.02422924 0.05237117 0.07156755
v 0.02436751 0.05247911 0.07151059
v 0.02213788 0.05242558 0.06975074
v 0.03654478 0.05247859 0.09667619
v 0.03679001 0.05236892 0.09935157
v 0.03671143 0.05236566 0.09647715
v 0.03654478 0.05247859 0.09667619
v 0.03671143 0.05236566 0.09647715
v 0.03637174 0.05236566 0.09364121
v 0.03575870 0.05238882 0.09093673
v 0.03637174 0.05236566 0.09364121
v 0.03591720 0.05237120 0.09085296
v 0.03575870 0.05238882 0.09093673
v 0.03591720 0.05237120 0.09085296
v 0.03512336 0.05236864 0.08809623
v 0.03366640 0.05236505 0.08442229
v 0.03512336 0.05236864 0.08809623
v 0.03429218 0.05242562 0.08545914
v 0.03366640 0.05236505 0.08442229
v 0.03429218 0.05242562 0.08545914
v 0.03313554 0.05242865 0.08289244
v 0.03391245 0.05253302 0.11329822
v 0.03272281 0.05251613 0.11591739
v 0.03399865 0.05240971 0.11331153
v 0.03391245 0.05253302 0.11329822
v 0.03399865 0.05240971 0.11331153
v 0.03489366 0.05251702 0.11060726
v 0.03489366 0.05251702 0.11060726
v 0.03399865 0.05240971 0.11331153
v 0.03500702 0.05238880 0.11063576
v 0.03500702 0.05238880 0.11063576
v 0.03619550 0.05247814 0.10518573
v 0.03576961 0.05238880 0.10788940
v 0.03640426 0.05236566 0.10502293
v 0.03619550 0.05247814 0.10518573
v 0.03640426 0.05236566 0.10502293
v 0.03672772 0.05236566 0.10218527
v 0.03637174 0.05236566 0.09364121
v 0.03671143 0.05236566 0.09647715
v 0.03659113 0.05242563 0.09374411
v 0.03637174 0.05236566 0.09364121
v 0.03659113 0.05242563 0.09374411
v 0.03591720 0.05237120 0.09085296
v 0.03512336 0.05236864 0.08809623
v 0.03591720 0.05237120 0.09085296
v 0.03528256 0.05246263 0.08811342
v 0.03512336 0.05236864 0.08809623
v 0.03528256 0.05246263 0.08811342
v 0.03429218 0.05242562 0.08545914
v 0.03606850 0.05247865 0.09091347
v 0.03528256 0.05246263 0.08811342
v 0.03591720 0.05237120 0.09085296
v 0.03606850 0.05247865 0.09091347
v 0.03591720 0.05237120 0.09085296
v 0.03659113 0.05242563 0.09374411
v 0.03703120 0.05242565 0.09946643
v 0.03692205 0.05242916 0.09652443
v 0.03679001 0.05236892 0.09935157
v 0.03703120 0.05242565 0.09946643
v 0.03679001 0.05236892 0.09935157
v 0.03672772 0.05236566 0.10218527
v 0.03283499 0.05240021 0.11591569
v 0.03399865 0.05240971 0.11331153
v 0.03272281 0.05251613 0.11591739
v 0.03283499 0.05240021 0.11591569
v 0.03272281 0.05251613 0.11591739
v 0.03146619 0.05239651 0.11839466
v 0.03146619 0.05239651 0.11839466
v 0.03272281 0.05251613 0.11591739
v 0.03137038 0.05253409 0.11835886
v 0.03146619 0.05239651 0.11839466
v 0.03137038 0.05253409 0.11835886
v 0.02980297 0.05253259 0.12074353
v 0.02980297 0.05253259 0.12074353
v 0.02802131 0.05247841 0.12305720
v 0.02990260 0.05239646 0.12077603
v 0.02980297 0.05253259 0.12074353
v 0.02990260 0.05239646 0.12077603
v 0.03146619 0.05239651 0.11839466
v 0.03576961 0.05238880 0.10788940
v 0.03576961 0.05238880 0.10788940
v 0.03594885 0.05237120 0.10788570
v 0.03640426 0.05236566 0.10502293
v 0.03672772 0.05236566 0.10218527
v 0.03640426 0.05236566 0.10502293
v 0.03691761 0.05242863 0.10239317
v 0.03672772 0.05236566 0.10218527
v 0.03691761 0.05242863 0.10239317
v 0.03703120 0.05242565 0.09946643
v 0.03356891 0.05236573 0.11470261
v 0.03283499 0.05240021 0.11591569
v 0.03146619 0.05239651 0.11839466
v 0.02624585 0.05239646 0.12514047
v 0.02802131 0.05247841 0.12305720
v 0.02614489 0.05253259 0.12510068
v 0.02624585 0.05239646 0.12514047
v 0.02614489 0.05253259 0.12510068
v 0.02412656 0.05248021 0.12702105
v 0.03606365 0.05247927 0.10798160
v 0.03658175 0.05242564 0.10518803
v 0.03594885 0.05237120 0.10788570
v 0.03606365 0.05247927 0.10798160
v 0.03594885 0.05237120 0.10788570
v 0.03518600 0.05237118 0.11064576
v 0.03311578 0.05242917 0.11602109
v 0.03426919 0.05242565 0.11346943
v 0.03356891 0.05236573 0.11470261
v 0.03311578 0.05242917 0.11602109
v 0.03356891 0.05236573 0.11470261
v 0.03163810 0.05236862 0.11844306
v 0.03006972 0.05236864 0.12083833
v 0.03163810 0.05236862 0.11844306
v 0.02990260 0.05239646 0.12077603
v 0.03006972 0.05236864 0.12083833
v 0.02990260 0.05239646 0.12077603
v 0.02834737 0.05235853 0.12301210
v 0.01959071 0.05240979 0.13049461
v 0.02187781 0.05247580 0.12884133
v 0.01951231 0.05253455 0.13044331
v 0.01959071 0.05240979 0.13049461
v 0.01951231 0.05253455 0.13044331
v 0.01708250 0.05253487 0.13184498
v 0.01708250 0.05253487 0.13184498
v 0.01450728 0.05247585 0.13309386
v 0.01712578 0.05240966 0.13191918
v 0.01708250 0.05253487 0.13184498
v 0.01712578 0.05240966 0.13191918
v 0.01959071 0.05240979 0.13049461
v 0.02412656 0.05248021 0.12702105
v 0.02412656 0.05248021 0.12702105
v 0.02434319 0.05236156 0.12710065
v 0.02624585 0.05239646 0.12514047
v 0.03518600 0.05237118 0.11064576
v 0.03426919 0.05242565 0.11346943
v 0.03528428 0.05247869 0.11077596
v 0.03518600 0.05237118 0.11064576
v 0.03528428 0.05247869 0.11077596
v 0.03606365 0.05247927 0.10798160
v 0.03163810 0.05236862 0.11844306
v 0.03006972 0.05236864 0.12083833
v 0.03170350 0.05246211 0.11861696
v 0.03163810 0.05236862 0.11844306
v 0.03170350 0.05246211 0.11861696
v 0.03311578 0.05242917 0.11602109
v 0.01179032 0.05247852 0.13413665
v 0.00916941 0.05247876 0.13491875
v 0.01207191 0.05236158 0.13425275
v 0.01179032 0.05247852 0.13413665
v 0.01207191 0.05236158 0.13425275
v 0.01468390 0.05236564 0.13321287
v 0.02207826 0.05236564 0.12891562
v 0.01843294 0.05236572 0.13137630
v 0.02208886 0.05242563 0.12915793
v 0.02207826 0.05236564 0.12891562
v 0.02208886 0.05242563 0.12915793
v 0.02434319 0.05236156 0.12710065
v 0.02434319 0.05236156 0.12710065
v 0.02208886 0.05242563 0.12915793
v 0.02431200 0.05244538 0.12738795
v 0.02434319 0.05236156 0.12710065
v 0.02431200 0.05244538 0.12738795
v 0.02640210 0.05236863 0.12522697
v 0.02640210 0.05236863 0.12522697
v 0.02431200 0.05244538 0.12738795
v 0.02646117 0.05246265 0.12537587
v 0.02640210 0.05236863 0.12522697
v 0.02646117 0.05246265 0.12537587
v 0.02839139 0.05246268 0.12324769
v 0.00351501 0.05247276 0.13592104
v 0.00073659 0.05238884 0.13618353
v 0.00366979 0.05236564 0.13608333
v 0.00351501 0.05247276 0.13592104
v 0.00366979 0.05236564 0.13608333
v 0.00648345 0.05236665 0.13567104
v 0.01468390 0.05236564 0.13321287
v 0.01207191 0.05236158 0.13425275
v 0.01463958 0.05242560 0.13345066
v 0.01468390 0.05236564 0.13321287
v 0.01463958 0.05242560 0.13345066
v 0.01718257 0.05242860 0.13224479
v -0.01320398 0.05251379 0.13361446
v -0.01586340 0.05249726 0.13246788
v -0.01317163 0.05236889 0.13378766
v -0.01320398 0.05251379 0.13361446
v -0.01317163 0.05236889 0.13378766
v -0.01051875 0.05240969 0.13461844
v 0.00366979 0.05236564 0.13608333
v 0.00078492 0.05237119 0.13635632
v 0.00355491 0.05242565 0.13629632
v 0.00366979 0.05236564 0.13608333
v 0.00355491 0.05242565 0.13629632
v 0.00634520 0.05242861 0.13592433
v 0.00935354 0.05235854 0.13510005
v 0.00634520 0.05242861 0.13592433
v 0.00920312 0.05246212 0.13532923
v 0.00935354 0.05235854 0.13510005
v 0.00920312 0.05246212 0.13532923
v 0.01201395 0.05244594 0.13448035
v -0.02070927 0.05251765 0.12965981
v -0.02304011 0.05247277 0.12794343
v -0.02073886 0.05236889 0.12982401
v -0.02070927 0.05251765 0.12965981
v -0.02073886 0.05236889 0.12982401
v -0.01834637 0.05247433 0.13116640
v -0.02304011 0.05247277 0.12794343
v -0.02517469 0.05237248 0.12623626
v -0.02302182 0.05235853 0.12823544
v -0.02304011 0.05247277 0.12794343
v -0.02302182 0.05235853 0.12823544
v -0.02073886 0.05236889 0.12982401
v -0.01317163 0.05236889 0.13378766
v -0.01579573 0.05236663 0.13268538
v -0.01336614 0.05242563 0.13397105
v -0.01317163 0.05236889 0.13378766
v -0.01336614 0.05242563 0.13397105
v -0.01047767 0.05236339 0.13482744
v -0.01065393 0.05247844 0.13493344
v -0.00784489 0.05247908 0.13565853
v -0.01047767 0.05236339 0.13482744
v -0.01065393 0.05247844 0.13493344
v -0.01047767 0.05236339 0.13482744
v -0.01336614 0.05242563 0.13397105
v -0.01854205 0.05242565 0.13149089
v -0.01593955 0.05242915 0.13286737
v -0.01832434 0.05236564 0.13138460
v -0.01854205 0.05242565 0.13149089
v -0.01832434 0.05236564 0.13138460
v -0.02073886 0.05236889 0.12982401
v -0.02719560 0.05235853 0.12433208
v -0.02517469 0.05237248 0.12623626
v -0.02711325 0.05247975 0.12409208
v -0.02719560 0.05235853 0.12433208
v -0.02711325 0.05247975 0.12409208
v -0.02903655 0.05238880 0.12197071
v -0.03069145 0.05236888 0.11972304
v -0.02903655 0.05238880 0.12197071
v -0.03063483 0.05251599 0.11953414
v -0.03069145 0.05236888 0.11972304
v -0.03063483 0.05251599 0.11953414
v -0.03207322 0.05251586 0.11714817
v -0.03207322 0.05251586 0.11714817
v -0.03336418 0.05249471 0.11459201
v -0.03216970 0.05238879 0.11721368
v -0.03207322 0.05251586 0.11714817
v -0.03216970 0.05238879 0.11721368
v -0.03069145 0.05236888 0.11972304
v -0.02073886 0.05236889 0.12982401
v -0.02302182 0.05235853 0.12823544
v -0.02101980 0.05242872 0.12992931
v -0.01854205 0.05242565 0.13149089
v -0.02538570 0.05242911 0.12640435
v -0.02302182 0.05235853 0.12823544
v -0.02517469 0.05237248 0.12623626
v -0.02719560 0.05235853 0.12433208
v -0.02914630 0.05237118 0.12211251
v -0.02719560 0.05235853 0.12433208
v -0.02903655 0.05238880 0.12197071
v -0.02914630 0.05237118 0.12211251
v -0.02903655 0.05238880 0.12197071
v -0.03069145 0.05236888 0.11972304
v -0.03347245 0.05236664 0.11475291
v -0.03216970 0.05238879 0.11721368
v -0.03336418 0.05249471 0.11459201
v -0.03347245 0.05236664 0.11475291
v -0.03336418 0.05249471 0.11459201
v -0.03446713 0.05247840 0.11189304
v -0.02302182 0.05235853 0.12823544
v -0.02538570 0.05242911 0.12640435
v -0.02327730 0.05245955 0.12826333
v -0.02302182 0.05235853 0.12823544
v -0.02327730 0.05245955 0.12826333
v -0.02101980 0.05242872 0.12992931
v -0.02746807 0.05246208 0.12430628
v -0.02538570 0.05242911 0.12640435
v -0.02719560 0.05235853 0.12433208
v -0.02746807 0.05246208 0.12430628
v -0.02719560 0.05235853 0.12433208
v -0.02914630 0.05237118 0.12211251
v -0.03092085 0.05242915 0.11982294
v -0.02914630 0.05237118 0.12211251
v -0.03069145 0.05236888 0.11972304
v -0.03229982 0.05237116 0.11733697
v -0.03545318 0.05236563 0.10941448
v -0.03459112 0.05235852 0.11219774
v -0.03532334 0.05247806 0.10920468
v -0.03545318 0.05236563 0.10941448
v -0.03532334 0.05247806 0.10920468
v -0.03608427 0.05236888 0.10660871
v -0.03660833 0.05253478 0.09802530
v -0.03640227 0.05247577 0.09517095
v -0.03670978 0.05239647 0.09803866
v -0.03660833 0.05253478 0.09802530
v -0.03670978 0.05239647 0.09803866
v -0.03662379 0.05247868 0.10078819
v -0.03662379 0.05247868 0.10078819
v -0.03670978 0.05239647 0.09803866
v -0.03679868 0.05236563 0.10096939
v -0.03662379 0.05247868 0.10078819
v -0.03679868 0.05236563 0.10096939
v -0.03656921 0.05236563 0.10381625
v -0.03334372 0.05252938 0.08425269
v -0.03206810 0.05251431 0.08171253
v -0.03345462 0.05239646 0.08425884
v -0.03334372 0.05252938 0.08425269
v -0.03345462 0.05239646 0.08425884
v -0.03453019 0.05239646 0.08689704
v -0.03670978 0.05239647 0.09803866
v -0.03659361 0.05236563 0.09526478
v -0.03688374 0.05236861 0.09807889
v -0.03670978 0.05239647 0.09803866
v -0.03688374 0.05236861 0.09807889
v -0.03679868 0.05236563 0.10096939
v -0.03656921 0.05236563 0.10381625
v -0.03679868 0.05236563 0.10096939
v -0.03678444 0.05242562 0.10370495
v -0.03656921 0.05236563 0.10381625
v -0.03678444 0.05242562 0.10370495
v -0.03635848 0.05242861 0.10648771
v -0.03061990 0.05251721 0.07931678
v -0.02896241 0.05247578 0.07697518
v -0.03072142 0.05238876 0.07925866
v -0.03061990 0.05251721 0.07931678
v -0.03072142 0.05238876 0.07925866
v -0.03219245 0.05238879 0.08169969
v -0.03659361 0.05236563 0.09526478
v -0.03611679 0.05236888 0.09242896
v -0.03677739 0.05242562 0.09510684
v -0.03659361 0.05236563 0.09526478
v -0.03677739 0.05242562 0.09510684
v -0.03688374 0.05236861 0.09807889
v -0.02069368 0.05253441 0.06920421
v -0.01831201 0.05252994 0.06770319
v -0.02078060 0.05240967 0.06916042
v -0.02069368 0.05253441 0.06920421
v -0.02078060 0.05240967 0.06916042
v -0.02300238 0.05247582 0.07090185
v -0.02516226 0.05249807 0.07279874
v -0.02300238 0.05247582 0.07090185
v -0.02532840 0.05236664 0.07272504
v -0.02516226 0.05249807 0.07279874
v -0.02532840 0.05236664 0.07272504
v -0.02723446 0.05238886 0.07475405
v -0.03072142 0.05238876 0.07925866
v -0.02921860 0.05236155 0.07698164
v -0.03089102 0.05237115 0.07920092
v -0.03089102 0.05237115 0.07920092
v -0.01581985 0.05251769 0.06638948
v -0.01316844 0.05247272 0.06522919
v -0.01585731 0.05240022 0.06629609
v -0.01581985 0.05251769 0.06638948
v -0.01585731 0.05240022 0.06629609
v -0.01837242 0.05240962 0.06764133
v -0.03364672 0.05237116 0.08421704
v -0.03236616 0.05237115 0.08165542
v -0.03373210 0.05247646 0.08408664
v -0.03364672 0.05237116 0.08421704
v -0.03373210 0.05247646 0.08408664
v -0.03480569 0.05246208 0.08672431
v -0.02322484 0.05242566 0.07059288
v -0.02535196 0.05242861 0.07243722
v -0.02320463 0.05236564 0.07083471
v -0.02322484 0.05242566 0.07059288
v -0.02320463 0.05236564 0.07083471
v -0.02097006 0.05236341 0.06906172
v -0.01718106 0.05236571 0.06680541
v -0.01585731 0.05240022 0.06629609
v -0.01336393 0.05236564 0.06511550
v -0.01336393 0.05236564 0.06511550
v -0.01585731 0.05240022 0.06629609
v -0.01316844 0.05247272 0.06522919
v -0.01336393 0.05236564 0.06511550
v -0.01316844 0.05247272 0.06522919
v -0.01054432 0.05240968 0.06426137
v -0.00787116 0.05236887 0.06349761
v -0.01054432 0.05240968 0.06426137
v -0.00777251 0.05251690 0.06363165
v -0.00787116 0.05236887 0.06349761
v -0.00777251 0.05251690 0.06363165
v -0.00494967 0.05251394 0.06313183
v 0.00355414 0.05251358 0.06296855
v 0.00644530 0.05247839 0.06335823
v 0.00347793 0.05236890 0.06281065
v 0.00355414 0.05251358 0.06296855
v 0.00347793 0.05236890 0.06281065
v 0.00068891 0.05238877 0.06268745
v -0.01336393 0.05236564 0.06511550
v -0.01069485 0.05236342 0.06410962
v -0.01330935 0.05242561 0.06487927
v -0.01336393 0.05236564 0.06511550
v -0.01330935 0.05242561 0.06487927
v -0.01589861 0.05242857 0.06598624
v -0.02097006 0.05236341 0.06906172
v -0.01848952 0.05242562 0.06735096
v -0.02096433 0.05247930 0.06887272
v -0.02097006 0.05236341 0.06906172
v -0.02096433 0.05247930 0.06887272
v -0.02322484 0.05242566 0.07059288
v 0.01184522 0.05251755 0.06476563
v 0.01452151 0.05251384 0.06579648
v 0.01187678 0.05238878 0.06465280
v 0.01184522 0.05251755 0.06476563
v 0.01187678 0.05238878 0.06465280
v 0.00920215 0.05247802 0.06396095
v 0.00644530 0.05247839 0.06335823
v 0.00920215 0.05247802 0.06396095
v 0.00629220 0.05236565 0.06314701
v 0.00644530 0.05247839 0.06335823
v 0.00629220 0.05236565 0.06314701
v 0.00347793 0.05236890 0.06281065
v 0.00068891 0.05238877 0.06268745
v 0.00347793 0.05236890 0.06281065
v 0.00064756 0.05237120 0.06251307
v 0.00068891 0.05238877 0.06268745
v 0.00064756 0.05237120 0.06251307
v -0.00222007 0.05236862 0.06259422
v -0.00506237 0.05236891 0.06299578
v -0.00222007 0.05236862 0.06259422
v -0.00498162 0.05242553 0.06274148
v -0.00498162 0.05242553 0.06274148
v 0.00347793 0.05236890 0.06281065
v 0.00629220 0.05236565 0.06314701
v 0.00361535 0.05242554 0.06258188
v 0.00347793 0.05236890 0.06281065
v 0.00361535 0.05242554 0.06258188
v 0.00064756 0.05237120 0.06251307
v -0.00222007 0.05236862 0.06259422
v 0.00064756 0.05237120 0.06251307
v -0.00216356 0.05246275 0.06244430
v -0.00222007 0.05236862 0.06259422
v -0.00216356 0.05246275 0.06244430
v -0.00498162 0.05242553 0.06274148
v 0.00074360 0.05247883 0.06238172
v -0.00216356 0.05246275 0.06244430
v 0.00064756 0.05237120 0.06251307
v 0.00074360 0.05247883 0.06238172
v 0.00064756 0.05237120 0.06251307
v 0.00361535 0.05242554 0.06258188
v 0.02805822 0.05253656 0.07588082
v 0.02982099 0.05252951 0.07815141
v 0.02812431 0.05239652 0.07580198
v 0.02805822 0.05253656 0.07588082
v 0.02812431 0.05239652 0.07580198
v 0.02614382 0.05247897 0.07375364
v 0.02189464 0.05247570 0.07004325
v 0.02413461 0.05239641 0.07173979
v 0.02106513 0.05236504 0.06918519
v 0.02189464 0.05247570 0.07004325
v 0.02106513 0.05236504 0.06918519
v 0.01956841 0.05240967 0.06836327
v 0.01956841 0.05240967 0.06836327
v 0.02106513 0.05236504 0.06918519
v 0.01703976 0.05235854 0.06673976
v 0.02622069 0.05236565 0.07357183
v 0.02413461 0.05239641 0.07173979
v 0.02614382 0.05247897 0.07375364
v 0.02622069 0.05236565 0.07357183
v 0.02614382 0.05247897 0.07375364
v 0.02812431 0.05239652 0.07580198
v 0.03273379 0.05253552 0.08298515
v 0.03393284 0.05247588 0.08558450
v 0.03280915 0.05240975 0.08294390
v 0.03273379 0.05253552 0.08298515
v 0.03280915 0.05240975 0.08294390
v 0.03140931 0.05247775 0.08055136
v 0.02413461 0.05239641 0.07173979
v 0.02622069 0.05236565 0.07357183
v 0.02422924 0.05237117 0.07156755
v 0.02413461 0.05239641 0.07173979
v 0.02422924 0.05237117 0.07156755
v 0.02106513 0.05236504 0.06918519
v 0.02106513 0.05236504 0.06918519
v 0.01982170 0.05242862 0.06815098
v 0.01703976 0.05235854 0.06673976
v 0.01188950 0.05237119 0.06447384
v 0.01469522 0.05242560 0.06544550
v 0.01202179 0.05247865 0.06437824
v 0.01188950 0.05237119 0.06447384
v 0.01202179 0.05247865 0.06437824
v 0.00923353 0.05246273 0.06355000
v 0.02822578 0.05236863 0.07565479
v 0.02622069 0.05236565 0.07357183
v 0.02812431 0.05239652 0.07580198
v 0.02822578 0.05236863 0.07565479
v 0.02812431 0.05239652 0.07580198
v 0.02987123 0.05239645 0.07805229
v 0.03147852 0.05236566 0.08031573
v 0.02987123 0.05239645 0.07805229
v 0.03140931 0.05247775 0.08055136
v 0.03147852 0.05236566 0.08031573
v 0.03140931 0.05247775 0.08055136
v 0.03280915 0.05240975 0.08294390
v 0.03497375 0.05239648 0.08819368
v 0.03393284 0.05247588 0.08558450
v 0.03489478 0.05253442 0.08827673
v 0.03497375 0.05239648 0.08819368
v 0.03489478 0.05253442 0.08827673
v 0.03564765 0.05251639 0.09097271
v 0.02650189 0.05242867 0.07356505
v 0.02422924 0.05237117 0.07156755
v 0.02622069 0.05236565 0.07357183
v 0.02650189 0.05242867 0.07356505
v 0.02622069 0.05236565 0.07357183
v 0.02822578 0.05236863 0.07565479
v 0.02998394 0.05236863 0.07791374
v 0.02822578 0.05236863 0.07565479
v 0.02987123 0.05239645 0.07805229
v 0.02998394 0.05236863 0.07791374
v 0.02987123 0.05239645 0.07805229
v 0.03147852 0.05236566 0.08031573
v 0.03574394 0.05314764 0.10744650
v 0.03564772 0.05251381 0.10790620
v 0.03640821 0.05314764 0.10346576
v 0.03640821 0.05314764 0.10346576
v 0.03564772 0.05251381 0.10790620
v 0.03619550 0.05247814 0.10518573
v 0.03464578 0.05314764 0.11133005
v 0.03489366 0.05251702 0.11060726
v 0.03574394 0.05314764 0.10744650
v 0.03574394 0.05314764 0.10744650
v 0.03489366 0.05251702 0.11060726
v 0.03564772 0.05251381 0.10790620
v 0.03489366 0.05251702 0.11060726
v 0.03464578 0.05314764 0.11133005
v 0.03391245 0.05253302 0.11329822
v 0.03391245 0.05253302 0.11329822
v 0.03464578 0.05314764 0.11133005
v 0.03312708 0.05314764 0.11506911
v 0.03391245 0.05253302 0.11329822
v 0.03312708 0.05314764 0.11506911
v 0.03272281 0.05251613 0.11591739
v 0.03120626 0.05314764 0.11861856
v 0.03137038 0.05253409 0.11835886
v 0.03312708 0.05314764 0.11506911
v 0.03312708 0.05314764 0.11506911
v 0.03137038 0.05253409 0.11835886
v 0.03272281 0.05251613 0.11591739
v 0.03137038 0.05253409 0.11835886
v 0.03120626 0.05314764 0.11861856
v 0.02980297 0.05253259 0.12074353
v 0.02980297 0.05253259 0.12074353
v 0.03120626 0.05314764 0.11861856
v 0.02890663 0.05314764 0.12193501
v 0.02980297 0.05253259 0.12074353
v 0.02890663 0.05314764 0.12193501
v 0.02802131 0.05247841 0.12305720
v 0.02328688 0.05314763 0.12771174
v 0.02412656 0.05248021 0.12702105
v 0.02625611 0.05314764 0.12497858
v 0.02412656 0.05248021 0.12702105
v 0.02614489 0.05253259 0.12510068
v 0.02625611 0.05314764 0.12497858
v 0.02625611 0.05314764 0.12497858
v 0.02614489 0.05253259 0.12510068
v 0.02890663 0.05314764 0.12193501
v 0.02890663 0.05314764 0.12193501
v 0.02614489 0.05253259 0.12510068
v 0.02802131 0.05247841 0.12305720
v 0.02412656 0.05248021 0.12702105
v 0.02328688 0.05314763 0.12771174
v 0.02187781 0.05247580 0.12884133
v 0.02187781 0.05247580 0.12884133
v 0.02328688 0.05314763 0.12771174
v 0.02003497 0.05314763 0.13010201
v 0.02187781 0.05247580 0.12884133
v 0.02003497 0.05314763 0.13010201
v 0.01951231 0.05253455 0.13044331
v 0.01653988 0.05314763 0.13211988
v 0.01708250 0.05253487 0.13184498
v 0.02003497 0.05314763 0.13010201
v 0.02003497 0.05314763 0.13010201
v 0.01708250 0.05253487 0.13184498
v 0.01951231 0.05253455 0.13044331
v 0.01708250 0.05253487 0.13184498
v 0.01653988 0.05314763 0.13211988
v 0.01450728 0.05247585 0.13309386
v 0.01450728 0.05247585 0.13309386
v 0.01653988 0.05314763 0.13211988
v 0.01284400 0.05314763 0.13374116
v 0.01450728 0.05247585 0.13309386
v 0.01284400 0.05314763 0.13374116
v 0.01179032 0.05247852 0.13413665
v 0.00899222 0.05314763 0.13494585
v 0.00916941 0.05247876 0.13491875
v 0.01284400 0.05314763 0.13374116
v 0.01284400 0.05314763 0.13374116
v 0.00916941 0.05247876 0.13491875
v 0.01179032 0.05247852 0.13413665
v 0.00916941 0.05247876 0.13491875
v 0.00899222 0.05314763 0.13494585
v 0.00638804 0.05249926 0.13551684
v 0.00638804 0.05249926 0.13551684
v 0.00899222 0.05314763 0.13494585
v 0.00503128 0.05314763 0.13571944
v -0.00302499 0.05314763 0.13594153
v -0.00209117 0.05248005 0.13602364
v 0.00100927 0.05314763 0.13605273
v -0.00209117 0.05248005 0.13602364
v 0.00068532 0.05251453 0.13606943
v 0.00100927 0.05314763 0.13605273
v 0.00100927 0.05314763 0.13605273
v 0.00068532 0.05251453 0.13606943
v 0.00503128 0.05314763 0.13571944
v 0.00503128 0.05314763 0.13571944
v 0.00068532 0.05251453 0.13606943
v 0.00351501 0.05247276 0.13592104
v 0.00503128 0.05314763 0.13571944
v 0.00351501 0.05247276 0.13592104
v 0.00638804 0.05249926 0.13551684
v -0.00209117 0.05248005 0.13602364
v -0.00302499 0.05314763 0.13594153
v -0.00497073 0.05247588 0.13574854
v -0.00497073 0.05247588 0.13574854
v -0.00302499 0.05314763 0.13594153
v -0.00702254 0.05314762 0.13538725
v -0.00497073 0.05247588 0.13574854
v -0.00702254 0.05314762 0.13538725
v -0.00779605 0.05251589 0.13523614
v -0.01093484 0.05314762 0.13439655
v -0.01049896 0.05253465 0.13453505
v -0.00702254 0.05314762 0.13538725
v -0.00702254 0.05314762 0.13538725
v -0.01049896 0.05253465 0.13453505
v -0.00779605 0.05251589 0.13523614
v -0.01471441 0.05314762 0.13298136
v -0.01586340 0.05249726 0.13246788
v -0.01320398 0.05251379 0.13361446
v -0.01471441 0.05314762 0.13298136
v -0.01320398 0.05251379 0.13361446
v -0.01093484 0.05314762 0.13439655
v -0.01093484 0.05314762 0.13439655
v -0.01320398 0.05251379 0.13361446
v -0.01049896 0.05253465 0.13453505
v -0.01586340 0.05249726 0.13246788
v -0.01471441 0.05314762 0.13298136
v -0.01834637 0.05247433 0.13116640
v -0.01834637 0.05247433 0.13116640
v -0.01471441 0.05314762 0.13298136
v -0.01831536 0.05314762 0.13115900
v -0.01834637 0.05247433 0.13116640
v -0.01831536 0.05314762 0.13115900
v -0.02070927 0.05251765 0.12965981
v -0.02070927 0.05251765 0.12965981
v -0.01831536 0.05314762 0.13115900
v -0.02169400 0.05314762 0.12895162
v -0.02762344 0.05314762 0.12349330
v -0.02711325 0.05247975 0.12409208
v -0.02480930 0.05314762 0.12638616
v -0.02711325 0.05247975 0.12409208
v -0.02514670 0.05253116 0.12608046
v -0.02480930 0.05314762 0.12638616
v -0.02480930 0.05314762 0.12638616
v -0.02514670 0.05253116 0.12608046
v -0.02169400 0.05314762 0.12895162
v -0.02169400 0.05314762 0.12895162
v -0.02514670 0.05253116 0.12608046
v -0.02304011 0.05247277 0.12794343
v -0.02169400 0.05314762 0.12895162
v -0.02304011 0.05247277 0.12794343
v -0.02070927 0.05251765 0.12965981
v -0.02711325 0.05247975 0.12409208
v -0.02762344 0.05314762 0.12349330
v -0.02896560 0.05251389 0.12187482
v -0.02896560 0.05251389 0.12187482
v -0.02762344 0.05314762 0.12349330
v -0.03010228 0.05314762 0.12030853
v -0.02896560 0.05251389 0.12187482
v -0.03010228 0.05314762 0.12030853
v -0.03063483 0.05251599 0.11953414
v -0.03221571 0.05314762 0.11687038
v -0.03207322 0.05251586 0.11714817
v -0.03010228 0.05314762 0.12030853
v -0.03010228 0.05314762 0.12030853
v -0.03207322 0.05251586 0.11714817
v -0.03063483 0.05251599 0.11953414
v -0.03207322 0.05251586 0.11714817
v -0.03221571 0.05314762 0.11687038
v -0.03336418 0.05249471 0.11459201
v -0.03336418 0.05249471 0.11459201
v -0.03221571 0.05314762 0.11687038
v -0.03393809 0.05314762 0.11322053
v -0.03336418 0.05249471 0.11459201
v -0.03393809 0.05314762 0.11322053
v -0.03446713 0.05247840 0.11189304
v -0.03613106 0.05314761 0.10546523
v -0.03594825 0.05251744 0.10651271
v -0.03524851 0.05314761 0.10940338
v -0.03594825 0.05251744 0.10651271
v -0.03532334 0.05247806 0.10920468
v -0.03524851 0.05314761 0.10940338
v -0.03524851 0.05314761 0.10940338
v -0.03532334 0.05247806 0.10920468
v -0.03393809 0.05314762 0.11322053
v -0.03393809 0.05314762 0.11322053
v -0.03532334 0.05247806 0.10920468
v -0.03446713 0.05247840 0.11189304
v -0.03594825 0.05251744 0.10651271
v -0.03613106 0.05314761 0.10546523
v -0.03640470 0.05247577 0.10368035
v -0.03640470 0.05247577 0.10368035
v -0.03613106 0.05314761 0.10546523
v -0.03657503 0.05314761 0.10145398
v -0.03640470 0.05247577 0.10368035
v -0.03657503 0.05314761 0.10145398
v -0.03662379 0.05247868 0.10078819
v -0.03657503 0.05314761 0.09741811
v -0.03660833 0.05253478 0.09802530
v -0.03657503 0.05314761 0.10145398
v -0.03657503 0.05314761 0.10145398
v -0.03660833 0.05253478 0.09802530
v -0.03662379 0.05247868 0.10078819
v -0.03660833 0.05253478 0.09802530
v -0.03657503 0.05314761 0.09741811
v -0.03640227 0.05247577 0.09517095
v -0.03640227 0.05247577 0.09517095
v -0.03657503 0.05314761 0.09741811
v -0.03613106 0.05314761 0.09340693
v -0.03640227 0.05247577 0.09517095
v -0.03613106 0.05314761 0.09340693
v -0.03594378 0.05251602 0.09233166
v -0.03524851 0.05314761 0.08946875
v -0.03531366 0.05247886 0.08963599
v -0.03613106 0.05314761 0.09340693
v -0.03613106 0.05314761 0.09340693
v -0.03531366 0.05247886 0.08963599
v -0.03594378 0.05251602 0.09233166
v -0.03531366 0.05247886 0.08963599
v -0.03524851 0.05314761 0.08946875
v -0.03442860 0.05253635 0.08691431
v -0.03442860 0.05253635 0.08691431
v -0.03524851 0.05314761 0.08946875
v -0.03393809 0.05314761 0.08565166
v -0.03010228 0.05314761 0.07856361
v -0.03061990 0.05251721 0.07931678
v -0.03221571 0.05314761 0.08200180
v -0.03061990 0.05251721 0.07931678
v -0.03206810 0.05251431 0.08171253
v -0.03221571 0.05314761 0.08200180
v -0.03221571 0.05314761 0.08200180
v -0.03206810 0.05251431 0.08171253
v -0.03393809 0.05314761 0.08565166
v -0.03393809 0.05314761 0.08565166
v -0.03206810 0.05251431 0.08171253
v -0.03334372 0.05252938 0.08425269
v -0.03393809 0.05314761 0.08565166
v -0.03334372 0.05252938 0.08425269
v -0.03442860 0.05253635 0.08691431
v -0.03061990 0.05251721 0.07931678
v -0.03010228 0.05314761 0.07856361
v -0.02896241 0.05247578 0.07697518
v -0.02896241 0.05247578 0.07697518
v -0.03010228 0.05314761 0.07856361
v -0.02762344 0.05314762 0.07537884
v -0.02896241 0.05247578 0.07697518
v -0.02762344 0.05314762 0.07537884
v -0.02710596 0.05251612 0.07478475
v -0.02480930 0.05314762 0.07248606
v -0.02516226 0.05249807 0.07279874
v -0.02762344 0.05314762 0.07537884
v -0.02762344 0.05314762 0.07537884
v -0.02516226 0.05249807 0.07279874
v -0.02710596 0.05251612 0.07478475
v -0.02169400 0.05314762 0.06992042
v -0.02069368 0.05253441 0.06920421
v -0.02300238 0.05247582 0.07090185
v -0.02169400 0.05314762 0.06992042
v -0.02300238 0.05247582 0.07090185
v -0.02480930 0.05314762 0.07248606
v -0.02480930 0.05314762 0.07248606
v -0.02300238 0.05247582 0.07090185
v -0.02516226 0.05249807 0.07279874
v -0.02069368 0.05253441 0.06920421
v -0.02169400 0.05314762 0.06992042
v -0.01831201 0.05252994 0.06770319
v -0.01831201 0.05252994 0.06770319
v -0.02169400 0.05314762 0.06992042
v -0.01831536 0.05314762 0.06771305
v -0.01831201 0.05252994 0.06770319
v -0.01831536 0.05314762 0.06771305
v -0.01581985 0.05251769 0.06638948
v -0.01581985 0.05251769 0.06638948
v -0.01831536 0.05314762 0.06771305
v -0.01471441 0.05314762 0.06589081
v -0.00702254 0.05314762 0.06348495
v -0.00777251 0.05251690 0.06363165
v -0.01093484 0.05314762 0.06447566
v -0.00777251 0.05251690 0.06363165
v -0.01050166 0.05253145 0.06433640
v -0.01093484 0.05314762 0.06447566
v -0.01093484 0.05314762 0.06447566
v -0.01050166 0.05253145 0.06433640
v -0.01471441 0.05314762 0.06589081
v -0.01471441 0.05314762 0.06589081
v -0.01050166 0.05253145 0.06433640
v -0.01316844 0.05247272 0.06522919
v -0.01471441 0.05314762 0.06589081
v -0.01316844 0.05247272 0.06522919
v -0.01581985 0.05251769 0.06638948
v -0.00777251 0.05251690 0.06363165
v -0.00702254 0.05314762 0.06348495
v -0.00494967 0.05251394 0.06313183
v -0.00494967 0.05251394 0.06313183
v -0.00702254 0.05314762 0.06348495
v -0.00302499 0.05314762 0.06293064
v -0.00494967 0.05251394 0.06313183
v -0.00302499 0.05314762 0.06293064
v -0.00210049 0.05253424 0.06286047
v 0.00100927 0.05314762 0.06281943
v 0.00069766 0.05251587 0.06280387
v -0.00302499 0.05314762 0.06293064
v -0.00302499 0.05314762 0.06293064
v 0.00069766 0.05251587 0.06280387
v -0.00210049 0.05253424 0.06286047
v 0.00069766 0.05251587 0.06280387
v 0.00100927 0.05314762 0.06281943
v 0.00355414 0.05251358 0.06296855
v 0.00355414 0.05251358 0.06296855
v 0.00100927 0.05314762 0.06281943
v 0.00503128 0.05314763 0.06315268
v 0.00355414 0.05251358 0.06296855
v 0.00503128 0.05314763 0.06315268
v 0.00644530 0.05247839 0.06335823
v 0.01284400 0.05314763 0.06513105
v 0.01184522 0.05251755 0.06476563
v 0.00899222 0.05314763 0.06392635
v 0.01184522 0.05251755 0.06476563
v 0.00920215 0.05247802 0.06396095
v 0.00899222 0.05314763 0.06392635
v 0.00899222 0.05314763 0.06392635
v 0.00920215 0.05247802 0.06396095
v 0.00503128 0.05314763 0.06315268
v 0.00503128 0.05314763 0.06315268
v 0.00920215 0.05247802 0.06396095
v 0.00644530 0.05247839 0.06335823
v 0.01184522 0.05251755 0.06476563
v 0.01284400 0.05314763 0.06513105
v 0.01452151 0.05251384 0.06579648
v 0.01452151 0.05251384 0.06579648
v 0.01284400 0.05314763 0.06513105
v 0.01653988 0.05314763 0.06675225
v 0.01452151 0.05251384 0.06579648
v 0.01653988 0.05314763 0.06675225
v 0.01714074 0.05247879 0.06704297
v 0.02003497 0.05314763 0.06877016
v 0.01952596 0.05253493 0.06843787
v 0.01653988 0.05314763 0.06675225
v 0.01653988 0.05314763 0.06675225
v 0.01952596 0.05253493 0.06843787
v 0.01714074 0.05247879 0.06704297
v 0.01952596 0.05253493 0.06843787
v 0.02003497 0.05314763 0.06877016
v 0.02189464 0.05247570 0.07004325
v 0.02189464 0.05247570 0.07004325
v 0.02003497 0.05314763 0.06877016
v 0.02328688 0.05314763 0.07116027
v 0.02189464 0.05247570 0.07004325
v 0.02328688 0.05314763 0.07116027
v 0.02411273 0.05253430 0.07185421
v 0.02625611 0.05314763 0.07389363
v 0.02614382 0.05247897 0.07375364
v 0.02328688 0.05314763 0.07116027
v 0.02328688 0.05314763 0.07116027
v 0.02614382 0.05247897 0.07375364
v 0.02411273 0.05253430 0.07185421
v 0.02614382 0.05247897 0.07375364
v 0.02625611 0.05314763 0.07389363
v 0.02805822 0.05253656 0.07588082
v 0.02805822 0.05253656 0.07588082
v 0.02625611 0.05314763 0.07389363
v 0.02890663 0.05314763 0.07693705
v 0.03312708 0.05314764 0.08380293
v 0.03273379 0.05253552 0.08298515
v 0.03120626 0.05314763 0.08025365
v 0.03273379 0.05253552 0.08298515
v 0.03140931 0.05247775 0.08055136
v 0.03120626 0.05314763 0.08025365
v 0.03120626 0.05314763 0.08025365
v 0.03140931 0.05247775 0.08055136
v 0.02890663 0.05314763 0.07693705
v 0.02890663 0.05314763 0.07693705
v 0.03140931 0.05247775 0.08055136
v 0.02982099 0.05252951 0.07815141
v 0.02890663 0.05314763 0.07693705
v 0.02982099 0.05252951 0.07815141
v 0.02805822 0.05253656 0.07588082
v 0.03273379 0.05253552 0.08298515
v 0.03312708 0.05314764 0.08380293
v 0.03393284 0.05247588 0.08558450
v 0.03393284 0.05247588 0.08558450
v 0.03312708 0.05314764 0.08380293
v 0.03464578 0.05314764 0.08754214
v 0.03393284 0.05247588 0.08558450
v 0.03464578 0.05314764 0.08754214
v 0.03489478 0.05253442 0.08827673
v 0.03574394 0.05314764 0.09142563
v 0.03564765 0.05251639 0.09097271
v 0.03464578 0.05314764 0.08754214
v 0.03464578 0.05314764 0.08754214
v 0.03564765 0.05251639 0.09097271
v 0.03489478 0.05253442 0.08827673
v 0.03564765 0.05251639 0.09097271
v 0.03574394 0.05314764 0.09142563
v 0.03621257 0.05247574 0.09378279
v 0.03621257 0.05247574 0.09378279
v 0.03574394 0.05314764 0.09142563
v 0.03640821 0.05314764 0.09540642
v 0.03621257 0.05247574 0.09378279
v 0.03640821 0.05314764 0.09540642
v 0.03654478 0.05247859 0.09667619
v 0.03640821 0.05314764 0.10346576
v 0.03619550 0.05247814 0.10518573
v 0.03654036 0.05247549 0.10228677
v 0.03640821 0.05314764 0.10346576
v 0.03654036 0.05247549 0.10228677
v 0.03663054 0.05314764 0.09943602
v 0.03663054 0.05314764 0.09943602
v 0.03654036 0.05247549 0.10228677
v 0.03664115 0.05251180 0.09944869
v 0.03663054 0.05314764 0.09943602
v 0.03664115 0.05251180 0.09944869
v 0.03640821 0.05314764 0.09540642
v 0.03640821 0.05314764 0.09540642
v 0.03664115 0.05251180 0.09944869
v 0.03654478 0.05247859 0.09667619
vn -0.00027332 -0.99999789 -0.00203747
vn -0.00039804 -0.99999923 -0.00117769
vn -0.00001639 -1.00000000 0.00000129
vn -0.00026798 -0.99999787 0.00204548
vn -0.00001751 -1.00000000 0.00000679
vn -0.00001710 -1.00000000 0.00000725
vn -0.00001401 -1.00000000 0.00002322
vn -0.00408355 -0.99997383 -0.00597241
vn -0.00408355 -0.99997383 -0.00597241
vn 0.00012851 -0.99997994 -0.00633226
vn -0.00087970 -0.99997662 0.00678109
vn 0.00302337 -0.99997454 0.00646343
vn 0.00302337 -0.99997454 0.00646343
vn -0.00001869 -1.00000000 0.00000366
vn -0.00001784 -1.00000000 0.00000886
vn -0.00001357 -1.00000000 0.00001310
vn -0.00001217 -1.00000000 0.00001443
vn -0.00001305 -1.00000000 0.00001333
vn -0.00000407 -1.00000000 0.00001939
vn -0.00000386 -1.00000000 0.00002011
vn -0.00000901 -1.00000000 0.00001544
vn -0.00000448 -1.00000000 0.00001761
vn -0.00001622 -1.00000000 0.00001379
vn -0.00001098 -1.00000000 0.00001680
vn -0.00000368 -1.00000000 0.00001900
vn 0.00000163 -1.00000000 0.00001937
vn 0.00000222 -1.00000000 0.00001927
vn -0.00000339 -1.00000000 0.00001909
vn -0.00000134 -1.00000000 0.00001948
vn 0.00000121 -1.00000000 0.00001856
vn 0.00001117 -1.00000000 0.00001507
vn 0.00000868 -1.00000000 0.00001635
vn 0.00000729 -1.00000000 0.00001665
vn 0.00001312 -1.00000000 0.00001382
vn 0.00001075 -1.00000000 0.00001537
vn 0.00001140 -1.00000000 0.00001531
vn 0.00001288 -1.00000000 0.00001410
vn 0.00001328 -1.00000000 0.00001367
vn 0.00001316 -1.00000000 0.00001371
vn 0.00345859 -0.99997445 -0.00625631
vn 0.00345859 -0.99997445 -0.00625631
vn 0.00001819 -1.00000000 0.00000602
vn 0.00001555 -1.00000000 0.00001004
vn -0.00133728 -0.99997374 0.00712209
vn -0.00133728 -0.99997374 0.00712209
vn 0.00243657 -0.99997447 -0.00671756
vn 0.00243657 -0.99997447 -0.00671756
vn -0.00243402 -0.99997376 0.00682314
vn -0.00243402 -0.99997376 0.00682314
vn 0.00001884 -1.00000000 -0.00000083
vn 0.00001887 -1.00000000 -0.00000011
vn -0.00020668 -0.99997374 0.00724387
vn -0.00020668 -0.99997374 0.00724387
vn 0.00135601 -0.99997445 -0.00701885
vn 0.00135601 -0.99997445 -0.00701885
vn 0.00001871 -1.00000000 -0.00000388
vn 0.00001841 -1.00000000 -0.00000510
vn 0.00001854 -1.00000000 -0.00000364
vn 0.00001689 -1.00000000 -0.00000941
vn 0.00001583 -1.00000000 -0.00001103
vn 0.00001766 -1.00000000 -0.00000651
vn 0.00001474 -1.00000000 -0.00001247
vn 0.00001392 -1.00000000 -0.00001348
vn 0.00001583 -1.00000000 -0.00001050
vn 0.00000878 -1.00000000 -0.00001657
vn 0.00000768 -1.00000000 -0.00001730
vn 0.00650368 -0.99997880 0.00031395
vn 0.00572250 -0.99997389 0.00441290
vn 0.00572250 -0.99997389 0.00441290
vn -0.00485942 -0.99997467 -0.00519991
vn -0.00485942 -0.99997467 -0.00519991
vn 0.00000328 -1.00000000 -0.00001825
vn 0.00000990 -1.00000000 -0.00001620
vn 0.00000805 -1.00000000 -0.00001686
vn -0.00000631 -1.00000000 -0.00002009
vn 0.00000379 -1.00000000 -0.00001816
vn 0.00000343 -1.00000000 -0.00001910
vn 0.00000673 -1.00000000 -0.00001999
vn 0.00000138 -1.00000000 -0.00001931
vn 0.00722763 -0.99997381 -0.00036225
vn 0.00722763 -0.99997381 -0.00036225
vn -0.00698739 -0.99997541 0.00059112
vn -0.00709501 -0.99997451 -0.00080052
vn -0.00709501 -0.99997451 -0.00080052
vn -0.00687977 -0.99997437 0.00198237
vn -0.00687977 -0.99997437 0.00198237
vn -0.00000400 -1.00000000 -0.00001733
vn 0.00000405 -1.00000000 -0.00001900
vn -0.00001461 -1.00000000 -0.00001221
vn -0.00001210 -1.00000000 -0.00001346
vn -0.00000793 -1.00000000 -0.00001584
vn 0.00656075 -0.99997364 -0.00310911
vn 0.00656075 -0.99997364 -0.00310911
vn -0.00001263 -1.00000000 -0.00001358
vn -0.00001251 -1.00000000 -0.00001362
vn -0.00001247 -1.00000000 -0.00001373
vn -0.00001754 -1.00000000 -0.00000593
vn -0.00001490 -1.00000000 -0.00000995
vn -0.00001223 -1.00000000 -0.00001401
vn -0.00001719 -1.00000000 -0.00000616
vn -0.00001664 -1.00000000 -0.00000818
vn 0.00243718 -0.99997370 -0.00683019
vn 0.00243718 -0.99997370 -0.00683019
vn -0.00346217 -0.99997439 0.00626422
vn -0.00346217 -0.99997439 0.00626422
vn -0.00014582 -0.99999931 0.00116449
vn -0.00001686 -1.00000000 -0.00000880
vn 0.46839444 -0.87540361 -0.11947872
vn 0.46839444 -0.87540361 -0.11947872
vn 0.46839444 -0.87540361 -0.11947872
vn 0.21262147 -0.97456963 -0.07075409
vn 0.21262147 -0.97456963 -0.07075409
vn 0.21262147 -0.97456963 -0.07075409
vn 0.34756493 -0.92610183 -0.14674476
vn 0.34756493 -0.92610183 -0.14674476
vn 0.34756493 -0.92610183 -0.14674476
vn 0.40843155 -0.88691653 -0.21578403
vn 0.40843155 -0.88691653 -0.21578403
vn 0.40843155 -0.88691653 -0.21578403
vn 0.19062001 -0.97446398 -0.11867583
vn 0.19062001 -0.97446398 -0.11867583
vn 0.19062001 -0.97446398 -0.11867583
vn 0.31160483 -0.92217634 -0.22911402
vn 0.31160483 -0.92217634 -0.22911402
vn 0.31160483 -0.92217634 -0.22911402
vn 0.27305677 -0.87997912 -0.38868593
vn 0.27305677 -0.87997912 -0.38868593
vn 0.27305677 -0.87997912 -0.38868593
vn 0.11682874 -0.97407324 -0.19373275
vn 0.11682874 -0.97407324 -0.19373275
vn 0.11682874 -0.97407324 -0.19373275
vn 0.17140217 -0.92406309 -0.34165583
vn 0.17140217 -0.92406309 -0.34165583
vn 0.17140217 -0.92406309 -0.34165583
vn -0.19039743 -0.87425963 -0.44656346
vn -0.19039743 -0.87425963 -0.44656346
vn -0.19039743 -0.87425963 -0.44656346
vn -0.10295632 -0.97466624 -0.19855910
vn -0.10295632 -0.97466624 -0.19855910
vn -0.10295632 -0.97466624 -0.19855910
vn -0.20329211 -0.92271220 -0.32752788
vn -0.20329211 -0.92271220 -0.32752788
vn -0.20329211 -0.92271220 -0.32752788
vn -0.07311630 -0.99050307 -0.11643743
vn -0.07311630 -0.99050307 -0.11643743
vn -0.07311630 -0.99050307 -0.11643743
vn -0.09505968 -0.98940673 -0.10971770
vn -0.09505968 -0.98940673 -0.10971770
vn -0.09505968 -0.98940673 -0.10971770
vn -0.27362887 -0.92303299 -0.27043915
vn -0.27362887 -0.92303299 -0.27043915
vn -0.27362887 -0.92303299 -0.27043915
vn -0.51843846 -0.74545935 -0.41894144
vn -0.51843846 -0.74545935 -0.41894144
vn -0.51843846 -0.74545935 -0.41894144
vn -0.46885018 -0.86308053 -0.18780708
vn -0.46885018 -0.86308053 -0.18780708
vn -0.46885018 -0.86308053 -0.18780708
vn -0.21585655 -0.97402273 -0.06845192
vn -0.21585655 -0.97402273 -0.06845192
vn -0.21585655 -0.97402273 -0.06845192
vn -0.37308280 -0.92369667 -0.08714171
vn -0.37308280 -0.92369667 -0.08714171
vn -0.37308280 -0.92369667 -0.08714171
vn -0.53569972 -0.84314140 0.04624270
vn -0.53569972 -0.84314140 0.04624270
vn -0.53569972 -0.84314140 0.04624270
vn -0.22295209 -0.97412944 0.03693500
vn -0.22295209 -0.97412944 0.03693500
vn -0.22295209 -0.97412944 0.03693500
vn -0.37070852 -0.92423444 0.09146522
vn -0.37070852 -0.92423444 0.09146522
vn -0.37070852 -0.92423444 0.09146522
vn -0.42791501 -0.89200044 0.14568448
vn -0.42791501 -0.89200044 0.14568448
vn -0.42791501 -0.89200044 0.14568448
vn -0.20499177 -0.97492369 0.08661512
vn -0.20499177 -0.97492369 0.08661512
vn -0.20499177 -0.97492369 0.08661512
vn -0.35699362 -0.91533377 0.18633210
vn -0.35699362 -0.91533377 0.18633210
vn -0.35699362 -0.91533377 0.18633210
vn -0.33010457 -0.88032443 0.34067561
vn -0.33010457 -0.88032443 0.34067561
vn -0.33010457 -0.88032443 0.34067561
vn -0.14598070 -0.97397620 0.17337818
vn -0.14598070 -0.97397620 0.17337818
vn -0.14598070 -0.97397620 0.17337818
vn -0.22411387 -0.92314412 0.31237462
vn -0.22411387 -0.92314412 0.31237462
vn -0.22411387 -0.92314412 0.31237462
vn 0.07346620 -0.65173826 0.75487744
vn 0.07346620 -0.65173826 0.75487744
vn 0.07346620 -0.65173826 0.75487744
vn 0.35030770 -0.76568724 0.53945117
vn 0.35030770 -0.76568724 0.53945117
vn 0.35030770 -0.76568724 0.53945117
vn 0.72335261 0.37960597 0.57676712
vn 0.72335261 0.37960597 0.57676712
vn 0.72335261 0.37960597 0.57676712
vn 0.21576649 -0.96415550 0.15443117
vn 0.21576649 -0.96415550 0.15443117
vn 0.21576649 -0.96415550 0.15443117
vn 0.50476238 -0.86259831 0.03375046
vn 0.50476238 -0.86259831 0.03375046
vn 0.50476238 -0.86259831 0.03375046
vn 0.22615565 -0.97408986 -0.00160253
vn 0.22615565 -0.97408986 -0.00160253
vn 0.22615565 -0.97408986 -0.00160253
vn 0.38245739 -0.92338980 -0.03282713
vn 0.38245739 -0.92338980 -0.03282713
vn 0.38245739 -0.92338980 -0.03282713
vn 0.48274299 -0.87460825 -0.04493998
vn 0.48274299 -0.87460825 -0.04493998
vn 0.48274299 -0.87460825 -0.04493998
vn 0.22295038 -0.97412973 -0.03693774
vn 0.22295038 -0.97412973 -0.03693774
vn 0.22295038 -0.97412973 -0.03693774
vn 0.37315948 -0.92315618 -0.09238330
vn 0.37315948 -0.92315618 -0.09238330
vn 0.37315948 -0.92315618 -0.09238330
vn 0.18755267 -0.75038201 -0.63383817
vn 0.18755267 -0.75038201 -0.63383817
vn 0.18755267 -0.75038201 -0.63383817
vn -0.12108853 -0.74914223 -0.65124764
vn -0.12108853 -0.74914223 -0.65124764
vn -0.12108853 -0.74914223 -0.65124764
vn -0.24498775 -0.95258733 -0.18043941
vn -0.24498775 -0.95258733 -0.18043941
vn -0.24498775 -0.95258733 -0.18043941
vn -0.37587059 -0.89856026 -0.22651877
vn -0.37587059 -0.89856026 -0.22651877
vn -0.37587059 -0.89856026 -0.22651877
vn -0.24109652 -0.83466381 0.49518562
vn -0.24109652 -0.83466381 0.49518562
vn -0.24109652 -0.83466381 0.49518562
vn -0.11384442 -0.95303717 0.28064142
vn -0.11384442 -0.95303717 0.28064142
vn -0.11384442 -0.95303717 0.28064142
vn -0.15928263 -0.84945577 0.50304467
vn -0.15928263 -0.84945577 0.50304467
vn -0.15928263 -0.84945577 0.50304467
vn -0.21543574 -0.67294892 0.70762080
vn -0.21543574 -0.67294892 0.70762080
vn -0.21543574 -0.67294892 0.70762080
vn -0.03453625 -0.75004500 0.66048448
vn -0.03453625 -0.75004500 0.66048448
vn -0.03453625 -0.75004500 0.66048448
vn 0.04464640 -0.95440694 0.29515095
vn 0.04464640 -0.95440694 0.29515095
vn 0.04464640 -0.95440694 0.29515095
vn 0.10607614 -0.89692689 0.42926682
vn 0.10607614 -0.89692689 0.42926682
vn 0.10607614 -0.89692689 0.42926682
vn 0.22018365 -0.75221390 0.62104220
vn 0.22018365 -0.75221390 0.62104220
vn 0.22018365 -0.75221390 0.62104220
vn 0.17409770 -0.95424994 0.24309881
vn 0.17409770 -0.95424994 0.24309881
vn 0.17409770 -0.95424994 0.24309881
vn 0.28943281 -0.89711687 0.33378132
vn 0.28943281 -0.89711687 0.33378132
vn 0.28943281 -0.89711687 0.33378132
vn 0.45233091 -0.73561884 0.50424367
vn 0.45233091 -0.73561884 0.50424367
vn 0.45233091 -0.73561884 0.50424367
vn 0.17913797 -0.97722187 0.11378488
vn 0.17913797 -0.97722187 0.11378488
vn 0.17913797 -0.97722187 0.11378488
vn 0.47861701 -0.84399225 0.24208023
vn 0.47861701 -0.84399225 0.24208023
vn 0.47861701 -0.84399225 0.24208023
vn 0.45039197 -0.87353548 -0.18461540
vn 0.45039197 -0.87353548 -0.18461540
vn 0.45039197 -0.87353548 -0.18461540
vn 0.44204030 -0.86560405 -0.23522329
vn 0.44204030 -0.86560405 -0.23522329
vn 0.44204030 -0.86560405 -0.23522329
vn 0.39498966 -0.87343934 -0.28475760
vn 0.39498966 -0.87343934 -0.28475760
vn 0.39498966 -0.87343934 -0.28475760
vn 0.37506896 -0.86801864 -0.32537197
vn 0.37506896 -0.86801864 -0.32537197
vn 0.37506896 -0.86801864 -0.32537197
vn 0.36913610 -0.87273318 -0.31949231
vn 0.36913610 -0.87273318 -0.31949231
vn 0.36913610 -0.87273318 -0.31949231
vn 0.34941141 -0.86575530 -0.35830076
vn 0.34941141 -0.86575530 -0.35830076
vn 0.34941141 -0.86575530 -0.35830076
vn 0.31406907 -0.87550847 -0.36721321
vn 0.31406907 -0.87550847 -0.36721321
vn 0.31406907 -0.87550847 -0.36721321
vn 0.28672851 -0.86594634 -0.40978494
vn 0.28672851 -0.86594634 -0.40978494
vn 0.28672851 -0.86594634 -0.40978494
vn 0.22306945 -0.87294896 -0.43382038
vn 0.22306945 -0.87294896 -0.43382038
vn 0.22306945 -0.87294896 -0.43382038
vn 0.18775938 -0.86604031 -0.46337954
vn 0.18775938 -0.86604031 -0.46337954
vn 0.18775938 -0.86604031 -0.46337954
vn 0.18340677 -0.87388019 -0.45021702
vn 0.18340677 -0.87388019 -0.45021702
vn 0.18340677 -0.87388019 -0.45021702
vn 0.14805402 -0.86619257 -0.47727397
vn 0.14805402 -0.86619257 -0.47727397
vn 0.14805402 -0.86619257 -0.47727397
vn 0.08694986 -0.93020893 -0.35658249
vn 0.08694986 -0.93020893 -0.35658249
vn 0.08694986 -0.93020893 -0.35658249
vn 0.08504856 -0.82056870 -0.56518471
vn 0.08504856 -0.82056870 -0.56518471
vn 0.08504856 -0.82056870 -0.56518471
vn 0.07621114 -0.87320999 -0.48134829
vn 0.07621114 -0.87320999 -0.48134829
vn 0.07621114 -0.87320999 -0.48134829
vn 0.03303692 -0.86606469 -0.49883917
vn 0.03303692 -0.86606469 -0.49883917
vn 0.03303692 -0.86606469 -0.49883917
vn -0.00019647 -0.87123762 -0.49086146
vn -0.00019647 -0.87123762 -0.49086146
vn -0.00019647 -0.87123762 -0.49086146
vn -0.04321840 -0.86495839 -0.49997916
vn -0.04321840 -0.86495839 -0.49997916
vn -0.04321840 -0.86495839 -0.49997916
vn -0.04077093 -0.87419410 -0.48386197
vn -0.04077093 -0.87419410 -0.48386197
vn -0.04077093 -0.87419410 -0.48386197
vn -0.08454484 -0.86690889 -0.49124448
vn -0.08454484 -0.86690889 -0.49124448
vn -0.08454484 -0.86690889 -0.49124448
vn -0.08450604 -0.93004197 -0.35760407
vn -0.08450604 -0.93004197 -0.35760407
vn -0.08450604 -0.93004197 -0.35760407
vn -0.17668600 -0.82639996 -0.53464489
vn -0.17668600 -0.82639996 -0.53464489
vn -0.17668600 -0.82639996 -0.53464489
vn -0.25233458 -0.87399085 -0.41529176
vn -0.25233458 -0.87399085 -0.41529176
vn -0.25233458 -0.87399085 -0.41529176
vn -0.30068969 -0.86641878 -0.39862790
vn -0.30068969 -0.86641878 -0.39862790
vn -0.30068969 -0.86641878 -0.39862790
vn -0.34286976 -0.87356846 -0.34542505
vn -0.34286976 -0.87356846 -0.34542505
vn -0.34286976 -0.87356846 -0.34542505
vn -0.38672950 -0.86541399 -0.31858894
vn -0.38672950 -0.86541399 -0.31858894
vn -0.38672950 -0.86541399 -0.31858894
vn -0.41680624 -0.87262804 -0.25454442
vn -0.41680624 -0.87262804 -0.25454442
vn -0.41680624 -0.87262804 -0.25454442
vn -0.44867743 -0.86576321 -0.22168137
vn -0.44867743 -0.86576321 -0.22168137
vn -0.44867743 -0.86576321 -0.22168137
vn -0.47375063 -0.87304089 -0.11558526
vn -0.47375063 -0.87304089 -0.11558526
vn -0.47375063 -0.87304089 -0.11558526
vn -0.49409790 -0.86621441 -0.07443024
vn -0.49409790 -0.86621441 -0.07443024
vn -0.49409790 -0.86621441 -0.07443024
vn -0.48132371 -0.87346742 -0.07336315
vn -0.48132371 -0.87346742 -0.07336315
vn -0.48132371 -0.87346742 -0.07336315
vn -0.50026044 -0.86535089 -0.03012187
vn -0.50026044 -0.86535089 -0.03012187
vn -0.50026044 -0.86535089 -0.03012187
vn -0.47387807 -0.87344908 0.11192084
vn -0.47387807 -0.87344908 0.11192084
vn -0.47387807 -0.87344908 0.11192084
vn -0.47345703 -0.86556506 0.16320408
vn -0.47345703 -0.86556506 0.16320408
vn -0.47345703 -0.86556506 0.16320408
vn -0.41856842 -0.87111431 0.25682743
vn -0.41856842 -0.87111431 0.25682743
vn -0.41856842 -0.87111431 0.25682743
vn -0.40420750 -0.86459207 0.29849095
vn -0.40420750 -0.86459207 0.29849095
vn -0.40420750 -0.86459207 0.29849095
vn -0.39299285 -0.87293461 0.28903596
vn -0.39299285 -0.87293461 0.28903596
vn -0.39299285 -0.87293461 0.28903596
vn -0.37505993 -0.86802804 0.32535729
vn -0.37505993 -0.86802804 0.32535729
vn -0.37505993 -0.86802804 0.32535729
vn -0.36919668 -0.87268762 0.31954676
vn -0.36919668 -0.87268762 0.31954676
vn -0.36919668 -0.87268762 0.31954676
vn -0.34826175 -0.86515013 0.36087257
vn -0.34826175 -0.86515013 0.36087257
vn -0.34826175 -0.86515013 0.36087257
vn -0.28748001 -0.87359529 0.39266591
vn -0.28748001 -0.87359529 0.39266591
vn -0.28748001 -0.87359529 0.39266591
vn -0.25715235 -0.86690891 0.42701477
vn -0.25715235 -0.86690891 0.42701477
vn -0.25715235 -0.86690891 0.42701477
vn -0.25073771 -0.87478267 0.41459122
vn -0.25073771 -0.87478267 0.41459122
vn -0.25073771 -0.87478267 0.41459122
vn -0.22050567 -0.86674831 0.44735289
vn -0.22050567 -0.86674831 0.44735289
vn -0.22050567 -0.86674831 0.44735289
vn -0.08707055 -0.93002024 0.35704492
vn -0.08707055 -0.93002024 0.35704492
vn -0.08707055 -0.93002024 0.35704492
vn -0.08509339 -0.82026685 0.56561595
vn -0.08509339 -0.82026685 0.56561595
vn -0.08509339 -0.82026685 0.56561595
vn -0.07628781 -0.87287166 0.48194941
vn -0.07628781 -0.87287166 0.48194941
vn -0.07628781 -0.87287166 0.48194941
vn -0.03265537 -0.86558355 0.49969865
vn -0.03265537 -0.86558355 0.49969865
vn -0.03265537 -0.86558355 0.49969865
vn -0.00129614 -0.93068342 0.36582330
vn -0.00129614 -0.93068342 0.36582330
vn -0.00129614 -0.93068342 0.36582330
vn 0.05414072 -0.80459555 0.59134996
vn 0.05414072 -0.80459555 0.59134996
vn 0.05414072 -0.80459555 0.59134996
vn 0.11401359 -0.87425219 0.47189407
vn 0.11401359 -0.87425219 0.47189407
vn 0.11401359 -0.87425219 0.47189407
vn 0.16038901 -0.86687283 0.47202421
vn 0.16038901 -0.86687283 0.47202421
vn 0.16038901 -0.86687283 0.47202421
vn 0.13898463 -0.93048642 0.33893700
vn 0.13898463 -0.93048642 0.33893700
vn 0.13898463 -0.93048642 0.33893700
vn 0.26412074 -0.81948709 0.50860705
vn 0.26412074 -0.81948709 0.50860705
vn 0.26412074 -0.81948709 0.50860705
vn 0.22130068 -0.87314602 0.43432941
vn 0.22130068 -0.87314602 0.43432941
vn 0.22130068 -0.87314602 0.43432941
vn 0.26926935 -0.86551693 0.42234400
vn 0.26926935 -0.86551693 0.42234400
vn 0.26926935 -0.86551693 0.42234400
vn 0.25813021 -0.93047096 0.25998573
vn 0.25813021 -0.93047096 0.25998573
vn 0.25813021 -0.93047096 0.25998573
vn 0.45434422 -0.80663918 0.37802719
vn 0.45434422 -0.80663918 0.37802719
vn 0.45434422 -0.80663918 0.37802719
vn 0.45060739 -0.87298220 0.18669509
vn 0.45060739 -0.87298220 0.18669509
vn 0.45060739 -0.87298220 0.18669509
vn 0.47744366 -0.86600018 0.14863122
vn 0.47744366 -0.86600018 0.14863122
vn 0.47744366 -0.86600018 0.14863122
vn 0.47451567 -0.87283993 0.11395321
vn 0.47451567 -0.87283993 0.11395321
vn 0.47451567 -0.87283993 0.11395321
vn 0.49514905 -0.86580645 0.07215681
vn 0.49514905 -0.86580645 0.07215681
vn 0.49514905 -0.86580645 0.07215681
vn 0.47239613 -0.74692721 -0.46791201
vn 0.47239613 -0.74692721 -0.46791201
vn 0.47239613 -0.74692721 -0.46791201
vn 0.43341987 -0.73021438 -0.52814220
vn 0.43341987 -0.73021438 -0.52814220
vn 0.43341987 -0.73021438 -0.52814220
vn 0.05525920 -0.74910507 -0.66014242
vn 0.05525920 -0.74910507 -0.66014242
vn 0.05525920 -0.74910507 -0.66014242
vn -0.01348851 -0.73194802 -0.68122695
vn -0.01348851 -0.73194802 -0.68122695
vn -0.01348851 -0.73194802 -0.68122695
vn -0.20223170 -0.74747681 -0.63275648
vn -0.20223170 -0.74747681 -0.63275648
vn -0.20223170 -0.74747681 -0.63275648
vn -0.27456174 -0.73037575 -0.62543355
vn -0.27456174 -0.73037575 -0.62543355
vn -0.27456174 -0.73037575 -0.62543355
vn -0.58842696 -0.74940402 -0.30355777
vn -0.58842696 -0.74940402 -0.30355777
vn -0.58842696 -0.74940402 -0.30355777
vn -0.63558389 -0.73121568 -0.24770294
vn -0.63558389 -0.73121568 -0.24770294
vn -0.63558389 -0.73121568 -0.24770294
vn -0.59223950 -0.74936496 0.29614952
vn -0.59223950 -0.74936496 0.29614952
vn -0.59223950 -0.74936496 0.29614952
vn -0.57236490 -0.73344505 0.36668348
vn -0.57236490 -0.73344505 0.36668348
vn -0.57236490 -0.73344505 0.36668348
vn 0.58772899 -0.74959076 0.30444758
vn 0.58772899 -0.74959076 0.30444758
vn 0.58772899 -0.74959076 0.30444758
vn 0.63506827 -0.73140542 0.24846411
vn 0.63506827 -0.73140542 0.24846411
vn 0.63506827 -0.73140542 0.24846411
vn 0.62878334 -0.74929755 0.20780926
vn 0.62878334 -0.74929755 0.20780926
vn 0.62878334 -0.74929755 0.20780926
vn 0.66595300 -0.73156382 0.14601707
vn 0.66595300 -0.73156382 0.14601707
vn 0.66595300 -0.73156382 0.14601707
vn 0.65369678 -0.74916932 0.10689178
vn 0.65369678 -0.74916932 0.10689178
vn 0.65369678 -0.74916932 0.10689178
vn 0.68090456 -0.73132449 0.03915939
vn 0.68090456 -0.73132449 0.03915939
vn 0.68090456 -0.73132449 0.03915939
vn -0.72298127 -0.68839123 -0.05844318
vn -0.72298127 -0.68839123 -0.05844318
vn -0.72298127 -0.68839123 -0.05844318
vn -0.77473658 -0.63220654 0.00990561
vn -0.77473658 -0.63220654 0.00990561
vn -0.77473658 -0.63220654 0.00990561
vn -0.72617738 -0.68749846 0.00350389
vn -0.72617738 -0.68749846 0.00350389
vn -0.72617738 -0.68749846 0.00350389
vn -0.73548846 -0.67388765 0.07022929
vn -0.73548846 -0.67388765 0.07022929
vn -0.73548846 -0.67388765 0.07022929
vn 0.79094575 -0.57970272 -0.19583049
vn 0.79094575 -0.57970272 -0.19583049
vn 0.79094575 -0.57970272 -0.19583049
vn 0.78014220 -0.56877822 -0.26051771
vn 0.78014220 -0.56877822 -0.26051771
vn 0.78014220 -0.56877822 -0.26051771
vn 0.77323019 -0.57957524 -0.25730841
vn 0.77323019 -0.57957524 -0.25730841
vn 0.77323019 -0.57957524 -0.25730841
vn 0.75738523 -0.56862695 -0.32098442
vn 0.75738523 -0.56862695 -0.32098442
vn 0.75738523 -0.56862695 -0.32098442
vn 0.78056494 -0.52822671 -0.33420789
vn 0.78056494 -0.52822671 -0.33420789
vn 0.78056494 -0.52822671 -0.33420789
vn 0.75685952 -0.52189539 -0.39343216
vn 0.75685952 -0.52189539 -0.39343216
vn 0.75685952 -0.52189539 -0.39343216
vn 0.72428823 -0.58003744 -0.37277759
vn 0.72428823 -0.58003744 -0.37277759
vn 0.72428823 -0.58003744 -0.37277759
vn 0.69773222 -0.56883012 -0.43543317
vn 0.69773222 -0.56883012 -0.43543317
vn 0.69773222 -0.56883012 -0.43543317
vn 0.69170793 -0.57971942 -0.43065710
vn 0.69170793 -0.57971942 -0.43065710
vn 0.69170793 -0.57971942 -0.43065710
vn 0.66145383 -0.56876697 -0.48885884
vn 0.66145383 -0.56876697 -0.48885884
vn 0.66145383 -0.56876697 -0.48885884
vn 0.68107874 -0.52800354 -0.50729085
vn 0.68107874 -0.52800354 -0.50729085
vn 0.68107874 -0.52800354 -0.50729085
vn 0.64415931 -0.52175240 -0.55931495
vn 0.64415931 -0.52175240 -0.55931495
vn 0.64415931 -0.52175240 -0.55931495
vn 0.64125137 -0.52852400 -0.55629045
vn 0.64125137 -0.52852400 -0.55629045
vn 0.64125137 -0.52852400 -0.55629045
vn 0.59586864 -0.52168837 -0.61055860
vn 0.59586864 -0.52168837 -0.61055860
vn 0.59586864 -0.52168837 -0.61055860
vn 0.54813197 -0.52919674 -0.64768986
vn 0.54813197 -0.52919674 -0.64768986
vn 0.54813197 -0.52919674 -0.64768986
vn 0.49561325 -0.52234144 -0.69392141
vn 0.49561325 -0.52234144 -0.69392141
vn 0.49561325 -0.52234144 -0.69392141
vn 0.47619249 -0.57981288 -0.66110342
vn 0.47619249 -0.57981288 -0.66110342
vn 0.47619249 -0.57981288 -0.66110342
vn 0.42407135 -0.56861296 -0.70487076
vn 0.42407135 -0.56861296 -0.70487076
vn 0.42407135 -0.56861296 -0.70487076
vn 0.42078283 -0.57980766 -0.69768538
vn 0.42078283 -0.57980766 -0.69768538
vn 0.42078283 -0.57980766 -0.69768538
vn 0.36739907 -0.56887571 -0.73579776
vn 0.36739907 -0.56887571 -0.73579776
vn 0.36739907 -0.56887571 -0.73579776
vn 0.37657347 -0.52785169 -0.76129168
vn 0.37657347 -0.52785169 -0.76129168
vn 0.37657347 -0.52785169 -0.76129168
vn 0.32002786 -0.52169583 -0.79083224
vn 0.32002786 -0.52169583 -0.79083224
vn 0.32002786 -0.52169583 -0.79083224
vn 0.31882781 -0.52836838 -0.78687717
vn 0.31882781 -0.52836838 -0.78687717
vn 0.31882781 -0.52836838 -0.78687717
vn 0.25700763 -0.52174127 -0.81346980
vn 0.25700763 -0.52174127 -0.81346980
vn 0.25700763 -0.52174127 -0.81346980
vn 0.25251858 -0.55409149 -0.79323199
vn 0.25251858 -0.55409149 -0.79323199
vn 0.25251858 -0.55409149 -0.79323199
vn 0.18897279 -0.54585749 -0.81628970
vn 0.18897279 -0.54585749 -0.81628970
vn 0.18897279 -0.54585749 -0.81628970
vn 0.19035878 -0.52823803 -0.82748300
vn 0.19035878 -0.52823803 -0.82748300
vn 0.19035878 -0.52823803 -0.82748300
vn 0.12657761 -0.52173784 -0.84366328
vn 0.12657761 -0.52173784 -0.84366328
vn 0.12657761 -0.52173784 -0.84366328
vn 0.12632039 -0.52878339 -0.83930405
vn 0.12632039 -0.52878339 -0.83930405
vn 0.12632039 -0.52878339 -0.83930405
vn 0.05653681 -0.52172555 -0.85123795
vn 0.05653681 -0.52172555 -0.85123795
vn 0.05653681 -0.52172555 -0.85123795
vn -0.00381037 -0.52878429 -0.84874770
vn -0.00381037 -0.52878429 -0.84874770
vn -0.00381037 -0.52878429 -0.84874770
vn -0.07385469 -0.52189776 -0.84980481
vn -0.07385469 -0.52189776 -0.84980481
vn -0.07385469 -0.52189776 -0.84980481
vn -0.07315750 -0.52829657 -0.84590231
vn -0.07315750 -0.52829657 -0.84590231
vn -0.07315750 -0.52829657 -0.84590231
vn -0.14028681 -0.52189549 -0.84139450
vn -0.14028681 -0.52189549 -0.84139450
vn -0.14028681 -0.52189549 -0.84139450
vn -0.13519262 -0.55365462 -0.82169916
vn -0.13519262 -0.55365462 -0.82169916
vn -0.13519262 -0.55365462 -0.82169916
vn -0.20232344 -0.54531284 -0.81344891
vn -0.20232344 -0.54531284 -0.81344891
vn -0.20232344 -0.54531284 -0.81344891
vn -0.20609329 -0.52803075 -0.82383802
vn -0.20609329 -0.52803075 -0.82383802
vn -0.20609329 -0.52803075 -0.82383802
vn -0.27353913 -0.52141853 -0.80826918
vn -0.27353913 -0.52141853 -0.80826918
vn -0.27353913 -0.52141853 -0.80826918
vn -0.31475178 -0.57957023 -0.75168456
vn -0.31475178 -0.57957023 -0.75168456
vn -0.31475178 -0.57957023 -0.75168456
vn -0.37947931 -0.56842940 -0.72998868
vn -0.37947931 -0.56842940 -0.72998868
vn -0.37947931 -0.56842940 -0.72998868
vn -0.37499011 -0.57983275 -0.72330934
vn -0.37499011 -0.57983275 -0.72330934
vn -0.37499011 -0.57983275 -0.72330934
vn -0.43541779 -0.56884706 -0.69772800
vn -0.43541779 -0.56884706 -0.69772800
vn -0.43541779 -0.56884706 -0.69772800
vn -0.45239555 -0.52772913 -0.71891601
vn -0.45239555 -0.52772913 -0.71891601
vn -0.45239555 -0.52772913 -0.71891601
vn -0.50711244 -0.52157542 -0.68614579
vn -0.50711244 -0.52157542 -0.68614579
vn -0.50711244 -0.52157542 -0.68614579
vn -0.48139357 -0.58024389 -0.65694540
vn -0.48139357 -0.58024389 -0.65694540
vn -0.48139357 -0.58024389 -0.65694540
vn -0.53914281 -0.56900792 -0.62093077
vn -0.53914281 -0.56900792 -0.62093077
vn -0.53914281 -0.56900792 -0.62093077
vn -0.53341574 -0.58002005 -0.61566581
vn -0.53341574 -0.58002005 -0.61566581
vn -0.53341574 -0.58002005 -0.61566581
vn -0.58617128 -0.56904333 -0.57670870
vn -0.58617128 -0.56904333 -0.57670870
vn -0.58617128 -0.56904333 -0.57670870
vn -0.60752993 -0.52814269 -0.59327286
vn -0.60752993 -0.52814269 -0.59327286
vn -0.60752993 -0.52814269 -0.59327286
vn -0.65313960 -0.52186239 -0.54869692
vn -0.65313960 -0.52186239 -0.54869692
vn -0.65313960 -0.52186239 -0.54869692
vn -0.62158009 -0.58003128 -0.52649967
vn -0.62158009 -0.58003128 -0.52649967
vn -0.62158009 -0.58003128 -0.52649967
vn -0.66933482 -0.56874653 -0.47803586
vn -0.66933482 -0.56874653 -0.47803586
vn -0.66933482 -0.56874653 -0.47803586
vn -0.67859239 -0.55323880 -0.48315546
vn -0.67859239 -0.55323880 -0.48315546
vn -0.67859239 -0.55323880 -0.48315546
vn -0.71825844 -0.54531486 -0.43213021
vn -0.71825844 -0.54531486 -0.43213021
vn -0.71825844 -0.54531486 -0.43213021
vn -0.72830590 -0.52796982 -0.43682764
vn -0.72830590 -0.52796982 -0.43682764
vn -0.72830590 -0.52796982 -0.43682764
vn -0.76507050 -0.52121026 -0.37816265
vn -0.76507050 -0.52121026 -0.37816265
vn -0.76507050 -0.52121026 -0.37816265
vn -0.75377482 -0.58005249 -0.30880840
vn -0.75377482 -0.58005249 -0.30880840
vn -0.75377482 -0.58005249 -0.30880840
vn -0.78428128 -0.56877259 -0.24779146
vn -0.78428128 -0.56877259 -0.24779146
vn -0.78428128 -0.56877259 -0.24779146
vn -0.77680237 -0.57957058 -0.24632504
vn -0.77680237 -0.57957058 -0.24632504
vn -0.77680237 -0.57957058 -0.24632504
vn -0.80137193 -0.56867626 -0.18550024
vn -0.80137193 -0.56867626 -0.18550024
vn -0.80137193 -0.56867626 -0.18550024
vn -0.82811643 -0.52792957 -0.18845038
vn -0.82811643 -0.52792957 -0.18845038
vn -0.82811643 -0.52792957 -0.18845038
vn -0.84364057 -0.52177315 -0.12658345
vn -0.84364057 -0.52177315 -0.12658345
vn -0.84364057 -0.52177315 -0.12658345
vn -0.84048374 -0.52688769 -0.12639800
vn -0.84048374 -0.52688769 -0.12639800
vn -0.84048374 -0.52688769 -0.12639800
vn -0.85146727 -0.52112576 -0.05857844
vn -0.85146727 -0.52112576 -0.05857844
vn -0.85146727 -0.52112576 -0.05857844
vn -0.81235585 -0.57903648 0.06924399
vn -0.81235585 -0.57903648 0.06924399
vn -0.81235585 -0.57903648 0.06924399
vn -0.81138065 -0.56864350 0.13529968
vn -0.81138065 -0.56864350 0.13529968
vn -0.81138065 -0.56864350 0.13529968
vn -0.80390531 -0.57965695 0.13316931
vn -0.80390531 -0.57965695 0.13316931
vn -0.80390531 -0.57965695 0.13316931
vn -0.79821480 -0.56871705 0.19852973
vn -0.79821480 -0.56871705 0.19852973
vn -0.79821480 -0.56871705 0.19852973
vn -0.82335304 -0.52802723 0.20803128
vn -0.82335304 -0.52802723 0.20803128
vn -0.82335304 -0.52802723 0.20803128
vn -0.80919064 -0.52171776 0.27022414
vn -0.80919064 -0.52171776 0.27022414
vn -0.80919064 -0.52171776 0.27022414
vn -0.77371861 -0.57999198 0.25488982
vn -0.77371861 -0.57999198 0.25488982
vn -0.77371861 -0.57999198 0.25488982
vn -0.75731602 -0.56873414 0.32095782
vn -0.75731602 -0.56873414 0.32095782
vn -0.75731602 -0.56873414 0.32095782
vn -0.75053832 -0.57975517 0.31713746
vn -0.75053832 -0.57975517 0.31713746
vn -0.75053832 -0.57975517 0.31713746
vn -0.72842586 -0.56813534 0.38290730
vn -0.72842586 -0.56813534 0.38290730
vn -0.72842586 -0.56813534 0.38290730
vn -0.72191391 -0.52832255 0.44689551
vn -0.72191391 -0.52832255 0.44689551
vn -0.72191391 -0.52832255 0.44689551
vn -0.68615280 -0.52156621 0.50711243
vn -0.68615280 -0.52156621 0.50711243
vn -0.68615280 -0.52156621 0.50711243
vn -0.68299788 -0.52838055 0.50430932
vn -0.68299788 -0.52838055 0.50430932
vn -0.68299788 -0.52838055 0.50430932
vn -0.64412405 -0.52183523 0.55927829
vn -0.64412405 -0.52183523 0.55927829
vn -0.64412405 -0.52183523 0.55927829
vn -0.64116908 -0.52871373 0.55620500
vn -0.64116908 -0.52871373 0.55620500
vn -0.64116908 -0.52871373 0.55620500
vn -0.59807012 -0.52229020 0.60788575
vn -0.59807012 -0.52229020 0.60788575
vn -0.59807012 -0.52229020 0.60788575
vn -0.57368996 -0.57990565 0.57843692
vn -0.57368996 -0.57990565 0.57843692
vn -0.57368996 -0.57990565 0.57843692
vn -0.52910806 -0.56865357 0.62982360
vn -0.52910806 -0.56865357 0.62982360
vn -0.52910806 -0.56865357 0.62982360
vn -0.52485195 -0.57955410 0.62341597
vn -0.52485195 -0.57955410 0.62341597
vn -0.52485195 -0.57955410 0.62341597
vn -0.47807664 -0.56859368 0.66943554
vn -0.47807664 -0.56859368 0.66943554
vn -0.47807664 -0.56859368 0.66943554
vn -0.49085987 -0.52842897 0.69268998
vn -0.49085987 -0.52842897 0.69268998
vn -0.49085987 -0.52842897 0.69268998
vn -0.43964671 -0.52226178 0.73072116
vn -0.43964671 -0.52226178 0.73072116
vn -0.43964671 -0.52226178 0.73072116
vn -0.43785811 -0.52886987 0.72703297
vn -0.43785811 -0.52886987 0.72703297
vn -0.43785811 -0.52886987 0.72703297
vn -0.38100177 -0.52206193 0.76307863
vn -0.38100177 -0.52206193 0.76307863
vn -0.38100177 -0.52206193 0.76307863
vn -0.37352622 -0.55390462 0.74408859
vn -0.37352622 -0.55390462 0.74408859
vn -0.37352622 -0.55390462 0.74408859
vn -0.31433989 -0.54580898 0.77671294
vn -0.31433989 -0.54580898 0.77671294
vn -0.31433989 -0.54580898 0.77671294
vn -0.31295699 -0.55330933 0.77194994
vn -0.31295699 -0.55330933 0.77194994
vn -0.31295699 -0.55330933 0.77194994
vn -0.25254906 -0.54521813 0.79934733
vn -0.25254906 -0.54521813 0.79934733
vn -0.25254906 -0.54521813 0.79934733
vn -0.25147409 -0.55324269 0.79415572
vn -0.25147409 -0.55324269 0.79415572
vn -0.25147409 -0.55324269 0.79415572
vn -0.18903141 -0.54521255 0.81670705
vn -0.18903141 -0.54521255 0.81670705
vn -0.18903141 -0.54521255 0.81670705
vn -0.19034884 -0.52846489 0.82734043
vn -0.19034884 -0.52846489 0.82734043
vn -0.19034884 -0.52846489 0.82734043
vn -0.12660068 -0.52185747 0.84358583
vn -0.12660068 -0.52185747 0.84358583
vn -0.12660068 -0.52185747 0.84358583
vn -0.12639913 -0.52738151 0.84017379
vn -0.12639913 -0.52738151 0.84017379
vn -0.12639913 -0.52738151 0.84017379
vn -0.06000116 -0.52092112 0.85149342
vn -0.06000116 -0.52092112 0.85149342
vn -0.06000116 -0.52092112 0.85149342
vn -0.06037329 -0.55438923 0.83006484
vn -0.06037329 -0.55438923 0.83006484
vn -0.06037329 -0.55438923 0.83006484
vn 0.00679643 -0.54626832 0.83758267
vn 0.00679643 -0.54626832 0.83758267
vn 0.00679643 -0.54626832 0.83758267
vn 0.00807213 -0.52850650 0.84889087
vn 0.00807213 -0.52850650 0.84889087
vn 0.00807213 -0.52850650 0.84889087
vn 0.07385347 -0.52190004 0.84980351
vn 0.07385347 -0.52190004 0.84980351
vn 0.07385347 -0.52190004 0.84980351
vn 0.06725505 -0.57988005 0.81192111
vn 0.06725505 -0.57988005 0.81192111
vn 0.06725505 -0.57988005 0.81192111
vn 0.13525763 -0.56869981 0.81134820
vn 0.13525763 -0.56869981 0.81134820
vn 0.13525763 -0.56869981 0.81134820
vn 0.13820262 -0.55308667 0.82158090
vn 0.13820262 -0.55308667 0.82158090
vn 0.13820262 -0.55308667 0.82158090
vn 0.20234271 -0.54521273 0.81351122
vn 0.20234271 -0.54521273 0.81351122
vn 0.20234271 -0.54521273 0.81351122
vn 0.20615927 -0.52770667 0.82402914
vn 0.20615927 -0.52770667 0.82402914
vn 0.20615927 -0.52770667 0.82402914
vn 0.27032554 -0.52135534 0.80939033
vn 0.27032554 -0.52135534 0.80939033
vn 0.27032554 -0.52135534 0.80939033
vn 0.26201721 -0.55390048 0.79027922
vn 0.26201721 -0.55390048 0.79027922
vn 0.26201721 -0.55390048 0.79027922
vn 0.32698262 -0.54557145 0.77164380
vn 0.32698262 -0.54557145 0.77164380
vn 0.32698262 -0.54557145 0.77164380
vn 0.33241288 -0.52802795 0.78146539
vn 0.33241288 -0.52802795 0.78146539
vn 0.33241288 -0.52802795 0.78146539
vn 0.39353566 -0.52164757 0.75697655
vn 0.39353566 -0.52164757 0.75697655
vn 0.39353566 -0.52164757 0.75697655
vn 0.39111835 -0.52888168 0.75320024
vn 0.39111835 -0.52888168 0.75320024
vn 0.39111835 -0.52888168 0.75320024
vn 0.45142038 -0.52238044 0.72342125
vn 0.45142038 -0.52238044 0.72342125
vn 0.45142038 -0.52238044 0.72342125
vn 0.42862264 -0.57964277 0.69303455
vn 0.42862264 -0.57964277 0.69303455
vn 0.42862264 -0.57964277 0.69303455
vn 0.48900368 -0.56842362 0.66164189
vn 0.48900368 -0.56842362 0.66164189
vn 0.48900368 -0.56842362 0.66164189
vn 0.49569341 -0.55406810 0.66880235
vn 0.49569341 -0.55406810 0.66880235
vn 0.49569341 -0.55406810 0.66880235
vn 0.54906973 -0.54644495 0.63239255
vn 0.54921741 -0.54613622 0.63253100
vn 0.54567157 -0.55348612 0.62920240
vn 0.54552718 -0.55378265 0.62906667
vn 0.59738870 -0.54559562 0.58775179
vn 0.59738870 -0.54559562 0.58775179
vn 0.59738870 -0.54559562 0.58775179
vn 0.60607857 -0.52822960 0.59467828
vn 0.60607857 -0.52822960 0.59467828
vn 0.60607857 -0.52822960 0.59467828
vn 0.65315973 -0.52181542 0.54871763
vn 0.65315973 -0.52181542 0.54871763
vn 0.65315973 -0.52181542 0.54871763
vn 0.62169554 -0.57982726 0.52658807
vn 0.62169554 -0.57982726 0.52658807
vn 0.62169554 -0.57982726 0.52658807
vn 0.66944290 -0.56856403 0.47810161
vn 0.66944290 -0.56856403 0.47810161
vn 0.66944290 -0.56856403 0.47810161
vn 0.66273145 -0.57945054 0.47436704
vn 0.66273145 -0.57945054 0.47436704
vn 0.66273145 -0.57945054 0.47436704
vn 0.70491478 -0.56853062 0.42410858
vn 0.70491478 -0.56853062 0.42410858
vn 0.70491478 -0.56853062 0.42410858
vn 0.71434774 -0.55333898 0.42839617
vn 0.71434774 -0.55333898 0.42839617
vn 0.71434774 -0.55333898 0.42839617
vn 0.75174288 -0.54498162 0.37131883
vn 0.75174288 -0.54498162 0.37131883
vn 0.75174288 -0.54498162 0.37131883
vn 0.78572328 -0.52858491 0.32130502
vn 0.78572328 -0.52858491 0.32130502
vn 0.78572328 -0.52858491 0.32130502
vn 0.81462462 -0.52152589 0.25376655
vn 0.81462462 -0.52152589 0.25376655
vn 0.81462462 -0.52152589 0.25376655
vn 0.82645706 -0.52834564 0.19447266
vn 0.82645706 -0.52834564 0.19447266
vn 0.82645706 -0.52834564 0.19447266
vn 0.84442489 -0.52130953 0.12321921
vn 0.84442489 -0.52130953 0.12321921
vn 0.84442489 -0.52130953 0.12321921
vn 0.81231716 -0.58004064 0.06077564
vn 0.81231716 -0.58004064 0.06077564
vn 0.81231716 -0.58004064 0.06077564
vn 0.82247593 -0.56876048 -0.00669851
vn 0.82247593 -0.56876048 -0.00669851
vn 0.82247593 -0.56876048 -0.00669851
vn 0.81484510 -0.57965000 -0.00577410
vn 0.81484510 -0.57965000 -0.00577410
vn 0.81484510 -0.57965000 -0.00577410
vn 0.81941806 -0.56875625 -0.07120652
vn 0.81941806 -0.56875625 -0.07120652
vn 0.81941806 -0.56875625 -0.07120652
vn 0.81187835 -0.57965291 -0.06968533
vn 0.81187835 -0.57965291 -0.06968533
vn 0.81187835 -0.57965291 -0.06968533
vn 0.81131942 -0.56873435 -0.13528501
vn 0.81131942 -0.56873435 -0.13528501
vn 0.81131942 -0.56873435 -0.13528501
vn 0.80387609 -0.57969874 -0.13316380
vn 0.80387609 -0.57969874 -0.13316380
vn 0.80387609 -0.57969874 -0.13316380
vn 0.79816212 -0.56879600 -0.19851534
vn 0.79816212 -0.56879600 -0.19851534
vn 0.79816212 -0.56879600 -0.19851534
vn 0.01582629 -0.99985088 -0.00690962
vn 0.01582629 -0.99985088 -0.00690962
vn 0.01582629 -0.99985088 -0.00690962
vn 0.00553717 -0.99998403 -0.00112802
vn 0.00553717 -0.99998403 -0.00112802
vn 0.00553717 -0.99998403 -0.00112802
vn -0.00170984 -0.99999854 0.00000018
vn -0.00148185 -0.99999879 0.00048225
vn -0.00165717 -0.99999862 0.00011155
vn 0.00056758 -0.99999800 0.00191883
vn 0.00074030 -0.99999803 0.00184341
vn -0.00006786 -0.99999960 0.00088905
vn -0.00402956 -0.99999077 0.00149183
vn 0.01541077 -0.99987535 -0.00343519
vn 0.01541077 -0.99987535 -0.00343519
vn 0.01541077 -0.99987535 -0.00343519
vn 0.01486590 -0.99988364 -0.00342324
vn 0.01486590 -0.99988364 -0.00342324
vn 0.01486590 -0.99988364 -0.00342324
vn -0.00478987 -0.99998621 0.00215140
vn -0.00478987 -0.99998621 0.00215140
vn -0.02156373 -0.99976682 0.00114494
vn -0.02162869 -0.99976444 0.00180906
vn -0.02154970 -0.99976728 0.00100149
vn -0.02148427 -0.99976913 0.00033274
vn -0.03423552 -0.99941190 0.00194454
vn -0.03423552 -0.99941190 0.00194454
vn -0.03423552 -0.99941190 0.00194454
vn -0.03726745 -0.99928977 -0.00557657
vn -0.03726745 -0.99928977 -0.00557657
vn -0.03726745 -0.99928977 -0.00557657
vn -0.00527232 -0.99998596 -0.00052230
vn -0.00530072 -0.99998588 -0.00036437
vn -0.00527157 -0.99998597 -0.00052646
vn -0.00524313 -0.99998602 -0.00068460
vn -0.00094383 -0.99999946 -0.00042540
vn -0.00099064 -0.99999943 0.00039574
vn -0.00095335 -0.99999951 -0.00025841
vn -0.00090675 -0.99999901 -0.00107569
vn 0.00657542 -0.99997457 0.00276248
vn 0.00534752 -0.99998535 0.00083549
vn 0.00534752 -0.99998535 0.00083549
vn 0.01571834 -0.99985896 0.00591629
vn 0.01571834 -0.99985896 0.00591629
vn 0.01571834 -0.99985896 0.00591629
vn 0.00758763 -0.99996175 0.00435101
vn 0.00758763 -0.99996175 0.00435101
vn -0.01180427 -0.99991104 -0.00620980
vn -0.01198010 -0.99991067 -0.00592716
vn -0.01178376 -0.99991108 -0.00624277
vn -0.01160794 -0.99991133 -0.00652541
vn -0.00288842 -0.99999403 -0.00189618
vn -0.00304448 -0.99999475 -0.00111272
vn -0.00294658 -0.99999437 -0.00160421
vn -0.00114995 -0.99999916 -0.00059530
vn 0.00836882 -0.99994984 0.00550260
vn 0.00836882 -0.99994984 0.00550260
vn 0.00836882 -0.99994984 0.00550260
vn 0.00790790 -0.99995639 0.00496850
vn 0.00790790 -0.99995639 0.00496850
vn 0.00790790 -0.99995639 0.00496850
vn -0.00026936 -0.99999990 0.00035782
vn 0.00384035 -0.99998842 0.00290068
vn 0.00376651 -0.99998724 0.00336686
vn 0.00303961 -0.99999498 0.00089259
vn 0.00145037 -0.99999861 -0.00081923
vn -0.00565309 -0.99994419 -0.00892483
vn -0.00644019 -0.99996590 -0.00517002
vn -0.00619733 -0.99996077 -0.00632862
vn -0.00540589 -0.99993434 -0.01010394
vn 0.00591525 -0.99993696 0.00954349
vn 0.00720357 -0.99988721 0.01317833
vn 0.00714167 -0.99988994 0.01300369
vn 0.00584559 -0.99993923 0.00934694
vn -0.00292501 -0.99998990 -0.00341282
vn -0.00292501 -0.99998990 -0.00341282
vn -0.00292501 -0.99998990 -0.00341282
vn -0.00711443 -0.99983714 -0.01658542
vn -0.00711443 -0.99983714 -0.01658542
vn -0.00711443 -0.99983714 -0.01658542
vn -0.00454103 -0.99985757 -0.01625472
vn -0.00454103 -0.99985757 -0.01625472
vn -0.00454103 -0.99985757 -0.01625472
vn 0.00182184 -0.99994833 0.01000122
vn 0.00182184 -0.99994833 0.01000122
vn 0.00182184 -0.99994833 0.01000122
vn 0.00135882 -0.99999514 0.00280723
vn 0.00145535 -0.99999426 0.00306098
vn -0.00010184 -0.99999943 -0.00106298
vn -0.00016407 -0.99999718 -0.00236950
vn -0.00018586 -0.99999709 -0.00240610
vn 0.00006060 -0.99999977 -0.00067362
vn 0.00041196 -0.99999985 0.00036541
vn -0.00010577 -0.99999703 -0.00243666
vn -0.00136635 -0.99995637 -0.00924059
vn -0.00086768 -0.99995527 -0.00941883
vn -0.00082096 -0.99995618 -0.00932591
vn 0.00084956 -0.99992335 -0.01235227
vn 0.00064998 -0.99992460 -0.01226272
vn 0.00125736 -0.99996620 -0.00812572
vn 0.00097090 -0.99996892 -0.00782461
vn 0.00081064 -0.99997316 -0.00728161
vn 0.00143953 -0.99996388 -0.00837614
vn 0.00071781 -0.99997435 -0.00712627
vn -0.00001244 -0.99999998 -0.00018081
vn 0.00001923 -0.99999997 -0.00025554
vn 0.00105204 -0.99999630 -0.00250980
vn 0.00108494 -0.99999626 -0.00250925
vn 0.00232846 -0.99998643 -0.00465988
vn 0.00272713 -0.99998514 -0.00472103
vn 0.00328261 -0.99998358 -0.00469799
vn -0.00388758 -0.99997575 0.00577757
vn -0.00278289 -0.99998008 0.00566612
vn -0.00278289 -0.99998008 0.00566612
vn -0.00726555 -0.99991401 0.01091731
vn -0.00726555 -0.99991401 0.01091731
vn -0.00726555 -0.99991401 0.01091731
vn -0.00495534 -0.99997040 0.00588528
vn -0.00495534 -0.99997040 0.00588528
vn -0.00216178 -0.99999256 0.00319354
vn -0.00249291 -0.99999225 0.00304652
vn -0.00225230 -0.99999249 0.00315335
vn 0.00098008 -0.99999949 -0.00023024
vn 0.00803916 -0.99990516 -0.01118254
vn 0.00918096 -0.99990603 -0.01018010
vn 0.00921099 -0.99990603 -0.01015374
vn 0.01035408 -0.99990453 -0.00915012
vn 0.00405073 -0.99998519 -0.00363398
vn 0.00388969 -0.99998623 -0.00352366
vn -0.00008026 -0.99999993 0.00035733
vn -0.00035840 -0.99999987 0.00035468
vn 0.00018297 -0.99999965 0.00081125
vn -0.00600917 -0.99997612 0.00341266
vn -0.00532855 -0.99997642 0.00433313
vn -0.00532855 -0.99997642 0.00433313
vn -0.01301256 -0.99988542 0.00773383
vn -0.01301256 -0.99988542 0.00773383
vn -0.01301256 -0.99988542 0.00773383
vn -0.00657267 -0.99997489 0.00265058
vn -0.00657267 -0.99997489 0.00265058
vn 0.00352740 -0.99999329 -0.00098864
vn 0.00331125 -0.99999365 -0.00131792
vn 0.00348143 -0.99999338 -0.00105868
vn 0.00020669 -0.99999992 -0.00034994
vn -0.00035798 -0.99999807 0.00193239
vn -0.00023004 -0.99999427 0.00337713
vn 0.00032433 -0.99999940 -0.00104309
vn 0.00025403 -0.99999918 -0.00125306
vn -0.00076709 -0.99999846 0.00157672
vn -0.00191026 -0.99994552 0.01026245
vn -0.00330725 -0.99991072 0.01294684
vn -0.00318135 -0.99991423 0.01270491
vn -0.00178463 -0.99994820 0.01002104
vn -0.00108083 -0.99999584 0.00267527
vn 0.00058954 -0.99999974 -0.00041966
vn 0.00384076 -0.99993261 -0.01095569
vn 0.00495471 -0.99990728 -0.01268418
vn 0.00488239 -0.99990905 -0.01257198
vn 0.00376291 -0.99993422 -0.01083490
vn 0.00124607 -0.99999787 -0.00164804
vn -0.00002066 -0.99999995 0.00031288
vn -0.00007389 -0.99999993 0.00037798
vn -0.00008819 -0.99999993 0.00036211
vn 0.00575491 -0.99995592 -0.00741922
vn 0.00575491 -0.99995592 -0.00741922
vn 0.00575491 -0.99995592 -0.00741922
vn 0.00471554 -0.99995657 -0.00803872
vn 0.00463147 -0.99995778 -0.00793701
vn 0.00329679 -0.99997458 -0.00632231
vn 0.00276025 -0.99998010 -0.00567320
vn 0.01341584 -0.99980643 -0.01439176
vn 0.01364393 -0.99979845 -0.01472735
vn 0.00980422 -0.99991073 -0.00907825
vn 0.00966455 -0.99991393 -0.00887277
vn -0.00036825 -0.99999992 -0.00015238
vn -0.00058231 -0.99999977 -0.00035080
vn -0.00042700 -0.99999990 -0.00015051
vn -0.00097096 -0.99999905 0.00098266
vn -0.00107118 -0.99999898 0.00094874
vn -0.00079857 -0.99999899 0.00117705
vn -0.00814278 -0.99995221 0.00541110
vn -0.00805803 -0.99995229 0.00552150
vn -0.00813130 -0.99995222 0.00542606
vn -0.00821639 -0.99995212 0.00531521
vn -0.00744358 -0.99996623 0.00348372
vn -0.00647158 -0.99996909 0.00446513
vn -0.00712167 -0.99996739 0.00380875
vn -0.00809084 -0.99996326 0.00283017
vn 0.01157076 -0.99991641 -0.00576965
vn 0.01157076 -0.99991641 -0.00576965
vn 0.01157076 -0.99991641 -0.00576965
vn 0.00102021 -0.99999812 0.00164907
vn 0.00199161 -0.99998187 0.00568297
vn 0.00189606 -0.99998301 0.00551220
vn 0.00430995 -0.99994318 0.00974982
vn 0.00421077 -0.99995149 0.00890389
vn 0.00333861 -0.99997956 0.00545228
vn 0.00321999 -0.99998003 0.00543833
vn 0.00366203 -0.99998033 0.00509231
vn 0.00312765 -0.99998649 0.00415239
vn 0.00323898 -0.99998563 0.00427102
vn 0.00056908 -0.99999898 0.00130686
vn -0.00028229 -0.99999977 -0.00061995
vn 0.00354095 -0.99998431 0.00434143
vn 0.00274974 -0.99998973 0.00360177
vn 0.00056226 -0.99999981 0.00025647
vn 0.00025199 -0.99999996 -0.00011866
vn -0.00253154 -0.99999507 -0.00185939
vn -0.00426756 -0.99998656 -0.00294486
vn -0.00778307 -0.99996044 -0.00430677
vn -0.00777076 -0.99996057 -0.00429818
vn -0.00734393 -0.99996503 -0.00400034
vn -0.00733404 -0.99996513 -0.00399344
vn 0.01008006 -0.99993028 0.00615082
vn 0.01008006 -0.99993028 0.00615082
vn 0.01008006 -0.99993028 0.00615082
vn 0.01051536 -0.99993412 0.00460256
vn 0.01051536 -0.99993412 0.00460256
vn 0.01051536 -0.99993412 0.00460256
vn 0.00135244 -0.99999908 -0.00004303
vn 0.00134669 -0.99999907 -0.00023427
vn 0.00134993 -0.99999908 -0.00012653
vn 0.00135562 -0.99999908 0.00006278
vn 0.01103341 -0.99993298 0.00350802
vn 0.01087388 -0.99993228 0.00414690
vn 0.01101917 -0.99993293 0.00356506
vn 0.01117814 -0.99993323 0.00292842
vn 0.00126211 -0.99999917 -0.00025808
vn 0.00122425 -0.99999914 -0.00046878
vn 0.00124586 -0.99999916 -0.00034851
vn 0.00128334 -0.99999917 -0.00013989
vn 0.01141621 -0.99993357 0.00158973
vn 0.01130028 -0.99993327 0.00239924
vn 0.01141369 -0.99993357 0.00160739
vn 0.01152938 -0.99993321 0.00079949
vn -0.00000917 -0.99999927 -0.00120883
vn -0.00000917 -0.99999927 -0.00120883
vn -0.00094967 -0.99999923 -0.00079480
vn -0.01176819 -0.99993074 0.00018619
vn -0.01165959 -0.99993200 0.00020244
vn -0.00994390 -0.99995045 0.00045915
vn -0.01051368 -0.99994318 0.00175995
vn -0.00349019 -0.99999386 0.00032362
vn -0.00349019 -0.99999386 0.00032362
vn -0.01077427 -0.99993889 0.00247749
vn -0.00898762 -0.99995663 0.00244143
vn -0.01046619 -0.99994154 0.00271553
vn -0.01071324 -0.99993656 0.00347872
vn 0.00369680 -0.99999290 -0.00073058
vn -0.01094977 -0.99993067 0.00433204
vn -0.01094977 -0.99993067 0.00433204
vn -0.01605969 -0.99985729 0.00524364
vn -0.01605969 -0.99985729 0.00524364
vn -0.01605969 -0.99985729 0.00524364
vn -0.39387974 -0.89617584 0.20427340
vn -0.39387974 -0.89617584 0.20427340
vn -0.39387974 -0.89617584 0.20427340
vn -0.16581942 -0.89699533 0.40976005
vn -0.16581942 -0.89699533 0.40976005
vn -0.16581942 -0.89699533 0.40976005
vn -0.13142390 -0.90133625 0.41269932
vn -0.13142390 -0.90133625 0.41269932
vn -0.13142390 -0.90133625 0.41269932
vn 0.10751547 -0.89651468 0.42976954
vn 0.10751547 -0.89651468 0.42976954
vn 0.10751547 -0.89651468 0.42976954
vn 0.20561999 -0.89622784 0.39305990
vn 0.20561999 -0.89622784 0.39305990
vn 0.20561999 -0.89622784 0.39305990
vn 0.28017543 -0.90394320 0.32309196
vn 0.28017543 -0.90394320 0.32309196
vn 0.28017543 -0.90394320 0.32309196
vn 0.32491401 -0.89066835 0.31802639
vn 0.32491401 -0.89066835 0.31802639
vn 0.32491401 -0.89066835 0.31802639
vn -0.03689421 -0.89573189 -0.44306117
vn -0.03689421 -0.89573189 -0.44306117
vn -0.03689421 -0.89573189 -0.44306117
vn -0.26489860 -0.89551649 -0.35760166
vn -0.26489860 -0.89551649 -0.35760166
vn -0.26489860 -0.89551649 -0.35760166
vn -0.28450111 -0.90116676 -0.32704372
vn -0.28450111 -0.90116676 -0.32704372
vn -0.28450111 -0.90116676 -0.32704372
vn -0.31987765 -0.90893900 -0.26741013
vn -0.31987765 -0.90893900 -0.26741013
vn -0.31987765 -0.90893900 -0.26741013
vn -0.35903967 -0.89741489 -0.25639235
vn -0.35903967 -0.89741489 -0.25639235
vn -0.35903967 -0.89741489 -0.25639235
vn -0.38940900 -0.90752340 -0.15735914
vn -0.38940900 -0.90752340 -0.15735914
vn -0.38940900 -0.90752340 -0.15735914
vn -0.33123477 -0.89885219 0.28696387
vn -0.33123477 -0.89885219 0.28696387
vn -0.33123477 -0.89885219 0.28696387
vn -0.23246847 -0.89306584 0.38521657
vn -0.23246847 -0.89306584 0.38521657
vn -0.23246847 -0.89306584 0.38521657
vn 0.07407686 -0.89248264 0.44495769
vn 0.07407686 -0.89248264 0.44495769
vn 0.07407686 -0.89248264 0.44495769
vn -0.07382483 -0.89288250 -0.44419673
vn -0.07382483 -0.89288250 -0.44419673
vn -0.07382483 -0.89288250 -0.44419673
vn -0.42812777 -0.90142539 -0.06433409
vn -0.42812777 -0.90142539 -0.06433409
vn -0.42812777 -0.90142539 -0.06433409
vn -0.43200258 -0.89895918 0.07243037
vn -0.43200258 -0.89895918 0.07243037
vn -0.43200258 -0.89895918 0.07243037
vn -0.43797532 -0.89843202 -0.03158368
vn -0.43797532 -0.89843202 -0.03158368
vn -0.43797532 -0.89843202 -0.03158368
vn -0.54730796 -0.83680530 -0.01452198
vn -0.54730796 -0.83680530 -0.01452198
vn -0.54730796 -0.83680530 -0.01452198
vn -0.44989513 -0.89307410 0.00360860
vn -0.44989513 -0.89307410 0.00360860
vn -0.44989513 -0.89307410 0.00360860
vn -0.55803199 -0.82932529 0.02863307
vn -0.55803199 -0.82932529 0.02863307
vn -0.55803199 -0.82932529 0.02863307
vn -0.44435043 -0.89498855 0.03934712
vn -0.44435043 -0.89498855 0.03934712
vn -0.44435043 -0.89498855 0.03934712
vn -0.53858198 -0.84008889 0.06465368
vn -0.53858198 -0.84008889 0.06465368
vn -0.53858198 -0.84008889 0.06465368
vn -0.55482835 -0.82370489 0.11694335
vn -0.55482835 -0.82370489 0.11694335
vn -0.55482835 -0.82370489 0.11694335
vn -0.44550528 -0.88848684 0.11007351
vn -0.44550528 -0.88848684 0.11007351
vn -0.44550528 -0.88848684 0.11007351
vn -0.54407178 -0.82432637 0.15643509
vn -0.54407178 -0.82432637 0.15643509
vn -0.54407178 -0.82432637 0.15643509
vn -0.42309121 -0.89500408 0.14128526
vn -0.42309121 -0.89500408 0.14128526
vn -0.42309121 -0.89500408 0.14128526
vn -0.51319736 -0.83658818 0.19169946
vn -0.51319736 -0.83658818 0.19169946
vn -0.51319736 -0.83658818 0.19169946
vn -0.40963321 -0.89558127 0.17359386
vn -0.40963321 -0.89558127 0.17359386
vn -0.40963321 -0.89558127 0.17359386
vn -0.51083720 -0.82616302 0.23769734
vn -0.51083720 -0.82616302 0.23769734
vn -0.51083720 -0.82616302 0.23769734
vn -0.47776006 -0.83551728 0.27139675
vn -0.47776006 -0.83551728 0.27139675
vn -0.47776006 -0.83551728 0.27139675
vn -0.38069585 -0.89376355 0.23718641
vn -0.38069585 -0.89376355 0.23718641
vn -0.38069585 -0.89376355 0.23718641
vn -0.47280037 -0.82071685 0.32075484
vn -0.47280037 -0.82071685 0.32075484
vn -0.47280037 -0.82071685 0.32075484
vn -0.34807737 -0.90132648 0.25778426
vn -0.34807737 -0.90132648 0.25778426
vn -0.34807737 -0.90132648 0.25778426
vn -0.44580098 -0.82412478 0.34939925
vn -0.44580098 -0.82412478 0.34939925
vn -0.44580098 -0.82412478 0.34939925
vn -0.39313289 -0.84311698 0.36687913
vn -0.39313289 -0.84311698 0.36687913
vn -0.39313289 -0.84311698 0.36687913
vn -0.31383881 -0.89505151 0.31684066
vn -0.31383881 -0.89505151 0.31684066
vn -0.31383881 -0.89505151 0.31684066
vn -0.37457885 -0.83290363 0.40738462
vn -0.37457885 -0.83290363 0.40738462
vn -0.37457885 -0.83290363 0.40738462
vn -0.29023135 -0.89236202 0.34562377
vn -0.29023135 -0.89236202 0.34562377
vn -0.29023135 -0.89236202 0.34562377
vn -0.34950252 -0.82531643 0.44350960
vn -0.34950252 -0.82531643 0.44350960
vn -0.34950252 -0.82531643 0.44350960
vn -0.24397247 -0.90754247 0.34182466
vn -0.24397247 -0.90754247 0.34182466
vn -0.24397247 -0.90754247 0.34182466
vn -0.31324551 -0.82820037 0.46471646
vn -0.31324551 -0.82820037 0.46471646
vn -0.31324551 -0.82820037 0.46471646
vn -0.26685706 -0.83894726 0.47429401
vn -0.26685706 -0.83894726 0.47429401
vn -0.26685706 -0.83894726 0.47429401
vn -0.19846082 -0.89645960 0.39619880
vn -0.19846082 -0.89645960 0.39619880
vn -0.19846082 -0.89645960 0.39619880
vn -0.23286068 -0.83106247 0.50508522
vn -0.23286068 -0.83106247 0.50508522
vn -0.23286068 -0.83106247 0.50508522
vn -0.19626697 -0.83339130 0.51666063
vn -0.19626697 -0.83339130 0.51666063
vn -0.19626697 -0.83339130 0.51666063
vn -0.14544592 -0.84740844 0.51063139
vn -0.14544592 -0.84740844 0.51063139
vn -0.14544592 -0.84740844 0.51063139
vn -0.10303469 -0.89271196 0.43869033
vn -0.10303469 -0.89271196 0.43869033
vn -0.10303469 -0.89271196 0.43869033
vn -0.10675040 -0.84316292 0.52695413
vn -0.10675040 -0.84316292 0.52695413
vn -0.10675040 -0.84316292 0.52695413
vn -0.06474758 -0.90220386 0.42642227
vn -0.06474758 -0.90220386 0.42642227
vn -0.06474758 -0.90220386 0.42642227
vn -0.06573757 -0.85262646 0.51836926
vn -0.06573757 -0.85262646 0.51836926
vn -0.06573757 -0.85262646 0.51836926
vn -0.03126231 -0.89702360 0.44087565
vn -0.03126231 -0.89702360 0.44087565
vn -0.03126231 -0.89702360 0.44087565
vn -0.02287448 -0.84557144 0.53337201
vn -0.02287448 -0.84557144 0.53337201
vn -0.02287448 -0.84557144 0.53337201
vn 0.00323669 -0.89132327 0.45335676
vn 0.00323669 -0.89132327 0.45335676
vn 0.00323669 -0.89132327 0.45335676
vn 0.01594633 -0.84462195 0.53512566
vn 0.01594633 -0.84462195 0.53512566
vn 0.01594633 -0.84462195 0.53512566
vn 0.03894025 -0.89230520 0.44975002
vn 0.03894025 -0.89230520 0.44975002
vn 0.03894025 -0.89230520 0.44975002
vn 0.05561294 -0.85197420 0.52062190
vn 0.05561294 -0.85197420 0.52062190
vn 0.05561294 -0.85197420 0.52062190
vn 0.09739970 -0.84898854 0.51935707
vn 0.09739970 -0.84898854 0.51935707
vn 0.09739970 -0.84898854 0.51935707
vn 0.18778253 -0.80517881 0.56251650
vn 0.18778253 -0.80517881 0.56251650
vn 0.18778253 -0.80517881 0.56251650
vn 0.16358242 -0.90792940 0.38588211
vn 0.16358242 -0.90792940 0.38588211
vn 0.16358242 -0.90792940 0.38588211
vn 0.20251517 -0.86548974 0.45816494
vn 0.20251517 -0.86548974 0.45816494
vn 0.20251517 -0.86548974 0.45816494
vn 0.29764786 -0.86721500 0.39917904
vn 0.29764786 -0.86721500 0.39917904
vn 0.29764786 -0.86721500 0.39917904
vn 0.32525232 -0.87308556 0.36322517
vn 0.32525232 -0.87308556 0.36322517
vn 0.32525232 -0.87308556 0.36322517
vn 0.40044160 -0.85213893 0.33690618
vn 0.40044160 -0.85213893 0.33690618
vn 0.40044160 -0.85213893 0.33690618
vn 0.37107547 -0.89017703 0.26436312
vn 0.37107547 -0.89017703 0.26436312
vn 0.37107547 -0.89017703 0.26436312
vn 0.42169576 -0.87075973 0.25288371
vn 0.42169576 -0.87075973 0.25288371
vn 0.42169576 -0.87075973 0.25288371
vn 0.40278749 -0.89272460 0.20200255
vn 0.40278749 -0.89272460 0.20200255
vn 0.40278749 -0.89272460 0.20200255
vn 0.44881429 -0.86675790 0.21747755
vn 0.44881429 -0.86675790 0.21747755
vn 0.44881429 -0.86675790 0.21747755
vn 0.41653691 -0.89340173 0.16831622
vn 0.41653691 -0.89340173 0.16831622
vn 0.41653691 -0.89340173 0.16831622
vn 0.48147277 -0.87342413 0.07289896
vn 0.48147277 -0.87342413 0.07289896
vn 0.48147277 -0.87342413 0.07289896
vn -0.56959985 -0.81959405 -0.06181913
vn -0.56959985 -0.81959405 -0.06181913
vn -0.56959985 -0.81959405 -0.06181913
vn -0.55244852 -0.82740688 -0.10098754
vn -0.55244852 -0.82740688 -0.10098754
vn -0.55244852 -0.82740688 -0.10098754
vn -0.43334376 -0.89561923 -0.10039608
vn -0.43334376 -0.89561923 -0.10039608
vn -0.43334376 -0.89561923 -0.10039608
vn -0.53463080 -0.83284824 -0.14329589
vn -0.53463080 -0.83284824 -0.14329589
vn -0.53463080 -0.83284824 -0.14329589
vn -0.43565926 -0.88943965 -0.13819596
vn -0.43565926 -0.88943965 -0.13819596
vn -0.43565926 -0.88943965 -0.13819596
vn -0.53853616 -0.82081734 -0.19036205
vn -0.53853616 -0.82081734 -0.19036205
vn -0.53853616 -0.82081734 -0.19036205
vn -0.50294624 -0.83554858 -0.22114170
vn -0.50294624 -0.83554858 -0.22114170
vn -0.50294624 -0.83554858 -0.22114170
vn -0.40123159 -0.89395585 -0.19964006
vn -0.40123159 -0.89395585 -0.19964006
vn -0.40123159 -0.89395585 -0.19964006
vn -0.47882618 -0.83877632 -0.25919062
vn -0.47882618 -0.83877632 -0.25919062
vn -0.47882618 -0.83877632 -0.25919062
vn -0.37931029 -0.89674453 -0.22797575
vn -0.37931029 -0.89674453 -0.22797575
vn -0.37931029 -0.89674453 -0.22797575
vn -0.44709541 -0.84808052 -0.28436795
vn -0.44709541 -0.84808052 -0.28436795
vn -0.44709541 -0.84808052 -0.28436795
vn -0.43690148 -0.83483133 -0.33492350
vn -0.43690148 -0.83483133 -0.33492350
vn -0.43690148 -0.83483133 -0.33492350
vn -0.40865806 -0.83832568 -0.36084436
vn -0.40865806 -0.83832568 -0.36084436
vn -0.40865806 -0.83832568 -0.36084436
vn -0.32122618 -0.89295336 -0.31535381
vn -0.32122618 -0.89295336 -0.31535381
vn -0.32122618 -0.89295336 -0.31535381
vn -0.36908551 -0.84673360 -0.38316849
vn -0.36908551 -0.84673360 -0.38316849
vn -0.36908551 -0.84673360 -0.38316849
vn -0.33649837 -0.84913791 -0.40710399
vn -0.33649837 -0.84913791 -0.40710399
vn -0.33649837 -0.84913791 -0.40710399
vn -0.30238864 -0.84793238 -0.43539844
vn -0.30238864 -0.84793238 -0.43539844
vn -0.30238864 -0.84793238 -0.43539844
vn -0.22107291 -0.91000166 -0.35074741
vn -0.22107291 -0.91000166 -0.35074741
vn -0.22107291 -0.91000166 -0.35074741
vn -0.27547276 -0.84148450 -0.46477801
vn -0.27547276 -0.84148450 -0.46477801
vn -0.27547276 -0.84148450 -0.46477801
vn -0.20893057 -0.89172627 -0.40146267
vn -0.20893057 -0.89172627 -0.40146267
vn -0.20893057 -0.89172627 -0.40146267
vn -0.23725730 -0.84105885 -0.48613680
vn -0.23725730 -0.84105885 -0.48613680
vn -0.23725730 -0.84105885 -0.48613680
vn -0.16158952 -0.91023016 -0.38127404
vn -0.16158952 -0.91023016 -0.38127404
vn -0.16158952 -0.91023016 -0.38127404
vn -0.19079926 -0.85759580 -0.47762442
vn -0.19079926 -0.85759580 -0.47762442
vn -0.19079926 -0.85759580 -0.47762442
vn -0.14023181 -0.89663678 -0.41997325
vn -0.14023181 -0.89663678 -0.41997325
vn -0.14023181 -0.89663678 -0.41997325
vn -0.15265747 -0.85332339 -0.49853273
vn -0.15265747 -0.85332339 -0.49853273
vn -0.15265747 -0.85332339 -0.49853273
vn -0.10894510 -0.89244171 -0.43781133
vn -0.10894510 -0.89244171 -0.43781133
vn -0.10894510 -0.89244171 -0.43781133
vn -0.11605348 -0.85564745 -0.50437985
vn -0.11605348 -0.85564745 -0.50437985
vn -0.11605348 -0.85564745 -0.50437985
vn -0.07575068 -0.85293556 -0.51649082
vn -0.07575068 -0.85293556 -0.51649082
vn -0.07575068 -0.85293556 -0.51649082
vn -0.00451325 -0.82858791 -0.55984078
vn -0.00451325 -0.82858791 -0.55984078
vn -0.00451325 -0.82858791 -0.55984078
vn 0.03333842 -0.89359560 -0.44763317
vn 0.03333842 -0.89359560 -0.44763317
vn 0.03333842 -0.89359560 -0.44763317
vn 0.07329012 -0.87897717 -0.47119815
vn 0.07329012 -0.87897717 -0.47119815
vn 0.07329012 -0.87897717 -0.47119815
vn 0.09893603 -0.89799443 -0.42873962
vn 0.09893603 -0.89799443 -0.42873962
vn 0.09893603 -0.89799443 -0.42873962
vn 0.12423037 -0.86568208 -0.48493438
vn 0.12423037 -0.86568208 -0.48493438
vn 0.12423037 -0.86568208 -0.48493438
vn 0.13381820 -0.89775417 -0.41967861
vn 0.13381820 -0.89775417 -0.41967861
vn 0.13381820 -0.89775417 -0.41967861
vn 0.35059571 -0.88560287 -0.30461486
vn 0.35059571 -0.88560287 -0.30461486
vn 0.35059571 -0.88560287 -0.30461486
vn 0.36434686 -0.89164323 -0.26874472
vn 0.36434686 -0.89164323 -0.26874472
vn 0.36434686 -0.89164323 -0.26874472
vn 0.36829634 -0.88937931 -0.27085466
vn 0.36829634 -0.88937931 -0.27085466
vn 0.36829634 -0.88937931 -0.27085466
vn 0.38973584 -0.88823210 -0.24320715
vn 0.38950917 -0.88835893 -0.24310701
vn 0.38699050 -0.88976251 -0.24199388
vn 0.42998909 -0.88417428 -0.18260674
vn 0.42998909 -0.88417428 -0.18260674
vn 0.42998909 -0.88417428 -0.18260674
vn 0.44459376 -0.88341324 -0.14804539
vn 0.44459376 -0.88341324 -0.14804539
vn 0.44459376 -0.88341324 -0.14804539
vn 0.44015097 -0.89483121 -0.07445961
vn 0.44015097 -0.89483121 -0.07445961
vn 0.44015097 -0.89483121 -0.07445961
vn 0.46581356 -0.88400456 -0.03941647
vn 0.46581356 -0.88400456 -0.03941647
vn 0.46581356 -0.88400456 -0.03941647
vn 0.45469762 -0.89063742 -0.00388160
vn 0.45338367 -0.89130793 -0.00366514
vn 0.45459332 -0.89069073 -0.00386442
vn 0.45832806 -0.88819244 0.03239716
vn 0.45832806 -0.88819244 0.03239716
vn 0.45832806 -0.88819244 0.03239716
vn 0.42903831 -0.90289817 0.02647674
vn 0.42903831 -0.90289817 0.02647674
vn 0.42903831 -0.90289817 0.02647674
vn 0.11896422 -0.99047191 -0.06937511
vn 0.11896422 -0.99047191 -0.06937511
vn 0.11896422 -0.99047191 -0.06937511
vn 0.04798645 -0.99825287 -0.03447473
vn 0.04798645 -0.99825287 -0.03447473
vn 0.04798645 -0.99825287 -0.03447473
vn 0.02517905 -0.99917234 -0.03194774
vn 0.02517905 -0.99917234 -0.03194774
vn 0.02517905 -0.99917234 -0.03194774
vn 0.02250791 -0.99953331 -0.02065335
vn 0.02207055 -0.99954804 -0.02041075
vn 0.01826479 -0.99966571 -0.01829961
vn 0.03446744 -0.99822500 -0.04856793
vn 0.03446744 -0.99822500 -0.04856793
vn 0.03446744 -0.99822500 -0.04856793
vn 0.03561475 -0.99147969 -0.12529811
vn 0.03561475 -0.99147969 -0.12529811
vn 0.03561475 -0.99147969 -0.12529811
vn -0.00122264 -0.99953142 -0.03058500
vn -0.00122264 -0.99953142 -0.03058500
vn -0.00122264 -0.99953142 -0.03058500
vn 0.03171175 -0.99944952 0.00974812
vn 0.03171175 -0.99944952 0.00974812
vn 0.03171175 -0.99944952 0.00974812
vn 0.06239768 -0.99804198 0.00432758
vn 0.06239768 -0.99804198 0.00432758
vn 0.06239768 -0.99804198 0.00432758
vn 0.17511141 -0.98454569 -0.00240550
vn 0.17511141 -0.98454569 -0.00240550
vn 0.17511141 -0.98454569 -0.00240550
vn 0.12672348 -0.99163337 -0.02458477
vn 0.12672348 -0.99163337 -0.02458477
vn 0.12672348 -0.99163337 -0.02458477
vn 0.45329454 -0.89135332 -0.00365046
vn 0.42982594 -0.90199331 -0.04071513
vn 0.42982594 -0.90199331 -0.04071513
vn 0.42982594 -0.90199331 -0.04071513
vn 0.42644712 -0.90264329 0.05812001
vn 0.42644712 -0.90264329 0.05812001
vn 0.42644712 -0.90264329 0.05812001
vn 0.44784562 -0.88805449 0.10389185
vn 0.44784562 -0.88805449 0.10389185
vn 0.44784562 -0.88805449 0.10389185
vn 0.42696344 -0.89911177 0.09643773
vn 0.42696344 -0.89911177 0.09643773
vn 0.42696344 -0.89911177 0.09643773
vn 0.44053780 -0.88679417 0.13972312
vn 0.44053780 -0.88679417 0.13972312
vn 0.44053780 -0.88679417 0.13972312
vn 0.26197359 -0.90283620 0.34096428
vn 0.26197359 -0.90283620 0.34096428
vn 0.26197359 -0.90283620 0.34096428
vn 0.24939557 -0.88211914 0.39958438
vn 0.24939557 -0.88211914 0.39958438
vn 0.24939557 -0.88211914 0.39958438
vn 0.17719294 -0.88204101 -0.43658484
vn 0.17719294 -0.88204101 -0.43658484
vn 0.17719294 -0.88204101 -0.43658484
vn 0.19871168 -0.89878836 -0.39075972
vn 0.19871168 -0.89878836 -0.39075972
vn 0.19871168 -0.89878836 -0.39075972
vn 0.39222519 -0.89716962 -0.20309131
vn 0.39222519 -0.89716962 -0.20309131
vn 0.39222519 -0.89716962 -0.20309131
vn 0.38680684 -0.88986444 -0.24191269
vn 0.42846970 -0.89732345 -0.10594496
vn 0.42846970 -0.89732345 -0.10594496
vn 0.42846970 -0.89732345 -0.10594496
vn 0.36655615 -0.92109410 -0.13123354
vn 0.36655615 -0.92109410 -0.13123354
vn 0.36655615 -0.92109410 -0.13123354
vn 0.30738141 -0.94710803 -0.09221199
vn 0.30738141 -0.94710803 -0.09221199
vn 0.30738141 -0.94710803 -0.09221199
vn 0.40031497 -0.91432763 -0.06126104
vn 0.40031497 -0.91432763 -0.06126104
vn 0.40031497 -0.91432763 -0.06126104
vn 0.38711078 -0.91473013 0.11581894
vn 0.38711078 -0.91473013 0.11581894
vn 0.38711078 -0.91473013 0.11581894
vn 0.28940201 -0.94788675 0.13325613
vn 0.28940201 -0.94788675 0.13325613
vn 0.28940201 -0.94788675 0.13325613
vn 0.26840105 -0.95291736 0.14110061
vn 0.26840105 -0.95291736 0.14110061
vn 0.26840105 -0.95291736 0.14110061
vn 0.34222482 -0.90613129 0.24861265
vn 0.34222482 -0.90613129 0.24861265
vn 0.34222482 -0.90613129 0.24861265
vn 0.23542246 -0.95584532 0.17588630
vn 0.23542246 -0.95584532 0.17588630
vn 0.23542246 -0.95584532 0.17588630
vn 0.30605964 -0.90228036 0.30367359
vn 0.30605964 -0.90228036 0.30367359
vn 0.30605964 -0.90228036 0.30367359
vn 0.16784459 -0.95721114 0.23574355
vn 0.16784459 -0.95721114 0.23574355
vn 0.16784459 -0.95721114 0.23574355
vn 0.19824653 -0.90229756 0.38282820
vn 0.19824653 -0.90229756 0.38282820
vn 0.19824653 -0.90229756 0.38282820
vn 0.11066495 -0.96615582 0.23301547
vn 0.11066495 -0.96615582 0.23301547
vn 0.11066495 -0.96615582 0.23301547
vn 0.11682535 -0.94240938 0.31339495
vn 0.11667979 -0.94263779 0.31276161
vn 0.11654937 -0.94284197 0.31219427
vn 0.11651081 -0.94290227 0.31202652
vn 0.09916014 -0.90726846 0.40869452
vn 0.09916014 -0.90726846 0.40869452
vn 0.09916014 -0.90726846 0.40869452
vn -0.12492405 -0.93111422 0.34266645
vn -0.12492405 -0.93111422 0.34266645
vn -0.12492405 -0.93111422 0.34266645
vn -0.12033861 -0.96273882 0.24218296
vn -0.12033861 -0.96273882 0.24218296
vn -0.12033861 -0.96273882 0.24218296
vn -0.14547603 -0.96260139 0.22855040
vn -0.14547603 -0.96260139 0.22855040
vn -0.14547603 -0.96260139 0.22855040
vn -0.23170646 -0.92975532 0.28612439
vn -0.23170646 -0.92975532 0.28612439
vn -0.23170646 -0.92975532 0.28612439
vn -0.20656681 -0.96342629 0.17070423
vn -0.20656681 -0.96342629 0.17070423
vn -0.20656681 -0.96342629 0.17070423
vn -0.31165991 -0.92782238 0.20497252
vn -0.31165991 -0.92782238 0.20497252
vn -0.31165991 -0.92782238 0.20497252
vn -0.36054505 -0.93206436 -0.03554295
vn -0.36054505 -0.93206436 -0.03554295
vn -0.36054505 -0.93206436 -0.03554295
vn -0.26295210 -0.96322566 -0.05524965
vn -0.26295210 -0.96322566 -0.05524965
vn -0.26295210 -0.96322566 -0.05524965
vn -0.25144323 -0.96434527 -0.08255001
vn -0.25144323 -0.96434527 -0.08255001
vn -0.25144323 -0.96434527 -0.08255001
vn -0.33547302 -0.92954691 -0.15297185
vn -0.33547302 -0.92954691 -0.15297185
vn -0.33547302 -0.92954691 -0.15297185
vn -0.21451226 -0.96417756 -0.15603247
vn -0.21451226 -0.96417756 -0.15603247
vn -0.21451226 -0.96417756 -0.15603247
vn -0.26797844 -0.93218050 -0.24336615
vn -0.26797844 -0.93218050 -0.24336615
vn -0.26797844 -0.93218050 -0.24336615
vn -0.15462980 -0.96504193 -0.21162158
vn -0.15462980 -0.96504193 -0.21162158
vn -0.15462980 -0.96504193 -0.21162158
vn -0.17806336 -0.93458951 -0.30795437
vn -0.17806336 -0.93458951 -0.30795437
vn -0.17806336 -0.93458951 -0.30795437
vn -0.12220146 -0.96384772 -0.23677915
vn -0.12220146 -0.96384772 -0.23677915
vn -0.12220146 -0.96384772 -0.23677915
vn -0.13142654 -0.93053664 -0.34180203
vn -0.13142654 -0.93053664 -0.34180203
vn -0.13142654 -0.93053664 -0.34180203
vn -0.04168704 -0.94353797 -0.32863094
vn -0.04168704 -0.94353797 -0.32863094
vn -0.04168704 -0.94353797 -0.32863094
vn 0.00888831 -0.92144857 -0.38839868
vn 0.00888831 -0.92144857 -0.38839868
vn 0.00888831 -0.92144857 -0.38839868
vn 0.00630684 -0.95110478 -0.30880401
vn 0.00630684 -0.95110478 -0.30880401
vn 0.00630684 -0.95110478 -0.30880401
vn 0.06985268 -0.91781460 -0.39081578
vn 0.06985268 -0.91781460 -0.39081578
vn 0.06985268 -0.91781460 -0.39081578
vn 0.08364822 -0.94754375 -0.30848632
vn 0.08364822 -0.94754375 -0.30848632
vn 0.08364822 -0.94754375 -0.30848632
vn 0.15558780 -0.91980674 -0.36020550
vn 0.15558780 -0.91980674 -0.36020550
vn 0.15558780 -0.91980674 -0.36020550
vn 0.12760348 -0.94910744 -0.28794517
vn 0.12760348 -0.94910744 -0.28794517
vn 0.12760348 -0.94910744 -0.28794517
vn 0.19946322 -0.92269431 -0.32992367
vn 0.19946322 -0.92269431 -0.32992367
vn 0.19946322 -0.92269431 -0.32992367
vn 0.18296607 -0.93306630 -0.30969451
vn 0.18296607 -0.93306630 -0.30969451
vn 0.18296607 -0.93306630 -0.30969451
vn 0.21920560 -0.92702782 -0.30425043
vn 0.21920560 -0.92702782 -0.30425043
vn 0.21920560 -0.92702782 -0.30425043
vn 0.25307311 -0.90663516 -0.33758952
vn 0.25307311 -0.90663516 -0.33758952
vn 0.25307311 -0.90663516 -0.33758952
vn 0.22609772 -0.93694177 -0.26649568
vn 0.22609772 -0.93694177 -0.26649568
vn 0.22609772 -0.93694177 -0.26649568
vn 0.28992068 -0.91070320 -0.29422045
vn 0.28992068 -0.91070320 -0.29422045
vn 0.28992068 -0.91070320 -0.29422045
vn 0.26179246 -0.92605853 -0.27180930
vn 0.26179246 -0.92605853 -0.27180930
vn 0.26179246 -0.92605853 -0.27180930
vn 0.28869794 -0.92816900 -0.23485274
vn 0.28869794 -0.92816900 -0.23485274
vn 0.28869794 -0.92816900 -0.23485274
vn 0.27469132 -0.94811047 -0.16009750
vn 0.27469132 -0.94811047 -0.16009750
vn 0.27469132 -0.94811047 -0.16009750
vn 0.37225558 -0.91591194 -0.15010360
vn 0.37225558 -0.91591194 -0.15010360
vn 0.37225558 -0.91591194 -0.15010360
vn 0.10709986 -0.99413774 -0.01482507
vn 0.10709986 -0.99413774 -0.01482507
vn 0.10709986 -0.99413774 -0.01482507
vn 0.28479284 -0.95858903 0.00031964
vn 0.28479284 -0.95858903 0.00031964
vn 0.28479284 -0.95858903 0.00031964
vn 0.34076345 -0.93906439 0.04514814
vn 0.34076345 -0.93906439 0.04514814
vn 0.34076345 -0.93906439 0.04514814
vn 0.15909865 -0.98662206 0.03556018
vn 0.15909865 -0.98662206 0.03556018
vn 0.15909865 -0.98662206 0.03556018
vn 0.22811306 -0.97086361 0.07340495
vn 0.22811306 -0.97086361 0.07340495
vn 0.22811306 -0.97086361 0.07340495
vn 0.34061377 -0.92550651 0.16558970
vn 0.34061377 -0.92550651 0.16558970
vn 0.34061377 -0.92550651 0.16558970
vn 0.36479484 -0.91381487 0.17851361
vn 0.36479484 -0.91381487 0.17851361
vn 0.36479484 -0.91381487 0.17851361
vn 0.28685185 -0.93596937 0.20415034
vn 0.28685185 -0.93596937 0.20415034
vn 0.28685185 -0.93596937 0.20415034
vn 0.16211031 -0.97553249 0.14851465
vn 0.16211031 -0.97553249 0.14851465
vn 0.16211031 -0.97553249 0.14851465
vn 0.12117570 -0.98330607 0.13574100
vn 0.12117570 -0.98330607 0.13574100
vn 0.12117570 -0.98330607 0.13574100
vn 0.19853749 -0.94456515 0.26149483
vn 0.19853749 -0.94456515 0.26149483
vn 0.19853749 -0.94456515 0.26149483
vn 0.23671921 -0.91900612 0.31526461
vn 0.23671921 -0.91900612 0.31526461
vn 0.23671921 -0.91900612 0.31526461
vn 0.16857751 -0.93285867 0.31836507
vn 0.16857751 -0.93285867 0.31836507
vn 0.16857751 -0.93285867 0.31836507
vn 0.07616671 -0.95602625 0.28321802
vn 0.07616671 -0.95602625 0.28321802
vn 0.07616671 -0.95602625 0.28321802
vn 0.03732640 -0.97960980 0.19741170
vn 0.03732640 -0.97960980 0.19741170
vn 0.03732640 -0.97960980 0.19741170
vn 0.02920604 -0.96119822 0.27430822
vn 0.02920604 -0.96119822 0.27430822
vn 0.02920604 -0.96119822 0.27430822
vn 0.02950592 -0.95870300 0.28287445
vn 0.02950592 -0.95870300 0.28287445
vn 0.02950592 -0.95870300 0.28287445
vn 0.00681225 -0.97903939 0.20355705
vn 0.00681225 -0.97903939 0.20355705
vn 0.00681225 -0.97903939 0.20355705
vn -0.01172744 -0.96363902 0.26694999
vn -0.01172744 -0.96363902 0.26694999
vn -0.01172744 -0.96363902 0.26694999
vn -0.01506723 -0.95555528 0.29442671
vn -0.01506723 -0.95555528 0.29442671
vn -0.01506723 -0.95555528 0.29442671
vn -0.02491135 -0.97828100 0.20578073
vn -0.02491135 -0.97828100 0.20578073
vn -0.02491135 -0.97828100 0.20578073
vn -0.05635162 -0.96072106 0.27173432
vn -0.05635162 -0.96072106 0.27173432
vn -0.05635162 -0.96072106 0.27173432
vn -0.05887036 -0.95801171 0.28062047
vn -0.05887036 -0.95801171 0.28062047
vn -0.05887036 -0.95801171 0.28062047
vn -0.05579877 -0.97854857 0.19831589
vn -0.05579877 -0.97854857 0.19831589
vn -0.05579877 -0.97854857 0.19831589
vn -0.10021301 -0.96002031 0.26137782
vn -0.10021301 -0.96002031 0.26137782
vn -0.10021301 -0.96002031 0.26137782
vn -0.18411290 -0.92653758 0.32807096
vn -0.18411290 -0.92653758 0.32807096
vn -0.18411290 -0.92653758 0.32807096
vn -0.19461944 -0.91831823 0.34469537
vn -0.19461944 -0.91831823 0.34469537
vn -0.19461944 -0.91831823 0.34469537
vn -0.18537400 -0.95400624 0.23560259
vn -0.18537400 -0.95400624 0.23560259
vn -0.18537400 -0.95400624 0.23560259
vn -0.14329845 -0.97775066 0.15319658
vn -0.14329845 -0.97775066 0.15319658
vn -0.14329845 -0.97775066 0.15319658
vn -0.19175630 -0.96473479 0.18032280
vn -0.19175630 -0.96473479 0.18032280
vn -0.19175630 -0.96473479 0.18032280
vn -0.26675781 -0.93344888 0.23981964
vn -0.26675781 -0.93344888 0.23981964
vn -0.26675781 -0.93344888 0.23981964
vn -0.14335543 -0.98387762 0.10693011
vn -0.14335543 -0.98387762 0.10693011
vn -0.14335543 -0.98387762 0.10693011
vn -0.21869536 -0.96781221 0.12454664
vn -0.21869536 -0.96781221 0.12454664
vn -0.21869536 -0.96781221 0.12454664
vn -0.25004785 -0.95822895 0.13882853
vn -0.25004785 -0.95822895 0.13882853
vn -0.25004785 -0.95822895 0.13882853
vn -0.19201844 -0.97717131 0.09091289
vn -0.19201844 -0.97717131 0.09091289
vn -0.19201844 -0.97717131 0.09091289
vn -0.28380419 -0.95316855 0.10452224
vn -0.28379498 -0.95317158 0.10451956
vn -0.28377708 -0.95317749 0.10451434
vn -0.28377638 -0.95317772 0.10451414
vn -0.20215992 -0.97752266 0.05983984
vn -0.20215992 -0.97752266 0.05983984
vn -0.20215992 -0.97752266 0.05983984
vn -0.24841080 -0.96727111 0.05175590
vn -0.24841080 -0.96727111 0.05175590
vn -0.24841080 -0.96727111 0.05175590
vn -0.29378700 -0.95416971 0.05700316
vn -0.29378700 -0.95416971 0.05700316
vn -0.29378700 -0.95416971 0.05700316
vn -0.21536900 -0.97617118 0.02657099
vn -0.21536900 -0.97617118 0.02657099
vn -0.21536900 -0.97617118 0.02657099
vn -0.27195136 -0.96222943 0.01252965
vn -0.27195136 -0.96222943 0.01252965
vn -0.27195136 -0.96222943 0.01252965
vn -0.28714252 -0.95781260 0.01200868
vn -0.28714252 -0.95781260 0.01200868
vn -0.28714252 -0.95781260 0.01200868
vn -0.21747679 -0.97605795 -0.00383772
vn -0.21747679 -0.97605795 -0.00383772
vn -0.21747679 -0.97605795 -0.00383772
vn -0.28624477 -0.95759295 -0.03285838
vn -0.28624477 -0.95759295 -0.03285838
vn -0.28624477 -0.95759295 -0.03285838
vn -0.37216638 -0.92284799 -0.09921583
vn -0.37225388 -0.92280965 -0.09924408
vn -0.37237529 -0.92275646 -0.09928327
vn -0.37237836 -0.92275511 -0.09928426
vn -0.26155182 -0.95839023 -0.11436266
vn -0.26155182 -0.95839023 -0.11436266
vn -0.26155182 -0.95839023 -0.11436266
vn -0.18285702 -0.97833104 -0.09711692
vn -0.18285702 -0.97833104 -0.09711692
vn -0.18285702 -0.97833104 -0.09711692
vn -0.23299503 -0.96103544 -0.14874206
vn -0.23299503 -0.96103544 -0.14874206
vn -0.23299503 -0.96103544 -0.14874206
vn -0.29713931 -0.93429834 -0.19696406
vn -0.29713931 -0.93429834 -0.19696406
vn -0.29713931 -0.93429834 -0.19696406
vn -0.21857577 -0.95652639 -0.19308519
vn -0.21857577 -0.95652639 -0.19308519
vn -0.21857577 -0.95652639 -0.19308519
vn -0.14426399 -0.97832136 -0.14857731
vn -0.14426399 -0.97832136 -0.14857731
vn -0.14426399 -0.97832136 -0.14857731
vn -0.17505788 -0.96126356 -0.21290164
vn -0.17505788 -0.96126356 -0.21290164
vn -0.17505788 -0.96126356 -0.21290164
vn -0.21490489 -0.93884339 -0.26905199
vn -0.21490489 -0.93884339 -0.26905199
vn -0.21490489 -0.93884339 -0.26905199
vn -0.18189854 -0.93128315 -0.31563367
vn -0.18189854 -0.93128315 -0.31563367
vn -0.18189854 -0.93128315 -0.31563367
vn -0.11963264 -0.94447296 -0.30603736
vn -0.11963264 -0.94447296 -0.30603736
vn -0.11963264 -0.94447296 -0.30603736
vn -0.05658249 -0.98246734 -0.17764104
vn -0.05658249 -0.98246734 -0.17764104
vn -0.05658249 -0.98246734 -0.17764104
vn -0.04202041 -0.98155547 -0.18650241
vn -0.04202041 -0.98155547 -0.18650241
vn -0.04202041 -0.98155547 -0.18650241
vn -0.06218983 -0.90349697 -0.42405854
vn -0.06218983 -0.90349697 -0.42405854
vn -0.06218983 -0.90349697 -0.42405854
vn -0.05864568 -0.91768360 -0.39295992
vn -0.05864568 -0.91768360 -0.39295992
vn -0.05864568 -0.91768360 -0.39295992
vn 0.00407936 -0.94633115 -0.32317288
vn 0.00407936 -0.94633115 -0.32317288
vn 0.00407936 -0.94633115 -0.32317288
vn 0.09267366 -0.92196748 -0.37601536
vn 0.09267366 -0.92196748 -0.37601536
vn 0.09267366 -0.92196748 -0.37601536
vn 0.14342832 -0.93144757 -0.33441552
vn 0.14342832 -0.93144757 -0.33441552
vn 0.14342832 -0.93144757 -0.33441552
vn 0.41425620 -0.87269410 -0.25845079
vn 0.41425620 -0.87269410 -0.25845079
vn 0.41425620 -0.87269410 -0.25845079
vn 0.58151566 -0.78207905 -0.22403547
vn 0.58151566 -0.78207905 -0.22403547
vn 0.58151566 -0.78207905 -0.22403547
vn -0.00442875 -0.99996274 -0.00740993
vn -0.00349103 -0.99995140 -0.00922025
vn -0.00466334 -0.99996956 -0.00625557
vn 0.00611735 -0.99993676 0.00943732
vn 0.00625674 -0.99993785 0.00922724
vn 0.00625674 -0.99993785 0.00922724
vn 0.00451808 -0.99997560 0.00532822
vn 0.00479751 -0.99995733 0.00789462
vn 0.00454830 -0.99997532 0.00535538
vn 0.00455134 -0.99997529 0.00535811
vn 0.00935482 -0.99992531 0.00786573
vn 0.00802379 -0.99995348 0.00535379
vn 0.00881197 -0.99992700 0.00826717
vn 0.00808259 -0.99993093 0.00853285
vn 0.00996716 -0.99993970 -0.00461102
vn 0.00996716 -0.99993970 -0.00461102
vn 0.00996716 -0.99993970 -0.00461102
vn 0.00770407 -0.99995576 -0.00539591
vn 0.01189089 -0.99991154 -0.00595979
vn 0.01189089 -0.99991154 -0.00595979
vn -0.00529042 -0.99993620 -0.00998001
vn -0.00568542 -0.99994094 -0.00926277
vn -0.00529042 -0.99993620 -0.00998001
vn 0.00549830 -0.99993111 0.01037034
vn 0.00549830 -0.99993111 0.01037034
vn 0.00488529 -0.99995025 0.00869660
vn 0.00476287 -0.99989492 0.01369170
vn 0.00476864 -0.99997843 0.00451674
vn 0.00476864 -0.99997843 0.00451674
vn 0.00476864 -0.99997843 0.00451674
vn 0.00616676 -0.99996752 -0.00518885
vn 0.00616676 -0.99996752 -0.00518885
vn -0.01280746 -0.99988828 0.00770635
vn -0.01280746 -0.99988828 0.00770635
vn -0.01280746 -0.99988828 0.00770635
vn -0.00351467 -0.99999158 0.00211945
vn -0.00389726 -0.99999065 0.00187489
vn -0.00335937 -0.99999205 0.00214625
vn -0.00312348 -0.99999266 0.00221970
vn 0.00914316 -0.99994273 0.00556202
vn 0.00932986 -0.99994072 0.00561354
vn 0.00780899 -0.99996170 0.00395323
vn 0.00769577 -0.99996271 0.00391962
vn 0.01102241 -0.99993301 0.00353336
vn 0.01044148 -0.99993704 0.00410956
vn -0.00595202 -0.99994375 -0.00877868
vn -0.00595202 -0.99994375 -0.00877868
vn -0.00486312 -0.99997428 -0.00527247
vn -0.00486312 -0.99997428 -0.00527247
vn -0.00319944 -0.99998779 -0.00376692
vn -0.00353285 -0.99998718 -0.00362679
vn -0.00340456 -0.99998743 -0.00368071
vn -0.00806945 -0.99994753 -0.00631077
vn -0.00850377 -0.99994295 -0.00646441
vn -0.00547542 -0.99997047 -0.00539313
vn -0.00297967 -0.99999299 0.00226534
vn 0.01122393 -0.99993658 0.00092778
vn 0.01120069 -0.99993692 0.00084076
vn 0.01120069 -0.99993692 0.00084076
vn 0.00281174 -0.99999601 -0.00025436
vn -0.00003909 -0.99999976 0.00068775
vn -0.00027374 -0.99999967 0.00076283
vn -0.01400888 -0.99990187 0.00000004
vn -0.01400888 -0.99990187 0.00000004
vn -0.01400888 -0.99990187 0.00000004
vn 0.01776445 -0.99967976 -0.01802205
vn -0.01869541 -0.99976046 0.01138010
vn -0.01869541 -0.99976046 0.01138010
vn -0.01869541 -0.99976046 0.01138010
vn -0.00856798 -0.99993036 0.00811621
vn -0.00856798 -0.99993036 0.00811621
vn -0.00856798 -0.99993036 0.00811621
vn -0.00326574 -0.99998610 0.00413830
vn -0.00323457 -0.99998574 0.00425008
vn -0.00329435 -0.99998643 0.00403571
vn 0.00453896 -0.99998853 0.00152933
vn 0.00453896 -0.99998853 0.00152933
vn 0.00453896 -0.99998853 0.00152933
vn 0.01858055 -0.99982453 -0.00238376
vn 0.01709573 -0.99985047 -0.00260147
vn 0.01885075 -0.99981956 -0.00234413
vn 0.00206740 -0.99999776 -0.00045494
vn 0.00214302 -0.99999760 -0.00044775
vn 0.01688187 -0.99985402 -0.00263283
vn 0.02036503 -0.99976906 -0.00686183
vn 0.02036503 -0.99976906 -0.00686183
vn 0.02036503 -0.99976906 -0.00686183
vn -0.00373755 -0.99998675 -0.00354074
vn -0.00511217 -0.99997307 -0.00526463
vn -0.00589201 -0.99997725 -0.00328500
vn -0.00589201 -0.99997725 -0.00328500
vn -0.00669040 -0.99997097 -0.00364736
vn -0.00443100 -0.99998663 -0.00266625
vn -0.00443203 -0.99998716 -0.00245727
vn -0.00443299 -0.99998762 -0.00226105
vn -0.00534869 -0.99998263 0.00247468
vn -0.00534869 -0.99998263 0.00247468
vn -0.00543961 -0.99998264 0.00226292
vn -0.00332726 -0.99998679 0.00391772
vn -0.00485962 -0.99997430 0.00527113
vn -0.00485962 -0.99997430 0.00527113
vn -0.00450059 -0.99997108 0.00612990
vn 0.00139845 -0.99999669 0.00216160
vn 0.00139845 -0.99999669 0.00216160
vn 0.00139845 -0.99999669 0.00216160
vn 0.00581540 -0.99994631 -0.00857619
vn 0.00581540 -0.99994631 -0.00857619
vn 0.00581540 -0.99994631 -0.00857619
vn 0.00989769 -0.99982721 -0.01573492
vn 0.00989769 -0.99982721 -0.01573492
vn 0.00989769 -0.99982721 -0.01573492
vn 0.00393622 -0.99996469 -0.00742433
vn 0.00388540 -0.99994603 -0.00963545
vn 0.00393622 -0.99996469 -0.00742433
vn -0.00214482 -0.99998229 -0.00555228
vn -0.00228229 -0.99996395 -0.00817834
vn -0.00324483 -0.99995087 -0.00936679
vn -0.00443401 -0.99998807 -0.00205147
vn -0.00592861 -0.99998243 0.00000956
vn -0.00661659 -0.99997784 0.00074071
vn -0.00526251 -0.99998614 0.00017646
vn -0.00593386 -0.99994409 0.00875203
vn -0.00593386 -0.99994409 0.00875203
vn -0.00593386 -0.99994409 0.00875203
vn -0.00154200 -0.99998317 0.00559336
vn -0.00165628 -0.99998070 0.00598729
vn -0.00409890 -0.99994952 0.00917398
vn -0.00442869 -0.99994682 0.00931418
vn 0.00389749 -0.99994467 -0.00977070
vn 0.00326087 -0.99994564 -0.00990420
vn 0.00346872 -0.99994509 -0.00988821
vn -0.00413121 -0.99996556 0.00719770
vn 0.00314009 -0.99995002 0.00949170
vn 0.00267176 -0.99994395 0.01024496
vn 0.00446140 -0.99990935 0.01270395
vn -0.00236890 -0.99999591 0.00160537
vn -0.00236890 -0.99999591 0.00160537
vn -0.00236890 -0.99999591 0.00160537
vn 0.00276473 -0.99994660 -0.00995724
vn -0.01025373 -0.99994076 -0.00365158
vn -0.00816585 -0.99995854 -0.00402861
vn -0.00885111 -0.99995792 -0.00241102
vn -0.01057767 -0.99994205 -0.00200363
vn -0.01064069 -0.99994224 -0.00151503
vn -0.00123879 -0.99998455 0.00541862
vn 0.00114234 -0.99999089 0.00411300
vn 0.00086840 -0.99999098 0.00415685
vn 0.00114234 -0.99999089 0.00411300
vn 0.00093629 -0.99998383 0.00560897
vn 0.00036769 -0.99984541 -0.01757924
vn 0.00036769 -0.99984541 -0.01757924
vn 0.00338138 -0.99971128 -0.02378903
vn -0.00038464 -0.99997470 -0.00710230
vn -0.00152426 -0.99995366 -0.00950601
vn -0.00038464 -0.99997470 -0.00710230
vn -0.00155648 -0.99997325 -0.00714690
vn -0.00619581 -0.99998080 -0.00004963
vn -0.00085202 -0.99999089 0.00418198
vn -0.00038606 -0.99998981 0.00449764
vn -0.00085202 -0.99999089 0.00418198
vn -0.00085907 -0.99998589 0.00524242
vn -0.00085907 -0.99998589 0.00524242
vn -0.00024752 -0.99998952 0.00457232
vn -0.00026340 -0.99998910 0.00466056
vn -0.00006528 -0.99998967 0.00454421
vn 0.00345925 -0.99970719 -0.02394947
vn 0.00345925 -0.99970719 -0.02394947
vn -0.00542932 -0.99998471 0.00104650
vn -0.00570458 -0.99998254 0.00153945
vn -0.00571223 -0.99998239 0.00160808
vn 0.00030695 -0.99998395 0.00565653
vn 0.00030695 -0.99998395 0.00565653
vn 0.00060844 -0.99998459 0.00551758
vn -0.00154994 -0.99995989 -0.00882144
vn -0.00427842 -0.99998952 0.00162961
vn -0.00427842 -0.99998952 0.00162961
vn 0.00046654 -0.99999098 0.00422117
vn 0.00088401 -0.99998508 0.00539059
vn 0.04692131 -0.49931611 -0.86514844
vn 0.04689276 -0.49945834 -0.86506788
vn 0.04689573 -0.49944354 -0.86507626
vn 0.23180548 -0.49931082 -0.83483826
vn 0.23180539 -0.49930030 -0.83484458
vn 0.23180633 -0.49940129 -0.83478391
vn 0.04692418 -0.49930180 -0.86515654
vn 0.14016458 -0.49930758 -0.85501218
vn 0.14016458 -0.49930758 -0.85501218
vn 0.14016458 -0.49930758 -0.85501218
vn 0.14013779 -0.49941034 -0.85495656
vn 0.14013779 -0.49941034 -0.85495656
vn 0.14013779 -0.49941034 -0.85495656
vn 0.23180642 -0.49941145 -0.83477781
vn 0.40579650 -0.49948318 -0.76540561
vn 0.40587303 -0.49930095 -0.76548392
vn 0.40578761 -0.49950435 -0.76539651
vn 0.32066186 -0.49936298 -0.80486806
vn 0.32066242 -0.49935295 -0.80487406
vn 0.32065689 -0.49945228 -0.80481462
vn 0.32065631 -0.49946266 -0.80480841
vn 0.56085047 -0.49944527 -0.66030385
vn 0.56091865 -0.49930959 -0.66034854
vn 0.56084255 -0.49946103 -0.66029866
vn 0.40588163 -0.49928049 -0.76549272
vn 0.48625426 -0.49925446 -0.71714837
vn 0.48624680 -0.49927052 -0.71714224
vn 0.48618268 -0.49940875 -0.71708947
vn 0.48617548 -0.49942426 -0.71708354
vn 0.68966987 -0.49950223 -0.52426424
vn 0.68968719 -0.49947140 -0.52427083
vn 0.68966786 -0.49950581 -0.52426347
vn 0.56092631 -0.49929436 -0.66035356
vn 0.62902151 -0.49931999 -0.59582841
vn 0.62901371 -0.49933456 -0.59582443
vn 0.62894660 -0.49945995 -0.59579018
vn 0.62893906 -0.49947402 -0.59578633
vn 0.78628889 -0.49942452 -0.36376494
vn 0.78624315 -0.49950145 -0.36375817
vn 0.78629420 -0.49941558 -0.36376573
vn 0.68968913 -0.49946794 -0.52427157
vn 0.74232200 -0.49946119 -0.44665039
vn 0.74232547 -0.49945522 -0.44665130
vn 0.74235537 -0.49940380 -0.44665910
vn 0.74235872 -0.49939803 -0.44665997
vn 0.78623802 -0.49951008 -0.36375741
vn 0.81944774 -0.49959841 -0.28090359
vn 0.81944774 -0.49959841 -0.28090359
vn 0.81944774 -0.49959841 -0.28090359
vn 0.80670836 -0.52472540 -0.27181773
vn 0.80670836 -0.52472540 -0.27181773
vn 0.80670836 -0.52472540 -0.27181773
vn 0.84705169 -0.49773660 -0.18644492
vn 0.84693296 -0.49793621 -0.18645133
vn 0.84609964 -0.49933419 -0.18649599
vn 0.86633818 -0.49945787 0.00000002
vn 0.86633818 -0.49945787 0.00000002
vn 0.86633818 -0.49945787 0.00000002
vn 0.84601003 -0.49948423 -0.18650076
vn 0.86124875 -0.49947717 -0.09366509
vn 0.86124760 -0.49947924 -0.09366461
vn 0.86125898 -0.49945873 -0.09366935
vn 0.86126017 -0.49945659 -0.09366985
vn 0.86633818 -0.49945787 0.00000002
vn 0.84610629 -0.49942033 0.18623499
vn 0.84611102 -0.49941245 0.18623466
vn 0.84606565 -0.49948813 0.18623783
vn 0.86126610 -0.49944717 0.09366554
vn 0.86126846 -0.49944318 0.09366512
vn 0.86124507 -0.49948272 0.09366933
vn 0.86124263 -0.49948685 0.09366977
vn 0.84606108 -0.49949574 0.18623815
vn 0.82102437 -0.49939793 0.27662373
vn 0.82103074 -0.49938733 0.27662397
vn 0.82096764 -0.49949240 0.27662153
vn 0.82096105 -0.49950337 0.27662128
vn 0.78624712 -0.49949094 0.36376403
vn 0.78624289 -0.49949805 0.36376341
vn 0.78628474 -0.49942765 0.36376960
vn 0.78628912 -0.49942029 0.36377025
vn 0.74230870 -0.49948896 0.44664144
vn 0.74231189 -0.49948110 0.44664492
vn 0.74233939 -0.49941344 0.44667488
vn 0.74234248 -0.49940585 0.44667824
vn 0.68971992 -0.49940019 0.52429560
vn 0.68971795 -0.49940572 0.52429293
vn 0.68970102 -0.49945325 0.52426992
vn 0.68969912 -0.49945859 0.52426734
vn 0.62895121 -0.49945638 0.59578829
vn 0.62895338 -0.49944921 0.59579202
vn 0.62897200 -0.49938750 0.59582410
vn 0.62897409 -0.49938057 0.59582770
vn 0.56090081 -0.49937782 0.66031210
vn 0.56090363 -0.49937221 0.66031395
vn 0.56087570 -0.49942778 0.66029564
vn 0.56087279 -0.49943359 0.66029373
vn 0.48619787 -0.49937214 0.71710466
vn 0.48619104 -0.49938685 0.71709905
vn 0.48625868 -0.49924105 0.71715470
vn 0.48626575 -0.49922582 0.71716052
vn 0.32064559 -0.49953846 0.80476564
vn 0.32065049 -0.49945038 0.80481835
vn 0.32064502 -0.49954869 0.80475951
vn 0.40587067 -0.49928882 0.76549309
vn 0.40588346 -0.49925837 0.76550617
vn 0.40575683 -0.49955984 0.76537661
vn 0.40574360 -0.49959132 0.76536308
vn 0.32065104 -0.49944049 0.80482427
vn 0.23176291 -0.49939291 0.83480098
vn 0.23176313 -0.49941662 0.83478674
vn 0.23176503 -0.49962049 0.83466420
vn 0.04689189 -0.49938008 0.86511310
vn 0.04689738 -0.49941982 0.86508987
vn 0.04689125 -0.49937547 0.86511580
vn 0.23176524 -0.49964338 0.83465045
vn 0.14012886 -0.49961892 0.85483615
vn 0.14012130 -0.49964787 0.85482046
vn 0.14019612 -0.49936100 0.85497581
vn 0.14020394 -0.49933101 0.85499204
vn -0.13868144 -0.50510920 0.85184045
vn -0.13868144 -0.50510920 0.85184045
vn -0.13868144 -0.50510920 0.85184045
vn 0.04689800 -0.49942427 0.86508726
vn -0.04688990 -0.49947096 0.86506075
vn -0.04689380 -0.49945196 0.86507151
vn -0.04692653 -0.49929263 0.86516170
vn -0.04693008 -0.49927532 0.86517150
vn -0.14011172 -0.49964774 0.85482211
vn -0.14011172 -0.49964774 0.85482211
vn -0.14011172 -0.49964774 0.85482211
vn -0.23176460 -0.49962062 0.83466425
vn -0.23176481 -0.49964353 0.83465047
vn -0.23176270 -0.49941647 0.83478694
vn -0.23176247 -0.49939274 0.83480120
vn -0.32065026 -0.49945019 0.80481856
vn -0.32065081 -0.49944025 0.80482451
vn -0.32064534 -0.49953862 0.80476564
vn -0.32064476 -0.49954891 0.80475948
vn -0.48626067 -0.49923630 0.71715666
vn -0.48619214 -0.49938404 0.71710026
vn -0.48626864 -0.49921913 0.71716321
vn -0.40574328 -0.49959159 0.76536308
vn -0.40575679 -0.49955943 0.76537691
vn -0.40587308 -0.49928257 0.76549589
vn -0.40588614 -0.49925146 0.76550925
vn -0.48618445 -0.49940062 0.71709393
vn -0.56180235 -0.49942130 0.65951231
vn -0.56180235 -0.49942130 0.65951231
vn -0.56180235 -0.49942130 0.65951231
vn -0.55825672 -0.50640160 0.65719621
vn -0.55825672 -0.50640160 0.65719621
vn -0.55825672 -0.50640160 0.65719621
vn -0.62862557 -0.50022157 0.59548995
vn -0.62864026 -0.50017240 0.59551574
vn -0.62849237 -0.50066694 0.59525621
vn -0.62847588 -0.50072204 0.59522727
vn -0.68773672 -0.50361432 0.52286788
vn -0.68758035 -0.50404832 0.52265528
vn -0.68908817 -0.49983701 0.52470987
vn -0.68924645 -0.49939153 0.52492613
vn -0.74234329 -0.49941788 0.44666344
vn -0.74234391 -0.49941634 0.44666412
vn -0.74233770 -0.49943162 0.44665736
vn -0.74233706 -0.49943321 0.44665665
vn -0.78631204 -0.49937697 0.36378018
vn -0.78630496 -0.49938887 0.36377914
vn -0.78624409 -0.49949126 0.36377013
vn -0.78623726 -0.49950275 0.36376911
vn -0.82095797 -0.49950849 0.27662117
vn -0.82096431 -0.49949794 0.27662142
vn -0.82101884 -0.49940714 0.27662352
vn -0.82102496 -0.49939695 0.27662376
vn -0.84610485 -0.49942246 0.18623584
vn -0.84610146 -0.49942811 0.18623607
vn -0.84607229 -0.49947676 0.18623811
vn -0.84606902 -0.49948223 0.18623834
vn -0.86125083 -0.49947300 0.09366823
vn -0.86125242 -0.49947031 0.09366795
vn -0.86126611 -0.49944716 0.09366548
vn -0.86126764 -0.49944456 0.09366521
vn -0.86632953 -0.49947287 0.00000002
vn -0.86633031 -0.49947151 -0.00000021
vn -0.86633706 -0.49945980 -0.00000220
vn -0.86633782 -0.49945849 -0.00000242
vn -0.86116759 -0.49943414 -0.09463570
vn -0.86116759 -0.49943414 -0.09463570
vn -0.86116759 -0.49943414 -0.09463570
vn -0.85798202 -0.50513389 -0.09330917
vn -0.85798202 -0.50513389 -0.09330917
vn -0.85798202 -0.50513389 -0.09330917
vn -0.84626267 -0.49911832 -0.18633411
vn -0.84624444 -0.49915297 -0.18632408
vn -0.84609614 -0.49943474 -0.18624246
vn -0.84607918 -0.49946695 -0.18623313
vn -0.82098080 -0.49946735 -0.27662771
vn -0.82097901 -0.49947099 -0.27662646
vn -0.82096362 -0.49950225 -0.27661567
vn -0.82096189 -0.49950576 -0.27661446
vn -0.78624325 -0.49951344 -0.36374149
vn -0.78624734 -0.49950440 -0.36374507
vn -0.78628249 -0.49942662 -0.36377588
vn -0.78628644 -0.49941789 -0.36377934
vn -0.74234811 -0.49940998 -0.44666425
vn -0.74234570 -0.49941592 -0.44666162
vn -0.74232492 -0.49946704 -0.44663899
vn -0.74232259 -0.49947278 -0.44663645
vn -0.68966505 -0.49950952 -0.52426364
vn -0.68966586 -0.49950725 -0.52426473
vn -0.68967281 -0.49948774 -0.52427418
vn -0.68967359 -0.49948555 -0.52427524
vn -0.62893988 -0.49947230 -0.59578692
vn -0.62893170 -0.49948757 -0.59578274
vn -0.62901272 -0.49933621 -0.59582409
vn -0.62902118 -0.49932040 -0.59582841
vn -0.56091833 -0.49930995 -0.66034854
vn -0.56092598 -0.49929472 -0.66035356
vn -0.56085014 -0.49944563 -0.66030385
vn -0.56084222 -0.49946139 -0.66029866
vn -0.40579640 -0.49948292 -0.76540584
vn -0.40578728 -0.49950461 -0.76539651
vn -0.40587485 -0.49929611 -0.76548612
vn -0.48618264 -0.49940845 -0.71708970
vn -0.48617515 -0.49942458 -0.71708354
vn -0.48624933 -0.49926470 -0.71714458
vn -0.48625708 -0.49924799 -0.71715096
vn -0.40588366 -0.49927513 -0.76549513
vn -0.32065606 -0.49946287 -0.80480838
vn -0.32065664 -0.49945245 -0.80481462
vn -0.32066163 -0.49936278 -0.80486827
vn -0.14016246 -0.49932660 -0.85500142
vn -0.14016246 -0.49932660 -0.85500142
vn -0.14016246 -0.49932660 -0.85500142
vn -0.32066219 -0.49935271 -0.80487430
vn -0.23180495 -0.49930012 -0.83484481
vn -0.23180505 -0.49931067 -0.83483847
vn -0.23180590 -0.49940142 -0.83478395
vn -0.23180599 -0.49941160 -0.83477783
vn -0.14014058 -0.49941050 -0.85495600
vn -0.14014058 -0.49941050 -0.85495600
vn -0.14014058 -0.49941050 -0.85495600
vn -0.04689487 -0.49938023 -0.86511286
vn -0.04689524 -0.49938287 -0.86511131
vn -0.04689838 -0.49940560 -0.86509802
vn -0.04689873 -0.49940815 -0.86509653
vn 0.97448034 -0.19788105 0.10597719
vn 0.97448034 -0.19788105 0.10597719
vn 0.97448034 -0.19788105 0.10597719
vn 0.98196872 0.18139104 0.05324219
vn 0.98196872 0.18139104 0.05324219
vn 0.98196872 0.18139104 0.05324219
vn 0.97044524 0.18145179 0.15909522
vn 0.97044524 0.18145179 0.15909522
vn 0.97044524 0.18145179 0.15909522
vn 0.95729952 -0.19792058 0.21072509
vn 0.95729952 -0.19792058 0.21072509
vn 0.95729952 -0.19792058 0.21072509
vn 0.94757381 0.18133678 0.26309854
vn 0.94757381 0.18133678 0.26309854
vn 0.94757381 0.18133678 0.26309854
vn 0.92893008 -0.19782388 0.31297702
vn 0.92893008 -0.19782388 0.31297702
vn 0.92893008 -0.19782388 0.31297702
vn 0.91355284 0.18149736 0.36397792
vn 0.91355284 0.18149736 0.36397792
vn 0.91355284 0.18149736 0.36397792
vn 0.88960551 -0.19798896 0.41158523
vn 0.88960551 -0.19798896 0.41158523
vn 0.88960551 -0.19798896 0.41158523
vn 0.86884259 0.18143088 0.46064671
vn 0.86884259 0.18143088 0.46064671
vn 0.86884259 0.18143088 0.46064671
vn 0.83990474 -0.19785682 0.50538373
vn 0.83990474 -0.19785682 0.50538373
vn 0.83990474 -0.19785682 0.50538373
vn 0.81398914 0.18121354 0.55189068
vn 0.81398914 0.18121354 0.55189068
vn 0.81398914 0.18121354 0.55189068
vn 0.78035654 -0.19794980 0.59317751
vn 0.78035654 -0.19794980 0.59317751
vn 0.78035654 -0.19794980 0.59317751
vn 0.74946849 0.18167399 0.63662512
vn 0.74946849 0.18167399 0.63662512
vn 0.74946849 0.18167399 0.63662512
vn 0.71164603 -0.19770995 0.67414442
vn 0.71164603 -0.19770995 0.67414442
vn 0.71164603 -0.19770995 0.67414442
vn 0.67630312 0.18134879 0.71395148
vn 0.67630312 0.18134879 0.71395148
vn 0.67630312 0.18134879 0.71395148
vn 0.63460286 -0.19787342 0.74707786
vn 0.63460286 -0.19787342 0.74707786
vn 0.63460286 -0.19787342 0.74707786
vn 0.59510325 0.18159212 0.78286424
vn 0.59510325 0.18159212 0.78286424
vn 0.59510325 0.18159212 0.78286424
vn 0.55009690 -0.19773662 0.81135296
vn 0.55009690 -0.19773662 0.81135296
vn 0.55009690 -0.19773662 0.81135296
vn 0.50702971 0.18135510 0.84263349
vn 0.50702971 0.18135510 0.84263349
vn 0.50702971 0.18135510 0.84263349
vn 0.45918900 -0.19781514 0.86603385
vn 0.45918900 -0.19781514 0.86603385
vn 0.45918900 -0.19781514 0.86603385
vn 0.41288499 0.18181801 0.89245067
vn 0.41288499 0.18181801 0.89245067
vn 0.41288499 0.18181801 0.89245067
vn 0.36280680 -0.19773187 0.91064446
vn 0.36280680 -0.19773187 0.91064446
vn 0.36280680 -0.19773187 0.91064446
vn 0.31400599 0.18134978 0.93194018
vn 0.31400599 0.18134978 0.93194018
vn 0.31400599 0.18134978 0.93194018
vn 0.26226858 -0.19781708 0.94450177
vn 0.26226858 -0.19781708 0.94450177
vn 0.26226858 -0.19781708 0.94450177
vn 0.21140413 0.18162294 0.96037566
vn 0.21140413 0.18162294 0.96037566
vn 0.21140413 0.18162294 0.96037566
vn 0.15855672 -0.19792110 0.96730916
vn 0.15855672 -0.19792110 0.96730916
vn 0.15855672 -0.19792110 0.96730916
vn 0.10632522 0.18124192 0.97767393
vn 0.10632522 0.18124192 0.97767393
vn 0.10632522 0.18124192 0.97767393
vn 0.05306374 -0.19796015 0.97877271
vn 0.05306374 -0.19796015 0.97877271
vn 0.05306374 -0.19796015 0.97877271
vn -0.00000006 0.18137108 0.98341473
vn -0.00000006 0.18137108 0.98341473
vn -0.00000006 0.18137108 0.98341473
vn -0.05309240 -0.19804200 0.97875460
vn -0.05309240 -0.19804200 0.97875460
vn -0.05309240 -0.19804200 0.97875460
vn -0.10632896 0.18106035 0.97770717
vn -0.10632896 0.18106035 0.97770717
vn -0.10632896 0.18106035 0.97770717
vn -0.15854581 -0.19798225 0.96729843
vn -0.15854581 -0.19798225 0.96729843
vn -0.15854581 -0.19798225 0.96729843
vn -0.21140418 0.18162212 0.96037580
vn -0.21140418 0.18162212 0.96037580
vn -0.21140418 0.18162212 0.96037580
vn -0.26226828 -0.19781810 0.94450164
vn -0.26226828 -0.19781810 0.94450164
vn -0.26226828 -0.19781810 0.94450164
vn -0.31400651 0.18135466 0.93193905
vn -0.31400651 0.18135466 0.93193905
vn -0.31400651 0.18135466 0.93193905
vn -0.36280754 -0.19772043 0.91064665
vn -0.36280754 -0.19772043 0.91064665
vn -0.36280754 -0.19772043 0.91064665
vn -0.41288370 0.18182443 0.89244996
vn -0.41288370 0.18182443 0.89244996
vn -0.41288370 0.18182443 0.89244996
vn -0.45918895 -0.19781778 0.86603327
vn -0.45918895 -0.19781778 0.86603327
vn -0.45918895 -0.19781778 0.86603327
vn -0.50702885 0.18136511 0.84263186
vn -0.50702885 0.18136511 0.84263186
vn -0.50702885 0.18136511 0.84263186
vn -0.55009622 -0.19773017 0.81135499
vn -0.55009622 -0.19773017 0.81135499
vn -0.55009622 -0.19773017 0.81135499
vn -0.59510121 0.18160908 0.78286186
vn -0.59510121 0.18160908 0.78286186
vn -0.59510121 0.18160908 0.78286186
vn -0.63460466 -0.19786770 0.74707783
vn -0.63460466 -0.19786770 0.74707783
vn -0.63460466 -0.19786770 0.74707783
vn -0.67630374 0.18134616 0.71395155
vn -0.67630374 0.18134616 0.71395155
vn -0.67630374 0.18134616 0.71395155
vn -0.71164661 -0.19769514 0.67414816
vn -0.71164661 -0.19769514 0.67414816
vn -0.71164661 -0.19769514 0.67414816
vn -0.74946561 0.18170286 0.63662027
vn -0.74946561 0.18170286 0.63662027
vn -0.74946561 0.18170286 0.63662027
vn -0.78036544 -0.19789625 0.59318367
vn -0.78036544 -0.19789625 0.59318367
vn -0.78036544 -0.19789625 0.59318367
vn -0.81398234 0.18124993 0.55188877
vn -0.81398234 0.18124993 0.55188877
vn -0.81398234 0.18124993 0.55188877
vn -0.83989850 -0.19793656 0.50536288
vn -0.83989850 -0.19793656 0.50536288
vn -0.83989850 -0.19793656 0.50536288
vn -0.86886930 0.18126947 0.46065988
vn -0.86886930 0.18126947 0.46065988
vn -0.86886930 0.18126947 0.46065988
vn -0.88958714 -0.19806987 0.41158602
vn -0.88958714 -0.19806987 0.41158602
vn -0.88958714 -0.19806987 0.41158602
vn -0.91355771 0.18146717 0.36398074
vn -0.91355771 0.18146717 0.36398074
vn -0.91355771 0.18146717 0.36398074
vn -0.92892482 -0.19784840 0.31297713
vn -0.92892482 -0.19784840 0.31297713
vn -0.92892482 -0.19784840 0.31297713
vn -0.94757611 0.18132389 0.26309915
vn -0.94757611 0.18132389 0.26309915
vn -0.94757611 0.18132389 0.26309915
vn -0.95729492 -0.19794585 0.21072226
vn -0.95729492 -0.19794585 0.21072226
vn -0.95729492 -0.19794585 0.21072226
vn -0.97044923 0.18143229 0.15909308
vn -0.97044923 0.18143229 0.15909308
vn -0.97044923 0.18143229 0.15909308
vn -0.97448041 -0.19788061 0.10597738
vn -0.97448041 -0.19788061 0.10597738
vn -0.97448041 -0.19788061 0.10597738
vn -0.98196399 0.18141700 0.05324100
vn -0.98196399 0.18141700 0.05324100
vn -0.98196399 0.18141700 0.05324100
vn -0.98022309 -0.19789564 -0.00000275
vn -0.98022309 -0.19789564 -0.00000275
vn -0.98022309 -0.19789564 -0.00000275
vn -0.98196709 0.18139951 -0.05324339
vn -0.98196709 0.18139951 -0.05324339
vn -0.98196709 0.18139951 -0.05324339
vn -0.97448644 -0.19785032 -0.10597846
vn -0.97448644 -0.19785032 -0.10597846
vn -0.97448644 -0.19785032 -0.10597846
vn -0.97044607 0.18145232 -0.15908955
vn -0.97044607 0.18145232 -0.15908955
vn -0.97044607 0.18145232 -0.15908955
vn -0.95730013 -0.19792725 -0.21071607
vn -0.95730013 -0.19792725 -0.21071607
vn -0.95730013 -0.19792725 -0.21071607
vn -0.94756578 0.18138795 -0.26309219
vn -0.94756578 0.18138795 -0.26309219
vn -0.94756578 0.18138795 -0.26309219
vn -0.92891653 -0.19787375 -0.31298571
vn -0.92891653 -0.19787375 -0.31298571
vn -0.92891653 -0.19787375 -0.31298571
vn -0.91355649 0.18145507 -0.36398984
vn -0.91355649 0.18145507 -0.36398984
vn -0.91355649 0.18145507 -0.36398984
vn -0.88961012 -0.19796756 -0.41158556
vn -0.88961012 -0.19796756 -0.41158556
vn -0.88961012 -0.19796756 -0.41158556
vn -0.86885096 0.18137455 -0.46065311
vn -0.86885096 0.18137455 -0.46065311
vn -0.86885096 0.18137455 -0.46065311
vn -0.83993263 -0.19778096 -0.50536706
vn -0.83993263 -0.19778096 -0.50536706
vn -0.83993263 -0.19778096 -0.50536706
vn -0.81394391 0.18152068 -0.55185646
vn -0.81394391 0.18152068 -0.55185646
vn -0.81394391 0.18152068 -0.55185646
vn -0.78037226 -0.19775978 -0.59322020
vn -0.78037226 -0.19775978 -0.59322020
vn -0.78037226 -0.19775978 -0.59322020
vn -0.74950249 0.18153436 -0.63662493
vn -0.74950249 0.18153436 -0.63662493
vn -0.74950249 0.18153436 -0.63662493
vn -0.71160990 -0.19797249 -0.67410552
vn -0.71160990 -0.19797249 -0.67410552
vn -0.71160990 -0.19797249 -0.67410552
vn -0.67632759 0.18111179 -0.71398845
vn -0.67632759 0.18111179 -0.71398845
vn -0.67632759 0.18111179 -0.71398845
vn -0.63456984 -0.19809017 -0.74704846
vn -0.63456984 -0.19809017 -0.74704846
vn -0.63456984 -0.19809017 -0.74704846
vn -0.59515213 0.18125777 -0.78290457
vn -0.59515213 0.18125777 -0.78290457
vn -0.59515213 0.18125777 -0.78290457
vn -0.55003423 -0.19824142 -0.81127226
vn -0.55003423 -0.19824142 -0.81127226
vn -0.55003423 -0.19824142 -0.81127226
vn -0.50704450 0.18095740 -0.84271009
vn -0.50704450 0.18095740 -0.84271009
vn -0.50704450 0.18095740 -0.84271009
vn -0.45917312 -0.19801570 -0.86599644
vn -0.45917312 -0.19801570 -0.86599644
vn -0.45917312 -0.19801570 -0.86599644
vn -0.41288336 0.18169149 -0.89247719
vn -0.41288336 0.18169149 -0.89247719
vn -0.41288336 0.18169149 -0.89247719
vn -0.36280128 -0.19775368 -0.91064193
vn -0.36280128 -0.19775368 -0.91064193
vn -0.36280128 -0.19775368 -0.91064193
vn -0.31401343 0.18129343 -0.93194864
vn -0.31401343 0.18129343 -0.93194864
vn -0.31401343 0.18129343 -0.93194864
vn -0.26226753 -0.19790816 -0.94448298
vn -0.26226753 -0.19790816 -0.94448298
vn -0.26226753 -0.19790816 -0.94448298
vn -0.21141229 0.18152870 -0.96039168
vn -0.21141229 0.18152870 -0.96039168
vn -0.21141229 0.18152870 -0.96039168
vn -0.15854899 -0.19806584 -0.96728080
vn -0.15854899 -0.19806584 -0.96728080
vn -0.15854899 -0.19806584 -0.96728080
vn -0.10635231 0.18094225 -0.97772649
vn -0.10635231 0.18094225 -0.97772649
vn -0.10635231 0.18094225 -0.97772649
vn -0.05305959 -0.19838517 -0.97868688
vn -0.05305959 -0.19838517 -0.97868688
vn -0.05305959 -0.19838517 -0.97868688
vn -0.00000006 0.18095040 -0.98349222
vn -0.00000006 0.18095040 -0.98349222
vn -0.00000006 0.18095040 -0.98349222
vn 0.05308142 -0.19840394 -0.97868189
vn 0.05308142 -0.19840394 -0.97868189
vn 0.05308142 -0.19840394 -0.97868189
vn 0.10635321 0.18089051 -0.97773597
vn 0.10635321 0.18089051 -0.97773597
vn 0.10635321 0.18089051 -0.97773597
vn 0.15854811 -0.19807141 -0.96727980
vn 0.15854811 -0.19807141 -0.96727980
vn 0.15854811 -0.19807141 -0.96727980
vn 0.21141224 0.18152952 -0.96039153
vn 0.21141224 0.18152952 -0.96039153
vn 0.21141224 0.18152952 -0.96039153
vn 0.26226782 -0.19790715 -0.94448311
vn 0.26226782 -0.19790715 -0.94448311
vn 0.26226782 -0.19790715 -0.94448311
vn 0.31401291 0.18128854 -0.93194976
vn 0.31401291 0.18128854 -0.93194976
vn 0.31401291 0.18128854 -0.93194976
vn 0.36280053 -0.19776512 -0.91063974
vn 0.36280053 -0.19776512 -0.91063974
vn 0.36280053 -0.19776512 -0.91063974
vn 0.41288464 0.18168507 -0.89247790
vn 0.41288464 0.18168507 -0.89247790
vn 0.41288464 0.18168507 -0.89247790
vn 0.45917299 -0.19800802 -0.86599826
vn 0.45917299 -0.19800802 -0.86599826
vn 0.45917299 -0.19800802 -0.86599826
vn 0.50704282 0.18097416 -0.84270750
vn 0.50704282 0.18097416 -0.84270750
vn 0.50704282 0.18097416 -0.84270750
vn 0.55003637 -0.19822336 -0.81127523
vn 0.55003637 -0.19822336 -0.81127523
vn 0.55003637 -0.19822336 -0.81127523
vn 0.59514987 0.18127937 -0.78290128
vn 0.59514987 0.18127937 -0.78290128
vn 0.59514987 0.18127937 -0.78290128
vn 0.63457318 -0.19806525 -0.74705223
vn 0.63457318 -0.19806525 -0.74705223
vn 0.63457318 -0.19806525 -0.74705223
vn 0.67632419 0.18113634 -0.71398545
vn 0.67632419 0.18113634 -0.71398545
vn 0.67632419 0.18113634 -0.71398545
vn 0.71161237 -0.19797114 -0.67410331
vn 0.71161237 -0.19797114 -0.67410331
vn 0.71161237 -0.19797114 -0.67410331
vn 0.74950082 0.18153772 -0.63662593
vn 0.74950082 0.18153772 -0.63662593
vn 0.74950082 0.18153772 -0.63662593
vn 0.78037456 -0.19778448 -0.59320894
vn 0.78037456 -0.19778448 -0.59320894
vn 0.78037456 -0.19778448 -0.59320894
vn 0.81394550 0.18151846 -0.55185485
vn 0.81394550 0.18151846 -0.55185485
vn 0.81394550 0.18151846 -0.55185485
vn 0.83993451 -0.19777281 -0.50536713
vn 0.83993451 -0.19777281 -0.50536713
vn 0.83993451 -0.19777281 -0.50536713
vn 0.86884870 0.18138588 -0.46065291
vn 0.86884870 0.18138588 -0.46065291
vn 0.86884870 0.18138588 -0.46065291
vn 0.88961257 -0.19795762 -0.41158505
vn 0.88961257 -0.19795762 -0.41158505
vn 0.88961257 -0.19795762 -0.41158505
vn 0.91356218 0.18142361 -0.36399123
vn 0.91356218 0.18142361 -0.36399123
vn 0.91356218 0.18142361 -0.36399123
vn 0.93287487 -0.16723934 -0.31902269
vn 0.93287487 -0.16723934 -0.31902269
vn 0.93287487 -0.16723934 -0.31902269
vn 0.94504741 0.19502645 -0.26239300
vn 0.94504741 0.19502645 -0.26239300
vn 0.94504741 0.19502645 -0.26239300
vn 0.97044505 0.18145549 -0.15909217
vn 0.97044505 0.18145549 -0.15909217
vn 0.97044505 0.18145549 -0.15909217
vn 0.95588512 -0.20402372 -0.21132432
vn 0.95588512 -0.20402372 -0.21132432
vn 0.95588512 -0.20402372 -0.21132432
vn 0.98021685 -0.19792656 0.00000001
vn 0.98021685 -0.19792656 0.00000001
vn 0.98021685 -0.19792656 0.00000001
vn 0.98196809 0.18139379 -0.05324438
vn 0.98196809 0.18139379 -0.05324438
vn 0.98196809 0.18139379 -0.05324438
vn 0.97448444 -0.19785950 -0.10597967
vn 0.97448444 -0.19785950 -0.10597967
vn 0.97448444 -0.19785950 -0.10597967
vn -0.00000033 1.00000000 -0.00000004
vn -0.00000033 1.00000000 -0.00000004
vn -0.00000033 1.00000000 -0.00000004
vn -0.00000033 1.00000000 -0.00000004
vn -0.00000033 1.00000000 -0.00000004
vn -0.00000033 1.00000000 -0.00000004
vn -0.00000033 1.00000000 -0.00000004
vn -0.00000033 1.00000000 -0.00000004
vn -0.00000033 1.00000000 -0.00000004
vn -0.00000033 1.00000000 -0.00000004
vn -0.00000033 1.00000000 -0.00000004
vn -0.00000033 1.00000000 -0.00000004
vn -0.00000033 1.00000000 -0.00000004
vn -0.00000033 1.00000000 -0.00000004
vn -0.00000033 1.00000000 -0.00000004
vn -0.00000033 1.00000000 -0.00000004
vn -0.00000033 1.00000000 -0.00000004
vn -0.00000033 1.00000000 -0.00000004
vn -0.00000033 1.00000000 -0.00000004
vn -0.00000033 1.00000000 -0.00000004
vn -0.00000033 1.00000000 -0.00000004
vn -0.00000033 1.00000000 -0.00000004
vn -0.00000033 1.00000000 -0.00000004
vn -0.00000033 1.00000000 -0.00000004
vn -0.00000033 1.00000000 -0.00000004
vn -0.00000033 1.00000000 -0.00000004
vn -0.00000033 1.00000000 -0.00000004
vn -0.00000033 1.00000000 -0.00000004
vn -0.00000033 1.00000000 -0.00000004
vn -0.00000033 1.00000000 -0.00000004
vn -0.00000033 1.00000000 -0.00000004
vn -0.00000033 1.00000000 -0.00000004
vn -0.00000033 1.00000000 -0.00000004
vn -0.00000033 1.00000000 -0.00000004
vn -0.00000033 1.00000000 -0.00000004
vn -0.00000033 1.00000000 -0.00000004
vn -0.00000033 1.00000000 -0.00000004
vn -0.00000033 1.00000000 -0.00000004
vn -0.00000033 1.00000000 -0.00000004
vn -0.00000033 1.00000000 -0.00000004
vn -0.00000033 1.00000000 -0.00000004
vn -0.00000033 1.00000000 -0.00000004
vn -0.00000033 1.00000000 -0.00000004
vn -0.00000033 1.00000000 -0.00000004
vn -0.00000033 1.00000000 -0.00000004
vn -0.00000033 1.00000000 -0.00000004
vn -0.00000033 1.00000000 -0.00000004
vn -0.00000033 1.00000000 -0.00000004
vn -0.00000033 1.00000000 -0.00000004
vn -0.00000033 1.00000000 -0.00000004
vn -0.00000033 1.00000000 -0.00000004
vn -0.00000033 1.00000000 -0.00000004
vn -0.00000033 1.00000000 -0.00000004
vn -0.00000033 1.00000000 -0.00000004
vn -0.00000033 1.00000000 -0.00000004
vn -0.00000033 1.00000000 -0.00000004
vn -0.00000033 1.00000000 -0.00000004
vn -0.00000033 1.00000000 -0.00000004
vn -0.00000033 1.00000000 -0.00000004
vn -0.00000033 1.00000000 -0.00000004
vn -0.00000033 1.00000000 -0.00000004
vn -0.00000033 1.00000000 -0.00000004
vn -0.00000033 1.00000000 -0.00000004
vn -0.00000033 1.00000000 -0.00000004
vn -0.00000033 1.00000000 -0.00000004
vn -0.00000033 1.00000000 -0.00000004
vn -0.00000033 1.00000000 -0.00000004
vn -0.00000033 1.00000000 -0.00000004
vn -0.00000033 1.00000000 -0.00000004
vn -0.00000033 1.00000000 -0.00000004
vn -0.00000033 1.00000000 -0.00000004
vn -0.00000033 1.00000000 -0.00000004
vn -0.00000033 1.00000000 -0.00000004
vn -0.00000033 1.00000000 -0.00000004
vn -0.00000033 1.00000000 -0.00000004
vn -0.00000033 1.00000000 -0.00000004
vn -0.00000033 1.00000000 -0.00000004
vn -0.00000033 1.00000000 -0.00000004
vn -0.00000033 1.00000000 -0.00000004
vn -0.00000033 1.00000000 -0.00000004
vn -0.00000033 1.00000000 -0.00000004
vn -0.00000033 1.00000000 -0.00000004
vn -0.00000033 1.00000000 -0.00000004
vn -0.00000033 1.00000000 -0.00000004
vn -0.00000033 1.00000000 -0.00000004
vn -0.00000033 1.00000000 -0.00000004
vn -0.00000033 1.00000000 -0.00000004
vn -0.00000033 1.00000000 -0.00000004
vn -0.00000033 1.00000000 -0.00000004
vn -0.00000033 1.00000000 -0.00000004
vn -0.00000033 1.00000000 -0.00000004
vn -0.00000033 1.00000000 -0.00000004
vn -0.00000033 1.00000000 -0.00000004
vn -0.00000033 1.00000000 -0.00000004
vn -0.00000033 1.00000000 -0.00000004
vn -0.00000033 1.00000000 -0.00000004
vn -0.00000033 1.00000000 -0.00000004
vn -0.00000033 1.00000000 -0.00000004
vn -0.00000033 1.00000000 -0.00000004
vn -0.00000033 1.00000000 -0.00000004
vn -0.00000033 1.00000000 -0.00000004
vn -0.00000033 1.00000000 -0.00000004
vn -0.00000033 1.00000000 -0.00000004
vn -0.00000033 1.00000000 -0.00000004
vn -0.00000033 1.00000000 -0.00000004
vn -0.00000033 1.00000000 -0.00000004
vn -0.00000033 1.00000000 -0.00000004
vn -0.00000033 1.00000000 -0.00000004
vn -0.00000033 1.00000000 -0.00000004
vn -0.00000033 1.00000000 -0.00000004
vn -0.00000033 1.00000000 -0.00000004
vn -0.00000033 1.00000000 -0.00000004
vn -0.00000033 1.00000000 -0.00000004
vn -0.00000033 1.00000000 -0.00000004
vn -0.00000033 1.00000000 -0.00000004
vn 0.98088158 -0.10526123 0.16368079
vn 0.98088158 -0.10526123 0.16368079
vn 0.98088158 -0.10526123 0.16368079
vn 0.98046654 0.00855820 0.19649969
vn 0.98046654 0.00855820 0.19649969
vn 0.98046654 0.00855820 0.19649969
vn 0.96114022 -0.04841403 0.27178219
vn 0.96114022 -0.04841403 0.27178219
vn 0.96114022 -0.04841403 0.27178219
vn 0.96085232 -0.07406274 0.26697852
vn 0.96085232 -0.07406274 0.26697852
vn 0.96085232 -0.07406274 0.26697852
vn 0.94131861 0.01660892 0.33711041
vn 0.94131861 0.01660892 0.33711041
vn 0.94131861 0.01660892 0.33711041
vn 0.92059426 -0.11264919 0.37392026
vn 0.92059426 -0.11264919 0.37392026
vn 0.92059426 -0.11264919 0.37392026
vn 0.90815251 0.01964204 0.41817844
vn 0.90815251 0.01964204 0.41817844
vn 0.90815251 0.01964204 0.41817844
vn 0.87709056 -0.07363849 0.47464674
vn 0.87709056 -0.07363849 0.47464674
vn 0.87709056 -0.07363849 0.47464674
vn 0.87492472 -0.03118288 0.48325394
vn 0.87492472 -0.03118288 0.48325394
vn 0.87492472 -0.03118288 0.48325394
vn 0.82160453 0.02017922 0.56970062
vn 0.82160453 0.02017922 0.56970062
vn 0.82160453 0.02017922 0.56970062
vn 0.82472555 -0.17160944 0.53886730
vn 0.82472555 -0.17160944 0.53886730
vn 0.82472555 -0.17160944 0.53886730
vn 0.78885191 0.01377675 0.61442890
vn 0.78885191 0.01377675 0.61442890
vn 0.78885191 0.01377675 0.61442890
vn 0.75038033 -0.09949045 0.65347610
vn 0.75038033 -0.09949045 0.65347610
vn 0.75038033 -0.09949045 0.65347610
vn 0.74005135 -0.01648017 0.67234843
vn 0.74005135 -0.01648017 0.67234843
vn 0.74005135 -0.01648017 0.67234843
vn 0.67670438 -0.04028536 0.73515187
vn 0.67670438 -0.04028536 0.73515187
vn 0.67670438 -0.04028536 0.73515187
vn 0.68228041 -0.11539672 0.72192593
vn 0.68228041 -0.11539672 0.72192593
vn 0.68228041 -0.11539672 0.72192593
vn 0.62933226 0.01221293 0.77704038
vn 0.62933226 0.01221293 0.77704038
vn 0.62933226 0.01221293 0.77704038
vn 0.58855180 -0.11164952 0.80071291
vn 0.58855180 -0.11164952 0.80071291
vn 0.58855180 -0.11164952 0.80071291
vn 0.56068889 0.01691582 0.82785374
vn 0.56068889 0.01691582 0.82785374
vn 0.56068889 0.01691582 0.82785374
vn 0.49926244 -0.05414965 0.86475710
vn 0.49926244 -0.05414965 0.86475710
vn 0.49926244 -0.05414965 0.86475710
vn 0.49950594 -0.05605807 0.86449483
vn 0.49950594 -0.05605807 0.86449483
vn 0.49950594 -0.05605807 0.86449483
vn 0.43693362 0.01675207 0.89933774
vn 0.43693362 0.01675207 0.89933774
vn 0.43693362 0.01675207 0.89933774
vn 0.39920812 -0.11167309 0.91003407
vn 0.39920812 -0.11167309 0.91003407
vn 0.39920812 -0.11167309 0.91003407
vn 0.35853534 0.01302587 0.93342527
vn 0.35853534 0.01302587 0.93342527
vn 0.35853534 0.01302587 0.93342527
vn 0.29728369 -0.09021668 0.95051742
vn 0.29728369 -0.09021668 0.95051742
vn 0.29728369 -0.09021668 0.95051742
vn 0.28744982 -0.04057803 0.95693575
vn 0.28744982 -0.04057803 0.95693575
vn 0.28744982 -0.04057803 0.95693575
vn 0.19167603 -0.00937249 0.98141350
vn 0.19167603 -0.00937249 0.98141350
vn 0.19167603 -0.00937249 0.98141350
vn 0.21115848 -0.14931291 0.96598020
vn 0.21115848 -0.14931291 0.96598020
vn 0.21115848 -0.14931291 0.96598020
vn 0.13743049 0.01402223 0.99041216
vn 0.13743049 0.01402223 0.99041216
vn 0.13743049 0.01402223 0.99041216
vn 0.08210701 -0.10735895 0.99082415
vn 0.08210701 -0.10735895 0.99082415
vn 0.08210701 -0.10735895 0.99082415
vn 0.05365996 0.00211743 0.99855702
vn 0.05365996 0.00211743 0.99855702
vn 0.05365996 0.00211743 0.99855702
vn -0.02753472 -0.03794038 0.99890058
vn -0.02753472 -0.03794038 0.99890058
vn -0.02753472 -0.03794038 0.99890058
vn -0.01628339 -0.10340412 0.99450613
vn -0.01628339 -0.10340412 0.99450613
vn -0.01628339 -0.10340412 0.99450613
vn -0.09876987 0.01601986 0.99498134
vn -0.09876987 0.01601986 0.99498134
vn -0.09876987 0.01601986 0.99498134
vn -0.13662534 -0.10202672 0.98535479
vn -0.13662534 -0.10202672 0.98535479
vn -0.13662534 -0.10202672 0.98535479
vn -0.17431879 0.02175376 0.98444895
vn -0.17431879 0.02175376 0.98444895
vn -0.17431879 0.02175376 0.98444895
vn -0.24493815 -0.06625277 0.96727239
vn -0.24493815 -0.06625277 0.96727239
vn -0.24493815 -0.06625277 0.96727239
vn -0.24960895 -0.04299767 0.96739163
vn -0.24960895 -0.04299767 0.96739163
vn -0.24960895 -0.04299767 0.96739163
vn -0.35044206 0.03495057 0.93593206
vn -0.35044206 0.03495057 0.93593206
vn -0.35044206 0.03495057 0.93593206
vn -0.31765330 -0.17776157 0.93139530
vn -0.31765330 -0.17776157 0.93139530
vn -0.31765330 -0.17776157 0.93139530
vn -0.39817531 0.03228756 0.91674093
vn -0.39817531 0.03228756 0.91674093
vn -0.39817531 0.03228756 0.91674093
vn -0.44998123 -0.08320158 0.88915375
vn -0.44998123 -0.08320158 0.88915375
vn -0.44998123 -0.08320158 0.88915375
vn -0.46414606 -0.01751613 0.88558547
vn -0.46414606 -0.01751613 0.88558547
vn -0.46414606 -0.01751613 0.88558547
vn -0.54688377 -0.01557647 0.83706362
vn -0.54688377 -0.01557647 0.83706362
vn -0.54688377 -0.01557647 0.83706362
vn -0.52632628 -0.13404839 0.83964973
vn -0.52632628 -0.13404839 0.83964973
vn -0.52632628 -0.13404839 0.83964973
vn -0.59547221 0.01352545 0.80326204
vn -0.59547221 0.01352545 0.80326204
vn -0.59547221 0.01352545 0.80326204
vn -0.63184546 -0.10988130 0.76726620
vn -0.63184546 -0.10988130 0.76726620
vn -0.63184546 -0.10988130 0.76726620
vn -0.66174641 0.01213581 0.74962952
vn -0.66174641 0.01213581 0.74962952
vn -0.66174641 0.01213581 0.74962952
vn -0.71608064 -0.04454063 0.69659504
vn -0.71608064 -0.04454063 0.69659504
vn -0.71608064 -0.04454063 0.69659504
vn -0.70837672 -0.09018973 0.70004874
vn -0.70837672 -0.09018973 0.70004874
vn -0.70837672 -0.09018973 0.70004874
vn -0.76817528 0.01332118 0.64010100
vn -0.76817528 0.01332118 0.64010100
vn -0.76817528 0.01332118 0.64010100
vn -0.78524437 -0.09919279 0.61118907
vn -0.78524437 -0.09919279 0.61118907
vn -0.78524437 -0.09919279 0.61118907
vn -0.81284302 0.02775745 0.58182106
vn -0.81284302 0.02775745 0.58182106
vn -0.81284302 0.02775745 0.58182106
vn -0.84960726 -0.07360730 0.52225422
vn -0.84960726 -0.07360730 0.52225422
vn -0.84960726 -0.07360730 0.52225422
vn -0.85522268 -0.03681082 0.51695177
vn -0.85522268 -0.03681082 0.51695177
vn -0.85522268 -0.03681082 0.51695177
vn -0.90424698 0.01580984 0.42671706
vn -0.90424698 0.01580984 0.42671706
vn -0.90424698 0.01580984 0.42671706
vn -0.87891963 -0.17197274 0.44488836
vn -0.87891963 -0.17197274 0.44488836
vn -0.87891963 -0.17197274 0.44488836
vn -0.92655039 0.01371850 0.37592044
vn -0.92655039 0.01371850 0.37592044
vn -0.92655039 0.01371850 0.37592044
vn -0.94112398 -0.09950185 0.32308674
vn -0.94112398 -0.09950185 0.32308674
vn -0.94112398 -0.09950185 0.32308674
vn -0.95230193 -0.01650565 0.30471068
vn -0.95230193 -0.01650565 0.30471068
vn -0.95230193 -0.01650565 0.30471068
vn -0.97500486 -0.04028445 0.21850099
vn -0.97500486 -0.04028445 0.21850099
vn -0.97500486 -0.04028445 0.21850099
vn -0.96907501 -0.09638518 0.22716411
vn -0.96907501 -0.09638518 0.22716411
vn -0.96907501 -0.09638518 0.22716411
vn -0.98669490 0.02392286 0.16081318
vn -0.98669490 0.02392286 0.16081318
vn -0.98669490 0.02392286 0.16081318
vn -0.98771270 -0.11167980 0.10932172
vn -0.98771270 -0.11167980 0.10932172
vn -0.98771270 -0.11167980 0.10932172
vn -0.99711232 0.00253246 0.07589868
vn -0.99711232 0.00253246 0.07589868
vn -0.99711232 0.00253246 0.07589868
vn -0.99758285 -0.06948705 0.00000000
vn -0.99758285 -0.06948705 0.00000000
vn -0.99758285 -0.06948705 0.00000000
vn -0.99833749 -0.05759130 -0.00234599
vn -0.99833749 -0.05759130 -0.00234599
vn -0.99833749 -0.05759130 -0.00234599
vn -0.99729136 0.01288741 -0.07241448
vn -0.99729136 0.01288741 -0.07241448
vn -0.99729136 0.01288741 -0.07241448
vn -0.98769408 -0.11184481 -0.10932131
vn -0.98769408 -0.11184481 -0.10932131
vn -0.98769408 -0.11184481 -0.10932131
vn -0.98763193 0.01288384 -0.15625996
vn -0.98763193 0.01288384 -0.15625996
vn -0.98763193 0.01288384 -0.15625996
vn -0.97181714 -0.09022840 -0.21778493
vn -0.97181714 -0.09022840 -0.21778493
vn -0.97181714 -0.09022840 -0.21778493
vn -0.97246080 -0.04060861 -0.22950151
vn -0.97246080 -0.04060861 -0.22950151
vn -0.97246080 -0.04060861 -0.22950151
vn -0.94577447 -0.00938454 -0.32468843
vn -0.94577447 -0.00938454 -0.32468843
vn -0.94577447 -0.00938454 -0.32468843
vn -0.94212099 -0.14959567 -0.30004861
vn -0.94212099 -0.14959567 -0.30004861
vn -0.94212099 -0.14959567 -0.30004861
vn -0.92641084 0.01399543 -0.37625402
vn -0.92641084 0.01399543 -0.37625402
vn -0.92641084 0.01399543 -0.37625402
vn -0.89914577 -0.10722914 -0.42430979
vn -0.89914577 -0.10722914 -0.42430979
vn -0.89914577 -0.10722914 -0.42430979
vn -0.89111214 0.00627813 -0.45373972
vn -0.89111214 0.00627813 -0.45373972
vn -0.89111214 0.00627813 -0.45373972
vn -0.85143380 -0.03380958 -0.52337118
vn -0.85143380 -0.03380958 -0.52337118
vn -0.85143380 -0.03380958 -0.52337118
vn -0.85327554 -0.08961395 -0.51370243
vn -0.85327554 -0.08961395 -0.51370243
vn -0.85327554 -0.08961395 -0.51370243
vn -0.81641793 0.01922849 -0.57714125
vn -0.81641793 0.01922849 -0.57714125
vn -0.81641793 0.01922849 -0.57714125
vn -0.78412274 -0.11255056 -0.61031459
vn -0.78412274 -0.11255056 -0.61031459
vn -0.78412274 -0.11255056 -0.61031459
vn -0.76495749 0.00698680 -0.64404288
vn -0.76495749 0.00698680 -0.64404288
vn -0.76495749 0.00698680 -0.64404288
vn -0.71463657 -0.07732780 -0.69520859
vn -0.71463657 -0.07732780 -0.69520859
vn -0.71463657 -0.07732780 -0.69520859
vn -0.71232154 -0.05354159 -0.69980806
vn -0.71232154 -0.05354159 -0.69980806
vn -0.71232154 -0.05354159 -0.69980806
vn -0.63552260 0.02496287 -0.77167861
vn -0.63552260 0.02496287 -0.77167861
vn -0.63552260 0.02496287 -0.77167861
vn -0.64770493 -0.18921345 -0.73802208
vn -0.64770493 -0.18921345 -0.73802208
vn -0.64770493 -0.18921345 -0.73802208
vn -0.59160638 0.02406390 -0.80586774
vn -0.59160638 0.02406390 -0.80586774
vn -0.59160638 0.02406390 -0.80586774
vn -0.54505379 -0.08317059 -0.83426556
vn -0.54505379 -0.08317059 -0.83426556
vn -0.54505379 -0.08317059 -0.83426556
vn -0.53385813 -0.01163024 -0.84549408
vn -0.53385813 -0.01163024 -0.84549408
vn -0.53385813 -0.01163024 -0.84549408
vn -0.45149677 -0.01042235 -0.89221188
vn -0.45149677 -0.01042235 -0.89221188
vn -0.45149677 -0.01042235 -0.89221188
vn -0.46324721 -0.12132540 -0.87788505
vn -0.46324721 -0.12132540 -0.87788505
vn -0.46324721 -0.12132540 -0.87788505
vn -0.40082548 0.02138306 -0.91590485
vn -0.40082548 0.02138306 -0.91590485
vn -0.40082548 0.02138306 -0.91590485
vn -0.34852145 -0.10996516 -0.93082784
vn -0.34852145 -0.10996516 -0.93082784
vn -0.34852145 -0.10996516 -0.93082784
vn -0.31828033 0.01212170 -0.94791914
vn -0.31828033 0.01212170 -0.94791914
vn -0.31828033 0.01212170 -0.94791914
vn -0.24523798 -0.04449072 -0.96844148
vn -0.24523798 -0.04449072 -0.96844148
vn -0.24523798 -0.04449072 -0.96844148
vn -0.24986598 -0.07499485 -0.96537183
vn -0.24986598 -0.07499485 -0.96537183
vn -0.24986598 -0.07499485 -0.96537183
vn -0.17464431 0.02160104 -0.98439462
vn -0.17464431 0.02160104 -0.98439462
vn -0.17464431 0.02160104 -0.98439462
vn -0.13662971 -0.10217431 -0.98533889
vn -0.13662971 -0.10217431 -0.98533889
vn -0.13662971 -0.10217431 -0.98533889
vn -0.09910351 0.01600098 -0.99494847
vn -0.09910351 0.01600098 -0.99494847
vn -0.09910351 0.01600098 -0.99494847
vn -0.02745736 -0.08431761 -0.99606056
vn -0.02745736 -0.08431761 -0.99606056
vn -0.02745736 -0.08431761 -0.99606056
vn -0.02034786 -0.05119842 -0.99848119
vn -0.02034786 -0.05119842 -0.99848119
vn -0.02034786 -0.05119842 -0.99848119
vn 0.08257139 0.00409435 -0.99657674
vn 0.08257139 0.00409435 -0.99657674
vn 0.08257139 0.00409435 -0.99657674
vn 0.05476908 -0.17087346 -0.98376959
vn 0.05476908 -0.17087346 -0.98376959
vn 0.05476908 -0.17087346 -0.98376959
vn 0.13775386 0.01358856 -0.99037328
vn 0.13775386 0.01358856 -0.99037328
vn 0.13775386 0.01358856 -0.99037328
vn 0.19075109 -0.09951509 -0.97658116
vn 0.19075109 -0.09951509 -0.97658116
vn 0.19075109 -0.09951509 -0.97658116
vn 0.21224468 -0.01655940 -0.97707624
vn 0.21224468 -0.01655940 -0.97707624
vn 0.21224468 -0.01655940 -0.97707624
vn 0.29826177 -0.04037943 -0.95362960
vn 0.29826177 -0.04037943 -0.95362960
vn 0.29826177 -0.04037943 -0.95362960
vn 0.28700827 -0.10047159 -0.95264459
vn 0.28700827 -0.10047159 -0.95264459
vn 0.28700827 -0.10047159 -0.95264459
vn 0.35901518 0.02811091 -0.93290829
vn 0.35901518 0.02811091 -0.93290829
vn 0.35901518 0.02811091 -0.93290829
vn 0.39964819 -0.10102736 -0.91108441
vn 0.39964819 -0.10102736 -0.91108441
vn 0.39964819 -0.10102736 -0.91108441
vn 0.43292465 0.02087026 -0.90118848
vn 0.43292465 0.02087026 -0.90118848
vn 0.43292465 0.02087026 -0.90118848
vn 0.49926881 -0.05417566 -0.86475179
vn 0.49926881 -0.05417566 -0.86475179
vn 0.49926881 -0.05417566 -0.86475179
vn 0.49891086 -0.05613273 -0.86483355
vn 0.49891086 -0.05613273 -0.86483355
vn 0.49891086 -0.05613273 -0.86483355
vn 0.56036050 0.01668851 -0.82808068
vn 0.56036050 0.01668851 -0.82808068
vn 0.56036050 0.01668851 -0.82808068
vn 0.58851224 -0.11187726 -0.80071020
vn 0.58851224 -0.11187726 -0.80071020
vn 0.58851224 -0.11187726 -0.80071020
vn 0.62917397 0.01297393 -0.77715622
vn 0.62917397 0.01297393 -0.77715622
vn 0.62917397 0.01297393 -0.77715622
vn 0.67452746 -0.09006105 -0.73273578
vn 0.67452746 -0.09006105 -0.73273578
vn 0.67452746 -0.09006105 -0.73273578
vn 0.68496869 -0.04054313 -0.72744357
vn 0.68496869 -0.04054313 -0.72744357
vn 0.68496869 -0.04054313 -0.72744357
vn 0.75407372 -0.00930835 -0.65672382
vn 0.75407372 -0.00930835 -0.65672382
vn 0.75407372 -0.00930835 -0.65672382
vn 0.73088443 -0.14967250 -0.66588745
vn 0.73088443 -0.14967250 -0.66588745
vn 0.73088443 -0.14967250 -0.66588745
vn 0.78906878 0.01407817 -0.61414352
vn 0.78906878 0.01407817 -0.61414352
vn 0.78906878 0.01407817 -0.61414352
vn 0.81705455 -0.10713278 -0.56651957
vn 0.81705455 -0.10713278 -0.56651957
vn 0.81705455 -0.10713278 -0.56651957
vn 0.83622801 -0.00936974 -0.54830185
vn 0.83622801 -0.00936974 -0.54830185
vn 0.83622801 -0.00936974 -0.54830185
vn 0.87832199 -0.05104474 -0.47533663
vn 0.87832199 -0.05104474 -0.47533663
vn 0.87832199 -0.05104474 -0.47533663
vn 0.87333363 -0.08505908 -0.47963875
vn 0.87333363 -0.08505908 -0.47963875
vn 0.87333363 -0.08505908 -0.47963875
vn 0.90890282 0.02265344 -0.41639222
vn 0.90890282 0.02265344 -0.41639222
vn 0.90890282 0.02265344 -0.41639222
vn 0.92122818 -0.10649458 -0.37416247
vn 0.92122818 -0.10649458 -0.37416247
vn 0.92122818 -0.10649458 -0.37416247
vn 0.93946948 0.00962556 -0.34249736
vn 0.93946948 0.00962556 -0.34249736
vn 0.93946948 0.00962556 -0.34249736
vn 0.95939080 -0.07726626 -0.27129176
vn 0.95939080 -0.07726626 -0.27129176
vn 0.95939080 -0.07726626 -0.27129176
vn 0.96346802 -0.04099538 -0.26466727
vn 0.96346802 -0.04099538 -0.26466727
vn 0.96346802 -0.04099538 -0.26466727
vn 0.98576568 0.03475310 -0.16449391
vn 0.98576568 0.03475310 -0.16449391
vn 0.98576568 0.03475310 -0.16449391
vn 0.96311278 -0.18880982 -0.19174104
vn 0.96311278 -0.18880982 -0.19174104
vn 0.96311278 -0.18880982 -0.19174104
vn 0.99342901 0.01328328 -0.11367653
vn 0.99342901 0.01328328 -0.11367653
vn 0.99342901 0.01328328 -0.11367653
vn 0.99393795 -0.09528899 -0.05483947
vn 0.99393795 -0.09528899 -0.05483947
vn 0.99393795 -0.09528899 -0.05483947
vn 0.99861976 -0.03367862 -0.04030284
vn 0.99861976 -0.03367862 -0.04030284
vn 0.99861976 -0.03367862 -0.04030284
vn 0.99802009 -0.03039687 0.05506294
vn 0.99802009 -0.03039687 0.05506294
vn 0.99802009 -0.03039687 0.05506294
vn 0.99263695 -0.11403359 0.04084383
vn 0.99263695 -0.11403359 0.04084383
vn 0.99263695 -0.11403359 0.04084383
vn 0.99328121 0.02658007 0.11263185
vn 0.99328121 0.02658007 0.11263185
vn 0.99328121 0.02658007 0.11263185
vn 0.31262875 -0.91298714 0.26214071
vn 0.31262875 -0.91298714 0.26214071
vn 0.31262875 -0.91298714 0.26214071
vn 0.31015554 -0.92192176 0.23208579
vn 0.31015554 -0.92192176 0.23208579
vn 0.31015554 -0.92192176 0.23208579
vn -0.49214401 -0.85667494 -0.15460375
vn -0.49214401 -0.85667494 -0.15460375
vn -0.49214401 -0.85667494 -0.15460375
vn -0.52649940 -0.84094917 -0.12491150
vn -0.52649940 -0.84094917 -0.12491150
vn -0.52649940 -0.84094917 -0.12491150
vn -0.51054238 -0.85107550 -0.12254375
vn -0.51054238 -0.85107550 -0.12254375
vn -0.51054238 -0.85107550 -0.12254375
vn -0.52962250 -0.84421258 -0.08249316
vn -0.52962250 -0.84421258 -0.08249316
vn -0.52962250 -0.84421258 -0.08249316
vn -0.72854431 -0.68213072 -0.06261684
vn -0.72854431 -0.68213072 -0.06261684
vn -0.72854431 -0.68213072 -0.06261684
vn -0.74791361 -0.66376521 0.00640088
vn -0.74791361 -0.66376521 0.00640088
vn -0.74791361 -0.66376521 0.00640088
vn -0.50765724 -0.85775429 -0.08088077
vn -0.50765724 -0.85775429 -0.08088077
vn -0.50765724 -0.85775429 -0.08088077
vn -0.53578209 -0.84361356 -0.03540777
vn -0.53578209 -0.84361356 -0.03540777
vn -0.53578209 -0.84361356 -0.03540777
vn 0.42155653 -0.84574931 -0.32710580
vn 0.42155653 -0.84574931 -0.32710580
vn 0.42155653 -0.84574931 -0.32710580
vn 0.43007033 -0.85791433 -0.28110944
vn 0.43007033 -0.85791433 -0.28110944
vn 0.43007033 -0.85791433 -0.28110944
vn -0.27266275 -0.95680097 0.10093028
vn -0.27266275 -0.95680097 0.10093028
vn -0.27266275 -0.95680097 0.10093028
vn -0.28293565 -0.95532539 0.08544479
vn -0.28293565 -0.95532539 0.08544479
vn -0.28293565 -0.95532539 0.08544479
vn 0.44649468 -0.84512436 -0.29395121
vn 0.44649468 -0.84512436 -0.29395121
vn 0.44649468 -0.84512436 -0.29395121
vn 0.45965736 -0.85370723 -0.24474287
vn 0.45965736 -0.85370723 -0.24474287
vn 0.45965736 -0.85370723 -0.24474287
vn 0.15539902 -0.98665585 -0.04859396
vn 0.15539902 -0.98665585 -0.04859396
vn 0.15539902 -0.98665585 -0.04859396
vn 0.15479277 -0.98763909 -0.02466212
vn 0.15479277 -0.98763909 -0.02466212
vn 0.15479277 -0.98763909 -0.02466212
vn -0.28273750 -0.95865575 0.03222826
vn -0.28273750 -0.95865575 0.03222826
vn -0.28273750 -0.95865575 0.03222826
vn -0.30311720 -0.95287937 0.01186843
vn -0.30311720 -0.95287937 0.01186843
vn -0.30311720 -0.95287937 0.01186843
vn -0.52855502 -0.84846997 -0.02698707
vn -0.52855502 -0.84846997 -0.02698707
vn -0.52855502 -0.84846997 -0.02698707
vn -0.53948502 -0.84012758 -0.05604961
vn -0.53948502 -0.84012758 -0.05604961
vn -0.53948502 -0.84012758 -0.05604961
vn 0.62107154 -0.70083391 -0.35085892
vn 0.62107154 -0.70083391 -0.35085892
vn 0.62107154 -0.70083391 -0.35085892
vn 0.62530642 -0.72823735 -0.28046791
vn 0.62530642 -0.72823735 -0.28046791
vn 0.62530642 -0.72823735 -0.28046791
vn 0.56705379 -0.78147268 -0.26028917
vn 0.56705379 -0.78147268 -0.26028917
vn 0.56705379 -0.78147268 -0.26028917
vn 0.56810307 -0.79762205 -0.20262764
vn 0.56810307 -0.79762205 -0.20262764
vn 0.56810307 -0.79762205 -0.20262764
vn 0.50307197 -0.84415695 -0.18525021
vn 0.50307197 -0.84415695 -0.18525021
vn 0.50307197 -0.84415695 -0.18525021
vn 0.50585749 -0.85257027 -0.13127123
vn 0.50585749 -0.85257027 -0.13127123
vn 0.50585749 -0.85257027 -0.13127123
vn -0.29123280 -0.95659494 0.01046817
vn -0.29123280 -0.95659494 0.01046817
vn -0.29123280 -0.95659494 0.01046817
vn -0.29561268 -0.95529464 -0.00502908
vn -0.29561268 -0.95529464 -0.00502908
vn -0.29561268 -0.95529464 -0.00502908
vn -0.61018078 -0.78200589 -0.12706773
vn -0.61018078 -0.78200589 -0.12706773
vn -0.61018078 -0.78200589 -0.12706773
vn -0.61268665 -0.77179234 -0.17015182
vn -0.61268665 -0.77179234 -0.17015182
vn -0.61268665 -0.77179234 -0.17015182
vn 0.52421599 -0.84439238 -0.11044955
vn 0.52421599 -0.84439238 -0.11044955
vn 0.52421599 -0.84439238 -0.11044955
vn 0.50345786 -0.86211188 -0.05738720
vn 0.50345786 -0.86211188 -0.05738720
vn 0.50345786 -0.86211188 -0.05738720
vn -0.28702080 -0.95704032 -0.04114465
vn -0.28702080 -0.95704032 -0.04114465
vn -0.28702080 -0.95704032 -0.04114465
vn -0.29219762 -0.95507461 -0.04952813
vn -0.29219762 -0.95507461 -0.04952813
vn -0.29219762 -0.95507461 -0.04952813
vn 0.10269970 -0.99460282 0.01476492
vn 0.10269970 -0.99460282 0.01476492
vn 0.10269970 -0.99460282 0.01476492
vn 0.09637768 -0.99497804 0.02701936
vn 0.09629057 -0.99498698 0.02700057
vn 0.09818888 -0.99479025 0.02741001
vn -0.27029377 -0.95674244 -0.10763450
vn -0.27029377 -0.95674244 -0.10763450
vn -0.27029377 -0.95674244 -0.10763450
vn -0.27278451 -0.95515965 -0.11514620
vn -0.27278451 -0.95515965 -0.11514620
vn -0.27278451 -0.95515965 -0.11514620
vn -0.46678516 -0.84492394 -0.26118028
vn -0.46678516 -0.84492394 -0.26118028
vn -0.46678516 -0.84492394 -0.26118028
vn -0.45879019 -0.83852646 -0.29391313
vn -0.45879019 -0.83852646 -0.29391313
vn -0.45879019 -0.83852646 -0.29391313
vn 0.81032218 -0.58550348 0.02374127
vn 0.81032218 -0.58550348 0.02374127
vn 0.81032218 -0.58550348 0.02374127
vn 0.79095531 -0.60358659 0.10036399
vn 0.79095531 -0.60358659 0.10036399
vn 0.79095531 -0.60358659 0.10036399
vn -0.23312877 -0.95883362 -0.16213902
vn -0.23312877 -0.95883362 -0.16213902
vn -0.23312877 -0.95883362 -0.16213902
vn -0.23238075 -0.95702503 -0.17350005
vn -0.23238075 -0.95702503 -0.17350005
vn -0.23238075 -0.95702503 -0.17350005
vn 0.38691405 -0.87245774 0.29852136
vn 0.38691405 -0.87245774 0.29852136
vn 0.38691405 -0.87245774 0.29852136
vn 0.34426990 -0.88242190 0.32063971
vn 0.34426990 -0.88242190 0.32063971
vn 0.34426990 -0.88242190 0.32063971
vn -0.15028735 -0.96300633 -0.22367950
vn -0.15028735 -0.96300633 -0.22367950
vn -0.15028735 -0.96300633 -0.22367950
vn -0.21469333 -0.90332201 -0.37137061
vn -0.21469333 -0.90332201 -0.37137061
vn -0.21469333 -0.90332201 -0.37137061
vn 0.71113175 -0.58535146 0.38942946
vn 0.71113175 -0.58535146 0.38942946
vn 0.71113175 -0.58535146 0.38942946
vn 0.66516946 -0.59876729 0.44612478
vn 0.66516946 -0.59876729 0.44612478
vn 0.66516946 -0.59876729 0.44612478
vn 0.39533831 -0.84516392 0.35972984
vn 0.39533831 -0.84516392 0.35972984
vn 0.39533831 -0.84516392 0.35972984
vn 0.35890218 -0.85264698 0.37971351
vn 0.35896160 -0.85259852 0.37976616
vn 0.35806218 -0.85333108 0.37896905
vn -0.10538413 -0.96957929 -0.22093026
vn -0.10538413 -0.96957929 -0.22093026
vn -0.10538413 -0.96957929 -0.22093026
vn 0.33518428 -0.84573359 0.41519416
vn 0.33518428 -0.84573359 0.41519416
vn 0.33518428 -0.84573359 0.41519416
vn 0.28301346 -0.85947280 0.42568754
vn 0.28301346 -0.85947280 0.42568754
vn 0.28301346 -0.85947280 0.42568754
vn 0.25020406 -0.89374621 0.37231123
vn 0.25020406 -0.89374621 0.37231123
vn 0.25020406 -0.89374621 0.37231123
vn 0.11607945 -0.97263559 0.20125994
vn 0.11607945 -0.97263559 0.20125994
vn 0.11607945 -0.97263559 0.20125994
vn 0.20541610 -0.88320345 0.42161107
vn 0.20541610 -0.88320345 0.42161107
vn 0.20541610 -0.88320345 0.42161107
vn -0.05807933 -0.87762004 -0.47582545
vn -0.05807933 -0.87762004 -0.47582545
vn -0.05807933 -0.87762004 -0.47582545
vn -0.03419996 -0.86532420 -0.50004439
vn -0.03419996 -0.86532420 -0.50004439
vn -0.03419996 -0.86532420 -0.50004439
vn -0.03358722 -0.78283036 -0.62132804
vn -0.03358722 -0.78283036 -0.62132804
vn -0.03358722 -0.78283036 -0.62132804
vn 0.00912244 -0.77231533 -0.63517385
vn 0.00912244 -0.77231533 -0.63517385
vn 0.00912244 -0.77231533 -0.63517385
vn 0.23744283 -0.84359800 0.48162571
vn 0.23744283 -0.84359800 0.48162571
vn 0.23744283 -0.84359800 0.48162571
vn 0.18581689 -0.85737750 0.47997490
vn 0.18585604 -0.85732422 0.48005491
vn 0.18532898 -0.85804048 0.47897778
vn 0.01638402 -0.87928842 -0.47600782
vn 0.01638402 -0.87928842 -0.47600782
vn 0.01638402 -0.87928842 -0.47600782
vn 0.04827925 -0.86623377 -0.49730088
vn 0.04827918 -0.86623940 -0.49729108
vn 0.04828136 -0.86606960 -0.49758653
vn 0.11651896 -0.83851870 0.53226847
vn 0.11651896 -0.83851870 0.53226847
vn 0.11651896 -0.83851870 0.53226847
vn 0.07273638 -0.85692666 0.51028043
vn 0.07273638 -0.85692666 0.51028043
vn 0.07273638 -0.85692666 0.51028043
vn 0.01244622 -0.99456110 0.10340842
vn 0.01244622 -0.99456110 0.10340842
vn 0.01244622 -0.99456110 0.10340842
vn -0.00842500 -0.99510724 0.09844088
vn -0.00842500 -0.99510724 0.09844088
vn -0.00842500 -0.99510724 0.09844088
vn -0.00043824 -0.86494098 0.50187340
vn -0.00043824 -0.86494098 0.50187340
vn -0.00043824 -0.86494098 0.50187340
vn -0.05360180 -0.88999196 0.45281471
vn -0.05360180 -0.88999196 0.45281471
vn -0.05360180 -0.88999196 0.45281471
vn -0.02173482 -0.96875865 0.24705116
vn -0.02173482 -0.96875865 0.24705116
vn -0.02173482 -0.96875865 0.24705116
vn -0.04265082 -0.97305704 0.22658532
vn -0.04265082 -0.97305704 0.22658532
vn -0.04265082 -0.97305704 0.22658532
vn -0.01394009 -0.99465834 0.10227639
vn -0.01394009 -0.99465834 0.10227639
vn -0.01394009 -0.99465834 0.10227639
vn -0.02816344 -0.99506167 0.09517925
vn -0.02816344 -0.99506167 0.09517925
vn -0.02816344 -0.99506167 0.09517925
vn 0.09030177 -0.97263070 -0.21409139
vn 0.08610706 -0.97306542 -0.21384401
vn 0.08850921 -0.97281861 -0.21398613
vn 0.09271956 -0.97237216 -0.21423228
vn -0.06706250 -0.65051638 0.75652565
vn -0.06706250 -0.65051638 0.75652565
vn -0.06706250 -0.65051638 0.75652565
vn -0.12958278 -0.65667024 0.74296197
vn -0.12958278 -0.65667024 0.74296197
vn -0.12958278 -0.65667024 0.74296197
vn 0.14682050 -0.96039051 -0.23684133
vn 0.14682050 -0.96039051 -0.23684133
vn 0.14682050 -0.96039051 -0.23684133
vn 0.17537652 -0.95592551 -0.23547716
vn 0.17537652 -0.95592551 -0.23547716
vn 0.17537652 -0.95592551 -0.23547716
vn -0.10373929 -0.97576167 0.19268452
vn -0.10373929 -0.97576167 0.19268452
vn -0.10373929 -0.97576167 0.19268452
vn -0.24560658 -0.88474446 0.39611192
vn -0.24560658 -0.88474446 0.39611192
vn -0.24560658 -0.88474446 0.39611192
vn 0.18433137 -0.96412838 -0.19099324
vn 0.18433137 -0.96412838 -0.19099324
vn 0.18433137 -0.96412838 -0.19099324
vn 0.38338019 -0.86570689 -0.32182481
vn 0.38302699 -0.86599504 -0.32146993
vn 0.38336795 -0.86571688 -0.32181251
vn 0.42396420 -0.85066410 -0.31084552
vn 0.42396420 -0.85066410 -0.31084552
vn 0.42396420 -0.85066410 -0.31084552
vn -0.20356316 -0.56458946 0.79987548
vn -0.20356316 -0.56458946 0.79987548
vn -0.20356316 -0.56458946 0.79987548
vn -0.26777744 -0.57194208 0.77535637
vn -0.26777744 -0.57194208 0.77535637
vn -0.26777744 -0.57194208 0.77535637
vn -0.22278223 -0.70907028 0.66901974
vn -0.22278223 -0.70907028 0.66901974
vn -0.22278223 -0.70907028 0.66901974
vn -0.27501187 -0.73486815 0.61994941
vn -0.27501187 -0.73486815 0.61994941
vn -0.27501187 -0.73486815 0.61994941
vn 0.53803609 -0.78196154 -0.31472736
vn 0.53803609 -0.78196154 -0.31472736
vn 0.53803609 -0.78196154 -0.31472736
vn 0.56564335 -0.77287216 -0.28760428
vn 0.56564335 -0.77287216 -0.28760428
vn 0.56564335 -0.77287216 -0.28760428
vn -0.32468838 -0.56210376 0.76066866
vn -0.32468838 -0.56210376 0.76066866
vn -0.32468838 -0.56210376 0.76066866
vn -0.38766659 -0.56346234 0.72953739
vn -0.38766659 -0.56346234 0.72953739
vn -0.38766659 -0.56346234 0.72953739
vn -0.35089184 -0.65327301 0.67090185
vn -0.35089184 -0.65327301 0.67090185
vn -0.35089184 -0.65327301 0.67090185
vn -0.40435975 -0.66068416 0.63244733
vn -0.40435975 -0.66068416 0.63244733
vn -0.40435975 -0.66068416 0.63244733
vn -0.36016377 -0.79716528 0.48457154
vn -0.36016377 -0.79716528 0.48457154
vn -0.36016377 -0.79716528 0.48457154
vn -0.25325366 -0.92857398 0.27131707
vn -0.25325366 -0.92857398 0.27131707
vn -0.25325366 -0.92857398 0.27131707
vn -0.37316844 -0.84586928 0.38111742
vn -0.37316844 -0.84586928 0.38111742
vn -0.37316844 -0.84586928 0.38111742
vn 0.19848955 -0.97141086 -0.13024146
vn 0.19960361 -0.97134369 -0.12903422
vn 0.19870546 -0.97139805 -0.13000757
vn 0.19758624 -0.97146337 -0.13121964
vn 0.42891265 -0.87920849 -0.20742800
vn 0.42891265 -0.87920849 -0.20742800
vn 0.42891265 -0.87920849 -0.20742800
vn 0.46274669 -0.86608090 -0.18912796
vn 0.46274669 -0.86608090 -0.18912796
vn 0.46274669 -0.86608090 -0.18912796
vn 0.44125520 -0.87954524 -0.17802812
vn 0.44125520 -0.87954524 -0.17802812
vn 0.44125520 -0.87954524 -0.17802812
vn 0.47398674 -0.86605961 -0.15898846
vn 0.47398674 -0.86605961 -0.15898846
vn 0.47398674 -0.86605961 -0.15898846
vn -0.08591832 -0.99458754 0.05842661
vn -0.08591832 -0.99458754 0.05842661
vn -0.08591832 -0.99458754 0.05842661
vn -0.09107724 -0.99510104 0.03845593
vn -0.09107724 -0.99510104 0.03845593
vn -0.09107724 -0.99510104 0.03845593
vn 0.51625285 -0.84858524 -0.11569830
vn 0.51625285 -0.84858524 -0.11569830
vn 0.51625285 -0.84858524 -0.11569830
vn 0.53460754 -0.84022487 -0.09064737
vn 0.53460754 -0.84022487 -0.09064737
vn 0.53460754 -0.84022487 -0.09064737
vn 0.79969288 -0.59791914 -0.05462600
vn 0.79969288 -0.59791914 -0.05462600
vn 0.79969288 -0.59791914 -0.05462600
vn 0.77089840 -0.63695337 -0.00246222
vn 0.77089840 -0.63695337 -0.00246222
vn 0.77089840 -0.63695337 -0.00246222
vn 0.63371863 -0.77354509 0.00535751
vn 0.63371863 -0.77354509 0.00535751
vn 0.63371863 -0.77354509 0.00535751
vn 0.64059322 -0.76681386 0.04045762
vn 0.64059322 -0.76681386 0.04045762
vn 0.64059322 -0.76681386 0.04045762
vn -0.63612232 -0.66940809 0.38372022
vn -0.63612232 -0.66940809 0.38372022
vn -0.63612232 -0.66940809 0.38372022
vn -0.65567471 -0.68256801 0.32278720
vn -0.65567471 -0.68256801 0.32278720
vn -0.65567471 -0.68256801 0.32278720
vn -0.45201193 -0.87243645 0.18584901
vn -0.45201193 -0.87243645 0.18584901
vn -0.45201193 -0.87243645 0.18584901
vn -0.44981211 -0.88242422 0.13782798
vn -0.44981211 -0.88242422 0.13782798
vn -0.44981211 -0.88242422 0.13782798
vn -0.15718777 -0.98665253 0.04252982
vn -0.15718777 -0.98665253 0.04252982
vn -0.15718777 -0.98665253 0.04252982
vn -0.15562382 -0.98764045 0.01864297
vn -0.15562382 -0.98764045 0.01864297
vn -0.15562382 -0.98764045 0.01864297
vn 0.20155555 -0.97936088 -0.01508722
vn 0.20155555 -0.97936088 -0.01508722
vn 0.20155555 -0.97936088 -0.01508722
vn 0.20774837 -0.97817053 -0.00479997
vn 0.20774837 -0.97817053 -0.00479997
vn 0.20774837 -0.97817053 -0.00479997
vn -0.50900985 -0.84529625 0.16242913
vn -0.50900985 -0.84529625 0.16242913
vn -0.50900985 -0.84529625 0.16242913
vn -0.50774743 -0.85432467 0.11100410
vn -0.50774743 -0.85432467 0.11100410
vn -0.50774743 -0.85432467 0.11100410
vn -0.52982595 -0.84327713 0.09037778
vn -0.52982595 -0.84327713 0.09037778
vn -0.52982595 -0.84327713 0.09037778
vn -0.51261367 -0.85776155 0.03837135
vn -0.51261367 -0.85776155 0.03837135
vn -0.51261367 -0.85776155 0.03837135
vn -0.10371950 -0.99459244 0.00530548
vn -0.10371950 -0.99459244 0.00530548
vn -0.10371950 -0.99459244 0.00530548
vn -0.09821495 -0.99507856 -0.01313362
vn -0.09821495 -0.99507856 -0.01313362
vn -0.09821495 -0.99507856 -0.01313362
vn 0.28103566 -0.95865226 0.04477504
vn 0.28103566 -0.95865226 0.04477504
vn 0.28103566 -0.95865226 0.04477504
vn 0.29518979 -0.95288143 0.06985675
vn 0.29518979 -0.95288143 0.06985675
vn 0.29518979 -0.95288143 0.06985675
vn 0.45136299 -0.87927330 0.15215099
vn 0.45136299 -0.87927330 0.15215099
vn 0.45136299 -0.87927330 0.15215099
vn 0.46134314 -0.86785049 0.18438557
vn 0.46134314 -0.86785049 0.18438557
vn 0.46134314 -0.86785049 0.18438557
vn -0.53358038 -0.84471862 0.04174243
vn -0.53358038 -0.84471862 0.04174243
vn -0.53358038 -0.84471862 0.04174243
vn -0.52211098 -0.85283989 -0.00801473
vn -0.52211098 -0.85283989 -0.00801473
vn -0.52211098 -0.85283989 -0.00801473
vn 0.28340672 -0.95658414 0.06802510
vn 0.28340672 -0.95658414 0.06802510
vn 0.28340672 -0.95658414 0.06802510
vn 0.28346526 -0.95517705 0.08534776
vn 0.28346526 -0.95517705 0.08534776
vn 0.28346526 -0.95517705 0.08534776
vn 0.55400384 -0.78264413 0.28380963
vn 0.55400384 -0.78264413 0.28380963
vn 0.55400384 -0.78264413 0.28380963
vn 0.54438640 -0.77200517 0.32810282
vn 0.54438640 -0.77200517 0.32810282
vn 0.54438640 -0.77200517 0.32810282
vn -0.47292676 -0.85971001 -0.19297405
vn -0.47292676 -0.85971001 -0.19297405
vn -0.47292676 -0.85971001 -0.19297405
vn -0.42545093 -0.87660072 -0.22486148
vn -0.42545093 -0.87660072 -0.22486148
vn -0.42545093 -0.87660072 -0.22486148
vn -0.08568607 -0.99484939 -0.05415343
vn -0.08568607 -0.99484939 -0.05415343
vn -0.08568607 -0.99484939 -0.05415343
vn -0.07664700 -0.99510545 -0.06237294
vn -0.07664700 -0.99510545 -0.06237294
vn -0.07664700 -0.99510545 -0.06237294
vn 0.17827087 -0.96669963 0.18360646
vn 0.17827087 -0.96669963 0.18360646
vn 0.17827087 -0.96669963 0.18360646
vn 0.17305114 -0.96468736 0.19857390
vn 0.17305114 -0.96468736 0.19857390
vn 0.17305114 -0.96468736 0.19857390
vn 0.29660297 -0.86335930 0.40821243
vn 0.29660297 -0.86335930 0.40821243
vn 0.29660297 -0.86335930 0.40821243
vn 0.28557387 -0.85078291 0.44115304
vn 0.28557387 -0.85078291 0.44115304
vn 0.28557387 -0.85078291 0.44115304
vn -0.42402113 -0.85660586 -0.29399403
vn -0.42402113 -0.85660586 -0.29399403
vn -0.42402113 -0.85660586 -0.29399403
vn -0.37116271 -0.87385409 -0.31403386
vn -0.37116271 -0.87385409 -0.31403386
vn -0.37116271 -0.87385409 -0.31403386
vn -0.72720869 -0.58644054 -0.35672821
vn -0.72720869 -0.58644054 -0.35672821
vn -0.72720869 -0.58644054 -0.35672821
vn -0.68799280 -0.59317002 -0.41810912
vn -0.68799280 -0.59317002 -0.41810912
vn -0.68799280 -0.59317002 -0.41810912
vn -0.64144051 -0.66408919 -0.38410886
vn -0.64144051 -0.66408919 -0.38410886
vn -0.64144051 -0.66408919 -0.38410886
vn -0.59099297 -0.68268027 -0.42973824
vn -0.59099297 -0.68268027 -0.42973824
vn -0.59099297 -0.68268027 -0.42973824
vn -0.39346056 -0.85818880 -0.32969799
vn -0.39346056 -0.85818880 -0.32969799
vn -0.39346056 -0.85818880 -0.32969799
vn -0.34772717 -0.86942663 -0.35097458
vn -0.34772717 -0.86942663 -0.35097458
vn -0.34772717 -0.86942663 -0.35097458
vn 0.15149137 -0.95504864 0.25481848
vn 0.15149137 -0.95504864 0.25481848
vn 0.15149137 -0.95504864 0.25481848
vn 0.19984128 -0.90361633 0.37886805
vn 0.19984128 -0.90361633 0.37886805
vn 0.19984128 -0.90361633 0.37886805
vn 0.18604218 -0.80213107 0.56742757
vn 0.18604218 -0.80213107 0.56742757
vn 0.18604218 -0.80213107 0.56742757
vn 0.16070331 -0.79129823 0.58993351
vn 0.16070331 -0.79129823 0.58993351
vn 0.16070331 -0.79129823 0.58993351
vn -0.45161757 -0.77752551 -0.43760216
vn -0.45161757 -0.77752551 -0.43760216
vn -0.45161757 -0.77752551 -0.43760216
vn -0.39273189 -0.79868181 -0.45592657
vn -0.39273189 -0.79868181 -0.45592657
vn -0.39273189 -0.79868181 -0.45592657
vn -0.35168913 -0.84638305 -0.39993811
vn -0.35168913 -0.84638305 -0.39993811
vn -0.35168913 -0.84638305 -0.39993811
vn -0.29522169 -0.86382306 -0.40823262
vn -0.29522169 -0.86382306 -0.40823262
vn -0.29522169 -0.86382306 -0.40823262
vn -0.16844222 -0.96091755 -0.21969223
vn -0.16844222 -0.96091755 -0.21969223
vn -0.16844222 -0.96091755 -0.21969223
vn -0.13267426 -0.96622987 -0.22090128
vn -0.13267426 -0.96622987 -0.22090128
vn -0.13267426 -0.96622987 -0.22090128
vn 0.11372022 -0.95934816 0.25829987
vn 0.11372022 -0.95934816 0.25829987
vn 0.11372022 -0.95934816 0.25829987
vn 0.10344968 -0.95513692 0.27750968
vn 0.10344968 -0.95513692 0.27750968
vn 0.10344968 -0.95513692 0.27750968
vn 0.03950066 -0.97307568 0.22707580
vn 0.04022764 -0.97243105 0.22969456
vn 0.03953307 -0.97304710 0.22719259
vn 0.03186502 -0.97177491 0.23374804
vn 0.03186502 -0.97177491 0.23374804
vn 0.03186502 -0.97177491 0.23374804
vn 0.00721917 -0.87714166 0.48017746
vn 0.00721917 -0.87714166 0.48017746
vn 0.00721917 -0.87714166 0.48017746
vn -0.02163384 -0.86725184 0.49739946
vn -0.02163384 -0.86725184 0.49739946
vn -0.02163384 -0.86725184 0.49739946
vn -0.02394978 -0.95884383 0.28292211
vn -0.02394978 -0.95884383 0.28292211
vn -0.02394978 -0.95884383 0.28292211
vn -0.03978371 -0.95600548 0.29063858
vn -0.03978371 -0.95600548 0.29063858
vn -0.03978371 -0.95600548 0.29063858
vn -0.10850334 -0.87570968 0.47048866
vn -0.10850334 -0.87570968 0.47048866
vn -0.10850334 -0.87570968 0.47048866
vn -0.13577691 -0.86721345 0.47906728
vn -0.13577691 -0.86721345 0.47906728
vn -0.13577691 -0.86721345 0.47906728
vn -0.12255190 -0.70994830 -0.69350879
vn -0.12255190 -0.70994830 -0.69350879
vn -0.12255190 -0.70994830 -0.69350879
vn -0.05917709 -0.72884447 -0.68211715
vn -0.05917709 -0.72884447 -0.68211715
vn -0.05917709 -0.72884447 -0.68211715
vn -0.00934399 -0.87130466 -0.49065353
vn -0.00934399 -0.87130466 -0.49065353
vn -0.00934399 -0.87130466 -0.49065353
vn 0.03247281 -0.88894989 -0.45685184
vn 0.03247281 -0.88894989 -0.45685184
vn 0.03247281 -0.88894989 -0.45685184
vn -0.08148860 -0.97268110 0.21737315
vn -0.07644652 -0.97317968 0.21697289
vn -0.07933667 -0.97288703 0.21724762
vn -0.08362780 -0.97298866 0.21517310
vn -0.23625202 -0.84433142 0.48092560
vn -0.23625202 -0.84433142 0.48092560
vn -0.23625202 -0.84433142 0.48092560
vn -0.27323460 -0.83706916 0.47398109
vn -0.27323460 -0.83706916 0.47398109
vn -0.27323460 -0.83706916 0.47398109
vn -0.29753105 -0.80724873 0.50973008
vn -0.29753105 -0.80724873 0.50973008
vn -0.29753105 -0.80724873 0.50973008
vn -0.33691244 -0.79313883 0.50736654
vn -0.33691244 -0.79313883 0.50736654
vn -0.33691244 -0.79313883 0.50736654
vn 0.07168021 -0.84397726 -0.53156781
vn 0.07168021 -0.84397726 -0.53156781
vn 0.07168021 -0.84397726 -0.53156781
vn 0.10832025 -0.85026596 -0.51508691
vn 0.10832025 -0.85026596 -0.51508691
vn 0.10832025 -0.85026596 -0.51508691
vn 0.10356555 -0.87401247 -0.47473822
vn 0.10356555 -0.87401247 -0.47473822
vn 0.10356555 -0.87401247 -0.47473822
vn 0.14426076 -0.88561315 -0.44145008
vn 0.14426076 -0.88561315 -0.44145008
vn 0.14426076 -0.88561315 -0.44145008
vn 0.19770412 -0.70074142 -0.68547395
vn 0.19770412 -0.70074142 -0.68547395
vn 0.19770412 -0.70074142 -0.68547395
vn 0.24841561 -0.72794979 -0.63904522
vn 0.24841561 -0.72794979 -0.63904522
vn 0.24841561 -0.72794979 -0.63904522
vn 0.11966418 -0.96960867 -0.21339987
vn 0.11966418 -0.96960867 -0.21339987
vn 0.11966418 -0.96960867 -0.21339987
vn 0.13569637 -0.97301472 -0.18662489
vn 0.13569637 -0.97301472 -0.18662489
vn 0.13569637 -0.97301472 -0.18662489
vn -0.20378822 -0.95633132 0.20952512
vn -0.20378822 -0.95633132 0.20952512
vn -0.20378822 -0.95633132 0.20952512
vn -0.21987199 -0.95474889 0.20027699
vn -0.21987199 -0.95474889 0.20027699
vn -0.21987199 -0.95474889 0.20027699
vn 0.29825841 -0.84373384 -0.44626800
vn 0.29825841 -0.84373384 -0.44626800
vn 0.29825841 -0.84373384 -0.44626800
vn 0.32263152 -0.85751058 -0.40072997
vn 0.32264403 -0.85749719 -0.40074856
vn 0.32247617 -0.85767689 -0.40049904
vn -0.22542155 -0.95865385 0.17368912
vn -0.22542155 -0.95865385 0.17368912
vn -0.22542155 -0.95865385 0.17368912
vn -0.25335524 -0.95289286 0.16675228
vn -0.25335524 -0.95289286 0.16675228
vn -0.25335524 -0.95289286 0.16675228
vn -0.53373898 -0.83826635 0.11149990
vn -0.53373898 -0.83826635 0.11149990
vn -0.53373898 -0.83826635 0.11149990
vn -0.51853624 -0.84397797 0.13719096
vn -0.51853624 -0.84397797 0.13719096
vn -0.51853624 -0.84397797 0.13719096
vn -0.25653388 -0.96200646 0.09345553
vn -0.25653388 -0.96200646 0.09345553
vn -0.25653388 -0.96200646 0.09345553
vn -0.23266547 -0.96655034 0.10792233
vn -0.23266547 -0.96655034 0.10792233
vn -0.23266547 -0.96655034 0.10792233
vn 0.40573639 -0.85886275 -0.31262240
vn 0.40573639 -0.85886275 -0.31262240
vn 0.40573639 -0.85886275 -0.31262240
vn 0.40271738 -0.83852622 -0.36700475
vn 0.40271738 -0.83852622 -0.36700475
vn 0.40271738 -0.83852622 -0.36700475
vn -0.29149665 -0.95596732 0.03400273
vn -0.29149665 -0.95596732 0.03400273
vn -0.29149665 -0.95596732 0.03400273
vn -0.27994058 -0.95884311 0.04746753
vn -0.27994058 -0.95884311 0.04746753
vn -0.27994058 -0.95884311 0.04746753
vn -0.59559366 -0.77600802 -0.20755660
vn -0.59559366 -0.77600802 -0.20755660
vn -0.59559366 -0.77600802 -0.20755660
vn -0.59304962 -0.78780978 -0.16627659
vn -0.59304962 -0.78780978 -0.16627659
vn -0.59304962 -0.78780978 -0.16627659
vn 0.53261784 -0.84399438 -0.06318010
vn 0.53261784 -0.84399438 -0.06318010
vn 0.53261784 -0.84399438 -0.06318010
vn 0.52498785 -0.85090051 -0.01887019
vn 0.52498785 -0.85090051 -0.01887019
vn 0.52498785 -0.85090051 -0.01887019
vn 0.16285420 -0.98664944 0.00117696
vn 0.16285420 -0.98664944 0.00117696
vn 0.16285420 -0.98664944 0.00117696
vn 0.15496077 -0.98763438 0.02377999
vn 0.15496077 -0.98763438 0.02377999
vn 0.15496077 -0.98763438 0.02377999
vn -0.54095609 -0.80166752 -0.25435350
vn -0.54095609 -0.80166752 -0.25435350
vn -0.54095609 -0.80166752 -0.25435350
vn -0.53966978 -0.78870199 -0.29445833
vn -0.53966978 -0.78870199 -0.29445833
vn -0.53966978 -0.78870199 -0.29445833
vn 0.50613416 -0.86199438 0.02817620
vn 0.50613416 -0.86199438 0.02817620
vn 0.50613416 -0.86199438 0.02817620
vn 0.53140602 -0.84688886 -0.01966985
vn 0.53140602 -0.84688886 -0.01966985
vn 0.53140602 -0.84688886 -0.01966985
vn 0.78728006 -0.59874455 -0.14729247
vn 0.78728006 -0.59874455 -0.14729247
vn 0.78728006 -0.59874455 -0.14729247
vn 0.77832109 -0.58641986 -0.22433911
vn 0.77832109 -0.58641986 -0.22433911
vn 0.77832109 -0.58641986 -0.22433911
vn 0.53585559 -0.84250888 0.05511412
vn 0.53585559 -0.84250888 0.05511412
vn 0.53585559 -0.84250888 0.05511412
vn 0.51277065 -0.85158555 0.10894183
vn 0.51277065 -0.85158555 0.10894183
vn 0.51277065 -0.85158555 0.10894183
vn 0.09828306 -0.99478039 0.02743032
vn 0.09103434 -0.99508521 0.03896370
vn 0.09103434 -0.99508521 0.03896370
vn 0.09103434 -0.99508521 0.03896370
vn -0.37491367 -0.86588022 -0.33119659
vn -0.37491367 -0.86588022 -0.33119659
vn -0.37491367 -0.86588022 -0.33119659
vn -0.37509332 -0.87730361 -0.29940503
vn -0.37509332 -0.87730361 -0.29940503
vn -0.37509332 -0.87730361 -0.29940503
vn 0.72779919 -0.67195954 0.13703544
vn 0.72779919 -0.67195954 0.13703544
vn 0.72779919 -0.67195954 0.13703544
vn 0.71098322 -0.67463939 0.19840505
vn 0.71098322 -0.67463939 0.19840505
vn 0.71098322 -0.67463939 0.19840505
vn 0.50683022 -0.84349806 0.17785989
vn 0.50683022 -0.84349806 0.17785989
vn 0.50683022 -0.84349806 0.17785989
vn 0.46296088 -0.85909201 0.21823872
vn 0.46296088 -0.85909201 0.21823872
vn 0.46296088 -0.85909201 0.21823872
vn 0.20034428 -0.97594518 0.08598358
vn 0.20034428 -0.97594518 0.08598358
vn 0.20034428 -0.97594518 0.08598358
vn 0.17854534 -0.97880943 0.10026798
vn 0.17854534 -0.97880943 0.10026798
vn 0.17854534 -0.97880943 0.10026798
vn 0.14239474 -0.98680638 0.07705137
vn 0.14239474 -0.98680638 0.07705137
vn 0.14239474 -0.98680638 0.07705137
vn 0.12801167 -0.98759538 0.09093063
vn 0.12801167 -0.98759538 0.09093063
vn 0.12801167 -0.98759538 0.09093063
vn -0.25221322 -0.91803836 -0.30593147
vn -0.25221322 -0.91803836 -0.30593147
vn -0.25221322 -0.91803836 -0.30593147
vn -0.25751712 -0.92529873 -0.27840115
vn -0.25751712 -0.92529873 -0.27840115
vn -0.25751712 -0.92529873 -0.27840115
vn -0.20550776 -0.95486662 -0.21446746
vn -0.20550776 -0.95486662 -0.21446746
vn -0.20550776 -0.95486662 -0.21446746
vn -0.21199894 -0.95602251 -0.20267561
vn -0.21199894 -0.95602251 -0.20267561
vn -0.21199894 -0.95602251 -0.20267561
vn 0.68469207 -0.68256509 0.25554191
vn 0.68469207 -0.68256509 0.25554191
vn 0.68469207 -0.68256509 0.25554191
vn 0.71934041 -0.66526094 0.19994314
vn 0.71934041 -0.66526094 0.19994314
vn 0.71934041 -0.66526094 0.19994314
vn -0.17174728 -0.95282594 -0.25025107
vn -0.17174728 -0.95282594 -0.25025107
vn -0.17174728 -0.95282594 -0.25025107
vn -0.17706598 -0.95777964 -0.22650783
vn -0.17706598 -0.95777964 -0.22650783
vn -0.17706598 -0.95777964 -0.22650783
vn 0.40453697 -0.86045535 0.30978450
vn 0.40453697 -0.86045535 0.30978450
vn 0.40453697 -0.86045535 0.30978450
vn 0.45147980 -0.84448157 0.28812647
vn 0.45147980 -0.84448157 0.28812647
vn 0.45147980 -0.84448157 0.28812647
vn 0.66530341 -0.64892742 0.36914032
vn 0.66530341 -0.64892742 0.36914032
vn 0.66530341 -0.64892742 0.36914032
vn 0.69340250 -0.65107773 0.30869203
vn 0.69340250 -0.65107773 0.30869203
vn 0.69340250 -0.65107773 0.30869203
vn -0.11257337 -0.86717705 -0.48510947
vn -0.11257337 -0.86717705 -0.48510947
vn -0.11257337 -0.86717705 -0.48510947
vn -0.13480787 -0.87668753 -0.46178547
vn -0.13480787 -0.87668753 -0.46178547
vn -0.13480787 -0.87668753 -0.46178547
vn -0.11855803 -0.91367391 -0.38877240
vn -0.11855803 -0.91367391 -0.38877240
vn -0.11855803 -0.91367391 -0.38877240
vn -0.13490138 -0.92371496 -0.35854189
vn -0.13490138 -0.92371496 -0.35854189
vn -0.13490138 -0.92371496 -0.35854189
vn -0.11064647 -0.95356311 -0.28013347
vn -0.11064647 -0.95356311 -0.28013347
vn -0.11064647 -0.95356311 -0.28013347
vn -0.12361241 -0.95936364 -0.25365601
vn -0.12361241 -0.95936364 -0.25365601
vn -0.12361241 -0.95936364 -0.25365601
vn 0.30130075 -0.87473267 0.37955317
vn 0.30130075 -0.87473267 0.37955317
vn 0.30130075 -0.87473267 0.37955317
vn 0.35796638 -0.85340897 0.37888414
vn -0.04440115 -0.95701573 -0.28661720
vn -0.04440115 -0.95701573 -0.28661720
vn -0.04440115 -0.95701573 -0.28661720
vn -0.05281369 -0.95880801 -0.27910199
vn -0.05281369 -0.95880801 -0.27910199
vn -0.05281369 -0.95880801 -0.27910199
vn 0.47323438 -0.56314613 0.67743314
vn 0.47323438 -0.56314613 0.67743314
vn 0.47323438 -0.56314613 0.67743314
vn 0.41246716 -0.56456251 0.71494056
vn 0.41246716 -0.56456251 0.71494056
vn 0.41246716 -0.56456251 0.71494056
vn 0.18529241 -0.85809008 0.47890305
vn 0.14311434 -0.86746610 0.47646706
vn 0.14311434 -0.86746610 0.47646706
vn 0.14311434 -0.86746610 0.47646706
vn 0.04828144 -0.86606371 -0.49759678
vn 0.08823930 -0.84944773 -0.52024262
vn 0.08823930 -0.84944773 -0.52024262
vn 0.08823930 -0.84944773 -0.52024262
vn 0.11050893 -0.78319422 -0.61187793
vn 0.11050893 -0.78319422 -0.61187793
vn 0.11050893 -0.78319422 -0.61187793
vn 0.15859958 -0.77183402 -0.61572593
vn 0.15859958 -0.77183402 -0.61572593
vn 0.15859958 -0.77183402 -0.61572593
vn 0.18985575 -0.79143398 -0.58102242
vn 0.18985575 -0.79143398 -0.58102242
vn 0.18985575 -0.79143398 -0.58102242
vn 0.15146077 -0.80368516 -0.57545616
vn 0.15146077 -0.80368516 -0.57545616
vn 0.15146077 -0.80368516 -0.57545616
vn 0.09115877 -0.88908377 0.44857566
vn 0.09115877 -0.88908377 0.44857566
vn 0.09115877 -0.88908377 0.44857566
vn 0.14056168 -0.87130199 0.47018640
vn 0.14056168 -0.87130199 0.47018640
vn 0.14056168 -0.87130199 0.47018640
vn 0.34723318 -0.57318872 0.74221548
vn 0.34723318 -0.57318872 0.74221548
vn 0.34723318 -0.57318872 0.74221548
vn 0.41504481 -0.55803226 0.71856650
vn 0.41504481 -0.55803226 0.71856650
vn 0.41504481 -0.55803226 0.71856650
vn 0.06567370 -0.87488022 0.47986620
vn 0.06567370 -0.87488022 0.47986620
vn 0.06567370 -0.87488022 0.47986620
vn 0.01598521 -0.89005413 0.45557450
vn 0.01598521 -0.89005413 0.45557450
vn 0.01598521 -0.89005413 0.45557450
vn 0.04931773 -0.67152151 0.73934202
vn 0.04931773 -0.67152151 0.73934202
vn 0.04931773 -0.67152151 0.73934202
vn -0.02021393 -0.67479481 0.73772851
vn -0.02021393 -0.67479481 0.73772851
vn -0.02021393 -0.67479481 0.73772851
vn 0.09617844 -0.96960007 -0.22500090
vn 0.09617844 -0.96960007 -0.22500090
vn 0.09617844 -0.96960007 -0.22500090
vn 0.20537760 -0.89743736 -0.39041802
vn 0.20537760 -0.89743736 -0.39041802
vn 0.20537760 -0.89743736 -0.39041802
vn 0.13537137 -0.96696013 -0.21601550
vn 0.13537137 -0.96696013 -0.21601550
vn 0.13537137 -0.96696013 -0.21601550
vn -0.08252033 -0.97310698 0.21506559
vn -0.08252033 -0.97310698 0.21506559
vn -0.08252033 -0.97310698 0.21506559
vn -0.05728447 -0.96937166 0.23882435
vn -0.05728447 -0.96937166 0.23882435
vn -0.05728447 -0.96937166 0.23882435
vn 0.38301528 -0.86600458 -0.32145817
vn 0.34510847 -0.87916793 -0.32857858
vn 0.34510847 -0.87916793 -0.32857858
vn 0.34510847 -0.87916793 -0.32857858
vn 0.26609131 -0.91434586 -0.30523281
vn 0.26609131 -0.91434586 -0.30523281
vn 0.26609131 -0.91434586 -0.30523281
vn 0.16133127 -0.96366139 -0.21290595
vn 0.16133127 -0.96366139 -0.21290595
vn 0.16133127 -0.96366139 -0.21290595
vn -0.20008188 -0.86372608 0.46254134
vn -0.20008188 -0.86372608 0.46254134
vn -0.20008188 -0.86372608 0.46254134
vn -0.18834251 -0.67408433 0.71423905
vn -0.18834251 -0.67408433 0.71423905
vn -0.18834251 -0.67408433 0.71423905
vn -0.12839195 -0.67218121 0.72916934
vn -0.12839195 -0.67218121 0.72916934
vn -0.12839195 -0.67218121 0.72916934
vn -0.30872424 -0.85980004 0.40673484
vn -0.30872424 -0.85980004 0.40673484
vn -0.30872424 -0.85980004 0.40673484
vn -0.28733158 -0.83570907 0.46800738
vn -0.28733158 -0.83570907 0.46800738
vn -0.28733158 -0.83570907 0.46800738
vn -0.35122828 -0.86556758 0.35697543
vn -0.35122828 -0.86556758 0.35697543
vn -0.35122828 -0.86556758 0.35697543
vn -0.35510549 -0.89007556 0.28577191
vn -0.35510549 -0.89007556 0.28577191
vn -0.35510549 -0.89007556 0.28577191
vn -0.20950791 -0.96130822 0.17886570
vn -0.20950791 -0.96130822 0.17886570
vn -0.20950791 -0.96130822 0.17886570
vn -0.21296478 -0.96658988 0.14265344
vn -0.21296478 -0.96658988 0.14265344
vn -0.21296478 -0.96658988 0.14265344
vn 0.28606689 -0.95531663 -0.07440348
vn 0.28606689 -0.95531663 -0.07440348
vn 0.28606689 -0.95531663 -0.07440348
vn 0.28132005 -0.95608652 -0.08220458
vn 0.28132005 -0.95608652 -0.08220458
vn 0.28132005 -0.95608652 -0.08220458
vn -0.59308228 -0.56646553 0.57216275
vn -0.59308228 -0.56646553 0.57216275
vn -0.59308228 -0.56646553 0.57216275
vn -0.53730047 -0.56472831 0.62641051
vn -0.53730047 -0.56472831 0.62641051
vn -0.53730047 -0.56472831 0.62641051
vn 0.29769739 -0.95424992 -0.02798834
vn 0.29769739 -0.95424992 -0.02798834
vn 0.29769739 -0.95424992 -0.02798834
vn 0.28758476 -0.95702702 -0.03734007
vn 0.28758476 -0.95702702 -0.03734007
vn 0.28758476 -0.95702702 -0.03734007
vn -0.42120548 -0.89090356 0.16993172
vn -0.42120548 -0.89090356 0.16993172
vn -0.42120548 -0.89090356 0.16993172
vn -0.43176131 -0.87306601 0.22657871
vn -0.43176131 -0.87306601 0.22657871
vn -0.43176131 -0.87306601 0.22657871
vn -0.59466463 -0.72207780 0.35352175
vn -0.59466463 -0.72207780 0.35352175
vn -0.59466463 -0.72207780 0.35352175
vn -0.57147800 -0.70754159 0.41568954
vn -0.57147800 -0.70754159 0.41568954
vn -0.57147800 -0.70754159 0.41568954
vn -0.66970910 -0.57052716 0.47538246
vn -0.66970910 -0.57052716 0.47538246
vn -0.66970910 -0.57052716 0.47538246
vn -0.62871655 -0.56168038 0.53780168
vn -0.62871655 -0.56168038 0.53780168
vn -0.62871655 -0.56168038 0.53780168
vn 0.29922920 -0.95306803 0.04607831
vn 0.29922920 -0.95306803 0.04607831
vn 0.29922920 -0.95306803 0.04607831
vn 0.28924909 -0.95674520 0.03120225
vn 0.28924909 -0.95674520 0.03120225
vn 0.28924909 -0.95674520 0.03120225
vn -0.79261058 -0.57736747 0.19599815
vn -0.79261058 -0.57736747 0.19599815
vn -0.79261058 -0.57736747 0.19599815
vn -0.79215639 -0.59913675 0.11629023
vn -0.79215639 -0.59913675 0.11629023
vn -0.79215639 -0.59913675 0.11629023
vn 0.35423782 -0.92297329 0.15045226
vn 0.35423782 -0.92297329 0.15045226
vn 0.35423782 -0.92297329 0.15045226
vn 0.36198937 -0.91579690 0.17401075
vn 0.36198937 -0.91579690 0.17401075
vn 0.36198937 -0.91579690 0.17401075
vn 0.52671422 -0.78783122 0.31920854
vn 0.52671422 -0.78783122 0.31920854
vn 0.52671422 -0.78783122 0.31920854
vn 0.51740448 -0.77516108 0.36251608
vn 0.51740448 -0.77516108 0.36251608
vn 0.51740448 -0.77516108 0.36251608
vn 0.28928596 -0.91615495 0.27744143
vn 0.28928596 -0.91615495 0.27744143
vn 0.28928596 -0.91615495 0.27744143
vn 0.29557464 -0.92200635 0.25007982
vn 0.29557464 -0.92200635 0.25007982
vn 0.29557464 -0.92200635 0.25007982
vn -0.11071800 -0.99158455 -0.06709403
vn -0.11071800 -0.99158455 -0.06709403
vn -0.11071800 -0.99158455 -0.06709403
vn -0.12219667 -0.99104832 -0.05376986
vn -0.12219667 -0.99104832 -0.05376986
vn -0.12219667 -0.99104832 -0.05376986
vn -0.42306358 -0.88856559 -0.17739334
vn -0.42306358 -0.88856559 -0.17739334
vn -0.42306358 -0.88856559 -0.17739334
vn -0.47142863 -0.86904893 -0.15003002
vn -0.47142863 -0.86904893 -0.15003002
vn -0.47142863 -0.86904893 -0.15003002
vn 0.18273802 -0.95456706 0.23539020
vn 0.18273802 -0.95456706 0.23539020
vn 0.18273802 -0.95456706 0.23539020
vn 0.18705032 -0.95921068 0.21196001
vn 0.18705032 -0.95921068 0.21196001
vn 0.18705032 -0.95921068 0.21196001
vn 0.09650809 -0.96971384 0.22436858
vn 0.09650809 -0.96971384 0.22436858
vn 0.09650809 -0.96971384 0.22436858
vn -0.27025154 -0.86185812 -0.42914413
vn -0.27025154 -0.86185812 -0.42914413
vn -0.27025154 -0.86185812 -0.42914413
vn 0.00964962 -0.86428364 0.50291219
vn 0.00964962 -0.86428364 0.50291219
vn 0.00964962 -0.86428364 0.50291219
vn 0.04032294 -0.87554855 0.48144449
vn 0.04032294 -0.87554855 0.48144449
vn 0.04032294 -0.87554855 0.48144449
vn 0.04026336 -0.97239917 0.22982323
vn 0.04555605 -0.97308314 0.22590672
vn 0.04555605 -0.97308314 0.22590672
vn 0.04555605 -0.97308314 0.22590672
vn -0.18767538 -0.88485463 -0.42639212
vn -0.18767538 -0.88485463 -0.42639212
vn -0.18767538 -0.88485463 -0.42639212
vn -0.10014705 -0.97581220 -0.19432219
vn -0.10014705 -0.97581220 -0.19432219
vn -0.10014705 -0.97581220 -0.19432219
vn -0.49966056 -0.56210886 -0.65906976
vn -0.49966056 -0.56210886 -0.65906976
vn -0.49966056 -0.56210886 -0.65906976
vn -0.44016705 -0.56368470 -0.69893671
vn -0.44016705 -0.56368470 -0.69893671
vn -0.44016705 -0.56368470 -0.69893671
vn -0.21811876 -0.84373951 -0.49043639
vn -0.21811876 -0.84373951 -0.49043639
vn -0.21811876 -0.84373951 -0.49043639
vn -0.15855099 -0.85933853 -0.48620868
vn -0.15855099 -0.85933853 -0.48620868
vn -0.15855099 -0.85933853 -0.48620868
vn -0.08460683 -0.96929914 -0.23086981
vn -0.08460683 -0.96929914 -0.23086981
vn -0.08460683 -0.96929914 -0.23086981
vn -0.04914631 -0.97319346 -0.22467560
vn -0.04914631 -0.97319346 -0.22467560
vn -0.04914631 -0.97319346 -0.22467560
vn -0.29248215 -0.66012403 -0.69187460
vn -0.29248215 -0.66012403 -0.69187460
vn -0.29248215 -0.66012403 -0.69187460
vn -0.35945720 -0.64164221 -0.67755870
vn -0.35945720 -0.64164221 -0.67755870
vn -0.35945720 -0.64164221 -0.67755870
vn -0.37970739 -0.57508896 -0.72463438
vn -0.37970739 -0.57508896 -0.72463438
vn -0.37970739 -0.57508896 -0.72463438
vn -0.43856558 -0.56749197 -0.69685945
vn -0.43856558 -0.56749197 -0.69685945
vn -0.43856558 -0.56749197 -0.69685945
vn -0.03932271 -0.95865954 0.28182550
vn -0.03932271 -0.95865954 0.28182550
vn -0.03932271 -0.95865954 0.28182550
vn -0.05800569 -0.95438319 0.29289601
vn -0.05800569 -0.95438319 0.29289601
vn -0.05800569 -0.95438319 0.29289601
vn -0.00707778 -0.88220586 -0.47081071
vn -0.00707778 -0.88220586 -0.47081071
vn -0.00707778 -0.88220586 -0.47081071
vn -0.05617365 -0.87105110 -0.48796978
vn -0.05617365 -0.87105110 -0.48796978
vn -0.05617365 -0.87105110 -0.48796978
vn -0.11753893 -0.72787912 -0.67555650
vn -0.11753893 -0.72787912 -0.67555650
vn -0.11753893 -0.72787912 -0.67555650
vn -0.18344378 -0.70222694 -0.68791403
vn -0.18344378 -0.70222694 -0.68791403
vn -0.18344378 -0.70222694 -0.68791403
vn -0.20329392 -0.56614210 -0.79884586
vn -0.20329392 -0.56614210 -0.79884586
vn -0.20329392 -0.56614210 -0.79884586
vn -0.27395254 -0.56420023 -0.77886334
vn -0.27395254 -0.56420023 -0.77886334
vn -0.27395254 -0.56420023 -0.77886334
vn -0.09325528 -0.97175187 0.21679887
vn -0.09325528 -0.97175187 0.21679887
vn -0.09325528 -0.97175187 0.21679887
vn -0.08359629 -0.97301633 0.21506019
vn 0.07001626 -0.86210204 -0.50187429
vn 0.07001626 -0.86210204 -0.50187429
vn 0.07001626 -0.86210204 -0.50187429
vn 0.03085052 -0.84763300 -0.52968532
vn 0.03085052 -0.84763300 -0.52968532
vn 0.03085052 -0.84763300 -0.52968532
vn -0.27473229 -0.91454896 0.29685412
vn -0.27473229 -0.91454896 0.29685412
vn -0.27473229 -0.91454896 0.29685412
vn -0.24317493 -0.92364303 0.29622542
vn -0.24317493 -0.92364303 0.29622542
vn -0.24317493 -0.92364303 0.29622542
vn -0.18725679 -0.95357523 0.23585839
vn -0.18725679 -0.95357523 0.23585839
vn -0.18725679 -0.95357523 0.23585839
vn -0.17287204 -0.95653324 0.23486042
vn -0.17287204 -0.95653324 0.23486042
vn -0.17287204 -0.95653324 0.23486042
vn 0.08063268 -0.98749449 -0.13547329
vn 0.08063268 -0.98749449 -0.13547329
vn 0.08063268 -0.98749449 -0.13547329
vn 0.06472098 -0.98656018 -0.15003401
vn 0.06472098 -0.98656018 -0.15003401
vn 0.06472098 -0.98656018 -0.15003401
vn -0.23214068 -0.95590871 0.17985896
vn -0.23214068 -0.95590871 0.17985896
vn -0.23214068 -0.95590871 0.17985896
vn -0.20812155 -0.95990718 0.18778610
vn -0.20812155 -0.95990718 0.18778610
vn -0.20812155 -0.95990718 0.18778610
vn 0.30163704 -0.72895084 -0.61452890
vn 0.30163704 -0.72895084 -0.61452890
vn 0.30163704 -0.72895084 -0.61452890
vn 0.25333218 -0.71027863 -0.65675496
vn 0.25333218 -0.71027863 -0.65675496
vn 0.25333218 -0.71027863 -0.65675496
vn 0.34676026 -0.58645649 -0.73200144
vn 0.34676026 -0.58645649 -0.73200144
vn 0.34676026 -0.58645649 -0.73200144
vn 0.40469325 -0.59202721 -0.69694129
vn 0.40469325 -0.59202721 -0.69694129
vn 0.40469325 -0.59202721 -0.69694129
vn 0.32246455 -0.85768933 -0.40048175
vn 0.34358687 -0.86801830 -0.35845822
vn 0.34358687 -0.86801830 -0.35845822
vn 0.34358687 -0.86801830 -0.35845822
vn -0.24400159 -0.95657023 0.15948859
vn -0.24400159 -0.95657023 0.15948859
vn -0.24400159 -0.95657023 0.15948859
vn -0.26021400 -0.95471686 0.14423727
vn -0.26021400 -0.95471686 0.14423727
vn -0.26021400 -0.95471686 0.14423727
vn 0.41478873 -0.55784014 -0.71886347
vn 0.41478873 -0.55784014 -0.71886347
vn 0.41478873 -0.55784014 -0.71886347
vn 0.46929477 -0.57284183 -0.67202281
vn 0.46929477 -0.57284183 -0.67202281
vn 0.46929477 -0.57284183 -0.67202281
vn 0.37162117 -0.84076495 -0.39371565
vn 0.37162117 -0.84076495 -0.39371565
vn 0.37162117 -0.84076495 -0.39371565
vn 0.38110556 -0.85820394 -0.34386705
vn 0.38110556 -0.85820394 -0.34386705
vn 0.38110556 -0.85820394 -0.34386705
vn -0.20127043 -0.97384780 0.10540723
vn -0.20127043 -0.97384780 0.10540723
vn -0.20127043 -0.97384780 0.10540723
vn -0.21251597 -0.97240100 0.09629779
vn -0.21251597 -0.97240100 0.09629779
vn -0.21251597 -0.97240100 0.09629779
vn 0.84159408 -0.33974095 0.41987556
vn 0.84166015 -0.33950957 0.41993027
vn 0.84251407 -0.33650107 0.42063889
vn 0.84256027 -0.33633732 0.42067731
vn 0.87702827 -0.31612659 0.36178086
vn 0.87702827 -0.31612659 0.36178086
vn 0.87702827 -0.31612659 0.36178086
vn 0.86679364 -0.35192065 0.35329964
vn 0.86679364 -0.35192065 0.35329964
vn 0.86679364 -0.35192065 0.35329964
vn 0.89272775 -0.35070530 0.28291863
vn 0.89272775 -0.35070530 0.28291863
vn 0.89272775 -0.35070530 0.28291863
vn 0.89951755 -0.32927616 0.28713304
vn 0.89951755 -0.32927616 0.28713304
vn 0.89951755 -0.32927616 0.28713304
vn 0.91304243 -0.34445009 0.21842081
vn 0.91304243 -0.34445009 0.21842081
vn 0.91304243 -0.34445009 0.21842081
vn 0.90500489 -0.36782002 0.21371614
vn 0.90500489 -0.36782002 0.21371614
vn 0.90500489 -0.36782002 0.21371614
vn 0.92970212 -0.33877626 0.14451512
vn 0.92970212 -0.33877626 0.14451512
vn 0.92970212 -0.33877626 0.14451512
vn 0.92539039 -0.35121090 0.14249044
vn 0.92539039 -0.35121090 0.14249044
vn 0.92539039 -0.35121090 0.14249044
vn 0.94219516 -0.32640330 0.07569124
vn 0.94219516 -0.32640330 0.07569124
vn 0.94219516 -0.32640330 0.07569124
vn 0.94007803 -0.33265804 0.07477915
vn 0.94007803 -0.33265804 0.07477915
vn 0.94007803 -0.33265804 0.07477915
vn 0.94472279 -0.32781587 0.00596701
vn 0.94472279 -0.32781587 0.00596701
vn 0.94472279 -0.32781587 0.00596701
vn 0.99053584 -0.13704030 -0.00766247
vn 0.99053584 -0.13704030 -0.00766247
vn 0.99053584 -0.13704030 -0.00766247
vn 0.96896517 -0.23741360 -0.06885704
vn 0.96896517 -0.23741360 -0.06885704
vn 0.96896517 -0.23741360 -0.06885704
vn 0.92712191 -0.36728567 -0.07447280
vn 0.92712191 -0.36728567 -0.07447280
vn 0.92712191 -0.36728567 -0.07447280
vn 0.92942017 -0.33984003 -0.14382939
vn 0.92942017 -0.33984003 -0.14382939
vn 0.92942017 -0.33984003 -0.14382939
vn 0.92480066 -0.35191290 -0.14457197
vn 0.92480066 -0.35191290 -0.14457197
vn 0.92480066 -0.35191290 -0.14457197
vn 0.91048610 -0.35062490 -0.21926524
vn 0.91048610 -0.35062490 -0.21926524
vn 0.91048610 -0.35062490 -0.21926524
vn 0.91966783 -0.32577900 -0.21926954
vn 0.91966783 -0.32577900 -0.21926954
vn 0.91966783 -0.32577900 -0.21926954
vn 0.89571613 -0.33940425 -0.28722356
vn 0.89571613 -0.33940425 -0.28722356
vn 0.89571613 -0.33940425 -0.28722356
vn 0.90362979 -0.31744586 -0.28754362
vn 0.90362979 -0.31744586 -0.28754362
vn 0.90362979 -0.31744586 -0.28754362
vn 0.88329116 -0.30098621 -0.35944963
vn 0.88329116 -0.30098621 -0.35944963
vn 0.88329116 -0.30098621 -0.35944963
vn 0.87348736 -0.32964947 -0.35826115
vn 0.87348736 -0.32964947 -0.35826115
vn 0.87348736 -0.32964947 -0.35826115
vn 0.84534670 -0.32513282 -0.42388395
vn 0.84534670 -0.32513282 -0.42388395
vn 0.84534670 -0.32513282 -0.42388395
vn 0.84690035 -0.32069185 -0.42416570
vn 0.84690035 -0.32069185 -0.42416570
vn 0.84690035 -0.32069185 -0.42416570
vn 0.80364689 -0.33991860 -0.48847418
vn 0.80364689 -0.33991860 -0.48847418
vn 0.80364689 -0.33991860 -0.48847418
vn 0.80717758 -0.32973356 -0.48963264
vn 0.80717758 -0.32973356 -0.48963264
vn 0.80717758 -0.32973356 -0.48963264
vn 0.76353825 -0.34506538 -0.54583810
vn 0.76353825 -0.34506538 -0.54583810
vn 0.76353825 -0.34506538 -0.54583810
vn 0.77062621 -0.32473751 -0.54834369
vn 0.77062621 -0.32473751 -0.54834369
vn 0.77062621 -0.32473751 -0.54834369
vn 0.72915732 -0.30649315 -0.61187543
vn 0.72915732 -0.30649315 -0.61187543
vn 0.72915732 -0.30649315 -0.61187543
vn 0.72440074 -0.32192841 -0.60959468
vn 0.72440074 -0.32192841 -0.60959468
vn 0.72440074 -0.32192841 -0.60959468
vn 0.67723326 -0.31642447 -0.66425196
vn 0.67723326 -0.31642447 -0.66425196
vn 0.67723326 -0.31642447 -0.66425196
vn 0.67313590 -0.32977716 -0.66191773
vn 0.67313590 -0.32977716 -0.66191773
vn 0.67313590 -0.32977716 -0.66191773
vn 0.61765387 -0.34516615 -0.70665693
vn 0.61765387 -0.34516615 -0.70665693
vn 0.61765387 -0.34516615 -0.70665693
vn 0.61324973 -0.35852183 -0.70383725
vn 0.61324973 -0.35852183 -0.70383725
vn 0.61324973 -0.35852183 -0.70383725
vn 0.56310323 -0.33091845 -0.75723691
vn 0.56310323 -0.33091845 -0.75723691
vn 0.56310323 -0.33091845 -0.75723691
vn 0.55681117 -0.35201199 -0.75236221
vn 0.55681117 -0.35201199 -0.75236221
vn 0.55681117 -0.35201199 -0.75236221
vn 0.50011253 -0.34495724 -0.79428708
vn 0.50011253 -0.34495724 -0.79428708
vn 0.50011253 -0.34495724 -0.79428708
vn 0.50557667 -0.32499720 -0.79923029
vn 0.50557667 -0.32499720 -0.79923029
vn 0.50557667 -0.32499720 -0.79923029
vn 0.44085485 -0.33870290 -0.83122040
vn 0.44085485 -0.33870290 -0.83122040
vn 0.44085485 -0.33870290 -0.83122040
vn 0.43262335 -0.36819197 -0.82296519
vn 0.43262335 -0.36819197 -0.82296519
vn 0.43262335 -0.36819197 -0.82296519
vn 0.37356047 -0.33998271 -0.86305523
vn 0.37356047 -0.33998271 -0.86305523
vn 0.37356047 -0.33998271 -0.86305523
vn 0.36542390 -0.37098990 -0.85371650
vn 0.36542390 -0.37098990 -0.85371650
vn 0.36542390 -0.37098990 -0.85371650
vn 0.30548180 -0.35589194 -0.88318843
vn 0.30548180 -0.35589194 -0.88318843
vn 0.30548180 -0.35589194 -0.88318843
vn 0.30603740 -0.33836797 -0.88985854
vn 0.30603740 -0.33836797 -0.88985854
vn 0.30603740 -0.33836797 -0.88985854
vn 0.23234788 -0.34317277 -0.91008071
vn 0.23234788 -0.34317277 -0.91008071
vn 0.23234788 -0.34317277 -0.91008071
vn 0.23629781 -0.32085408 -0.91717828
vn 0.23629781 -0.32085408 -0.91717828
vn 0.23629781 -0.32085408 -0.91717828
vn 0.16087869 -0.33968436 -0.92667825
vn 0.16087869 -0.33968436 -0.92667825
vn 0.16087869 -0.33968436 -0.92667825
vn 0.16305388 -0.32445558 -0.93174138
vn 0.16305388 -0.32445558 -0.93174138
vn 0.16305388 -0.32445558 -0.93174138
vn 0.09212071 -0.30671877 -0.94733171
vn 0.09212071 -0.30671877 -0.94733171
vn 0.09212071 -0.30671877 -0.94733171
vn 0.09041894 -0.32131747 -0.94264495
vn 0.09041894 -0.32131747 -0.94264495
vn 0.09041894 -0.32131747 -0.94264495
vn 0.01988935 -0.31588301 -0.94858966
vn 0.01986310 -0.31612970 -0.94850802
vn 0.01941957 -0.32029213 -0.94711976
vn 0.01938867 -0.32058177 -0.94702239
vn -0.05635023 -0.33957111 -0.93889089
vn -0.05635023 -0.33957111 -0.93889089
vn -0.05635023 -0.33957111 -0.93889089
vn -0.05596220 -0.33389661 -0.94094702
vn -0.05596220 -0.33389661 -0.94094702
vn -0.05596220 -0.33389661 -0.94094702
vn -0.12591482 -0.31533580 -0.94058960
vn -0.12591482 -0.31533580 -0.94058960
vn -0.12591482 -0.31533580 -0.94058960
vn -0.12904432 -0.37399348 -0.91840973
vn -0.12904432 -0.37399348 -0.91840973
vn -0.12904432 -0.37399348 -0.91840973
vn -0.19852381 -0.37089597 -0.90720697
vn -0.19852381 -0.37089597 -0.90720697
vn -0.19852381 -0.37089597 -0.90720697
vn -0.19692158 -0.32463052 -0.92511454
vn -0.19692158 -0.32463052 -0.92511454
vn -0.19692158 -0.32463052 -0.92511454
vn -0.26957554 -0.34457881 -0.89921881
vn -0.26957554 -0.34457881 -0.89921881
vn -0.26957554 -0.34457881 -0.89921881
vn -0.26948226 -0.35579476 -0.89486837
vn -0.26948226 -0.35579476 -0.89486837
vn -0.26948226 -0.35579476 -0.89486837
vn -0.33872118 -0.33130913 -0.88062604
vn -0.33872118 -0.33130913 -0.88062604
vn -0.33872118 -0.33130913 -0.88062604
vn -0.33768275 -0.36724880 -0.86665950
vn -0.33768275 -0.36724880 -0.86665950
vn -0.33768275 -0.36724880 -0.86665950
vn -0.40433413 -0.34011384 -0.84902090
vn -0.40433413 -0.34011384 -0.84902090
vn -0.40433413 -0.34011384 -0.84902090
vn -0.40242745 -0.37397581 -0.83558018
vn -0.40242745 -0.37397581 -0.83558018
vn -0.40242745 -0.37397581 -0.83558018
vn -0.46695627 -0.37070939 -0.80282401
vn -0.46695627 -0.37070939 -0.80282401
vn -0.46695627 -0.37070939 -0.80282401
vn -0.47147061 -0.32507374 -0.81978200
vn -0.47147061 -0.32507374 -0.81978200
vn -0.47147061 -0.32507374 -0.81978200
vn -0.53206418 -0.33932038 -0.77573796
vn -0.53206418 -0.33932038 -0.77573796
vn -0.53206418 -0.33932038 -0.77573796
vn -0.53104079 -0.34737553 -0.77286863
vn -0.53104079 -0.34737553 -0.77286863
vn -0.53104079 -0.34737553 -0.77286863
vn -0.59404771 -0.32199790 -0.73717343
vn -0.59404771 -0.32199790 -0.73717343
vn -0.59404771 -0.32199790 -0.73717343
vn -0.59208746 -0.33597731 -0.73249689
vn -0.59208746 -0.33597731 -0.73249689
vn -0.59208746 -0.33597731 -0.73249689
vn -0.64824280 -0.32949255 -0.68645170
vn -0.64828218 -0.32926421 -0.68652407
vn -0.64891343 -0.32557053 -0.68768830
vn -0.64895920 -0.32530024 -0.68777301
vn -0.69499861 -0.33874333 -0.63421597
vn -0.69499861 -0.33874333 -0.63421597
vn -0.69499861 -0.33874333 -0.63421597
vn -0.69348025 -0.34664853 -0.63160109
vn -0.69348025 -0.34664853 -0.63160109
vn -0.69348025 -0.34664853 -0.63160109
vn -0.74654511 -0.32498038 -0.58056710
vn -0.74654511 -0.32498038 -0.58056710
vn -0.74654511 -0.32498038 -0.58056710
vn -0.73516970 -0.37416250 -0.56526803
vn -0.73516970 -0.37416250 -0.56526803
vn -0.73516970 -0.37416250 -0.56526803
vn -0.77693256 -0.37100089 -0.50865916
vn -0.77693256 -0.37100089 -0.50865916
vn -0.77693256 -0.37100089 -0.50865916
vn -0.78832258 -0.32477491 -0.52255982
vn -0.78832258 -0.32477491 -0.52255982
vn -0.78832258 -0.32477491 -0.52255982
vn -0.82322882 -0.34533108 -0.45060044
vn -0.82322882 -0.34533108 -0.45060044
vn -0.82322882 -0.34533108 -0.45060044
vn -0.83592691 -0.29587563 -0.46225946
vn -0.83592691 -0.29587563 -0.46225946
vn -0.83592691 -0.29587563 -0.46225946
vn -0.86805704 -0.30025221 -0.39538031
vn -0.86805704 -0.30025221 -0.39538031
vn -0.86805704 -0.30025221 -0.39538031
vn -0.85397224 -0.35066629 -0.38440158
vn -0.85397224 -0.35066629 -0.38440158
vn -0.85397224 -0.35066629 -0.38440158
vn -0.88711577 -0.32655237 -0.32617352
vn -0.88711577 -0.32655237 -0.32617352
vn -0.88711577 -0.32655237 -0.32617352
vn -0.88180399 -0.34463702 -0.32194262
vn -0.88180399 -0.34463702 -0.32194262
vn -0.88180399 -0.34463702 -0.32194262
vn -0.90484202 -0.34475596 -0.24980840
vn -0.90484202 -0.34475596 -0.24980840
vn -0.90484202 -0.34475596 -0.24980840
vn -0.91239209 -0.32078286 -0.25424205
vn -0.91239209 -0.32078286 -0.25424205
vn -0.91239209 -0.32078286 -0.25424205
vn -0.92316745 -0.33917686 -0.18088926
vn -0.92316745 -0.33917686 -0.18088926
vn -0.92316745 -0.33917686 -0.18088926
vn -0.91338584 -0.36697388 -0.17622847
vn -0.91338584 -0.36697388 -0.17622847
vn -0.91338584 -0.36697388 -0.17622847
vn -0.93395315 -0.33982259 -0.11068927
vn -0.93395315 -0.33982259 -0.11068927
vn -0.93395315 -0.33982259 -0.11068927
vn -0.92965501 -0.35202687 -0.10871362
vn -0.92965501 -0.35202687 -0.10871362
vn -0.92965501 -0.35202687 -0.10871362
vn -0.93582691 -0.35078446 -0.03432589
vn -0.93582691 -0.35078446 -0.03432589
vn -0.93582691 -0.35078446 -0.03432589
vn -0.93915178 -0.34167583 -0.03537740
vn -0.93915178 -0.34167583 -0.03537740
vn -0.93915178 -0.34167583 -0.03537740
vn -0.93036946 -0.36480151 0.03650369
vn -0.93036946 -0.36480151 0.03650369
vn -0.93036946 -0.36480151 0.03650369
vn -0.92914941 -0.36786681 0.03681551
vn -0.92914941 -0.36786681 0.03681551
vn -0.92914941 -0.36786681 0.03681551
vn -0.93433888 -0.33961795 0.10803014
vn -0.93433888 -0.33961795 0.10803014
vn -0.93433888 -0.33961795 0.10803014
vn -0.92212236 -0.37080645 0.11042158
vn -0.92212236 -0.37080645 0.11042158
vn -0.92212236 -0.37080645 0.11042158
vn -0.91759466 -0.35580590 0.17726309
vn -0.91759466 -0.35580590 0.17726309
vn -0.91759466 -0.35580590 0.17726309
vn -0.93014462 -0.31801841 0.18356273
vn -0.93014462 -0.31801841 0.18356273
vn -0.93014462 -0.31801841 0.18356273
vn -0.91195697 -0.32163854 0.25472169
vn -0.91195697 -0.32163854 0.25472169
vn -0.91195697 -0.32163854 0.25472169
vn -0.90920122 -0.32939415 0.25466181
vn -0.90920122 -0.32939415 0.25466181
vn -0.90920122 -0.32939415 0.25466181
vn -0.88200384 -0.34491010 0.32110163
vn -0.88200384 -0.34491010 0.32110163
vn -0.88200384 -0.34491010 0.32110163
vn -0.87940180 -0.35167863 0.32089658
vn -0.87940180 -0.35167863 0.32089658
vn -0.87940180 -0.35167863 0.32089658
vn -0.86170424 -0.32662866 0.38830338
vn -0.86170424 -0.32662866 0.38830338
vn -0.86170424 -0.32662866 0.38830338
vn -0.84318412 -0.37407580 0.38614483
vn -0.84318412 -0.37407580 0.38614483
vn -0.84318412 -0.37407580 0.38614483
vn -0.81217381 -0.37088309 0.45035478
vn -0.81217381 -0.37088309 0.45035478
vn -0.81217381 -0.37088309 0.45035478
vn -0.82392611 -0.34071390 0.45283528
vn -0.82392611 -0.34071390 0.45283528
vn -0.82392611 -0.34071390 0.45283528
vn -0.77772209 -0.36470941 0.51199159
vn -0.77772209 -0.36470941 0.51199159
vn -0.77772209 -0.36470941 0.51199159
vn -0.77644135 -0.36796554 0.51160551
vn -0.77644135 -0.36796554 0.51160551
vn -0.77644135 -0.36796554 0.51160551
vn -0.74314802 -0.33912123 0.57682564
vn -0.74314802 -0.33912123 0.57682564
vn -0.74314802 -0.33912123 0.57682564
vn -0.73661883 -0.35727272 0.57423767
vn -0.73661883 -0.35727272 0.57423767
vn -0.73661883 -0.35727272 0.57423767
vn -0.69360470 -0.35112598 0.62898574
vn -0.69360470 -0.35112598 0.62898574
vn -0.69360470 -0.35112598 0.62898574
vn -0.69732892 -0.34050287 0.63070609
vn -0.69732892 -0.34050287 0.63070609
vn -0.69732892 -0.34050287 0.63070609
vn -0.63790307 -0.36478536 0.67824134
vn -0.63790307 -0.36478536 0.67824134
vn -0.63790307 -0.36478536 0.67824134
vn -0.64464245 -0.34498485 0.68221812
vn -0.64464245 -0.34498485 0.68221812
vn -0.64464245 -0.34498485 0.68221812
vn -0.59389344 -0.32158978 0.73747583
vn -0.59389344 -0.32158978 0.73747583
vn -0.59389344 -0.32158978 0.73747583
vn -0.58643851 -0.34688164 0.73195833
vn -0.58643851 -0.34688164 0.73195833
vn -0.58643851 -0.34688164 0.73195833
vn -0.53808171 -0.32350629 0.77833910
vn -0.53808171 -0.32350629 0.77833910
vn -0.53808171 -0.32350629 0.77833910
vn -0.53178926 -0.34456646 0.77361110
vn -0.53178926 -0.34456646 0.77361110
vn -0.53178926 -0.34456646 0.77361110
vn -0.46632174 -0.34467018 0.81470639
vn -0.46632174 -0.34467018 0.81470639
vn -0.46632174 -0.34467018 0.81470639
vn -0.47597272 -0.30426231 0.82515115
vn -0.47597272 -0.30426231 0.82515115
vn -0.47597272 -0.30426231 0.82515115
vn -0.41288942 -0.31043228 0.85624419
vn -0.41288942 -0.31043228 0.85624419
vn -0.41288942 -0.31043228 0.85624419
vn -0.39878016 -0.36727940 0.84028580
vn -0.39878016 -0.36727940 0.84028580
vn -0.39878016 -0.36727940 0.84028580
vn -0.33825152 -0.33898193 0.87788220
vn -0.33825152 -0.33898193 0.87788220
vn -0.33825152 -0.33898193 0.87788220
vn -0.33392316 -0.35744920 0.87219573
vn -0.33392316 -0.35744920 0.87219573
vn -0.33392316 -0.35744920 0.87219573
vn -0.26818037 -0.35125180 0.89705154
vn -0.26818037 -0.35125180 0.89705154
vn -0.26818037 -0.35125180 0.89705154
vn -0.27543182 -0.31623528 0.90781747
vn -0.27543182 -0.31623528 0.90781747
vn -0.27543182 -0.31623528 0.90781747
vn -0.20094351 -0.33009241 0.92231269
vn -0.20094351 -0.33009241 0.92231269
vn -0.20094351 -0.33009241 0.92231269
vn -0.19425432 -0.36732278 0.90958190
vn -0.19425432 -0.36732278 0.90958190
vn -0.19425432 -0.36732278 0.90958190
vn -0.12873470 -0.34003648 0.93155922
vn -0.12873470 -0.34003648 0.93155922
vn -0.12873470 -0.34003648 0.93155922
vn -0.12287951 -0.37426003 0.91914637
vn -0.12287951 -0.37426003 0.91914637
vn -0.12287951 -0.37426003 0.91914637
vn -0.05205109 -0.37105637 0.92715039
vn -0.05205109 -0.37105637 0.92715039
vn -0.05205109 -0.37105637 0.92715039
vn -0.05836200 -0.32506234 0.94389001
vn -0.05836200 -0.32506234 0.94389001
vn -0.05836200 -0.32506234 0.94389001
vn 0.02138028 -0.34536808 0.93822373
vn 0.02138028 -0.34536808 0.93822373
vn 0.02138028 -0.34536808 0.93822373
vn 0.01819306 -0.30330178 0.95272086
vn 0.01819306 -0.30330178 0.95272086
vn 0.01819306 -0.30330178 0.95272086
vn 0.09031117 -0.30973369 0.94652466
vn 0.09031117 -0.30973369 0.94652466
vn 0.09031117 -0.30973369 0.94652466
vn 0.09326300 -0.35807442 0.92902353
vn 0.09326300 -0.35807442 0.92902353
vn 0.09326300 -0.35807442 0.92902353
vn 0.16142950 -0.33267058 0.92912367
vn 0.16142950 -0.33267058 0.92912367
vn 0.16142950 -0.33267058 0.92912367
vn 0.16360961 -0.37391608 0.91291766
vn 0.16360961 -0.37391608 0.91291766
vn 0.16360961 -0.37391608 0.91291766
vn 0.23355402 -0.37071462 0.89890110
vn 0.23355402 -0.37071462 0.89890110
vn 0.23355402 -0.37071462 0.89890110
vn 0.23252355 -0.31982553 0.91850119
vn 0.23252355 -0.31982553 0.91850119
vn 0.23252355 -0.31982553 0.91850119
vn 0.30490455 -0.33910664 0.88996624
vn 0.30490455 -0.33910664 0.88996624
vn 0.30490455 -0.33910664 0.88996624
vn 0.30404301 -0.36718581 0.87905201
vn 0.30404301 -0.36718581 0.87905201
vn 0.30404301 -0.36718581 0.87905201
vn 0.37107267 -0.34010796 0.86407850
vn 0.37107267 -0.34010796 0.86407850
vn 0.37107267 -0.34010796 0.86407850
vn 0.36967448 -0.37431117 0.85043044
vn 0.36967448 -0.37431117 0.85043044
vn 0.36967448 -0.37431117 0.85043044
vn 0.43542520 -0.37111021 0.82017200
vn 0.43542520 -0.37111021 0.82017200
vn 0.43542520 -0.37111021 0.82017200
vn 0.43931386 -0.32512291 0.83743563
vn 0.43931386 -0.32512291 0.83743563
vn 0.43931386 -0.32512291 0.83743563
vn 0.49944933 -0.33877276 0.79736026
vn 0.49944933 -0.33877276 0.79736026
vn 0.49944933 -0.33877276 0.79736026
vn 0.49868419 -0.34671800 0.79441847
vn 0.49868419 -0.34671800 0.79441847
vn 0.49868419 -0.34671800 0.79441847
vn 0.56579491 -0.32398065 0.75822995
vn 0.56579491 -0.32398065 0.75822995
vn 0.56579491 -0.32398065 0.75822995
vn 0.56206100 -0.35048005 0.74916698
vn 0.56206100 -0.35048005 0.74916698
vn 0.56206100 -0.35048005 0.74916698
vn 0.62115083 -0.32547492 0.71290793
vn 0.62115083 -0.32547492 0.71290793
vn 0.62115083 -0.32547492 0.71290793
vn 0.61607929 -0.35754776 0.70185889
vn 0.61607929 -0.35754776 0.70185889
vn 0.61607929 -0.35754776 0.70185889
vn 0.66864784 -0.35135425 0.65533217
vn 0.66864784 -0.35135425 0.65533217
vn 0.66864784 -0.35135425 0.65533217
vn 0.67353216 -0.32403290 0.66434713
vn 0.67353216 -0.32403290 0.66434713
vn 0.67353216 -0.32403290 0.66434713
vn 0.72098281 -0.34033210 0.60362062
vn 0.72103581 -0.34008602 0.60369600
vn 0.72173366 -0.33682168 0.60469139
vn 0.72177416 -0.33663086 0.60474932
vn 0.77210988 -0.31510582 0.55186470
vn 0.77210988 -0.31510582 0.55186470
vn 0.77210988 -0.31510582 0.55186470
vn 0.77328643 -0.30960362 0.55332964
vn 0.77328643 -0.30960362 0.55332964
vn 0.77328643 -0.30960362 0.55332964
vn 0.81443436 -0.30527560 0.49346072
vn 0.81443436 -0.30527560 0.49346072
vn 0.81443436 -0.30527560 0.49346072
vn 0.81078938 -0.32084600 0.48956964
vn 0.81078938 -0.32084600 0.48956964
vn 0.81078938 -0.32084600 0.48956964
vn -0.07172389 -0.59053515 0.80381834
vn -0.07172389 -0.59053515 0.80381834
vn -0.07172389 -0.59053515 0.80381834
vn -0.05598678 -0.87310879 0.48430003
vn -0.05598678 -0.87310879 0.48430003
vn -0.05598678 -0.87310879 0.48430003
vn -0.00705390 -0.99144468 0.13033684
vn -0.00606657 -0.99141587 0.13060539
vn -0.00734753 -0.99145305 0.13025695
vn 0.03921557 -0.88199350 -0.46962709
vn 0.03921557 -0.88199350 -0.46962709
vn 0.03921557 -0.88199350 -0.46962709
vn 0.06367908 -0.77393704 -0.63005272
vn 0.06367908 -0.77393704 -0.63005272
vn 0.06367908 -0.77393704 -0.63005272
vn -0.43758255 -0.67294482 0.59637805
vn -0.43758255 -0.67294482 0.59637805
vn -0.43758255 -0.67294482 0.59637805
vn -0.31331853 -0.85688236 0.40937039
vn -0.31331853 -0.85688236 0.40937039
vn -0.31331853 -0.85688236 0.40937039
vn -0.05599245 -0.99482993 0.08472460
vn -0.05599245 -0.99482993 0.08472460
vn -0.05599245 -0.99482993 0.08472460
vn 0.21905664 -0.92627980 -0.30662667
vn 0.21905664 -0.92627980 -0.30662667
vn 0.21905664 -0.92627980 -0.30662667
vn 0.38216525 -0.77358307 -0.50548883
vn 0.38216525 -0.77358307 -0.50548883
vn 0.38216525 -0.77358307 -0.50548883
vn -0.74629221 -0.59140129 0.30543814
vn -0.74629221 -0.59140129 0.30543814
vn -0.74629221 -0.59140129 0.30543814
vn -0.12194224 -0.99128164 0.04990797
vn -0.12194224 -0.99128164 0.04990797
vn -0.12194224 -0.99128164 0.04990797
vn -0.14656196 -0.98748036 0.05832782
vn -0.14656196 -0.98748036 0.05832782
vn -0.14656196 -0.98748036 0.05832782
vn 0.50356616 -0.83955364 -0.20388922
vn 0.50356616 -0.83955364 -0.20388922
vn 0.50356616 -0.83955364 -0.20388922
vn 0.57150489 -0.78582020 -0.23636576
vn 0.57150489 -0.78582020 -0.23636576
vn 0.57150489 -0.78582020 -0.23636576
vn -0.79737572 -0.59094502 -0.12237629
vn -0.79737572 -0.59094502 -0.12237629
vn -0.79737572 -0.59094502 -0.12237629
vn -0.69805473 -0.70691867 -0.11395427
vn -0.69805473 -0.70691867 -0.11395427
vn -0.69805473 -0.70691867 -0.11395427
vn -0.15883614 -0.98714207 -0.01793360
vn -0.15848758 -0.98718172 -0.01881322
vn -0.15898565 -0.98712479 -0.01755617
vn 0.22710487 -0.97350307 0.02674231
vn 0.22710487 -0.97350307 0.02674231
vn 0.22710487 -0.97350307 0.02674231
vn 0.54638552 -0.83253812 0.09134083
vn 0.54638552 -0.83253812 0.09134083
vn 0.54638552 -0.83253812 0.09134083
vn -0.01793285 -0.58608409 0.81005176
vn -0.01793285 -0.58608409 0.81005176
vn -0.01793285 -0.58608409 0.81005176
vn -0.00745879 -0.71999410 0.69394011
vn -0.00745879 -0.71999410 0.69394011
vn -0.00745879 -0.71999410 0.69394011
vn -0.00834077 -0.99148067 0.12998661
vn 0.01334628 -0.97140447 -0.23705535
vn 0.01334628 -0.97140447 -0.23705535
vn 0.01334628 -0.97140447 -0.23705535
vn 0.00465429 -0.78813764 -0.61548143
vn 0.00465429 -0.78813764 -0.61548143
vn 0.00465429 -0.78813764 -0.61548143
vn -0.39401853 -0.67305457 0.62589691
vn -0.39471833 -0.67176685 0.62683868
vn -0.39469520 -0.67180948 0.62680756
vn -0.39399457 -0.67309858 0.62586467
vn -0.05106188 -0.99487653 0.08725465
vn -0.05444666 -0.99476385 0.08648961
vn -0.05444666 -0.99476385 0.08648961
vn -0.05333641 -0.99495949 0.08491670
vn -0.05333641 -0.99495949 0.08491670
vn -0.05333641 -0.99495949 0.08491670
vn 0.32807934 -0.78707150 -0.52238148
vn 0.32807934 -0.78707150 -0.52238148
vn 0.32807934 -0.78707150 -0.52238148
vn 0.33827011 -0.77314063 -0.53649502
vn 0.33827011 -0.77314063 -0.53649502
vn 0.33827011 -0.77314063 -0.53649502
vn -0.72635305 -0.58696088 0.35761456
vn -0.72635305 -0.58696088 0.35761456
vn -0.72635305 -0.58696088 0.35761456
vn -0.45984166 -0.85519237 0.23914777
vn -0.45984166 -0.85519237 0.23914777
vn -0.45984166 -0.85519237 0.23914777
vn -0.14495788 -0.98709642 0.06802842
vn -0.14495788 -0.98709642 0.06802842
vn -0.14495788 -0.98709642 0.06802842
vn 0.26660601 -0.95528967 -0.12783926
vn 0.26660601 -0.95528967 -0.12783926
vn 0.26660601 -0.95528967 -0.12783926
vn 0.46770256 -0.85030780 -0.24131091
vn 0.46770256 -0.85030780 -0.24131091
vn 0.46770256 -0.85030780 -0.24131091
vn -0.80689619 -0.58663225 -0.06914575
vn -0.80689619 -0.58663225 -0.06914575
vn -0.80689619 -0.58663225 -0.06914575
vn -0.51729684 -0.85517548 -0.03284621
vn -0.51729684 -0.85517548 -0.03284621
vn -0.51729684 -0.85517548 -0.03284621
vn -0.15933711 -0.98708350 -0.01666869
vn 0.31054598 -0.95008720 0.02992493
vn 0.31054598 -0.95008720 0.02992493
vn 0.31054598 -0.95008720 0.02992493
vn 0.52772528 -0.84865317 0.03596972
vn 0.52772528 -0.84865317 0.03596972
vn 0.52772528 -0.84865317 0.03596972
vn 0.03504263 -0.71093577 0.70238333
vn 0.03504263 -0.71093577 0.70238333
vn 0.03504263 -0.71093577 0.70238333
vn 0.03671457 -0.87044730 0.49089055
vn 0.03671457 -0.87044730 0.49089055
vn 0.03671457 -0.87044730 0.49089055
vn -0.02061040 -0.97170753 -0.23528638
vn -0.02061040 -0.97170753 -0.23528638
vn -0.02061040 -0.97170753 -0.23528638
vn -0.02048577 -0.91177586 -0.41017693
vn -0.02048577 -0.91177586 -0.41017693
vn -0.02048577 -0.91177586 -0.41017693
vn -0.34965812 -0.67223486 0.65256378
vn -0.34965812 -0.67223486 0.65256378
vn -0.34965812 -0.67223486 0.65256378
vn -0.23571782 -0.85539419 0.46123518
vn -0.23571782 -0.85539419 0.46123518
vn -0.23571782 -0.85539419 0.46123518
vn -0.05092018 -0.99488099 0.08728665
vn -0.05092018 -0.99488099 0.08728665
vn 0.14927270 -0.95155352 -0.26881881
vn 0.14927270 -0.95155352 -0.26881881
vn 0.14927270 -0.95155352 -0.26881881
vn 0.28300780 -0.78434012 -0.55201192
vn 0.28300780 -0.78434012 -0.55201192
vn 0.28300780 -0.78434012 -0.55201192
vn -0.45516695 -0.84685928 0.27504982
vn -0.45516695 -0.84685928 0.27504982
vn -0.45516695 -0.84685928 0.27504982
vn -0.40043735 -0.88224759 0.24756639
vn -0.40043735 -0.88224759 0.24756639
vn -0.40043735 -0.88224759 0.24756639
vn 0.24594501 -0.95668655 -0.15576233
vn 0.24594501 -0.95668655 -0.15576233
vn 0.24594501 -0.95668655 -0.15576233
vn 0.43374712 -0.86406593 -0.25544764
vn 0.43374712 -0.86406593 -0.25544764
vn 0.43374712 -0.86406593 -0.25544764
vn -0.53178210 -0.84688116 0.00031156
vn -0.53178210 -0.84688116 0.00031156
vn -0.53178210 -0.84688116 0.00031156
vn -0.51964441 -0.85438169 0.00127235
vn -0.51964441 -0.85438169 0.00127235
vn -0.51964441 -0.85438169 0.00127235
vn 0.29274283 -0.95619094 -0.00071672
vn 0.29274283 -0.95619094 -0.00071672
vn 0.29274283 -0.95619094 -0.00071672
vn 0.20686194 -0.97835047 -0.00620513
vn 0.20686194 -0.97835047 -0.00620513
vn 0.20686194 -0.97835047 -0.00620513
vn 0.76946157 -0.63865922 0.00657943
vn 0.76946157 -0.63865922 0.00657943
vn 0.76946157 -0.63865922 0.00657943
vn -0.28873333 -0.95682923 -0.03333013
vn -0.28873333 -0.95682923 -0.03333013
vn -0.28873333 -0.95682923 -0.03333013
vn -0.28436766 -0.95816313 -0.03253383
vn -0.28436766 -0.95816313 -0.03253383
vn -0.28436766 -0.95816313 -0.03253383
vn 0.51623920 -0.85440552 0.05906172
vn 0.51623920 -0.85440552 0.05906172
vn 0.51623920 -0.85440552 0.05906172
vn 0.52820129 -0.84689426 0.06142883
vn 0.52820129 -0.84689426 0.06142883
vn 0.52820129 -0.84689426 0.06142883
vn -0.49867464 -0.84883052 -0.17552878
vn -0.49867464 -0.84883052 -0.17552878
vn -0.49867464 -0.84883052 -0.17552878
vn -0.21698469 -0.97225102 -0.08743912
vn -0.21698469 -0.97225102 -0.08743912
vn -0.21698469 -0.97225102 -0.08743912
vn 0.14700777 -0.98722528 0.06144077
vn 0.14838044 -0.98713069 0.05963419
vn 0.14648314 -0.98726007 0.06213089
vn 0.65208436 -0.72210076 0.23099023
vn 0.65208436 -0.72210076 0.23099023
vn 0.65208436 -0.72210076 0.23099023
vn 0.75889781 -0.58851399 0.27879276
vn 0.75889781 -0.58851399 0.27879276
vn 0.75889781 -0.58851399 0.27879276
vn -0.20677022 -0.96527719 -0.15964341
vn -0.20677022 -0.96527719 -0.15964341
vn -0.20677022 -0.96527719 -0.15964341
vn -0.18449839 -0.97284368 -0.13976952
vn -0.18449839 -0.97284368 -0.13976952
vn -0.18449839 -0.97284368 -0.13976952
vn 0.48460394 -0.79263366 0.36998770
vn 0.48460394 -0.79263366 0.36998770
vn 0.48460394 -0.79263366 0.36998770
vn 0.55278909 -0.71246428 0.43222548
vn 0.55278909 -0.71246428 0.43222548
vn 0.55278909 -0.71246428 0.43222548
vn -0.39676889 -0.77515188 -0.49164418
vn -0.39676889 -0.77515188 -0.49164418
vn -0.39676889 -0.77515188 -0.49164418
vn -0.38951405 -0.78521600 -0.48136747
vn -0.38951405 -0.78521600 -0.48136747
vn -0.38951405 -0.78521600 -0.48136747
vn 0.08149665 -0.99157268 0.10070712
vn 0.08149665 -0.99157268 0.10070712
vn 0.08149665 -0.99157268 0.10070712
vn 0.06582423 -0.99471626 0.07878279
vn 0.06582423 -0.99471626 0.07878279
vn 0.06582423 -0.99471626 0.07878279
vn 0.46186262 -0.67446888 0.57599883
vn 0.46186262 -0.67446888 0.57599883
vn 0.46186262 -0.67446888 0.57599883
vn 0.50743548 -0.59326432 0.62493734
vn 0.50743548 -0.59326432 0.62493734
vn 0.50743548 -0.59326432 0.62493734
vn -0.10023253 -0.97290469 -0.20835045
vn -0.10023253 -0.97290469 -0.20835045
vn -0.10023253 -0.97290469 -0.20835045
vn -0.12130046 -0.95725837 -0.26256925
vn -0.12130046 -0.95725837 -0.26256925
vn -0.12130046 -0.95725837 -0.26256925
vn 0.22907083 -0.84129677 0.48963895
vn 0.22907083 -0.84129677 0.48963895
vn 0.22907083 -0.84129677 0.48963895
vn 0.30458153 -0.71990767 0.62366901
vn 0.30458153 -0.71990767 0.62366901
vn 0.30458153 -0.71990767 0.62366901
vn -0.06950726 -0.97017079 -0.23224422
vn -0.06950726 -0.97017079 -0.23224422
vn -0.06950726 -0.97017079 -0.23224422
vn -0.08007863 -0.95640497 -0.28085041
vn -0.08007863 -0.95640497 -0.28085041
vn -0.08007863 -0.95640497 -0.28085041
vn 0.14867292 -0.84594792 0.51212155
vn 0.14867292 -0.84594792 0.51212155
vn 0.14867292 -0.84594792 0.51212155
vn 0.20359187 -0.72512213 0.65783603
vn 0.20359187 -0.72512213 0.65783603
vn 0.20359187 -0.72512213 0.65783603
vn -0.06225792 -0.95559709 -0.28802457
vn -0.06225792 -0.95559709 -0.28802457
vn -0.06225792 -0.95559709 -0.28802457
vn -0.06032457 -0.95946881 -0.27528267
vn -0.06032457 -0.95946881 -0.27528267
vn -0.06032457 -0.95946881 -0.27528267
vn 0.11262900 -0.85041585 0.51391398
vn 0.11262900 -0.85041585 0.51391398
vn 0.11262900 -0.85041585 0.51391398
vn 0.11494597 -0.83975860 0.53065330
vn 0.11494597 -0.83975860 0.53065330
vn 0.11494597 -0.83975860 0.53065330
vn 0.05947279 -0.97144528 -0.22968905
vn 0.05947279 -0.97144528 -0.22968905
vn 0.05947279 -0.97144528 -0.22968905
vn -0.16037372 -0.77145106 0.61574632
vn -0.16037372 -0.77145106 0.61574632
vn -0.16037372 -0.77145106 0.61574632
vn -0.19820943 -0.57050579 0.79701704
vn -0.19820943 -0.57050579 0.79701704
vn -0.19820943 -0.57050579 0.79701704
vn 0.11771381 -0.93126616 -0.34479966
vn 0.11771381 -0.93126616 -0.34479966
vn 0.11771381 -0.93126616 -0.34479966
vn 0.08891397 -0.95864850 -0.27034675
vn 0.08891397 -0.95864850 -0.27034675
vn 0.08891397 -0.95864850 -0.27034675
vn -0.14736881 -0.88218656 0.44724636
vn -0.14736881 -0.88218656 0.44724636
vn -0.14736881 -0.88218656 0.44724636
vn -0.17575126 -0.83981152 0.51364199
vn -0.17575126 -0.83981152 0.51364199
vn -0.17575126 -0.83981152 0.51364199
vn 0.43821893 -0.78752930 -0.43331486
vn 0.43821893 -0.78752930 -0.43331486
vn 0.43821893 -0.78752930 -0.43331486
vn 0.37707805 -0.85086281 -0.36584781
vn 0.37707805 -0.85086281 -0.36584781
vn 0.37707805 -0.85086281 -0.36584781
vn -0.07441052 -0.99482611 0.06916702
vn -0.07470573 -0.99484296 0.06860429
vn -0.07429171 -0.99481922 0.06939347
vn -0.18521854 -0.96483021 0.18653890
vn -0.18521854 -0.96483021 0.18653890
vn -0.18521854 -0.96483021 0.18653890
vn -0.53044166 -0.67253620 0.51606850
vn -0.53044166 -0.67253620 0.51606850
vn -0.53044166 -0.67253620 0.51606850
vn -0.58495935 -0.56994549 0.57704827
vn -0.58495935 -0.56994549 0.57704827
vn -0.58495935 -0.56994549 0.57704827
vn 0.48632047 -0.77424097 -0.40502262
vn 0.48632047 -0.77424097 -0.40502262
vn 0.48632047 -0.77424097 -0.40502262
vn 0.35730179 -0.88167359 -0.30819978
vn 0.35730179 -0.88167359 -0.30819978
vn 0.35730179 -0.88167359 -0.30819978
vn -0.07399980 -0.99480202 0.06994979
vn -0.37912496 -0.87276544 0.30748129
vn -0.37912496 -0.87276544 0.30748129
vn -0.37912496 -0.87276544 0.30748129
vn -0.56294615 -0.67351870 0.47902421
vn -0.56294615 -0.67351870 0.47902421
vn -0.56294615 -0.67351870 0.47902421
vn 0.62016436 -0.77178286 -0.14052538
vn 0.62016436 -0.77178286 -0.14052538
vn 0.62016436 -0.77178286 -0.14052538
vn 0.27014492 -0.96016036 -0.07151086
vn 0.27014492 -0.96016036 -0.07151086
vn 0.27014492 -0.96016036 -0.07151086
vn -0.12568066 -0.99142552 0.03577450
vn -0.12552626 -0.99134987 0.03832216
vn -0.12556178 -0.99136781 0.03773728
vn -0.51971570 -0.84636421 0.11646125
vn -0.51971570 -0.84636421 0.11646125
vn -0.51971570 -0.84636421 0.11646125
vn -0.78004827 -0.59540543 0.19239819
vn -0.78004827 -0.59540543 0.19239819
vn -0.78004827 -0.59540543 0.19239819
vn 0.28715495 -0.95681105 -0.04532825
vn 0.28715495 -0.95681105 -0.04532825
vn 0.28715495 -0.95681105 -0.04532825
vn 0.28270833 -0.95815343 -0.04492214
vn 0.28270833 -0.95815343 -0.04492214
vn 0.28270833 -0.95815343 -0.04492214
vn -0.51943994 -0.85051131 0.08253886
vn -0.51943994 -0.85051131 0.08253886
vn -0.51943994 -0.85051131 0.08253886
vn -0.53676850 -0.83954595 0.08391771
vn -0.53676850 -0.83954595 0.08391771
vn -0.53676850 -0.83954595 0.08391771
vn 0.47799145 -0.86380181 0.15928152
vn 0.47799145 -0.86380181 0.15928152
vn 0.47799145 -0.86380181 0.15928152
vn 0.26821223 -0.96006846 0.07956603
vn 0.26821223 -0.96006846 0.07956603
vn 0.26821223 -0.96006846 0.07956603
vn -0.44448629 -0.88520051 -0.13730257
vn -0.44448629 -0.88520051 -0.13730257
vn -0.44448629 -0.88520051 -0.13730257
vn -0.50840037 -0.84553298 -0.16310438
vn -0.50840037 -0.84553298 -0.16310438
vn -0.50840037 -0.84553298 -0.16310438
vn 0.49147107 -0.84884627 0.19472081
vn 0.49147107 -0.84884627 0.19472081
vn 0.49147107 -0.84884627 0.19472081
vn 0.26940835 -0.95603132 0.11585877
vn 0.26940835 -0.95603132 0.11585877
vn 0.26940835 -0.95603132 0.11585877
vn -0.14656339 -0.98709735 -0.06448250
vn -0.14656339 -0.98709735 -0.06448250
vn -0.14656339 -0.98709735 -0.06448250
vn -0.49061887 -0.84991624 -0.19218611
vn -0.49061887 -0.84991624 -0.19218611
vn -0.49061887 -0.84991624 -0.19218611
vn -0.74938303 -0.58353651 -0.31290609
vn -0.74938303 -0.58353651 -0.31290609
vn -0.74938303 -0.58353651 -0.31290609
vn 0.53055266 -0.78827157 0.31167581
vn 0.53055266 -0.78827157 0.31167581
vn 0.53055266 -0.78827157 0.31167581
vn 0.19846989 -0.97145069 0.12997410
vn 0.19846989 -0.97145069 0.12997410
vn 0.19846989 -0.97145069 0.12997410
vn -0.08383306 -0.99490268 -0.05604177
vn -0.08383306 -0.99490268 -0.05604177
vn -0.08383306 -0.99490268 -0.05604177
vn -0.59338174 -0.72303089 -0.35372933
vn -0.59338174 -0.72303089 -0.35372933
vn -0.59338174 -0.72303089 -0.35372933
vn -0.63245061 -0.67412985 -0.38151694
vn -0.63245061 -0.67412985 -0.38151694
vn -0.63245061 -0.67412985 -0.38151694
vn 0.35779809 -0.86706394 0.34667081
vn 0.35779809 -0.86706394 0.34667081
vn 0.35779809 -0.86706394 0.34667081
vn 0.28504235 -0.91553191 0.28381715
vn 0.28504235 -0.91553191 0.28381715
vn 0.28504235 -0.91553191 0.28381715
vn -0.19226522 -0.96229376 -0.19241832
vn -0.19226522 -0.96229376 -0.19241832
vn -0.19226522 -0.96229376 -0.19241832
vn -0.35979855 -0.86783045 -0.34265919
vn -0.35979855 -0.86783045 -0.34265919
vn -0.35979855 -0.86783045 -0.34265919
vn -0.58364447 -0.56638356 -0.58186666
vn -0.58364447 -0.56638356 -0.58186666
vn -0.58364447 -0.56638356 -0.58186666
vn 0.33644704 -0.78450058 0.52092440
vn 0.33644704 -0.78450058 0.52092440
vn 0.33644704 -0.78450058 0.52092440
vn 0.12438166 -0.96876954 0.21451055
vn 0.12438166 -0.96876954 0.21451055
vn 0.12438166 -0.96876954 0.21451055
vn -0.06450790 -0.99146842 -0.11326562
vn -0.06450790 -0.99146842 -0.11326562
vn -0.06450790 -0.99146842 -0.11326562
vn -0.37369927 -0.72245098 -0.58173314
vn -0.37369927 -0.72245098 -0.58173314
vn -0.37369927 -0.72245098 -0.58173314
vn -0.43073927 -0.58336916 -0.68858122
vn -0.43073927 -0.58336916 -0.68858122
vn -0.43073927 -0.58336916 -0.68858122
vn 0.09245134 -0.97263115 0.21316986
vn 0.09193420 -0.97300730 0.21167167
vn 0.09196665 -0.97298378 0.21176566
vn 0.09248651 -0.97260547 0.21327176
vn -0.27376790 -0.72563786 -0.63126923
vn -0.27376790 -0.72563786 -0.63126923
vn -0.27376790 -0.72563786 -0.63126923
vn -0.27907331 -0.70928845 -0.64732371
vn -0.27907331 -0.70928845 -0.64732371
vn -0.27907331 -0.70928845 -0.64732371
vn 0.07845424 -0.97017512 0.22935816
vn 0.07845424 -0.97017512 0.22935816
vn 0.07845424 -0.97017512 0.22935816
vn 0.08402281 -0.96436525 0.25087814
vn 0.08402281 -0.96436525 0.25087814
vn 0.08402281 -0.96436525 0.25087814
vn -0.20171062 -0.77745246 -0.59571848
vn -0.20171062 -0.77745246 -0.59571848
vn -0.20171062 -0.77745246 -0.59571848
vn -0.22731481 -0.72041031 -0.65523810
vn -0.22731481 -0.72041031 -0.65523810
vn -0.22731481 -0.72041031 -0.65523810
vn 0.06962534 -0.92516416 0.37312678
vn 0.06962534 -0.92516416 0.37312678
vn 0.06962534 -0.92516416 0.37312678
vn 0.03479004 -0.97239173 0.23074655
vn 0.03479004 -0.97239173 0.23074655
vn 0.03479004 -0.97239173 0.23074655
vn -0.08260113 -0.86049379 -0.50272009
vn -0.08260113 -0.86049379 -0.50272009
vn -0.08260113 -0.86049379 -0.50272009
vn -0.12579976 -0.72531548 -0.67682485
vn -0.12579976 -0.72531548 -0.67682485
vn -0.12579976 -0.72531548 -0.67682485
vn 0.06482021 -0.78411407 0.61722238
vn 0.06482021 -0.78411407 0.61722238
vn 0.06482021 -0.78411407 0.61722238
vn 0.03404938 -0.91100688 0.41098308
vn 0.03404938 -0.91100688 0.41098308
vn 0.03404938 -0.91100688 0.41098308
vn -0.00490436 -0.99489956 -0.10075128
vn -0.00490436 -0.99489956 -0.10075128
vn -0.00490436 -0.99489956 -0.10075128
vn -0.05627517 -0.86588445 -0.49706862
vn -0.05627517 -0.86588445 -0.49706862
vn -0.05627517 -0.86588445 -0.49706862
vn -0.06707488 -0.66712351 -0.74192128
vn -0.06707488 -0.66712351 -0.74192128
vn -0.06707488 -0.66712351 -0.74192128
vn -0.01405898 -0.97150317 0.23660924
vn -0.01405898 -0.97150317 0.23660924
vn -0.01405898 -0.97150317 0.23660924
vn -0.02024879 -0.95889275 0.28304535
vn -0.02024879 -0.95889275 0.28304535
vn -0.02024879 -0.95889275 0.28304535
vn 0.03524267 -0.84798120 -0.52885332
vn 0.03524267 -0.84798120 -0.52885332
vn 0.03524267 -0.84798120 -0.52885332
vn 0.03397670 -0.72201594 -0.69104165
vn 0.03397670 -0.72201594 -0.69104165
vn 0.03397670 -0.72201594 -0.69104165
vn -0.13208522 -0.88208327 0.45219753
vn -0.13208522 -0.88208327 0.45219753
vn -0.13208522 -0.88208327 0.45219753
vn -0.11675203 -0.91601866 0.38376916
vn -0.11675203 -0.91601866 0.38376916
vn -0.11675203 -0.91601866 0.38376916
vn 0.14145985 -0.87059584 -0.47122393
vn 0.14145985 -0.87059584 -0.47122393
vn 0.14145985 -0.87059584 -0.47122393
vn 0.13816662 -0.87550728 -0.46303022
vn 0.13816662 -0.87550728 -0.46303022
vn 0.13816662 -0.87550728 -0.46303022
vn -0.32297253 -0.77242704 0.54685026
vn -0.32297253 -0.77242704 0.54685026
vn -0.32297253 -0.77242704 0.54685026
vn -0.13320731 -0.96026195 0.24526066
vn -0.13320731 -0.96026195 0.24526066
vn -0.13320731 -0.96026195 0.24526066
vn 0.04668887 -0.99478652 -0.09066386
vn 0.04730229 -0.99480853 -0.09010263
vn 0.04712545 -0.99480225 -0.09026444
vn 0.27483112 -0.84178840 -0.46460752
vn 0.27483112 -0.84178840 -0.46460752
vn 0.27483112 -0.84178840 -0.46460752
vn 0.36395331 -0.67652310 -0.64019878
vn 0.36395331 -0.67652310 -0.64019878
vn 0.36395331 -0.67652310 -0.64019878
vn -0.40506865 -0.76915500 0.49428734
vn -0.40506865 -0.76915500 0.49428734
vn -0.40506865 -0.76915500 0.49428734
vn -0.23091950 -0.92619474 0.29805955
vn -0.23091950 -0.92619474 0.29805955
vn -0.23091950 -0.92619474 0.29805955
vn 0.05950151 -0.99478764 -0.08280777
vn 0.06031543 -0.99482201 -0.08179987
vn 0.06008650 -0.99481251 -0.08208340
vn 0.32495391 -0.86055469 -0.39223792
vn 0.32495391 -0.86055469 -0.39223792
vn 0.32495391 -0.86055469 -0.39223792
vn 0.45650207 -0.67873105 -0.57526517
vn 0.45650207 -0.67873105 -0.57526517
vn 0.45650207 -0.67873105 -0.57526517
vn -0.28404402 -0.91193753 0.29612319
vn -0.28404402 -0.91193753 0.29612319
vn -0.28404402 -0.91193753 0.29612319
vn -0.19736610 -0.95655839 0.21457555
vn -0.19736610 -0.95655839 0.21457555
vn -0.19736610 -0.95655839 0.21457555
vn 0.33999922 -0.86663259 -0.36516913
vn 0.33999922 -0.86663259 -0.36516913
vn 0.33999922 -0.86663259 -0.36516913
vn 0.37289771 -0.83951075 -0.39518223
vn 0.37289771 -0.83951075 -0.39518223
vn 0.37289771 -0.83951075 -0.39518223
vn -0.43472498 -0.83788535 0.33009443
vn -0.43472498 -0.83788535 0.33009443
vn -0.43472498 -0.83788535 0.33009443
vn -0.21934722 -0.95924608 0.17813973
vn -0.21934722 -0.95924608 0.17813973
vn -0.21934722 -0.95924608 0.17813973
vn 0.12263425 -0.98725963 -0.10138674
vn 0.12184352 -0.98718322 -0.10307016
vn 0.12207513 -0.98720595 -0.10257721
vn 0.42504759 -0.84627994 -0.32116167
vn 0.42504759 -0.84627994 -0.32116167
vn 0.42504759 -0.84627994 -0.32116167
vn 0.63050929 -0.59540710 -0.49794419
vn 0.63050929 -0.59540710 -0.49794419
vn 0.63050929 -0.59540710 -0.49794419
vn -0.25294258 -0.95307231 0.16635271
vn -0.25294258 -0.95307231 0.16635271
vn -0.25294258 -0.95307231 0.16635271
vn -0.24322369 -0.95654396 0.16082875
vn -0.24322369 -0.95654396 0.16082875
vn -0.24322369 -0.95654396 0.16082875
vn 0.43886121 -0.85040578 -0.29019106
vn 0.43886121 -0.85040578 -0.29019106
vn 0.43886121 -0.85040578 -0.29019106
vn 0.45383819 -0.83960380 -0.29849013
vn 0.45383819 -0.83960380 -0.29849013
vn 0.45383819 -0.83960380 -0.29849013
vn -0.47889387 -0.84885610 0.22383920
vn -0.47889387 -0.84885610 0.22383920
vn -0.47889387 -0.84885610 0.22383920
vn -0.26929280 -0.95598506 0.11650728
vn -0.26929280 -0.95598506 0.11650728
vn -0.26929280 -0.95598506 0.11650728
vn 0.14752169 -0.98709037 -0.06236949
vn 0.14752169 -0.98709037 -0.06236949
vn 0.14769132 -0.98708305 -0.06208322
vn 0.47294346 -0.85234940 -0.22321510
vn 0.47294346 -0.85234940 -0.22321510
vn 0.47294346 -0.85234940 -0.22321510
vn 0.73841552 -0.58930106 -0.32782127
vn 0.73841552 -0.58930106 -0.32782127
vn 0.73841552 -0.58930106 -0.32782127
vn -0.53604801 -0.83827043 0.09977583
vn -0.53604801 -0.83827043 0.09977583
vn -0.53604801 -0.83827043 0.09977583
vn -0.27593123 -0.95925629 0.06073989
vn -0.27593123 -0.95925629 0.06073989
vn -0.27593123 -0.95925629 0.06073989
vn 0.15532094 -0.98722223 -0.03560441
vn 0.15544319 -0.98702975 -0.04012097
vn 0.15540941 -0.98708547 -0.03886130
vn 0.52024850 -0.84864251 -0.09564199
vn 0.52024850 -0.84864251 -0.09564199
vn 0.52024850 -0.84864251 -0.09564199
vn 0.78890297 -0.59283526 -0.16179760
vn 0.78890297 -0.59283526 -0.16179760
vn 0.78890297 -0.59283526 -0.16179760
vn 0.54244247 -0.83981016 0.02179617
vn 0.54244247 -0.83981016 0.02179617
vn 0.54244247 -0.83981016 0.02179617
vn 0.51578783 -0.85651116 0.01874973
vn 0.51578783 -0.85651116 0.01874973
vn 0.51578783 -0.85651116 0.01874973
vn -0.28151520 -0.95950220 -0.01023349
vn -0.28151520 -0.95950220 -0.01023349
vn -0.28151520 -0.95950220 -0.01023349
vn -0.29448615 -0.95558589 -0.01155442
vn -0.29448615 -0.95558589 -0.01155442
vn -0.29448615 -0.95558589 -0.01155442
vn -0.29706409 -0.95307331 -0.05834542
vn -0.29706409 -0.95307331 -0.05834542
vn -0.29706409 -0.95307331 -0.05834542
vn -0.28634763 -0.95651657 -0.05550752
vn -0.28634763 -0.95651657 -0.05550752
vn -0.28634763 -0.95651657 -0.05550752
vn 0.50659020 -0.85657632 0.09820074
vn 0.50659020 -0.85657632 0.09820074
vn 0.50659020 -0.85657632 0.09820074
vn 0.52405729 -0.84543052 0.10301063
vn 0.52405729 -0.84543052 0.10301063
vn 0.52405729 -0.84543052 0.10301063
vn 0.67963306 -0.70715742 0.19500586
vn 0.67963306 -0.70715742 0.19500586
vn 0.67963306 -0.70715742 0.19500586
vn 0.50939584 -0.84989738 0.13487149
vn 0.50939584 -0.84989738 0.13487149
vn 0.50939584 -0.84989738 0.13487149
vn -0.21864035 -0.97416640 -0.05653511
vn -0.21864035 -0.97416640 -0.05653511
vn -0.21864035 -0.97416640 -0.05653511
vn -0.28391703 -0.95557561 -0.07916042
vn -0.28391703 -0.95557561 -0.07916042
vn -0.28391703 -0.95557561 -0.07916042
vn -0.54125932 -0.80492125 -0.24318742
vn -0.54125932 -0.80492125 -0.24318742
vn -0.54125932 -0.80492125 -0.24318742
vn -0.50165195 -0.83438503 -0.22835705
vn -0.50165195 -0.83438503 -0.22835705
vn -0.50165195 -0.83438503 -0.22835705
vn 0.14512399 -0.98734671 0.06391788
vn 0.19462523 -0.97676699 0.08970655
vn 0.19462523 -0.97676699 0.08970655
vn 0.19462523 -0.97676699 0.08970655
vn 0.68978076 -0.65213202 0.31452557
vn 0.68978076 -0.65213202 0.31452557
vn 0.68978076 -0.65213202 0.31452557
vn 0.73214299 -0.59583083 0.33007919
vn 0.73214299 -0.59583083 0.33007919
vn 0.73214299 -0.59583083 0.33007919
vn -0.53702347 -0.78696729 -0.30378986
vn -0.53702347 -0.78696729 -0.30378986
vn -0.53702347 -0.78696729 -0.30378986
vn -0.25867852 -0.95672814 -0.13325424
vn -0.25867852 -0.95672814 -0.13325424
vn -0.25867852 -0.95672814 -0.13325424
vn 0.18454918 -0.97809159 0.09632468
vn 0.18454918 -0.97809159 0.09632468
vn 0.18454918 -0.97809159 0.09632468
vn 0.46397089 -0.84617973 0.26212761
vn 0.46397089 -0.84617973 0.26212761
vn 0.46397089 -0.84617973 0.26212761
vn 0.66838052 -0.64972410 0.36211334
vn 0.66838052 -0.64972410 0.36211334
vn 0.66838052 -0.64972410 0.36211334
vn 0.52318223 -0.77793139 0.34799872
vn 0.52318223 -0.77793139 0.34799872
vn 0.52318223 -0.77793139 0.34799872
vn 0.44197695 -0.85028653 0.28577822
vn 0.44197695 -0.85028653 0.28577822
vn 0.44197695 -0.85028653 0.28577822
vn -0.21383922 -0.96710427 -0.13777565
vn -0.21383922 -0.96710427 -0.13777565
vn -0.21383922 -0.96710427 -0.13777565
vn -0.24618375 -0.95557699 -0.16206846
vn -0.24618375 -0.95557699 -0.16206846
vn -0.24618375 -0.95557699 -0.16206846
vn -0.46352007 -0.78480791 -0.41137050
vn -0.46352007 -0.78480791 -0.41137050
vn -0.46352007 -0.78480791 -0.41137050
vn -0.17717037 -0.96883218 -0.17313253
vn -0.17717037 -0.96883218 -0.17313253
vn -0.17717037 -0.96883218 -0.17313253
vn 0.07043434 -0.99492080 0.07191388
vn 0.07155993 -0.99488961 0.07123088
vn 0.07003914 -0.99493134 0.07215365
vn 0.51206287 -0.72559440 0.45967856
vn 0.51206287 -0.72559440 0.45967856
vn 0.51206287 -0.72559440 0.45967856
vn 0.54793351 -0.67263227 0.49732756
vn 0.54793351 -0.67263227 0.49732756
vn 0.54793351 -0.67263227 0.49732756
vn 0.55607757 -0.58244492 0.59290443
vn 0.55607757 -0.58244492 0.59290443
vn 0.55607757 -0.58244492 0.59290443
vn 0.50939948 -0.67359109 0.53552517
vn 0.50939948 -0.67359109 0.53552517
vn 0.50939948 -0.67359109 0.53552517
vn 0.08902678 -0.99134321 0.09650326
vn 0.08902678 -0.99134321 0.09650326
vn 0.08902678 -0.99134321 0.09650326
vn 0.06892383 -0.99495994 0.07283014
vn -0.42379109 -0.78733812 -0.44777204
vn -0.42379109 -0.78733812 -0.44777204
vn -0.42379109 -0.78733812 -0.44777204
vn -0.43467988 -0.77372324 -0.46087498
vn -0.43467988 -0.77372324 -0.46087498
vn -0.43467988 -0.77372324 -0.46087498
vn -0.36060411 -0.77037471 -0.52582078
vn -0.36060411 -0.77037471 -0.52582078
vn -0.36060411 -0.77037471 -0.52582078
vn -0.35258604 -0.78306118 -0.51234584
vn -0.35258604 -0.78306118 -0.51234584
vn -0.35258604 -0.78306118 -0.51234584
vn 0.05765929 -0.99480019 0.08395235
vn 0.05678097 -0.99497085 0.08251628
vn 0.05680761 -0.99496571 0.08255984
vn 0.05768532 -0.99479508 0.08399490
vn 0.41510922 -0.67984774 0.60455883
vn 0.41510922 -0.67984774 0.60455883
vn 0.41510922 -0.67984774 0.60455883
vn 0.41851695 -0.67247375 0.61042822
vn 0.41851695 -0.67247375 0.61042822
vn 0.41851695 -0.67247375 0.61042822
vn 0.35261773 -0.70949166 0.61014942
vn 0.35261773 -0.70949166 0.61014942
vn 0.35261773 -0.70949166 0.61014942
vn 0.36702966 -0.67366211 0.64145817
vn 0.36702966 -0.67366211 0.64145817
vn 0.36702966 -0.67366211 0.64145817
vn 0.05488440 -0.99487632 0.08490474
vn 0.05488440 -0.99487632 0.08490474
vn 0.05488440 -0.99487632 0.08490474
vn -0.12028066 -0.97437517 -0.19006731
vn -0.12028066 -0.97437517 -0.19006731
vn -0.12028066 -0.97437517 -0.19006731
vn -0.31259127 -0.77162169 -0.55397352
vn -0.31259127 -0.77162169 -0.55397352
vn -0.31259127 -0.77162169 -0.55397352
vn 0.24661606 -0.71360886 0.65570033
vn 0.24661606 -0.71360886 0.65570033
vn 0.24661606 -0.71360886 0.65570033
vn 0.19441103 -0.85249402 0.48524044
vn 0.19441103 -0.85249402 0.48524044
vn 0.19441103 -0.85249402 0.48524044
vn -0.08699306 -0.97303853 -0.21360764
vn -0.08699306 -0.97303853 -0.21360764
vn -0.08699306 -0.97303853 -0.21360764
vn -0.10876600 -0.95299175 -0.28280150
vn -0.10876600 -0.95299175 -0.28280150
vn -0.10876600 -0.95299175 -0.28280150
vn -0.05519994 -0.92497435 -0.37599923
vn -0.05519994 -0.92497435 -0.37599923
vn -0.05519994 -0.92497435 -0.37599923
vn -0.03750542 -0.95643854 -0.28951452
vn -0.03750542 -0.95643854 -0.28951452
vn -0.03750542 -0.95643854 -0.28951452
vn 0.06970999 -0.85527791 0.51345907
vn 0.06970999 -0.85527791 0.51345907
vn 0.06970999 -0.85527791 0.51345907
vn 0.06926727 -0.86056980 0.50460051
vn 0.06926727 -0.86056980 0.50460051
vn 0.06926727 -0.86056980 0.50460051
vn -0.14966657 -0.56682398 0.81012993
vn -0.14966657 -0.56682398 0.81012993
vn -0.14966657 -0.56682398 0.81012993
vn -0.07408806 -0.88107959 0.46712923
vn -0.07408806 -0.88107959 0.46712923
vn -0.07408806 -0.88107959 0.46712923
vn -0.04411829 -0.97277758 0.22750243
vn -0.04411829 -0.97277758 0.22750243
vn -0.04411829 -0.97277758 0.22750243
vn 0.09074726 -0.86903810 -0.48635143
vn 0.09074726 -0.86903810 -0.48635143
vn 0.09074726 -0.86903810 -0.48635143
vn 0.09417258 -0.86041706 -0.50081334
vn 0.09417258 -0.86041706 -0.50081334
vn 0.09417258 -0.86041706 -0.50081334
vn 0.12050220 -0.95289443 -0.27833688
vn 0.12050220 -0.95289443 -0.27833688
vn 0.12050220 -0.95289443 -0.27833688
vn 0.11256374 -0.95827292 -0.26275923
vn 0.11256374 -0.95827292 -0.26275923
vn 0.11256374 -0.95827292 -0.26275923
vn -0.20437865 -0.85477168 0.47706891
vn -0.20437865 -0.85477168 0.47706891
vn -0.20437865 -0.85477168 0.47706891
vn -0.21031117 -0.84695746 0.48829527
vn -0.21031117 -0.84695746 0.48829527
vn -0.21031117 -0.84695746 0.48829527
vn -0.54711164 -0.56604293 0.61665570
vn -0.54711164 -0.56604293 0.61665570
vn -0.54711164 -0.56604293 0.61665570
vn -0.32144395 -0.86758278 0.37943893
vn -0.32144395 -0.86758278 0.37943893
vn -0.32144395 -0.86758278 0.37943893
vn -0.18099041 -0.96226543 0.20319378
vn -0.18099041 -0.96226543 0.20319378
vn -0.18099041 -0.96226543 0.20319378
vn 0.27183522 -0.91213973 -0.30676821
vn 0.27183522 -0.91213973 -0.30676821
vn 0.27183522 -0.91213973 -0.30676821
vn 0.32947010 -0.86340098 -0.38208402
vn 0.32947010 -0.86340098 -0.38208402
vn 0.32947010 -0.86340098 -0.38208402
vn 0.41124336 -0.86285851 -0.29386066
vn 0.41124336 -0.86285851 -0.29386066
vn 0.41124336 -0.86285851 -0.29386066
vn 0.38787124 -0.87832885 -0.27945362
vn 0.38787124 -0.87832885 -0.27945362
vn 0.38787124 -0.87832885 -0.27945362
vn -0.38030712 -0.88333919 0.27400431
vn -0.38030712 -0.88333919 0.27400431
vn -0.38030712 -0.88333919 0.27400431
vn -0.40198526 -0.86960582 0.28669420
vn -0.40198526 -0.86960582 0.28669420
vn -0.40198526 -0.86960582 0.28669420
vn -0.75234438 -0.58269727 0.30731390
vn -0.75234438 -0.58269727 0.30731390
vn -0.75234438 -0.58269727 0.30731390
vn -0.76588048 -0.59402153 0.24610060
vn -0.77000631 -0.58827208 0.24703490
vn -0.76988006 -0.58844927 0.24700636
vn -0.76575804 -0.59419087 0.24607282
vn -0.12540627 -0.99128693 0.04029268
vn -0.12333839 -0.99156784 0.03976014
vn -0.12333839 -0.99156784 0.03976014
vn -0.12333839 -0.99156784 0.03976014
vn 0.59159674 -0.78334806 -0.19073310
vn 0.59159674 -0.78334806 -0.19073310
vn 0.59159674 -0.78334806 -0.19073310
vn 0.60713686 -0.77039140 -0.19463280
vn 0.60713686 -0.77039140 -0.19463280
vn 0.60713686 -0.77039140 -0.19463280
vn 0.76213888 -0.64408869 -0.06552936
vn 0.76213888 -0.64408869 -0.06552936
vn 0.76213888 -0.64408869 -0.06552936
vn 0.30535579 -0.95203932 -0.01946744
vn 0.30535579 -0.95203932 -0.01946744
vn 0.30535579 -0.95203932 -0.01946744
vn 0.20089207 -0.97948089 -0.01611104
vn 0.20089207 -0.97948089 -0.01611104
vn 0.20089207 -0.97948089 -0.01611104
vn -0.51789316 -0.85443643 0.04153397
vn -0.51789316 -0.85443643 0.04153397
vn -0.51789316 -0.85443643 0.04153397
vn -0.54143835 -0.83971595 0.04149264
vn -0.54143835 -0.83971595 0.04149264
vn -0.54143835 -0.83971595 0.04149264
vn -0.67455578 -0.72210334 -0.15343165
vn -0.67455578 -0.72210334 -0.15343165
vn -0.67455578 -0.72210334 -0.15343165
vn -0.46362310 -0.87819364 -0.11759908
vn -0.46362310 -0.87819364 -0.11759908
vn -0.46362310 -0.87819364 -0.11759908
vn 0.23868281 -0.96890441 0.06522856
vn 0.23868281 -0.96890441 0.06522856
vn 0.23868281 -0.96890441 0.06522856
vn 0.46466006 -0.87938962 0.10375413
vn 0.46466006 -0.87938962 0.10375413
vn 0.46466006 -0.87938962 0.10375413
vn -0.72011733 -0.59363077 -0.35921239
vn -0.72011733 -0.59363077 -0.35921239
vn -0.72011733 -0.59363077 -0.35921239
vn -0.62981581 -0.70705635 -0.32156392
vn -0.62981581 -0.70705635 -0.32156392
vn -0.62981581 -0.70705635 -0.32156392
vn -0.14510007 -0.98719529 -0.06626789
vn -0.14510007 -0.98719529 -0.06626789
vn -0.14510007 -0.98719529 -0.06626789
vn 0.21478859 -0.97174498 0.09786499
vn 0.21478859 -0.97174498 0.09786499
vn 0.21478859 -0.97174498 0.09786499
vn 0.49240989 -0.83274011 0.25313319
vn 0.49240989 -0.83274011 0.25313319
vn 0.49240989 -0.83274011 0.25313319
vn 0.51374956 -0.77399850 0.37011850
vn 0.51374956 -0.77399850 0.37011850
vn 0.51374956 -0.77399850 0.37011850
vn 0.38737562 -0.88180787 0.26898888
vn 0.38737562 -0.88180787 0.26898888
vn 0.38737562 -0.88180787 0.26898888
vn -0.08599763 -0.99482706 -0.05406969
vn -0.08599763 -0.99482706 -0.05406969
vn -0.08599763 -0.99482706 -0.05406969
vn -0.38846797 -0.87548097 -0.28744689
vn -0.38846797 -0.87548097 -0.28744689
vn -0.38846797 -0.87548097 -0.28744689
vn -0.60046362 -0.67921920 -0.42202454
vn -0.60046362 -0.67921920 -0.42202454
vn -0.60046362 -0.67921920 -0.42202454
vn -0.39862077 -0.85393039 -0.33452112
vn -0.39862077 -0.85393039 -0.33452112
vn -0.39862077 -0.85393039 -0.33452112
vn -0.36538789 -0.88060265 -0.30171288
vn -0.36538789 -0.88060265 -0.30171288
vn -0.36538789 -0.88060265 -0.30171288
vn 0.29778170 -0.92293897 0.24394613
vn 0.29778170 -0.92293897 0.24394613
vn 0.29778170 -0.92293897 0.24394613
vn 0.38680339 -0.86167007 0.32849328
vn 0.38680339 -0.86167007 0.32849328
vn 0.38680339 -0.86167007 0.32849328
vn 0.34340541 -0.85291750 0.39319774
vn 0.34340541 -0.85291750 0.39319774
vn 0.34340541 -0.85291750 0.39319774
vn 0.31400553 -0.88059714 0.35489322
vn 0.31400553 -0.88059714 0.35489322
vn 0.31400553 -0.88059714 0.35489322
vn -0.17577495 -0.96479007 -0.19566115
vn -0.17577495 -0.96479007 -0.19566115
vn -0.17577495 -0.96479007 -0.19566115
vn -0.31235775 -0.87525647 -0.36926785
vn -0.31235775 -0.87525647 -0.36926785
vn -0.31235775 -0.87525647 -0.36926785
vn -0.54532755 -0.57019664 -0.61440512
vn -0.54532755 -0.57019664 -0.61440512
vn -0.54532755 -0.57019664 -0.61440512
vn -0.41745136 -0.70761087 -0.57010633
vn -0.41745136 -0.70761087 -0.57010633
vn -0.41745136 -0.70761087 -0.57010633
vn -0.29207661 -0.87939387 -0.37597563
vn -0.29207661 -0.87939387 -0.37597563
vn -0.29207661 -0.87939387 -0.37597563
vn 0.14367199 -0.97348145 0.17802311
vn 0.14367199 -0.97348145 0.17802311
vn 0.14367199 -0.97348145 0.17802311
vn 0.29964559 -0.86001304 0.41302553
vn 0.29964559 -0.86001304 0.41302553
vn 0.29964559 -0.86001304 0.41302553
vn -0.37710744 -0.59413232 -0.71049051
vn -0.37710744 -0.59413232 -0.71049051
vn -0.37710744 -0.59413232 -0.71049051
vn -0.32304452 -0.71233607 -0.62307268
vn -0.32304452 -0.71233607 -0.62307268
vn -0.32304452 -0.71233607 -0.62307268
vn -0.06650479 -0.99141039 -0.11261688
vn -0.06650479 -0.99141039 -0.11261688
vn -0.06650479 -0.99141039 -0.11261688
vn 0.11258339 -0.97448367 0.19418178
vn 0.11258339 -0.97448367 0.19418178
vn 0.11258339 -0.97448367 0.19418178
vn 0.29073443 -0.77183738 0.56545605
vn 0.29073443 -0.77183738 0.56545605
vn 0.29073443 -0.77183738 0.56545605
vn -0.17208583 -0.71278731 -0.67994170
vn -0.17208583 -0.71278731 -0.67994170
vn -0.17208583 -0.71278731 -0.67994170
vn -0.15637515 -0.79261297 -0.58933139
vn -0.15637515 -0.79261297 -0.58933139
vn -0.15637515 -0.79261297 -0.58933139
vn 0.05884773 -0.97407906 0.21841918
vn 0.05884773 -0.97407906 0.21841918
vn 0.05884773 -0.97407906 0.21841918
vn 0.06614887 -0.96397355 0.25764185
vn 0.06614887 -0.96397355 0.25764185
vn 0.06614887 -0.96397355 0.25764185
vn -0.01337397 -0.70521173 -0.70887062
vn -0.01337397 -0.70521173 -0.70887062
vn -0.01337397 -0.70521173 -0.70887062
vn -0.01140830 -0.67781189 -0.73514685
vn -0.01140830 -0.67781189 -0.73514685
vn -0.01140830 -0.67781189 -0.73514685
vn -0.00705926 -0.99484387 -0.10117233
vn -0.00705926 -0.99484387 -0.10117233
vn -0.00705926 -0.99484387 -0.10117233
vn 0.01420068 -0.97160341 0.23618882
vn 0.01420068 -0.97160341 0.23618882
vn 0.01420068 -0.97160341 0.23618882
vn 0.00618232 -0.77195767 0.63564387
vn 0.00618232 -0.77195767 0.63564387
vn 0.00618232 -0.77195767 0.63564387
vn -0.03905445 -0.95665438 0.28859514
vn -0.03905445 -0.95665438 0.28859514
vn -0.03905445 -0.95665438 0.28859514
vn -0.02694306 -0.97314826 0.22859690
vn -0.02694306 -0.97314826 0.22859690
vn -0.02694306 -0.97314826 0.22859690
vn 0.06363987 -0.85525201 -0.51428976
vn 0.06363987 -0.85525201 -0.51428976
vn 0.06363987 -0.85525201 -0.51428976
vn 0.10096381 -0.71094935 -0.69595785
vn 0.10096381 -0.71094935 -0.69595785
vn 0.10096381 -0.71094935 -0.69595785
vn 0.14128176 -0.72014152 -0.67929055
vn 0.14128176 -0.72014152 -0.67929055
vn 0.14128176 -0.72014152 -0.67929055
vn 0.11519251 -0.85645701 -0.50320182
vn 0.11519251 -0.85645701 -0.50320182
vn 0.11519251 -0.85645701 -0.50320182
vn -0.05778505 -0.96942541 0.23848536
vn -0.05778505 -0.96942541 0.23848536
vn -0.05778505 -0.96942541 0.23848536
vn -0.07799485 -0.92299556 0.37682356
vn -0.07799485 -0.92299556 0.37682356
vn -0.07799485 -0.92299556 0.37682356
vn -0.18621444 -0.86488730 0.46614820
vn -0.18621444 -0.86488730 0.46614820
vn -0.18621444 -0.86488730 0.46614820
vn -0.09607353 -0.95919486 0.26592310
vn -0.09607353 -0.95919486 0.26592310
vn -0.09607353 -0.95919486 0.26592310
vn 0.16303540 -0.88503995 -0.43603182
vn 0.16303540 -0.88503995 -0.43603182
vn 0.16303540 -0.88503995 -0.43603182
vn 0.19229930 -0.84565014 -0.49789238
vn 0.19229930 -0.84565014 -0.49789238
vn 0.19229930 -0.84565014 -0.49789238
vn 0.32581480 -0.66738523 -0.66965788
vn 0.32581480 -0.66738523 -0.66965788
vn 0.32581480 -0.66738523 -0.66965788
vn 0.22112951 -0.85015261 -0.47785173
vn 0.22112951 -0.85015261 -0.47785173
vn 0.22112951 -0.85015261 -0.47785173
vn 0.04774244 -0.99482390 -0.08969988
vn -0.13890775 -0.95141884 0.27478504
vn -0.13890775 -0.95141884 0.27478504
vn -0.13890775 -0.95141884 0.27478504
vn -0.26099403 -0.78509337 0.56170323
vn -0.26099403 -0.78509337 0.56170323
vn -0.26099403 -0.78509337 0.56170323
vn 0.42233241 -0.67430217 -0.60576556
vn 0.42233241 -0.67430217 -0.60576556
vn 0.42233241 -0.67430217 -0.60576556
vn 0.29019414 -0.85256598 -0.43464768
vn 0.29019414 -0.85256598 -0.43464768
vn 0.29019414 -0.85256598 -0.43464768
vn 0.06090520 -0.99484587 -0.08106939
vn -0.17118925 -0.95598851 0.23828599
vn -0.17118925 -0.95598851 0.23828599
vn -0.17118925 -0.95598851 0.23828599
vn -0.34310896 -0.78716881 0.51248562
vn -0.34310896 -0.78716881 0.51248562
vn -0.34310896 -0.78716881 0.51248562
vn 0.60307087 -0.58928386 -0.53763376
vn 0.60307087 -0.58928386 -0.53763376
vn 0.60307087 -0.58928386 -0.53763376
vn 0.38236789 -0.85221543 -0.35710455
vn 0.38236789 -0.85221543 -0.35710455
vn 0.38236789 -0.85221543 -0.35710455
vn 0.12127852 -0.98712655 -0.10427224
vn -0.22263670 -0.95526245 0.19469604
vn -0.22263670 -0.95526245 0.19469604
vn -0.22263670 -0.95526245 0.19469604
vn -0.38670028 -0.84958631 0.35870041
vn -0.38670028 -0.84958631 0.35870041
vn -0.38670028 -0.84958631 0.35870041
vn 0.47557584 -0.83983004 -0.26175011
vn 0.47557584 -0.83983004 -0.26175011
vn 0.47557584 -0.83983004 -0.26175011
vn 0.45425595 -0.85445644 -0.25210262
vn 0.45425595 -0.85445644 -0.25210262
vn 0.45425595 -0.85445644 -0.25210262
vn -0.24646323 -0.95945052 0.13678659
vn -0.24646323 -0.95945052 0.13678659
vn -0.24646323 -0.95945052 0.13678659
vn -0.25805254 -0.95559922 0.14226388
vn -0.25805254 -0.95559922 0.14226388
vn -0.25805254 -0.95559922 0.14226388
vn -0.51769019 -0.83457217 0.18837770
vn -0.51769019 -0.83457217 0.18837770
vn -0.51769019 -0.83457217 0.18837770
vn -0.50224382 -0.84496992 0.18378515
vn -0.50224382 -0.84496992 0.18378515
vn -0.50224382 -0.84496992 0.18378515
vn 0.14855737 -0.98740852 -0.05436112
vn 0.14855737 -0.98740852 -0.05436112
vn 0.14855737 -0.98740852 -0.05436112
vn 0.15169339 -0.98687836 -0.05531920
vn 0.15169339 -0.98687836 -0.05531920
vn 0.75423474 -0.59621778 -0.27505332
vn 0.75423474 -0.59621778 -0.27505332
vn 0.75423474 -0.59621778 -0.27505332
vn 0.76121418 -0.58639482 -0.27693697
vn 0.76121418 -0.58639482 -0.27693697
vn 0.76121418 -0.58639482 -0.27693697
vn 0.78315701 -0.58237907 -0.21794427
vn 0.78315701 -0.58237907 -0.21794427
vn 0.78315701 -0.58237907 -0.21794427
vn 0.77672630 -0.59136911 -0.21674602
vn 0.77672630 -0.59136911 -0.21674602
vn 0.77672630 -0.59136911 -0.21674602
vn 0.15552988 -0.98687748 -0.04339705
vn 0.15230902 -0.98741093 -0.04268045
vn 0.15230902 -0.98741093 -0.04268045
vn 0.15230902 -0.98741093 -0.04268045
vn -0.50886146 -0.84895621 0.14259509
vn -0.50886146 -0.84895621 0.14259509
vn -0.50886146 -0.84895621 0.14259509
vn -0.52486217 -0.83856229 0.14605817
vn -0.52486217 -0.83856229 0.14605817
vn -0.52486217 -0.83856229 0.14605817
vn -0.30094036 -0.95300796 0.03479540
vn -0.30094036 -0.95300796 0.03479540
vn -0.30094036 -0.95300796 0.03479540
vn -0.22851884 -0.97304667 0.03097275
vn -0.22851884 -0.97304667 0.03097275
vn -0.22851884 -0.97304667 0.03097275
vn 0.51375799 -0.85534375 -0.06663180
vn 0.51375799 -0.85534375 -0.06663180
vn 0.51375799 -0.85534375 -0.06663180
vn 0.69914141 -0.71095291 -0.07581058
vn 0.69914141 -0.71095291 -0.07581058
vn 0.69914141 -0.71095291 -0.07581058
vn -0.24217340 -0.97018782 0.00936190
vn -0.24217340 -0.97018782 0.00936190
vn -0.24217340 -0.97018782 0.00936190
vn -0.29201280 -0.95638524 0.00747051
vn -0.29201280 -0.95638524 0.00747051
vn -0.29201280 -0.95638524 0.00747051
vn 0.52955749 -0.84812116 -0.01610515
vn 0.52955749 -0.84812116 -0.01610515
vn 0.52955749 -0.84812116 -0.01610515
vn 0.69319240 -0.71998225 -0.03331449
vn 0.69319240 -0.71998225 -0.03331449
vn 0.69319240 -0.71998225 -0.03331449
vn 0.87607306 0.00000667 -0.48217838
vn 0.87552920 -0.00055618 -0.48316489
vn 0.87584585 -0.00022865 -0.48259092
vn 0.87529955 -0.00079342 -0.48358047
vn 0.90927649 -0.00064510 -0.41619209
vn 0.90965608 -0.00018804 -0.41536222
vn 0.90943458 -0.00045489 -0.41584678
vn 0.90981588 0.00000471 -0.41501212
vn 0.93952732 -0.00000260 -0.34247397
vn 0.93951733 -0.00001740 -0.34250138
vn 0.93952306 -0.00000890 -0.34248564
vn 0.93951306 -0.00002372 -0.34251308
vn 0.96337491 0.00000752 -0.26815815
vn 0.96337491 0.00000752 -0.26815815
vn 0.96337491 0.00000752 -0.26815815
vn 0.96442265 0.00202959 -0.26435740
vn 0.96442265 0.00202959 -0.26435740
vn 0.96442265 0.00202959 -0.26435740
vn 0.98218394 0.00154418 -0.18791574
vn 0.98178766 0.00051161 -0.18998089
vn 0.98201920 0.00111324 -0.18877776
vn 0.98162172 0.00008337 -0.19083708
vn 0.99274070 -0.00008303 -0.12027423
vn 0.99283574 0.00031273 -0.11948677
vn 0.99278019 0.00008102 -0.11994782
vn 0.99287566 0.00047994 -0.11915403
vn 0.99937968 0.00065223 -0.03521118
vn 0.99935155 0.00025038 -0.03600579
vn 0.99936774 0.00048031 -0.03555113
vn 0.99933950 0.00008167 -0.03633940
vn 0.99927935 -0.00009134 0.03795756
vn 0.99926983 0.00003524 0.03820753
vn 0.99927530 -0.00003741 0.03806406
vn 0.99926573 0.00008936 0.03831441
vn 0.99303304 0.00000635 0.11783628
vn 0.99302014 0.00006004 0.11794486
vn 0.99302773 0.00002845 0.11788097
vn 0.99301485 0.00008206 0.11798939
vn 0.98162291 -0.00008990 0.19083096
vn 0.98160070 -0.00003277 0.19094517
vn 0.98161379 -0.00006644 0.19087786
vn 0.98159154 -0.00000922 0.19099225
vn 0.96418311 -0.00008789 0.26523747
vn 0.96415069 -0.00002510 0.26535531
vn 0.96416914 -0.00006081 0.26528829
vn 0.96413648 0.00000240 0.26540694
vn 0.93976887 0.00003127 0.34181059
vn 0.93978372 0.00000935 0.34176974
vn 0.93977515 0.00002201 0.34179332
vn 0.93979003 0.00000004 0.34175238
vn 0.91024400 -0.00000872 0.41407228
vn 0.91047759 -0.00029351 0.41355830
vn 0.91034341 -0.00012986 0.41385367
vn 0.91057648 -0.00041420 0.41334043
vn 0.87465038 -0.00049741 0.48475402
vn 0.87465038 -0.00049741 0.48475402
vn 0.87465038 -0.00049741 0.48475402
vn 0.87417589 -0.00000954 0.48560943
vn 0.87417589 -0.00000954 0.48560943
vn 0.87417589 -0.00000954 0.48560943
vn 0.83647226 -0.00008522 0.54800927
vn 0.83638188 -0.00000048 0.54814720
vn 0.83643317 -0.00004857 0.54806892
vn 0.83634245 0.00003648 0.54820736
vn 0.79048102 0.00003449 0.61248653
vn 0.78985351 0.00054569 0.61329531
vn 0.79021932 0.00024778 0.61282409
vn 0.78959109 0.00075922 0.61363290
vn 0.74107098 0.00071092 0.67142632
vn 0.74065751 0.00101918 0.67188199
vn 0.74089876 0.00083935 0.67161620
vn 0.74048427 0.00114827 0.67207271
vn 0.68696098 0.00145653 0.72669285
vn 0.68696098 0.00145653 0.72669285
vn 0.68696098 0.00145653 0.72669285
vn 0.68903357 -0.00001019 0.72472943
vn 0.68903357 -0.00001019 0.72472943
vn 0.68903357 -0.00001019 0.72472943
vn 0.62655601 0.00002225 0.77937639
vn 0.62656212 0.00001829 0.77937148
vn 0.62655861 0.00002057 0.77937430
vn 0.62656469 0.00001662 0.77936941
vn 0.56631264 -0.00000976 0.82419051
vn 0.56631264 -0.00000976 0.82419051
vn 0.56631264 -0.00000976 0.82419051
vn 0.56439630 0.00115847 0.82550316
vn 0.56439630 0.00115847 0.82550316
vn 0.56439630 0.00115847 0.82550316
vn 0.50038652 0.00147009 0.86580088
vn 0.50038652 0.00147009 0.86580088
vn 0.50038652 0.00147009 0.86580088
vn 0.50358580 -0.00040678 0.86394512
vn 0.50358580 -0.00040678 0.86394512
vn 0.50358580 -0.00040678 0.86394512
vn 0.42878575 -0.00049610 0.90340608
vn 0.42807341 -0.00009106 0.90374396
vn 0.42847598 -0.00031995 0.90355311
vn 0.42776876 0.00008210 0.90388820
vn 0.36158496 0.00000883 0.93233917
vn 0.35932613 0.00120723 0.93321127
vn 0.36065490 0.00050243 0.93269920
vn 0.35839016 0.00170340 0.93357035
vn 0.28534261 0.00160203 0.95842424
vn 0.28967182 -0.00061727 0.95712583
vn 0.28715572 0.00067303 0.95788368
vn 0.29147721 -0.00154389 0.95657653
vn 0.21186891 -0.00205295 0.97729594
vn 0.21175206 -0.00199152 0.97732139
vn 0.21181854 -0.00202647 0.97730691
vn 0.21170084 -0.00196459 0.97733254
vn 0.13358569 -0.00153220 0.99103608
vn 0.13134652 -0.00039890 0.99133644
vn 0.13264785 -0.00105748 0.99116267
vn 0.13043064 0.00006452 0.99145743
vn 0.06240164 -0.00009415 0.99805111
vn 0.06230001 -0.00004335 0.99805747
vn 0.06235934 -0.00007301 0.99805376
vn 0.06225686 -0.00002177 0.99806016
vn -0.01820306 0.00000642 0.99983431
vn -0.01867441 0.00024664 0.99982559
vn -0.01840379 0.00010872 0.99983063
vn -0.01887629 0.00034953 0.99982177
vn -0.10065344 0.00050027 0.99492142
vn -0.10065344 0.00050027 0.99492142
vn -0.10065344 0.00050027 0.99492142
vn -0.09985734 0.00008927 0.99500176
vn -0.09985734 0.00008927 0.99500176
vn -0.09985734 0.00008927 0.99500176
vn -0.17105170 0.00001495 0.98526206
vn -0.17105921 0.00001874 0.98526075
vn -0.17105480 0.00001651 0.98526152
vn -0.17106238 0.00002033 0.98526020
vn -0.25200103 0.00000412 0.96772697
vn -0.25196478 -0.00001448 0.96773641
vn -0.25198586 -0.00000366 0.96773092
vn -0.25194993 -0.00002209 0.96774027
vn -0.32359296 -0.00010012 0.94619638
vn -0.32381830 0.00002239 0.94611929
vn -0.32369088 -0.00004688 0.94616289
vn -0.32391620 0.00007562 0.94608577
vn -0.39766164 -0.00000780 0.91753214
vn -0.39778709 0.00005935 0.91747775
vn -0.39771328 0.00001984 0.91750975
vn -0.39783854 0.00008688 0.91745544
vn -0.46232198 -0.00007796 0.88671212
vn -0.46385367 0.00078446 0.88591148
vn -0.46295411 0.00027784 0.88638221
vn -0.46449706 0.00114701 0.88557392
vn -0.53283751 0.00147443 0.84621629
vn -0.53244532 0.00123912 0.84646349
vn -0.53267170 0.00137494 0.84632084
vn -0.53227944 0.00113961 0.84656795
vn -0.59943474 0.00147413 0.80042228
vn -0.59793007 0.00050741 0.80154811
vn -0.59877887 0.00105254 0.80091370
vn -0.59728243 0.00009185 0.80203098
vn -0.65557118 0.00001662 0.75513338
vn -0.65557118 0.00001662 0.75513338
vn -0.65557118 0.00001662 0.75513338
vn -0.65898345 0.00226574 0.75215403
vn -0.65898345 0.00226574 0.75215403
vn -0.65898345 0.00226574 0.75215403
vn -0.71414325 0.00216981 0.69999622
vn -0.71197293 0.00062420 0.70220663
vn -0.71323171 0.00151990 0.70092669
vn -0.71105075 -0.00003072 0.70314069
vn -0.76786675 -0.00000211 0.64060960
vn -0.76718160 -0.00055104 0.64142973
vn -0.76756966 -0.00024024 0.64096549
vn -0.76688638 -0.00078729 0.64178241
vn -0.81418388 -0.00063409 0.58060676
vn -0.81418388 -0.00063409 0.58060676
vn -0.81418388 -0.00063409 0.58060676
vn -0.81541314 0.00043442 0.57887928
vn -0.81541314 0.00043442 0.57887928
vn -0.81541314 0.00043442 0.57887928
vn -0.85654962 -0.00036005 0.51606455
vn -0.85526143 0.00085209 0.51819606
vn -0.85579010 0.00035537 0.51732309
vn -0.85707560 -0.00085676 0.51518995
vn -0.89138827 -0.00044908 0.45324027
vn -0.89164707 -0.00015761 0.45273114
vn -0.89149822 -0.00032530 0.45302409
vn -0.89175837 -0.00003212 0.45251188
vn -0.92573289 0.00000347 0.37817802
vn -0.92572532 -0.00000680 0.37819655
vn -0.92572962 -0.00000096 0.37818602
vn -0.92572205 -0.00001123 0.37820455
vn -0.95240285 0.00001939 0.30484227
vn -0.95334865 0.00160297 0.30186717
vn -0.95280633 0.00069257 0.30357803
vn -0.95374159 0.00226669 0.30061911
vn -0.97365814 0.00217310 0.22800242
vn -0.97293690 0.00062577 0.23107010
vn -0.97336032 0.00153104 0.22927569
vn -0.97263676 -0.00001068 0.23233107
vn -0.98796216 -0.00009351 0.15469573
vn -0.98799982 0.00003185 0.15445501
vn -0.98797854 -0.00003903 0.15459111
vn -0.98801617 0.00008634 0.15435038
vn -0.99707602 0.00000655 0.07641602
vn -0.99708469 0.00006326 0.07630283
vn -0.99707966 0.00003032 0.07636857
vn -0.99708832 0.00008703 0.07625537
vn -0.99999845 0.00000639 -0.00175946
vn -0.99999825 0.00006034 -0.00186932
vn -0.99999837 0.00002860 -0.00180468
vn -0.99999816 0.00008246 -0.00191436
vn -0.99736619 -0.00008231 -0.07253055
vn -0.99736619 -0.00008231 -0.07253055
vn -0.99736619 -0.00008231 -0.07253055
vn -0.99712618 0.00153418 -0.07574313
vn -0.99712618 0.00153418 -0.07574313
vn -0.99712618 0.00153418 -0.07574313
vn -0.98783497 0.00197976 -0.15549328
vn -0.98783497 0.00197976 -0.15549328
vn -0.98783497 0.00197976 -0.15549328
vn -0.98796191 0.00156170 -0.15468943
vn -0.98796191 0.00156170 -0.15468943
vn -0.98796191 0.00156170 -0.15468943
vn -0.97207925 0.00117129 -0.23464985
vn -0.97244634 0.00040190 -0.23312646
vn -0.97223215 0.00085159 -0.23401692
vn -0.97259724 0.00008382 -0.23249645
vn -0.95283459 -0.00008973 -0.30349008
vn -0.95279973 -0.00003333 -0.30359952
vn -0.95282028 -0.00006657 -0.30353503
vn -0.95278535 -0.00001009 -0.30364464
vn -0.92722983 -0.00008920 -0.37449277
vn -0.92719032 -0.00003501 -0.37459058
vn -0.92721283 -0.00006588 -0.37453487
vn -0.92717293 -0.00001115 -0.37463364
vn -0.89306752 0.00002304 -0.44992266
vn -0.89307982 0.00000912 -0.44989825
vn -0.89307280 0.00001707 -0.44991219
vn -0.89308506 0.00000319 -0.44988785
vn -0.85570710 0.00003209 -0.51746048
vn -0.85570710 0.00003209 -0.51746048
vn -0.85570710 0.00003209 -0.51746048
vn -0.85398365 0.00170113 -0.52029706
vn -0.85398365 0.00170113 -0.52029706
vn -0.85398365 0.00170113 -0.52029706
vn -0.81267349 0.00159700 -0.58271713
vn -0.81402549 0.00045679 -0.58082896
vn -0.81323313 0.00112558 -0.58193694
vn -0.81458014 -0.00001230 -0.58005103
vn -0.76614921 -0.00009576 -0.64266273
vn -0.76779555 -0.00141651 -0.64069336
vn -0.76686195 -0.00066692 -0.64181174
vn -0.76851983 -0.00199918 -0.63982284
vn -0.71578051 -0.00156342 -0.69832358
vn -0.71578051 -0.00156342 -0.69832358
vn -0.71578051 -0.00156342 -0.69832358
vn -0.71362108 0.00000346 -0.70053191
vn -0.71362108 0.00000346 -0.70053191
vn -0.71362108 0.00000346 -0.70053191
vn -0.65551086 -0.00000219 -0.75518575
vn -0.65552429 -0.00001102 -0.75517409
vn -0.65551648 -0.00000589 -0.75518087
vn -0.65552979 -0.00001464 -0.75516932
vn -0.59958983 -0.00008984 -0.80030746
vn -0.59948708 -0.00002389 -0.80038443
vn -0.59954552 -0.00006140 -0.80034065
vn -0.59944207 0.00000501 -0.80041815
vn -0.53357944 0.00003419 -0.84574995
vn -0.53303901 0.00035778 -0.84609059
vn -0.53334999 0.00017160 -0.84589465
vn -0.53280915 0.00049536 -0.84623529
vn -0.46464104 0.00041036 -0.88549903
vn -0.46303347 0.00132270 -0.88633981
vn -0.46396107 0.00079639 -0.88585523
vn -0.46236081 0.00170413 -0.88669024
vn -0.39683777 0.00161516 -0.91788734
vn -0.39743879 0.00128843 -0.91762778
vn -0.39708746 0.00147944 -0.91777958
vn -0.39769088 0.00115135 -0.91751874
vn -0.32251543 0.00148341 -0.94656305
vn -0.32251543 0.00148341 -0.94656305
vn -0.32251543 0.00148341 -0.94656305
vn -0.32518657 0.00003251 -0.94564988
vn -0.32518657 0.00003251 -0.94564988
vn -0.32518657 0.00003251 -0.94564988
vn -0.24957388 0.00002926 -0.96835576
vn -0.25035653 -0.00037432 -0.96815364
vn -0.24990127 -0.00013954 -0.96827131
vn -0.25068665 -0.00054458 -0.96806813
vn -0.17215944 -0.00057343 -0.98506893
vn -0.17215944 -0.00057343 -0.98506893
vn -0.17215944 -0.00057343 -0.98506893
vn -0.17417153 -0.00158732 -0.98471405
vn -0.17417153 -0.00158732 -0.98471405
vn -0.17417153 -0.00158732 -0.98471405
vn -0.09985443 -0.00205864 -0.99499993
vn -0.09706785 -0.00062220 -0.99527757
vn -0.09865658 -0.00144111 -0.99512050
vn -0.09585370 0.00000351 -0.99539543
vn -0.01888835 0.00003109 -0.99982160
vn -0.01892446 0.00001279 -0.99982092
vn -0.01890371 0.00002330 -0.99982131
vn -0.01893982 0.00000500 -0.99982063
vn 0.06228196 0.00003460 -0.99805859
vn 0.06234788 0.00006756 -0.99805448
vn 0.06230972 0.00004848 -0.99805686
vn 0.06237509 0.00008116 -0.99805277
vn 0.13116374 -0.00007916 -0.99136071
vn 0.13070841 -0.00030830 -0.99142081
vn 0.13097356 -0.00017487 -0.99138585
vn 0.13051413 -0.00040606 -0.99144637
vn 0.21449237 -0.00049431 -0.97672554
vn 0.21449237 -0.00049431 -0.97672554
vn 0.21449237 -0.00049431 -0.97672554
vn 0.21559090 0.00008349 -0.97648377
vn 0.21559090 0.00008349 -0.97648377
vn 0.21559090 0.00008349 -0.97648377
vn 0.28849309 0.00000531 -0.95748198
vn 0.28860239 0.00006136 -0.95744904
vn 0.28853808 0.00002838 -0.95746842
vn 0.28864721 0.00008435 -0.95743552
vn 0.35838966 -0.00009011 -0.93357209
vn 0.35641859 -0.00112631 -0.93432570
vn 0.35757021 -0.00052103 -0.93388611
vn 0.35559308 -0.00155998 -0.93463957
vn 0.42864241 -0.00205219 -0.90347190
vn 0.43055359 -0.00096711 -0.90256450
vn 0.42946370 -0.00158607 -0.90308273
vn 0.43138903 -0.00049235 -0.90216587
vn 0.50294045 -0.00034974 -0.86432100
vn 0.50345494 -0.00004598 -0.86402148
vn 0.50316201 -0.00021894 -0.86419207
vn 0.50367172 0.00008206 -0.86389513
vn 0.56436739 0.00001035 -0.82552375
vn 0.56437920 0.00001743 -0.82551567
vn 0.56437226 0.00001327 -0.82552041
vn 0.56438414 0.00002039 -0.82551229
vn 0.62900864 -0.00000755 -0.77739831
vn 0.62900453 -0.00001017 -0.77740164
vn 0.62900693 -0.00000864 -0.77739970
vn 0.62900284 -0.00001124 -0.77740300
vn 0.68609171 -0.00009169 -0.72751506
vn 0.68627193 0.00003579 -0.72734506
vn 0.68617004 -0.00003628 -0.72744118
vn 0.68635025 0.00009119 -0.72727115
vn 0.73877660 0.00001378 -0.67395039
vn 0.73876684 0.00000659 -0.67396109
vn 0.73877257 0.00001081 -0.67395481
vn 0.73876272 0.00000355 -0.67396561
vn 0.79200651 -0.00000576 -0.61051264
vn 0.79199724 -0.00001330 -0.61052467
vn 0.79200263 -0.00000891 -0.61051767
vn 0.79199344 -0.00001639 -0.61052960
vn 0.83540004 -0.00009314 -0.54964240
vn 0.83553503 0.00003323 -0.54943718
vn 0.83545871 -0.00003822 -0.54955322
vn 0.83559366 0.00008815 -0.54934800
vn -0.14268913 0.86154131 0.48722313
vn -0.14268913 0.86154131 0.48722313
vn -0.14268913 0.86154131 0.48722313
vn -0.11460292 0.92315018 0.36696037
vn -0.11460292 0.92315018 0.36696037
vn -0.11460292 0.92315018 0.36696037
vn 0.13687805 0.88531972 -0.44437978
vn 0.13687805 0.88531972 -0.44437978
vn 0.13687805 0.88531972 -0.44437978
vn 0.14686741 0.85865930 -0.49105414
vn 0.14686741 0.85865930 -0.49105414
vn 0.14686741 0.85865930 -0.49105414
vn -0.11002205 0.86378830 0.49169597
vn -0.11002205 0.86378830 0.49169597
vn -0.11002205 0.86378830 0.49169597
vn -0.08203847 0.91582128 0.39311713
vn -0.08203847 0.91582128 0.39311713
vn -0.08203847 0.91582128 0.39311713
vn 0.05491701 0.96224459 -0.26658859
vn 0.05491701 0.96224459 -0.26658859
vn 0.05491701 0.96224459 -0.26658859
vn 0.11331446 0.86549928 -0.48792502
vn 0.11331446 0.86549928 -0.48792502
vn 0.11331446 0.86549928 -0.48792502
vn 0.16960292 0.56089831 -0.81032582
vn 0.16960292 0.56089831 -0.81032582
vn 0.16960292 0.56089831 -0.81032582
vn -0.06823338 0.85118992 0.52040361
vn -0.06823338 0.85118992 0.52040361
vn -0.06823338 0.85118992 0.52040361
vn -0.05612642 0.92670020 0.37158656
vn -0.05612642 0.92670020 0.37158656
vn -0.05612642 0.92670020 0.37158656
vn 0.04006944 0.96467181 -0.26038959
vn 0.04006944 0.96467181 -0.26038959
vn 0.04006944 0.96467181 -0.26038959
vn 0.06218500 0.86254288 -0.50214819
vn 0.06218500 0.86254288 -0.50214819
vn 0.06218500 0.86254288 -0.50214819
vn 0.11749657 0.56804956 -0.81456384
vn 0.11749657 0.56804956 -0.81456384
vn 0.11749657 0.56804956 -0.81456384
vn 0.52584839 0.85030198 0.02167984
vn 0.53170516 0.84665747 0.02146507
vn 0.53150875 0.84678060 0.02147231
vn 0.52563218 0.85043545 0.02168774
vn -0.28151894 0.95948536 -0.01161560
vn -0.28151894 0.95948536 -0.01161560
vn -0.28151894 0.95948536 -0.01161560
vn -0.30302195 0.95291894 -0.01109949
vn -0.30302195 0.95291894 -0.01109949
vn -0.30302195 0.95291894 -0.01109949
vn 0.52182697 0.84683443 0.10280110
vn 0.52182697 0.84683443 0.10280110
vn 0.52182697 0.84683443 0.10280110
vn 0.50969924 0.85435615 0.10140142
vn 0.50969924 0.85435615 0.10140142
vn 0.50969924 0.85435615 0.10140142
vn -0.27636428 0.95947897 -0.05498088
vn -0.27636428 0.95947897 -0.05498088
vn -0.27636428 0.95947897 -0.05498088
vn -0.28927628 0.95556582 -0.05668513
vn -0.28927628 0.95556582 -0.05668513
vn -0.28927628 0.95556582 -0.05668513
vn 0.66680497 0.72018942 0.19156807
vn 0.66680497 0.72018942 0.19156807
vn 0.66680497 0.72018942 0.19156807
vn 0.52198938 0.84128707 0.14058144
vn 0.52198938 0.84128707 0.14058144
vn 0.52198938 0.84128707 0.14058144
vn -0.28247367 0.95636726 -0.07463440
vn -0.28247367 0.95636726 -0.07463440
vn -0.28247367 0.95636726 -0.07463440
vn -0.23373120 0.97012497 -0.06501741
vn -0.23373120 0.97012497 -0.06501741
vn -0.23373120 0.97012497 -0.06501741
vn 0.73613720 0.58824859 0.33476204
vn 0.73613720 0.58824859 0.33476204
vn 0.73613720 0.58824859 0.33476204
vn 0.74922768 0.56877020 0.33934988
vn 0.74922768 0.56877020 0.33934988
vn 0.74922768 0.56877020 0.33934988
vn 0.21280206 0.97197400 0.09990907
vn 0.21280206 0.97197400 0.09990907
vn 0.21280206 0.97197400 0.09990907
vn 0.14714779 0.98693308 0.06565534
vn 0.14714779 0.98693308 0.06565534
vn 0.14714779 0.98693308 0.06565534
vn -0.47953643 0.84926485 -0.22089369
vn -0.47953643 0.84926485 -0.22089369
vn -0.47953643 0.84926485 -0.22089369
vn -0.56129147 0.78821715 -0.25232045
vn -0.56129147 0.78821715 -0.25232045
vn -0.56129147 0.78821715 -0.25232045
vn 0.72826114 0.56076403 0.39392819
vn 0.72826114 0.56076403 0.39392819
vn 0.72826114 0.56076403 0.39392819
vn 0.45437265 0.85262398 0.25802684
vn 0.45437265 0.85262398 0.25802684
vn 0.45437265 0.85262398 0.25802684
vn 0.21277692 0.97062689 0.11229169
vn 0.21277692 0.97062689 0.11229169
vn 0.21277692 0.97062689 0.11229169
vn -0.27332909 0.95129529 -0.14257800
vn -0.27332909 0.95129529 -0.14257800
vn -0.27332909 0.95129529 -0.14257800
vn -0.51455133 0.80606322 -0.29240214
vn -0.51455133 0.80606322 -0.29240214
vn -0.51455133 0.80606322 -0.29240214
vn 0.49267516 0.78204916 0.38166779
vn 0.49267516 0.78204916 0.38166779
vn 0.49267516 0.78204916 0.38166779
vn 0.47759649 0.79602712 0.37180965
vn 0.47759649 0.79602712 0.37180965
vn 0.47759649 0.79602712 0.37180965
vn -0.20120199 0.96694624 -0.15662929
vn -0.20120199 0.96694624 -0.15662929
vn -0.20120199 0.96694624 -0.15662929
vn -0.21034169 0.96398374 -0.16276281
vn -0.21034169 0.96398374 -0.16276281
vn -0.21034169 0.96398374 -0.16276281
vn 0.51062159 0.58611871 0.62907109
vn 0.51062159 0.58611871 0.62907109
vn 0.51062159 0.58611871 0.62907109
vn 0.42759164 0.72531493 0.53952168
vn 0.42759164 0.72531493 0.53952168
vn 0.42759164 0.72531493 0.53952168
vn 0.10433305 0.98716363 0.12092388
vn 0.10433305 0.98716363 0.12092388
vn 0.10433305 0.98716363 0.12092388
vn -0.15297546 0.97224637 -0.17701838
vn -0.15297546 0.97224637 -0.17701838
vn -0.15297546 0.97224637 -0.17701838
vn -0.32761861 0.84871837 -0.41514235
vn -0.32761861 0.84871837 -0.41514235
vn -0.32761861 0.84871837 -0.41514235
vn 0.35598675 0.58335766 0.73004608
vn 0.35598675 0.58335766 0.73004608
vn 0.35598675 0.58335766 0.73004608
vn 0.22055568 0.84965732 0.47899649
vn 0.22055568 0.84965732 0.47899649
vn 0.22055568 0.84965732 0.47899649
vn 0.07302552 0.98704980 0.14282847
vn 0.07302552 0.98704980 0.14282847
vn 0.07302552 0.98704980 0.14282847
vn -0.13136547 0.95600607 -0.26228899
vn -0.13136547 0.95600607 -0.26228899
vn -0.13136547 0.95600607 -0.26228899
vn -0.22295097 0.84888950 -0.47924888
vn -0.22295097 0.84888950 -0.47924888
vn -0.22295097 0.84888950 -0.47924888
vn 0.17536766 0.56055515 0.80933560
vn 0.17536766 0.56055515 0.80933560
vn 0.17536766 0.56055515 0.80933560
vn 0.17436069 0.56564227 0.80600693
vn 0.17436069 0.56564227 0.80600693
vn 0.17436069 0.56564227 0.80600693
vn 0.05118023 0.97019992 0.23683899
vn 0.05118023 0.97019992 0.23683899
vn 0.05118023 0.97019992 0.23683899
vn 0.04897394 0.97219880 0.22897825
vn 0.04897394 0.97219880 0.22897825
vn 0.04897394 0.97219880 0.22897825
vn -0.12382072 0.80589810 -0.57896173
vn -0.12382072 0.80589810 -0.57896173
vn -0.12382072 0.80589810 -0.57896173
vn -0.13073531 0.78708027 -0.60283740
vn -0.13073531 0.78708027 -0.60283740
vn -0.13073531 0.78708027 -0.60283740
vn 0.03394747 0.72230651 0.69073936
vn 0.03394747 0.72230651 0.69073936
vn 0.03394747 0.72230651 0.69073936
vn 0.03527120 0.86257152 0.50470419
vn 0.03527120 0.86257152 0.50470419
vn 0.03527120 0.86257152 0.50470419
vn -0.01962479 0.97141240 -0.23658575
vn -0.01962479 0.97141240 -0.23658575
vn -0.01962479 0.97141240 -0.23658575
vn -0.01843555 0.92628521 -0.37637193
vn -0.01843555 0.92628521 -0.37637193
vn -0.01843555 0.92628521 -0.37637193
vn -0.01339577 0.70534410 0.70873849
vn -0.01339577 0.70534410 0.70873849
vn -0.01339577 0.70534410 0.70873849
vn -0.01473262 0.72352568 0.69014023
vn -0.01473262 0.72352568 0.69014023
vn -0.01473262 0.72352568 0.69014023
vn 0.00503640 0.97169839 -0.23617127
vn 0.00503640 0.97169839 -0.23617127
vn 0.00503640 0.97169839 -0.23617127
vn 0.00467284 0.97012415 -0.24256403
vn 0.00467284 0.97012415 -0.24256403
vn 0.00467284 0.97012415 -0.24256403
vn -0.14945317 0.56987323 0.80802738
vn -0.14945317 0.56987323 0.80802738
vn -0.14945317 0.56987323 0.80802738
vn -0.07665129 0.87516628 0.47771180
vn -0.07665129 0.87516628 0.47771180
vn -0.07665129 0.87516628 0.47771180
vn -0.04597438 0.97179293 0.23131119
vn -0.04597438 0.97179293 0.23131119
vn -0.04597438 0.97179293 0.23131119
vn 0.08725121 0.88336386 -0.46049486
vn 0.08725121 0.88336386 -0.46049486
vn 0.08725121 0.88336386 -0.46049486
vn 0.10438371 0.78775339 -0.60708207
vn 0.10438371 0.78775339 -0.60708207
vn 0.10438371 0.78775339 -0.60708207
vn -0.19907633 0.56630493 0.79979206
vn -0.19907633 0.56630493 0.79979206
vn -0.19907633 0.56630493 0.79979206
vn -0.12593319 0.88095868 0.45612788
vn -0.12593319 0.88095868 0.45612788
vn -0.12593319 0.88095868 0.45612788
vn -0.05666563 0.97057360 0.23404249
vn -0.05666563 0.97057360 0.23404249
vn -0.05666563 0.97057360 0.23404249
vn 0.12348418 0.86170766 -0.49214994
vn 0.12348418 0.86170766 -0.49214994
vn 0.12348418 0.86170766 -0.49214994
vn 0.15073283 0.80445122 -0.57457624
vn 0.15073283 0.80445122 -0.57457624
vn 0.15073283 0.80445122 -0.57457624
vn -0.21124412 0.84580683 0.48988441
vn -0.21124412 0.84580683 0.48988441
vn -0.21124412 0.84580683 0.48988441
vn -0.20554371 0.85654553 0.47337252
vn -0.20554371 0.85654553 0.47337252
vn -0.20554371 0.85654553 0.47337252
vn 0.11226203 0.95945427 -0.25854352
vn 0.11226203 0.95945427 -0.25854352
vn 0.11226203 0.95945427 -0.25854352
vn 0.11652842 0.95566082 -0.27043211
vn 0.11652842 0.95566082 -0.27043211
vn 0.11652842 0.95566082 -0.27043211
vn -0.24813957 0.84685690 0.47038297
vn -0.24813957 0.84685690 0.47038297
vn -0.24813957 0.84685690 0.47038297
vn -0.22397898 0.88212024 0.41436372
vn -0.22397898 0.88212024 0.41436372
vn -0.22397898 0.88212024 0.41436372
vn 0.14111400 0.95674011 -0.25443114
vn 0.14111400 0.95674011 -0.25443114
vn 0.14111400 0.95674011 -0.25443114
vn 0.22916874 0.86494626 -0.44648589
vn 0.22916874 0.86494626 -0.44648589
vn 0.22916874 0.86494626 -0.44648589
vn -0.26222534 0.87036747 0.41677132
vn -0.26294443 0.86947228 0.41818438
vn -0.26291928 0.86950366 0.41813495
vn -0.26219906 0.87040012 0.41671968
vn 0.21640755 0.91265783 -0.34673256
vn 0.21640755 0.91265783 -0.34673256
vn 0.21640755 0.91265783 -0.34673256
vn 0.25371247 0.88184687 -0.39746206
vn 0.25371247 0.88184687 -0.39746206
vn 0.25371247 0.88184687 -0.39746206
vn -0.33685527 0.85869627 0.38622433
vn -0.33685527 0.85869627 0.38622433
vn -0.33685527 0.85869627 0.38622433
vn -0.30846544 0.88533613 0.34789223
vn -0.30846544 0.88533613 0.34789223
vn -0.30846544 0.88533613 0.34789223
vn 0.25040917 0.92671141 -0.28018068
vn 0.25040917 0.92671141 -0.28018068
vn 0.25040917 0.92671141 -0.28018068
vn 0.32759967 0.86500668 -0.38005512
vn 0.32759967 0.86500668 -0.38005512
vn 0.32759967 0.86500668 -0.38005512
vn -0.52937839 0.67684697 0.51150434
vn -0.52937839 0.67684697 0.51150434
vn -0.52937839 0.67684697 0.51150434
vn -0.33626168 0.87799368 0.34066873
vn -0.33626168 0.87799368 0.34066873
vn -0.33626168 0.87799368 0.34066873
vn -0.07665157 0.99482160 0.06674222
vn -0.07665157 0.99482160 0.06674222
vn -0.07665157 0.99482160 0.06674222
vn 0.34394284 0.87977664 -0.32817127
vn 0.34394284 0.87977664 -0.32817127
vn 0.34394284 0.87977664 -0.32817127
vn 0.45432362 0.76944244 -0.44894140
vn 0.45432362 0.76944244 -0.44894140
vn 0.45432362 0.76944244 -0.44894140
vn -0.50450352 0.78254766 0.36482238
vn -0.50450352 0.78254766 0.36482238
vn -0.50450352 0.78254766 0.36482238
vn -0.38409173 0.88431830 0.26543303
vn -0.38409173 0.88431830 0.26543303
vn -0.38409173 0.88431830 0.26543303
vn 0.21002951 0.96748108 -0.14095377
vn 0.21002951 0.96748108 -0.14095377
vn 0.21002951 0.96748108 -0.14095377
vn 0.40644845 0.86386074 -0.29756390
vn 0.40644845 0.86386074 -0.29756390
vn 0.40644845 0.86386074 -0.29756390
vn -0.41406165 0.87542119 0.24938061
vn -0.41406165 0.87542119 0.24938061
vn -0.41406165 0.87542119 0.24938061
vn -0.44155596 0.85575836 0.26964044
vn -0.44155596 0.85575836 0.26964044
vn -0.44155596 0.85575836 0.26964044
vn 0.25986376 0.95189188 -0.16239669
vn 0.25986376 0.95189188 -0.16239669
vn 0.25986376 0.95189188 -0.16239669
vn 0.41063623 0.87949249 -0.24056361
vn 0.41063623 0.87949249 -0.24056361
vn 0.41063623 0.87949249 -0.24056361
vn -0.75237429 0.58257326 0.30747573
vn -0.75237429 0.58257326 0.30747573
vn -0.75237429 0.58257326 0.30747573
vn -0.74622772 0.59206170 0.30431419
vn -0.74622772 0.59206170 0.30431419
vn -0.74622772 0.59206170 0.30431419
vn -0.14669117 0.98738280 0.05963975
vn -0.14945167 0.98688928 0.06094058
vn -0.14937055 0.98690392 0.06090235
vn -0.14660801 0.98739752 0.05960056
vn 0.48904492 0.84929899 -0.19881219
vn 0.48904492 0.84929899 -0.19881219
vn 0.48904492 0.84929899 -0.19881219
vn 0.50424142 0.83861262 -0.20608122
vn 0.50424142 0.83861262 -0.20608122
vn 0.50424142 0.83861262 -0.20608122
vn -0.53686177 0.83947853 0.08399540
vn -0.53686177 0.83947853 0.08399540
vn -0.53686177 0.83947853 0.08399540
vn -0.51985564 0.85050017 0.07999733
vn -0.51985564 0.85050017 0.07999733
vn -0.51985564 0.85050017 0.07999733
vn 0.28301122 0.95812732 -0.04355096
vn 0.28301122 0.95812732 -0.04355096
vn 0.28301122 0.95812732 -0.04355096
vn 0.28733533 0.95679511 -0.04451428
vn 0.28733533 0.95679511 -0.04451428
vn 0.28733533 0.95679511 -0.04451428
vn -0.53029712 0.84679434 -0.04152477
vn -0.53029712 0.84679434 -0.04152477
vn -0.53029712 0.84679434 -0.04152477
vn -0.51797079 0.85438895 -0.04154251
vn -0.51797079 0.85438895 -0.04154251
vn -0.51797079 0.85438895 -0.04154251
vn 0.28961698 0.95686768 0.02294013
vn 0.28530039 0.95816497 0.02288176
vn 0.28557872 0.95808196 0.02288553
vn 0.28987233 0.95679027 0.02294357
vn -0.45990234 0.87556132 -0.14792639
vn -0.45990234 0.87556132 -0.14792639
vn -0.45990234 0.87556132 -0.14792639
vn -0.49338949 0.85582271 -0.15535220
vn -0.49338949 0.85582271 -0.15535220
vn -0.49338949 0.85582271 -0.15535220
vn 0.29325408 0.95188159 0.08901392
vn 0.29325408 0.95188159 0.08901392
vn 0.29325408 0.95188159 0.08901392
vn 0.44774067 0.88152468 0.14980830
vn 0.44774067 0.88152468 0.14980830
vn 0.44774067 0.88152468 0.14980830
vn -0.72470908 0.58659983 -0.36152094
vn -0.72470908 0.58659983 -0.36152094
vn -0.72470908 0.58659983 -0.36152094
vn -0.61718177 0.72027262 -0.31669232
vn -0.61718177 0.72027262 -0.31669232
vn -0.61718177 0.72027262 -0.31669232
vn -0.14519073 0.98713281 -0.06699601
vn -0.14519073 0.98713281 -0.06699601
vn -0.14519073 0.98713281 -0.06699601
vn 0.21561430 0.97141847 0.09928058
vn 0.21561430 0.97141847 0.09928058
vn 0.21561430 0.97141847 0.09928058
vn 0.46817253 0.84997327 0.24157799
vn 0.46817253 0.84997327 0.24157799
vn 0.46817253 0.84997327 0.24157799
vn -0.60488399 0.71120135 -0.35820106
vn -0.60488399 0.71120135 -0.35820106
vn -0.60488399 0.71120135 -0.35820106
vn -0.39560437 0.88377188 -0.24988888
vn -0.39560437 0.88377188 -0.24988888
vn -0.39560437 0.88377188 -0.24988888
vn 0.19742132 0.97168700 0.12980444
vn 0.19742132 0.97168700 0.12980444
vn 0.19742132 0.97168700 0.12980444
vn 0.43968129 0.86012663 0.25857793
vn 0.43968129 0.86012663 0.25857793
vn 0.43968129 0.86012663 0.25857793
vn -0.61408421 0.59052492 -0.52362287
vn -0.61408421 0.59052492 -0.52362287
vn -0.61408421 0.59052492 -0.52362287
vn -0.37911686 0.87308978 -0.30656915
vn -0.37911686 0.87308978 -0.30656915
vn -0.37911686 0.87308978 -0.30656915
vn -0.09581431 0.99136783 -0.08949553
vn -0.09599282 0.99137830 -0.08918770
vn -0.09575422 0.99136427 -0.08959916
vn 0.35511981 0.88322287 0.30627975
vn 0.35511981 0.88322287 0.30627975
vn 0.35511981 0.88322287 0.30627975
vn 0.48786848 0.77265516 0.40618759
vn 0.48786848 0.77265516 0.40618759
vn 0.48786848 0.77265516 0.40618759
vn -0.57865154 0.58588772 -0.56736053
vn -0.57865154 0.58588772 -0.56736053
vn -0.57865154 0.58588772 -0.56736053
vn -0.58706438 0.57057722 -0.57427959
vn -0.58706438 0.57057722 -0.57427959
vn -0.58706438 0.57057722 -0.57427959
vn -0.16577729 0.97198101 -0.16664575
vn -0.16577729 0.97198101 -0.16664575
vn -0.16577729 0.97198101 -0.16664575
vn -0.09557382 0.99135352 -0.08991021
vn 0.44412462 0.78320579 0.43513448
vn 0.44412462 0.78320579 0.43513448
vn 0.44412462 0.78320579 0.43513448
vn 0.44141659 0.78601116 0.43282543
vn 0.44141659 0.78601116 0.43282543
vn 0.44141659 0.78601116 0.43282543
vn -0.43703441 0.67402473 -0.59555989
vn -0.43703441 0.67402473 -0.59555989
vn -0.43703441 0.67402473 -0.59555989
vn -0.29805869 0.87270207 -0.38671969
vn -0.29805869 0.87270207 -0.38671969
vn -0.29805869 0.87270207 -0.38671969
vn -0.05552948 0.99486072 -0.08466770
vn -0.05552948 0.99486072 -0.08466770
vn -0.05552948 0.99486072 -0.08466770
vn 0.27493926 0.88318610 0.37998778
vn 0.27493926 0.88318610 0.37998778
vn 0.27493926 0.88318610 0.37998778
vn 0.38139428 0.77218605 0.50819987
vn 0.38139428 0.77218605 0.50819987
vn 0.38139428 0.77218605 0.50819987
vn -0.39374973 0.67363295 -0.62544368
vn -0.39409404 0.67300085 -0.62590714
vn -0.39408264 0.67302180 -0.62589179
vn -0.39373793 0.67365460 -0.62542780
vn -0.05160956 0.99489499 -0.08672036
vn -0.05422319 0.99480535 -0.08615195
vn -0.05422319 0.99480535 -0.08615195
vn -0.05334903 0.99495908 -0.08491352
vn -0.05334903 0.99495908 -0.08491352
vn -0.05334903 0.99495908 -0.08491352
vn 0.33097003 0.78281561 0.52693317
vn 0.33097003 0.78281561 0.52693317
vn 0.33097003 0.78281561 0.52693317
vn 0.33690540 0.77468138 0.53512944
vn 0.33690540 0.77468138 0.53512944
vn 0.33690540 0.77468138 0.53512944
vn -0.34936435 0.67285613 -0.65208066
vn -0.34936435 0.67285613 -0.65208066
vn -0.34936435 0.67285613 -0.65208066
vn -0.21018613 0.88391416 -0.41775298
vn -0.21018613 0.88391416 -0.41775298
vn -0.21018613 0.88391416 -0.41775298
vn -0.05149879 0.99489863 -0.08674444
vn -0.05149879 0.99489863 -0.08674444
vn 0.24074208 0.86099915 0.44802200
vn 0.24074208 0.86099915 0.44802200
vn 0.24074208 0.86099915 0.44802200
vn 0.28545870 0.78723113 0.54660816
vn 0.28545870 0.78723113 0.54660816
vn 0.28545870 0.78723113 0.54660816
vn -0.19544538 0.78989132 -0.58126827
vn -0.19544538 0.78989132 -0.58126827
vn -0.19544538 0.78989132 -0.58126827
vn -0.17728525 0.84005074 -0.51272283
vn -0.17728525 0.84005074 -0.51272283
vn -0.17728525 0.84005074 -0.51272283
vn 0.09268805 0.95928712 0.26679045
vn 0.09268805 0.95928712 0.26679045
vn 0.09268805 0.95928712 0.26679045
vn 0.08638954 0.96391106 0.25181800
vn 0.08638954 0.96391106 0.25181800
vn 0.08638954 0.96391106 0.25181800
vn -0.18468659 0.64788516 -0.73900994
vn -0.18468659 0.64788516 -0.73900994
vn -0.18468659 0.64788516 -0.73900994
vn -0.15996069 0.78310939 -0.60095945
vn -0.15996069 0.78310939 -0.60095945
vn -0.15996069 0.78310939 -0.60095945
vn 0.07036730 0.96425779 0.25545128
vn 0.07036730 0.96425779 0.25545128
vn 0.07036730 0.96425779 0.25545128
vn 0.05285179 0.97733085 0.20501487
vn 0.05285179 0.97733085 0.20501487
vn 0.05285179 0.97733085 0.20501487
vn -0.08110444 0.58181359 -0.80926820
vn -0.08110444 0.58181359 -0.80926820
vn -0.08110444 0.58181359 -0.80926820
vn -0.06853642 0.67324153 -0.73623950
vn -0.06853642 0.67324153 -0.73623950
vn -0.06853642 0.67324153 -0.73623950
vn -0.01692500 0.98687819 -0.16057705
vn -0.01992677 0.98702778 -0.15930812
vn -0.01904484 0.98698492 -0.15968112
vn -0.00751622 0.99493836 -0.10020557
vn -0.00818115 0.99495435 -0.09999454
vn -0.00727782 0.99493251 -0.10028122
vn 0.04762918 0.84989401 0.52479675
vn 0.04762918 0.84989401 0.52479675
vn 0.04762918 0.84989401 0.52479675
vn 0.06391435 0.77257806 0.63169463
vn 0.06391435 0.77257806 0.63169463
vn 0.06391435 0.77257806 0.63169463
vn -0.01403328 0.67225073 -0.74019054
vn -0.01403328 0.67225073 -0.74019054
vn -0.01403328 0.67225073 -0.74019054
vn -0.00963700 0.72063072 -0.69325212
vn -0.00963700 0.72063072 -0.69325212
vn -0.00963700 0.72063072 -0.69325212
vn -0.00660705 0.99491572 -0.10049404
vn 0.01397262 0.96864664 0.24804928
vn 0.01397262 0.96864664 0.24804928
vn 0.01397262 0.96864664 0.24804928
vn 0.00516460 0.78435232 0.62029409
vn 0.00516460 0.78435232 0.62029409
vn 0.00516460 0.78435232 0.62029409
vn 0.35782337 0.55817394 -0.74860155
vn 0.35782337 0.55817394 -0.74860155
vn 0.35782337 0.55817394 -0.74860155
vn 0.34933728 0.59167268 -0.72655826
vn 0.34933728 0.59167268 -0.72655826
vn 0.34933728 0.59167268 -0.72655826
vn 0.11555634 0.96201326 -0.24734028
vn 0.11555634 0.96201326 -0.24734028
vn 0.11555634 0.96201326 -0.24734028
vn 0.06051371 0.99141977 -0.11586597
vn 0.06023979 0.99142731 -0.11594418
vn 0.06059628 0.99141749 -0.11584239
vn -0.21882485 0.86777560 0.44618514
vn -0.21882485 0.86777560 0.44618514
vn -0.21882485 0.86777560 0.44618514
vn -0.27136919 0.77323220 0.57312366
vn -0.27136919 0.77323220 0.57312366
vn -0.27136919 0.77323220 0.57312366
vn 0.39942612 0.58725065 -0.70398540
vn 0.39942612 0.58725065 -0.70398540
vn 0.39942612 0.58725065 -0.70398540
vn 0.27024888 0.84967609 -0.45278703
vn 0.27024888 0.84967609 -0.45278703
vn 0.27024888 0.84967609 -0.45278703
vn 0.06087237 0.99140978 -0.11576354
vn -0.14785767 0.95153786 0.26965498
vn -0.14785767 0.95153786 0.26965498
vn -0.14785767 0.95153786 0.26965498
vn -0.31575383 0.78487366 0.53317244
vn -0.31575383 0.78487366 0.53317244
vn -0.31575383 0.78487366 0.53317244
vn 0.43508102 0.71356162 -0.54912141
vn 0.43508102 0.71356162 -0.54912141
vn 0.43508102 0.71356162 -0.54912141
vn 0.31878014 0.86737557 -0.38215028
vn 0.31878014 0.86737557 -0.38215028
vn 0.31878014 0.86737557 -0.38215028
vn -0.14651402 0.97431518 0.17100754
vn -0.14651402 0.97431518 0.17100754
vn -0.14651402 0.97431518 0.17100754
vn -0.24987062 0.91555516 0.31515619
vn -0.24987062 0.91555516 0.31515619
vn -0.24987062 0.91555516 0.31515619
vn 0.35723643 0.85381037 -0.37866870
vn 0.35723643 0.85381037 -0.37866870
vn 0.35723643 0.85381037 -0.37866870
vn 0.34367423 0.86663121 -0.36171585
vn 0.34367423 0.86663121 -0.36171585
vn 0.34367423 0.86663121 -0.36171585
vn -0.26591364 0.92247750 0.27986640
vn -0.26591364 0.92247750 0.27986640
vn -0.26591364 0.92247750 0.27986640
vn -0.27959430 0.91321711 0.29641446
vn -0.27959430 0.91321711 0.29641446
vn -0.27959430 0.91321711 0.29641446
vn 0.63412798 0.58939082 -0.50049991
vn 0.63412798 0.58939082 -0.50049991
vn 0.63412798 0.58939082 -0.50049991
vn 0.41816511 0.85215240 -0.31460171
vn 0.41816511 0.85215240 -0.31460171
vn 0.41816511 0.85215240 -0.31460171
vn 0.12380709 0.98711551 -0.10136457
vn 0.12249501 0.98718398 -0.10228760
vn 0.12287423 0.98716446 -0.10202087
vn -0.22853327 0.95600681 0.18391171
vn -0.22853327 0.95600681 0.18391171
vn -0.22853327 0.95600681 0.18391171
vn -0.42161950 0.84856144 0.31965680
vn -0.42161950 0.84856144 0.31965680
vn -0.42161950 0.84856144 0.31965680
vn 0.73325161 0.59570371 -0.32784016
vn 0.73325161 0.59570371 -0.32784016
vn 0.73325161 0.59570371 -0.32784016
vn 0.56340751 0.78329159 -0.26272848
vn 0.56340751 0.78329159 -0.26272848
vn 0.56340751 0.78329159 -0.26272848
vn 0.14922351 0.98707415 -0.05845478
vn 0.14742016 0.98720187 -0.06082573
vn 0.14993922 0.98702101 -0.05751317
vn -0.23638817 0.96658316 0.09918486
vn -0.23638817 0.96658316 0.09918486
vn -0.23638817 0.96658316 0.09918486
vn -0.49401303 0.83834948 0.23048054
vn -0.49401303 0.83834948 0.23048054
vn -0.49401303 0.83834948 0.23048054
vn 0.52418460 0.84534886 -0.10303299
vn 0.52418460 0.84534886 -0.10303299
vn 0.52418460 0.84534886 -0.10303299
vn 0.50675466 0.85647534 -0.09823292
vn 0.50675466 0.85647534 -0.09823292
vn 0.50675466 0.85647534 -0.09823292
vn -0.28100263 0.95815990 0.05447139
vn -0.28100263 0.95815990 0.05447139
vn -0.28100263 0.95815990 0.05447139
vn -0.28536511 0.95680348 0.05562247
vn -0.28536511 0.95680348 0.05562247
vn -0.28536511 0.95680348 0.05562247
vn -0.28873980 0.95679782 -0.03416525
vn -0.28873980 0.95679782 -0.03416525
vn -0.28873980 0.95679782 -0.03416525
vn -0.28419809 0.95816511 -0.03392748
vn -0.28419809 0.95816511 -0.03392748
vn -0.28419809 0.95816511 -0.03392748
vn 0.51251783 0.85649400 0.06118421
vn 0.51251783 0.85649400 0.06118421
vn 0.51251783 0.85649400 0.06118421
vn 0.53062044 0.84534357 0.06193696
vn 0.53062044 0.84534357 0.06193696
vn 0.53062044 0.84534357 0.06193696
vn -0.51434165 0.83816971 -0.18145026
vn -0.51434165 0.83816971 -0.18145026
vn -0.51434165 0.83816971 -0.18145026
vn -0.21190876 0.97346723 -0.08634943
vn -0.21190876 0.97346723 -0.08634943
vn -0.21190876 0.97346723 -0.08634943
vn 0.14786122 0.98718056 0.06009667
vn 0.14786122 0.98718056 0.06009667
vn 0.14786122 0.98718056 0.06009667
vn 0.66258543 0.71075420 0.23623933
vn 0.66258543 0.71075420 0.23623933
vn 0.66258543 0.71075420 0.23623933
vn 0.75370950 0.59599512 0.27696897
vn 0.75370950 0.59599512 0.27696897
vn 0.75370950 0.59599512 0.27696897
vn -0.21808210 0.96524759 -0.14400444
vn -0.21808210 0.96524759 -0.14400444
vn -0.21808210 0.96524759 -0.14400444
vn -0.24090114 0.95779507 -0.15682869
vn -0.24090114 0.95779507 -0.15682869
vn -0.24090114 0.95779507 -0.15682869
vn 0.45405544 0.84017911 0.29653452
vn 0.45405544 0.84017911 0.29653452
vn 0.45405544 0.84017911 0.29653452
vn 0.51070428 0.78974976 0.33981826
vn 0.51070428 0.78974976 0.33981826
vn 0.51070428 0.78974976 0.33981826
vn 0.46118831 0.78480318 0.41399193
vn 0.46118831 0.78480318 0.41399193
vn 0.46118831 0.78480318 0.41399193
vn 0.38337075 0.85331654 0.35338045
vn 0.38337075 0.85331654 0.35338045
vn 0.38337075 0.85331654 0.35338045
vn -0.19411093 0.96441833 -0.17949440
vn -0.19411093 0.96441833 -0.17949440
vn -0.19411093 0.96441833 -0.17949440
vn -0.21788917 0.95559026 -0.19842267
vn -0.21788917 0.95559026 -0.19842267
vn -0.21788917 0.95559026 -0.19842267
vn -0.38386635 0.83260808 -0.39926233
vn -0.38386635 0.83260808 -0.39926233
vn -0.38386635 0.83260808 -0.39926233
vn -0.19500401 0.95663566 -0.21638311
vn -0.19500401 0.95663566 -0.21638311
vn -0.19500401 0.95663566 -0.21638311
vn 0.10553234 0.98725222 0.11914691
vn 0.10553234 0.98725222 0.11914691
vn 0.10553234 0.98725222 0.11914691
vn 0.37500232 0.84208465 0.38764249
vn 0.37500232 0.84208465 0.38764249
vn 0.37500232 0.84208465 0.38764249
vn 0.54910119 0.59061561 0.59132148
vn 0.54910119 0.59061561 0.59132148
vn 0.54910119 0.59061561 0.59132148
vn 0.40113350 0.71378236 0.57411380
vn 0.40113350 0.71378236 0.57411380
vn 0.40113350 0.71378236 0.57411380
vn 0.27492742 0.86712036 0.41535189
vn 0.27492742 0.86712036 0.41535189
vn 0.27492742 0.86712036 0.41535189
vn -0.12199282 0.97424530 -0.18964135
vn -0.12199282 0.97424530 -0.18964135
vn -0.12199282 0.97424530 -0.18964135
vn -0.23035430 0.91548513 -0.32988464
vn -0.23035430 0.91548513 -0.32988464
vn -0.23035430 0.91548513 -0.32988464
vn -0.27847865 0.83368754 -0.47688020
vn -0.27847865 0.83368754 -0.47688020
vn -0.27847865 0.83368754 -0.47688020
vn -0.18699217 0.92317316 -0.33583515
vn -0.18699217 0.92317316 -0.33583515
vn -0.18699217 0.92317316 -0.33583515
vn 0.07507406 0.98716662 0.14094665
vn 0.07507406 0.98716662 0.14094665
vn 0.07507406 0.98716662 0.14094665
vn 0.26418954 0.85718596 0.44208158
vn 0.26418954 0.85718596 0.44208158
vn 0.26418954 0.85718596 0.44208158
vn 0.39720226 0.59280816 0.70057751
vn 0.39720226 0.59280816 0.70057751
vn 0.39720226 0.59280816 0.70057751
vn 0.19252584 0.84528184 0.49842995
vn 0.19252584 0.84528184 0.49842995
vn 0.19252584 0.84528184 0.49842995
vn 0.18482957 0.85633037 0.48222020
vn 0.18482957 0.85633037 0.48222020
vn 0.18482957 0.85633037 0.48222020
vn -0.10084656 0.95948423 -0.26309692
vn -0.10084656 0.95948423 -0.26309692
vn -0.10084656 0.95948423 -0.26309692
vn -0.10626541 0.95558888 -0.27487735
vn -0.10626541 0.95558888 -0.27487735
vn -0.10626541 0.95558888 -0.27487735
vn -0.18471344 0.78340036 -0.59343476
vn -0.18471344 0.78340036 -0.59343476
vn -0.18471344 0.78340036 -0.59343476
vn -0.07543704 0.95675928 -0.28092868
vn -0.07543704 0.95675928 -0.28092868
vn -0.07543704 0.95675928 -0.28092868
vn 0.06222352 0.97184869 0.22724074
vn 0.06222352 0.97184869 0.22724074
vn 0.06222352 0.97184869 0.22724074
vn 0.15724717 0.84818411 0.50582313
vn 0.15724717 0.84818411 0.50582313
vn 0.15724717 0.84818411 0.50582313
vn 0.22993729 0.56895863 0.78956629
vn 0.22993729 0.56895863 0.78956629
vn 0.22993729 0.56895863 0.78956629
vn -0.07456054 0.80773708 -0.58480898
vn -0.07456054 0.80773708 -0.58480898
vn -0.07456054 0.80773708 -0.58480898
vn -0.05969371 0.91588477 -0.39697827
vn -0.05969371 0.91588477 -0.39697827
vn -0.05969371 0.91588477 -0.39697827
vn 0.03665492 0.97053886 0.23814018
vn 0.03665492 0.97053886 0.23814018
vn 0.03665492 0.97053886 0.23814018
vn 0.05957036 0.87066382 0.48825801
vn 0.05957036 0.87066382 0.48825801
vn 0.05957036 0.87066382 0.48825801
vn 0.11753280 0.56478624 0.81682467
vn 0.11753280 0.56478624 0.81682467
vn 0.11753280 0.56478624 0.81682467
vn 0.04278710 0.86511938 -0.49973766
vn 0.04278710 0.86511938 -0.49973766
vn 0.04278710 0.86511938 -0.49973766
vn 0.03102054 0.97347677 -0.22667314
vn 0.03102054 0.97347677 -0.22667314
vn 0.03102054 0.97347677 -0.22667314
vn -0.05581106 0.87934766 0.47289833
vn -0.05581106 0.87934766 0.47289833
vn -0.05581106 0.87934766 0.47289833
vn -0.06285599 0.70715883 0.70425529
vn -0.06285599 0.70715883 0.70425529
vn -0.06285599 0.70715883 0.70425529
vn 0.15865543 0.88185199 -0.44403325
vn 0.15865543 0.88185199 -0.44403325
vn 0.15865543 0.88185199 -0.44403325
vn 0.09049491 0.95605964 -0.27885594
vn 0.09049491 0.95605964 -0.27885594
vn 0.09049491 0.95605964 -0.27885594
vn -0.16719650 0.85138394 0.49718278
vn -0.16719650 0.85138394 0.49718278
vn -0.16719650 0.85138394 0.49718278
vn -0.15992316 0.86933774 0.46762856
vn -0.15992316 0.86933774 0.46762856
vn -0.15992316 0.86933774 0.46762856
vn 0.23735324 0.91780384 -0.31827590
vn 0.23735324 0.91780384 -0.31827590
vn 0.23735324 0.91780384 -0.31827590
vn 0.22875547 0.92446633 -0.30501301
vn 0.22875547 0.92446633 -0.30501301
vn 0.22875547 0.92446633 -0.30501301
vn -0.29934199 0.86665466 0.39912915
vn -0.29934199 0.86665466 0.39912915
vn -0.29934199 0.86665466 0.39912915
vn -0.31116272 0.85346910 0.41805294
vn -0.31116272 0.85346910 0.41805294
vn -0.31116272 0.85346910 0.41805294
vn 0.47722303 0.78679733 -0.39141812
vn 0.47722303 0.78679733 -0.39141812
vn 0.47722303 0.78679733 -0.39141812
vn 0.19734516 0.96451602 -0.17539594
vn 0.19734516 0.96451602 -0.17539594
vn 0.19734516 0.96451602 -0.17539594
vn -0.07416266 0.99489870 0.06838480
vn -0.07416266 0.99489870 0.06838480
vn -0.07416266 0.99489870 0.06838480
vn -0.47401728 0.78924655 0.39038122
vn -0.47401728 0.78924655 0.39038122
vn -0.47401728 0.78924655 0.39038122
vn -0.56883619 0.66726976 0.48080812
vn -0.56883619 0.66726976 0.48080812
vn -0.56883619 0.66726976 0.48080812
vn 0.48442572 0.83855685 -0.24930729
vn 0.48442572 0.83855685 -0.24930729
vn 0.48442572 0.83855685 -0.24930729
vn 0.25530365 0.95925560 -0.12103195
vn 0.25530365 0.95925560 -0.12103195
vn 0.25530365 0.95925560 -0.12103195
vn -0.14448864 0.98723764 0.06696923
vn -0.14448864 0.98723764 0.06696923
vn -0.14448864 0.98723764 0.06696923
vn -0.47878477 0.84217692 0.24799835
vn -0.47878477 0.84217692 0.24799835
vn -0.47878477 0.84217692 0.24799835
vn -0.72224270 0.59317983 0.35567284
vn -0.72224270 0.59317983 0.35567284
vn -0.72224270 0.59317983 0.35567284
vn -0.76854014 0.58759339 0.25314042
vn -0.76854014 0.58759339 0.25314042
vn -0.76854014 0.58759339 0.25314042
vn -0.44813775 0.88387468 0.13393322
vn -0.44813775 0.88387468 0.13393322
vn -0.44813775 0.88387468 0.13393322
vn -0.15119544 0.98708183 0.05300385
vn -0.15119544 0.98708183 0.05300385
vn -0.15119544 0.98708183 0.05300385
vn 0.50921087 0.84457269 -0.16553324
vn 0.50921087 0.84457269 -0.16553324
vn 0.50921087 0.84457269 -0.16553324
vn 0.47641509 0.86590346 -0.15244626
vn 0.47641509 0.86590346 -0.15244626
vn 0.47641509 0.86590346 -0.15244626
vn 0.46460157 0.87942261 -0.10373649
vn 0.46460157 0.87942261 -0.10373649
vn 0.46460157 0.87942261 -0.10373649
vn 0.29711738 0.95186489 -0.07532919
vn 0.29711738 0.95186489 -0.07532919
vn 0.29711738 0.95186489 -0.07532919
vn -0.50283543 0.85573393 0.12196710
vn -0.50283543 0.85573393 0.12196710
vn -0.50283543 0.85573393 0.12196710
vn -0.47027754 0.87550958 0.11100459
vn -0.47027754 0.87550958 0.11100459
vn -0.47027754 0.87550958 0.11100459
vn -0.53276067 0.84528471 0.04074110
vn -0.53276067 0.84528471 0.04074110
vn -0.53276067 0.84528471 0.04074110
vn -0.52459251 0.85043751 0.03948093
vn -0.52459251 0.85043751 0.03948093
vn -0.52459251 0.85043751 0.03948093
vn 0.28097967 0.95948072 -0.02114668
vn 0.28097967 0.95948072 -0.02114668
vn 0.28097967 0.95948072 -0.02114668
vn 0.29385914 0.95557281 -0.02296531
vn 0.29385914 0.95557281 -0.02296531
vn 0.29385914 0.95557281 -0.02296531
vn 0.30273365 0.95307520 -0.00000340
vn 0.30273365 0.95307520 -0.00000340
vn 0.30273365 0.95307520 -0.00000340
vn 0.29166897 0.95651905 0.00071641
vn 0.29166897 0.95651905 0.00071641
vn 0.29166897 0.95651905 0.00071641
vn -0.51618896 0.85647379 -0.00126800
vn -0.51618896 0.85647379 -0.00126800
vn -0.51618896 0.85647379 -0.00126800
vn -0.53421598 0.84534802 0.00008277
vn -0.53421598 0.84534802 0.00008277
vn -0.53421598 0.84534802 0.00008277
vn -0.53684910 0.83949273 -0.08393454
vn -0.53684910 0.83949273 -0.08393454
vn -0.53684910 0.83949273 -0.08393454
vn -0.51951551 0.85046350 -0.08255582
vn -0.51951551 0.85046350 -0.08255582
vn -0.51951551 0.85046350 -0.08255582
vn 0.27830359 0.95947447 0.04422502
vn 0.27830359 0.95947447 0.04422502
vn 0.27830359 0.95947447 0.04422502
vn 0.29134706 0.95553787 0.04543420
vn 0.29134706 0.95553787 0.04543420
vn 0.29134706 0.95553787 0.04543420
vn 0.49745405 0.86023553 0.11195671
vn 0.49745405 0.86023553 0.11195671
vn 0.49745405 0.86023553 0.11195671
vn 0.28195987 0.95662367 0.07327882
vn 0.28195987 0.95662367 0.07327882
vn 0.28195987 0.95662367 0.07327882
vn -0.45168270 0.88510165 -0.11215082
vn -0.45168270 0.88510165 -0.11215082
vn -0.45168270 0.88510165 -0.11215082
vn -0.51977650 0.84538822 -0.12309000
vn -0.51977650 0.84538822 -0.12309000
vn -0.51977650 0.84538822 -0.12309000
vn 0.50676719 0.83827482 0.20120225
vn 0.50676719 0.83827482 0.20120225
vn 0.50676719 0.83827482 0.20120225
vn 0.25914922 0.95922648 0.11281060
vn 0.25914922 0.95922648 0.11281060
vn 0.25914922 0.95922648 0.11281060
vn -0.14554524 0.98722303 -0.06486346
vn -0.14554524 0.98722303 -0.06486346
vn -0.14554524 0.98722303 -0.06486346
vn -0.50151497 0.84227854 -0.19760968
vn -0.50151497 0.84227854 -0.19760968
vn -0.50151497 0.84227854 -0.19760968
vn -0.74427782 0.59105046 -0.31098213
vn -0.74427782 0.59105046 -0.31098213
vn -0.74427782 0.59105046 -0.31098213
vn 0.40459099 0.86746082 0.28951313
vn 0.40459099 0.86746082 0.28951313
vn 0.40459099 0.86746082 0.28951313
vn 0.38555135 0.87988439 0.27776539
vn 0.38555135 0.87988439 0.27776539
vn 0.38555135 0.87988439 0.27776539
vn -0.38026881 0.88336699 -0.27396786
vn -0.38026881 0.88336699 -0.27396786
vn -0.38026881 0.88336699 -0.27396786
vn -0.39292675 0.87546110 -0.28138308
vn -0.39292675 0.87546110 -0.28138308
vn -0.39292675 0.87546110 -0.28138308
vn 0.38705022 0.80595992 0.44790707
vn 0.38705022 0.80595992 0.44790707
vn 0.38705022 0.80595992 0.44790707
vn 0.33104980 0.86606995 0.37460496
vn 0.33104980 0.86606995 0.37460496
vn 0.33104980 0.86606995 0.37460496
vn -0.16115074 0.97050439 -0.17930884
vn -0.16115074 0.97050439 -0.17930884
vn -0.16115074 0.97050439 -0.17930884
vn -0.30498093 0.88093313 -0.36186109
vn -0.30498093 0.88093313 -0.36186109
vn -0.30498093 0.88093313 -0.36186109
vn -0.54686652 0.56654069 -0.61641597
vn -0.54686652 0.56654069 -0.61641597
vn -0.54686652 0.56654069 -0.61641597
vn 0.18094066 0.88179904 0.43553523
vn 0.18094066 0.88179904 0.43553523
vn 0.18094066 0.88179904 0.43553523
vn 0.12033264 0.95610552 0.26717465
vn 0.12033264 0.95610552 0.26717465
vn 0.12033264 0.95610552 0.26717465
vn -0.20748853 0.85565877 -0.47412718
vn -0.20748853 0.85565877 -0.47412718
vn -0.20748853 0.85565877 -0.47412718
vn -0.19112648 0.87533782 -0.44413329
vn -0.19112648 0.87533782 -0.44413329
vn -0.19112648 0.87533782 -0.44413329
vn 0.09988309 0.83861880 0.53548285
vn 0.09988309 0.83861880 0.53548285
vn 0.09988309 0.83861880 0.53548285
vn 0.02498204 0.97980623 0.19838257
vn 0.02498204 0.97980623 0.19838257
vn 0.02498204 0.97980623 0.19838257
vn -0.02203548 0.98712660 -0.15841565
vn -0.14256623 0.59343847 -0.79215255
vn -0.14256623 0.59343847 -0.79215255
vn -0.14256623 0.59343847 -0.79215255
vn -0.13433119 0.63173185 -0.76345923
vn -0.13433119 0.63173185 -0.76345923
vn -0.13433119 0.63173185 -0.76345923
vn 0.03503111 0.71115111 -0.70216588
vn 0.03503111 0.71115111 -0.70216588
vn 0.03503111 0.71115111 -0.70216588
vn 0.03671359 0.87018505 -0.49135537
vn 0.03671359 0.87018505 -0.49135537
vn 0.03671359 0.87018505 -0.49135537
vn -0.02011063 0.97316712 0.22921895
vn -0.02011063 0.97316712 0.22921895
vn -0.02011063 0.97316712 0.22921895
vn -0.02009137 0.91648871 0.39955574
vn -0.02009137 0.91648871 0.39955574
vn -0.02009137 0.91648871 0.39955574
vn -0.18810913 0.85315594 0.48655925
vn -0.18810913 0.85315594 0.48655925
vn -0.18810913 0.85315594 0.48655925
vn -0.17374183 0.88052265 0.44101433
vn -0.17374183 0.88052265 0.44101433
vn -0.17374183 0.88052265 0.44101433
vn 0.09851838 0.96459019 -0.24466281
vn 0.09851838 0.96459019 -0.24466281
vn 0.09851838 0.96459019 -0.24466281
vn 0.16576641 0.87783893 -0.44935544
vn 0.16576641 0.87783893 -0.44935544
vn 0.16576641 0.87783893 -0.44935544
vn 0.30267070 0.56615250 -0.76672146
vn 0.30267070 0.56615250 -0.76672146
vn 0.30267070 0.56615250 -0.76672146
vn -0.13117132 0.97292023 0.19031634
vn -0.13117132 0.97292023 0.19031634
vn -0.13117132 0.97292023 0.19031634
vn -0.16021767 0.95736708 0.24037175
vn -0.16021767 0.95736708 0.24037175
vn -0.16021767 0.95736708 0.24037175
vn 0.29790075 0.84596395 -0.44226705
vn 0.29790075 0.84596395 -0.44226705
vn 0.29790075 0.84596395 -0.44226705
vn 0.39467872 0.72515301 -0.56425333
vn 0.39467872 0.72515301 -0.56425333
vn 0.39467872 0.72515301 -0.56425333
vn -0.40738299 0.83317540 0.37397575
vn -0.40738299 0.83317540 0.37397575
vn -0.40738299 0.83317540 0.37397575
vn -0.28405094 0.92567949 0.24986506
vn -0.28405094 0.92567949 0.24986506
vn -0.28405094 0.92567949 0.24986506
vn 0.12157143 0.98723065 -0.10293702
vn 0.37220653 0.86047287 -0.34792060
vn 0.37220653 0.86047287 -0.34792060
vn 0.37220653 0.86047287 -0.34792060
vn 0.59978149 0.59557735 -0.53436858
vn 0.59978149 0.59557735 -0.53436858
vn 0.59978149 0.59557735 -0.53436858
vn 0.45409389 0.83938187 -0.29872531
vn 0.45409389 0.83938187 -0.29872531
vn 0.45409389 0.83938187 -0.29872531
vn 0.44004074 0.85058381 -0.28787381
vn 0.44004074 0.85058381 -0.28787381
vn 0.44004074 0.85058381 -0.28787381
vn -0.23580102 0.95947989 0.15426021
vn -0.23580102 0.95947989 0.15426021
vn -0.23580102 0.95947989 0.15426021
vn -0.24617397 0.95558174 0.16205530
vn -0.24617397 0.95558174 0.16205530
vn -0.24617397 0.95558174 0.16205530
vn -0.23888428 0.96205479 0.13185171
vn -0.23888428 0.96205479 0.13185171
vn -0.23888428 0.96205479 0.13185171
vn -0.25484392 0.95646991 0.14219668
vn -0.25484392 0.95646991 0.14219668
vn -0.25484392 0.95646991 0.14219668
vn 0.46645741 0.84566273 -0.25936852
vn 0.46645741 0.84566273 -0.25936852
vn 0.46645741 0.84566273 -0.25936852
vn 0.53910105 0.78972227 -0.29276064
vn 0.53910105 0.78972227 -0.29276064
vn 0.53910105 0.78972227 -0.29276064
vn 0.75989606 0.58833732 -0.27643657
vn 0.75989606 0.58833732 -0.27643657
vn 0.75989606 0.58833732 -0.27643657
vn 0.75603642 0.59412500 -0.27463505
vn 0.75603642 0.59412500 -0.27463505
vn 0.75603642 0.59412500 -0.27463505
vn 0.15175079 0.98688022 -0.05512822
vn 0.15064190 0.98726913 -0.05105564
vn 0.14882302 0.98739462 -0.05388484
vn 0.15136085 0.98721641 -0.04993644
vn -0.49673802 0.84906656 0.17982580
vn -0.49673802 0.84906656 0.17982580
vn -0.49673802 0.84906656 0.17982580
vn -0.51190747 0.83857968 0.18637292
vn -0.51190747 0.83857968 0.18637292
vn -0.51190747 0.83857968 0.18637292
vn -0.51575437 0.84557456 0.13784444
vn -0.51575437 0.84557456 0.13784444
vn -0.51575437 0.84557456 0.13784444
vn -0.29426449 0.95168379 0.08778596
vn -0.29426449 0.95168379 0.08778596
vn -0.29426449 0.95168379 0.08778596
vn 0.15320016 0.98707347 -0.04707088
vn 0.50987643 0.84974684 -0.13400123
vn 0.50987643 0.84974684 -0.13400123
vn 0.50987643 0.84974684 -0.13400123
vn 0.78048049 0.58377470 -0.22373492
vn 0.78048049 0.58377470 -0.22373492
vn 0.78048049 0.58377470 -0.22373492
vn 0.60574485 0.79283023 -0.06703290
vn 0.60574485 0.79283023 -0.06703290
vn 0.60574485 0.79283023 -0.06703290
vn 0.52726159 0.84733687 -0.06336757
vn 0.52726159 0.84733687 -0.06336757
vn 0.52726159 0.84733687 -0.06336757
vn -0.28042368 0.95926936 0.03413013
vn -0.28042368 0.95926936 0.03413013
vn -0.28042368 0.95926936 0.03413013
vn -0.26408253 0.96399942 0.03107310
vn -0.26408253 0.96399942 0.03107310
vn -0.26408253 0.96399942 0.03107310
vn 0.62738742 0.77819625 -0.02820680
vn 0.62738742 0.77819625 -0.02820680
vn 0.62738742 0.77819625 -0.02820680
vn 0.51694890 0.85586631 -0.01602177
vn 0.51694890 0.85586631 -0.01602177
vn 0.51694890 0.85586631 -0.01602177
vn -0.26426690 0.96441828 0.00777062
vn -0.26426690 0.96441828 0.00777062
vn -0.26426690 0.96441828 0.00777062
vn -0.29038379 0.95685289 0.01047878
vn -0.29038379 0.95685289 0.01047878
vn -0.29038379 0.95685289 0.01047878
vn -0.90614395 0.33921209 -0.25266244
vn -0.90614242 0.33921616 -0.25266243
vn -0.90611529 0.33928885 -0.25266214
vn -0.90611319 0.33929448 -0.25266211
vn -0.93042923 0.31994943 -0.17870035
vn -0.93042923 0.31994943 -0.17870035
vn -0.93042923 0.31994943 -0.17870035
vn -0.91086942 0.37094731 -0.18087288
vn -0.91086942 0.37094731 -0.18087288
vn -0.91086942 0.37094731 -0.18087288
vn -0.92081265 0.37409620 -0.11025465
vn -0.92081265 0.37409620 -0.11025465
vn -0.92081265 0.37409620 -0.11025465
vn -0.93429625 0.33984727 -0.10767710
vn -0.93429625 0.33984727 -0.10767710
vn -0.93429625 0.33984727 -0.10767710
vn -0.92909253 0.36804839 -0.03643430
vn -0.92902448 0.36821832 -0.03645238
vn -0.92800030 0.37076521 -0.03672330
vn -0.92791958 0.37096507 -0.03674456
vn -0.92673397 0.37410045 0.03482824
vn -0.92673397 0.37410045 0.03482824
vn -0.92673397 0.37410045 0.03482824
vn -0.93043837 0.36466908 0.03606794
vn -0.93043837 0.36466908 0.03606794
vn -0.93043837 0.36466908 0.03606794
vn -0.93361341 0.34075441 0.11069070
vn -0.93361341 0.34075441 0.11069070
vn -0.93361341 0.34075441 0.11069070
vn -0.92260414 0.37093465 0.10587296
vn -0.92260414 0.37093465 0.10587296
vn -0.92260414 0.37093465 0.10587296
vn -0.91071040 0.37406847 0.17515518
vn -0.91071040 0.37406847 0.17515518
vn -0.91071040 0.37406847 0.17515518
vn -0.92917330 0.32055835 0.18406338
vn -0.92917330 0.32055835 0.18406338
vn -0.92917330 0.32055835 0.18406338
vn -0.90615577 0.33937278 0.25240411
vn -0.90615577 0.33937278 0.25240411
vn -0.90615577 0.33937278 0.25240411
vn -0.91256110 0.31857892 0.25639758
vn -0.91256110 0.31857892 0.25639758
vn -0.91256110 0.31857892 0.25639758
vn -0.89242826 0.30910014 0.32867751
vn -0.89242826 0.30910014 0.32867751
vn -0.89242826 0.30910014 0.32867751
vn -0.88010849 0.35118399 0.31949782
vn -0.88010849 0.35118399 0.31949782
vn -0.88010849 0.35118399 0.31949782
vn -0.85132783 0.35740882 0.38405710
vn -0.85132783 0.35740882 0.38405710
vn -0.85132783 0.35740882 0.38405710
vn -0.85678296 0.33883457 0.38873397
vn -0.85678296 0.33883457 0.38873397
vn -0.85678296 0.33883457 0.38873397
vn -0.81454217 0.36785267 0.44855932
vn -0.81454217 0.36785267 0.44855932
vn -0.81454217 0.36785267 0.44855932
vn -0.81545750 0.36467600 0.44948913
vn -0.81545750 0.36467600 0.44948913
vn -0.81545750 0.36467600 0.44948913
vn -0.78581036 0.34158760 0.51557733
vn -0.78581036 0.34158760 0.51557733
vn -0.78581036 0.34158760 0.51557733
vn -0.78346642 0.35085720 0.51291284
vn -0.78346642 0.35085720 0.51291284
vn -0.78346642 0.35085720 0.51291284
vn -0.74055930 0.35208265 0.57237202
vn -0.74055930 0.35208265 0.57237202
vn -0.74055930 0.35208265 0.57237202
vn -0.75005094 0.30746778 0.58556566
vn -0.75005094 0.30746778 0.58556566
vn -0.75005094 0.30746778 0.58556566
vn -0.70006833 0.32435522 0.63615880
vn -0.70006833 0.32435522 0.63615880
vn -0.70006833 0.32435522 0.63615880
vn -0.69884387 0.33096678 0.63409639
vn -0.69884387 0.33096678 0.63409639
vn -0.69884387 0.33096678 0.63409639
vn -0.64328979 0.35739285 0.67708832
vn -0.64328979 0.35739285 0.67708832
vn -0.64328979 0.35739285 0.67708832
vn -0.64952521 0.32340047 0.68813454
vn -0.64952521 0.32340047 0.68813454
vn -0.64952521 0.32340047 0.68813454
vn -0.59357885 0.31019285 0.74259312
vn -0.59357885 0.31019285 0.74259312
vn -0.59357885 0.31019285 0.74259312
vn -0.58496883 0.37104972 0.72120287
vn -0.58496883 0.37104972 0.72120287
vn -0.58496883 0.37104972 0.72120287
vn -0.52667611 0.37425571 0.76324632
vn -0.52667611 0.37425571 0.76324632
vn -0.52667611 0.37425571 0.76324632
vn -0.53070401 0.33980696 0.77645636
vn -0.53070401 0.33980696 0.77645636
vn -0.53070401 0.33980696 0.77645636
vn -0.46741173 0.36719419 0.80417330
vn -0.46741173 0.36719419 0.80417330
vn -0.46741173 0.36719419 0.80417330
vn -0.47257453 0.31050213 0.82477981
vn -0.47257453 0.31050213 0.82477981
vn -0.47257453 0.31050213 0.82477981
vn -0.40763599 0.30395995 0.86106983
vn -0.40763599 0.30395995 0.86106983
vn -0.40763599 0.30395995 0.86106983
vn -0.40479235 0.35141720 0.84418547
vn -0.40479235 0.35141720 0.84418547
vn -0.40479235 0.35141720 0.84418547
vn -0.34011805 0.35754672 0.86975862
vn -0.34011805 0.35754672 0.86975862
vn -0.34011805 0.35754672 0.86975862
vn -0.34280263 0.30047999 0.89005513
vn -0.34280263 0.30047999 0.89005513
vn -0.34280263 0.30047999 0.89005513
vn -0.27193500 0.31467005 0.90941416
vn -0.27193500 0.31467005 0.90941416
vn -0.27193500 0.31467005 0.90941416
vn -0.27173765 0.33054511 0.90382442
vn -0.27173765 0.33054511 0.90382442
vn -0.27173765 0.33054511 0.90382442
vn -0.19796278 0.31624054 0.92779451
vn -0.19796278 0.31624054 0.92779451
vn -0.19796278 0.31624054 0.92779451
vn -0.19881483 0.34527850 0.91719977
vn -0.19881483 0.34527850 0.91719977
vn -0.19881483 0.34527850 0.91719977
vn -0.12620644 0.32910725 0.93582068
vn -0.12620644 0.32910725 0.93582068
vn -0.12620644 0.32910725 0.93582068
vn -0.12789794 0.35990457 0.92418116
vn -0.12789794 0.35990457 0.92418116
vn -0.12789794 0.35990457 0.92418116
vn -0.05799507 0.36491334 0.92923346
vn -0.05799507 0.36491334 0.92923346
vn -0.05799507 0.36491334 0.92923346
vn -0.05488516 0.31995650 0.94584114
vn -0.05488516 0.31995650 0.94584114
vn -0.05488516 0.31995650 0.94584114
vn 0.01836976 0.33916639 0.94054703
vn 0.01836976 0.33916639 0.94054703
vn 0.01836976 0.33916639 0.94054703
vn 0.02157105 0.30973204 0.95057917
vn 0.02157105 0.30973204 0.95057917
vn 0.02157105 0.30973204 0.95057917
vn 0.09596424 0.30347590 0.94799433
vn 0.09596424 0.30347590 0.94799433
vn 0.09596424 0.30347590 0.94799433
vn 0.08959951 0.35153314 0.93187788
vn 0.08959951 0.35153314 0.93187788
vn 0.08959951 0.35153314 0.93187788
vn 0.15955649 0.35764277 0.92012683
vn 0.15955649 0.35764277 0.92012683
vn 0.15955649 0.35764277 0.92012683
vn 0.16275597 0.33889998 0.92663763
vn 0.16275597 0.33889998 0.92663763
vn 0.16275597 0.33889998 0.92663763
vn 0.22905165 0.36691457 0.90161469
vn 0.22905165 0.36691457 0.90161469
vn 0.22905165 0.36691457 0.90161469
vn 0.23426735 0.33915341 0.91109482
vn 0.23426735 0.33915341 0.91109482
vn 0.23426735 0.33915341 0.91109482
vn 0.31050244 0.31962318 0.89522582
vn 0.31050244 0.31962318 0.89522582
vn 0.31050244 0.31962318 0.89522582
vn 0.29872790 0.37112992 0.87921796
vn 0.29872790 0.37112992 0.87921796
vn 0.29872790 0.37112992 0.87921796
vn 0.36488413 0.37433883 0.85248461
vn 0.36488413 0.37433883 0.85248461
vn 0.36488413 0.37433883 0.85248461
vn 0.37713934 0.32696194 0.86652283
vn 0.37713934 0.32696194 0.86652283
vn 0.37713934 0.32696194 0.86652283
vn 0.43589144 0.35202947 0.82829578
vn 0.43598236 0.35169307 0.82839083
vn 0.43760157 0.34565848 0.83007535
vn 0.43770770 0.34526002 0.83018521
vn 0.49578297 0.35211195 0.79386171
vn 0.49578297 0.35211195 0.79386171
vn 0.49578297 0.35211195 0.79386171
vn 0.50875290 0.30009601 0.80691565
vn 0.50875290 0.30009601 0.80691565
vn 0.50875290 0.30009601 0.80691565
vn 0.57410908 0.29533877 0.76365815
vn 0.57410908 0.29533877 0.76365815
vn 0.57410908 0.29533877 0.76365815
vn 0.55838716 0.35082859 0.75174669
vn 0.55838716 0.35082859 0.75174669
vn 0.55838716 0.35082859 0.75174669
vn 0.61217334 0.35715995 0.70546479
vn 0.61217334 0.35715995 0.70546479
vn 0.61217334 0.35715995 0.70546479
vn 0.62338653 0.32193593 0.71256332
vn 0.62338653 0.32193593 0.71256332
vn 0.62338653 0.32193593 0.71256332
vn 0.66729025 0.34621706 0.65943724
vn 0.66729025 0.34621706 0.65943724
vn 0.66729025 0.34621706 0.65943724
vn 0.68095847 0.30028594 0.66792508
vn 0.68095847 0.30028594 0.66792508
vn 0.68095847 0.30028594 0.66792508
vn 0.73348178 0.29573141 0.61200279
vn 0.73348178 0.29573141 0.61200279
vn 0.73348178 0.29573141 0.61200279
vn 0.72055739 0.33685341 0.60607494
vn 0.72055739 0.33685341 0.60607494
vn 0.72055739 0.33685341 0.60607494
vn 0.76278126 0.34234802 0.54860056
vn 0.76278126 0.34234802 0.54860056
vn 0.76278126 0.34234802 0.54860056
vn 0.77656908 0.29989845 0.55407706
vn 0.77656908 0.29989845 0.55407706
vn 0.77656908 0.29989845 0.55407706
vn 0.81262474 0.31412836 0.49088126
vn 0.81262474 0.31412836 0.49088126
vn 0.81262474 0.31412836 0.49088126
vn 0.80394832 0.33971747 0.48811795
vn 0.80394832 0.33971747 0.48811795
vn 0.80394832 0.33971747 0.48811795
vn 0.84648680 0.32086871 0.42485689
vn 0.84648680 0.32086871 0.42485689
vn 0.84648680 0.32086871 0.42485689
vn 0.84812360 0.31608314 0.42517973
vn 0.84812360 0.31608314 0.42517973
vn 0.84812360 0.31608314 0.42517973
vn 0.87708065 0.31943837 0.35873202
vn 0.87698535 0.31971326 0.35872012
vn 0.87553229 0.32387514 0.35853605
vn 0.87546248 0.32407372 0.35852708
vn 0.89345357 0.34625782 0.28608781
vn 0.89345357 0.34625782 0.28608781
vn 0.89345357 0.34625782 0.28608781
vn 0.90090524 0.32648225 0.28597044
vn 0.90090524 0.32648225 0.28597044
vn 0.90090524 0.32648225 0.28597044
vn 0.91073803 0.35160504 0.21663363
vn 0.91073803 0.35160504 0.21663363
vn 0.91073803 0.35160504 0.21663363
vn 0.90528058 0.36532903 0.21679891
vn 0.90528058 0.36532903 0.21679891
vn 0.90528058 0.36532903 0.21679891
vn 0.92910131 0.34074902 0.14373885
vn 0.92910131 0.34074902 0.14373885
vn 0.92910131 0.34074902 0.14373885
vn 0.91722583 0.37087541 0.14542422
vn 0.91722583 0.37087541 0.14542422
vn 0.91722583 0.37087541 0.14542422
vn 0.92434774 0.37402070 0.07543050
vn 0.92434774 0.37402070 0.07543050
vn 0.92434774 0.37402070 0.07543050
vn 0.94300889 0.32494003 0.07175107
vn 0.94300889 0.32494003 0.07175107
vn 0.94300889 0.32494003 0.07175107
vn 0.93795163 0.34676193 -0.00170311
vn 0.93795163 0.34676193 -0.00170311
vn 0.93795163 0.34676193 -0.00170311
vn 0.93109677 0.36477205 0.00039630
vn 0.93109677 0.36477205 0.00039630
vn 0.93109677 0.36477205 0.00039630
vn 0.93719902 0.34076759 -0.07440059
vn 0.93719902 0.34076759 -0.07440059
vn 0.93719902 0.34076759 -0.07440059
vn 0.92602676 0.37090658 -0.07001959
vn 0.92602676 0.37090658 -0.07001959
vn 0.92602676 0.37090658 -0.07001959
vn 0.91666166 0.37407344 -0.14071413
vn 0.91666166 0.37407344 -0.14071413
vn 0.91666166 0.37407344 -0.14071413
vn 0.92899293 0.33972507 -0.14682988
vn 0.92899293 0.33972507 -0.14682988
vn 0.92899293 0.33972507 -0.14682988
vn 0.90500801 0.36781292 -0.21371512
vn 0.90500801 0.36781292 -0.21371512
vn 0.90500801 0.36781292 -0.21371512
vn 0.91300706 0.34455856 -0.21839760
vn 0.91300706 0.34455856 -0.21839760
vn 0.91300706 0.34455856 -0.21839760
vn 0.89949706 0.32959655 -0.28682948
vn 0.89949706 0.32959655 -0.28682948
vn 0.89949706 0.32959655 -0.28682948
vn 0.90267137 0.31900660 -0.28882381
vn 0.90267137 0.31900660 -0.28882381
vn 0.90267137 0.31900660 -0.28882381
vn 0.87902084 0.30908033 -0.36303127
vn 0.87902084 0.30908033 -0.36303127
vn 0.87902084 0.30908033 -0.36303127
vn 0.86703615 0.35126341 -0.35335864
vn 0.86703615 0.35126341 -0.35335864
vn 0.86703615 0.35126341 -0.35335864
vn 0.83641244 0.35733181 -0.41560584
vn 0.83641244 0.35733181 -0.41560584
vn 0.83641244 0.35733181 -0.41560584
vn 0.84695095 0.32023464 -0.42441001
vn 0.84695095 0.32023464 -0.42441001
vn 0.84695095 0.32023464 -0.42441001
vn 0.80380075 0.34026022 -0.48798292
vn 0.80374272 0.34049252 -0.48791647
vn 0.80277820 0.34432167 -0.48681593
vn 0.80270413 0.34461328 -0.48673171
vn 0.76923575 0.32962955 -0.54737622
vn 0.76923575 0.32962955 -0.54737622
vn 0.76923575 0.32962955 -0.54737622
vn 0.76553704 0.34483980 -0.54317451
vn 0.76553704 0.34483980 -0.54317451
vn 0.76553704 0.34483980 -0.54317451
vn 0.71939381 0.34478227 -0.60299066
vn 0.71939381 0.34478227 -0.60299066
vn 0.71939381 0.34478227 -0.60299066
vn 0.72784538 0.30148188 -0.61591378
vn 0.72784538 0.30148188 -0.61591378
vn 0.72784538 0.30148188 -0.61591378
vn 0.67554821 0.31739150 -0.66550526
vn 0.67554821 0.31739150 -0.66550526
vn 0.67554821 0.31739150 -0.66550526
vn 0.67047657 0.34507483 -0.65679870
vn 0.67047657 0.34507483 -0.65679870
vn 0.67047657 0.34507483 -0.65679870
vn 0.62178730 0.32927732 -0.71060326
vn 0.62178730 0.32927732 -0.71060326
vn 0.62178730 0.32927732 -0.71060326
vn 0.62064822 0.33621864 -0.70834512
vn 0.62064822 0.33621864 -0.70834512
vn 0.62064822 0.33621864 -0.70834512
vn 0.56152239 0.33948484 -0.75461424
vn 0.56152239 0.33948484 -0.75461424
vn 0.56152239 0.33948484 -0.75461424
vn 0.56249099 0.33152978 -0.75742451
vn 0.56249099 0.33152978 -0.75742451
vn 0.56249099 0.33152978 -0.75742451
vn 0.49804730 0.35856030 -0.78954632
vn 0.49804730 0.35856030 -0.78954632
vn 0.49804730 0.35856030 -0.78954632
vn 0.49881462 0.35131091 -0.79231599
vn 0.49881462 0.35131091 -0.79231599
vn 0.49881462 0.35131091 -0.79231599
vn 0.43625641 0.35754797 -0.82573591
vn 0.43625641 0.35754797 -0.82573591
vn 0.43625641 0.35754797 -0.82573591
vn 0.43554025 0.36559834 -0.82258285
vn 0.43554025 0.36559834 -0.82258285
vn 0.43554025 0.36559834 -0.82258285
vn 0.37091824 0.34107044 -0.86376537
vn 0.37091824 0.34107044 -0.86376537
vn 0.37091824 0.34107044 -0.86376537
vn 0.36960160 0.37087279 -0.85196715
vn 0.36960160 0.37087279 -0.85196715
vn 0.36960160 0.37087279 -0.85196715
vn 0.30367175 0.37394094 -0.87632850
vn 0.30367175 0.37394094 -0.87632850
vn 0.30367175 0.37394094 -0.87632850
vn 0.30548215 0.30066250 -0.90348366
vn 0.30548215 0.30066250 -0.90348366
vn 0.30548215 0.30066250 -0.90348366
vn 0.23719776 0.31434171 -0.91919884
vn 0.23719776 0.31434171 -0.91919884
vn 0.23719776 0.31434171 -0.91919884
vn 0.23720998 0.30012260 -0.92393606
vn 0.23720998 0.30012260 -0.92393606
vn 0.23720998 0.30012260 -0.92393606
vn 0.16464364 0.29592726 -0.94091420
vn 0.16464364 0.29592726 -0.94091420
vn 0.16464364 0.29592726 -0.94091420
vn 0.16540949 0.32514541 -0.93108548
vn 0.16540949 0.32514541 -0.93108548
vn 0.16540949 0.32514541 -0.93108548
vn 0.09270977 0.32975373 -0.93950379
vn 0.09270977 0.32975373 -0.93950379
vn 0.09270977 0.32975373 -0.93950379
vn 0.09238352 0.32406881 -0.94151192
vn 0.09238352 0.32406881 -0.94151192
vn 0.09238352 0.32406881 -0.94151192
vn 0.01924236 0.34582230 -0.93810270
vn 0.01924236 0.34582230 -0.93810270
vn 0.01924236 0.34582230 -0.93810270
vn 0.01863962 0.33906605 -0.94057789
vn 0.01863962 0.33906605 -0.94057789
vn 0.01863962 0.33906605 -0.94057789
vn -0.05902974 0.31971321 -0.94567381
vn -0.05902974 0.31971321 -0.94567381
vn -0.05902974 0.31971321 -0.94567381
vn -0.05354881 0.35995320 -0.93143235
vn -0.05354881 0.35995320 -0.93143235
vn -0.05354881 0.35995320 -0.93143235
vn -0.12342102 0.36478467 -0.92287561
vn -0.12342102 0.36478467 -0.92287561
vn -0.12342102 0.36478467 -0.92287561
vn -0.13026420 0.32259489 -0.93753068
vn -0.13026420 0.32259489 -0.93753068
vn -0.13026420 0.32259489 -0.93753068
vn -0.19513927 0.34619023 -0.91764535
vn -0.19513927 0.34619023 -0.91764535
vn -0.19513927 0.34619023 -0.91764535
vn -0.20222688 0.30048829 -0.93210036
vn -0.20222688 0.30048829 -0.93210036
vn -0.20222688 0.30048829 -0.93210036
vn -0.27253520 0.31689054 -0.90846296
vn -0.27253520 0.31689054 -0.90846296
vn -0.27253520 0.31689054 -0.90846296
vn -0.26555770 0.35394651 -0.89677253
vn -0.26555770 0.35394651 -0.89677253
vn -0.26555770 0.35394651 -0.89677253
vn -0.34214926 0.33207565 -0.87901061
vn -0.34214926 0.33207565 -0.87901061
vn -0.34214926 0.33207565 -0.87901061
vn -0.33260263 0.37126797 -0.86691152
vn -0.33260263 0.37126797 -0.86691152
vn -0.33260263 0.37126797 -0.86691152
vn -0.39766290 0.37438723 -0.83767441
vn -0.39766290 0.37438723 -0.83767441
vn -0.39766290 0.37438723 -0.83767441
vn -0.41044419 0.32705861 -0.85121574
vn -0.41044419 0.32705861 -0.85121574
vn -0.41044419 0.32705861 -0.85121574
vn -0.46728845 0.35211686 -0.81095945
vn -0.46726735 0.35219289 -0.81093859
vn -0.46691867 0.35344731 -0.81059358
vn -0.46688923 0.35355306 -0.81056442
vn -0.53446595 0.33388662 -0.77644438
vn -0.53446595 0.33388662 -0.77644438
vn -0.53446595 0.33388662 -0.77644438
vn -0.52307242 0.37127048 -0.76717239
vn -0.52307242 0.37127048 -0.76717239
vn -0.52307242 0.37127048 -0.76717239
vn -0.57958397 0.37443926 -0.72379394
vn -0.57958397 0.37443926 -0.72379394
vn -0.57958397 0.37443926 -0.72379394
vn -0.59814975 0.31606553 -0.73642342
vn -0.59814975 0.31606553 -0.73642342
vn -0.59814975 0.31606553 -0.73642342
vn -0.64505307 0.33637600 -0.68611787
vn -0.64505307 0.33637600 -0.68611787
vn -0.64505307 0.33637600 -0.68611787
vn -0.64237372 0.34490908 -0.68439296
vn -0.64237372 0.34490908 -0.68439296
vn -0.64237372 0.34490908 -0.68439296
vn -0.70041571 0.32536017 -0.63526262
vn -0.70041571 0.32536017 -0.63526262
vn -0.70041571 0.32536017 -0.63526262
vn -0.69391693 0.34507135 -0.63198501
vn -0.69391693 0.34507135 -0.63198501
vn -0.69391693 0.34507135 -0.63198501
vn -0.74760089 0.32580391 -0.57874409
vn -0.74760089 0.32580391 -0.57874409
vn -0.74760089 0.32580391 -0.57874409
vn -0.73891815 0.35089220 -0.57521703
vn -0.73891815 0.35089220 -0.57521703
vn -0.73891815 0.35089220 -0.57521703
vn -0.78128160 0.35209381 -0.51539209
vn -0.78128160 0.35209381 -0.51539209
vn -0.78128160 0.35209381 -0.51539209
vn -0.79104687 0.32478021 -0.51842325
vn -0.79104687 0.32478021 -0.51842325
vn -0.79104687 0.32478021 -0.51842325
vn -0.82210377 0.34661967 -0.45166381
vn -0.82210377 0.34661967 -0.45166381
vn -0.82210377 0.34661967 -0.45166381
vn -0.82503349 0.33881116 -0.45224633
vn -0.82503349 0.33881116 -0.45224633
vn -0.82503349 0.33881116 -0.45224633
vn -0.86156137 0.32510952 -0.38989205
vn -0.86156137 0.32510952 -0.38989205
vn -0.86156137 0.32510952 -0.38989205
vn -0.85202140 0.35101269 -0.38839364
vn -0.85202140 0.35101269 -0.38839364
vn -0.85202140 0.35101269 -0.38839364
vn -0.87632864 0.35716998 -0.32323014
vn -0.87632864 0.35716998 -0.32323014
vn -0.87632864 0.35716998 -0.32323014
vn -0.89004259 0.31982166 -0.32486658
vn -0.89004259 0.31982166 -0.32486658
vn -0.89004259 0.31982166 -0.32486658
vn 0.04309660 0.67321199 -0.73819259
vn 0.04309660 0.67321199 -0.73819259
vn 0.04309660 0.67321199 -0.73819259
vn -0.01781559 0.67601317 -0.73667415
vn -0.01781559 0.67601317 -0.73667415
vn -0.01781559 0.67601317 -0.73667415
vn 0.10682377 0.96456518 0.24125236
vn 0.10682377 0.96456518 0.24125236
vn 0.10682377 0.96456518 0.24125236
vn 0.20172522 0.90063526 0.38491954
vn 0.20172522 0.90063526 0.38491954
vn 0.20172522 0.90063526 0.38491954
vn -0.05422081 0.96887449 -0.24154156
vn -0.05422081 0.96887449 -0.24154156
vn -0.05422081 0.96887449 -0.24154156
vn -0.08076470 0.97294655 -0.21645340
vn -0.08076470 0.97294655 -0.21645340
vn -0.08076470 0.97294655 -0.21645340
vn 0.14753635 0.95726959 0.24873270
vn 0.14753635 0.95726959 0.24873270
vn 0.14753635 0.95726959 0.24873270
vn -0.01267998 0.57939852 -0.81494575
vn -0.01267998 0.57939852 -0.81494575
vn -0.01267998 0.57939852 -0.81494575
vn -0.08021679 0.59791428 -0.79753607
vn -0.08021679 0.59791428 -0.79753607
vn -0.08021679 0.59791428 -0.79753607
vn -0.06305842 0.70842289 -0.70296560
vn -0.06305842 0.70842289 -0.70296560
vn -0.06305842 0.70842289 -0.70296560
vn -0.12069613 0.72743098 -0.67548250
vn -0.12069613 0.72743098 -0.67548250
vn -0.12069613 0.72743098 -0.67548250
vn 0.44977220 0.78215742 0.43120151
vn 0.44977220 0.78215742 0.43120151
vn 0.44977220 0.78215742 0.43120151
vn 0.48203082 0.77328453 0.41191908
vn 0.48203082 0.77328453 0.41191908
vn 0.48203082 0.77328453 0.41191908
vn 0.51759165 0.81001253 -0.27564211
vn 0.51759165 0.81001253 -0.27564211
vn 0.51759165 0.81001253 -0.27564211
vn 0.33262118 0.92854904 -0.16480242
vn 0.33262118 0.92854904 -0.16480242
vn 0.33262118 0.92854904 -0.16480242
vn 0.58244643 0.78568703 -0.20845153
vn 0.58244643 0.78568703 -0.20845153
vn 0.58244643 0.78568703 -0.20845153
vn 0.71000010 0.67482103 -0.20128694
vn 0.71000010 0.67482103 -0.20128694
vn 0.71000010 0.67482103 -0.20128694
vn 0.72778994 0.67206006 -0.13659093
vn 0.72778994 0.67206006 -0.13659093
vn 0.72778994 0.67206006 -0.13659093
vn -0.41055643 0.83658907 0.36271497
vn -0.41055643 0.83658907 0.36271497
vn -0.41055643 0.83658907 0.36271497
vn -0.41767366 0.84845254 0.32508000
vn -0.41767366 0.84845254 0.32508000
vn -0.41767366 0.84845254 0.32508000
vn -0.25051433 0.95528760 0.15706105
vn -0.25051433 0.95528760 0.15706105
vn -0.25051433 0.95528760 0.15706105
vn -0.25609174 0.95695503 0.13657998
vn -0.25609174 0.95695503 0.13657998
vn -0.25609174 0.95695503 0.13657998
vn -0.43167107 0.83777280 0.33436031
vn -0.43167107 0.83777280 0.33436031
vn -0.43167107 0.83777280 0.33436031
vn -0.43873990 0.84835286 0.29631863
vn -0.43873990 0.84835286 0.29631863
vn -0.43873990 0.84835286 0.29631863
vn -0.19794467 0.97411330 0.10918420
vn -0.19794467 0.97411330 0.10918420
vn -0.19794467 0.97411330 0.10918420
vn 0.14559141 0.98760191 -0.05869931
vn 0.14559141 0.98760191 -0.05869931
vn 0.14559141 0.98760191 -0.05869931
vn 0.15633559 0.98681152 -0.04197865
vn 0.15633559 0.98681152 -0.04197865
vn 0.15633559 0.98681152 -0.04197865
vn 0.50012492 0.85944023 -0.10600739
vn 0.50012492 0.85944023 -0.10600739
vn 0.50012492 0.85944023 -0.10600739
vn 0.53005362 0.84571723 -0.06168888
vn 0.53005362 0.84571723 -0.06168888
vn 0.53005362 0.84571723 -0.06168888
vn 0.68101458 0.73155111 -0.03243641
vn 0.68101458 0.73155111 -0.03243641
vn 0.68101458 0.73155111 -0.03243641
vn 0.70355117 0.70982751 0.03406843
vn 0.70355117 0.70982751 0.03406843
vn 0.70355117 0.70982751 0.03406843
vn 0.51059047 0.85973729 0.01221333
vn 0.51059047 0.85973729 0.01221333
vn 0.51059047 0.85973729 0.01221333
vn 0.52960772 0.84595709 0.06222753
vn 0.52960772 0.84595709 0.06222753
vn 0.52960772 0.84595709 0.06222753
vn 0.71842715 0.68223490 0.13571280
vn 0.71842715 0.68223490 0.13571280
vn 0.71842715 0.68223490 0.13571280
vn 0.71479612 0.67049801 0.19874339
vn 0.71492638 0.67034451 0.19879261
vn 0.71226035 0.67347307 0.19778579
vn -0.29545760 0.95475217 0.03395735
vn -0.29545760 0.95475217 0.03395735
vn -0.29545760 0.95475217 0.03395735
vn -0.29004590 0.95698826 0.00684511
vn -0.29004590 0.95698826 0.00684511
vn -0.29004590 0.95698826 0.00684511
vn -0.29143010 0.95598784 -0.03399619
vn -0.29143010 0.95598784 -0.03399619
vn -0.29143010 0.95598784 -0.03399619
vn -0.28069698 0.95866894 -0.04650880
vn -0.28069698 0.95866894 -0.04650880
vn -0.28069698 0.95866894 -0.04650880
vn 0.09650273 0.99497510 0.02667914
vn 0.09820605 0.99479257 0.02726365
vn 0.09658103 0.99496678 0.02670600
vn 0.09575119 0.99462112 0.03950370
vn 0.09575119 0.99462112 0.03950370
vn 0.09575119 0.99462112 0.03950370
vn 0.49387687 0.85080871 0.17947195
vn 0.49387687 0.85080871 0.17947195
vn 0.49387687 0.85080871 0.17947195
vn 0.19789593 0.97589712 0.09198915
vn 0.19789593 0.97589712 0.09198915
vn 0.19789593 0.97589712 0.09198915
vn -0.26739962 0.95781484 -0.10530044
vn -0.26739962 0.95781484 -0.10530044
vn -0.26739962 0.95781484 -0.10530044
vn 0.14010664 0.98754718 0.07155906
vn 0.14010664 0.98754718 0.07155906
vn 0.14010664 0.98754718 0.07155906
vn 0.13514883 0.98684151 0.08876159
vn 0.13514883 0.98684151 0.08876159
vn 0.13514883 0.98684151 0.08876159
vn 0.36490596 0.89136294 0.26891588
vn 0.36490596 0.89136294 0.26891588
vn 0.36490596 0.89136294 0.26891588
vn 0.36554608 0.86428159 0.34553349
vn 0.36554608 0.86428159 0.34553349
vn 0.36554608 0.86428159 0.34553349
vn 0.12002891 0.98762808 0.10091499
vn 0.12002891 0.98762808 0.10091499
vn 0.12002891 0.98762808 0.10091499
vn 0.10796873 0.98659468 0.12236702
vn 0.10796873 0.98659468 0.12236702
vn 0.10796873 0.98659468 0.12236702
vn 0.32269616 0.85746785 0.40076935
vn 0.32255822 0.85761555 0.40056430
vn 0.32268590 0.85747884 0.40075410
vn 0.29826464 0.84371664 0.44629635
vn 0.29826464 0.84371664 0.44629635
vn 0.29826464 0.84371664 0.44629635
vn -0.45596592 0.83787668 -0.30009622
vn -0.45596592 0.83787668 -0.30009622
vn -0.45596592 0.83787668 -0.30009622
vn -0.41377991 0.85080983 -0.32389630
vn -0.41377991 0.85080983 -0.32389630
vn -0.41377991 0.85080983 -0.32389630
vn 0.26245974 0.88315342 0.38878647
vn 0.26245974 0.88315342 0.38878647
vn 0.26245974 0.88315342 0.38878647
vn 0.11632093 0.97258637 0.20135836
vn 0.11632093 0.97258637 0.20135836
vn 0.11632093 0.97258637 0.20135836
vn -0.39674449 0.86467429 -0.30811068
vn -0.39674449 0.86467429 -0.30811068
vn -0.39674449 0.86467429 -0.30811068
vn -0.35995315 0.87632570 -0.32013591
vn -0.35995315 0.87632570 -0.32013591
vn -0.35995315 0.87632570 -0.32013591
vn 0.19746181 0.89358822 0.40312397
vn 0.19746181 0.89358822 0.40312397
vn 0.19746181 0.89358822 0.40312397
vn 0.22733122 0.85921504 0.45833397
vn 0.22733122 0.85921504 0.45833397
vn 0.22733122 0.85921504 0.45833397
vn 0.19201337 0.84557931 0.49812298
vn 0.19201337 0.84557931 0.49812298
vn 0.19201337 0.84557931 0.49812298
vn -0.14383551 0.96686040 -0.21093202
vn -0.14383551 0.96686040 -0.21093202
vn -0.14383551 0.96686040 -0.21093202
vn 0.13806273 0.88426057 0.44611874
vn 0.13806273 0.88426057 0.44611874
vn 0.13806273 0.88426057 0.44611874
vn 0.09777918 0.87229773 0.47909906
vn 0.09777918 0.87229773 0.47909906
vn 0.09777918 0.87229773 0.47909906
vn 0.13422699 0.79086100 0.59709463
vn 0.13422699 0.79086100 0.59709463
vn 0.13422699 0.79086100 0.59709463
vn 0.08016808 0.77972604 0.62096730
vn 0.08016808 0.77972604 0.62096730
vn 0.08016808 0.77972604 0.62096730
vn -0.22064134 0.89717401 -0.38261755
vn -0.22064134 0.89717401 -0.38261755
vn -0.22064134 0.89717401 -0.38261755
vn -0.11614812 0.96452844 -0.23705381
vn -0.11614812 0.96452844 -0.23705381
vn -0.11614812 0.96452844 -0.23705381
vn 0.04833172 0.68211157 0.72964913
vn 0.04833172 0.68211157 0.72964913
vn 0.04833172 0.68211157 0.72964913
vn -0.02056392 0.66740667 0.74440947
vn -0.02056392 0.66740667 0.74440947
vn -0.02056392 0.66740667 0.74440947
vn -0.14007518 0.91626702 -0.37527815
vn -0.14007518 0.91626702 -0.37527815
vn -0.14007518 0.91626702 -0.37527815
vn -0.11671851 0.92120408 -0.37116013
vn -0.11671851 0.92120408 -0.37116013
vn -0.11671851 0.92120408 -0.37116013
vn 0.00206786 0.88390185 0.46766788
vn 0.00206786 0.88390185 0.46766788
vn 0.00206786 0.88390185 0.46766788
vn -0.04764934 0.87291856 0.48553345
vn -0.04764934 0.87291856 0.48553345
vn -0.04764934 0.87291856 0.48553345
vn -0.12091856 0.68326699 0.72008675
vn -0.12091856 0.68326699 0.72008675
vn -0.12091856 0.68326699 0.72008675
vn -0.18984343 0.66479931 0.72249661
vn -0.18984343 0.66479931 0.72249661
vn -0.18984343 0.66479931 0.72249661
vn -0.20338270 0.56555629 0.79923811
vn -0.20338270 0.56555629 0.79923811
vn -0.20338270 0.56555629 0.79923811
vn -0.27001335 0.56368024 0.78061346
vn -0.27001335 0.56368024 0.78061346
vn -0.27001335 0.56368024 0.78061346
vn -0.04955011 0.96359127 -0.26274828
vn -0.04955011 0.96359127 -0.26274828
vn -0.04955011 0.96359127 -0.26274828
vn -0.03799874 0.96567650 -0.25695328
vn -0.03799874 0.96567650 -0.25695328
vn -0.03799874 0.96567650 -0.25695328
vn 0.01123546 0.99507319 0.09850436
vn 0.01123546 0.99507319 0.09850436
vn 0.01123546 0.99507319 0.09850436
vn -0.00843558 0.99454649 0.10395250
vn -0.00843558 0.99454649 0.10395250
vn -0.00843558 0.99454649 0.10395250
vn -0.04265577 0.88726840 0.45927689
vn -0.04265577 0.88726840 0.45927689
vn -0.04265577 0.88726840 0.45927689
vn -0.09382315 0.87137032 0.48157137
vn -0.09382315 0.87137032 0.48157137
vn -0.09382315 0.87137032 0.48157137
vn -0.01071707 0.99509884 0.09830278
vn -0.01071707 0.99509884 0.09830278
vn -0.01071707 0.99509884 0.09830278
vn -0.02876246 0.99467775 0.09893881
vn -0.02876246 0.99467775 0.09893881
vn -0.02876246 0.99467775 0.09893881
vn -0.05358551 0.97265215 0.22600087
vn -0.05358551 0.97265215 0.22600087
vn -0.05358551 0.97265215 0.22600087
vn -0.08749599 0.96881656 0.23181656
vn -0.08749599 0.96881656 0.23181656
vn -0.08749599 0.96881656 0.23181656
vn -0.23296298 0.79998202 0.55295300
vn -0.23296298 0.79998202 0.55295300
vn -0.23296298 0.79998202 0.55295300
vn -0.29963212 0.77385544 0.55800391
vn -0.29963212 0.77385544 0.55800391
vn -0.29963212 0.77385544 0.55800391
vn -0.02892046 0.77352535 -0.63310516
vn -0.02892046 0.77352535 -0.63310516
vn -0.02892046 0.77352535 -0.63310516
vn 0.00947196 0.78282377 -0.62217138
vn 0.00947196 0.78282377 -0.62217138
vn 0.00947196 0.78282377 -0.62217138
vn 0.01478610 0.86529506 -0.50104474
vn 0.01478610 0.86529506 -0.50104474
vn 0.01478610 0.86529506 -0.50104474
vn 0.04398098 0.87966717 -0.47355184
vn 0.04398098 0.87966717 -0.47355184
vn 0.04398098 0.87966717 -0.47355184
vn -0.23302910 0.86086630 0.45233467
vn -0.23302910 0.86086630 0.45233467
vn -0.23302910 0.86086630 0.45233467
vn -0.28972330 0.84471727 0.45001460
vn -0.28972330 0.84471727 0.45001460
vn -0.28972330 0.84471727 0.45001460
vn -0.49167141 0.65268327 0.57642326
vn -0.49167141 0.65268327 0.57642326
vn -0.49167141 0.65268327 0.57642326
vn -0.56129999 0.62811870 0.53889630
vn -0.56129999 0.62811870 0.53889630
vn -0.56129999 0.62811870 0.53889630
vn 0.04837521 0.86644788 -0.49691842
vn 0.04837521 0.86644788 -0.49691842
vn 0.04837521 0.86644788 -0.49691842
vn 0.07557164 0.87957031 -0.46972864
vn 0.07557164 0.87957031 -0.46972864
vn 0.07557164 0.87957031 -0.46972864
vn 0.11331684 0.77283508 -0.62440790
vn 0.11331684 0.77283508 -0.62440790
vn 0.11331684 0.77283508 -0.62440790
vn 0.15524969 0.78406232 -0.60095242
vn 0.15524969 0.78406232 -0.60095242
vn 0.15524969 0.78406232 -0.60095242
vn 0.10697726 0.96325502 -0.24636483
vn 0.10697726 0.96325502 -0.24636483
vn 0.10697726 0.96325502 -0.24636483
vn 0.12088509 0.96427236 -0.23572357
vn 0.12088509 0.96427236 -0.23572357
vn 0.12088509 0.96427236 -0.23572357
vn -0.55702600 0.68066331 0.47583558
vn -0.55702600 0.68066331 0.47583558
vn -0.55702600 0.68066331 0.47583558
vn -0.60277598 0.67183301 0.43046664
vn -0.60277598 0.67183301 0.43046664
vn -0.60277598 0.67183301 0.43046664
vn -0.08172890 0.99507756 0.05604497
vn -0.08172890 0.99507756 0.05604497
vn -0.08172890 0.99507756 0.05604497
vn -0.09539558 0.99457191 0.04154996
vn -0.09539558 0.99457191 0.04154996
vn -0.09539558 0.99457191 0.04154996
vn -0.41804627 0.89037489 0.18019397
vn -0.41804627 0.89037489 0.18019397
vn -0.41804627 0.89037489 0.18019397
vn -0.47147905 0.86901833 0.15004879
vn -0.47147905 0.86901833 0.15004879
vn -0.47147905 0.86901833 0.15004879
vn -0.67134664 0.72221936 0.16641179
vn -0.67134664 0.72221936 0.16641179
vn -0.67134664 0.72221936 0.16641179
vn -0.69983628 0.70692789 0.10238234
vn -0.69983628 0.70692789 0.10238234
vn -0.69983628 0.70692789 0.10238234
vn 0.48714639 0.77387291 -0.40473339
vn 0.48714639 0.77387291 -0.40473339
vn 0.48714639 0.77387291 -0.40473339
vn 0.49865724 0.78545948 -0.36659836
vn 0.49865724 0.78545948 -0.36659836
vn 0.49865724 0.78545948 -0.36659836
vn 0.23485279 0.96615782 -0.10669226
vn 0.23493703 0.96595809 -0.10830305
vn 0.23489309 0.96606277 -0.10746140
vn 0.23480959 0.96625868 -0.10587075
vn -0.50390326 0.85941713 0.08650838
vn -0.50390326 0.85941713 0.08650838
vn -0.50390326 0.85941713 0.08650838
vn -0.53214571 0.84565161 0.04116194
vn -0.53214571 0.84565161 0.04116194
vn -0.53214571 0.84565161 0.04116194
vn 0.54736705 0.77261335 -0.32164876
vn 0.54736705 0.77261335 -0.32164876
vn 0.54736705 0.77261335 -0.32164876
vn 0.55106805 0.78427222 -0.28502823
vn 0.55106805 0.78427222 -0.28502823
vn 0.55106805 0.78427222 -0.28502823
vn 0.28339628 0.95519856 -0.08533617
vn 0.28339628 0.95519856 -0.08533617
vn 0.28339628 0.95519856 -0.08533617
vn 0.28325193 0.95700014 -0.06260249
vn 0.28325193 0.95700014 -0.06260249
vn 0.28325193 0.95700014 -0.06260249
vn -0.67635193 0.72991287 -0.09886996
vn -0.67635193 0.72991287 -0.09886996
vn -0.67635193 0.72991287 -0.09886996
vn -0.69244119 0.70078941 -0.17152086
vn -0.69244119 0.70078941 -0.17152086
vn -0.69244119 0.70078941 -0.17152086
vn 0.46323899 0.86747927 -0.18135422
vn 0.46323899 0.86747927 -0.18135422
vn 0.46323899 0.86747927 -0.18135422
vn 0.45763106 0.87558513 -0.15467542
vn 0.45763106 0.87558513 -0.15467542
vn 0.45763106 0.87558513 -0.15467542
vn 0.23595912 0.97015553 -0.05587079
vn 0.23595912 0.97015553 -0.05587079
vn 0.23595912 0.97015553 -0.05587079
vn 0.22989971 0.97234792 -0.04105657
vn 0.22989971 0.97234792 -0.04105657
vn 0.22989971 0.97234792 -0.04105657
vn -0.50995879 0.85964318 -0.03091337
vn -0.50995879 0.85964318 -0.03091337
vn -0.50995879 0.85964318 -0.03091337
vn -0.52897468 0.84406518 -0.08797589
vn -0.52897468 0.84406518 -0.08797589
vn -0.52897468 0.84406518 -0.08797589
vn -0.77157631 0.58975596 -0.23844895
vn -0.77157631 0.58975596 -0.23844895
vn -0.77157631 0.58975596 -0.23844895
vn -0.75139631 0.58366413 -0.30779826
vn -0.75139631 0.58366413 -0.30779826
vn -0.75139631 0.58366413 -0.30779826
vn 0.29659591 0.95473844 -0.02248081
vn 0.29659591 0.95473844 -0.02248081
vn 0.29659591 0.95473844 -0.02248081
vn 0.29304464 0.95606825 -0.00763807
vn 0.29304464 0.95606825 -0.00763807
vn 0.29304464 0.95606825 -0.00763807
vn -0.50762434 0.85422397 -0.11233406
vn -0.50762434 0.85422397 -0.11233406
vn -0.50762434 0.85422397 -0.11233406
vn -0.50889063 0.84368660 -0.17094809
vn -0.50889063 0.84368660 -0.17094809
vn -0.50889063 0.84368660 -0.17094809
vn -0.65499052 0.68213430 -0.32508493
vn -0.65499052 0.68213430 -0.32508493
vn -0.65499052 0.68213430 -0.32508493
vn -0.63610921 0.66942637 -0.38371005
vn -0.63610921 0.66942637 -0.38371005
vn -0.63610921 0.66942637 -0.38371005
vn 0.54856317 0.83608715 0.00605981
vn 0.54856317 0.83608715 0.00605981
vn 0.54856317 0.83608715 0.00605981
vn 0.53074821 0.84679681 0.03523500
vn 0.53074821 0.84679681 0.03523500
vn 0.53074821 0.84679681 0.03523500
vn 0.23588054 0.97105383 0.03761422
vn 0.23588054 0.97105383 0.03761422
vn 0.23588054 0.97105383 0.03761422
vn 0.23142437 0.97158691 0.04961494
vn 0.23142437 0.97158691 0.04961494
vn 0.23142437 0.97158691 0.04961494
vn -0.15104131 0.98761278 -0.04251503
vn -0.15104131 0.98761278 -0.04251503
vn -0.15104131 0.98761278 -0.04251503
vn -0.14942460 0.98689472 -0.06091888
vn -0.14942460 0.98689472 -0.06091888
vn -0.14942460 0.98689472 -0.06091888
vn 0.29515668 0.95287646 0.07006417
vn 0.29515668 0.95287646 0.07006417
vn 0.29515668 0.95287646 0.07006417
vn 0.27840311 0.95701356 0.08134340
vn 0.27840311 0.95701356 0.08134340
vn 0.27840311 0.95701356 0.08134340
vn -0.12036902 0.99161665 -0.04698627
vn -0.12036902 0.99161665 -0.04698627
vn -0.12036902 0.99161665 -0.04698627
vn -0.11730684 0.99123124 -0.06082542
vn -0.11730684 0.99123124 -0.06082542
vn -0.11730684 0.99123124 -0.06082542
vn -0.56409934 0.68196111 -0.46553301
vn -0.56409934 0.68196111 -0.46553301
vn -0.56409934 0.68196111 -0.46553301
vn -0.53153698 0.66372902 -0.52624350
vn -0.53153698 0.66372902 -0.52624350
vn -0.53153698 0.66372902 -0.52624350
vn -0.08961466 0.99496836 -0.04480150
vn -0.08961466 0.99496836 -0.04480150
vn -0.08961466 0.99496836 -0.04480150
vn -0.08747548 0.99477064 -0.05272009
vn -0.08756076 0.99476003 -0.05277869
vn -0.08583662 0.99497243 -0.05159397
vn -0.39751998 0.87609443 -0.27283036
vn -0.39751998 0.87609443 -0.27283036
vn -0.39751998 0.87609443 -0.27283036
vn -0.39045844 0.85661126 -0.33728229
vn -0.39045844 0.85661126 -0.33728229
vn -0.39045844 0.85661126 -0.33728229
vn 0.51936260 0.83661351 0.17418474
vn 0.51936260 0.83661351 0.17418474
vn 0.51936260 0.83661351 0.17418474
vn 0.49276888 0.84755659 0.19704483
vn 0.49276888 0.84755659 0.19704483
vn 0.49276888 0.84755659 0.19704483
vn -0.43652299 0.57492781 -0.69203012
vn -0.43652299 0.57492781 -0.69203012
vn -0.43652299 0.57492781 -0.69203012
vn -0.38194072 0.56696423 -0.72984440
vn -0.38194072 0.56696423 -0.72984440
vn -0.38194072 0.56696423 -0.72984440
vn -0.07992900 0.99505328 -0.05899428
vn -0.07992900 0.99505328 -0.05899428
vn -0.07992900 0.99505328 -0.05899428
vn -0.07045267 0.99453269 -0.07707886
vn -0.07045267 0.99453269 -0.07707886
vn -0.07045267 0.99453269 -0.07707886
vn -0.34058371 0.85862672 -0.38309644
vn -0.34058371 0.85862672 -0.38309644
vn -0.34058371 0.85862672 -0.38309644
vn -0.31539540 0.84367585 -0.43443849
vn -0.31539540 0.84367585 -0.43443849
vn -0.31539540 0.84367585 -0.43443849
vn 0.56786539 0.77198249 0.28560800
vn 0.56786539 0.77198249 0.28560800
vn 0.56786539 0.77198249 0.28560800
vn 0.53260019 0.78350465 0.32008982
vn 0.53260019 0.78350465 0.32008982
vn 0.53260019 0.78350465 0.32008982
vn 0.31677900 0.91899185 0.23474462
vn 0.31677900 0.91899185 0.23474462
vn 0.31677900 0.91899185 0.23474462
vn 0.29829751 0.92395166 0.23944086
vn 0.29829751 0.92395166 0.23944086
vn 0.29829751 0.92395166 0.23944086
vn -0.14303909 0.97293214 -0.18150169
vn -0.14303909 0.97293214 -0.18150169
vn -0.14303909 0.97293214 -0.18150169
vn -0.12972258 0.96998298 -0.20568196
vn -0.12972258 0.96998298 -0.20568196
vn -0.12972258 0.96998298 -0.20568196
vn -0.27168950 0.57205609 -0.77390997
vn -0.27168950 0.57205609 -0.77390997
vn -0.27168950 0.57205609 -0.77390997
vn -0.20359219 0.56431429 -0.80006225
vn -0.20359219 0.56431429 -0.80006225
vn -0.20359219 0.56431429 -0.80006225
vn 0.54644491 0.76974243 0.32999175
vn 0.54644491 0.76974243 0.32999175
vn 0.54644491 0.76974243 0.32999175
vn 0.50723483 0.78479087 0.35611251
vn 0.50723483 0.78479087 0.35611251
vn 0.50723483 0.78479087 0.35611251
vn 0.18354107 0.96397006 0.19254713
vn 0.18354107 0.96397006 0.19254713
vn 0.18354107 0.96397006 0.19254713
vn 0.17293757 0.96568138 0.19378356
vn 0.17293757 0.96568138 0.19378356
vn 0.17293757 0.96568138 0.19378356
vn -0.19492708 0.92491583 -0.32639570
vn -0.19492708 0.92491583 -0.32639570
vn -0.19492708 0.92491583 -0.32639570
vn -0.10000829 0.97593089 -0.19379690
vn -0.10000829 0.97593089 -0.19379690
vn -0.10000829 0.97593089 -0.19379690
vn 0.04800539 0.97197219 0.23014244
vn 0.04800539 0.97197219 0.23014244
vn 0.04800539 0.97197219 0.23014244
vn 0.04059492 0.97296710 0.22734792
vn 0.04058760 0.97298918 0.22725472
vn 0.04075185 0.97249101 0.22934802
vn -0.02183436 0.98763294 -0.15525603
vn -0.02183436 0.98763294 -0.15525603
vn -0.02183436 0.98763294 -0.15525603
vn -0.00164639 0.98680651 -0.16189566
vn -0.00164639 0.98680651 -0.16189566
vn -0.00164639 0.98680651 -0.16189566
vn 0.18990706 0.79131083 0.58117337
vn 0.18990706 0.79131083 0.58117337
vn 0.18990706 0.79131083 0.58117337
vn 0.15638210 0.80213651 0.57629997
vn 0.15638210 0.80213651 0.57629997
vn 0.15638210 0.80213651 0.57629997
vn 0.09121435 0.88894622 -0.44883690
vn 0.09121435 0.88894622 -0.44883690
vn 0.09121435 0.88894622 -0.44883690
vn 0.15189441 0.86654247 -0.47542848
vn 0.15189441 0.86654247 -0.47542848
vn 0.15189441 0.86654247 -0.47542848
vn 0.24256572 0.72855862 -0.64059676
vn 0.24256572 0.72855862 -0.64059676
vn 0.24256572 0.72855862 -0.64059676
vn 0.31126170 0.70779483 -0.63414717
vn 0.31126170 0.70779483 -0.63414717
vn 0.31126170 0.70779483 -0.63414717
vn 0.40648096 0.56525965 -0.71781248
vn 0.40648096 0.56525965 -0.71781248
vn 0.40648096 0.56525965 -0.71781248
vn 0.47304827 0.56361546 -0.67717276
vn 0.47304827 0.56361546 -0.67717276
vn 0.47304827 0.56361546 -0.67717276
vn -0.04084488 0.95472958 0.29465763
vn -0.04084488 0.95472958 0.29465763
vn -0.04084488 0.95472958 0.29465763
vn -0.05458544 0.95606327 0.28803377
vn -0.05458544 0.95606327 0.28803377
vn -0.05458544 0.95606327 0.28803377
vn 0.02201070 0.99511461 -0.09624163
vn 0.02201070 0.99511461 -0.09624163
vn 0.02201070 0.99511461 -0.09624163
vn 0.04260384 0.99459127 -0.09472649
vn 0.04260384 0.99459127 -0.09472649
vn 0.04260384 0.99459127 -0.09472649
vn 0.18602616 0.89053693 -0.41513642
vn 0.18602616 0.89053693 -0.41513642
vn 0.18602616 0.89053693 -0.41513642
vn 0.25807779 0.86554379 -0.42922000
vn 0.25807779 0.86554379 -0.42922000
vn 0.25807779 0.86554379 -0.42922000
vn 0.49657212 0.59960282 -0.62760863
vn 0.49657212 0.59960282 -0.62760863
vn 0.49657212 0.59960282 -0.62760863
vn 0.56579024 0.57786499 -0.58817808
vn 0.56579024 0.57786499 -0.58817808
vn 0.56579024 0.57786499 -0.58817808
vn -0.11192906 0.86689768 0.48575746
vn -0.11192906 0.86689768 0.48575746
vn -0.11192906 0.86689768 0.48575746
vn -0.13160130 0.87542778 0.46508849
vn -0.13160130 0.87542778 0.46508849
vn -0.13160130 0.87542778 0.46508849
vn -0.08996253 0.97332867 0.21104040
vn -0.09141367 0.97353744 0.20944783
vn -0.09059166 0.97341973 0.21035013
vn -0.08915507 0.97321055 0.21192593
vn 0.63039440 0.60260293 -0.48935938
vn 0.63039440 0.60260293 -0.48935938
vn 0.63039440 0.60260293 -0.48935938
vn 0.68229186 0.58464363 -0.43894151
vn 0.68229186 0.58464363 -0.43894151
vn 0.68229186 0.58464363 -0.43894151
vn -0.22121994 0.86742844 0.44567885
vn -0.22121994 0.86742844 0.44567885
vn -0.22121994 0.86742844 0.44567885
vn -0.23559912 0.87595812 0.42093993
vn -0.23559912 0.87595812 0.42093993
vn -0.23559912 0.87595812 0.42093993
vn -0.22302200 0.91916695 0.32464336
vn -0.22302200 0.91916695 0.32464336
vn -0.22302200 0.91916695 0.32464336
vn -0.17579280 0.95693738 0.23101459
vn -0.17579280 0.95693738 0.23101459
vn -0.17579280 0.95693738 0.23101459
vn -0.42217822 0.78241677 0.45780951
vn -0.42217822 0.78241677 0.45780951
vn -0.42217822 0.78241677 0.45780951
vn -0.40348460 0.77421303 0.48764163
vn -0.40348460 0.77421303 0.48764163
vn -0.40348460 0.77421303 0.48764163
vn 0.54779723 0.83645956 -0.01592465
vn 0.54779723 0.83645956 -0.01592465
vn 0.54779723 0.83645956 -0.01592465
vn 0.50900383 0.85860234 -0.06096819
vn 0.50900383 0.85860234 -0.06096819
vn 0.50900383 0.85860234 -0.06096819
vn 0.10275693 0.99459675 -0.01477593
vn 0.10275693 0.99459675 -0.01477593
vn 0.10275693 0.99459675 -0.01477593
vn 0.09557797 0.99501538 -0.02844711
vn 0.09557797 0.99501538 -0.02844711
vn 0.09557797 0.99501538 -0.02844711
vn -0.26595893 0.95829966 0.10453517
vn -0.26595893 0.95829966 0.10453517
vn -0.26595893 0.95829966 0.10453517
vn -0.35832940 0.91933353 0.16256045
vn -0.35832940 0.91933353 0.16256045
vn -0.35832940 0.91933353 0.16256045
vn 0.75143522 0.56246367 0.34493440
vn 0.75143522 0.56246367 0.34493440
vn 0.75143522 0.56246367 0.34493440
vn 0.77284943 0.57025468 0.27841222
vn 0.77284943 0.57025468 0.27841222
vn 0.77284943 0.57025468 0.27841222
vn 0.69505320 0.67157556 0.25668525
vn 0.69505320 0.67157556 0.25668525
vn 0.69505320 0.67157556 0.25668525
vn 0.71215487 0.67359629 0.19774598
vn 0.53779854 0.83555720 0.11232496
vn 0.53779854 0.83555720 0.11232496
vn 0.53779854 0.83555720 0.11232496
vn 0.50816998 0.85930671 0.05792454
vn 0.50816998 0.85930671 0.05792454
vn 0.50816998 0.85930671 0.05792454
vn -0.27806823 0.95998371 0.03330674
vn -0.27806823 0.95998371 0.03330674
vn -0.27806823 0.95998371 0.03330674
vn -0.28440226 0.95748931 0.04826566
vn -0.28440226 0.95748931 0.04826566
vn -0.28440226 0.95748931 0.04826566
vn -0.51461757 0.84465367 0.14740740
vn -0.51461757 0.84465367 0.14740740
vn -0.51461757 0.84465367 0.14740740
vn -0.51444783 0.83836056 0.18026370
vn -0.51444783 0.83836056 0.18026370
vn -0.51444783 0.83836056 0.18026370
vn -0.61461779 0.77070463 0.16810516
vn -0.61461779 0.77070463 0.16810516
vn -0.61461779 0.77070463 0.16810516
vn -0.60759967 0.78404512 0.12686956
vn -0.60759967 0.78404512 0.12686956
vn -0.60759967 0.78404512 0.12686956
vn -0.23338480 0.97233489 0.00981845
vn -0.23338480 0.97233489 0.00981845
vn -0.23338480 0.97233489 0.00981845
vn -0.22721658 0.97383654 -0.00387568
vn -0.22721658 0.97383654 -0.00387568
vn -0.22721658 0.97383654 -0.00387568
vn 0.68576419 0.65905034 0.30883675
vn 0.68576419 0.65905034 0.30883675
vn 0.68576419 0.65905034 0.30883675
vn 0.67007622 0.64295827 0.37094814
vn 0.67007622 0.64295827 0.37094814
vn 0.67007622 0.64295827 0.37094814
vn 0.70640083 0.59268069 0.38694634
vn 0.70640083 0.59268069 0.38694634
vn 0.70640083 0.59268069 0.38694634
vn 0.67642190 0.58690221 0.44497102
vn 0.67642190 0.58690221 0.44497102
vn 0.67642190 0.58690221 0.44497102
vn 0.63568039 0.58539021 0.50321839
vn 0.63568039 0.58539021 0.50321839
vn 0.63568039 0.58539021 0.50321839
vn 0.67102726 0.59631271 0.44060590
vn 0.67102726 0.59631271 0.44060590
vn 0.67102726 0.59631271 0.44060590
vn 0.09829057 0.99478343 0.02729265
vn 0.09803935 0.99508863 0.01367106
vn 0.09803935 0.99508863 0.01367106
vn 0.09803935 0.99508863 0.01367106
vn -0.28265659 0.95867992 -0.03221906
vn -0.28265659 0.95867992 -0.03221906
vn -0.28265659 0.95867992 -0.03221906
vn -0.30219466 0.95316162 -0.01270114
vn -0.30219466 0.95316162 -0.01270114
vn -0.30219466 0.95316162 -0.01270114
vn 0.47520140 0.83945124 0.26363847
vn 0.47520140 0.83945124 0.26363847
vn 0.47520140 0.83945124 0.26363847
vn 0.59764858 0.59902109 0.53290703
vn 0.59764858 0.59902109 0.53290703
vn 0.59764858 0.59902109 0.53290703
vn 0.55182319 0.58344621 0.59588731
vn 0.55182319 0.58344621 0.59588731
vn 0.55182319 0.58344621 0.59588731
vn -0.61997377 0.77380535 -0.12983760
vn -0.61997377 0.77380535 -0.12983760
vn -0.61997377 0.77380535 -0.12983760
vn -0.59910976 0.78335834 -0.16558140
vn -0.59910976 0.78335834 -0.16558140
vn -0.59910976 0.78335834 -0.16558140
vn -0.38983216 0.90362559 -0.17745894
vn -0.38983216 0.90362559 -0.17745894
vn -0.38983216 0.90362559 -0.17745894
vn -0.26220446 0.95536859 -0.13608704
vn -0.26220446 0.95536859 -0.13608704
vn -0.26220446 0.95536859 -0.13608704
vn 0.13213391 0.98744943 0.08651153
vn 0.13213391 0.98744943 0.08651153
vn 0.13213391 0.98744943 0.08651153
vn 0.12547711 0.98662994 0.10400414
vn 0.12547711 0.98662994 0.10400414
vn 0.12547711 0.98662994 0.10400414
vn 0.46972947 0.57176326 0.67263735
vn 0.46972947 0.57176326 0.67263735
vn 0.46972947 0.57176326 0.67263735
vn 0.41513777 0.55673469 0.71951867
vn 0.41513777 0.55673469 0.71951867
vn 0.41513777 0.55673469 0.71951867
vn 0.34978468 0.56414892 0.74792157
vn 0.34978468 0.56414892 0.74792157
vn 0.34978468 0.56414892 0.74792157
vn 0.41258846 0.56572527 0.71395076
vn 0.41258846 0.56572527 0.71395076
vn 0.41258846 0.56572527 0.71395076
vn 0.32254866 0.85762579 0.40055008
vn 0.34678208 0.86935476 0.35208592
vn 0.34678208 0.86935476 0.35208592
vn 0.34678208 0.86935476 0.35208592
vn -0.58572453 0.78407701 -0.20530469
vn -0.58572453 0.78407701 -0.20530469
vn -0.58572453 0.78407701 -0.20530469
vn -0.61497052 0.76970572 -0.17136037
vn -0.61497052 0.76970572 -0.17136037
vn -0.61497052 0.76970572 -0.17136037
vn -0.44259482 0.84859856 -0.28981081
vn -0.44259482 0.84859856 -0.28981081
vn -0.44259482 0.84859856 -0.28981081
vn -0.47712881 0.83626768 -0.27019337
vn -0.47712881 0.83626768 -0.27019337
vn -0.47712881 0.83626768 -0.27019337
vn 0.14892076 0.85383107 0.49879366
vn 0.14892076 0.85383107 0.49879366
vn 0.14892076 0.85383107 0.49879366
vn 0.17783126 0.87509527 0.45009366
vn 0.17783126 0.87509527 0.45009366
vn 0.17783126 0.87509527 0.45009366
vn -0.15587719 0.96039769 -0.23095145
vn -0.15587719 0.96039769 -0.23095145
vn -0.15587719 0.96039769 -0.23095145
vn -0.18164422 0.95637001 -0.22882698
vn -0.18164422 0.95637001 -0.22882698
vn -0.18164422 0.95637001 -0.22882698
vn -0.24380634 0.92357391 -0.29592178
vn -0.24380634 0.92357391 -0.29592178
vn -0.24380634 0.92357391 -0.29592178
vn -0.27308857 0.91511310 -0.29663217
vn -0.27308857 0.91511310 -0.29663217
vn -0.27308857 0.91511310 -0.29663217
vn -0.36916035 0.84492884 -0.38706057
vn -0.36916035 0.84492884 -0.38706057
vn -0.36916035 0.84492884 -0.38706057
vn -0.40537631 0.83695664 -0.36765967
vn -0.40537631 0.83695664 -0.36765967
vn -0.40537631 0.83695664 -0.36765967
vn 0.02492753 0.84509842 0.53402929
vn 0.02492753 0.84509842 0.53402929
vn 0.02492753 0.84509842 0.53402929
vn 0.07295538 0.86294521 0.50000308
vn 0.07295538 0.86294521 0.50000308
vn 0.07295538 0.86294521 0.50000308
vn -0.10563769 0.95937909 -0.26159595
vn -0.10563769 0.95937909 -0.26159595
vn -0.10563769 0.95937909 -0.26159595
vn -0.12662654 0.95599365 -0.26465424
vn -0.12662654 0.95599365 -0.26465424
vn -0.12662654 0.95599365 -0.26465424
vn -0.28291016 0.70899856 0.64597437
vn -0.28291016 0.70899856 0.64597437
vn -0.28291016 0.70899856 0.64597437
vn -0.21475723 0.72898721 0.64996690
vn -0.21475723 0.72898721 0.64996690
vn -0.21475723 0.72898721 0.64996690
vn -0.02498862 0.95862953 -0.28355774
vn -0.02498862 0.95862953 -0.28355774
vn -0.02498862 0.95862953 -0.28355774
vn -0.03978058 0.95596137 -0.29078406
vn -0.03978058 0.95596137 -0.29078406
vn -0.03978058 0.95596137 -0.29078406
vn -0.10757989 0.87756941 -0.46722425
vn -0.10757989 0.87756941 -0.46722425
vn -0.10757989 0.87756941 -0.46722425
vn -0.14090765 0.86418149 -0.48304801
vn -0.14090765 0.86418149 -0.48304801
vn -0.14090765 0.86418149 -0.48304801
vn -0.42826797 0.70675087 0.56310722
vn -0.42826797 0.70675087 0.56310722
vn -0.42826797 0.70675087 0.56310722
vn -0.36234766 0.72229171 0.58906609
vn -0.36234766 0.72229171 0.58906609
vn -0.36234766 0.72229171 0.58906609
vn -0.33028024 0.87180784 0.36175415
vn -0.33028024 0.87180784 0.36175415
vn -0.33028024 0.87180784 0.36175415
vn -0.25869081 0.89396242 0.36593750
vn -0.25869081 0.89396242 0.36593750
vn -0.25869081 0.89396242 0.36593750
vn 0.08698744 0.97402122 -0.20908336
vn 0.08698744 0.97402122 -0.20908336
vn 0.08698744 0.97402122 -0.20908336
vn 0.08390158 0.97361138 -0.21222961
vn 0.08390158 0.97361138 -0.21222961
vn 0.08390158 0.97361138 -0.21222961
vn 0.15409810 0.78678373 -0.59768315
vn 0.15409810 0.78678373 -0.59768315
vn 0.15409810 0.78678373 -0.59768315
vn 0.18488693 0.80399300 -0.56516552
vn 0.18488693 0.80399300 -0.56516552
vn 0.18488693 0.80399300 -0.56516552
vn 0.13638477 0.95584912 -0.26029149
vn 0.13638477 0.95584912 -0.26029149
vn 0.13638477 0.95584912 -0.26029149
vn 0.15142306 0.96078999 -0.23227924
vn 0.15142306 0.96078999 -0.23227924
vn 0.15142306 0.96078999 -0.23227924
vn -0.32279792 0.88477930 0.33610578
vn -0.32279792 0.88477930 0.33610578
vn -0.32279792 0.88477930 0.33610578
vn -0.38189640 0.87105636 0.30889474
vn -0.38189640 0.87105636 0.30889474
vn -0.38189640 0.87105636 0.30889474
vn -0.55427635 0.72901609 0.40163823
vn -0.55427635 0.72901609 0.40163823
vn -0.55427635 0.72901609 0.40163823
vn -0.60787863 0.70442763 0.36642227
vn -0.60787863 0.70442763 0.36642227
vn -0.60787863 0.70442763 0.36642227
vn -0.66262625 0.67277690 0.32908615
vn -0.66262625 0.67277690 0.32908615
vn -0.66262625 0.67277690 0.32908615
vn -0.63292162 0.67554821 0.37821270
vn -0.63292162 0.67554821 0.37821270
vn -0.63292162 0.67554821 0.37821270
vn 0.13092287 0.97056529 -0.20214407
vn 0.13288886 0.97129225 -0.19731174
vn 0.13199220 0.97096386 -0.19951751
vn 0.13001088 0.97021939 -0.20438079
vn 0.14145512 0.97820966 -0.15197468
vn 0.14424789 0.97833383 -0.14851081
vn 0.14192774 0.97823203 -0.15138895
vn 0.13914208 0.97809227 -0.15483863
vn -0.07138060 0.99510083 0.06840425
vn -0.07138060 0.99510083 0.06840425
vn -0.07138060 0.99510083 0.06840425
vn -0.08766914 0.99458930 0.05573364
vn -0.08766914 0.99458930 0.05573364
vn -0.08766914 0.99458930 0.05573364
vn -0.53474277 0.79870226 0.27590737
vn -0.53474277 0.79870226 0.27590737
vn -0.53474277 0.79870226 0.27590737
vn -0.57937871 0.78132930 0.23204490
vn -0.57937871 0.78132930 0.23204490
vn -0.57937871 0.78132930 0.23204490
vn 0.30792656 0.87917525 -0.36363734
vn 0.30792656 0.87917525 -0.36363734
vn 0.30792656 0.87917525 -0.36363734
vn 0.30099959 0.86942790 -0.39178357
vn 0.30099959 0.86942790 -0.39178357
vn 0.30099959 0.86942790 -0.39178357
vn 0.36180766 0.86587010 -0.34549122
vn 0.36180766 0.86587010 -0.34549122
vn 0.36180766 0.86587010 -0.34549122
vn 0.36313749 0.87717856 -0.31414797
vn 0.36313749 0.87717856 -0.31414797
vn 0.36313749 0.87717856 -0.31414797
vn 0.19817297 0.97136556 -0.13105888
vn 0.19885743 0.97143118 -0.12952675
vn 0.19830826 0.97137874 -0.13075618
vn 0.19762616 0.97131120 -0.13228174
vn -0.49204254 0.85673590 0.15458890
vn -0.49204254 0.85673590 0.15458890
vn -0.49204254 0.85673590 0.15458890
vn -0.53137165 0.83852616 0.12049090
vn -0.53137165 0.83852616 0.12049090
vn -0.53137165 0.83852616 0.12049090
vn -0.80757832 0.58554252 -0.07040755
vn -0.80757832 0.58554252 -0.07040755
vn -0.80757832 0.58554252 -0.07040755
vn -0.80597754 0.59189849 0.00750897
vn -0.80597754 0.59189849 0.00750897
vn -0.80597754 0.59189849 0.00750897
vn -0.54855675 0.83607654 -0.00784255
vn -0.54855675 0.83607654 -0.00784255
vn -0.54855675 0.83607654 -0.00784255
vn -0.51189085 0.85805907 0.04126009
vn -0.51189085 0.85805907 0.04126009
vn -0.51189085 0.85805907 0.04126009
vn -0.72271466 0.58602649 -0.36641025
vn -0.72271466 0.58602649 -0.36641025
vn -0.72271466 0.58602649 -0.36641025
vn -0.73898102 0.60261116 -0.30127536
vn -0.73898102 0.60261116 -0.30127536
vn -0.73898102 0.60261116 -0.30127536
vn -0.16210525 0.98661369 -0.01775715
vn -0.16210525 0.98661369 -0.01775715
vn -0.16210525 0.98661369 -0.01775715
vn -0.15685581 0.98760545 0.00563368
vn -0.15685581 0.98760545 0.00563368
vn -0.15685581 0.98760545 0.00563368
vn 0.27920520 0.95996770 -0.02250496
vn 0.27920520 0.95996770 -0.02250496
vn 0.27920520 0.95996770 -0.02250496
vn 0.28993311 0.95596919 -0.04540598
vn 0.28993311 0.95596919 -0.04540598
vn 0.28993311 0.95596919 -0.04540598
vn -0.59943653 0.67113471 -0.43618121
vn -0.59943653 0.67113471 -0.43618121
vn -0.59943653 0.67113471 -0.43618121
vn -0.63331299 0.67323907 -0.38165929
vn -0.63331299 0.67323907 -0.38165929
vn -0.63331299 0.67323907 -0.38165929
vn 0.27320196 0.96080597 0.04703810
vn 0.27320196 0.96080597 0.04703810
vn 0.27320196 0.96080597 0.04703810
vn 0.28783464 0.95725114 0.02866158
vn 0.28783464 0.95725114 0.02866158
vn 0.28783464 0.95725114 0.02866158
vn -0.44259701 0.55552004 -0.70392143
vn -0.44259701 0.55552004 -0.70392143
vn -0.44259701 0.55552004 -0.70392143
vn -0.49457962 0.57379837 -0.65279891
vn -0.49457962 0.57379837 -0.65279891
vn -0.49457962 0.57379837 -0.65279891
vn -0.40771800 0.78080249 -0.47340628
vn -0.40771800 0.78080249 -0.47340628
vn -0.40771800 0.78080249 -0.47340628
vn -0.43994896 0.79270488 -0.42197617
vn -0.43994896 0.79270488 -0.42197617
vn -0.43994896 0.79270488 -0.42197617
vn -0.08101232 0.99456828 -0.06535248
vn -0.08101232 0.99456828 -0.06535248
vn -0.08101232 0.99456828 -0.06535248
vn -0.08575774 0.99498204 -0.05153977
vn -0.29520447 0.65049306 -0.69979504
vn -0.29520447 0.65049306 -0.69979504
vn -0.29520447 0.65049306 -0.69979504
vn -0.35717231 0.64840318 -0.67231038
vn -0.35717231 0.64840318 -0.67231038
vn -0.35717231 0.64840318 -0.67231038
vn 0.55094344 0.78778632 0.27541614
vn 0.55094344 0.78778632 0.27541614
vn 0.55094344 0.78778632 0.27541614
vn 0.58479946 0.77416156 0.24224671
vn 0.58479946 0.77416156 0.24224671
vn 0.58479946 0.77416156 0.24224671
vn 0.19307601 0.95593599 0.22115163
vn 0.19307601 0.95593599 0.22115163
vn 0.19307601 0.95593599 0.22115163
vn 0.17792395 0.95843468 0.22303817
vn 0.17792395 0.95843468 0.22303817
vn 0.17792395 0.95843468 0.22303817
vn -0.17877059 0.89719318 -0.40383842
vn -0.17877059 0.89719318 -0.40383842
vn -0.17877059 0.89719318 -0.40383842
vn -0.20573840 0.86385168 -0.45981734
vn -0.20573840 0.86385168 -0.45981734
vn -0.20573840 0.86385168 -0.45981734
vn -0.16715585 0.84483246 -0.50824899
vn -0.16715585 0.84483246 -0.50824899
vn -0.16715585 0.84483246 -0.50824899
vn -0.17945884 0.72334542 -0.66675777
vn -0.17945884 0.72334542 -0.66675777
vn -0.17945884 0.72334542 -0.66675777
vn -0.12211598 0.70967596 -0.69386434
vn -0.12211598 0.70967596 -0.69386434
vn -0.12211598 0.70967596 -0.69386434
vn 0.10276583 0.70817904 -0.69851387
vn 0.10276583 0.70817904 -0.69851387
vn 0.10276583 0.70817904 -0.69851387
vn 0.03542180 0.72824666 -0.68439908
vn 0.03542180 0.72824666 -0.68439908
vn 0.03542180 0.72824666 -0.68439908
vn 0.10130980 0.95843788 0.26670801
vn 0.10130980 0.95843788 0.26670801
vn 0.10130980 0.95843788 0.26670801
vn 0.11632823 0.95593637 0.26954294
vn 0.11632823 0.95593637 0.26954294
vn 0.11632823 0.95593637 0.26954294
vn 0.32570046 0.80157005 0.50140270
vn 0.32570046 0.80157005 0.50140270
vn 0.32570046 0.80157005 0.50140270
vn 0.35856875 0.79091476 0.49586520
vn 0.35856875 0.79091476 0.49586520
vn 0.35856875 0.79091476 0.49586520
vn 0.26723754 0.67124778 -0.69138305
vn 0.26723754 0.67124778 -0.69138305
vn 0.26723754 0.67124778 -0.69138305
vn 0.20620894 0.67293430 -0.71037828
vn 0.20620894 0.67293430 -0.71037828
vn 0.20620894 0.67293430 -0.71037828
vn 0.11643692 0.83865729 -0.53206803
vn 0.11643692 0.83865729 -0.53206803
vn 0.11643692 0.83865729 -0.53206803
vn 0.06125710 0.86140420 -0.50421262
vn 0.06125710 0.86140420 -0.50421262
vn 0.06125710 0.86140420 -0.50421262
vn 0.01163712 0.99461617 -0.10297205
vn 0.01163712 0.99461617 -0.10297205
vn 0.01163712 0.99461617 -0.10297205
vn -0.00370730 0.99504303 -0.09937619
vn -0.00370730 0.99504303 -0.09937619
vn -0.00370730 0.99504303 -0.09937619
vn 0.03215907 0.97338143 0.22692376
vn 0.03215907 0.97338143 0.22692376
vn 0.03215907 0.97338143 0.22692376
vn 0.04075993 0.97246639 0.22945098
vn -0.02584126 0.97387275 0.22561936
vn -0.02584126 0.97387275 0.22561936
vn -0.02584126 0.97387275 0.22561936
vn -0.02309380 0.97357517 0.22719607
vn -0.02309380 0.97357517 0.22719607
vn -0.02309380 0.97357517 0.22719607
vn 0.01439597 0.84437280 0.53556264
vn 0.01439597 0.84437280 0.53556264
vn 0.01439597 0.84437280 0.53556264
vn 0.04625842 0.83806232 0.54360989
vn 0.04625842 0.83806232 0.54360989
vn 0.04625842 0.83806232 0.54360989
vn 0.00947155 0.77004768 0.63791603
vn 0.00947155 0.77004768 0.63791603
vn 0.00947155 0.77004768 0.63791603
vn -0.02873899 0.78336864 0.62089262
vn -0.02873899 0.78336864 0.62089262
vn -0.02873899 0.78336864 0.62089262
vn 0.64257953 0.58311814 -0.49705611
vn 0.64257953 0.58311814 -0.49705611
vn 0.64257953 0.58311814 -0.49705611
vn 0.59268864 0.58901501 -0.54934642
vn 0.59268864 0.58901501 -0.54934642
vn 0.59268864 0.58901501 -0.54934642
vn 0.39062336 0.78610842 -0.47900620
vn 0.39062336 0.78610842 -0.47900620
vn 0.39062336 0.78610842 -0.47900620
vn 0.19925057 0.92881752 -0.31240553
vn 0.19925057 0.92881752 -0.31240553
vn 0.19925057 0.92881752 -0.31240553
vn 0.27555848 0.84633094 -0.45584149
vn 0.27555848 0.84633094 -0.45584149
vn 0.27555848 0.84633094 -0.45584149
vn 0.35015302 0.85419878 -0.38436611
vn 0.35015302 0.85419878 -0.38436611
vn 0.35015302 0.85419878 -0.38436611
vn 0.40274169 0.84347798 -0.35544905
vn 0.40274169 0.84347798 -0.35544905
vn 0.40274169 0.84347798 -0.35544905
vn 0.75547825 0.56270432 -0.33558377
vn 0.75547825 0.56270432 -0.33558377
vn 0.75547825 0.56270432 -0.33558377
vn 0.71963128 0.56399833 -0.40501446
vn 0.71963128 0.56399833 -0.40501446
vn 0.71963128 0.56399833 -0.40501446
vn 0.09588368 0.99108149 -0.09254080
vn 0.09588368 0.99108149 -0.09254080
vn 0.09588368 0.99108149 -0.09254080
vn 0.07603570 0.99171487 -0.10353831
vn 0.07603570 0.99171487 -0.10353831
vn 0.07603570 0.99171487 -0.10353831
vn -0.13930323 0.96394134 0.22674150
vn -0.13930323 0.96394134 0.22674150
vn -0.13930323 0.96394134 0.22674150
vn -0.21663588 0.78406584 0.58164392
vn -0.21663588 0.78406584 0.58164392
vn -0.21663588 0.78406584 0.58164392
vn -0.18549812 0.77065475 0.60965704
vn -0.18549812 0.77065475 0.60965704
vn -0.18549812 0.77065475 0.60965704
vn 0.11241944 0.98759469 -0.10962939
vn 0.11241944 0.98759469 -0.10962939
vn 0.11241944 0.98759469 -0.10962939
vn 0.12759996 0.98686980 -0.09902652
vn 0.12759996 0.98686980 -0.09902652
vn 0.12759996 0.98686980 -0.09902652
vn 0.41982171 0.86123445 -0.28639999
vn 0.41982171 0.86123445 -0.28639999
vn 0.41982171 0.86123445 -0.28639999
vn 0.48082406 0.83815421 -0.25749902
vn 0.48082406 0.83815421 -0.25749902
vn 0.48082406 0.83815421 -0.25749902
vn 0.75011190 0.59862579 -0.28103256
vn 0.75011190 0.59862579 -0.28103256
vn 0.75011190 0.59862579 -0.28103256
vn 0.78582645 0.57966103 -0.21556873
vn 0.78582645 0.57966103 -0.21556873
vn 0.78582645 0.57966103 -0.21556873
vn -0.20896260 0.95505370 0.21025477
vn -0.20896260 0.95505370 0.21025477
vn -0.20896260 0.95505370 0.21025477
vn -0.20963913 0.95701532 0.20043234
vn -0.20963913 0.95701532 0.20043234
vn -0.20963913 0.95701532 0.20043234
vn 0.12456255 0.98746398 -0.09694877
vn 0.12456255 0.98746398 -0.09694877
vn 0.12456255 0.98746398 -0.09694877
vn 0.13884233 0.98664546 -0.08516773
vn 0.13884233 0.98664546 -0.08516773
vn 0.13884233 0.98664546 -0.08516773
vn 0.98590704 -0.03034261 0.16451939
vn 0.98590704 -0.03034261 0.16451939
vn 0.98590704 -0.03034261 0.16451939
vn 0.96367366 0.18606923 0.19160196
vn 0.96367366 0.18606923 0.19160196
vn 0.96367366 0.18606923 0.19160196
vn 0.96015637 0.06622181 0.27150399
vn 0.96015637 0.06622181 0.27150399
vn 0.96015637 0.06622181 0.27150399
vn 0.96204277 0.04870686 0.26851695
vn 0.96204277 0.04870686 0.26851695
vn 0.96204277 0.04870686 0.26851695
vn 0.93918838 -0.02350300 0.34259714
vn 0.93918838 -0.02350300 0.34259714
vn 0.93918838 -0.02350300 0.34259714
vn 0.92192788 0.09913237 0.37446196
vn 0.92192788 0.09913237 0.37446196
vn 0.92192788 0.09913237 0.37446196
vn 0.91020303 -0.02758824 0.41324245
vn 0.91020303 -0.02758824 0.41324245
vn 0.91020303 -0.02758824 0.41324245
vn 0.87897647 0.03377802 0.47566733
vn 0.87897647 0.03377802 0.47566733
vn 0.87897647 0.03377802 0.47566733
vn 0.87150958 0.08968690 0.48210716
vn 0.87150958 0.08968690 0.48210716
vn 0.87150958 0.08968690 0.48210716
vn 0.83562002 -0.00895915 0.54923485
vn 0.83562002 -0.00895915 0.54923485
vn 0.83562002 -0.00895915 0.54923485
vn 0.81818441 0.09333781 0.56732912
vn 0.81818441 0.09333781 0.56732912
vn 0.81818441 0.09333781 0.56732912
vn 0.79233306 -0.02609101 0.60953062
vn 0.79233306 -0.02609101 0.60953062
vn 0.79233306 -0.02609101 0.60953062
vn 0.67448894 0.09027311 0.73274513
vn 0.67448894 0.09027311 0.73274513
vn 0.67448894 0.09027311 0.73274513
vn 0.68891585 0.01926960 0.72458515
vn 0.68891585 0.01926960 0.72458515
vn 0.68891585 0.01926960 0.72458515
vn 0.75410835 -0.00599125 0.65672270
vn 0.75410835 -0.00599125 0.65672270
vn 0.75410835 -0.00599125 0.65672270
vn 0.73006194 0.15157912 0.66635826
vn 0.73006194 0.15157912 0.66635826
vn 0.73006194 0.15157912 0.66635826
vn 0.62913366 -0.01278477 0.77719199
vn 0.62913366 -0.01278477 0.77719199
vn 0.62913366 -0.01278477 0.77719199
vn 0.58853680 0.11187406 0.80069260
vn 0.58853680 0.11187406 0.80069260
vn 0.58853680 0.11187406 0.80069260
vn 0.56037631 -0.01674151 0.82806891
vn 0.56037631 -0.01674151 0.82806891
vn 0.56037631 -0.01674151 0.82806891
vn 0.49926195 0.05416662 0.86475631
vn 0.49926195 0.05416662 0.86475631
vn 0.49926195 0.05416662 0.86475631
vn 0.49890175 0.05613617 0.86483858
vn 0.49890175 0.05613617 0.86483858
vn 0.49890175 0.05613617 0.86483858
vn 0.43660819 -0.01689937 0.89949302
vn 0.43660819 -0.01689937 0.89949302
vn 0.43660819 -0.01689937 0.89949302
vn 0.39921381 0.11154564 0.91004720
vn 0.39921381 0.11154564 0.91004720
vn 0.39921381 0.11154564 0.91004720
vn 0.35828242 -0.01242540 0.93353056
vn 0.35828242 -0.01242540 0.93353056
vn 0.35828242 -0.01242540 0.93353056
vn 0.29825751 0.04037424 0.95363116
vn 0.29825751 0.04037424 0.95363116
vn 0.29825751 0.04037424 0.95363116
vn 0.28404828 0.11530284 0.95185179
vn 0.28404828 0.11530284 0.95185179
vn 0.28404828 0.11530284 0.95185179
vn 0.21031540 0.01611070 0.97750083
vn 0.21031540 0.01611070 0.97750083
vn 0.21031540 0.01611070 0.97750083
vn 0.19083553 0.09400824 0.97711015
vn 0.19083553 0.09400824 0.97711015
vn 0.19083553 0.09400824 0.97711015
vn -0.02745698 0.08410231 0.99607877
vn -0.02745698 0.08410231 0.99607877
vn -0.02745698 0.08410231 0.99607877
vn -0.01691459 0.03500207 0.99924409
vn -0.01691459 0.03500207 0.99924409
vn -0.01691459 0.03500207 0.99924409
vn 0.08257375 -0.01597913 0.99645684
vn 0.08257375 -0.01597913 0.99645684
vn 0.08257375 -0.01597913 0.99645684
vn 0.05412082 0.17221424 0.98357165
vn 0.05412082 0.17221424 0.98357165
vn 0.05412082 0.17221424 0.98357165
vn 0.13945315 -0.01756450 0.99007288
vn 0.13945315 -0.01756450 0.99007288
vn 0.13945315 -0.01756450 0.99007288
vn -0.09508085 -0.01057391 0.99541339
vn -0.09508085 -0.01057391 0.99541339
vn -0.09508085 -0.01057391 0.99541339
vn -0.13646986 0.11252327 0.98423295
vn -0.13646986 0.11252327 0.98423295
vn -0.13646986 0.11252327 0.98423295
vn -0.17865131 -0.01656518 0.98377299
vn -0.17865131 -0.01656518 0.98377299
vn -0.17865131 -0.01656518 0.98377299
vn -0.24523502 0.04443907 0.96844460
vn -0.24523502 0.04443907 0.96844460
vn -0.24523502 0.04443907 0.96844460
vn -0.24987729 0.07504921 0.96536467
vn -0.24987729 0.07504921 0.96536467
vn -0.24987729 0.07504921 0.96536467
vn -0.39564090 -0.02584442 0.91804158
vn -0.39564090 -0.02584442 0.91804158
vn -0.39564090 -0.02584442 0.91804158
vn -0.34892315 0.09930198 0.93187540
vn -0.34892315 0.09930198 0.93187540
vn -0.34892315 0.09930198 0.93187540
vn -0.32204110 -0.01511128 0.94660508
vn -0.32204110 -0.01511128 0.94660508
vn -0.32204110 -0.01511128 0.94660508
vn -0.46167237 0.12192933 0.87863068
vn -0.46167237 0.12192933 0.87863068
vn -0.46167237 0.12192933 0.87863068
vn -0.45133559 0.03058910 0.89182986
vn -0.45133559 0.03058910 0.89182986
vn -0.45133559 0.03058910 0.89182986
vn -0.53686418 0.03399130 0.84298365
vn -0.53686418 0.03399130 0.84298365
vn -0.53686418 0.03399130 0.84298365
vn -0.54493102 0.08584655 0.83407467
vn -0.54493102 0.08584655 0.83407467
vn -0.54493102 0.08584655 0.83407467
vn -0.71464383 0.07736241 0.69519728
vn -0.71464383 0.07736241 0.69519728
vn -0.71464383 0.07736241 0.69519728
vn -0.71093210 0.04096242 0.70206668
vn -0.71093210 0.04096242 0.70206668
vn -0.71093210 0.04096242 0.70206668
vn -0.63530874 -0.03484548 0.77147171
vn -0.63530874 -0.03484548 0.77147171
vn -0.63530874 -0.03484548 0.77147171
vn -0.64759096 0.18892173 0.73819681
vn -0.64759096 0.18892173 0.73819681
vn -0.64759096 0.18892173 0.73819681
vn -0.59256329 -0.02101265 0.80524979
vn -0.59256329 -0.02101265 0.80524979
vn -0.59256329 -0.02101265 0.80524979
vn -0.76746802 -0.01159713 0.64098233
vn -0.76746802 -0.01159713 0.64098233
vn -0.76746802 -0.01159713 0.64098233
vn -0.78501145 0.10211074 0.61100771
vn -0.78501145 0.10211074 0.61100771
vn -0.78501145 0.10211074 0.61100771
vn -0.81392361 -0.02535051 0.58041856
vn -0.81392361 -0.02535051 0.58041856
vn -0.81392361 -0.02535051 0.58041856
vn -0.85129994 0.03809313 0.52329469
vn -0.85129994 0.03809313 0.52329469
vn -0.85129994 0.03809313 0.52329469
vn -0.85303553 0.08875080 0.51425061
vn -0.85303553 0.08875080 0.51425061
vn -0.85303553 0.08875080 0.51425061
vn -0.89260603 -0.00308815 0.45082695
vn -0.89260603 -0.00308815 0.45082695
vn -0.89260603 -0.00308815 0.45082695
vn -0.89973405 0.10101585 0.42458737
vn -0.89973405 0.10101585 0.42458737
vn -0.89973405 0.10101585 0.42458737
vn -0.92548468 -0.01881273 0.37831757
vn -0.92548468 -0.01881273 0.37831757
vn -0.92548468 -0.01881273 0.37831757
vn -0.97265684 0.08016029 0.21797478
vn -0.97265684 0.08016029 0.21797478
vn -0.97265684 0.08016029 0.21797478
vn -0.97312328 0.04153543 0.22650802
vn -0.97312328 0.04153543 0.22650802
vn -0.97312328 0.04153543 0.22650802
vn -0.94577642 0.00934449 0.32468391
vn -0.94577642 0.00934449 0.32468391
vn -0.94577642 0.00934449 0.32468391
vn -0.94212081 0.14962616 0.30003400
vn -0.94212081 0.14962616 0.30003400
vn -0.94212081 0.14962616 0.30003400
vn -0.98698621 -0.02140407 0.15937407
vn -0.98698621 -0.02140407 0.15937407
vn -0.98698621 -0.02140407 0.15937407
vn -0.98769226 0.11186268 0.10931944
vn -0.98769226 0.11186268 0.10931944
vn -0.98769226 0.11186268 0.10931944
vn -0.99714021 -0.00249641 0.07553259
vn -0.99714021 -0.00249641 0.07553259
vn -0.99714021 -0.00249641 0.07553259
vn -0.99852682 0.05426034 -0.00000000
vn -0.99852682 0.05426034 -0.00000000
vn -0.99852682 0.05426034 -0.00000000
vn -0.99704786 0.07667719 -0.00402110
vn -0.99704786 0.07667719 -0.00402110
vn -0.99704786 0.07667719 -0.00402110
vn -0.99728830 -0.01679757 -0.07165113
vn -0.99728830 -0.01679757 -0.07165113
vn -0.99728830 -0.01679757 -0.07165113
vn -0.98771362 0.11166997 -0.10932347
vn -0.98771362 0.11166997 -0.10932347
vn -0.98771362 0.11166997 -0.10932347
vn -0.98695123 -0.02082309 -0.15966739
vn -0.98695123 -0.02082309 -0.15966739
vn -0.98695123 -0.02082309 -0.15966739
vn -0.97500324 0.04033484 -0.21849893
vn -0.97500324 0.04033484 -0.21849893
vn -0.97500324 0.04033484 -0.21849893
vn -0.96850209 0.10060287 -0.22777791
vn -0.96850209 0.10060287 -0.22777791
vn -0.96850209 0.10060287 -0.22777791
vn -0.95096482 0.01538052 -0.30891641
vn -0.95096482 0.01538052 -0.30891641
vn -0.95096482 0.01538052 -0.30891641
vn -0.94215390 0.08791504 -0.32344547
vn -0.94215390 0.08791504 -0.32344547
vn -0.94215390 0.08791504 -0.32344547
vn -0.84960638 0.07366252 -0.52224786
vn -0.84960638 0.07366252 -0.52224786
vn -0.84960638 0.07366252 -0.52224786
vn -0.85523444 0.03678381 -0.51693424
vn -0.85523444 0.03678381 -0.51693424
vn -0.85523444 0.03678381 -0.51693424
vn -0.90424643 -0.01584806 -0.42671680
vn -0.90424643 -0.01584806 -0.42671680
vn -0.90424643 -0.01584806 -0.42671680
vn -0.88226743 0.15646327 -0.44398584
vn -0.88226743 0.15646327 -0.44398584
vn -0.88226743 0.15646327 -0.44398584
vn -0.92545058 -0.03636056 -0.37711952
vn -0.92545058 -0.03636056 -0.37711952
vn -0.92545058 -0.03636056 -0.37711952
vn -0.81621897 -0.01965357 -0.57740828
vn -0.81621897 -0.01965357 -0.57740828
vn -0.81621897 -0.01965357 -0.57740828
vn -0.78411805 0.11260330 -0.61031089
vn -0.78411805 0.11260330 -0.61031089
vn -0.78411805 0.11260330 -0.61031089
vn -0.76261175 -0.01658947 -0.64664373
vn -0.76261175 -0.01658947 -0.64664373
vn -0.76261175 -0.01658947 -0.64664373
vn -0.71574663 0.05375103 -0.69628844
vn -0.71574663 0.05375103 -0.69628844
vn -0.71574663 0.05375103 -0.69628844
vn -0.71245473 0.07276536 -0.69793515
vn -0.71245473 0.07276536 -0.69793515
vn -0.71245473 0.07276536 -0.69793515
vn -0.59182700 -0.02440131 -0.80569559
vn -0.59182700 -0.02440131 -0.80569559
vn -0.59182700 -0.02440131 -0.80569559
vn -0.63187969 0.10976125 -0.76725519
vn -0.63187969 0.10976125 -0.76725519
vn -0.63187969 0.10976125 -0.76725519
vn -0.65989712 -0.00310405 -0.75134956
vn -0.65989712 -0.00310405 -0.75134956
vn -0.65989712 -0.00310405 -0.75134956
vn -0.52930550 0.11788982 -0.84020098
vn -0.52930550 0.11788982 -0.84020098
vn -0.52930550 0.11788982 -0.84020098
vn -0.54691928 0.01039153 -0.83712085
vn -0.54691928 0.01039153 -0.83712085
vn -0.54691928 0.01039153 -0.83712085
vn -0.46624017 0.01158668 -0.88458230
vn -0.46624017 0.01158668 -0.88458230
vn -0.46624017 0.01158668 -0.88458230
vn -0.44985969 0.08571224 -0.88897676
vn -0.44985969 0.08571224 -0.88897676
vn -0.44985969 0.08571224 -0.88897676
vn -0.24494139 0.06627437 -0.96727009
vn -0.24494139 0.06627437 -0.96727009
vn -0.24494139 0.06627437 -0.96727009
vn -0.24958046 0.04317680 -0.96739101
vn -0.24958046 0.04317680 -0.96739101
vn -0.24958046 0.04317680 -0.96739101
vn -0.35043519 -0.03483339 -0.93593900
vn -0.35043519 -0.03483339 -0.93593900
vn -0.35043519 -0.03483339 -0.93593900
vn -0.31548408 0.18895973 -0.92992689
vn -0.31548408 0.18895973 -0.92992689
vn -0.31548408 0.18895973 -0.92992689
vn -0.40111425 -0.02105217 -0.91578609
vn -0.40111425 -0.02105217 -0.91578609
vn -0.40111425 -0.02105217 -0.91578609
vn -0.17433384 -0.02167789 -0.98444796
vn -0.17433384 -0.02167789 -0.98444796
vn -0.17433384 -0.02167789 -0.98444796
vn -0.13663006 0.10215449 -0.98534090
vn -0.13663006 0.10215449 -0.98534090
vn -0.13663006 0.10215449 -0.98534090
vn -0.09456892 -0.02869729 -0.99510461
vn -0.09456892 -0.02869729 -0.99510461
vn -0.09456892 -0.02869729 -0.99510461
vn -0.02753544 0.03818420 -0.99889127
vn -0.02753544 0.03818420 -0.99889127
vn -0.02753544 0.03818420 -0.99889127
vn -0.01959651 0.08443213 -0.99623651
vn -0.01959651 0.08443213 -0.99623651
vn -0.01959651 0.08443213 -0.99623651
vn 0.05755180 -0.00379874 -0.99833529
vn 0.05755180 -0.00379874 -0.99833529
vn 0.05755180 -0.00379874 -0.99833529
vn 0.08218602 0.09658330 -0.99192597
vn 0.08218602 0.09658330 -0.99192597
vn 0.08218602 0.09658330 -0.99192597
vn 0.13326680 -0.02274187 -0.99081924
vn 0.13326680 -0.02274187 -0.99081924
vn 0.13326680 -0.02274187 -0.99081924
vn 0.29754647 0.08008198 -0.95134272
vn 0.29754647 0.08008198 -0.95134272
vn 0.29754647 0.08008198 -0.95134272
vn 0.29042715 0.04165491 -0.95599003
vn 0.29042715 0.04165491 -0.95599003
vn 0.29042715 0.04165491 -0.95599003
vn 0.19169421 0.00938778 -0.98140980
vn 0.19169421 0.00938778 -0.98140980
vn 0.19169421 0.00938778 -0.98140980
vn 0.21119926 0.14956486 -0.96593231
vn 0.21119926 0.14956486 -0.96593231
vn 0.21119926 0.14956486 -0.96593231
vn 0.35925531 -0.02848893 -0.93280438
vn 0.35925531 -0.02848893 -0.93280438
vn 0.35925531 -0.02848893 -0.93280438
vn 0.39964007 0.10122473 -0.91106606
vn 0.39964007 0.10122473 -0.91106606
vn 0.39964007 0.10122473 -0.91106606
vn 0.42963963 -0.00650975 -0.90297697
vn 0.42963963 -0.00650975 -0.90297697
vn 0.42963963 -0.00650975 -0.90297697
vn 0.49926774 0.05421432 -0.86474998
vn 0.49926774 0.05421432 -0.86474998
vn 0.49926774 0.05421432 -0.86474998
vn 0.50199890 0.07653407 -0.86147527
vn 0.50199890 0.07653407 -0.86147527
vn 0.50199890 0.07653407 -0.86147527
vn 0.56067043 -0.01679901 -0.82786863
vn 0.56067043 -0.01679901 -0.82786863
vn 0.56067043 -0.01679901 -0.82786863
vn 0.58852298 0.11171530 -0.80072492
vn 0.58852298 0.11171530 -0.80072492
vn 0.58852298 0.11171530 -0.80072492
vn 0.63263307 -0.02397494 -0.77408048
vn 0.63263307 -0.02397494 -0.77408048
vn 0.63263307 -0.02397494 -0.77408048
vn 0.67673054 0.04026264 -0.73512903
vn 0.67673054 0.04026264 -0.73512903
vn 0.67673054 0.04026264 -0.73512903
vn 0.68126224 0.09626195 -0.72568271
vn 0.68126224 0.09626195 -0.72568271
vn 0.68126224 0.09626195 -0.72568271
vn 0.74301346 0.01530838 -0.66910138
vn 0.74301346 0.01530838 -0.66910138
vn 0.74301346 0.01530838 -0.66910138
vn 0.75119141 0.08784059 -0.65421365
vn 0.75119141 0.08784059 -0.65421365
vn 0.75119141 0.08784059 -0.65421365
vn 0.87727220 0.07062815 -0.47476853
vn 0.87727220 0.07062815 -0.47476853
vn 0.87727220 0.07062815 -0.47476853
vn 0.87658534 0.05313877 -0.47830369
vn 0.87658534 0.05313877 -0.47830369
vn 0.87658534 0.05313877 -0.47830369
vn 0.82177712 -0.00413343 -0.56979407
vn 0.82177712 -0.00413343 -0.56979407
vn 0.82177712 -0.00413343 -0.56979407
vn 0.82545006 0.15433685 -0.54296623
vn 0.82545006 0.15433685 -0.54296623
vn 0.82545006 0.15433685 -0.54296623
vn 0.78931727 -0.03650364 -0.61289944
vn 0.78931727 -0.03650364 -0.61289944
vn 0.78931727 -0.03650364 -0.61289944
vn 0.90760137 -0.02310261 -0.41919687
vn 0.90760137 -0.02310261 -0.41919687
vn 0.90760137 -0.02310261 -0.41919687
vn 0.92060440 0.11260320 -0.37390915
vn 0.92060440 0.11260320 -0.37390915
vn 0.92060440 0.11260320 -0.37390915
vn 0.94164198 -0.02016695 -0.33601143
vn 0.94164198 -0.02016695 -0.33601143
vn 0.94164198 -0.02016695 -0.33601143
vn 0.96113992 0.04839647 -0.27178639
vn 0.96113992 0.04839647 -0.27178639
vn 0.96113992 0.04839647 -0.27178639
vn 0.96095543 0.06928049 -0.26788968
vn 0.96095543 0.06928049 -0.26788968
vn 0.96095543 0.06928049 -0.26788968
vn 0.98033096 -0.00804890 -0.19719640
vn 0.98033096 -0.00804890 -0.19719640
vn 0.98033096 -0.00804890 -0.19719640
vn 0.98039031 0.10986754 -0.16359694
vn 0.98039031 0.10986754 -0.16359694
vn 0.98039031 0.10986754 -0.16359694
vn 0.99338197 -0.01366521 -0.11404180
vn 0.99338197 -0.01366521 -0.11404180
vn 0.99338197 -0.01366521 -0.11404180
vn 0.99292611 -0.01198325 0.11812766
vn 0.99292611 -0.01198325 0.11812766
vn 0.99292611 -0.01198325 0.11812766
vn 0.99355737 0.09919112 0.05481672
vn 0.99355737 0.09919112 0.05481672
vn 0.99355737 0.09919112 0.05481672
vn 0.99921112 0.01738284 0.03570672
vn 0.99921112 0.01738284 0.03570672
vn 0.99921112 0.01738284 0.03570672
vn 0.99836050 0.01556027 -0.05508349
vn 0.99836050 0.01556027 -0.05508349
vn 0.99836050 0.01556027 -0.05508349
vn 0.99035601 0.13377981 -0.03602676
vn 0.99035601 0.13377981 -0.03602676
vn 0.99035601 0.13377981 -0.03602676
f 1//1 2//2 3//3
f 3//3 2//2 4//4
f 5//5 6//6 3//3
f 3//3 6//6 7//7
f 3//3 7//7 1//1
f 8//8 9//9 10//10
f 11//11 12//12 13//13
f 3//3 14//14 5//5
f 15//15 16//16 3//3
f 3//3 16//16 17//17
f 3//3 17//17 18//18
f 19//19 20//20 3//3
f 3//3 20//20 21//21
f 3//3 21//21 15//15
f 22//22 23//23 3//3
f 3//3 23//23 24//24
f 3//3 24//24 19//19
f 25//25 26//26 3//3
f 3//3 26//26 27//27
f 3//3 27//27 22//22
f 28//28 29//29 3//3
f 3//3 29//29 30//30
f 3//3 30//30 25//25
f 31//31 32//32 3//3
f 3//3 32//32 33//33
f 3//3 33//33 28//28
f 34//34 35//35 3//3
f 3//3 35//35 36//36
f 3//3 36//36 31//31
f 37//37 38//38 3//3
f 3//3 38//38 39//39
f 3//3 39//39 34//34
f 40//40 41//41 10//10
f 3//3 42//42 43//43
f 3//3 43//43 37//37
f 44//44 45//45 11//11
f 10//10 46//46 47//47
f 11//11 48//48 49//49
f 50//50 51//51 3//3
f 11//11 52//52 53//53
f 10//10 54//54 55//55
f 56//56 57//57 3//3
f 3//3 57//57 58//58
f 3//3 58//58 50//50
f 59//59 60//60 3//3
f 3//3 60//60 61//61
f 3//3 61//61 56//56
f 62//62 63//63 3//3
f 3//3 63//63 64//64
f 3//3 64//64 59//59
f 65//65 66//66 3//3
f 67//67 68//68 69//69
f 10//10 70//70 71//71
f 72//72 73//73 3//3
f 3//3 73//73 74//74
f 3//3 74//74 65//65
f 75//75 76//76 3//3
f 3//3 76//76 77//77
f 3//3 77//77 72//72
f 78//78 79//79 3//3
f 67//67 80//80 81//81
f 82//82 83//83 84//84
f 85//85 86//86 82//82
f 3//3 87//87 88//88
f 3//3 88//88 78//78
f 89//89 90//90 3//3
f 3//3 90//90 91//91
f 67//67 92//92 93//93
f 94//94 95//95 3//3
f 3//3 95//95 96//96
f 3//3 96//96 89//89
f 97//97 98//98 3//3
f 3//3 98//98 99//99
f 3//3 99//99 94//94
f 100//100 101//101 3//3
f 10//10 102//102 103//103
f 11//11 104//104 105//105
f 4//4 106//106 3//3
f 3//3 106//106 107//107
f 3//3 107//107 100//100
f 108//108 109//109 110//110
f 111//111 112//112 113//113
f 114//114 115//115 116//116
f 117//117 118//118 119//119
f 120//120 121//121 122//122
f 123//123 124//124 125//125
f 126//126 127//127 128//128
f 129//129 130//130 131//131
f 132//132 133//133 134//134
f 135//135 136//136 137//137
f 138//138 139//139 140//140
f 141//141 142//142 143//143
f 144//144 145//145 146//146
f 147//147 148//148 149//149
f 150//150 151//151 152//152
f 153//153 154//154 155//155
f 156//156 157//157 158//158
f 159//159 160//160 161//161
f 162//162 163//163 164//164
f 165//165 166//166 167//167
f 168//168 169//169 170//170
f 171//171 172//172 173//173
f 174//174 175//175 176//176
f 177//177 178//178 179//179
f 180//180 181//181 182//182
f 183//183 184//184 185//185
f 186//186 187//187 188//188
f 189//189 190//190 191//191
f 192//192 193//193 194//194
f 195//195 196//196 197//197
f 198//198 199//199 200//200
f 201//201 202//202 203//203
f 204//204 205//205 206//206
f 207//207 208//208 209//209
f 210//210 211//211 212//212
f 213//213 214//214 215//215
f 216//216 217//217 218//218
f 219//219 220//220 221//221
f 222//222 223//223 224//224
f 225//225 226//226 227//227
f 228//228 229//229 230//230
f 231//231 232//232 233//233
f 234//234 235//235 236//236
f 237//237 238//238 239//239
f 240//240 241//241 242//242
f 243//243 244//244 245//245
f 246//246 247//247 248//248
f 249//249 250//250 251//251
f 252//252 253//253 254//254
f 255//255 256//256 257//257
f 258//258 259//259 260//260
f 261//261 262//262 263//263
f 264//264 265//265 266//266
f 267//267 268//268 269//269
f 270//270 271//271 272//272
f 273//273 274//274 275//275
f 276//276 277//277 278//278
f 279//279 280//280 281//281
f 282//282 283//283 284//284
f 285//285 286//286 287//287
f 288//288 289//289 290//290
f 291//291 292//292 293//293
f 294//294 295//295 296//296
f 297//297 298//298 299//299
f 300//300 301//301 302//302
f 303//303 304//304 305//305
f 306//306 307//307 308//308
f 309//309 310//310 311//311
f 312//312 313//313 314//314
f 315//315 316//316 317//317
f 318//318 319//319 320//320
f 321//321 322//322 323//323
f 324//324 325//325 326//326
f 327//327 328//328 329//329
f 330//330 331//331 332//332
f 333//333 334//334 335//335
f 336//336 337//337 338//338
f 339//339 340//340 341//341
f 342//342 343//343 344//344
f 345//345 346//346 347//347
f 348//348 349//349 350//350
f 351//351 352//352 353//353
f 354//354 355//355 356//356
f 357//357 358//358 359//359
f 360//360 361//361 362//362
f 363//363 364//364 365//365
f 366//366 367//367 368//368
f 369//369 370//370 371//371
f 372//372 373//373 374//374
f 375//375 376//376 377//377
f 378//378 379//379 380//380
f 381//381 382//382 383//383
f 384//384 385//385 386//386
f 387//387 388//388 389//389
f 390//390 391//391 392//392
f 393//393 394//394 395//395
f 396//396 397//397 398//398
f 399//399 400//400 401//401
f 402//402 403//403 404//404
f 405//405 406//406 407//407
f 408//408 409//409 410//410
f 411//411 412//412 413//413
f 414//414 415//415 416//416
f 417//417 418//418 419//419
f 420//420 421//421 422//422
f 423//423 424//424 425//425
f 426//426 427//427 428//428
f 429//429 430//430 431//431
f 432//432 433//433 434//434
f 435//435 436//436 437//437
f 438//438 439//439 440//440
f 441//441 442//442 443//443
f 444//444 445//445 446//446
f 447//447 448//448 449//449
f 450//450 451//451 452//452
f 453//453 454//454 455//455
f 456//456 457//457 458//458
f 459//459 460//460 461//461
f 462//462 463//463 464//464
f 465//465 466//466 467//467
f 468//468 469//469 470//470
f 471//471 472//472 473//473
f 474//474 475//475 476//476
f 477//477 478//478 479//479
f 480//480 481//481 482//482
f 483//483 484//484 485//485
f 486//486 487//487 488//488
f 489//489 490//490 491//491
f 492//492 493//493 494//494
f 495//495 496//496 497//497
f 498//498 499//499 500//500
f 501//501 502//502 503//503
f 504//504 505//505 506//506
f 507//507 508//508 509//509
f 510//510 511//511 512//512
f 513//513 514//514 515//515
f 516//516 517//517 518//518
f 519//519 520//520 521//521
f 522//522 523//523 524//524
f 525//525 526//526 527//527
f 528//528 529//529 530//530
f 531//531 532//532 533//533
f 534//534 535//535 536//536
f 537//537 538//538 539//539
f 540//540 541//541 542//542
f 543//543 544//544 545//545
f 546//546 547//547 548//548
f 549//549 550//550 551//551
f 552//552 553//553 554//554
f 555//555 556//556 557//557
f 558//558 559//559 560//560
f 561//561 562//562 563//563
f 564//564 565//565 566//566
f 567//567 568//568 569//569
f 570//570 571//571 572//572
f 573//573 574//574 575//575
f 576//576 577//577 578//578
f 579//579 580//580 581//581
f 582//582 583//583 584//584
f 585//585 586//586 587//587
f 588//588 589//589 590//590
f 591//591 592//592 593//593
f 594//594 595//595 596//596
f 597//597 598//598 599//599
f 600//600 601//601 602//602
f 603//603 604//604 605//605
f 606//606 607//607 608//608
f 609//609 610//610 611//611
f 612//612 613//613 614//614
f 615//615 616//616 617//617
f 618//618 619//619 620//620
f 621//621 622//622 623//623
f 624//624 625//625 626//626
f 627//627 628//628 629//629
f 630//630 631//631 632//632
f 633//633 634//634 635//635
f 636//636 637//637 638//638
f 639//639 640//640 641//641
f 642//642 643//643 644//644
f 645//645 646//646 647//647
f 648//648 649//649 650//650
f 651//651 652//652 653//653
f 654//654 655//655 656//656
f 657//657 658//658 659//659
f 660//660 661//661 662//662
f 663//663 664//664 665//665
f 666//666 667//667 668//668
f 669//669 670//670 671//671
f 672//672 673//673 674//674
f 675//675 676//676 677//677
f 678//678 679//679 680//680
f 681//681 682//682 683//683
f 684//684 685//685 686//686
f 687//687 688//688 689//689
f 690//690 691//691 692//692
f 693//693 694//694 695//695
f 696//696 697//697 698//698
f 699//699 700//700 701//701
f 702//702 703//703 704//704
f 705//705 706//706 707//707
f 708//708 709//709 710//710
f 711//711 712//712 713//713
f 714//714 715//715 716//716
f 717//717 718//718 719//719
f 720//720 721//721 722//722
f 723//723 724//724 725//725
f 726//726 727//727 728//728
f 729//729 730//730 731//731
f 732//732 733//733 734//734
f 735//735 736//736 737//737
f 738//738 739//739 740//740
f 741//741 742//742 743//743
f 744//744 745//745 746//746
f 747//747 748//748 749//749
f 750//750 751//751 752//752
f 753//753 754//754 755//755
f 756//756 757//757 758//758
f 759//759 760//760 761//761
f 762//762 763//763 764//764
f 765//765 766//766 767//767
f 768//768 769//769 770//770
f 771//771 772//772 773//773
f 774//774 775//775 776//776
f 777//777 778//778 779//779
f 780//780 781//781 782//782
f 783//783 784//784 785//785
f 786//786 787//787 788//788
f 789//789 790//790 791//791
f 792//792 793//793 794//794
f 795//795 796//796 797//797
f 798//798 799//799 800//800
f 801//801 802//802 803//803
f 804//804 805//805 806//806
f 807//807 808//808 809//809
f 810//810 811//811 812//812
f 813//813 814//814 815//815
f 816//816 817//817 818//818
f 819//819 820//820 821//821
f 822//822 823//823 824//824
f 825//825 826//826 827//827
f 828//828 829//829 830//830
f 831//831 832//832 833//833
f 834//834 835//835 836//836
f 837//837 838//838 839//839
f 840//840 841//841 842//842
f 843//843 844//844 845//845
f 846//846 847//847 848//848
f 849//849 850//850 851//851
f 852//852 853//853 854//854
f 855//855 856//856 857//857
f 858//858 859//859 860//860
f 861//861 862//862 863//863
f 864//864 865//865 866//866
f 867//867 868//868 869//869
f 870//870 871//871 872//872
f 870//870 872//872 873//873
f 874//874 875//875 876//876
f 877//877 878//878 879//879
f 880//880 881//881 882//882
f 883//883 884//884 885//885
f 886//886 887//887 888//888
f 889//889 890//890 891//891
f 892//892 893//893 894//894
f 895//895 896//896 897//897
f 898//898 899//899 900//900
f 901//901 902//902 903//903
f 904//904 905//905 906//906
f 907//907 908//908 909//909
f 910//910 911//911 912//912
f 913//913 914//914 915//915
f 916//916 917//917 918//918
f 919//919 920//920 921//921
f 922//922 923//923 924//924
f 925//925 926//926 927//927
f 928//928 929//929 930//930
f 931//931 932//932 933//933
f 934//934 935//935 936//936
f 937//937 938//938 939//939
f 940//940 941//941 942//942
f 943//943 944//944 945//945
f 946//946 947//947 948//948
f 943//943 945//945 949//949
f 950//950 951//951 952//952
f 953//953 954//954 955//955
f 949//949 956//956 957//957
f 958//958 959//959 960//960
f 958//958 960//960 961//961
f 962//962 963//963 964//964
f 965//965 966//966 967//967
f 968//968 969//969 970//970
f 968//968 970//970 971//971
f 972//972 973//973 974//974
f 972//972 974//974 975//975
f 976//976 977//977 978//978
f 979//979 980//980 981//981
f 976//976 982//982 983//983
f 984//984 985//985 986//986
f 984//984 986//986 987//987
f 988//988 989//989 990//990
f 988//988 990//990 991//991
f 992//992 993//993 994//994
f 995//995 996//996 997//997
f 991//991 998//998 999//999
f 999//999 998//998 1000//1000
f 999//999 1000//1000 1001//1001
f 1001//1001 1000//1000 1002//1002
f 1003//1003 1004//1004 1005//1005
f 1003//1003 1005//1005 1006//1006
f 1007//1007 1008//1008 1009//1009
f 1007//1007 1009//1009 1010//1010
f 1011//1011 1012//1012 1013//1013
f 1014//1014 1015//1015 1016//1016
f 1017//1017 1018//1018 1019//1019
f 1020//1020 1021//1021 1022//1022
f 1023//1023 1024//1024 1025//1025
f 1023//1023 1025//1025 1026//1026
f 1026//1026 1025//1025 1027//1027
f 946//946 948//948 1028//1028
f 1028//1028 948//948 1029//1029
f 1027//1027 1030//1030 1026//1026
f 1031//1031 1032//1032 1033//1033
f 1033//1033 1032//1032 1034//1034
f 1034//1034 1032//1032 1035//1035
f 1034//1034 1035//1035 1036//1036
f 1036//1036 1035//1035 1037//1037
f 1036//1036 1037//1037 1038//1038
f 1038//1038 1037//1037 1039//1039
f 1038//1038 1039//1039 1040//1040
f 1041//1041 1042//1042 1043//1043
f 1043//1043 1042//1042 1044//1044
f 1043//1043 1044//1044 1045//1045
f 1043//1043 1045//1045 1046//1046
f 1046//1046 1045//1045 1047//1047
f 1048//1048 1049//1049 1050//1050
f 1051//1051 1052//1052 1053//1053
f 1048//1048 1054//1054 1055//1055
f 1056//1056 1057//1057 1058//1058
f 1056//1056 1058//1058 1059//1059
f 1060//1060 1061//1061 1062//1062
f 1062//1062 1061//1061 1063//1063
f 1064//1064 1059//1059 1065//1065
f 1064//1064 1065//1065 1066//1066
f 1066//1066 1065//1065 1067//1067
f 1066//1066 1067//1067 1068//1068
f 1069//1069 1070//1070 1071//1071
f 1072//1072 1073//1073 1074//1074
f 1069//1069 1075//1075 1076//1076
f 1077//1077 1078//1078 1079//1079
f 1028//1028 1029//1029 1080//1080
f 1028//1028 1080//1080 1081//1081
f 1081//1081 1080//1080 1082//1082
f 1081//1081 1082//1082 1083//1083
f 1083//1083 1082//1082 1084//1084
f 1083//1083 1084//1084 1085//1085
f 1086//1086 1087//1087 1088//1088
f 1086//1086 1088//1088 1089//1089
f 1085//1085 1090//1090 1091//1091
f 1092//1092 1093//1093 1094//1094
f 1092//1092 1094//1094 1095//1095
f 1091//1091 1096//1096 1097//1097
f 1097//1097 1096//1096 1098//1098
f 1097//1097 1098//1098 1099//1099
f 1100//1100 1101//1101 1102//1102
f 1103//1103 1104//1104 1105//1105
f 1105//1105 1104//1104 1106//1106
f 1107//1107 1108//1108 1109//1109
f 1107//1107 1109//1109 1110//1110
f 1111//1111 1112//1112 1113//1113
f 1111//1111 1113//1113 1114//1114
f 1114//1114 1113//1113 1115//1115
f 1114//1114 1115//1115 1116//1116
f 1117//1117 1118//1118 1119//1119
f 1117//1117 1119//1119 1120//1120
f 1121//1121 1122//1122 1123//1123
f 1121//1121 1123//1123 1124//1124
f 1125//1125 1126//1126 1127//1127
f 947//947 946//946 1128//1128
f 1129//1129 1130//1130 1131//1131
f 1129//1129 1131//1131 1132//1132
f 1132//1132 1131//1131 1133//1133
f 1133//1133 1131//1131 1134//1134
f 1133//1133 1134//1134 1135//1135
f 1136//1136 1137//1137 1138//1138
f 1136//1136 1138//1138 1139//1139
f 1139//1139 1138//1138 1140//1140
f 1140//1140 1138//1138 1141//1141
f 1140//1140 1141//1141 1142//1142
f 1142//1142 1141//1141 1143//1143
f 1143//1143 1141//1141 1144//1144
f 1143//1143 1144//1144 1145//1145
f 1146//1146 1147//1147 1148//1148
f 1148//1148 1147//1147 1149//1149
f 1150//1150 1151//1151 1152//1152
f 1153//1153 1154//1154 1155//1155
f 1156//1156 1157//1157 1158//1158
f 1156//1156 1158//1158 1159//1159
f 1160//1160 1161//1161 1162//1162
f 1160//1160 1162//1162 1163//1163
f 1164//1164 1165//1165 1166//1166
f 1164//1164 1166//1166 1167//1167
f 1168//1168 1169//1169 1170//1170
f 1168//1168 1170//1170 1171//1171
f 1172//1172 1173//1173 1174//1174
f 1175//1175 1176//1176 1177//1177
f 1177//1177 1176//1176 1178//1178
f 1179//1179 1174//1174 1180//1180
f 1178//1178 1181//1181 1182//1182
f 1182//1182 1181//1181 1183//1183
f 1183//1183 1181//1181 1184//1184
f 1077//1077 1079//1079 1185//1185
f 1184//1184 1186//1186 1187//1187
f 1188//1188 1189//1189 1190//1190
f 1191//1191 1192//1192 1193//1193
f 1194//1194 1195//1195 1196//1196
f 1197//1197 1198//1198 1199//1199
f 1200//1200 1201//1201 1202//1202
f 1203//1203 1204//1204 1205//1205
f 1206//1206 1207//1207 1208//1208
f 1209//1209 1210//1210 1211//1211
f 1212//1212 1213//1213 1214//1214
f 1215//1215 1216//1216 1217//1217
f 1218//1218 1219//1219 1220//1220
f 1221//1221 1222//1222 1223//1223
f 1224//1224 1225//1225 1226//1226
f 1227//1227 1228//1228 1229//1229
f 1230//1230 1231//1231 1232//1232
f 1233//1233 1234//1234 1235//1235
f 1236//1236 1237//1237 1238//1238
f 1239//1239 1240//1240 1241//1241
f 1242//1242 1243//1243 1244//1244
f 1245//1245 1246//1246 1247//1247
f 1248//1248 1249//1249 1250//1250
f 1251//1251 1252//1252 1253//1253
f 1254//1254 1255//1255 1256//1256
f 1257//1257 1258//1258 1259//1259
f 1260//1260 1261//1261 1262//1262
f 1263//1263 1264//1264 1265//1265
f 1266//1266 1267//1267 1268//1268
f 1269//1269 1270//1270 1271//1271
f 1272//1272 1273//1273 1274//1274
f 1275//1275 1276//1276 1277//1277
f 1278//1278 1279//1279 1280//1280
f 1281//1281 1282//1282 1283//1283
f 1284//1284 1285//1285 1286//1286
f 1287//1287 1288//1288 1289//1289
f 1290//1290 1291//1291 1292//1292
f 1293//1293 1294//1294 1295//1295
f 1296//1296 1297//1297 1298//1298
f 1299//1299 1300//1300 1301//1301
f 1302//1302 1303//1303 1304//1304
f 1305//1305 1306//1306 1307//1307
f 1308//1308 1309//1309 1310//1310
f 1311//1311 1312//1312 1313//1313
f 1314//1314 1315//1315 1316//1316
f 1317//1317 1318//1318 1319//1319
f 1320//1320 1321//1321 1322//1322
f 1323//1323 1324//1324 1325//1325
f 1326//1326 1327//1327 1328//1328
f 1329//1329 1330//1330 1331//1331
f 1332//1332 1333//1333 1334//1334
f 1335//1335 1336//1336 1337//1337
f 1338//1338 1339//1339 1340//1340
f 1341//1341 1342//1342 1343//1343
f 1344//1344 1345//1345 1346//1346
f 1347//1347 1348//1348 1349//1349
f 1350//1350 1351//1351 1352//1352
f 1353//1353 1354//1354 1355//1355
f 1356//1356 1357//1357 1358//1358
f 1359//1359 1360//1360 1361//1361
f 1362//1362 1363//1363 1364//1364
f 1365//1365 1366//1366 1367//1367
f 1368//1368 1369//1369 1370//1370
f 1371//1371 1372//1372 1373//1373
f 1374//1374 1375//1375 1376//1376
f 1377//1377 1378//1378 1379//1379
f 1380//1380 1381//1381 1382//1382
f 1383//1383 1384//1384 1385//1385
f 1386//1386 1387//1387 1388//1388
f 1389//1389 1390//1390 1391//1391
f 1392//1392 1393//1393 1394//1394
f 1395//1395 1396//1396 1397//1397
f 1398//1398 1399//1399 1400//1400
f 1401//1401 1402//1402 1403//1403
f 1404//1404 1405//1405 1406//1406
f 1407//1407 1408//1408 1409//1409
f 1410//1410 1411//1411 1412//1412
f 1413//1413 1414//1414 1415//1415
f 1416//1416 1417//1417 1418//1418
f 1419//1419 1420//1420 1421//1421
f 1422//1422 1423//1423 1424//1424
f 1425//1425 1426//1426 1427//1427
f 1428//1428 1429//1429 1430//1430
f 1431//1431 1432//1432 1433//1433
f 1434//1434 1435//1435 1436//1436
f 1437//1437 1438//1438 1439//1439
f 1440//1440 1441//1441 1442//1442
f 1443//1443 1444//1444 1445//1445
f 1446//1446 1447//1447 1448//1448
f 1449//1449 1450//1450 1451//1451
f 1452//1452 1453//1453 1454//1454
f 1455//1455 1456//1456 1457//1457
f 1458//1458 1459//1459 1460//1460
f 1461//1461 1462//1462 1463//1463
f 1464//1464 1465//1465 1466//1466
f 1467//1467 1468//1468 1469//1469
f 1470//1470 1471//1471 1472//1472
f 1473//1473 1474//1474 1475//1475
f 1476//1476 1477//1477 1478//1478
f 1479//1479 1480//1480 1481//1481
f 1482//1482 1483//1483 1484//1484
f 1485//1485 1486//1486 1487//1487
f 1488//1488 1489//1489 1490//1490
f 1491//1491 1492//1492 1493//1493
f 1494//1494 1495//1495 1496//1496
f 1497//1497 1498//1498 1499//1499
f 1500//1500 1501//1501 1502//1502
f 1503//1503 1504//1504 1505//1505
f 1506//1506 1507//1507 1508//1508
f 1509//1509 1510//1510 1511//1511
f 1512//1512 1513//1513 1514//1514
f 1515//1515 1516//1516 1517//1517
f 1518//1518 1519//1519 1520//1520
f 1521//1521 1522//1522 1523//1523
f 1524//1524 1525//1525 1526//1526
f 1527//1527 1528//1528 1529//1529
f 1530//1530 1531//1531 1532//1532
f 1533//1533 1534//1534 1535//1535
f 1536//1536 1537//1537 1538//1538
f 1539//1539 1540//1540 1541//1541
f 1542//1542 1543//1543 1544//1544
f 1545//1545 1546//1546 1547//1547
f 1548//1548 1549//1549 1550//1550
f 1551//1551 1552//1552 1553//1553
f 1554//1554 1555//1555 1556//1556
f 1557//1557 1558//1558 1559//1559
f 1560//1560 1561//1561 1562//1562
f 1563//1563 1564//1564 1565//1565
f 1566//1566 1567//1567 1568//1568
f 1569//1569 1570//1570 1571//1571
f 1572//1572 1573//1573 1574//1574
f 1575//1575 1535//1535 1534//1534
f 1576//1576 1577//1577 1578//1578
f 1579//1579 1580//1580 1581//1581
f 1582//1582 1583//1583 1584//1584
f 1585//1585 1586//1586 1587//1587
f 1588//1588 1589//1589 1590//1590
f 1591//1591 1592//1592 1593//1593
f 1594//1594 1595//1595 1596//1596
f 1597//1597 1598//1598 1599//1599
f 1600//1600 1601//1601 1602//1602
f 1603//1603 1604//1604 1605//1605
f 1606//1606 1520//1520 1519//1519
f 1607//1607 1608//1608 1609//1609
f 1610//1610 1611//1611 1612//1612
f 1613//1613 1614//1614 1615//1615
f 1616//1616 1617//1617 1618//1618
f 1619//1619 1620//1620 1621//1621
f 1622//1622 1623//1623 1624//1624
f 1625//1625 1626//1626 1627//1627
f 1628//1628 1629//1629 1630//1630
f 1631//1631 1632//1632 1633//1633
f 1634//1634 1635//1635 1636//1636
f 1637//1637 1638//1638 1639//1639
f 1640//1640 1641//1641 1642//1642
f 1643//1643 1644//1644 1645//1645
f 1646//1646 1647//1647 1648//1648
f 1648//1648 1647//1647 1649//1649
f 1650//1650 1651//1651 1652//1652
f 1653//1653 1654//1654 1655//1655
f 1656//1656 1657//1657 1658//1658
f 1659//1659 1660//1660 1661//1661
f 1662//1662 1663//1663 1664//1664
f 1665//1665 1666//1666 1667//1667
f 1668//1668 1669//1669 1670//1670
f 1671//1671 1672//1672 1673//1673
f 1674//1674 1675//1675 1676//1676
f 1677//1677 1678//1678 1679//1679
f 1680//1680 1681//1681 1682//1682
f 1683//1683 1684//1684 1685//1685
f 1686//1686 1687//1687 1688//1688
f 1689//1689 1690//1690 1691//1691
f 1692//1692 1693//1693 1694//1694
f 1695//1695 1696//1696 1697//1697
f 1698//1698 1699//1699 1700//1700
f 1701//1701 1702//1702 1703//1703
f 1704//1704 1705//1705 1706//1706
f 1707//1707 1708//1708 1709//1709
f 1710//1710 1711//1711 1712//1712
f 1713//1713 1714//1714 1715//1715
f 1716//1716 1717//1717 1718//1718
f 1719//1719 1720//1720 1721//1721
f 1722//1722 1723//1723 1724//1724
f 1725//1725 1726//1726 1727//1727
f 1728//1728 1729//1729 1730//1730
f 1731//1731 1732//1732 1733//1733
f 1734//1734 1735//1735 1736//1736
f 1737//1737 1738//1738 1739//1739
f 1740//1740 1741//1741 1742//1742
f 1743//1743 1744//1744 1745//1745
f 1746//1746 1747//1747 1748//1748
f 1749//1749 1750//1750 1751//1751
f 1752//1752 1753//1753 1754//1754
f 1755//1755 1756//1756 1757//1757
f 1758//1758 1759//1759 1760//1760
f 1761//1761 1762//1762 1763//1763
f 1764//1764 1765//1765 1766//1766
f 1767//1767 1768//1768 1769//1769
f 1770//1770 1771//1771 1772//1772
f 1773//1773 1774//1774 1775//1775
f 1776//1776 1777//1777 1778//1778
f 1779//1779 1780//1780 1781//1781
f 1782//1782 1783//1783 1784//1784
f 1785//1785 1786//1786 1787//1787
f 1788//1788 1789//1789 1790//1790
f 1791//1791 1792//1792 1793//1793
f 1794//1794 1795//1795 1796//1796
f 1797//1797 1798//1798 1799//1799
f 1800//1800 1801//1801 1802//1802
f 1803//1803 1804//1804 1805//1805
f 1806//1806 1807//1807 1808//1808
f 1809//1809 1810//1810 1811//1811
f 1812//1812 1813//1813 1814//1814
f 1815//1815 1816//1816 1817//1817
f 1818//1818 1819//1819 1820//1820
f 1821//1821 1822//1822 1823//1823
f 1824//1824 1825//1825 1826//1826
f 1827//1827 1828//1828 1829//1829
f 1830//1830 1831//1831 1832//1832
f 1833//1833 1834//1834 1835//1835
f 1836//1836 1837//1837 1838//1838
f 1839//1839 1840//1840 1841//1841
f 1842//1842 1843//1843 1844//1844
f 1845//1845 1846//1846 1847//1847
f 1848//1848 1849//1849 1850//1850
f 1851//1851 1852//1852 1853//1853
f 1854//1854 1855//1855 1856//1856
f 1857//1857 1858//1858 1859//1859
f 1859//1859 1858//1858 1860//1860
f 1861//1861 1862//1862 1863//1863
f 1864//1864 1865//1865 1866//1866
f 1867//1867 1868//1868 1869//1869
f 1870//1870 1871//1871 1872//1872
f 1873//1873 1874//1874 1875//1875
f 1876//1876 1877//1877 1878//1878
f 1879//1879 1880//1880 1881//1881
f 1882//1882 1883//1883 1884//1884
f 1885//1885 1886//1886 1887//1887
f 1887//1887 1886//1886 1888//1888
f 1889//1889 1890//1890 1891//1891
f 1892//1892 1893//1893 1894//1894
f 1895//1895 1896//1896 1897//1897
f 1898//1898 1899//1899 1900//1900
f 1901//1901 1902//1902 1903//1903
f 1904//1904 1905//1905 1906//1906
f 1907//1907 1908//1908 1909//1909
f 1910//1910 1911//1911 1912//1912
f 1913//1913 1914//1914 1915//1915
f 1916//1916 1917//1917 1918//1918
f 1919//1919 1920//1920 1921//1921
f 1922//1922 1923//1923 1924//1924
f 1925//1925 1926//1926 1927//1927
f 1928//1928 1929//1929 1930//1930
f 1931//1931 1932//1932 1933//1933
f 1934//1934 1935//1935 1936//1936
f 1937//1937 1938//1938 1939//1939
f 1940//1940 1941//1941 1942//1942
f 1943//1943 1944//1944 1945//1945
f 1946//1946 1947//1947 1948//1948
f 1949//1949 1950//1950 1951//1951
f 1952//1952 1953//1953 1954//1954
f 1952//1952 1954//1954 1955//1955
f 1956//1956 1957//1957 1958//1958
f 1956//1956 1958//1958 1959//1959
f 1960//1960 1961//1961 1962//1962
f 1963//1963 1964//1964 1965//1965
f 1966//1966 1967//1967 1968//1968
f 1969//1969 1970//1970 1949//1949
f 1971//1971 1972//1972 1953//1953
f 1973//1973 1974//1974 1975//1975
f 1976//1976 1963//1963 1977//1977
f 1978//1978 1979//1979 1980//1980
f 1981//1981 1982//1982 1983//1983
f 1981//1981 1983//1983 1984//1984
f 1956//1956 1985//1985 1957//1957
f 1957//1957 1985//1985 1986//1986
f 1987//1987 1988//1988 1989//1989
f 1987//1987 1989//1989 1990//1990
f 1967//1967 1991//1991 1992//1992
f 1993//1993 1948//1948 1994//1994
f 1995//1995 1996//1996 1997//1997
f 1998//1998 1999//1999 2000//2000
f 1984//1984 1983//1983 2001//2001
f 2002//2002 2003//2003 2004//2004
f 2005//2005 2006//2006 2007//2007
f 2008//2008 2009//2009 2010//2010
f 2011//2011 1553//1553 1552//1552
f 2012//2012 2013//2013 2014//2014
f 2015//2015 2016//2016 2017//2017
f 2018//2018 2019//2019 2020//2020
f 1990//1990 1989//1989 2002//2002
f 2021//2021 2022//2022 2023//2023
f 2024//2024 2025//2025 2026//2026
f 2005//2005 2027//2027 2028//2028
f 2025//2025 2024//2024 2029//2029
f 2030//2030 2031//2031 2032//2032
f 1997//1997 1996//1996 2033//2033
f 2000//2000 2034//2034 1998//1998
f 2035//2035 2036//2036 2037//2037
f 2038//2038 2039//2039 2040//2040
f 2041//2041 2042//2042 2043//2043
f 2018//2018 2020//2020 2044//2044
f 2045//2045 2046//2046 2047//2047
f 2006//2006 2005//2005 2028//2028
f 2048//2048 2049//2049 2050//2050
f 2051//2051 2052//2052 2053//2053
f 2054//2054 2055//2055 2056//2056
f 2057//2057 2058//2058 2059//2059
f 2060//2060 2061//2061 2062//2062
f 2062//2062 2061//2061 1947//1947
f 2040//2040 2039//2039 2063//2063
f 2064//2064 2065//2065 2066//2066
f 2067//2067 2068//2068 2069//2069
f 2070//2070 2071//2071 2072//2072
f 2072//2072 2071//2071 2073//2073
f 2058//2058 2074//2074 2075//2075
f 2075//2075 2074//2074 2076//2076
f 2077//2077 2047//2047 2072//2072
f 2077//2077 2072//2072 2073//2073
f 2078//2078 2079//2079 2080//2080
f 2080//2080 2079//2079 1972//1972
f 2081//2081 2082//2082 2083//2083
f 2076//2076 2084//2084 2075//2075
f 2037//2037 2085//2085 2086//2086
f 2086//2086 2085//2085 2087//2087
f 2088//2088 2089//2089 2087//2087
f 2088//2088 2087//2087 2085//2085
f 2071//2071 2070//2070 2090//2090
f 2091//2091 2092//2092 2093//2093
f 2078//2078 2094//2094 2079//2079
f 2095//2095 2096//2096 2097//2097
f 2098//2098 2099//2099 2100//2100
f 2101//2101 2061//2061 2060//2060
f 2064//2064 2066//2066 2102//2102
f 2103//2103 2104//2104 2105//2105
f 2090//2090 2106//2106 2107//2107
f 2108//2108 2104//2104 2109//2109
f 2109//2109 2104//2104 2110//2110
f 2111//2111 2097//2097 2112//2112
f 2065//2065 2113//2113 2066//2066
f 2065//2065 2114//2114 2113//2113
f 2113//2113 2114//2114 2115//2115
f 2116//2116 2117//2117 2118//2118
f 2099//2099 2119//2119 2101//2101
f 2101//2101 2119//2119 2061//2061
f 2089//2089 2088//2088 2102//2102
f 2102//2102 2088//2088 2064//2064
f 2115//2115 2114//2114 2043//2043
f 2120//2120 2121//2121 1982//1982
f 2110//2110 2092//2092 2122//2122
f 2118//2118 2094//2094 2123//2123
f 2124//2124 2125//2125 2126//2126
f 2127//2127 2128//2128 2129//2129
f 2126//2126 2130//2130 2124//2124
f 2131//2131 2132//2132 2133//2133
f 2134//2134 2135//2135 2136//2136
f 2129//2129 2137//2137 2127//2127
f 2138//2138 2139//2139 2140//2140
f 2141//2141 2142//2142 2143//2143
f 2141//2141 2143//2143 2144//2144
f 2145//2145 2146//2146 2147//2147
f 2138//2138 2148//2148 2139//2139
f 2149//2149 2150//2150 2151//2151
f 2151//2151 2150//2150 2152//2152
f 2153//2153 2154//2154 2155//2155
f 2145//2145 2156//2156 2146//2146
f 2157//2157 2158//2158 2159//2159
f 2159//2159 2158//2158 2160//2160
f 2161//2161 2162//2162 2163//2163
f 2153//2153 2164//2164 2154//2154
f 2165//2165 2166//2166 2167//2167
f 2167//2167 2166//2166 2168//2168
f 2161//2161 2169//2169 2162//2162
f 2170//2170 2171//2171 2172//2172
f 2173//2173 2174//2174 2175//2175
f 2176//2176 2177//2177 2178//2178
f 2179//2179 2180//2180 2181//2181
f 2177//2177 2182//2182 2178//2178
f 2183//2183 2184//2184 2185//2185
f 2183//2183 2185//2185 2186//2186
f 2181//2181 2187//2187 2179//2179
f 2188//2188 2189//2189 2190//2190
f 2191//2191 2192//2192 2193//2193
f 2191//2191 2193//2193 2194//2194
f 2190//2190 2195//2195 2188//2188
f 2196//2196 2197//2197 2198//2198
f 2196//2196 2198//2198 2199//2199
f 2200//2200 2201//2201 2202//2202
f 2200//2200 2202//2202 2203//2203
f 2204//2204 2205//2205 2206//2206
f 2205//2205 2207//2207 2206//2206
f 2208//2208 2209//2209 2210//2210
f 2209//2209 2211//2211 2210//2210
f 2212//2212 2213//2213 2214//2214
f 2213//2213 2215//2215 2214//2214
f 2216//2216 2217//2217 2218//2218
f 2216//2216 2218//2218 2219//2219
f 2220//2220 2221//2221 2222//2222
f 2220//2220 2222//2222 2223//2223
f 2224//2224 2225//2225 2226//2226
f 2227//2227 2228//2228 2229//2229
f 2227//2227 2229//2229 2230//2230
f 2224//2224 2231//2231 2225//2225
f 2232//2232 2233//2233 2234//2234
f 2235//2235 2236//2236 2237//2237
f 2233//2233 2238//2238 2234//2234
f 2239//2239 2240//2240 2241//2241
f 2239//2239 2241//2241 2242//2242
f 2243//2243 2244//2244 2245//2245
f 2235//2235 2246//2246 2236//2236
f 2247//2247 2248//2248 2249//2249
f 2249//2249 2248//2248 2250//2250
f 2251//2251 2252//2252 2253//2253
f 2254//2254 2255//2255 2256//2256
f 2254//2254 2256//2256 2257//2257
f 2258//2258 2259//2259 2260//2260
f 2258//2258 2260//2260 2261//2261
f 2262//2262 2263//2263 2264//2264
f 2265//2265 2266//2266 2267//2267
f 2267//2267 2266//2266 2268//2268
f 2262//2262 2269//2269 2263//2263
f 2270//2270 2271//2271 2272//2272
f 2273//2273 2274//2274 2275//2275
f 2276//2276 2277//2277 2278//2278
f 2276//2276 2278//2278 2279//2279
f 2280//2280 2281//2281 2282//2282
f 2280//2280 2282//2282 2283//2283
f 2284//2284 2285//2285 2286//2286
f 2284//2284 2286//2286 2287//2287
f 2288//2288 2289//2289 2290//2290
f 2289//2289 2291//2291 2290//2290
f 2292//2292 2293//2293 2294//2294
f 2293//2293 2295//2295 2294//2294
f 2296//2296 2297//2297 2298//2298
f 2297//2297 2299//2299 2298//2298
f 2300//2300 2301//2301 2302//2302
f 2301//2301 2303//2303 2302//2302
f 2304//2304 2305//2305 2306//2306
f 2305//2305 2307//2307 2306//2306
f 2308//2308 2309//2309 2310//2310
f 2311//2311 2312//2312 2313//2313
f 2314//2314 2315//2315 2316//2316
f 2315//2315 2317//2317 2316//2316
f 2318//2318 2319//2319 2320//2320
f 2319//2319 2321//2321 2320//2320
f 2322//2322 2323//2323 2324//2324
f 2323//2323 2325//2325 2324//2324
f 2326//2326 2327//2327 2328//2328
f 2327//2327 2329//2329 2328//2328
f 2330//2330 2331//2331 2332//2332
f 2331//2331 2333//2333 2332//2332
f 2334//2334 2335//2335 2336//2336
f 2334//2334 2336//2336 2337//2337
f 2338//2338 2339//2339 2340//2340
f 2338//2338 2340//2340 2341//2341
f 2342//2342 2343//2343 2344//2344
f 2345//2345 2346//2346 2347//2347
f 2345//2345 2347//2347 2348//2348
f 2344//2344 2349//2349 2342//2342
f 2350//2350 2351//2351 2352//2352
f 2353//2353 2354//2354 2355//2355
f 2351//2351 2356//2356 2352//2352
f 2357//2357 2358//2358 2359//2359
f 2359//2359 2358//2358 2360//2360
f 2361//2361 2362//2362 2363//2363
f 2364//2364 2365//2365 2366//2366
f 2366//2366 2365//2365 2367//2367
f 2368//2368 2369//2369 2370//2370
f 2371//2371 2372//2372 2373//2373
f 2374//2374 2375//2375 2376//2376
f 2377//2377 2378//2378 2379//2379
f 2380//2380 2381//2381 2382//2382
f 2383//2383 2384//2384 2385//2385
f 2386//2386 2387//2387 2388//2388
f 2389//2389 2390//2390 2391//2391
f 2392//2392 2393//2393 2394//2394
f 2395//2395 2396//2396 2397//2397
f 2398//2398 2399//2399 2400//2400
f 2401//2401 2402//2402 2403//2403
f 2404//2404 2405//2405 2406//2406
f 2407//2407 2408//2408 2409//2409
f 2410//2410 2411//2411 2412//2412
f 2413//2413 2414//2414 2415//2415
f 2416//2416 2417//2417 2418//2418
f 2419//2419 2420//2420 2421//2421
f 2422//2422 2423//2423 2424//2424
f 2425//2425 2426//2426 2427//2427
f 2428//2428 2429//2429 2430//2430
f 2431//2431 2432//2432 2433//2433
f 2434//2434 2435//2435 2436//2436
f 2437//2437 2438//2438 2439//2439
f 2440//2440 2441//2441 2442//2442
f 2443//2443 2444//2444 2445//2445
f 2446//2446 2447//2447 2448//2448
f 2449//2449 2450//2450 2451//2451
f 2452//2452 2453//2453 2454//2454
f 2455//2455 2456//2456 2457//2457
f 2458//2458 2459//2459 2460//2460
f 2461//2461 2462//2462 2463//2463
f 2464//2464 2465//2465 2466//2466
f 2467//2467 2468//2468 2469//2469
f 2470//2470 2471//2471 2472//2472
f 2473//2473 2474//2474 2475//2475
f 2476//2476 2477//2477 2478//2478
f 2479//2479 2480//2480 2481//2481
f 2482//2482 2483//2483 2484//2484
f 2485//2485 2486//2486 2487//2487
f 2488//2488 2489//2489 2490//2490
f 2491//2491 2492//2492 2493//2493
f 2494//2494 2495//2495 2496//2496
f 2497//2497 2498//2498 2499//2499
f 2500//2500 2501//2501 2502//2502
f 2503//2503 2504//2504 2505//2505
f 2506//2506 2507//2507 2508//2508
f 2509//2509 2510//2510 2511//2511
f 2512//2512 2513//2513 2514//2514
f 2515//2515 2516//2516 2517//2517
f 2518//2518 2519//2519 2520//2520
f 2521//2521 2522//2522 2523//2523
f 2524//2524 2525//2525 2526//2526
f 2527//2527 2528//2528 2529//2529
f 2530//2530 2531//2531 2532//2532
f 2533//2533 2534//2534 2535//2535
f 2536//2536 2537//2537 2538//2538
f 2539//2539 2540//2540 2541//2541
f 2542//2542 2543//2543 2544//2544
f 2545//2545 2546//2546 2547//2547
f 2548//2548 2549//2549 2550//2550
f 2551//2551 2552//2552 2553//2553
f 2554//2554 2555//2555 2556//2556
f 2557//2557 2558//2558 2559//2559
f 2560//2560 2561//2561 2562//2562
f 2563//2563 2564//2564 2565//2565
f 2566//2566 2567//2567 2568//2568
f 2569//2569 2570//2570 2571//2571
f 2572//2572 2573//2573 2574//2574
f 2575//2575 2576//2576 2577//2577
f 2578//2578 2579//2579 2580//2580
f 2581//2581 2582//2582 2583//2583
f 2584//2584 2585//2585 2586//2586
f 2587//2587 2588//2588 2589//2589
f 2590//2590 2591//2591 2592//2592
f 2593//2593 2594//2594 2595//2595
f 2596//2596 2597//2597 2598//2598
f 2599//2599 2600//2600 2601//2601
f 2602//2602 2603//2603 2604//2604
f 2605//2605 2606//2606 2607//2607
f 2608//2608 2609//2609 2610//2610
f 2611//2611 2612//2612 2613//2613
f 2614//2614 2615//2615 2616//2616
f 2617//2617 2618//2618 2619//2619
f 2620//2620 2621//2621 2622//2622
f 2623//2623 2624//2624 2625//2625
f 2626//2626 2627//2627 2628//2628
f 2629//2629 2630//2630 2631//2631
f 2632//2632 2633//2633 2634//2634
f 2635//2635 2636//2636 2637//2637
f 2638//2638 2639//2639 2640//2640
f 2641//2641 2642//2642 2643//2643
f 2644//2644 2645//2645 2646//2646
f 2647//2647 2648//2648 2649//2649
f 2650//2650 2651//2651 2652//2652
f 2653//2653 2654//2654 2655//2655
f 2656//2656 2657//2657 2658//2658
f 2659//2659 2660//2660 2661//2661
f 2662//2662 2663//2663 2664//2664
f 2665//2665 2666//2666 2667//2667
f 2668//2668 2669//2669 2670//2670
f 2671//2671 2672//2672 2673//2673
f 2674//2674 2675//2675 2676//2676
f 2677//2677 2678//2678 2679//2679
f 2680//2680 2681//2681 2682//2682
f 2683//2683 2684//2684 2685//2685
f 2686//2686 2687//2687 2688//2688
f 2689//2689 2690//2690 2691//2691
f 2692//2692 2693//2693 2694//2694
f 2695//2695 2696//2696 2697//2697
f 2698//2698 2699//2699 2700//2700
f 2701//2701 2702//2702 2703//2703
f 2704//2704 2705//2705 2706//2706
f 2707//2707 2708//2708 2709//2709
f 2710//2710 2711//2711 2712//2712
f 2713//2713 2714//2714 2715//2715
f 2716//2716 2717//2717 2718//2718
f 2718//2718 2717//2717 2719//2719
f 2718//2718 2719//2719 2720//2720
f 2720//2720 2719//2719 2721//2721
f 2720//2720 2721//2721 2722//2722
f 2722//2722 2721//2721 2723//2723
f 2722//2722 2723//2723 2724//2724
f 2724//2724 2723//2723 2725//2725
f 2724//2724 2725//2725 2726//2726
f 2726//2726 2725//2725 2727//2727
f 2726//2726 2727//2727 2728//2728
f 2728//2728 2727//2727 2729//2729
f 2728//2728 2729//2729 2730//2730
f 2730//2730 2729//2729 2731//2731
f 2730//2730 2731//2731 2732//2732
f 2732//2732 2731//2731 2733//2733
f 2732//2732 2733//2733 2734//2734
f 2734//2734 2733//2733 2735//2735
f 2734//2734 2735//2735 2736//2736
f 2736//2736 2735//2735 2737//2737
f 2736//2736 2737//2737 2738//2738
f 2738//2738 2737//2737 2739//2739
f 2738//2738 2739//2739 2740//2740
f 2740//2740 2739//2739 2741//2741
f 2740//2740 2741//2741 2742//2742
f 2742//2742 2741//2741 2743//2743
f 2742//2742 2743//2743 2744//2744
f 2744//2744 2743//2743 2745//2745
f 2744//2744 2745//2745 2746//2746
f 2746//2746 2745//2745 2747//2747
f 2746//2746 2747//2747 2748//2748
f 2748//2748 2747//2747 2749//2749
f 2748//2748 2749//2749 2750//2750
f 2750//2750 2749//2749 2751//2751
f 2750//2750 2751//2751 2752//2752
f 2752//2752 2751//2751 2753//2753
f 2752//2752 2753//2753 2754//2754
f 2754//2754 2753//2753 2755//2755
f 2754//2754 2755//2755 2756//2756
f 2756//2756 2755//2755 2757//2757
f 2756//2756 2757//2757 2758//2758
f 2758//2758 2757//2757 2759//2759
f 2758//2758 2759//2759 2760//2760
f 2760//2760 2759//2759 2761//2761
f 2760//2760 2761//2761 2762//2762
f 2762//2762 2761//2761 2763//2763
f 2762//2762 2763//2763 2764//2764
f 2764//2764 2763//2763 2765//2765
f 2764//2764 2765//2765 2766//2766
f 2766//2766 2765//2765 2767//2767
f 2766//2766 2767//2767 2768//2768
f 2768//2768 2767//2767 2769//2769
f 2768//2768 2769//2769 2770//2770
f 2770//2770 2769//2769 2771//2771
f 2770//2770 2771//2771 2772//2772
f 2772//2772 2771//2771 2773//2773
f 2772//2772 2773//2773 2774//2774
f 2774//2774 2773//2773 2775//2775
f 2774//2774 2775//2775 2776//2776
f 2776//2776 2775//2775 2777//2777
f 2776//2776 2777//2777 2778//2778
f 2778//2778 2777//2777 2779//2779
f 2778//2778 2779//2779 2780//2780
f 2780//2780 2779//2779 2781//2781
f 2780//2780 2781//2781 2782//2782
f 2782//2782 2781//2781 2783//2783
f 2782//2782 2783//2783 2784//2784
f 2784//2784 2783//2783 2785//2785
f 2784//2784 2785//2785 2786//2786
f 2786//2786 2785//2785 2787//2787
f 2786//2786 2787//2787 2788//2788
f 2788//2788 2787//2787 2789//2789
f 2788//2788 2789//2789 2790//2790
f 2790//2790 2789//2789 2791//2791
f 2790//2790 2791//2791 2792//2792
f 2792//2792 2791//2791 2793//2793
f 2792//2792 2793//2793 2794//2794
f 2794//2794 2793//2793 2795//2795
f 2794//2794 2795//2795 2796//2796
f 2796//2796 2795//2795 2797//2797
f 2796//2796 2797//2797 2798//2798
f 2798//2798 2797//2797 2799//2799
f 2798//2798 2799//2799 2800//2800
f 2800//2800 2799//2799 2801//2801
f 2800//2800 2801//2801 2802//2802
f 2802//2802 2801//2801 2803//2803
f 2802//2802 2803//2803 2804//2804
f 2804//2804 2803//2803 2805//2805
f 2804//2804 2805//2805 2806//2806
f 2806//2806 2805//2805 2807//2807
f 2806//2806 2807//2807 2808//2808
f 2808//2808 2807//2807 2809//2809
f 2808//2808 2809//2809 2810//2810
f 2810//2810 2809//2809 2811//2811
f 2810//2810 2811//2811 2812//2812
f 2812//2812 2811//2811 2813//2813
f 2812//2812 2813//2813 2814//2814
f 2814//2814 2813//2813 2815//2815
f 2814//2814 2815//2815 2816//2816
f 2816//2816 2815//2815 2817//2817
f 2816//2816 2817//2817 2818//2818
f 2818//2818 2817//2817 2819//2819
f 2818//2818 2819//2819 2820//2820
f 2820//2820 2819//2819 2821//2821
f 2820//2820 2821//2821 2822//2822
f 2822//2822 2821//2821 2823//2823
f 2822//2822 2823//2823 2824//2824
f 2824//2824 2823//2823 2825//2825
f 2824//2824 2825//2825 2826//2826
f 2826//2826 2825//2825 2827//2827
f 2826//2826 2827//2827 2828//2828
f 2828//2828 2827//2827 2829//2829
f 2828//2828 2829//2829 2830//2830
f 2830//2830 2829//2829 2716//2716
f 2830//2830 2716//2716 2718//2718
f 2831//2831 2832//2832 2833//2833
f 2834//2834 2835//2835 2836//2836
f 2837//2837 2838//2838 2839//2839
f 2840//2840 2841//2841 2842//2842
f 2843//2843 2844//2844 2845//2845
f 2846//2846 2847//2847 2848//2848
f 2849//2849 2850//2850 2851//2851
f 2852//2852 2853//2853 2854//2854
f 2855//2855 2856//2856 2857//2857
f 2858//2858 2859//2859 2860//2860
f 2861//2861 2862//2862 2863//2863
f 2864//2864 2865//2865 2866//2866
f 2867//2867 2868//2868 2869//2869
f 2870//2870 2871//2871 2872//2872
f 2873//2873 2874//2874 2875//2875
f 2876//2876 2877//2877 2878//2878
f 2879//2879 2880//2880 2881//2881
f 2882//2882 2883//2883 2884//2884
f 2885//2885 2886//2886 2887//2887
f 2888//2888 2889//2889 2890//2890
f 2891//2891 2892//2892 2893//2893
f 2894//2894 2895//2895 2896//2896
f 2897//2897 2898//2898 2899//2899
f 2900//2900 2901//2901 2902//2902
f 2903//2903 2904//2904 2905//2905
f 2906//2906 2907//2907 2908//2908
f 2909//2909 2910//2910 2911//2911
f 2912//2912 2913//2913 2914//2914
f 2915//2915 2916//2916 2917//2917
f 2918//2918 2919//2919 2920//2920
f 2921//2921 2922//2922 2923//2923
f 2924//2924 2925//2925 2926//2926
f 2927//2927 2928//2928 2929//2929
f 2930//2930 2931//2931 2932//2932
f 2933//2933 2934//2934 2935//2935
f 2936//2936 2937//2937 2938//2938
f 2939//2939 2940//2940 2941//2941
f 2942//2942 2943//2943 2944//2944
f 2945//2945 2946//2946 2947//2947
f 2948//2948 2949//2949 2950//2950
f 2951//2951 2952//2952 2953//2953
f 2954//2954 2955//2955 2956//2956
f 2957//2957 2958//2958 2959//2959
f 2960//2960 2961//2961 2962//2962
f 2963//2963 2964//2964 2965//2965
f 2966//2966 2967//2967 2968//2968
f 2969//2969 2970//2970 2971//2971
f 2972//2972 2973//2973 2974//2974
f 2975//2975 2976//2976 2977//2977
f 2978//2978 2979//2979 2980//2980
f 2981//2981 2982//2982 2983//2983
f 2984//2984 2985//2985 2986//2986
f 2987//2987 2988//2988 2989//2989
f 2990//2990 2991//2991 2992//2992
f 2993//2993 2994//2994 2995//2995
f 2996//2996 2997//2997 2998//2998
f 2999//2999 3000//3000 3001//3001
f 3002//3002 3003//3003 3004//3004
f 3005//3005 3006//3006 3007//3007
f 3008//3008 3009//3009 3010//3010
f 3011//3011 3012//3012 3013//3013
f 3014//3014 3015//3015 3016//3016
f 3017//3017 3018//3018 3019//3019
f 3020//3020 3021//3021 3022//3022
f 3023//3023 3024//3024 3025//3025
f 3026//3026 3027//3027 3028//3028
f 3029//3029 3030//3030 3031//3031
f 3032//3032 3033//3033 3034//3034
f 3035//3035 3036//3036 3037//3037
f 3038//3038 3039//3039 3040//3040
f 3041//3041 3042//3042 3043//3043
f 3044//3044 3045//3045 3046//3046
f 3047//3047 3048//3048 3049//3049
f 3050//3050 3051//3051 3052//3052
f 3053//3053 3054//3054 3055//3055
f 3056//3056 3057//3057 3058//3058
f 3059//3059 3060//3060 3061//3061
f 3062//3062 3063//3063 3064//3064
f 3065//3065 3066//3066 3067//3067
f 3068//3068 3069//3069 3070//3070
f 3071//3071 3072//3072 3073//3073
f 3074//3074 3075//3075 3076//3076
f 3077//3077 3078//3078 3079//3079
f 3080//3080 3081//3081 3082//3082
f 3083//3083 3084//3084 3085//3085
f 3086//3086 3087//3087 3088//3088
f 3089//3089 3090//3090 3091//3091
f 3092//3092 3093//3093 3094//3094
f 3095//3095 3096//3096 3097//3097
f 3098//3098 3099//3099 3100//3100
f 3101//3101 3102//3102 3103//3103
f 3104//3104 3105//3105 3106//3106
f 3107//3107 3108//3108 3109//3109
f 3110//3110 3111//3111 3112//3112
f 3113//3113 3114//3114 3115//3115
f 3116//3116 3117//3117 3118//3118
f 3119//3119 3120//3120 3121//3121
f 3122//3122 3123//3123 3124//3124
f 3125//3125 3126//3126 3127//3127
f 3128//3128 3129//3129 3130//3130
f 3131//3131 3132//3132 3133//3133
f 3134//3134 3135//3135 3136//3136
f 3137//3137 3138//3138 3139//3139
f 3140//3140 3141//3141 3142//3142
f 3143//3143 3144//3144 3145//3145
f 3146//3146 3147//3147 3148//3148
f 3149//3149 3150//3150 3151//3151
f 3152//3152 3153//3153 3154//3154
f 3155//3155 3156//3156 3157//3157
f 3158//3158 3159//3159 3160//3160
f 3161//3161 3162//3162 3163//3163
f 3164//3164 3165//3165 3166//3166
f 3167//3167 3168//3168 3169//3169
f 3170//3170 3171//3171 3172//3172
f 3173//3173 3174//3174 3175//3175
f 3176//3176 3177//3177 3178//3178
f 3179//3179 3180//3180 3181//3181
f 3182//3182 3183//3183 3184//3184
f 3185//3185 3186//3186 3187//3187
f 3188//3188 3189//3189 3190//3190
f 3191//3191 3192//3192 3193//3193
f 3194//3194 3195//3195 3196//3196
f 3197//3197 3198//3198 3199//3199
f 3200//3200 3201//3201 3202//3202
f 3203//3203 3204//3204 3205//3205
f 3206//3206 3207//3207 3208//3208
f 3209//3209 3210//3210 3211//3211
f 3212//3212 3213//3213 3214//3214
f 3215//3215 3216//3216 3217//3217
f 3218//3218 3219//3219 3220//3220
f 3221//3221 3222//3222 3223//3223
f 3224//3224 3225//3225 3226//3226
f 3227//3227 3228//3228 3229//3229
f 3230//3230 3231//3231 3232//3232
f 3233//3233 3234//3234 3235//3235
f 3236//3236 3237//3237 3238//3238
f 3239//3239 3240//3240 3241//3241
f 3242//3242 3243//3243 3244//3244
f 3245//3245 3246//3246 3247//3247
f 3248//3248 3249//3249 3250//3250
f 3251//3251 3252//3252 3253//3253
f 3254//3254 3255//3255 3256//3256
f 3257//3257 3258//3258 3259//3259
f 3260//3260 3261//3261 3262//3262
f 3263//3263 3264//3264 3265//3265
f 3266//3266 3267//3267 3268//3268
f 3269//3269 3270//3270 3271//3271
f 3272//3272 3273//3273 3274//3274
f 3275//3275 3276//3276 3277//3277
f 3278//3278 3279//3279 3280//3280
f 3281//3281 3282//3282 3283//3283
f 3284//3284 3285//3285 3286//3286
f 3287//3287 3288//3288 3289//3289
f 3290//3290 3291//3291 3292//3292
f 3293//3293 3294//3294 3295//3295
f 3296//3296 3297//3297 3298//3298
f 3299//3299 3300//3300 3301//3301
f 3302//3302 3303//3303 3304//3304
f 3305//3305 3306//3306 3307//3307
f 3308//3308 3309//3309 3310//3310
f 3311//3311 3312//3312 3313//3313
f 3314//3314 3315//3315 3316//3316
f 3317//3317 3318//3318 3319//3319
f 3320//3320 3321//3321 3322//3322
f 3323//3323 3324//3324 3325//3325
f 3326//3326 3327//3327 3328//3328
f 3329//3329 3330//3330 3331//3331
f 3332//3332 3333//3333 3334//3334
f 3335//3335 3336//3336 3337//3337
f 3338//3338 3339//3339 3340//3340
f 3341//3341 3342//3342 3343//3343
f 3344//3344 3345//3345 3346//3346
f 3347//3347 3348//3348 3349//3349
f 3350//3350 3351//3351 3352//3352
f 3353//3353 3354//3354 3355//3355
f 3356//3356 3357//3357 3358//3358
f 3359//3359 3360//3360 3361//3361
f 3362//3362 3363//3363 3364//3364
f 3365//3365 3366//3366 3367//3367
f 3368//3368 3369//3369 3370//3370
f 3371//3371 3372//3372 3373//3373
f 3374//3374 3375//3375 3376//3376
f 3377//3377 3378//3378 3379//3379
f 3380//3380 3381//3381 3382//3382
f 3383//3383 3384//3384 3385//3385
f 3386//3386 3387//3387 3388//3388
f 3389//3389 3390//3390 3391//3391
f 3392//3392 3393//3393 3394//3394
f 3395//3395 3396//3396 3397//3397
f 3398//3398 3399//3399 3400//3400
f 3401//3401 3402//3402 3403//3403
f 3404//3404 3405//3405 3406//3406
f 3407//3407 3408//3408 3409//3409
f 3410//3410 3411//3411 3412//3412
f 3413//3413 3414//3414 3415//3415
f 3416//3416 3417//3417 3418//3418
f 3419//3419 3420//3420 3421//3421
f 3422//3422 3423//3423 3424//3424
f 3425//3425 3426//3426 3427//3427
f 3428//3428 3429//3429 3430//3430
f 3431//3431 3432//3432 3433//3433
f 3434//3434 3435//3435 3436//3436
f 3437//3437 3438//3438 3439//3439
f 3440//3440 3441//3441 3442//3442
f 3443//3443 3444//3444 3445//3445
f 3446//3446 3447//3447 3448//3448
f 3449//3449 3450//3450 3451//3451
f 3452//3452 3453//3453 3454//3454
f 3455//3455 3456//3456 3457//3457
f 3458//3458 3459//3459 3460//3460
f 3461//3461 3462//3462 3463//3463
f 3464//3464 3465//3465 3466//3466
f 3467//3467 3468//3468 3469//3469
f 3470//3470 3471//3471 3472//3472
f 3473//3473 3474//3474 3475//3475
f 3476//3476 3477//3477 3478//3478
f 3479//3479 3480//3480 3481//3481
f 3479//3479 3481//3481 3482//3482
f 3483//3483 3484//3484 3485//3485
f 3486//3486 3487//3487 3488//3488
f 3489//3489 3490//3490 3491//3491
f 3492//3492 3493//3493 3494//3494
f 3495//3495 3496//3496 3497//3497
f 3498//3498 3499//3499 3500//3500
f 3501//3501 3502//3502 3503//3503
f 3504//3504 3505//3505 3506//3506
f 3507//3507 3508//3508 3509//3509
f 3510//3510 3511//3511 3512//3512
f 3513//3513 3514//3514 3515//3515
f 3516//3516 3517//3517 3518//3518
f 3519//3519 3520//3520 3521//3521
f 3522//3522 3523//3523 3524//3524
f 3525//3525 3526//3526 3527//3527
f 3528//3528 3529//3529 3530//3530
f 3531//3531 3532//3532 3533//3533
f 3534//3534 3535//3535 3536//3536
f 3537//3537 3538//3538 3539//3539
f 3540//3540 3541//3541 3542//3542
f 3543//3543 3544//3544 3545//3545
f 3546//3546 3547//3547 3548//3548
f 3549//3549 3550//3550 3551//3551
f 3549//3549 3551//3551 3552//3552
f 3553//3553 3554//3554 3555//3555
f 3556//3556 3557//3557 3558//3558
f 3559//3559 3560//3560 3561//3561
f 3562//3562 3563//3563 3564//3564
f 3565//3565 3566//3566 3567//3567
f 3568//3568 3569//3569 3570//3570
f 3571//3571 3572//3572 3573//3573
f 3574//3574 3575//3575 3576//3576
f 3577//3577 3578//3578 3579//3579
f 3580//3580 3581//3581 3582//3582
f 3583//3583 3584//3584 3585//3585
f 3586//3586 3587//3587 3588//3588
f 3589//3589 3590//3590 3591//3591
f 3592//3592 3593//3593 3594//3594
f 3595//3595 3596//3596 3597//3597
f 3598//3598 3599//3599 3600//3600
f 3601//3601 3602//3602 3603//3603
f 3604//3604 3605//3605 3606//3606
f 3607//3607 3608//3608 3609//3609
f 3610//3610 3611//3611 3612//3612
f 3613//3613 3614//3614 3615//3615
f 3616//3616 3617//3617 3618//3618
f 3619//3619 3620//3620 3621//3621
f 3622//3622 3623//3623 3624//3624
f 3625//3625 3626//3626 3627//3627
f 3628//3628 3629//3629 3630//3630
f 3631//3631 3632//3632 3633//3633
f 3634//3634 3635//3635 3636//3636
f 3637//3637 3638//3638 3639//3639
f 3640//3640 3641//3641 3642//3642
f 3643//3643 3644//3644 3645//3645
f 3646//3646 3647//3647 3648//3648
f 3649//3649 3650//3650 3651//3651
f 3652//3652 3653//3653 3654//3654
f 3655//3655 3656//3656 3657//3657
f 3658//3658 3659//3659 3660//3660
f 3661//3661 3662//3662 3663//3663
f 3664//3664 3665//3665 3666//3666
f 3667//3667 3668//3668 3669//3669
f 3670//3670 3671//3671 3672//3672
f 3673//3673 3674//3674 3675//3675
f 3676//3676 3677//3677 3678//3678
f 3679//3679 3680//3680 3681//3681
f 3682//3682 3683//3683 3684//3684
f 3685//3685 3686//3686 3687//3687
f 3688//3688 3689//3689 3690//3690
f 3691//3691 3692//3692 3693//3693
f 3694//3694 3695//3695 3696//3696
f 3697//3697 3698//3698 3699//3699
f 3700//3700 3701//3701 3702//3702
f 3703//3703 3704//3704 3705//3705
f 3706//3706 3707//3707 3708//3708
f 3709//3709 3710//3710 3711//3711
f 3712//3712 3713//3713 3714//3714
f 3715//3715 3716//3716 3717//3717
f 3718//3718 3719//3719 3720//3720
f 3721//3721 3722//3722 3723//3723
f 3724//3724 3725//3725 3726//3726
f 3727//3727 3728//3728 3729//3729
f 3730//3730 3731//3731 3732//3732
f 3733//3733 3734//3734 3735//3735
f 3736//3736 3737//3737 3738//3738
f 3739//3739 3740//3740 3741//3741
f 3742//3742 3743//3743 3744//3744
f 3745//3745 3746//3746 3747//3747
f 3748//3748 3749//3749 3750//3750
f 3751//3751 3752//3752 3753//3753
f 3754//3754 3755//3755 3756//3756
f 3757//3757 3758//3758 3759//3759
f 3760//3760 3761//3761 3762//3762
f 3763//3763 3764//3764 3765//3765
f 3766//3766 3767//3767 3768//3768
f 3769//3769 3770//3770 3771//3771
f 3772//3772 3773//3773 3774//3774
f 3775//3775 3776//3776 3777//3777
f 3778//3778 3779//3779 3780//3780
f 3781//3781 3782//3782 3783//3783
f 3781//3781 3783//3783 3784//3784
f 3785//3785 3786//3786 3787//3787
f 3788//3788 3789//3789 3790//3790
f 3791//3791 3792//3792 3793//3793
f 3794//3794 3795//3795 3796//3796
f 3797//3797 3798//3798 3799//3799
f 3800//3800 3801//3801 3802//3802
f 3803//3803 3804//3804 3805//3805
f 3806//3806 3807//3807 3808//3808
f 3809//3809 3810//3810 3811//3811
f 3812//3812 3813//3813 3814//3814
f 3815//3815 3816//3816 3817//3817
f 3818//3818 3819//3819 3820//3820
f 3821//3821 3822//3822 3823//3823
f 3824//3824 3825//3825 3826//3826
f 3827//3827 3828//3828 3829//3829
f 3830//3830 3831//3831 3832//3832
f 3833//3833 3834//3834 3835//3835
f 3836//3836 3837//3837 3838//3838
f 3839//3839 3840//3840 3841//3841
f 3842//3842 3843//3843 3844//3844
f 3845//3845 3846//3846 3847//3847
f 3848//3848 3849//3849 3850//3850
f 3851//3851 3852//3852 3853//3853
f 3854//3854 3855//3855 3856//3856
f 3857//3857 3858//3858 3859//3859
f 3860//3860 3861//3861 3862//3862
f 3863//3863 3864//3864 3865//3865
f 3866//3866 3867//3867 3868//3868
f 3869//3869 3870//3870 3871//3871
f 3872//3872 3873//3873 3874//3874
f 3875//3875 3876//3876 3877//3877
f 3878//3878 3879//3879 3880//3880
f 3881//3881 3882//3882 3883//3883
f 3884//3884 3885//3885 3886//3886
f 3887//3887 3888//3888 3889//3889
f 3890//3890 3891//3891 3892//3892
f 3893//3893 3894//3894 3895//3895
f 3896//3896 3897//3897 3898//3898
f 3899//3899 3900//3900 3901//3901
f 3902//3902 3903//3903 3904//3904
f 3905//3905 3356//3356 3358//3358
f 3906//3906 3907//3907 3908//3908
f 3909//3909 3910//3910 3911//3911
f 3912//3912 3913//3913 3914//3914
f 3915//3915 3916//3916 3917//3917
f 3918//3918 3919//3919 3920//3920
f 3921//3921 3922//3922 3923//3923
f 3924//3924 3925//3925 3926//3926
f 3927//3927 3928//3928 3929//3929
f 3930//3930 3931//3931 3932//3932
f 3933//3933 3934//3934 3935//3935
f 3936//3936 3937//3937 3938//3938
f 3939//3939 3940//3940 3941//3941
f 3942//3942 3943//3943 3944//3944
f 3945//3945 3946//3946 3947//3947
f 3948//3948 3949//3949 3950//3950
f 3951//3951 3952//3952 3953//3953
f 3954//3954 3955//3955 3956//3956
f 3957//3957 3958//3958 3959//3959
f 3960//3960 3961//3961 3962//3962
f 3963//3963 3964//3964 3965//3965
f 3966//3966 3967//3967 3968//3968
f 3969//3969 3970//3970 3971//3971
f 3972//3972 3973//3973 3974//3974
f 3975//3975 3976//3976 3977//3977
f 3978//3978 3979//3979 3980//3980
f 3981//3981 3982//3982 3983//3983
f 3984//3984 3985//3985 3986//3986
f 3987//3987 3988//3988 3989//3989
f 3990//3990 3991//3991 3992//3992
f 3993//3993 3994//3994 3995//3995
f 3406//3406 3996//3996 3404//3404
f 3997//3997 3998//3998 3999//3999
f 4000//4000 4001//4001 4002//4002
f 4003//4003 4004//4004 4005//4005
f 4006//4006 4007//4007 4008//4008
f 4009//4009 3440//3440 3442//3442
f 4010//4010 4011//4011 4012//4012
f 4013//4013 3446//3446 3448//3448
f 4014//4014 4015//4015 4016//4016
f 4017//4017 4018//4018 4019//4019
f 4020//4020 4021//4021 4022//4022
f 4023//4023 4024//4024 4025//4025
f 4026//4026 4027//4027 4028//4028
f 4029//4029 4030//4030 4031//4031
f 4032//4032 4033//4033 4034//4034
f 4035//4035 4036//4036 4037//4037
f 4038//4038 4039//4039 4040//4040
f 4041//4041 4042//4042 4043//4043
f 4044//4044 4045//4045 4046//4046
f 4047//4047 4048//4048 4049//4049
f 4050//4050 4051//4051 4052//4052
f 4053//4053 4054//4054 4055//4055
f 4056//4056 4057//4057 4058//4058
f 4059//4059 4060//4060 4061//4061
f 4062//4062 4063//4063 4064//4064
f 4065//4065 4066//4066 4067//4067
f 4068//4068 3506//3506 3505//3505
f 4069//4069 4070//4070 4071//4071
f 4072//4072 4073//4073 4074//4074
f 4075//4075 4076//4076 4077//4077
f 4078//4078 4079//4079 4080//4080
f 4081//4081 4082//4082 4083//4083
f 4084//4084 4085//4085 4086//4086
f 4087//4087 4088//4088 4089//4089
f 4090//4090 4091//4091 4092//4092
f 4093//4093 4094//4094 4095//4095
f 4096//4096 4097//4097 4098//4098
f 4099//4099 4100//4100 4101//4101
f 4102//4102 4103//4103 4104//4104
f 4105//4105 4106//4106 4107//4107
f 4108//4108 4109//4109 4110//4110
f 4111//4111 4112//4112 4113//4113
f 4114//4114 4115//4115 4116//4116
f 4117//4117 4118//4118 4119//4119
f 4120//4120 4121//4121 4122//4122
f 4123//4123 4124//4124 4125//4125
f 4126//4126 4127//4127 4128//4128
f 4129//4129 4130//4130 4131//4131
f 4132//4132 4133//4133 4134//4134
f 4135//4135 4136//4136 4137//4137
f 4138//4138 4139//4139 4140//4140
f 4141//4141 4142//4142 4143//4143
f 4144//4144 4145//4145 4146//4146
f 4147//4147 4148//4148 4149//4149
f 4150//4150 4151//4151 4152//4152
f 4153//4153 4154//4154 4155//4155
f 4156//4156 4157//4157 4158//4158
f 4159//4159 4160//4160 4161//4161
f 4162//4162 4163//4163 4164//4164
f 4165//4165 4166//4166 4167//4167
f 4168//4168 4169//4169 4170//4170
f 4171//4171 4172//4172 4173//4173
f 4174//4174 4175//4175 4176//4176
f 4177//4177 4178//4178 4179//4179
f 4180//4180 4181//4181 4182//4182
f 4183//4183 4184//4184 4185//4185
f 4186//4186 4187//4187 4188//4188
f 4189//4189 4190//4190 4191//4191
f 4192//4192 4193//4193 4194//4194
f 4195//4195 4196//4196 4197//4197
f 4198//4198 4199//4199 4200//4200
f 4201//4201 3747//3747 3746//3746
f 4202//4202 4203//4203 4204//4204
f 4205//4205 4206//4206 4207//4207
f 4208//4208 4209//4209 4210//4210
f 4211//4211 4212//4212 4213//4213
f 4214//4214 4215//4215 4216//4216
f 4217//4217 4218//4218 4219//4219
f 4220//4220 4221//4221 4222//4222
f 4223//4223 4224//4224 4225//4225
f 4226//4226 4227//4227 4228//4228
f 4229//4229 4230//4230 4231//4231
f 4232//4232 4233//4233 4234//4234
f 4235//4235 4236//4236 4237//4237
f 4238//4238 4239//4239 4240//4240
f 4241//4241 4242//4242 4243//4243
f 4244//4244 4245//4245 4246//4246
f 4247//4247 4248//4248 4249//4249
f 4250//4250 4251//4251 4252//4252
f 4253//4253 4254//4254 4255//4255
f 4256//4256 4257//4257 4258//4258
f 4259//4259 4260//4260 4261//4261
f 4262//4262 4263//4263 4264//4264
f 4265//4265 4266//4266 4267//4267
f 3784//3784 4268//4268 3781//3781
f 4269//4269 4270//4270 4271//4271
f 4272//4272 4273//4273 4274//4274
f 4275//4275 4276//4276 4277//4277
f 4278//4278 4279//4279 4280//4280
f 4281//4281 4282//4282 4283//4283
f 4284//4284 4285//4285 4286//4286
f 4287//4287 4288//4288 4289//4289
f 4290//4290 4291//4291 4292//4292
f 4293//4293 4294//4294 4295//4295
f 4296//4296 4297//4297 4298//4298
f 4299//4299 4300//4300 4301//4301
f 4302//4302 4303//4303 4304//4304
f 4305//4305 4306//4306 4307//4307
f 4308//4308 4309//4309 4310//4310
f 4311//4311 3830//3830 3832//3832
f 4312//4312 4313//4313 4314//4314
f 4315//4315 4316//4316 4317//4317
f 4318//4318 4319//4319 4320//4320
f 4321//4321 4322//4322 4323//4323
f 4324//4324 4325//4325 4326//4326
f 4327//4327 4328//4328 4329//4329
f 4330//4330 4331//4331 4332//4332
f 4333//4333 4334//4334 4335//4335
f 4336//4336 4337//4337 4338//4338
f 4339//4339 4340//4340 4341//4341
f 4341//4341 4340//4340 4342//4342
f 4343//4343 4344//4344 4345//4345
f 4346//4346 4347//4347 4348//4348
f 4349//4349 4350//4350 4351//4351
f 4352//4352 4353//4353 4354//4354
f 4355//4355 4356//4356 4357//4357
f 4358//4358 4359//4359 4360//4360
f 4361//4361 4362//4362 4363//4363
f 4364//4364 4365//4365 4366//4366
f 4367//4367 4368//4368 4369//4369
f 4370//4370 4371//4371 4372//4372
f 4373//4373 4374//4374 4375//4375
f 4376//4376 4377//4377 4378//4378
f 4379//4379 4380//4380 4381//4381
f 4382//4382 4383//4383 4384//4384
f 4385//4385 4386//4386 4387//4387
f 4388//4388 4389//4389 4390//4390
f 4391//4391 4392//4392 4393//4393
f 4394//4394 4395//4395 4396//4396
f 4397//4397 4398//4398 4399//4399
f 4400//4400 4401//4401 4402//4402
f 4403//4403 4404//4404 4405//4405
f 4406//4406 4407//4407 4408//4408
f 4409//4409 4410//4410 4411//4411
f 4412//4412 4413//4413 4414//4414
f 4415//4415 4416//4416 4417//4417
f 4418//4418 4419//4419 4420//4420
f 4421//4421 4422//4422 4423//4423
f 4424//4424 4425//4425 4426//4426
f 4427//4427 4428//4428 4429//4429
f 4430//4430 4431//4431 4432//4432
f 4433//4433 4434//4434 4435//4435
f 4436//4436 4437//4437 4438//4438
f 4439//4439 4440//4440 4441//4441
f 4442//4442 4443//4443 4444//4444
f 4445//4445 4446//4446 4447//4447
f 4448//4448 4449//4449 4450//4450
f 4451//4451 4452//4452 4453//4453
f 4454//4454 4455//4455 4456//4456
f 4457//4457 4458//4458 4459//4459
f 4460//4460 4461//4461 4462//4462
f 4463//4463 4464//4464 4465//4465
f 4466//4466 4467//4467 4468//4468
f 4469//4469 4470//4470 4471//4471
f 4472//4472 4473//4473 4474//4474
f 4475//4475 4476//4476 4477//4477
f 4478//4478 4479//4479 4480//4480
f 4481//4481 4482//4482 4483//4483
f 4484//4484 4485//4485 4486//4486
f 4487//4487 4488//4488 4489//4489
f 4490//4490 4491//4491 4492//4492
f 4493//4493 4494//4494 4495//4495
f 4495//4495 4494//4494 4496//4496
f 4497//4497 4498//4498 4499//4499
f 4500//4500 4501//4501 4502//4502
f 4503//4503 4504//4504 4505//4505
f 4506//4506 4507//4507 4508//4508
f 4509//4509 4510//4510 4511//4511
f 4512//4512 4513//4513 4514//4514
f 4515//4515 4516//4516 4517//4517
f 4518//4518 4519//4519 4520//4520
f 4521//4521 4522//4522 4523//4523
f 4524//4524 4525//4525 4526//4526
f 4527//4527 4528//4528 4529//4529
f 4530//4530 4531//4531 4532//4532
f 4533//4533 4534//4534 4535//4535
f 4536//4536 4537//4537 4538//4538
f 4539//4539 4540//4540 4541//4541
f 4542//4542 4543//4543 4544//4544
f 4545//4545 4546//4546 4547//4547
f 4548//4548 4549//4549 4550//4550
f 4551//4551 4552//4552 4553//4553
f 4553//4553 4552//4552 4554//4554
f 4555//4555 4556//4556 4557//4557
f 4558//4558 4559//4559 4560//4560
f 4561//4561 4562//4562 4563//4563
f 4564//4564 4565//4565 4566//4566
f 4567//4567 4568//4568 4569//4569
f 4570//4570 4571//4571 4572//4572
f 4573//4573 4574//4574 4575//4575
f 4576//4576 4577//4577 4578//4578
f 4579//4579 4580//4580 4581//4581
f 4582//4582 4583//4583 4584//4584
f 4585//4585 4586//4586 4587//4587
f 4588//4588 4589//4589 4590//4590
f 4591//4591 4592//4592 4593//4593
f 4594//4594 4595//4595 4596//4596
f 4597//4597 4598//4598 4599//4599
f 4600//4600 4601//4601 4602//4602
f 4603//4603 4604//4604 4605//4605
f 4606//4606 4607//4607 4608//4608
f 4609//4609 4610//4610 4611//4611
f 4612//4612 4613//4613 4614//4614
f 4615//4615 4616//4616 4617//4617
f 4618//4618 4619//4619 4620//4620
f 4621//4621 4622//4622 4623//4623
f 4624//4624 4625//4625 4626//4626
f 4627//4627 4628//4628 4629//4629
f 4630//4630 4631//4631 4632//4632
f 4633//4633 4634//4634 4635//4635
f 4636//4636 4637//4637 4638//4638
f 4639//4639 4640//4640 4641//4641
f 4642//4642 4643//4643 4644//4644
f 4645//4645 4646//4646 4647//4647
f 4648//4648 4649//4649 4650//4650
f 4651//4651 4652//4652 4653//4653
f 4654//4654 4655//4655 4656//4656
f 4657//4657 4658//4658 4659//4659
f 4660//4660 4661//4661 4662//4662
f 4663//4663 4664//4664 4665//4665
f 4666//4666 4667//4667 4668//4668
f 4669//4669 4670//4670 4671//4671
f 4672//4672 4673//4673 4674//4674
f 4675//4675 4676//4676 4677//4677
f 4678//4678 4679//4679 4680//4680
f 4681//4681 4682//4682 4683//4683
f 4684//4684 4685//4685 4686//4686
f 4687//4687 4688//4688 4689//4689
f 4690//4690 4691//4691 4692//4692
f 4693//4693 4694//4694 4695//4695
f 4696//4696 4697//4697 4698//4698
f 4699//4699 4700//4700 4701//4701
f 4702//4702 4703//4703 4704//4704
f 4705//4705 4706//4706 4707//4707
f 4708//4708 4709//4709 4710//4710
f 4711//4711 4712//4712 4713//4713
f 4714//4714 4715//4715 4716//4716
f 4717//4717 4718//4718 4719//4719
f 4720//4720 4721//4721 4722//4722
f 4723//4723 4724//4724 4725//4725
f 4726//4726 4727//4727 4728//4728
f 4729//4729 4730//4730 4731//4731
f 4732//4732 4733//4733 4734//4734
f 4735//4735 4736//4736 4737//4737
f 4738//4738 4739//4739 4740//4740
f 4741//4741 4742//4742 4743//4743
f 4744//4744 4745//4745 4746//4746
f 4747//4747 4748//4748 4749//4749
f 4750//4750 4751//4751 4752//4752
f 4753//4753 4754//4754 4755//4755
f 4756//4756 4757//4757 4758//4758
f 4759//4759 4760//4760 4761//4761
f 4762//4762 4763//4763 4764//4764
f 4765//4765 4766//4766 4767//4767
f 4768//4768 4769//4769 4770//4770
f 4771//4771 4772//4772 4773//4773
f 4774//4774 4775//4775 4776//4776
f 4777//4777 4778//4778 4779//4779
f 4780//4780 4781//4781 4782//4782
f 4783//4783 4784//4784 4785//4785
f 4786//4786 4787//4787 4788//4788
f 4789//4789 4790//4790 4791//4791
f 4792//4792 4793//4793 4794//4794
f 4795//4795 4796//4796 4797//4797
f 4798//4798 4799//4799 4800//4800
f 4801//4801 4802//4802 4803//4803
f 4803//4803 4802//4802 4804//4804
f 4805//4805 4806//4806 4807//4807
f 4808//4808 4809//4809 4810//4810
f 4811//4811 4812//4812 4813//4813
f 4814//4814 4815//4815 4816//4816
f 4817//4817 4818//4818 4819//4819
f 4820//4820 4821//4821 4822//4822
f 4823//4823 4824//4824 4825//4825
f 4826//4826 4827//4827 4828//4828
f 4829//4829 4830//4830 4831//4831
f 4832//4832 4833//4833 4834//4834
f 4835//4835 4836//4836 4837//4837
f 4838//4838 4839//4839 4840//4840
f 4841//4841 4842//4842 4843//4843
f 4844//4844 4845//4845 4846//4846
f 4847//4847 4848//4848 4849//4849
f 4850//4850 4851//4851 4852//4852
f 4853//4853 4854//4854 4855//4855
f 4856//4856 4857//4857 4858//4858
f 4859//4859 4860//4860 4861//4861
f 4862//4862 4863//4863 4864//4864
f 4865//4865 4866//4866 4867//4867
f 4868//4868 4869//4869 4870//4870
f 4871//4871 4872//4872 4873//4873
f 4874//4874 4875//4875 4876//4876
f 4877//4877 4878//4878 4879//4879
f 4880//4880 4881//4881 4882//4882
f 4883//4883 4823//4823 4825//4825
f 4884//4884 4885//4885 4886//4886
f 4887//4887 4888//4888 4889//4889
f 4890//4890 4891//4891 4892//4892
f 4890//4890 4892//4892 4893//4893
f 4894//4894 4895//4895 4896//4896
f 4897//4897 4898//4898 4899//4899
f 4900//4900 4901//4901 4902//4902
f 4903//4903 4904//4904 4905//4905
f 4906//4906 4907//4907 4908//4908
f 4909//4909 4910//4910 4911//4911
f 4912//4912 4913//4913 4914//4914
f 4915//4915 4916//4916 4917//4917
f 4918//4918 4919//4919 4920//4920
f 4921//4921 4922//4922 4923//4923
f 4924//4924 4925//4925 4926//4926
f 4927//4927 4868//4868 4870//4870
f 4928//4928 4929//4929 4930//4930
f 4931//4931 4932//4932 4933//4933
f 4934//4934 4935//4935 4936//4936
f 4937//4937 4938//4938 4939//4939
f 4940//4940 4941//4941 4942//4942
f 4943//4943 4944//4944 4945//4945
f 4946//4946 4947//4947 4948//4948
f 4949//4949 4950//4950 4951//4951
f 4952//4952 4894//4894 4953//4953
f 4954//4954 4955//4955 4956//4956
f 4957//4957 4958//4958 4959//4959
f 4960//4960 4961//4961 4962//4962
f 4963//4963 4964//4964 4965//4965
f 4966//4966 4967//4967 4968//4968
f 4969//4969 4970//4970 4971//4971
f 4972//4972 4973//4973 4974//4974
f 4975//4975 4976//4976 4977//4977
f 4978//4978 4979//4979 4980//4980
f 4981//4981 4982//4982 4983//4983
f 4984//4984 4985//4985 4986//4986
f 4987//4987 4988//4988 4989//4989
f 4990//4990 4991//4991 4992//4992
f 4993//4993 4994//4994 4995//4995
f 4996//4996 4997//4997 4998//4998
f 4999//4999 5000//5000 5001//5001
f 5002//5002 5003//5003 5004//5004
f 5005//5005 5006//5006 5007//5007
f 5008//5008 5009//5009 5010//5010
f 5011//5011 5012//5012 5013//5013
f 5014//5014 5015//5015 5016//5016
f 5017//5017 5018//5018 5019//5019
f 5020//5020 5021//5021 5022//5022
f 5023//5023 5024//5024 5025//5025
f 5026//5026 5027//5027 5028//5028
f 5029//5029 5030//5030 5031//5031
f 5032//5032 5033//5033 5034//5034
f 5035//5035 5036//5036 5037//5037
f 5038//5038 5039//5039 5040//5040
f 5041//5041 5042//5042 5043//5043
f 5044//5044 5045//5045 5046//5046
f 5047//5047 5048//5048 5049//5049
f 5050//5050 5051//5051 5052//5052
f 5053//5053 5054//5054 5055//5055
f 5056//5056 5057//5057 5058//5058
f 5059//5059 5060//5060 5061//5061
f 5062//5062 5063//5063 5064//5064
f 5065//5065 5066//5066 5067//5067
f 5068//5068 5069//5069 5070//5070
f 5071//5071 5072//5072 5073//5073
f 5074//5074 5075//5075 5076//5076
f 5077//5077 5078//5078 5079//5079
f 5080//5080 5081//5081 5082//5082
f 5083//5083 5084//5084 5085//5085
f 5086//5086 5087//5087 5088//5088
f 5089//5089 5090//5090 5091//5091
f 5092//5092 5093//5093 5094//5094
f 5095//5095 5096//5096 5097//5097
f 5098//5098 5099//5099 5100//5100
f 5101//5101 5102//5102 5103//5103
f 5104//5104 5105//5105 5106//5106
f 5107//5107 5108//5108 5109//5109
f 5110//5110 5111//5111 5112//5112
f 5113//5113 5114//5114 5115//5115
f 5116//5116 5117//5117 5118//5118
f 5119//5119 5120//5120 5121//5121
f 5122//5122 5123//5123 5124//5124
f 5125//5125 5107//5107 5109//5109
f 5126//5126 5127//5127 5128//5128
f 5129//5129 5130//5130 5131//5131
f 5132//5132 5133//5133 5134//5134
f 5135//5135 5136//5136 5137//5137
f 5138//5138 5139//5139 5140//5140
f 5141//5141 5142//5142 5143//5143
f 5144//5144 5145//5145 5146//5146
f 5147//5147 5148//5148 5149//5149
f 5150//5150 5151//5151 5152//5152
f 5153//5153 5154//5154 5155//5155
f 5156//5156 5157//5157 5158//5158
f 5159//5159 5160//5160 5161//5161
f 5162//5162 5163//5163 5164//5164
f 5165//5165 5166//5166 5167//5167
f 5168//5168 5169//5169 5170//5170
f 5171//5171 5172//5172 5173//5173
f 5174//5174 5175//5175 5176//5176
f 5177//5177 5178//5178 5179//5179
f 5180//5180 5181//5181 5182//5182
f 5183//5183 5184//5184 5185//5185
f 5186//5186 5187//5187 5188//5188
f 5189//5189 5190//5190 5191//5191
f 5192//5192 5193//5193 5194//5194
f 5195//5195 5196//5196 5197//5197
f 5198//5198 5199//5199 5200//5200
f 5201//5201 5202//5202 5203//5203
f 5204//5204 5205//5205 5206//5206
f 5207//5207 5208//5208 5209//5209
f 5210//5210 5211//5211 5212//5212
f 5213//5213 5214//5214 5215//5215
f 5216//5216 5217//5217 5218//5218
f 5219//5219 5220//5220 5221//5221
f 5222//5222 5223//5223 5224//5224
f 5225//5225 5226//5226 5227//5227
f 5228//5228 5229//5229 5230//5230
f 5231//5231 5232//5232 5233//5233
f 5231//5231 5233//5233 5234//5234
f 5235//5235 5236//5236 5237//5237
f 5238//5238 5239//5239 5240//5240
f 5241//5241 5242//5242 5243//5243
f 5244//5244 5245//5245 5246//5246
f 5247//5247 5248//5248 5249//5249
f 5250//5250 5251//5251 5252//5252
f 5253//5253 5254//5254 5255//5255
f 5256//5256 5257//5257 5258//5258
f 5259//5259 5260//5260 5261//5261
f 5262//5262 5263//5263 5264//5264
f 5265//5265 5266//5266 5267//5267
f 5268//5268 5269//5269 5270//5270
f 5271//5271 5272//5272 5273//5273
f 5274//5274 5275//5275 5276//5276
f 5277//5277 5278//5278 5279//5279
f 5280//5280 5281//5281 5282//5282
f 5283//5283 5284//5284 5285//5285
f 5286//5286 5287//5287 5288//5288
f 5289//5289 5290//5290 5291//5291
f 5292//5292 5293//5293 5294//5294
f 5295//5295 5296//5296 5297//5297
f 5298//5298 5299//5299 5300//5300
f 5301//5301 5302//5302 5303//5303
f 5304//5304 5305//5305 5306//5306
f 5307//5307 5308//5308 5309//5309
f 5310//5310 5311//5311 5312//5312
f 5313//5313 5314//5314 5315//5315
f 5316//5316 5317//5317 5318//5318
f 5319//5319 5320//5320 5321//5321
f 5322//5322 5323//5323 5324//5324
f 5325//5325 5326//5326 5327//5327
f 5328//5328 5329//5329 5330//5330
f 5331//5331 5332//5332 5333//5333
f 5334//5334 5335//5335 5336//5336
f 5337//5337 5338//5338 5339//5339
f 5340//5340 5341//5341 5342//5342
f 5343//5343 5344//5344 5345//5345
f 5346//5346 5347//5347 5348//5348
f 5349//5349 5350//5350 5351//5351
f 5352//5352 5353//5353 5354//5354
f 5355//5355 5356//5356 5357//5357
f 5358//5358 5359//5359 5360//5360
f 5361//5361 5362//5362 5363//5363
f 5364//5364 5365//5365 5366//5366
f 5367//5367 5368//5368 5369//5369
f 5370//5370 5371//5371 5372//5372
f 5373//5373 5374//5374 5375//5375
f 5376//5376 5377//5377 5378//5378
f 5379//5379 5380//5380 5381//5381
f 5382//5382 5383//5383 5384//5384
f 5385//5385 5386//5386 5387//5387
f 5388//5388 5389//5389 5390//5390
f 5391//5391 5392//5392 5393//5393
f 5394//5394 5395//5395 5396//5396
f 5397//5397 5398//5398 5399//5399
f 5400//5400 5401//5401 5402//5402
f 5403//5403 5404//5404 5405//5405
f 5406//5406 5407//5407 5408//5408
f 5409//5409 5410//5410 5411//5411
f 5412//5412 5413//5413 5414//5414
f 5415//5415 5416//5416 5417//5417
f 5418//5418 5419//5419 5420//5420
f 5421//5421 5422//5422 5423//5423
f 5424//5424 5425//5425 5426//5426
f 5427//5427 5428//5428 5429//5429
f 5430//5430 5431//5431 5432//5432
f 5433//5433 5434//5434 5435//5435
f 5436//5436 5437//5437 5438//5438
f 5439//5439 5440//5440 5441//5441
f 5442//5442 5443//5443 5444//5444
f 5445//5445 5005//5005 5007//5007
f 5446//5446 5447//5447 5448//5448
f 5449//5449 5450//5450 5451//5451
f 5452//5452 5453//5453 5454//5454
f 5455//5455 5456//5456 5457//5457
f 5458//5458 5459//5459 5460//5460
f 5461//5461 5462//5462 5463//5463
f 5464//5464 5465//5465 5466//5466
f 5467//5467 5468//5468 5469//5469
f 5470//5470 5471//5471 5472//5472
f 5473//5473 5474//5474 5475//5475
f 5476//5476 5477//5477 5478//5478
f 5479//5479 5480//5480 5481//5481
f 5482//5482 5483//5483 5484//5484
f 5485//5485 5486//5486 5487//5487
f 5488//5488 5489//5489 5490//5490
f 5491//5491 5492//5492 5493//5493
f 5494//5494 5495//5495 5496//5496
f 5497//5497 5498//5498 5499//5499
f 5500//5500 5501//5501 5502//5502
f 5503//5503 5504//5504 5505//5505
f 5490//5490 5506//5506 5488//5488
f 5507//5507 5508//5508 5509//5509
f 5510//5510 5511//5511 5512//5512
f 5513//5513 5514//5514 5515//5515
f 5516//5516 5517//5517 5518//5518
f 5519//5519 5520//5520 5521//5521
f 5519//5519 5521//5521 5522//5522
f 5523//5523 5524//5524 5525//5525
f 5526//5526 5527//5527 5528//5528
f 5529//5529 5530//5530 5531//5531
f 5532//5532 5533//5533 5534//5534
f 5535//5535 5536//5536 5537//5537
f 5538//5538 5539//5539 5540//5540
f 5541//5541 5542//5542 5543//5543
f 5544//5544 5545//5545 5546//5546
f 5547//5547 5548//5548 5549//5549
f 5550//5550 5551//5551 5552//5552
f 5553//5553 5554//5554 5555//5555
f 5556//5556 5557//5557 5558//5558
f 5559//5559 5560//5560 5561//5561
f 5562//5562 5563//5563 5564//5564
f 5565//5565 5566//5566 5567//5567
f 5568//5568 5569//5569 5570//5570
f 5571//5571 5572//5572 5573//5573
f 5574//5574 5575//5575 5576//5576
f 5577//5577 5578//5578 5579//5579
f 5580//5580 5581//5581 5582//5582
f 5583//5583 5584//5584 5585//5585
f 5586//5586 5587//5587 5588//5588
f 5589//5589 5590//5590 5591//5591
f 5592//5592 5593//5593 5594//5594
f 5595//5595 5596//5596 5597//5597
f 5598//5598 5599//5599 5600//5600
f 5601//5601 5602//5602 5603//5603
f 5604//5604 5605//5605 5606//5606
f 5607//5607 5608//5608 5609//5609
f 5610//5610 5611//5611 5612//5612
f 5613//5613 5614//5614 5615//5615
f 5616//5616 5617//5617 5618//5618
f 5619//5619 5620//5620 5621//5621
f 5622//5622 5623//5623 5624//5624
f 5625//5625 5626//5626 5627//5627
f 5625//5625 5627//5627 5628//5628
f 5629//5629 5140//5140 5139//5139
f 5630//5630 5631//5631 5632//5632
f 5633//5633 5634//5634 5635//5635
f 5636//5636 5637//5637 5638//5638
f 5639//5639 5640//5640 5641//5641
f 5642//5642 5643//5643 5644//5644
f 5645//5645 5646//5646 5647//5647
f 5648//5648 5649//5649 5650//5650
f 5651//5651 5652//5652 5653//5653
f 5654//5654 5655//5655 5656//5656
f 5657//5657 5658//5658 5659//5659
f 5660//5660 5661//5661 5662//5662
f 5663//5663 5664//5664 5665//5665
f 5666//5666 5667//5667 5668//5668
f 5669//5669 5670//5670 5671//5671
f 5672//5672 5673//5673 5674//5674
f 5675//5675 5676//5676 5677//5677
f 5678//5678 5679//5679 5680//5680
f 5681//5681 5682//5682 5683//5683
f 5684//5684 5685//5685 5686//5686
f 5687//5687 5688//5688 5689//5689
f 5690//5690 5691//5691 5692//5692
f 5693//5693 5694//5694 5695//5695
f 5696//5696 5697//5697 5698//5698
f 5699//5699 5700//5700 5701//5701
f 5702//5702 5703//5703 5704//5704
f 5705//5705 5706//5706 5707//5707
f 5708//5708 5709//5709 5710//5710
f 5711//5711 5712//5712 5713//5713
f 5714//5714 5715//5715 5716//5716
f 5717//5717 5718//5718 5719//5719
f 5720//5720 5721//5721 5722//5722
f 5723//5723 5724//5724 5725//5725
f 5726//5726 5727//5727 5728//5728
f 5729//5729 5730//5730 5731//5731
f 5732//5732 5733//5733 5734//5734
f 5735//5735 5736//5736 5737//5737
f 5738//5738 5739//5739 5740//5740
f 5741//5741 5742//5742 5743//5743
f 5744//5744 5745//5745 5746//5746
f 5747//5747 5748//5748 5749//5749
f 5750//5750 5751//5751 5752//5752
f 5753//5753 5754//5754 5755//5755
f 5756//5756 5757//5757 5758//5758
f 5759//5759 5760//5760 5761//5761
f 5762//5762 5763//5763 5764//5764
f 5765//5765 5766//5766 5767//5767
f 5768//5768 5769//5769 5770//5770
f 5771//5771 5772//5772 5773//5773
f 5774//5774 5775//5775 5776//5776
f 5777//5777 5778//5778 5779//5779
f 5780//5780 5781//5781 5782//5782
f 5783//5783 5784//5784 5785//5785
f 5786//5786 5787//5787 5788//5788
f 5789//5789 5790//5790 5791//5791
f 5792//5792 5793//5793 5794//5794
f 5795//5795 5796//5796 5797//5797
f 5798//5798 5799//5799 5800//5800
f 5801//5801 5802//5802 5803//5803
f 5804//5804 5805//5805 5806//5806
f 5807//5807 5808//5808 5809//5809
f 5810//5810 5811//5811 5812//5812
f 5813//5813 5814//5814 5815//5815
f 5816//5816 5817//5817 5818//5818
f 5819//5819 5312//5312 5311//5311
f 5820//5820 5821//5821 5822//5822
f 5823//5823 5824//5824 5825//5825
f 5826//5826 5827//5827 5828//5828
f 5829//5829 5830//5830 5831//5831
f 5832//5832 5327//5327 5326//5326
f 5833//5833 5834//5834 5835//5835
f 5836//5836 5837//5837 5838//5838
f 5839//5839 5840//5840 5841//5841
f 5842//5842 5843//5843 5844//5844
f 5845//5845 5354//5354 5353//5353
f 5846//5846 5847//5847 5848//5848
f 5849//5849 5850//5850 5851//5851
f 5852//5852 5853//5853 5854//5854
f 5855//5855 5856//5856 5857//5857
f 5858//5858 5859//5859 5860//5860
f 5861//5861 5862//5862 5863//5863
f 5864//5864 5865//5865 5866//5866
f 5867//5867 5868//5868 5869//5869
f 5870//5870 5871//5871 5872//5872
f 5873//5873 5381//5381 5874//5874
f 5875//5875 5876//5876 5877//5877
f 5878//5878 5879//5879 5880//5880
f 5881//5881 5882//5882 5883//5883
f 5884//5884 5885//5885 5886//5886
f 5887//5887 5396//5396 5395//5395
f 5888//5888 5889//5889 5890//5890
f 5891//5891 5892//5892 5893//5893
f 5894//5894 5895//5895 5896//5896
f 5897//5897 5898//5898 5899//5899
f 5900//5900 5901//5901 5902//5902
f 5903//5903 5904//5904 5905//5905
f 5906//5906 5907//5907 5908//5908
f 5909//5909 5910//5910 5911//5911
f 5912//5912 5913//5913 5914//5914
f 5915//5915 5916//5916 5917//5917
f 5918//5918 5919//5919 5920//5920
f 5921//5921 5922//5922 5923//5923
f 5923//5923 5922//5922 5924//5924
f 5925//5925 5926//5926 5927//5927
f 5927//5927 5926//5926 5928//5928
f 5929//5929 5930//5930 5931//5931
f 5931//5931 5930//5930 5932//5932
f 5933//5933 5934//5934 5935//5935
f 5936//5936 5937//5937 5938//5938
f 5939//5939 5940//5940 5941//5941
f 5941//5941 5940//5940 5942//5942
f 5943//5943 5944//5944 5945//5945
f 5945//5945 5944//5944 5946//5946
f 5947//5947 5948//5948 5949//5949
f 5949//5949 5948//5948 5950//5950
f 5951//5951 5952//5952 5953//5953
f 5953//5953 5952//5952 5954//5954
f 5955//5955 5956//5956 5957//5957
f 5957//5957 5956//5956 5958//5958
f 5959//5959 5960//5960 5961//5961
f 5961//5961 5960//5960 5962//5962
f 5963//5963 5964//5964 5965//5965
f 5965//5965 5964//5964 5966//5966
f 5967//5967 5968//5968 5969//5969
f 5969//5969 5968//5968 5970//5970
f 5971//5971 5972//5972 5973//5973
f 5973//5973 5972//5972 5974//5974
f 5975//5975 5976//5976 5977//5977
f 5978//5978 5979//5979 5980//5980
f 5981//5981 5982//5982 5983//5983
f 5983//5983 5982//5982 5984//5984
f 5985//5985 5986//5986 5987//5987
f 5987//5987 5986//5986 5988//5988
f 5989//5989 5990//5990 5991//5991
f 5991//5991 5990//5990 5992//5992
f 5993//5993 5994//5994 5995//5995
f 5996//5996 5997//5997 5998//5998
f 5999//5999 6000//6000 6001//6001
f 6001//6001 6000//6000 6002//6002
f 6003//6003 6004//6004 6005//6005
f 6006//6006 6007//6007 6008//6008
f 6009//6009 6010//6010 6011//6011
f 6012//6012 6013//6013 6014//6014
f 6015//6015 6016//6016 6017//6017
f 6017//6017 6016//6016 6018//6018
f 6019//6019 6020//6020 6021//6021
f 6021//6021 6020//6020 6022//6022
f 6023//6023 6024//6024 6025//6025
f 6025//6025 6024//6024 6026//6026
f 6027//6027 6028//6028 6029//6029
f 6029//6029 6028//6028 6030//6030
f 6031//6031 6032//6032 6033//6033
f 6033//6033 6032//6032 6034//6034
f 6035//6035 6036//6036 6037//6037
f 6037//6037 6036//6036 6038//6038
f 6039//6039 6040//6040 6041//6041
f 6041//6041 6040//6040 6042//6042
f 6043//6043 6044//6044 6045//6045
f 6046//6046 6047//6047 6048//6048
f 6049//6049 6050//6050 6051//6051
f 6051//6051 6050//6050 6052//6052
f 6053//6053 6054//6054 6055//6055
f 6055//6055 6054//6054 6056//6056
f 6057//6057 6058//6058 6059//6059
f 6059//6059 6058//6058 6060//6060
f 6061//6061 6062//6062 6063//6063
f 6063//6063 6062//6062 6064//6064
f 6065//6065 6066//6066 6067//6067
f 6067//6067 6066//6066 6068//6068
f 6069//6069 6070//6070 6071//6071
f 6071//6071 6070//6070 6072//6072
f 6073//6073 6074//6074 6075//6075
f 6075//6075 6074//6074 6076//6076
f 6077//6077 6078//6078 6079//6079
f 6080//6080 6081//6081 6082//6082
f 6083//6083 6084//6084 6085//6085
f 6085//6085 6084//6084 6086//6086
f 6087//6087 6088//6088 6089//6089
f 6089//6089 6088//6088 6090//6090
f 6091//6091 6092//6092 6093//6093
f 6094//6094 6095//6095 6096//6096
f 6097//6097 6098//6098 6099//6099
f 6097//6097 6099//6099 6100//6100
f 6101//6101 6102//6102 6103//6103
f 6103//6103 6102//6102 6104//6104
f 6105//6105 6106//6106 6107//6107
f 6107//6107 6106//6106 6108//6108
f 6109//6109 6110//6110 6111//6111
f 6111//6111 6110//6110 6112//6112
f 6113//6113 6114//6114 6115//6115
f 6115//6115 6114//6114 6116//6116
f 6117//6117 6118//6118 6119//6119
f 6119//6119 6118//6118 6120//6120
f 6121//6121 6122//6122 6123//6123
f 6123//6123 6122//6122 6124//6124
f 6125//6125 6126//6126 6127//6127
f 6127//6127 6126//6126 6128//6128
f 6129//6129 6130//6130 6131//6131
f 6132//6132 6133//6133 6134//6134
f 6135//6135 6136//6136 6137//6137
f 6138//6138 6139//6139 6140//6140
f 6141//6141 6142//6142 6143//6143
f 6143//6143 6142//6142 6144//6144
f 6145//6145 6146//6146 6147//6147
f 6147//6147 6146//6146 6148//6148
f 6149//6149 6150//6150 6151//6151
f 6151//6151 6150//6150 6152//6152
f 6153//6153 6154//6154 6155//6155
f 6155//6155 6154//6154 6156//6156
f 6157//6157 6158//6158 6159//6159
f 6160//6160 6161//6161 6162//6162
f 6163//6163 6164//6164 6165//6165
f 6165//6165 6164//6164 6166//6166
f 6167//6167 6168//6168 6169//6169
f 6169//6169 6168//6168 6170//6170
f 6171//6171 6172//6172 6173//6173
f 6174//6174 6175//6175 6176//6176
f 6177//6177 6178//6178 6179//6179
f 6179//6179 6178//6178 6180//6180
f 6181//6181 6182//6182 6183//6183
f 6183//6183 6182//6182 6184//6184
f 6185//6185 6186//6186 6187//6187
f 6187//6187 6186//6186 6188//6188
f 6189//6189 6190//6190 6191//6191
f 6191//6191 6190//6190 6192//6192
f 6193//6193 6194//6194 6195//6195
f 6195//6195 6194//6194 6196//6196
f 6197//6197 6198//6198 6199//6199
f 6200//6200 6201//6201 6202//6202
f 6203//6203 6204//6204 6205//6205
f 6205//6205 6204//6204 6206//6206
f 6207//6207 6208//6208 6209//6209
f 6210//6210 6211//6211 6212//6212
f 6213//6213 6214//6214 6215//6215
f 6215//6215 6214//6214 6216//6216
f 6217//6217 6218//6218 6219//6219
f 6219//6219 6218//6218 6220//6220
f 6221//6221 6222//6222 6223//6223
f 6223//6223 6222//6222 6224//6224
f 6225//6225 6226//6226 6227//6227
f 6227//6227 6226//6226 6228//6228
f 6229//6229 6230//6230 6231//6231
f 6232//6232 6233//6233 6234//6234
f 6235//6235 6236//6236 6237//6237
f 6237//6237 6236//6236 6238//6238
f 6239//6239 6240//6240 6241//6241
f 6241//6241 6240//6240 6242//6242
f 6243//6243 6244//6244 6245//6245
f 6245//6245 6244//6244 6246//6246
f 6247//6247 6248//6248 6249//6249
f 6249//6249 6248//6248 6250//6250
f 6251//6251 6252//6252 6253//6253
f 6253//6253 6252//6252 6254//6254
f 6255//6255 6256//6256 6257//6257
f 6257//6257 6256//6256 6258//6258
f 6259//6259 6260//6260 6261//6261
f 6261//6261 6260//6260 6262//6262
f 6263//6263 6264//6264 6265//6265
f 6265//6265 6264//6264 6266//6266
f 6267//6267 6268//6268 6269//6269
f 6269//6269 6268//6268 6270//6270
f 6271//6271 6272//6272 6273//6273
f 6273//6273 6272//6272 6274//6274
f 6275//6275 6276//6276 6277//6277
f 6278//6278 6279//6279 6280//6280
f 6281//6281 6282//6282 6283//6283
f 6284//6284 6285//6285 6286//6286
f 6287//6287 6288//6288 6289//6289
f 6290//6290 6291//6291 6292//6292
f 6293//6293 6294//6294 6295//6295
f 6296//6296 6297//6297 6298//6298
f 6299//6299 6300//6300 6301//6301
f 6302//6302 6303//6303 6304//6304
f 6305//6305 6306//6306 6307//6307
f 6308//6308 6309//6309 6310//6310
f 6311//6311 6312//6312 6313//6313
f 6314//6314 6315//6315 6316//6316
f 6317//6317 6318//6318 6319//6319
f 6317//6317 6319//6319 6320//6320
f 6321//6321 6322//6322 6323//6323
f 6324//6324 6325//6325 6326//6326
f 6327//6327 6328//6328 6329//6329
f 6330//6330 6331//6331 6332//6332
f 6333//6333 6334//6334 6335//6335
f 6336//6336 6337//6337 6338//6338
f 6339//6339 6340//6340 6341//6341
f 6342//6342 6343//6343 6344//6344
f 6345//6345 6346//6346 6347//6347
f 6348//6348 6349//6349 6350//6350
f 6351//6351 6352//6352 6353//6353
f 6354//6354 6355//6355 6356//6356
f 6357//6357 6358//6358 6359//6359
f 6360//6360 6361//6361 6362//6362
f 6363//6363 6364//6364 6365//6365
f 6366//6366 6367//6367 6368//6368
f 6369//6369 6370//6370 6371//6371
f 6372//6372 6373//6373 6374//6374
f 6375//6375 6376//6376 6377//6377
f 6378//6378 6379//6379 6380//6380
f 6381//6381 6382//6382 6383//6383
f 6384//6384 6385//6385 6386//6386
f 6387//6387 6388//6388 6389//6389
f 6390//6390 6391//6391 6392//6392
f 6393//6393 6394//6394 6395//6395
f 6396//6396 6397//6397 6398//6398
f 6399//6399 6400//6400 6401//6401
f 6402//6402 6403//6403 6404//6404
f 6405//6405 6406//6406 6407//6407
f 6408//6408 6409//6409 6410//6410
f 6411//6411 6412//6412 6413//6413
f 6414//6414 6415//6415 6416//6416
f 6417//6417 6418//6418 6419//6419
f 6420//6420 6421//6421 6422//6422
f 6423//6423 6424//6424 6425//6425
f 6426//6426 6427//6427 6428//6428
f 6429//6429 6430//6430 6431//6431
f 6432//6432 6433//6433 6434//6434
f 6435//6435 6436//6436 6437//6437
f 6438//6438 6439//6439 6440//6440
f 6441//6441 6442//6442 6443//6443
f 6444//6444 6445//6445 6446//6446
f 6447//6447 6448//6448 6449//6449
f 6450//6450 6451//6451 6452//6452
f 6453//6453 6454//6454 6455//6455
f 6456//6456 6457//6457 6458//6458
f 6459//6459 6460//6460 6461//6461
f 6462//6462 6463//6463 6464//6464
f 6465//6465 6466//6466 6467//6467
f 6468//6468 6469//6469 6470//6470
f 6471//6471 6472//6472 6473//6473
f 6474//6474 6475//6475 6476//6476
f 6477//6477 6478//6478 6479//6479
f 6480//6480 6481//6481 6482//6482
f 6483//6483 6484//6484 6485//6485
f 6486//6486 6487//6487 6488//6488
f 6489//6489 6490//6490 6491//6491
f 6492//6492 6493//6493 6494//6494
f 6495//6495 6496//6496 6497//6497
f 6498//6498 6499//6499 6500//6500
f 6501//6501 6502//6502 6503//6503
f 6504//6504 6505//6505 6506//6506
f 6507//6507 6508//6508 6509//6509
f 6510//6510 6511//6511 6512//6512
f 6513//6513 6514//6514 6515//6515
f 6516//6516 6517//6517 6518//6518
f 6519//6519 6520//6520 6521//6521
f 6522//6522 6523//6523 6524//6524
f 6522//6522 6524//6524 6525//6525
f 6526//6526 6527//6527 6528//6528
f 6529//6529 6530//6530 6531//6531
f 6532//6532 6533//6533 6534//6534
f 6535//6535 6536//6536 6537//6537
f 6538//6538 6539//6539 6540//6540
f 6541//6541 6542//6542 6543//6543
f 6544//6544 6545//6545 6546//6546
f 6547//6547 6548//6548 6549//6549
f 6550//6550 6551//6551 6552//6552
f 6553//6553 6554//6554 6555//6555
f 6556//6556 6557//6557 6558//6558
f 6559//6559 6560//6560 6561//6561
f 6562//6562 6563//6563 6564//6564
f 6565//6565 6566//6566 6567//6567
f 6568//6568 6569//6569 6570//6570
f 6571//6571 6572//6572 6573//6573
f 6574//6574 6575//6575 6576//6576
f 6577//6577 6578//6578 6579//6579
f 6580//6580 6581//6581 6582//6582
f 6583//6583 6584//6584 6585//6585
f 6586//6586 6587//6587 6588//6588
f 6589//6589 6590//6590 6591//6591
f 6589//6589 6591//6591 6592//6592
f 6593//6593 6594//6594 6595//6595
f 6596//6596 6597//6597 6598//6598
f 6599//6599 6600//6600 6601//6601
f 6602//6602 6603//6603 6604//6604
f 6605//6605 6606//6606 6607//6607
f 6608//6608 6609//6609 6610//6610
f 6611//6611 6612//6612 6613//6613
f 6614//6614 6615//6615 6616//6616
f 6617//6617 6618//6618 6619//6619
f 6617//6617 6619//6619 6620//6620
f 6621//6621 6622//6622 6623//6623
f 6624//6624 6625//6625 6626//6626
f 6627//6627 6628//6628 6629//6629
f 6630//6630 6631//6631 6632//6632
f 6633//6633 6634//6634 6635//6635
f 6636//6636 6637//6637 6638//6638
f 6639//6639 6640//6640 6641//6641
f 6642//6642 6643//6643 6644//6644
f 6645//6645 6646//6646 6647//6647
f 6648//6648 6649//6649 6650//6650
f 6651//6651 6652//6652 6653//6653
f 6654//6654 6655//6655 6656//6656
f 6657//6657 6658//6658 6659//6659
f 6660//6660 6661//6661 6662//6662
f 6663//6663 6664//6664 6665//6665
f 6666//6666 6667//6667 6668//6668
f 6669//6669 6670//6670 6671//6671
f 6672//6672 6673//6673 6674//6674
f 6675//6675 6676//6676 6677//6677
f 6678//6678 6679//6679 6680//6680
f 6681//6681 6682//6682 6683//6683
f 6684//6684 6666//6666 6668//6668
f 6685//6685 6686//6686 6687//6687
f 6688//6688 6689//6689 6690//6690
f 6691//6691 6692//6692 6693//6693
f 6694//6694 6695//6695 6696//6696
f 6697//6697 6698//6698 6699//6699
f 6700//6700 6701//6701 6702//6702
f 6703//6703 6704//6704 6705//6705
f 6706//6706 6707//6707 6708//6708
f 6706//6706 6708//6708 6709//6709
f 6710//6710 6711//6711 6712//6712
f 6713//6713 6714//6714 6715//6715
f 6716//6716 6717//6717 6718//6718
f 6719//6719 6720//6720 6721//6721
f 6722//6722 6723//6723 6724//6724
f 6725//6725 6726//6726 6727//6727
f 6728//6728 6710//6710 6729//6729
f 6730//6730 6731//6731 6732//6732
f 6733//6733 6734//6734 6735//6735
f 6736//6736 6737//6737 6738//6738
f 6739//6739 6740//6740 6741//6741
f 6742//6742 6743//6743 6744//6744
f 6745//6745 6746//6746 6747//6747
f 6748//6748 6749//6749 6750//6750
f 6751//6751 6752//6752 6753//6753
f 6754//6754 6755//6755 6756//6756
f 6757//6757 6758//6758 6759//6759
f 6760//6760 6761//6761 6762//6762
f 6763//6763 6764//6764 6765//6765
f 6766//6766 6767//6767 6768//6768
f 6769//6769 6770//6770 6771//6771
f 6772//6772 6773//6773 6774//6774
f 6775//6775 6776//6776 6777//6777
f 6778//6778 6779//6779 6780//6780
f 6781//6781 6782//6782 6783//6783
f 6784//6784 6769//6769 6771//6771
f 6785//6785 6786//6786 6787//6787
f 6788//6788 6789//6789 6790//6790
f 6791//6791 6792//6792 6793//6793
f 6794//6794 6795//6795 6796//6796
f 6797//6797 6798//6798 6799//6799
f 6800//6800 6801//6801 6802//6802
f 6803//6803 6804//6804 6805//6805
f 6806//6806 6807//6807 6808//6808
f 6809//6809 6810//6810 6811//6811
f 6812//6812 6813//6813 6814//6814
f 6815//6815 6800//6800 6802//6802
f 6816//6816 6817//6817 6818//6818
f 6819//6819 6820//6820 6821//6821
f 6822//6822 6823//6823 6824//6824
f 6825//6825 6826//6826 6827//6827
f 6828//6828 6829//6829 6830//6830
f 6831//6831 6832//6832 6833//6833
f 6834//6834 6835//6835 6836//6836
f 6837//6837 6838//6838 6839//6839
f 6840//6840 6841//6841 6842//6842
f 6843//6843 6844//6844 6845//6845
f 6846//6846 6847//6847 6848//6848
f 6849//6849 6850//6850 6851//6851
f 6852//6852 6853//6853 6854//6854
f 6855//6855 6856//6856 6857//6857
f 6858//6858 6859//6859 6860//6860
f 6861//6861 6862//6862 6863//6863
f 6864//6864 6865//6865 6866//6866
f 6867//6867 6868//6868 6869//6869
f 6870//6870 6871//6871 6872//6872
f 6873//6873 6874//6874 6875//6875
f 6876//6876 6877//6877 6878//6878
f 6879//6879 6880//6880 6881//6881
f 6882//6882 6883//6883 6884//6884
f 6885//6885 6886//6886 6887//6887
f 6888//6888 6889//6889 6890//6890
f 6891//6891 6892//6892 6893//6893
f 6894//6894 6895//6895 6896//6896
f 6897//6897 6898//6898 6899//6899
f 6900//6900 6901//6901 6902//6902
f 6903//6903 6904//6904 6905//6905
f 6906//6906 6907//6907 6908//6908
f 6909//6909 6910//6910 6911//6911
f 6912//6912 6913//6913 6914//6914
f 6915//6915 6916//6916 6917//6917
f 6918//6918 6919//6919 6920//6920
f 6921//6921 6922//6922 6923//6923
f 6924//6924 6925//6925 6926//6926
f 6927//6927 6928//6928 6929//6929
f 6930//6930 6931//6931 6932//6932
f 6933//6933 6934//6934 6935//6935
f 6936//6936 6937//6937 6938//6938
f 6939//6939 6940//6940 6941//6941
f 6942//6942 6943//6943 6944//6944
f 6945//6945 6946//6946 6947//6947
f 6948//6948 6949//6949 6950//6950
f 6951//6951 6952//6952 6953//6953
f 6954//6954 6955//6955 6956//6956
f 6957//6957 6958//6958 6959//6959
f 6960//6960 6961//6961 6962//6962
f 6963//6963 6964//6964 6965//6965
f 6966//6966 6967//6967 6968//6968
f 6969//6969 6970//6970 6971//6971
f 6972//6972 6973//6973 6974//6974
f 6975//6975 6976//6976 6977//6977
f 6978//6978 6979//6979 6980//6980
f 6981//6981 6982//6982 6983//6983
f 6984//6984 6985//6985 6986//6986
f 6987//6987 6988//6988 6989//6989
f 6990//6990 6991//6991 6992//6992
f 6993//6993 6994//6994 6995//6995
f 6996//6996 6997//6997 6998//6998
f 6999//6999 7000//7000 7001//7001
f 7002//7002 7003//7003 7004//7004
f 7005//7005 7006//7006 7007//7007
f 7008//7008 7009//7009 7010//7010
f 7011//7011 7012//7012 7013//7013
f 7014//7014 7015//7015 7016//7016
f 7017//7017 7018//7018 7019//7019
f 7020//7020 7021//7021 7022//7022
f 7023//7023 7024//7024 7025//7025
f 7026//7026 7027//7027 7028//7028
f 7029//7029 7030//7030 7031//7031
f 7032//7032 7033//7033 7034//7034
f 7035//7035 7036//7036 7037//7037
f 7038//7038 7039//7039 7040//7040
f 7041//7041 7042//7042 7043//7043
f 7044//7044 7045//7045 7046//7046
f 7047//7047 7048//7048 7049//7049
f 7050//7050 7051//7051 7052//7052
f 7053//7053 7054//7054 7055//7055
f 7056//7056 7057//7057 7058//7058
f 7059//7059 7060//7060 7061//7061
f 7062//7062 7063//7063 7064//7064
f 7065//7065 7066//7066 7067//7067
f 7068//7068 7069//7069 7070//7070
f 7071//7071 7072//7072 7073//7073
f 7074//7074 7075//7075 7076//7076
f 7077//7077 7078//7078 7079//7079
f 7080//7080 7081//7081 7082//7082
f 7083//7083 7084//7084 7085//7085
f 7086//7086 7087//7087 7088//7088
f 7089//7089 7090//7090 7091//7091
f 7092//7092 7093//7093 7094//7094
f 7095//7095 7096//7096 7097//7097
f 7098//7098 7099//7099 7100//7100
f 7101//7101 7102//7102 7103//7103
f 7104//7104 7105//7105 7106//7106
f 7107//7107 7108//7108 7109//7109
f 7110//7110 7111//7111 7112//7112
f 7113//7113 7114//7114 7115//7115
f 7116//7116 7117//7117 7118//7118
f 7119//7119 7120//7120 7121//7121
f 7122//7122 7123//7123 7124//7124
f 7125//7125 7126//7126 7127//7127
f 7128//7128 7129//7129 7130//7130
f 7131//7131 7132//7132 7133//7133
f 7134//7134 7135//7135 7136//7136
f 7137//7137 7138//7138 7139//7139
f 7140//7140 7141//7141 7142//7142
f 7143//7143 7144//7144 7145//7145
f 7146//7146 7147//7147 7148//7148
f 7149//7149 7150//7150 7151//7151
f 7152//7152 7153//7153 7154//7154
f 7155//7155 7156//7156 7157//7157
f 7158//7158 7159//7159 7160//7160
f 7161//7161 7162//7162 7163//7163
f 7164//7164 7165//7165 7166//7166
f 7167//7167 7168//7168 7169//7169
f 7170//7170 7171//7171 7172//7172
f 7173//7173 7174//7174 7175//7175
f 7176//7176 7177//7177 7178//7178
f 7179//7179 7180//7180 7181//7181
f 7182//7182 7183//7183 7184//7184
f 7185//7185 7186//7186 7187//7187
f 7188//7188 7189//7189 7190//7190
f 7191//7191 7192//7192 7193//7193
f 7194//7194 7195//7195 7196//7196
f 7197//7197 7198//7198 7199//7199
f 7200//7200 7201//7201 7202//7202
f 7203//7203 7204//7204 7205//7205
f 7206//7206 7207//7207 7208//7208
f 7209//7209 7210//7210 7211//7211
f 7212//7212 7213//7213 7214//7214
f 7215//7215 7216//7216 7217//7217
f 7218//7218 7219//7219 7220//7220
f 7221//7221 7222//7222 7223//7223
f 7224//7224 6768//6768 6767//6767
f 7225//7225 7226//7226 7227//7227
f 7228//7228 7229//7229 7230//7230
f 7231//7231 7232//7232 7233//7233
f 7234//7234 7235//7235 7236//7236
f 7237//7237 7238//7238 7239//7239
f 7240//7240 7241//7241 7242//7242
f 7243//7243 7244//7244 7245//7245
f 7246//7246 7247//7247 7248//7248
f 7249//7249 7250//7250 7251//7251
f 7252//7252 7253//7253 7254//7254
f 7255//7255 7256//7256 7257//7257
f 7258//7258 7259//7259 7260//7260
f 7261//7261 7262//7262 7263//7263
f 7264//7264 7265//7265 7266//7266
f 7267//7267 7268//7268 7269//7269
f 7270//7270 7271//7271 7272//7272
f 7273//7273 7274//7274 7275//7275
f 7276//7276 6854//6854 6853//6853
f 7277//7277 7278//7278 7279//7279
f 7280//7280 7281//7281 7282//7282
f 7283//7283 7284//7284 7285//7285
f 7286//7286 7287//7287 7288//7288
f 7289//7289 7290//7290 7291//7291
f 7292//7292 7293//7293 7294//7294
f 7295//7295 7296//7296 7297//7297
f 7298//7298 7299//7299 7300//7300
f 7301//7301 7302//7302 7303//7303
f 7304//7304 7305//7305 7306//7306
f 7307//7307 7308//7308 7309//7309
f 7310//7310 7311//7311 7312//7312
f 7313//7313 6867//6867 6869//6869
f 7314//7314 7315//7315 7316//7316
f 7317//7317 7318//7318 7319//7319
f 7320//7320 7321//7321 7322//7322
f 7323//7323 7324//7324 7325//7325
f 7326//7326 7327//7327 7328//7328
f 7316//7316 7329//7329 7314//7314
f 7330//7330 7331//7331 7332//7332
f 7333//7333 7334//7334 7335//7335
f 7336//7336 7337//7337 7338//7338
f 7339//7339 7340//7340 7341//7341
f 7342//7342 7343//7343 7344//7344
f 7345//7345 7346//7346 7347//7347
f 7348//7348 7349//7349 7350//7350
f 7351//7351 7352//7352 7353//7353
f 7354//7354 7355//7355 7356//7356
f 7357//7357 7358//7358 7359//7359
f 7360//7360 7361//7361 7362//7362
f 7362//7362 7361//7361 7363//7363
f 7364//7364 7365//7365 7366//7366
f 7367//7367 7368//7368 7369//7369
f 7370//7370 7371//7371 7372//7372
f 7373//7373 7374//7374 7375//7375
f 7376//7376 7377//7377 7378//7378
f 7378//7378 7377//7377 7379//7379
f 7380//7380 7381//7381 7382//7382
f 7383//7383 7384//7384 7385//7385
f 7386//7386 7387//7387 7388//7388
f 7389//7389 7390//7390 7391//7391
f 7392//7392 7393//7393 7394//7394
f 7395//7395 7396//7396 7397//7397
f 7398//7398 7399//7399 7400//7400
f 7401//7401 7402//7402 7403//7403
f 7404//7404 7405//7405 7406//7406
f 7407//7407 7408//7408 7409//7409
f 7410//7410 7411//7411 7412//7412
f 7413//7413 7414//7414 7415//7415
f 7416//7416 7417//7417 7418//7418
f 7419//7419 7420//7420 7421//7421
f 7422//7422 7423//7423 7424//7424
f 7425//7425 7426//7426 7427//7427
f 7428//7428 7429//7429 7430//7430
f 7431//7431 7432//7432 7433//7433
f 7434//7434 7435//7435 7436//7436
f 7437//7437 7438//7438 7439//7439
f 7440//7440 7441//7441 7442//7442
f 7443//7443 7444//7444 7445//7445
f 7446//7446 7447//7447 7448//7448
f 7449//7449 7450//7450 7451//7451
f 7452//7452 7453//7453 7454//7454
f 7455//7455 7456//7456 7457//7457
f 7458//7458 7459//7459 7460//7460
f 7461//7461 7462//7462 7463//7463
f 7464//7464 7465//7465 7466//7466
f 7467//7467 7468//7468 7469//7469
f 7470//7470 7471//7471 7472//7472
f 7473//7473 7474//7474 7475//7475
f 7476//7476 7477//7477 7478//7478
f 7479//7479 7480//7480 7481//7481
f 7482//7482 7483//7483 7484//7484
f 7485//7485 7486//7486 7487//7487
f 7488//7488 7489//7489 7490//7490
f 7491//7491 7492//7492 7493//7493
f 7494//7494 7495//7495 7496//7496
f 7497//7497 7498//7498 7499//7499
f 7500//7500 7501//7501 7502//7502
f 7503//7503 7504//7504 7505//7505
f 7506//7506 7507//7507 7508//7508
f 7509//7509 7510//7510 7511//7511
f 7512//7512 7513//7513 7514//7514
f 7515//7515 7516//7516 7517//7517
f 7518//7518 7519//7519 7520//7520
f 7521//7521 7522//7522 7523//7523
f 7524//7524 7525//7525 7526//7526
f 7527//7527 7528//7528 7529//7529
f 7530//7530 7531//7531 7532//7532
f 7533//7533 7534//7534 7535//7535
f 7536//7536 7537//7537 7538//7538
f 7538//7538 7537//7537 7539//7539
f 7540//7540 7541//7541 7542//7542
f 7543//7543 7544//7544 7545//7545
f 7546//7546 7547//7547 7548//7548
f 7549//7549 7550//7550 7551//7551
f 7552//7552 7553//7553 7554//7554
f 7555//7555 7556//7556 7557//7557
f 7558//7558 7559//7559 7560//7560
f 7561//7561 7562//7562 7563//7563
f 7564//7564 7565//7565 7566//7566
f 7567//7567 7568//7568 7569//7569
f 7570//7570 7571//7571 7572//7572
f 7573//7573 7574//7574 7575//7575
f 7576//7576 7577//7577 7578//7578
f 7579//7579 7580//7580 7581//7581
f 7582//7582 7583//7583 7584//7584
f 7585//7585 7586//7586 7587//7587
f 7588//7588 7589//7589 7590//7590
f 7590//7590 7589//7589 7591//7591
f 7592//7592 7593//7593 7594//7594
f 7595//7595 7596//7596 7597//7597
f 7598//7598 7599//7599 7600//7600
f 7601//7601 7602//7602 7603//7603
f 7604//7604 7605//7605 7606//7606
f 7607//7607 7608//7608 7609//7609
f 7610//7610 7611//7611 7612//7612
f 7613//7613 7614//7614 7615//7615
f 7616//7616 7617//7617 7618//7618
f 7619//7619 7620//7620 7621//7621
f 7622//7622 7623//7623 7624//7624
f 7625//7625 7626//7626 7627//7627
f 7628//7628 7629//7629 7630//7630
f 7631//7631 7632//7632 7633//7633
f 7634//7634 7635//7635 7636//7636
f 7637//7637 7638//7638 7639//7639
f 7640//7640 7641//7641 7642//7642
f 7643//7643 7644//7644 7645//7645
f 7646//7646 7647//7647 7648//7648
f 7649//7649 7650//7650 7651//7651
f 7652//7652 7653//7653 7654//7654
f 7655//7655 7656//7656 7657//7657
f 7658//7658 7659//7659 7660//7660
f 7660//7660 7659//7659 7661//7661
f 7662//7662 7663//7663 7664//7664
f 7665//7665 7666//7666 7667//7667
f 7668//7668 7669//7669 7670//7670
f 7671//7671 7672//7672 7673//7673
f 7674//7674 7675//7675 7676//7676
f 7677//7677 7678//7678 7679//7679
f 7680//7680 7681//7681 7682//7682
f 7683//7683 7684//7684 7685//7685
f 7686//7686 7687//7687 7688//7688
f 7689//7689 7690//7690 7691//7691
f 7692//7692 7693//7693 7694//7694
f 7695//7695 7696//7696 7697//7697
f 7698//7698 7699//7699 7700//7700
f 7701//7701 7702//7702 7703//7703
f 7704//7704 7705//7705 7706//7706
f 7707//7707 7708//7708 7709//7709
f 7710//7710 7711//7711 7712//7712
f 7713//7713 7714//7714 7715//7715
f 7716//7716 7717//7717 7718//7718
f 7719//7719 7720//7720 7721//7721
f 7722//7722 7723//7723 7724//7724
f 7725//7725 7726//7726 7727//7727
f 7728//7728 7729//7729 7730//7730
f 7731//7731 7732//7732 7733//7733
f 7734//7734 7735//7735 7736//7736
f 7737//7737 7738//7738 7739//7739
f 7740//7740 7741//7741 7742//7742
f 7743//7743 7744//7744 7745//7745
f 7746//7746 7747//7747 7748//7748
f 7749//7749 7750//7750 7751//7751
f 7752//7752 7753//7753 7754//7754
f 7755//7755 7756//7756 7757//7757
f 7758//7758 7759//7759 7760//7760
f 7761//7761 7762//7762 7763//7763
f 7764//7764 7765//7765 7766//7766
f 7767//7767 7768//7768 7769//7769
f 7770//7770 7771//7771 7772//7772
f 7773//7773 7774//7774 7775//7775
f 7776//7776 7777//7777 7778//7778
f 7778//7778 7777//7777 7779//7779
f 7780//7780 7781//7781 7782//7782
f 7783//7783 7784//7784 7785//7785
f 7786//7786 7787//7787 7788//7788
f 7789//7789 7790//7790 7791//7791
f 7792//7792 7793//7793 7794//7794
f 7795//7795 7796//7796 7797//7797
f 7798//7798 7799//7799 7800//7800
f 7801//7801 7802//7802 7803//7803
f 7804//7804 7805//7805 7806//7806
f 7807//7807 7808//7808 7809//7809
f 7810//7810 7811//7811 7812//7812
f 7813//7813 7814//7814 7815//7815
f 7816//7816 7817//7817 7818//7818
f 7819//7819 7820//7820 7821//7821
f 7822//7822 7823//7823 7824//7824
f 7825//7825 7826//7826 7827//7827
f 7828//7828 7829//7829 7830//7830
f 7831//7831 7832//7832 7833//7833
f 7834//7834 7835//7835 7836//7836
f 7837//7837 7838//7838 7839//7839
f 7840//7840 7841//7841 7842//7842
f 7843//7843 7844//7844 7845//7845
f 7846//7846 7847//7847 7848//7848
f 7849//7849 7850//7850 7851//7851
f 7852//7852 7853//7853 7854//7854
f 7855//7855 7856//7856 7857//7857
f 7858//7858 7859//7859 7860//7860
f 7861//7861 7862//7862 7863//7863
f 7864//7864 7865//7865 7866//7866
f 7867//7867 7868//7868 7869//7869
f 7870//7870 7871//7871 7872//7872
f 7873//7873 7874//7874 7875//7875
f 7876//7876 7877//7877 7878//7878
f 7879//7879 7880//7880 7881//7881
f 7882//7882 7883//7883 7884//7884
f 7885//7885 7886//7886 7887//7887
f 7888//7888 7889//7889 7890//7890
f 7891//7891 7892//7892 7893//7893
f 7894//7894 7895//7895 7896//7896
f 7897//7897 7898//7898 7899//7899
f 7900//7900 7901//7901 7902//7902
f 7903//7903 7904//7904 7905//7905
f 7906//7906 7907//7907 7908//7908
f 7909//7909 7910//7910 7911//7911
f 7912//7912 7913//7913 7914//7914
f 7915//7915 7916//7916 7917//7917
f 7918//7918 7919//7919 7920//7920
f 7921//7921 7922//7922 7923//7923
f 7924//7924 7925//7925 7926//7926
f 7927//7927 7928//7928 7929//7929
f 7930//7930 7931//7931 7932//7932
f 7933//7933 7934//7934 7935//7935
f 7936//7936 7937//7937 7938//7938
f 7939//7939 7940//7940 7941//7941
f 7942//7942 7943//7943 7944//7944
f 7945//7945 7946//7946 7947//7947
f 7948//7948 7949//7949 7950//7950
f 7951//7951 7952//7952 7953//7953
f 7954//7954 7955//7955 7956//7956
f 7957//7957 7958//7958 7959//7959
f 7960//7960 7961//7961 7962//7962
f 7963//7963 7964//7964 7965//7965
f 7966//7966 7967//7967 7968//7968
f 7969//7969 7970//7970 7971//7971
f 7972//7972 7973//7973 7974//7974
f 7975//7975 7976//7976 7977//7977
f 7978//7978 7979//7979 7980//7980
f 7981//7981 7982//7982 7983//7983
f 7984//7984 7985//7985 7986//7986
f 7987//7987 7988//7988 7989//7989
f 7990//7990 7991//7991 7992//7992
f 7993//7993 7994//7994 7995//7995
f 7996//7996 7997//7997 7998//7998
f 7999//7999 8000//8000 8001//8001
f 8002//8002 8003//8003 8004//8004
f 8005//8005 8006//8006 8007//8007
f 8008//8008 8009//8009 8010//8010
f 8011//8011 8012//8012 8013//8013
f 8014//8014 8015//8015 8016//8016
f 8017//8017 8018//8018 8019//8019
f 8020//8020 8021//8021 8022//8022
f 8023//8023 8024//8024 8025//8025
f 8026//8026 8027//8027 8028//8028
f 8029//8029 8030//8030 8031//8031
f 8032//8032 8033//8033 8034//8034
f 8035//8035 8036//8036 8037//8037
f 8038//8038 8039//8039 8040//8040
f 8041//8041 8042//8042 8043//8043
f 8044//8044 8045//8045 8046//8046
f 8047//8047 8048//8048 8049//8049
f 8050//8050 8051//8051 8052//8052
f 8053//8053 8054//8054 8055//8055
f 8056//8056 8057//8057 8058//8058
f 8059//8059 8060//8060 8061//8061
f 8062//8062 8063//8063 8064//8064
f 8065//8065 8066//8066 8067//8067
f 8068//8068 8069//8069 8070//8070
f 8071//8071 8072//8072 8073//8073
f 8074//8074 8075//8075 8076//8076
f 8077//8077 8078//8078 8079//8079
f 8080//8080 8081//8081 8082//8082
f 8083//8083 8084//8084 8085//8085
f 8086//8086 8087//8087 8088//8088
f 8089//8089 8090//8090 8091//8091
f 8092//8092 8093//8093 8094//8094
f 8095//8095 8096//8096 8097//8097
f 8098//8098 8099//8099 8100//8100
f 8101//8101 8102//8102 8103//8103
f 8104//8104 8105//8105 8106//8106
f 8107//8107 8108//8108 8109//8109
f 8110//8110 8111//8111 8112//8112
f 8113//8113 8114//8114 8115//8115
f 8116//8116 8117//8117 8118//8118
f 8119//8119 8120//8120 8121//8121
f 8122//8122 8123//8123 8124//8124
f 8125//8125 8126//8126 8127//8127
f 8128//8128 8129//8129 8130//8130
f 8131//8131 8132//8132 8133//8133
f 8134//8134 8135//8135 8136//8136
f 8137//8137 8138//8138 8139//8139
f 8140//8140 8141//8141 8142//8142
f 8143//8143 8144//8144 8145//8145
f 8146//8146 8147//8147 8148//8148
f 8149//8149 8150//8150 8151//8151
f 8152//8152 8153//8153 8154//8154
f 8155//8155 8156//8156 8157//8157
f 8158//8158 8159//8159 8160//8160
f 8161//8161 8162//8162 8163//8163
f 8164//8164 8165//8165 8166//8166
f 8167//8167 8168//8168 8169//8169
f 8170//8170 8171//8171 8172//8172
f 8173//8173 8174//8174 8175//8175
f 8176//8176 8177//8177 8178//8178
f 8176//8176 8178//8178 8179//8179
f 8180//8180 8181//8181 8182//8182
f 8183//8183 8184//8184 8185//8185
f 8186//8186 8187//8187 8188//8188
f 8189//8189 8190//8190 8191//8191
f 8192//8192 8193//8193 8194//8194
f 8195//8195 8196//8196 8197//8197
f 8198//8198 8199//8199 8200//8200
f 8201//8201 8202//8202 8203//8203
f 8204//8204 8205//8205 8206//8206
f 8207//8207 8208//8208 8209//8209
f 8210//8210 8211//8211 8212//8212
f 8213//8213 8214//8214 8215//8215
f 8216//8216 8217//8217 8218//8218
f 8219//8219 8220//8220 8221//8221
f 8222//8222 8223//8223 8224//8224
f 8225//8225 8226//8226 8227//8227
f 8228//8228 8229//8229 8230//8230
f 8231//8231 8232//8232 8233//8233
f 8234//8234 8235//8235 8236//8236
f 8237//8237 8238//8238 8239//8239
f 8240//8240 8241//8241 8242//8242
f 8243//8243 8244//8244 8245//8245
f 8246//8246 8247//8247 8248//8248
f 8249//8249 8250//8250 8251//8251
f 8252//8252 8253//8253 8254//8254
f 8255//8255 8256//8256 8257//8257
f 8258//8258 8259//8259 8260//8260
f 8261//8261 8262//8262 8263//8263
f 8264//8264 8265//8265 8266//8266
f 8267//8267 8268//8268 8269//8269
f 8270//8270 8271//8271 8272//8272
f 8273//8273 8274//8274 8275//8275
f 8276//8276 8277//8277 8278//8278
f 8279//8279 8280//8280 8281//8281
f 8282//8282 8283//8283 8284//8284
f 8285//8285 8286//8286 8287//8287
f 8288//8288 8289//8289 8290//8290
f 8291//8291 8292//8292 8293//8293
f 8294//8294 8295//8295 8296//8296
f 8297//8297 8298//8298 8299//8299
f 8300//8300 8301//8301 8302//8302
f 8303//8303 8304//8304 8305//8305
f 8306//8306 8307//8307 8308//8308
f 8309//8309 8310//8310 8311//8311
f 8312//8312 8313//8313 8314//8314
f 8315//8315 8316//8316 8317//8317
f 8318//8318 8319//8319 8320//8320
f 8321//8321 8322//8322 8323//8323
f 8324//8324 8325//8325 8326//8326
f 8327//8327 8328//8328 8329//8329
f 8330//8330 8331//8331 8332//8332
f 8333//8333 8334//8334 8335//8335
f 8336//8336 8337//8337 8338//8338
f 8339//8339 8340//8340 8341//8341
f 8342//8342 8343//8343 8344//8344
f 8345//8345 8346//8346 8347//8347
f 8348//8348 8349//8349 8350//8350
f 8351//8351 8352//8352 8353//8353
f 8354//8354 8355//8355 8356//8356
f 8357//8357 8358//8358 8359//8359
f 8360//8360 8361//8361 8362//8362
f 8363//8363 8364//8364 8365//8365
f 8366//8366 8367//8367 8368//8368
f 8369//8369 8370//8370 8371//8371
f 8372//8372 8373//8373 8374//8374
f 8375//8375 8376//8376 8377//8377
f 8378//8378 8379//8379 8380//8380
f 8381//8381 8382//8382 8383//8383
f 8384//8384 8385//8385 8386//8386
f 8387//8387 8388//8388 8389//8389
f 8390//8390 8391//8391 8392//8392
f 8393//8393 8394//8394 8395//8395
f 8396//8396 8397//8397 8398//8398
f 8399//8399 8400//8400 8401//8401
f 8402//8402 8403//8403 8404//8404
f 8405//8405 8406//8406 8407//8407
f 8408//8408 8409//8409 8410//8410
f 8411//8411 8412//8412 8413//8413
f 8414//8414 8415//8415 8416//8416
f 8417//8417 8418//8418 8419//8419
f 8420//8420 8421//8421 8422//8422
f 8423//8423 8424//8424 8425//8425
f 8426//8426 8427//8427 8428//8428
f 8426//8426 8428//8428 8429//8429
f 8430//8430 8431//8431 8432//8432
f 8433//8433 8434//8434 8435//8435
f 8436//8436 8437//8437 8438//8438
f 8439//8439 8440//8440 8441//8441
f 8442//8442 8443//8443 8444//8444
f 8445//8445 8446//8446 8447//8447
f 8448//8448 8449//8449 8450//8450
f 8451//8451 8452//8452 8453//8453
f 8454//8454 8455//8455 8456//8456
f 8457//8457 8458//8458 8459//8459
f 8460//8460 8461//8461 8462//8462
f 8463//8463 8464//8464 8465//8465
f 8466//8466 8467//8467 8468//8468
f 8469//8469 8470//8470 8471//8471
f 8472//8472 8473//8473 8474//8474
f 8475//8475 8476//8476 8477//8477
f 8478//8478 8479//8479 8480//8480
f 7938//7938 8481//8481 7936//7936
f 8482//8482 8483//8483 8484//8484
f 8485//8485 8486//8486 8487//8487
f 8488//8488 8489//8489 8490//8490
f 8491//8491 8492//8492 8493//8493
f 8494//8494 8495//8495 8496//8496
f 8497//8497 8498//8498 8499//8499
f 8500//8500 8501//8501 8502//8502
f 8503//8503 8504//8504 8505//8505
f 8506//8506 8507//8507 8508//8508
f 8509//8509 8510//8510 8511//8511
f 8512//8512 8513//8513 8514//8514
f 8515//8515 8516//8516 8517//8517
f 8518//8518 8519//8519 8520//8520
f 8521//8521 8522//8522 8523//8523
f 8524//8524 8525//8525 8526//8526
f 8527//8527 8528//8528 8529//8529
f 8530//8530 7953//7953 7952//7952
f 8531//8531 8532//8532 8533//8533
f 8534//8534 8535//8535 8536//8536
f 8537//8537 8538//8538 8539//8539
f 8540//8540 8541//8541 8542//8542
f 8543//8543 8544//8544 8545//8545
f 8546//8546 8547//8547 8548//8548
f 8549//8549 8550//8550 8551//8551
f 8552//8552 8553//8553 8554//8554
f 8555//8555 8556//8556 8557//8557
f 8558//8558 8559//8559 8560//8560
f 8561//8561 8562//8562 8563//8563
f 8564//8564 8565//8565 8566//8566
f 8567//8567 8568//8568 8569//8569
f 8570//8570 8571//8571 8572//8572
f 8573//8573 8574//8574 8575//8575
f 8576//8576 8577//8577 8578//8578
f 8579//8579 7986//7986 7985//7985
f 8580//8580 8581//8581 8582//8582
f 8583//8583 8584//8584 8585//8585
f 8586//8586 8587//8587 8588//8588
f 8589//8589 8590//8590 8591//8591
f 8592//8592 8593//8593 8594//8594
f 8595//8595 8596//8596 8597//8597
f 8598//8598 8599//8599 8600//8600
f 8601//8601 8602//8602 8603//8603
f 8604//8604 8605//8605 8606//8606
f 8607//8607 8608//8608 8609//8609
f 8610//8610 8611//8611 8612//8612
f 8613//8613 8614//8614 8615//8615
f 8616//8616 8617//8617 8618//8618
f 8619//8619 8620//8620 8621//8621
f 8622//8622 8623//8623 8624//8624
f 8625//8625 8626//8626 8627//8627
f 8628//8628 8629//8629 8630//8630
f 8631//8631 8632//8632 8633//8633
f 8634//8634 8635//8635 8636//8636
f 8637//8637 8638//8638 8639//8639
f 8640//8640 8641//8641 8642//8642
f 8643//8643 8644//8644 8645//8645
f 8646//8646 8647//8647 8648//8648
f 8649//8649 8650//8650 8651//8651
f 8652//8652 8653//8653 8654//8654
f 8655//8655 8656//8656 8657//8657
f 8658//8658 8659//8659 8660//8660
f 8661//8661 8662//8662 8663//8663
f 8664//8664 8665//8665 8666//8666
f 8667//8667 8668//8668 8669//8669
f 8670//8670 8671//8671 8672//8672
f 8673//8673 8674//8674 8675//8675
f 8676//8676 8677//8677 8678//8678
f 8679//8679 8680//8680 8681//8681
f 8682//8682 8683//8683 8684//8684
f 8685//8685 8686//8686 8687//8687
f 8688//8688 8689//8689 8690//8690
f 8691//8691 8692//8692 8693//8693
f 8694//8694 8695//8695 8696//8696
f 8697//8697 8698//8698 8699//8699
f 8697//8697 8699//8699 8700//8700
f 8701//8701 8702//8702 8703//8703
f 8701//8701 8703//8703 8704//8704
f 8705//8705 8706//8706 8707//8707
f 8708//8708 8709//8709 8710//8710
f 8711//8711 8712//8712 8713//8713
f 8714//8714 8715//8715 8716//8716
f 8717//8717 8718//8718 8719//8719
f 8720//8720 8721//8721 8722//8722
f 8723//8723 8724//8724 8725//8725
f 8726//8726 8727//8727 8728//8728
f 8729//8729 8730//8730 8731//8731
f 8729//8729 8731//8731 8732//8732
f 8733//8733 8734//8734 8735//8735
f 8736//8736 8737//8737 8738//8738
f 8739//8739 8740//8740 8741//8741
f 8742//8742 8743//8743 8744//8744
f 8745//8745 8746//8746 8747//8747
f 8748//8748 8749//8749 8750//8750
f 8751//8751 8752//8752 8753//8753
f 8754//8754 8755//8755 8756//8756
f 8757//8757 8758//8758 8759//8759
f 8760//8760 8761//8761 8762//8762
f 8763//8763 8764//8764 8765//8765
f 8766//8766 8767//8767 8768//8768
f 8769//8769 8770//8770 8771//8771
f 8772//8772 8773//8773 8774//8774
f 8775//8775 8776//8776 8777//8777
f 8778//8778 8779//8779 8780//8780
f 8781//8781 8782//8782 8783//8783
f 8784//8784 8785//8785 8786//8786
f 8787//8787 8788//8788 8789//8789
f 8790//8790 8791//8791 8792//8792
f 8793//8793 8794//8794 8795//8795
f 8287//8287 8796//8796 8285//8285
f 8797//8797 8798//8798 8799//8799
f 8800//8800 8801//8801 8802//8802
f 8803//8803 8804//8804 8805//8805
f 8806//8806 8807//8807 8808//8808
f 8809//8809 8810//8810 8811//8811
f 8812//8812 8813//8813 8814//8814
f 8815//8815 8816//8816 8817//8817
f 8818//8818 8819//8819 8820//8820
f 8821//8821 8822//8822 8823//8823
f 8824//8824 8825//8825 8826//8826
f 8827//8827 8828//8828 8829//8829
f 8830//8830 8831//8831 8832//8832
f 8833//8833 8834//8834 8835//8835
f 8836//8836 8837//8837 8838//8838
f 8839//8839 8840//8840 8841//8841
f 8842//8842 8843//8843 8844//8844
f 8845//8845 8846//8846 8847//8847
f 8848//8848 8849//8849 8850//8850
f 8851//8851 8852//8852 8853//8853
f 8854//8854 8855//8855 8856//8856
f 8857//8857 8858//8858 8859//8859
f 8860//8860 8861//8861 8862//8862
f 8863//8863 8864//8864 8865//8865
f 8866//8866 8867//8867 8868//8868
f 8365//8365 8869//8869 8363//8363
f 8870//8870 8871//8871 8872//8872
f 8873//8873 8874//8874 8875//8875
f 8876//8876 8877//8877 8878//8878
f 8879//8879 8880//8880 8881//8881
f 8882//8882 8883//8883 8884//8884
f 8885//8885 8886//8886 8887//8887
f 8888//8888 8889//8889 8890//8890
f 8891//8891 8892//8892 8893//8893
f 8894//8894 8895//8895 8896//8896
f 8897//8897 8898//8898 8899//8899
f 8900//8900 8901//8901 8902//8902
f 8903//8903 8904//8904 8905//8905
f 8906//8906 8907//8907 8908//8908
f 8909//8909 8910//8910 8911//8911
f 8912//8912 8913//8913 8914//8914
f 8915//8915 8916//8916 8917//8917
f 8918//8918 8919//8919 8920//8920
f 8921//8921 8922//8922 8923//8923
f 8924//8924 8925//8925 8926//8926
f 8927//8927 8928//8928 8929//8929
f 8930//8930 8931//8931 8932//8932
f 8933//8933 8934//8934 8935//8935
f 8936//8936 8937//8937 8938//8938
f 8939//8939 8940//8940 8941//8941
f 8942//8942 8943//8943 8944//8944
f 8945//8945 8946//8946 8947//8947
f 8948//8948 8949//8949 8950//8950
f 8951//8951 8952//8952 8953//8953
f 8954//8954 8955//8955 8956//8956
f 8957//8957 8958//8958 8959//8959
f 8960//8960 8961//8961 8962//8962
f 8963//8963 8964//8964 8965//8965
f 8966//8966 8967//8967 8968//8968
f 8969//8969 8970//8970 8971//8971
f 8972//8972 8973//8973 8974//8974
f 8975//8975 8976//8976 8977//8977
f 8978//8978 8979//8979 8980//8980
f 8981//8981 8982//8982 8983//8983
f 8984//8984 8985//8985 8986//8986
f 8987//8987 8988//8988 8989//8989
f 8990//8990 8991//8991 8992//8992
f 8993//8993 8994//8994 8995//8995
f 8996//8996 8997//8997 8998//8998
f 8999//8999 9000//9000 9001//9001
f 9002//9002 9003//9003 9004//9004
f 9005//9005 9006//9006 9007//9007
f 9008//9008 9009//9009 9010//9010
f 9011//9011 9012//9012 9013//9013
f 9014//9014 9015//9015 9016//9016
f 9017//9017 9018//9018 9019//9019
f 9020//9020 9021//9021 9022//9022
f 9023//9023 9024//9024 9025//9025
f 9026//9026 9027//9027 9028//9028
f 9029//9029 9030//9030 9031//9031
f 9032//9032 9033//9033 9034//9034
f 9035//9035 9036//9036 9037//9037
f 9038//9038 9039//9039 9040//9040
f 9041//9041 9042//9042 9043//9043
f 9044//9044 9045//9045 9046//9046
f 9047//9047 9048//9048 9049//9049
f 9050//9050 9051//9051 9052//9052
f 9053//9053 9054//9054 9055//9055
f 9056//9056 9057//9057 9058//9058
f 9059//9059 9060//9060 9061//9061
f 9062//9062 9063//9063 9064//9064
f 9065//9065 9066//9066 9067//9067
f 9068//9068 9069//9069 9070//9070
f 9071//9071 9072//9072 9073//9073
f 9074//9074 9075//9075 9076//9076
f 9077//9077 9078//9078 9079//9079
f 9080//9080 9081//9081 9082//9082
f 9083//9083 9084//9084 9085//9085
f 9086//9086 9087//9087 9088//9088
f 9089//9089 9090//9090 9091//9091
f 9092//9092 9093//9093 9094//9094
f 9095//9095 9096//9096 9097//9097
f 9098//9098 9099//9099 9100//9100
f 9101//9101 9102//9102 9103//9103
f 9104//9104 9105//9105 9106//9106
f 9107//9107 9108//9108 9109//9109
f 9110//9110 9111//9111 9112//9112
f 9113//9113 9114//9114 9115//9115
f 9116//9116 9117//9117 9118//9118
f 9119//9119 9120//9120 9121//9121
f 9122//9122 9123//9123 9124//9124
f 9125//9125 9126//9126 9127//9127
f 9128//9128 9129//9129 9130//9130
f 9131//9131 9132//9132 9133//9133
f 9134//9134 9135//9135 9136//9136
f 9137//9137 9138//9138 9139//9139
f 9140//9140 9141//9141 9142//9142
f 9143//9143 9144//9144 9145//9145
f 9146//9146 9147//9147 9148//9148
f 9149//9149 9150//9150 9151//9151
f 9152//9152 9153//9153 9154//9154
f 9155//9155 9156//9156 9157//9157
f 9158//9158 9159//9159 9160//9160
f 9161//9161 9162//9162 9163//9163
f 9164//9164 9165//9165 9166//9166
f 9167//9167 9168//9168 9169//9169
f 9170//9170 9171//9171 9172//9172
f 9173//9173 9174//9174 9175//9175
f 9176//9176 9177//9177 9178//9178
f 9179//9179 9180//9180 9181//9181
f 9182//9182 9183//9183 9184//9184
f 9185//9185 9186//9186 9187//9187
f 9188//9188 9189//9189 9190//9190
f 9191//9191 9192//9192 9193//9193
f 9194//9194 9195//9195 9196//9196
f 9197//9197 9198//9198 9199//9199
f 9200//9200 9201//9201 9202//9202
f 9203//9203 9204//9204 9205//9205
f 9206//9206 9207//9207 9208//9208
f 9209//9209 9210//9210 9211//9211
f 9212//9212 9213//9213 9214//9214
f 9215//9215 9216//9216 9217//9217
f 9218//9218 9219//9219 9220//9220
f 9221//9221 9222//9222 9223//9223
f 9224//9224 9225//9225 9226//9226
f 9227//9227 9228//9228 9229//9229
f 9230//9230 9231//9231 9232//9232
f 9233//9233 9234//9234 9235//9235
f 9236//9236 9237//9237 9238//9238
f 9239//9239 9240//9240 9241//9241
f 9242//9242 9243//9243 9244//9244
f 9245//9245 9246//9246 9247//9247
f 9248//9248 9249//9249 9250//9250
f 9251//9251 9252//9252 9253//9253
f 9254//9254 9255//9255 9256//9256
f 9257//9257 9258//9258 9259//9259
f 9260//9260 9261//9261 9262//9262
f 9263//9263 9264//9264 9265//9265
f 9266//9266 9267//9267 9268//9268
f 9269//9269 9270//9270 9271//9271
f 9272//9272 9273//9273 9274//9274
f 9275//9275 9276//9276 9277//9277
f 9278//9278 9279//9279 9280//9280
f 9281//9281 9282//9282 9283//9283
f 9284//9284 9285//9285 9286//9286
f 9287//9287 9288//9288 9289//9289
f 9290//9290 9291//9291 9292//9292
f 9293//9293 9294//9294 9295//9295
f 9296//9296 9297//9297 9298//9298
f 9299//9299 9300//9300 9301//9301
f 9302//9302 9303//9303 9304//9304
f 9305//9305 9306//9306 9307//9307
f 9308//9308 9309//9309 9310//9310
f 9311//9311 9312//9312 9313//9313
f 9314//9314 9315//9315 9316//9316
f 9317//9317 9318//9318 9319//9319
f 9320//9320 9321//9321 9322//9322
f 9323//9323 9324//9324 9325//9325
f 9326//9326 9327//9327 9328//9328
f 9329//9329 9330//9330 9331//9331
f 9332//9332 9333//9333 9334//9334
f 9335//9335 9336//9336 9337//9337
f 9338//9338 9339//9339 9340//9340
f 9341//9341 9342//9342 9343//9343
f 9344//9344 9345//9345 9346//9346
f 9347//9347 9348//9348 9349//9349
f 9350//9350 9351//9351 9352//9352
f 9353//9353 9354//9354 9355//9355
f 9356//9356 9357//9357 9358//9358
f 9359//9359 9360//9360 9361//9361
f 9362//9362 9363//9363 9364//9364
f 9365//9365 9366//9366 9367//9367
f 9368//9368 9369//9369 9370//9370
f 9371//9371 9372//9372 9373//9373

