# https://github.com/mikedh/trimesh
v 0.02632901 0.09997575 0.04603677
v -0.02738808 0.15148373 0.04603668
v 0.02919411 0.10324397 0.04603669
v -0.02401711 0.15470578 0.04603668
v 0.03200649 0.10734082 0.04603669
v -0.03320131 0.14307563 0.04603668
v -0.03066888 0.14735127 0.04603668
v 0.02206597 0.09635013 0.04603669
v 0.01787738 0.09367622 0.04603669
v -0.03320130 0.10952097 0.04603669
v 0.01336975 0.09158446 0.04603669
v 0.00862357 0.09011218 0.04603669
v -0.03645416 0.11888874 0.04603669
v -0.03711649 0.12381368 0.04603669
v -0.03711649 0.12878292 0.04603668
v 0.00372346 0.08928564 0.04603669
v -0.02758913 0.10134548 0.04603669
v -0.03066887 0.10524532 0.04603669
v -0.03514126 0.11409591 0.04603669
v -0.03645416 0.13370795 0.04603668
v -0.03514127 0.13850069 0.04603668
v 0.03719948 0.12629838 0.04603669
v 0.03686756 0.12134014 0.04603669
v -0.02001643 0.09494314 0.04603669
v -0.00618742 0.08961698 0.04603669
v -0.01565861 0.09255499 0.04603669
v -0.01102135 0.09076898 0.04603669
v -0.00124305 0.08911959 0.04603669
v -0.02401709 0.09789084 0.04603669
v 0.03587775 0.11647040 0.04603669
v 0.03424768 0.11177606 0.04603669
v 0.03200648 0.14525583 0.04603668
v -0.02001645 0.15765354 0.04603668
v 0.02919409 0.14935278 0.04603668
v 0.02586078 0.15303823 0.04603668
v 0.03424767 0.14082059 0.04603668
v 0.03587774 0.13612625 0.04603668
v 0.03686756 0.13125661 0.04603668
v -0.01565863 0.16004162 0.04603668
v -0.01102137 0.16182770 0.04603668
v -0.00618744 0.16297968 0.04603668
v 0.01787736 0.15892044 0.04603668
v 0.00372344 0.16331108 0.04603668
v 0.01336972 0.16101221 0.04603668
v 0.00862354 0.16248450 0.04603668
v -0.00124308 0.16347708 0.04603668
v 0.02206595 0.15624658 0.04603668
v 0.02942761 0.10305957 0.04655206
v 0.02606763 0.09934459 0.04655206
v 0.02632901 0.09997575 0.04603677
v 0.02632901 0.09997575 0.04603677
v 0.02606763 0.09934459 0.04655206
v 0.02224243 0.09611060 0.04655206
v 0.02632901 0.09997575 0.04603677
v 0.02224243 0.09611060 0.04655206
v 0.02206597 0.09635013 0.04603669
v 0.02206597 0.09635013 0.04603669
v 0.02224243 0.09611060 0.04655206
v 0.01802036 0.09341532 0.04655206
v 0.01787738 0.09367622 0.04603669
v 0.01787738 0.09367622 0.04603669
v 0.01802036 0.09341532 0.04655206
v 0.01347670 0.09130684 0.04655206
v 0.01336975 0.09158446 0.04603669
v 0.01336975 0.09158446 0.04603669
v 0.01347670 0.09130684 0.04655206
v 0.00869255 0.08982277 0.04655206
v 0.00862357 0.09011218 0.04603669
v 0.00862357 0.09011218 0.04603669
v 0.00869255 0.08982277 0.04655206
v 0.00375325 0.08898963 0.04655206
v 0.00372346 0.08928564 0.04603669
v 0.00372346 0.08928564 0.04603669
v 0.00375325 0.08898963 0.04655206
v -0.00125299 0.08882225 0.04655206
v -0.00124305 0.08911959 0.04603669
v -0.00124305 0.08911959 0.04603669
v -0.00125299 0.08882225 0.04655206
v -0.00608993 0.08924878 0.04677862
v -0.00124305 0.08911959 0.04603669
v -0.00608993 0.08924878 0.04677862
v -0.00618742 0.08961698 0.04603669
v -0.00618742 0.08961698 0.04603669
v -0.00608993 0.08924878 0.04677862
v -0.01110949 0.09048482 0.04655206
v -0.00618742 0.08961698 0.04603669
v -0.01110949 0.09048482 0.04655206
v -0.01102135 0.09076898 0.04603669
v -0.01102135 0.09076898 0.04603669
v -0.01110949 0.09048482 0.04655206
v -0.01578383 0.09228512 0.04655206
v -0.01565861 0.09255499 0.04603669
v -0.01565861 0.09255499 0.04603669
v -0.01578383 0.09228512 0.04655206
v -0.02017653 0.09469238 0.04655206
v -0.02001643 0.09494314 0.04603669
v -0.02001643 0.09494314 0.04603669
v -0.02017653 0.09469238 0.04655206
v -0.02420916 0.09766363 0.04655206
v -0.02401709 0.09789084 0.04603669
v -0.02401709 0.09789084 0.04603669
v -0.02420916 0.09766363 0.04655206
v -0.02780979 0.10114588 0.04655206
v -0.02758913 0.10134548 0.04603669
v -0.02758913 0.10134548 0.04603669
v -0.02780979 0.10114588 0.04655206
v -0.03091414 0.10507703 0.04655206
v -0.03066887 0.10524532 0.04603669
v -0.03066887 0.10524532 0.04603669
v -0.03091414 0.10507703 0.04655206
v -0.03346683 0.10938677 0.04655206
v -0.03320130 0.10952097 0.04603669
v -0.03320130 0.10952097 0.04603669
v -0.03346683 0.10938677 0.04655206
v -0.03542232 0.11399841 0.04655206
v -0.03514126 0.11409591 0.04603669
v -0.03514126 0.11409591 0.04603669
v -0.03542232 0.11399841 0.04655206
v -0.03674568 0.11882945 0.04655206
v -0.03645416 0.11888874 0.04603669
v -0.03645416 0.11888874 0.04603669
v -0.03674568 0.11882945 0.04655206
v -0.03741335 0.12379378 0.04655206
v -0.03711649 0.12381368 0.04603669
v -0.03711649 0.12381368 0.04603669
v -0.03741335 0.12379378 0.04655206
v -0.03741335 0.12880282 0.04655206
v -0.03711649 0.12878292 0.04603668
v -0.03711649 0.12878292 0.04603668
v -0.03741335 0.12880282 0.04655206
v -0.03674569 0.13376716 0.04655206
v -0.03645416 0.13370795 0.04603668
v -0.03645416 0.13370795 0.04603668
v -0.03674569 0.13376716 0.04655206
v -0.03542233 0.13859829 0.04655206
v -0.03514127 0.13850069 0.04603668
v -0.03514127 0.13850069 0.04603668
v -0.03542233 0.13859829 0.04655206
v -0.03346684 0.14320983 0.04655206
v -0.03320131 0.14307563 0.04603668
v -0.03320131 0.14307563 0.04603668
v -0.03346684 0.14320983 0.04655206
v -0.03091416 0.14751968 0.04655206
v -0.03066888 0.14735127 0.04603668
v -0.03066888 0.14735127 0.04603668
v -0.03091416 0.14751968 0.04655206
v -0.02758602 0.15170222 0.04653372
v -0.03066888 0.14735127 0.04603668
v -0.02758602 0.15170222 0.04653372
v -0.02738808 0.15148373 0.04603668
v -0.02738808 0.15148373 0.04603668
v -0.02758602 0.15170222 0.04653372
v -0.02401711 0.15470578 0.04603668
v 0.02632901 0.09997575 0.04603677
v 0.02919411 0.10324397 0.04603669
v 0.02942761 0.10305957 0.04655206
v 0.02942761 0.10305957 0.04655206
v 0.02919411 0.10324397 0.04603669
v 0.03200649 0.10734082 0.04603669
v 0.03226247 0.10718922 0.04655206
v 0.03226247 0.10718922 0.04655206
v 0.03200649 0.10734082 0.04603669
v 0.03424768 0.11177606 0.04603669
v 0.03452159 0.11165986 0.04655206
v 0.03452159 0.11165986 0.04655206
v 0.03424768 0.11177606 0.04603669
v 0.03587775 0.11647040 0.04603669
v 0.03616467 0.11639180 0.04655206
v 0.03616467 0.11639180 0.04655206
v 0.03587775 0.11647040 0.04603669
v 0.03686756 0.12134014 0.04603669
v 0.03716244 0.12130044 0.04655206
v 0.03716244 0.12130044 0.04655206
v 0.03686756 0.12134014 0.04603669
v 0.03719948 0.12629838 0.04603669
v 0.03749699 0.12629838 0.04655206
v 0.03749699 0.12629838 0.04655206
v 0.03719948 0.12629838 0.04603669
v 0.03686756 0.13125661 0.04603668
v 0.03716243 0.13129621 0.04655206
v 0.03716243 0.13129621 0.04655206
v 0.03686756 0.13125661 0.04603668
v 0.03587774 0.13612625 0.04603668
v 0.03616467 0.13620485 0.04655206
v 0.03616467 0.13620485 0.04655206
v 0.03587774 0.13612625 0.04603668
v 0.03424767 0.14082059 0.04603668
v 0.03452158 0.14093678 0.04655206
v 0.03452158 0.14093678 0.04655206
v 0.03424767 0.14082059 0.04603668
v 0.03200648 0.14525583 0.04603668
v 0.03452158 0.14093678 0.04655206
v 0.03200648 0.14525583 0.04603668
v 0.03211641 0.14574202 0.04680888
v 0.03211641 0.14574202 0.04680888
v 0.03200648 0.14525583 0.04603668
v 0.02919409 0.14935278 0.04603668
v 0.03211641 0.14574202 0.04680888
v 0.02919409 0.14935278 0.04603668
v 0.02942760 0.14953707 0.04655206
v 0.02942760 0.14953707 0.04655206
v 0.02919409 0.14935278 0.04603668
v 0.02586078 0.15303823 0.04603668
v 0.02606761 0.15325212 0.04655206
v 0.02606761 0.15325212 0.04655206
v 0.02586078 0.15303823 0.04603668
v 0.02206595 0.15624658 0.04603668
v 0.02224241 0.15648607 0.04655206
v 0.02224241 0.15648607 0.04655206
v 0.02206595 0.15624658 0.04603668
v 0.01787736 0.15892044 0.04603668
v 0.01802033 0.15918134 0.04655206
v 0.01802033 0.15918134 0.04655206
v 0.01787736 0.15892044 0.04603668
v 0.01336972 0.16101221 0.04603668
v 0.01347667 0.16128981 0.04655206
v 0.01347667 0.16128981 0.04655206
v 0.01336972 0.16101221 0.04603668
v 0.00862354 0.16248450 0.04603668
v 0.00869253 0.16277389 0.04655206
v 0.00869253 0.16277389 0.04655206
v 0.00862354 0.16248450 0.04603668
v 0.00372344 0.16331108 0.04603668
v 0.00375322 0.16360708 0.04655206
v 0.00375322 0.16360708 0.04655206
v 0.00372344 0.16331108 0.04603668
v -0.00124308 0.16347708 0.04603668
v -0.00125302 0.16377438 0.04655206
v -0.00125302 0.16377438 0.04655206
v -0.00124308 0.16347708 0.04603668
v -0.00618744 0.16297968 0.04603668
v -0.00623692 0.16327298 0.04655206
v -0.00623692 0.16327298 0.04655206
v -0.00618744 0.16297968 0.04603668
v -0.01102137 0.16182770 0.04603668
v -0.01110951 0.16211180 0.04655206
v -0.01110951 0.16211180 0.04655206
v -0.01102137 0.16182770 0.04603668
v -0.01565863 0.16004162 0.04603668
v -0.01578385 0.16031151 0.04655206
v -0.01578385 0.16031151 0.04655206
v -0.01565863 0.16004162 0.04603668
v -0.02001645 0.15765354 0.04603668
v -0.02017655 0.15790424 0.04655206
v -0.02017655 0.15790424 0.04655206
v -0.02001645 0.15765354 0.04603668
v -0.02401711 0.15470578 0.04603668
v -0.02017655 0.15790424 0.04655206
v -0.02401711 0.15470578 0.04603668
v -0.02383817 0.15530068 0.04682107
v -0.02383817 0.15530068 0.04682107
v -0.02401711 0.15470578 0.04603668
v -0.02758602 0.15170222 0.04653372
v 0.03741998 0.12364551 0.04684166
v 0.03682939 0.11912386 0.04684138
v 0.03716244 0.12130044 0.04655206
v 0.03741998 0.12364551 0.04684166
v 0.03716244 0.12130044 0.04655206
v 0.03749699 0.12629838 0.04655206
v 0.03741998 0.12364551 0.04684166
v 0.03749699 0.12629838 0.04655206
v 0.03747448 0.12820254 0.04684040
v 0.03716244 0.12130044 0.04655206
v 0.03682939 0.11912386 0.04684138
v 0.03616467 0.11639180 0.04655206
v 0.03616467 0.11639180 0.04655206
v 0.03682939 0.11912386 0.04684138
v 0.03559609 0.11442823 0.04684111
v 0.03616467 0.11639180 0.04655206
v 0.03559609 0.11442823 0.04684111
v 0.03452159 0.11165986 0.04655206
v 0.03452159 0.11165986 0.04655206
v 0.03559609 0.11442823 0.04684111
v 0.03373907 0.10987609 0.04684069
v 0.03452159 0.11165986 0.04655206
v 0.03373907 0.10987609 0.04684069
v 0.03226247 0.10718922 0.04655206
v 0.03226247 0.10718922 0.04655206
v 0.03373907 0.10987609 0.04684069
v 0.03130023 0.10560254 0.04684042
v 0.03226247 0.10718922 0.04655206
v 0.03130023 0.10560254 0.04684042
v 0.02942761 0.10305957 0.04655206
v 0.02942761 0.10305957 0.04655206
v 0.03130023 0.10560254 0.04684042
v 0.02784274 0.10110629 0.04683945
v 0.02942761 0.10305957 0.04655206
v 0.02784274 0.10110629 0.04683945
v 0.02606763 0.09934459 0.04655206
v 0.02606763 0.09934459 0.04655206
v 0.02784274 0.10110629 0.04683945
v 0.02311278 0.09673475 0.04683685
v 0.02606763 0.09934459 0.04655206
v 0.02311278 0.09673475 0.04683685
v 0.02224243 0.09611060 0.04655206
v 0.01916240 0.09403371 0.04683791
v 0.01802036 0.09341532 0.04655206
v 0.02224243 0.09611060 0.04655206
v 0.01916240 0.09403371 0.04683791
v 0.02224243 0.09611060 0.04655206
v 0.02311278 0.09673475 0.04683685
v 0.01490597 0.09186180 0.04683894
v 0.01347670 0.09130684 0.04655206
v 0.01802036 0.09341532 0.04655206
v 0.01490597 0.09186180 0.04683894
v 0.01802036 0.09341532 0.04655206
v 0.01916240 0.09403371 0.04683791
v 0.01065480 0.09032808 0.04684114
v 0.00869255 0.08982277 0.04655206
v 0.01347670 0.09130684 0.04655206
v 0.01065480 0.09032808 0.04684114
v 0.01347670 0.09130684 0.04655206
v 0.01490597 0.09186180 0.04683894
v 0.00625926 0.08930156 0.04684082
v 0.00375325 0.08898963 0.04655206
v 0.00869255 0.08982277 0.04655206
v 0.00625926 0.08930156 0.04684082
v 0.00869255 0.08982277 0.04655206
v 0.01065480 0.09032808 0.04684114
v 0.00625926 0.08930156 0.04684082
v 0.00240252 0.08887571 0.04683673
v 0.00375325 0.08898963 0.04655206
v 0.00375325 0.08898963 0.04655206
v 0.00240252 0.08887571 0.04683673
v -0.00125299 0.08882225 0.04655206
v -0.00125299 0.08882225 0.04655206
v 0.00240252 0.08887571 0.04683673
v -0.00122875 0.08881296 0.04683287
v -0.00125299 0.08882225 0.04655206
v -0.00122875 0.08881296 0.04683287
v -0.00608993 0.08924878 0.04677862
v -0.00608993 0.08924878 0.04677862
v -0.00815590 0.08967246 0.04684061
v -0.01110949 0.09048482 0.04655206
v -0.01110949 0.09048482 0.04655206
v -0.00815590 0.08967246 0.04684061
v -0.01309871 0.09112253 0.04684016
v -0.01110949 0.09048482 0.04655206
v -0.01309871 0.09112253 0.04684016
v -0.01578383 0.09228512 0.04655206
v -0.01309871 0.09112253 0.04684016
v -0.01755856 0.09314468 0.04684117
v -0.01578383 0.09228512 0.04655206
v -0.01578383 0.09228512 0.04655206
v -0.01755856 0.09314468 0.04684117
v -0.02017653 0.09469238 0.04655206
v -0.02017653 0.09469238 0.04655206
v -0.01755856 0.09314468 0.04684117
v -0.02153932 0.09557116 0.04683944
v -0.02017653 0.09469238 0.04655206
v -0.02153932 0.09557116 0.04683944
v -0.02420916 0.09766363 0.04655206
v -0.02420916 0.09766363 0.04655206
v -0.02153932 0.09557116 0.04683944
v -0.02531913 0.09860211 0.04683865
v -0.02420916 0.09766363 0.04655206
v -0.02531913 0.09860211 0.04683865
v -0.02780979 0.10114588 0.04655206
v -0.02780979 0.10114588 0.04655206
v -0.02531913 0.09860211 0.04683865
v -0.02864960 0.10206277 0.04683764
v -0.02780979 0.10114588 0.04655206
v -0.02864960 0.10206277 0.04683764
v -0.03091414 0.10507703 0.04655206
v -0.03091414 0.10507703 0.04655206
v -0.02864960 0.10206277 0.04683764
v -0.03092266 0.10508482 0.04683673
v -0.03294680 0.10833329 0.04683732
v -0.03346683 0.10938677 0.04655206
v -0.03091414 0.10507703 0.04655206
v -0.03294680 0.10833329 0.04683732
v -0.03091414 0.10507703 0.04655206
v -0.03092266 0.10508482 0.04683673
v -0.03496918 0.11268513 0.04683836
v -0.03542232 0.11399841 0.04655206
v -0.03346683 0.10938677 0.04655206
v -0.03496918 0.11268513 0.04683836
v -0.03346683 0.10938677 0.04655206
v -0.03294680 0.10833329 0.04683732
v -0.03641682 0.11725066 0.04683923
v -0.03674568 0.11882945 0.04655206
v -0.03542232 0.11399841 0.04655206
v -0.03641682 0.11725066 0.04683923
v -0.03542232 0.11399841 0.04655206
v -0.03496918 0.11268513 0.04683836
v -0.03727564 0.12199051 0.04684010
v -0.03741335 0.12379378 0.04655206
v -0.03674568 0.11882945 0.04655206
v -0.03727564 0.12199051 0.04684010
v -0.03674568 0.11882945 0.04655206
v -0.03641682 0.11725066 0.04683923
v -0.03751893 0.12681885 0.04684073
v -0.03741335 0.12880282 0.04655206
v -0.03741335 0.12379378 0.04655206
v -0.03751893 0.12681885 0.04684073
v -0.03741335 0.12379378 0.04655206
v -0.03727564 0.12199051 0.04684010
v -0.03741335 0.12880282 0.04655206
v -0.03751893 0.12681885 0.04684073
v -0.03713952 0.13164418 0.04684132
v -0.03741335 0.12880282 0.04655206
v -0.03713952 0.13164418 0.04684132
v -0.03674569 0.13376716 0.04655206
v -0.03713952 0.13164418 0.04684132
v -0.03620632 0.13611712 0.04684299
v -0.03674569 0.13376716 0.04655206
v -0.03674569 0.13376716 0.04655206
v -0.03620632 0.13611712 0.04684299
v -0.03542233 0.13859829 0.04655206
v -0.03542233 0.13859829 0.04655206
v -0.03620632 0.13611712 0.04684299
v -0.03474005 0.14047897 0.04684087
v -0.03542233 0.13859829 0.04655206
v -0.03474005 0.14047897 0.04684087
v -0.03346684 0.14320983 0.04655206
v -0.03346684 0.14320983 0.04655206
v -0.03474005 0.14047897 0.04684087
v -0.03260211 0.14487721 0.04684064
v -0.03346684 0.14320983 0.04655206
v -0.03260211 0.14487721 0.04684064
v -0.03091416 0.14751968 0.04655206
v -0.03091416 0.14751968 0.04655206
v -0.03260211 0.14487721 0.04684064
v -0.02988716 0.14898716 0.04684006
v -0.02677923 0.15257771 0.04683665
v -0.02383817 0.15530068 0.04682107
v -0.02758602 0.15170222 0.04653372
v -0.03091416 0.14751968 0.04655206
v -0.02988716 0.14898716 0.04684006
v -0.02758602 0.15170222 0.04653372
v -0.02758602 0.15170222 0.04653372
v -0.02988716 0.14898716 0.04684006
v -0.02677923 0.15257771 0.04683665
v -0.02038741 0.15777204 0.04683673
v -0.02017655 0.15790424 0.04655206
v -0.02383817 0.15530068 0.04682107
v -0.01708297 0.15970883 0.04683840
v -0.01578385 0.16031151 0.04655206
v -0.02017655 0.15790424 0.04655206
v -0.01708297 0.15970883 0.04683840
v -0.02017655 0.15790424 0.04655206
v -0.02038741 0.15777204 0.04683673
v -0.01292062 0.16151909 0.04684061
v -0.01110951 0.16211180 0.04655206
v -0.01578385 0.16031151 0.04655206
v -0.01292062 0.16151909 0.04684061
v -0.01578385 0.16031151 0.04655206
v -0.01708297 0.15970883 0.04683840
v -0.00834219 0.16289298 0.04684011
v -0.00623692 0.16327298 0.04655206
v -0.01110951 0.16211180 0.04655206
v -0.00834219 0.16289298 0.04684011
v -0.01110951 0.16211180 0.04655206
v -0.01292062 0.16151909 0.04684061
v -0.00623692 0.16327298 0.04655206
v -0.00834219 0.16289298 0.04684011
v -0.00359858 0.16363928 0.04684268
v -0.00623692 0.16327298 0.04655206
v -0.00359858 0.16363928 0.04684268
v -0.00125302 0.16377438 0.04655206
v -0.00125302 0.16377438 0.04655206
v -0.00359858 0.16363928 0.04684268
v 0.00093469 0.16380868 0.04684130
v -0.00125302 0.16377438 0.04655206
v 0.00093469 0.16380868 0.04684130
v 0.00375322 0.16360708 0.04655206
v 0.00375322 0.16360708 0.04655206
v 0.00093469 0.16380868 0.04684130
v 0.00575216 0.16337747 0.04684090
v 0.00375322 0.16360708 0.04655206
v 0.00575216 0.16337747 0.04684090
v 0.00869253 0.16277389 0.04655206
v 0.00869253 0.16277389 0.04655206
v 0.00575216 0.16337747 0.04684090
v 0.01050815 0.16232089 0.04684043
v 0.00869253 0.16277389 0.04655206
v 0.01050815 0.16232089 0.04684043
v 0.01347667 0.16128981 0.04655206
v 0.01347667 0.16128981 0.04655206
v 0.01050815 0.16232089 0.04684043
v 0.01511930 0.16064152 0.04683999
v 0.01347667 0.16128981 0.04655206
v 0.01511930 0.16064152 0.04683999
v 0.01802033 0.15918134 0.04655206
v 0.01802033 0.15918134 0.04655206
v 0.01511930 0.16064152 0.04683999
v 0.01946227 0.15838205 0.04683969
v 0.01802033 0.15918134 0.04655206
v 0.01946227 0.15838205 0.04683969
v 0.02224241 0.15648607 0.04655206
v 0.02224241 0.15648607 0.04655206
v 0.01946227 0.15838205 0.04683969
v 0.02348090 0.15556879 0.04683905
v 0.02224241 0.15648607 0.04655206
v 0.02348090 0.15556879 0.04683905
v 0.02606761 0.15325212 0.04655206
v 0.02606761 0.15325212 0.04655206
v 0.02348090 0.15556879 0.04683905
v 0.02704862 0.15230862 0.04683818
v 0.02606761 0.15325212 0.04655206
v 0.02704862 0.15230862 0.04683818
v 0.02942760 0.14953707 0.04655206
v 0.02942760 0.14953707 0.04655206
v 0.02704862 0.15230862 0.04683818
v 0.03013063 0.14866698 0.04683705
v 0.02942760 0.14953707 0.04655206
v 0.03013063 0.14866698 0.04683705
v 0.03211641 0.14574202 0.04680888
v 0.03402419 0.14212567 0.04683783
v 0.03452158 0.14093678 0.04655206
v 0.03211641 0.14574202 0.04680888
v 0.03576459 0.13765672 0.04683881
v 0.03616467 0.13620485 0.04655206
v 0.03452158 0.14093678 0.04655206
v 0.03576459 0.13765672 0.04683881
v 0.03452158 0.14093678 0.04655206
v 0.03402419 0.14212567 0.04683783
v 0.03692344 0.13298339 0.04683969
v 0.03716243 0.13129621 0.04655206
v 0.03616467 0.13620485 0.04655206
v 0.03692344 0.13298339 0.04683969
v 0.03616467 0.13620485 0.04655206
v 0.03576459 0.13765672 0.04683881
v 0.03716243 0.13129621 0.04655206
v 0.03692344 0.13298339 0.04683969
v 0.03747448 0.12820254 0.04684040
v 0.03716243 0.13129621 0.04655206
v 0.03747448 0.12820254 0.04684040
v 0.03749699 0.12629838 0.04655206
v 0.03682939 0.11912386 0.04684138
v 0.03636274 0.11890727 0.04683673
v 0.03559609 0.11442823 0.04684111
v 0.03505316 0.11412653 0.04683673
v 0.03311806 0.10956299 0.04683673
v 0.03373907 0.10987609 0.04684069
v 0.03710769 0.12479399 0.04683627
v 0.03741998 0.12364551 0.04684166
v 0.02784274 0.10110629 0.04683945
v 0.02751994 0.10140800 0.04683673
v 0.02395687 0.09796201 0.04683673
v 0.02311278 0.09673475 0.04683685
v 0.03373907 0.10987609 0.04684069
v 0.03311806 0.10956299 0.04683673
v 0.03130023 0.10560254 0.04684042
v 0.03130023 0.10560254 0.04684042
v 0.03059197 0.10529814 0.04683673
v 0.03059197 0.10529814 0.04683673
v 0.03059197 0.10529814 0.04683673
v 0.02784274 0.10110629 0.04683945
v -0.01755856 0.09314468 0.04684117
v -0.01783266 0.09375793 0.04683673
v -0.02153932 0.09557116 0.04683944
v -0.02153932 0.09557116 0.04683944
v -0.01783266 0.09375793 0.04683673
v -0.02201077 0.09642513 0.04683673
v -0.03641682 0.11725066 0.04683923
v -0.03578794 0.11649498 0.04683673
v -0.03677530 0.12135252 0.04683673
v -0.03727564 0.12199051 0.04684010
v -0.03710639 0.12629835 0.04683673
v -0.03751893 0.12681885 0.04684073
v 0.03576459 0.13765672 0.04683881
v 0.03505315 0.13847011 0.04683673
v 0.03636273 0.13368938 0.04683673
v 0.03692344 0.13298339 0.04683969
v 0.03636273 0.13368938 0.04683673
v 0.03702341 0.12877674 0.04683673
v -0.01309871 0.09112253 0.04684016
v -0.01333634 0.09167143 0.04683673
v -0.01783266 0.09375793 0.04683673
v -0.01755856 0.09314468 0.04684117
v -0.02579609 0.09962541 0.04683673
v -0.02531913 0.09860211 0.04683865
v -0.02201077 0.09642513 0.04683673
v -0.02531913 0.09860211 0.04683865
v -0.02153932 0.09557116 0.04683944
v -0.03416198 0.11181244 0.04683673
v -0.03496918 0.11268513 0.04683836
v -0.03294680 0.10833329 0.04683732
v -0.03192640 0.10738830 0.04683673
v -0.03496918 0.11268513 0.04683836
v -0.03578794 0.11649498 0.04683673
v -0.03677531 0.13124409 0.04683673
v -0.03713952 0.13164418 0.04684132
v 0.03402419 0.14212567 0.04683783
v 0.03311805 0.14303366 0.04683673
v 0.03576459 0.13765672 0.04683881
v 0.03741998 0.12364551 0.04684166
v 0.03747448 0.12820254 0.04684040
v 0.03710769 0.12479399 0.04683627
v 0.03747448 0.12820254 0.04684040
v 0.01996623 0.09502170 0.04683673
v 0.01916240 0.09403371 0.04683791
v 0.01561931 0.09263951 0.04683673
v 0.01490597 0.09186180 0.04683894
v 0.01099368 0.09085799 0.04683673
v 0.01065480 0.09032808 0.04684114
v 0.01490597 0.09186180 0.04683894
v 0.01099368 0.09085799 0.04683673
v -0.00608993 0.08924878 0.04677862
v -0.00371422 0.08937835 0.04683673
v -0.00815590 0.08967246 0.04684061
v -0.00815590 0.08967246 0.04684061
v -0.00371422 0.08937835 0.04683673
v -0.00860204 0.09020283 0.04683673
v -0.02864960 0.10206277 0.04683764
v -0.02912108 0.10330165 0.04683673
v -0.03092266 0.10508482 0.04683673
v -0.03578795 0.13610162 0.04683673
v -0.03620632 0.13611712 0.04684299
v -0.03260211 0.14487721 0.04684064
v -0.03192641 0.14520831 0.04683673
v -0.02988716 0.14898716 0.04684006
v -0.02988716 0.14898716 0.04684006
v -0.03192641 0.14520831 0.04683673
v -0.02912109 0.14929496 0.04683673
v -0.02677923 0.15257771 0.04683665
v -0.02677923 0.15257771 0.04683665
v -0.02912109 0.14929496 0.04683673
v -0.02579611 0.15297121 0.04683673
v -0.02201079 0.15617146 0.04683673
v -0.02383817 0.15530068 0.04682107
v -0.02579611 0.15297121 0.04683673
v -0.02579611 0.15297121 0.04683673
v -0.02383817 0.15530068 0.04682107
v -0.02677923 0.15257771 0.04683665
v -0.01783268 0.15883874 0.04683673
v -0.01708297 0.15970883 0.04683840
v -0.02038741 0.15777204 0.04683673
v -0.02201079 0.15617146 0.04683673
v -0.02038741 0.15777204 0.04683673
v 0.00617186 0.08970888 0.04683673
v 0.00625926 0.08930156 0.04684082
v -0.03474005 0.14047897 0.04684087
v -0.03416199 0.14078426 0.04683673
v -0.03260211 0.14487721 0.04684064
v -0.01333636 0.16092521 0.04683673
v -0.01292062 0.16151909 0.04684061
v -0.01708297 0.15970883 0.04683840
v -0.01333636 0.16092521 0.04683673
v 0.00123988 0.08921273 0.04683673
v 0.00240252 0.08887571 0.04683673
v 0.00617186 0.08970888 0.04683673
v 0.00240252 0.08887571 0.04683673
v -0.00860206 0.16239379 0.04683673
v -0.00834219 0.16289298 0.04684011
v -0.00371424 0.16321828 0.04683673
v -0.00359858 0.16363928 0.04684268
v 0.00093469 0.16380868 0.04684130
v 0.00123986 0.16338397 0.04683673
v 0.00575216 0.16337747 0.04684090
v 0.00617183 0.16288778 0.04683673
v 0.01511930 0.16064152 0.04683999
v 0.01561929 0.15995713 0.04683673
v 0.01946227 0.15838205 0.04683969
v 0.01996621 0.15757496 0.04683673
v 0.02395685 0.15463470 0.04683673
v 0.02348090 0.15556879 0.04683905
v 0.01996621 0.15757496 0.04683673
v 0.02348090 0.15556879 0.04683905
v 0.02704862 0.15230862 0.04683818
v 0.02751992 0.15118875 0.04683673
v 0.03059195 0.14729861 0.04683673
v 0.03013063 0.14866698 0.04683705
v 0.03311805 0.14303366 0.04683673
v 0.03402419 0.14212567 0.04683783
v 0.03211641 0.14574202 0.04680888
v 0.03311805 0.14303366 0.04683673
v 0.03211641 0.14574202 0.04680888
v 0.03059195 0.14729861 0.04683673
v 0.03059195 0.14729861 0.04683673
v 0.03211641 0.14574202 0.04680888
v 0.03013063 0.14866698 0.04683705
v -0.00608993 0.08924878 0.04677862
v -0.00122875 0.08881296 0.04683287
v -0.00371422 0.08937835 0.04683673
v -0.00371422 0.08937835 0.04683673
v -0.00122875 0.08881296 0.04683287
v 0.00123988 0.08921273 0.04683673
v -0.00122875 0.08881296 0.04683287
v 0.01050815 0.16232089 0.04684043
v 0.01099365 0.16173870 0.04683673
v -0.03710639 0.12629835 0.04683673
v -0.03677530 0.12135252 0.04683673
v -0.03707409 0.12407498 0.04714444
v -0.03707409 0.12407498 0.04714444
v -0.03677530 0.12135252 0.04683673
v -0.03668688 0.12051953 0.04714532
v -0.03578794 0.11649498 0.04683673
v -0.03594700 0.11708217 0.04721377
v -0.03677530 0.12135252 0.04683673
v -0.03677530 0.12135252 0.04683673
v -0.03594700 0.11708217 0.04721377
v -0.03668688 0.12051953 0.04714532
v -0.03416198 0.11181244 0.04683673
v -0.03491755 0.11371621 0.04719589
v -0.03578794 0.11649498 0.04683673
v -0.03578794 0.11649498 0.04683673
v -0.03491755 0.11371621 0.04719589
v -0.03594700 0.11708217 0.04721377
v -0.03192640 0.10738830 0.04683673
v -0.03189962 0.10727970 0.04714563
v -0.03357141 0.11047296 0.04719744
v -0.03192640 0.10738830 0.04683673
v -0.03357141 0.11047296 0.04719744
v -0.03416198 0.11181244 0.04683673
v -0.03416198 0.11181244 0.04683673
v -0.03357141 0.11047296 0.04719744
v -0.03491755 0.11371621 0.04719589
v -0.03189962 0.10727970 0.04714563
v -0.03192640 0.10738830 0.04683673
v -0.02996750 0.10437963 0.04716402
v -0.02996750 0.10437963 0.04716402
v -0.03192640 0.10738830 0.04683673
v -0.02912108 0.10330165 0.04683673
v -0.02996750 0.10437963 0.04716402
v -0.02912108 0.10330165 0.04683673
v -0.02776218 0.10164157 0.04716128
v -0.02776218 0.10164157 0.04716128
v -0.02912108 0.10330165 0.04683673
v -0.02579609 0.09962541 0.04683673
v -0.02776218 0.10164157 0.04716128
v -0.02579609 0.09962541 0.04683673
v -0.02526398 0.09907595 0.04714527
v -0.02201077 0.09642513 0.04683673
v -0.02255922 0.09683293 0.04721361
v -0.02579609 0.09962541 0.04683673
v -0.02579609 0.09962541 0.04683673
v -0.02255922 0.09683293 0.04721361
v -0.02526398 0.09907595 0.04714527
v -0.01783266 0.09375793 0.04683673
v -0.01967444 0.09479682 0.04714445
v -0.02201077 0.09642513 0.04683673
v -0.02201077 0.09642513 0.04683673
v -0.01967444 0.09479682 0.04714445
v -0.02255922 0.09683293 0.04721361
v -0.01333634 0.09167143 0.04683673
v -0.01336884 0.09167391 0.04719560
v -0.01660442 0.09309048 0.04716411
v -0.01333634 0.09167143 0.04683673
v -0.01660442 0.09309048 0.04716411
v -0.01783266 0.09375793 0.04683673
v -0.01783266 0.09375793 0.04683673
v -0.01660442 0.09309048 0.04716411
v -0.01967444 0.09479682 0.04714445
v -0.01336884 0.09167391 0.04719560
v -0.01333634 0.09167143 0.04683673
v -0.01001838 0.09053869 0.04714747
v -0.01001838 0.09053869 0.04714747
v -0.01333634 0.09167143 0.04683673
v -0.00860204 0.09020283 0.04683673
v -0.01001838 0.09053869 0.04714747
v -0.00860204 0.09020283 0.04683673
v -0.00658284 0.08975573 0.04716130
v -0.00658284 0.08975573 0.04716130
v -0.00860204 0.09020283 0.04683673
v -0.00371422 0.08937835 0.04683673
v -0.00658284 0.08975573 0.04716130
v -0.00371422 0.08937835 0.04683673
v -0.00302906 0.08928288 0.04714531
v 0.00123988 0.08921273 0.04683673
v 0.00048165 0.08919175 0.04721349
v -0.00371422 0.08937835 0.04683673
v -0.00371422 0.08937835 0.04683673
v 0.00048165 0.08919175 0.04721349
v -0.00302906 0.08928288 0.04714531
v 0.00617186 0.08970888 0.04683673
v 0.00400487 0.08937421 0.04714443
v 0.00123988 0.08921273 0.04683673
v 0.00123988 0.08921273 0.04683673
v 0.00400487 0.08937421 0.04714443
v 0.00048165 0.08919175 0.04721349
v 0.01099368 0.09085799 0.04683673
v 0.01085969 0.09078259 0.04714558
v 0.00746319 0.08994215 0.04719753
v 0.01099368 0.09085799 0.04683673
v 0.00746319 0.08994215 0.04719753
v 0.00617186 0.08970888 0.04683673
v 0.00617186 0.08970888 0.04683673
v 0.00746319 0.08994215 0.04719753
v 0.00400487 0.08937421 0.04714443
v 0.01085969 0.09078259 0.04714558
v 0.01099368 0.09085799 0.04683673
v 0.01422844 0.09199562 0.04714741
v 0.01422844 0.09199562 0.04714741
v 0.01099368 0.09085799 0.04683673
v 0.01561931 0.09263951 0.04683673
v 0.01422844 0.09199562 0.04714741
v 0.01561931 0.09263951 0.04683673
v 0.01741070 0.09352016 0.04719583
v 0.01741070 0.09352016 0.04719583
v 0.01561931 0.09263951 0.04683673
v 0.01996623 0.09502170 0.04683673
v 0.01741070 0.09352016 0.04719583
v 0.01996623 0.09502170 0.04683673
v 0.02050224 0.09533097 0.04714523
v 0.02395687 0.09796201 0.04683673
v 0.02332031 0.09742591 0.04719789
v 0.01996623 0.09502170 0.04683673
v 0.01996623 0.09502170 0.04683673
v 0.02332031 0.09742591 0.04719789
v 0.02050224 0.09533097 0.04714523
v 0.02751994 0.10140800 0.04683673
v 0.02597102 0.09974772 0.04714442
v 0.02395687 0.09796201 0.04683673
v 0.02395687 0.09796201 0.04683673
v 0.02597102 0.09974772 0.04714442
v 0.02332031 0.09742591 0.04719789
v 0.03059197 0.10529814 0.04683673
v 0.03049204 0.10509585 0.04714547
v 0.02833997 0.10233348 0.04719763
v 0.03059197 0.10529814 0.04683673
v 0.02833997 0.10233348 0.04719763
v 0.02751994 0.10140800 0.04683673
v 0.02751994 0.10140800 0.04683673
v 0.02833997 0.10233348 0.04719763
v 0.02597102 0.09974772 0.04714442
v 0.03049204 0.10509585 0.04714547
v 0.03059197 0.10529814 0.04683673
v 0.03238486 0.10814041 0.04716380
v 0.03238486 0.10814041 0.04716380
v 0.03059197 0.10529814 0.04683673
v 0.03311806 0.10956299 0.04683673
v 0.03238486 0.10814041 0.04716380
v 0.03311806 0.10956299 0.04683673
v 0.03394739 0.11129447 0.04719582
v 0.03394739 0.11129447 0.04719582
v 0.03311806 0.10956299 0.04683673
v 0.03505316 0.11412653 0.04683673
v 0.03394739 0.11129447 0.04719582
v 0.03505316 0.11412653 0.04683673
v 0.03525934 0.11463212 0.04714520
v 0.03636274 0.11890727 0.04683673
v 0.03619735 0.11800318 0.04714812
v 0.03505316 0.11412653 0.04683673
v 0.03505316 0.11412653 0.04683673
v 0.03619735 0.11800318 0.04714812
v 0.03525934 0.11463212 0.04714520
v 0.03710769 0.12479399 0.04683627
v 0.03682674 0.12147964 0.04714442
v 0.03636274 0.11890727 0.04683673
v 0.03636274 0.11890727 0.04683673
v 0.03682674 0.12147964 0.04714442
v 0.03619735 0.11800318 0.04714812
v 0.03702341 0.12877674 0.04683673
v 0.03704830 0.12852714 0.04719600
v 0.03710769 0.12479399 0.04683627
v 0.03710769 0.12479399 0.04683627
v 0.03704830 0.12852714 0.04719600
v 0.03710788 0.12501929 0.04716160
v 0.03710769 0.12479399 0.04683627
v 0.03710788 0.12501929 0.04716160
v 0.03682674 0.12147964 0.04714442
v 0.03704830 0.12852714 0.04719600
v 0.03702341 0.12877674 0.04683673
v 0.03668855 0.13207470 0.04714451
v 0.03668855 0.13207470 0.04714451
v 0.03702341 0.12877674 0.04683673
v 0.03636273 0.13368938 0.04683673
v 0.03668855 0.13207470 0.04714451
v 0.03636273 0.13368938 0.04683673
v 0.03597301 0.13552235 0.04714723
v 0.03597301 0.13552235 0.04714723
v 0.03636273 0.13368938 0.04683673
v 0.03505315 0.13847011 0.04683673
v 0.03597301 0.13552235 0.04714723
v 0.03505315 0.13847011 0.04683673
v 0.03492496 0.13890351 0.04716165
v 0.03311805 0.14303366 0.04683673
v 0.03358143 0.14215257 0.04714800
v 0.03505315 0.13847011 0.04683673
v 0.03505315 0.13847011 0.04683673
v 0.03358143 0.14215257 0.04714800
v 0.03492496 0.13890351 0.04716165
v 0.03059195 0.14729861 0.04683673
v 0.02996705 0.14819648 0.04719594
v 0.03192802 0.14527283 0.04714443
v 0.03059195 0.14729861 0.04683673
v 0.03192802 0.14527283 0.04714443
v 0.03311805 0.14303366 0.04683673
v 0.03311805 0.14303366 0.04683673
v 0.03192802 0.14527283 0.04714443
v 0.03358143 0.14215257 0.04714800
v 0.02996705 0.14819648 0.04719594
v 0.03059195 0.14729861 0.04683673
v 0.02774113 0.15097145 0.04716614
v 0.02774113 0.15097145 0.04716614
v 0.03059195 0.14729861 0.04683673
v 0.02751992 0.15118875 0.04683673
v 0.02774113 0.15097145 0.04716614
v 0.02751992 0.15118875 0.04683673
v 0.02529698 0.15348662 0.04714731
v 0.02529698 0.15348662 0.04714731
v 0.02751992 0.15118875 0.04683673
v 0.02395685 0.15463470 0.04683673
v 0.02529698 0.15348662 0.04714731
v 0.02395685 0.15463470 0.04683673
v 0.02261119 0.15576279 0.04714452
v 0.02261119 0.15576279 0.04714452
v 0.02395685 0.15463470 0.04683673
v 0.01996621 0.15757496 0.04683673
v 0.02261119 0.15576279 0.04714452
v 0.01996621 0.15757496 0.04683673
v 0.01964620 0.15781566 0.04714528
v 0.01561929 0.15995713 0.04683673
v 0.01655993 0.15954234 0.04714478
v 0.01996621 0.15757496 0.04683673
v 0.01996621 0.15757496 0.04683673
v 0.01655993 0.15954234 0.04714478
v 0.01964620 0.15781566 0.04714528
v 0.01099365 0.16173870 0.04683673
v 0.00998887 0.16206890 0.04714546
v 0.01336461 0.16092312 0.04719741
v 0.01099365 0.16173870 0.04683673
v 0.01336461 0.16092312 0.04719741
v 0.01561929 0.15995713 0.04683673
v 0.01561929 0.15995713 0.04683673
v 0.01336461 0.16092312 0.04719741
v 0.01655993 0.15954234 0.04714478
v 0.00998887 0.16206890 0.04714546
v 0.01099365 0.16173870 0.04683673
v 0.00655418 0.16284129 0.04716593
v 0.00655418 0.16284129 0.04716593
v 0.01099365 0.16173870 0.04683673
v 0.00617183 0.16288778 0.04683673
v 0.00655418 0.16284129 0.04716593
v 0.00617183 0.16288778 0.04683673
v 0.00305676 0.16328748 0.04719583
v 0.00305676 0.16328748 0.04719583
v 0.00617183 0.16288778 0.04683673
v 0.00123986 0.16338397 0.04683673
v 0.00305676 0.16328748 0.04719583
v 0.00123986 0.16338397 0.04683673
v -0.00045173 0.16341008 0.04719732
v -0.00045173 0.16341008 0.04719732
v 0.00123986 0.16338397 0.04683673
v -0.00371424 0.16321828 0.04683673
v -0.00045173 0.16341008 0.04719732
v -0.00371424 0.16321828 0.04683673
v -0.00404193 0.16321678 0.04714536
v -0.00860206 0.16239379 0.04683673
v -0.00748765 0.16267168 0.04714781
v -0.00371424 0.16321828 0.04683673
v -0.00371424 0.16321828 0.04683673
v -0.00748765 0.16267168 0.04714781
v -0.00404193 0.16321678 0.04714536
v -0.00748765 0.16267168 0.04714781
v -0.00860206 0.16239379 0.04683673
v -0.01090690 0.16180150 0.04714442
v -0.01090690 0.16180150 0.04714442
v -0.00860206 0.16239379 0.04683673
v -0.01333636 0.16092521 0.04683673
v -0.01090690 0.16180150 0.04714442
v -0.01333636 0.16092521 0.04683673
v -0.01426187 0.16058991 0.04714543
v -0.01783268 0.15883874 0.04683673
v -0.01743781 0.15908423 0.04714904
v -0.01333636 0.16092521 0.04683673
v -0.01333636 0.16092521 0.04683673
v -0.01743781 0.15908423 0.04714904
v -0.01426187 0.16058991 0.04714543
v -0.01743781 0.15908423 0.04714904
v -0.01783268 0.15883874 0.04683673
v -0.02048871 0.15727635 0.04714445
v -0.02048871 0.15727635 0.04714445
v -0.01783268 0.15883874 0.04683673
v -0.02201079 0.15617146 0.04683673
v -0.02048871 0.15727635 0.04714445
v -0.02201079 0.15617146 0.04683673
v -0.02329546 0.15519138 0.04719737
v -0.02329546 0.15519138 0.04719737
v -0.02201079 0.15617146 0.04683673
v -0.02579611 0.15297121 0.04683673
v -0.02329546 0.15519138 0.04719737
v -0.02579611 0.15297121 0.04683673
v -0.02600020 0.15281811 0.04714543
v -0.02912109 0.14929496 0.04683673
v -0.02836940 0.15026245 0.04714771
v -0.02579611 0.15297121 0.04683673
v -0.02579611 0.15297121 0.04683673
v -0.02836940 0.15026245 0.04714771
v -0.02600020 0.15281811 0.04714543
v -0.03192641 0.14520831 0.04683673
v -0.03240923 0.14443562 0.04714532
v -0.03051830 0.14746597 0.04714441
v -0.03192641 0.14520831 0.04683673
v -0.03051830 0.14746597 0.04714441
v -0.02912109 0.14929496 0.04683673
v -0.02912109 0.14929496 0.04683673
v -0.03051830 0.14746597 0.04714441
v -0.02836940 0.15026245 0.04714771
v -0.03240923 0.14443562 0.04714532
v -0.03192641 0.14520831 0.04683673
v -0.03397399 0.14129076 0.04714887
v -0.03397399 0.14129076 0.04714887
v -0.03192641 0.14520831 0.04683673
v -0.03416199 0.14078426 0.04683673
v -0.03397399 0.14129076 0.04714887
v -0.03416199 0.14078426 0.04683673
v -0.03525372 0.13798620 0.04714446
v -0.03525372 0.13798620 0.04714446
v -0.03416199 0.14078426 0.04683673
v -0.03578795 0.13610162 0.04683673
v -0.03525372 0.13798620 0.04714446
v -0.03578795 0.13610162 0.04683673
v -0.03619869 0.13459175 0.04714742
v -0.03619869 0.13459175 0.04714742
v -0.03578795 0.13610162 0.04683673
v -0.03677531 0.13124409 0.04683673
v -0.03619869 0.13459175 0.04714742
v -0.03677531 0.13124409 0.04683673
v -0.03683120 0.13106979 0.04714551
v -0.03707409 0.12407498 0.04714444
v -0.03709229 0.12758413 0.04719723
v -0.03710639 0.12629835 0.04683673
v -0.03710639 0.12629835 0.04683673
v -0.03709229 0.12758413 0.04719723
v -0.03677531 0.13124409 0.04683673
v -0.03677531 0.13124409 0.04683673
v -0.03709229 0.12758413 0.04719723
v -0.03683120 0.13106979 0.04714551
v -0.02746683 0.15163473 0.04708333
v -0.02866352 0.15045484 0.04718279
v -0.02618709 0.15311971 0.04718311
v -0.02349556 0.15523447 0.04707557
v -0.02746683 0.15163473 0.04708333
v -0.02618709 0.15311971 0.04718311
v -0.02349556 0.15523447 0.04707557
v -0.02618709 0.15311971 0.04718311
v -0.02354659 0.15546047 0.04717899
v -0.01921608 0.15834674 0.04708333
v -0.02349556 0.15523447 0.04707557
v -0.02354659 0.15546047 0.04717899
v -0.01921608 0.15834674 0.04708333
v -0.02354659 0.15546047 0.04717899
v -0.02069688 0.15755164 0.04718267
v -0.01921608 0.15834674 0.04708333
v -0.02069688 0.15755164 0.04718267
v -0.01763226 0.15937752 0.04718277
v -0.01426187 0.16058991 0.04714543
v -0.01921608 0.15834674 0.04708333
v -0.01280369 0.16140430 0.04708333
v -0.01280369 0.16140430 0.04708333
v -0.01921608 0.15834674 0.04708333
v -0.01763226 0.15937752 0.04718277
v -0.01280369 0.16140430 0.04708333
v -0.01763226 0.15937752 0.04718277
v -0.01437683 0.16091311 0.04717904
v -0.01090690 0.16180150 0.04714442
v -0.01426187 0.16058991 0.04714543
v -0.01280369 0.16140430 0.04708333
v -0.01280369 0.16140430 0.04708333
v -0.01437683 0.16091311 0.04717904
v -0.01105332 0.16211670 0.04718277
v -0.00748765 0.16267168 0.04714781
v -0.01090690 0.16180150 0.04714442
v -0.01280369 0.16140430 0.04708333
v -0.00748765 0.16267168 0.04714781
v -0.01280369 0.16140430 0.04708333
v -0.00592848 0.16319298 0.04708333
v -0.00592848 0.16319298 0.04708333
v -0.01280369 0.16140430 0.04708333
v -0.01105332 0.16211670 0.04718277
v -0.00592848 0.16319298 0.04708333
v -0.01105332 0.16211670 0.04718277
v -0.00759863 0.16300518 0.04718269
v -0.00404193 0.16321678 0.04714536
v -0.00748765 0.16267168 0.04714781
v -0.00592848 0.16319298 0.04708333
v -0.00592848 0.16319298 0.04708333
v -0.00759863 0.16300518 0.04718269
v -0.00400463 0.16356918 0.04718320
v -0.02600020 0.15281811 0.04714543
v -0.02836940 0.15026245 0.04714771
v -0.02746683 0.15163473 0.04708333
v -0.00045173 0.16341008 0.04719732
v -0.00404193 0.16321678 0.04714536
v -0.00058156 0.16356758 0.04707557
v -0.00058156 0.16356758 0.04707557
v -0.00404193 0.16321678 0.04714536
v -0.00592848 0.16319298 0.04708333
v -0.00058156 0.16356758 0.04707557
v -0.00592848 0.16319298 0.04708333
v -0.00400463 0.16356918 0.04718320
v -0.00058156 0.16356758 0.04707557
v -0.00400463 0.16356918 0.04718320
v -0.00044357 0.16378108 0.04718319
v -0.02329546 0.15519138 0.04719737
v -0.02600020 0.15281811 0.04714543
v -0.02349556 0.15523447 0.04707557
v -0.02349556 0.15523447 0.04707557
v -0.02600020 0.15281811 0.04714543
v -0.02746683 0.15163473 0.04708333
v -0.02048871 0.15727635 0.04714445
v -0.02329546 0.15519138 0.04719737
v -0.02349556 0.15523447 0.04707557
v -0.02048871 0.15727635 0.04714445
v -0.02349556 0.15523447 0.04707557
v -0.01921608 0.15834674 0.04708333
v 0.00305676 0.16328748 0.04719583
v -0.00045173 0.16341008 0.04719732
v -0.00058156 0.16356758 0.04707557
v 0.00305676 0.16328748 0.04719583
v -0.00058156 0.16356758 0.04707557
v 0.00296376 0.16345418 0.04707557
v 0.00296376 0.16345418 0.04707557
v -0.00058156 0.16356758 0.04707557
v -0.00044357 0.16378108 0.04718319
v 0.00296376 0.16345418 0.04707557
v -0.00044357 0.16378108 0.04718319
v 0.00308267 0.16365298 0.04717893
v -0.03268285 0.14465551 0.04718323
v -0.03080877 0.14764537 0.04717903
v -0.03176566 0.14597840 0.04708333
v -0.03176566 0.14597840 0.04708333
v -0.03051830 0.14746597 0.04714441
v -0.03240923 0.14443562 0.04714532
v -0.03430809 0.14140096 0.04718279
v -0.03268285 0.14465551 0.04718323
v -0.03176566 0.14597840 0.04708333
v -0.03430809 0.14140096 0.04718279
v -0.03176566 0.14597840 0.04708333
v -0.03491592 0.13961147 0.04708333
v -0.03491592 0.13961147 0.04708333
v -0.03176566 0.14597840 0.04708333
v -0.03240923 0.14443562 0.04714532
v -0.03491592 0.13961147 0.04708333
v -0.03240923 0.14443562 0.04714532
v -0.03397399 0.14129076 0.04714887
v -0.03653077 0.13470414 0.04718321
v -0.03557491 0.13810080 0.04717900
v -0.03491592 0.13961147 0.04708333
v -0.03653077 0.13470414 0.04718321
v -0.03491592 0.13961147 0.04708333
v -0.03680447 0.13276307 0.04708333
v -0.03680447 0.13276307 0.04708333
v -0.03491592 0.13961147 0.04708333
v -0.03525372 0.13798620 0.04714446
v -0.03680447 0.13276307 0.04708333
v -0.03525372 0.13798620 0.04714446
v -0.03619869 0.13459175 0.04714742
v -0.03741052 0.12399448 0.04718140
v -0.03747571 0.12750003 0.04719873
v -0.03725481 0.12749064 0.04707557
v -0.03741052 0.12399448 0.04718140
v -0.03725481 0.12749064 0.04707557
v -0.03713496 0.12213200 0.04708333
v -0.03713496 0.12213200 0.04708333
v -0.03725481 0.12749064 0.04707557
v -0.03707409 0.12407498 0.04714444
v -0.03707409 0.12407498 0.04714444
v -0.03725481 0.12749064 0.04707557
v -0.03709229 0.12758413 0.04719723
v -0.03525961 0.11358482 0.04717901
v -0.03630376 0.11696187 0.04718276
v -0.03606617 0.11695977 0.04707513
v -0.03525961 0.11358482 0.04717901
v -0.03606617 0.11695977 0.04707513
v -0.03502930 0.11355912 0.04707557
v -0.03502930 0.11355912 0.04707557
v -0.03606617 0.11695977 0.04707513
v -0.03491755 0.11371621 0.04719589
v -0.03491755 0.11371621 0.04719589
v -0.03606617 0.11695977 0.04707513
v -0.03594700 0.11708217 0.04721377
v -0.02800870 0.10139087 0.04717889
v -0.03023308 0.10413774 0.04718265
v -0.03104088 0.10552352 0.04707997
v -0.02800870 0.10139087 0.04717889
v -0.03104088 0.10552352 0.04707997
v -0.02668702 0.10015339 0.04708129
v -0.02668702 0.10015339 0.04708129
v -0.03104088 0.10552352 0.04707997
v -0.02996750 0.10437963 0.04716402
v -0.02668702 0.10015339 0.04708129
v -0.02996750 0.10437963 0.04716402
v -0.02776218 0.10164157 0.04716128
v -0.01985698 0.09450883 0.04717900
v -0.02276517 0.09651785 0.04718268
v -0.02257682 0.09666274 0.04707513
v -0.01985698 0.09450883 0.04717900
v -0.02257682 0.09666274 0.04707513
v -0.01807037 0.09360904 0.04707995
v -0.01807037 0.09360904 0.04707995
v -0.02257682 0.09666274 0.04707513
v -0.01967444 0.09479682 0.04714445
v -0.01967444 0.09479682 0.04714445
v -0.02257682 0.09666274 0.04707513
v -0.02255922 0.09683293 0.04721361
v -0.01009652 0.09020217 0.04717903
v -0.01345294 0.09131048 0.04718277
v -0.01331177 0.09148260 0.04707558
v -0.01009652 0.09020217 0.04717903
v -0.01331177 0.09148260 0.04707558
v -0.00998841 0.09033372 0.04708332
v -0.00998841 0.09033372 0.04708332
v -0.01331177 0.09148260 0.04707558
v -0.01001838 0.09053869 0.04714747
v -0.01001838 0.09053869 0.04714747
v -0.01331177 0.09148260 0.04707558
v -0.01336884 0.09167391 0.04719560
v -0.00312142 0.08894317 0.04718322
v -0.00665814 0.08940902 0.04718323
v -0.00481599 0.08925025 0.04708129
v -0.00302906 0.08928288 0.04714531
v -0.00481599 0.08925025 0.04708129
v -0.00658284 0.08975573 0.04716130
v 0.00051431 0.08881680 0.04718278
v -0.00312142 0.08894317 0.04718322
v -0.00481599 0.08925025 0.04708129
v 0.00051431 0.08881680 0.04718278
v -0.00481599 0.08925025 0.04708129
v 0.00057242 0.08904712 0.04707513
v 0.00057242 0.08904712 0.04707513
v -0.00481599 0.08925025 0.04708129
v -0.00302906 0.08928288 0.04714531
v 0.00057242 0.08904712 0.04707513
v -0.00302906 0.08928288 0.04714531
v 0.00048165 0.08919175 0.04721349
v 0.00756609 0.08958833 0.04717901
v 0.00407481 0.08903541 0.04718279
v 0.00409366 0.08919761 0.04708332
v 0.00756609 0.08958833 0.04717901
v 0.00409366 0.08919761 0.04708332
v 0.00762422 0.08981260 0.04707558
v 0.00762422 0.08981260 0.04707558
v 0.00409366 0.08919761 0.04708332
v 0.00400487 0.08937421 0.04714443
v 0.00762422 0.08981260 0.04707558
v 0.00400487 0.08937421 0.04714443
v 0.00746319 0.08994215 0.04719753
v 0.01105347 0.09048009 0.04718264
v 0.00756609 0.08958833 0.04717901
v 0.00762422 0.08981260 0.04707558
v 0.01105347 0.09048009 0.04718264
v 0.00762422 0.08981260 0.04707558
v 0.01280349 0.09119239 0.04708333
v 0.01280349 0.09119239 0.04708333
v 0.00762422 0.08981260 0.04707558
v 0.01085969 0.09078259 0.04714558
v 0.01085969 0.09078259 0.04714558
v 0.00762422 0.08981260 0.04707558
v 0.00746319 0.08994215 0.04719753
v 0.01760202 0.09320696 0.04717901
v 0.01440804 0.09169292 0.04718265
v 0.01280349 0.09119239 0.04708333
v 0.01760202 0.09320696 0.04717901
v 0.01280349 0.09119239 0.04708333
v 0.01759469 0.09343858 0.04707558
v 0.01759469 0.09343858 0.04707558
v 0.01280349 0.09119239 0.04708333
v 0.01422844 0.09199562 0.04714741
v 0.01759469 0.09343858 0.04707558
v 0.01422844 0.09199562 0.04714741
v 0.01741070 0.09352016 0.04719583
v 0.02621193 0.09950647 0.04717901
v 0.02357388 0.09715390 0.04718268
v 0.02349543 0.09736219 0.04707558
v 0.02621193 0.09950647 0.04717901
v 0.02349543 0.09736219 0.04707558
v 0.02615203 0.09966581 0.04708331
v 0.02615203 0.09966581 0.04708331
v 0.02349543 0.09736219 0.04707558
v 0.02597102 0.09974772 0.04714442
v 0.02597102 0.09974772 0.04714442
v 0.02349543 0.09736219 0.04707558
v 0.02332031 0.09742591 0.04719789
v 0.03271214 0.10797801 0.04721508
v 0.03082988 0.10497585 0.04718278
v 0.03261984 0.10811631 0.04707882
v 0.03261984 0.10811631 0.04707882
v 0.03082988 0.10497585 0.04718278
v 0.03071962 0.10509635 0.04708331
v 0.03261984 0.10811631 0.04707882
v 0.03071962 0.10509635 0.04708331
v 0.03049204 0.10509585 0.04714547
v 0.03261984 0.10811631 0.04707882
v 0.03049204 0.10509585 0.04714547
v 0.03238486 0.10814041 0.04716380
v 0.03556619 0.11445813 0.04718308
v 0.03429182 0.11116757 0.04717897
v 0.03414284 0.11134506 0.04707557
v 0.03556619 0.11445813 0.04718308
v 0.03414284 0.11134506 0.04707557
v 0.03602334 0.11636480 0.04708333
v 0.03602334 0.11636480 0.04708333
v 0.03414284 0.11134506 0.04707557
v 0.03525934 0.11463212 0.04714520
v 0.03525934 0.11463212 0.04714520
v 0.03414284 0.11134506 0.04707557
v 0.03394739 0.11129447 0.04719582
v 0.03654622 0.11796168 0.04718277
v 0.03556619 0.11445813 0.04718308
v 0.03602334 0.11636480 0.04708333
v 0.03602334 0.11636480 0.04708333
v 0.03525934 0.11463212 0.04714520
v 0.03619735 0.11800318 0.04714812
v 0.03746133 0.12495799 0.04718322
v 0.03716560 0.12144164 0.04717904
v 0.03724185 0.12344001 0.04707996
v 0.03724185 0.12344001 0.04707996
v 0.03682674 0.12147964 0.04714442
v 0.03710788 0.12501929 0.04716160
v 0.03741456 0.12859554 0.04718279
v 0.03746133 0.12495799 0.04718322
v 0.03724185 0.12344001 0.04707996
v 0.03741456 0.12859554 0.04718279
v 0.03724185 0.12344001 0.04707996
v 0.03719935 0.12865275 0.04707557
v 0.03719935 0.12865275 0.04707557
v 0.03724185 0.12344001 0.04707996
v 0.03710788 0.12501929 0.04716160
v 0.03719935 0.12865275 0.04707557
v 0.03710788 0.12501929 0.04716160
v 0.03704830 0.12852714 0.04719600
v 0.03632152 0.13556625 0.04718320
v 0.03702841 0.13210909 0.04717902
v 0.03657076 0.13397528 0.04708333
v 0.03657076 0.13397528 0.04708333
v 0.03668855 0.13207470 0.04714451
v 0.03597301 0.13552235 0.04714723
v 0.03223912 0.14542383 0.04718310
v 0.03389137 0.14230586 0.04717898
v 0.03292631 0.14396795 0.04708333
v 0.03292631 0.14396795 0.04708333
v 0.03358143 0.14215257 0.04714800
v 0.03192802 0.14527283 0.04714443
v 0.02549278 0.15378001 0.04718266
v 0.02798980 0.15123225 0.04718276
v 0.02781212 0.15116705 0.04707977
v 0.02549278 0.15378001 0.04718266
v 0.02781212 0.15116705 0.04707977
v 0.02400082 0.15493949 0.04708333
v 0.02400082 0.15493949 0.04708333
v 0.02781212 0.15116705 0.04707977
v 0.02529698 0.15348662 0.04714731
v 0.02529698 0.15348662 0.04714731
v 0.02781212 0.15116705 0.04707977
v 0.02774113 0.15097145 0.04716614
v 0.01989157 0.15807056 0.04718321
v 0.02278880 0.15605638 0.04717904
v 0.02400082 0.15493949 0.04708333
v 0.01989157 0.15807056 0.04718321
v 0.02400082 0.15493949 0.04708333
v 0.01814685 0.15896404 0.04708333
v 0.01814685 0.15896404 0.04708333
v 0.02400082 0.15493949 0.04708333
v 0.02261119 0.15576279 0.04714452
v 0.01814685 0.15896404 0.04708333
v 0.02261119 0.15576279 0.04714452
v 0.01964620 0.15781566 0.04714528
v 0.01671772 0.15984893 0.04718276
v 0.01989157 0.15807056 0.04718321
v 0.01814685 0.15896404 0.04708333
v 0.01814685 0.15896404 0.04708333
v 0.01964620 0.15781566 0.04714528
v 0.01655993 0.15954234 0.04714478
v 0.01013446 0.16238770 0.04718310
v 0.01348180 0.16127132 0.04717890
v 0.01331155 0.16111411 0.04707557
v 0.01013446 0.16238770 0.04718310
v 0.01331155 0.16111411 0.04707557
v 0.00812889 0.16275439 0.04707996
v 0.00812889 0.16275439 0.04707996
v 0.01331155 0.16111411 0.04707557
v 0.00998887 0.16206890 0.04714546
v 0.01336461 0.16092312 0.04719741
v 0.00658829 0.16319988 0.04718276
v 0.01013446 0.16238770 0.04718310
v 0.00812889 0.16275439 0.04707996
v 0.00812889 0.16275439 0.04707996
v 0.00998887 0.16206890 0.04714546
v 0.00655418 0.16284129 0.04716593
v -0.01921608 0.15834674 0.04708333
v -0.01743781 0.15908423 0.04714904
v -0.02048871 0.15727635 0.04714445
v -0.03080877 0.14764537 0.04717903
v -0.02746683 0.15163473 0.04708333
v -0.03176566 0.14597840 0.04708333
v -0.03176566 0.14597840 0.04708333
v -0.02746683 0.15163473 0.04708333
v -0.02836940 0.15026245 0.04714771
v -0.03176566 0.14597840 0.04708333
v -0.02836940 0.15026245 0.04714771
v -0.03051830 0.14746597 0.04714441
v -0.03557491 0.13810080 0.04717900
v -0.03430809 0.14140096 0.04718279
v -0.03491592 0.13961147 0.04708333
v -0.03491592 0.13961147 0.04708333
v -0.03397399 0.14129076 0.04714887
v -0.03525372 0.13798620 0.04714446
v -0.03716440 0.13119358 0.04718324
v -0.03653077 0.13470414 0.04718321
v -0.03680447 0.13276307 0.04708333
v -0.03680447 0.13276307 0.04708333
v -0.03619869 0.13459175 0.04714742
v -0.03683120 0.13106979 0.04714551
v -0.03683120 0.13106979 0.04714551
v -0.03709229 0.12758413 0.04719723
v -0.03725481 0.12749064 0.04707557
v -0.03683120 0.13106979 0.04714551
v -0.03725481 0.12749064 0.04707557
v -0.03680447 0.13276307 0.04708333
v -0.03680447 0.13276307 0.04708333
v -0.03725481 0.12749064 0.04707557
v -0.03747571 0.12750003 0.04719873
v -0.03680447 0.13276307 0.04708333
v -0.03747571 0.12750003 0.04719873
v -0.03716440 0.13119358 0.04718324
v -0.03703810 0.12052503 0.04718309
v -0.03741052 0.12399448 0.04718140
v -0.03713496 0.12213200 0.04708333
v -0.03713496 0.12213200 0.04708333
v -0.03707409 0.12407498 0.04714444
v -0.03668688 0.12051953 0.04714532
v -0.03668688 0.12051953 0.04714532
v -0.03594700 0.11708217 0.04721377
v -0.03606617 0.11695977 0.04707513
v -0.03668688 0.12051953 0.04714532
v -0.03606617 0.11695977 0.04707513
v -0.03713496 0.12213200 0.04708333
v -0.03713496 0.12213200 0.04708333
v -0.03606617 0.11695977 0.04707513
v -0.03630376 0.11696187 0.04718276
v -0.03713496 0.12213200 0.04708333
v -0.03630376 0.11696187 0.04718276
v -0.03703810 0.12052503 0.04718309
v -0.03391125 0.11032406 0.04718311
v -0.03525961 0.11358482 0.04717901
v -0.03502930 0.11355912 0.04707557
v -0.03391125 0.11032406 0.04718311
v -0.03502930 0.11355912 0.04707557
v -0.03365976 0.11028706 0.04707557
v -0.03365976 0.11028706 0.04707557
v -0.03502930 0.11355912 0.04707557
v -0.03491755 0.11371621 0.04719589
v -0.03365976 0.11028706 0.04707557
v -0.03491755 0.11371621 0.04719589
v -0.03357141 0.11047296 0.04719744
v -0.03223927 0.10717290 0.04718318
v -0.03391125 0.11032406 0.04718311
v -0.03365976 0.11028706 0.04707557
v -0.03223927 0.10717290 0.04718318
v -0.03365976 0.11028706 0.04707557
v -0.03104088 0.10552352 0.04707997
v -0.03104088 0.10552352 0.04707997
v -0.03365976 0.11028706 0.04707557
v -0.03189962 0.10727970 0.04714563
v -0.03189962 0.10727970 0.04714563
v -0.03365976 0.11028706 0.04707557
v -0.03357141 0.11047296 0.04719744
v -0.03189962 0.10727970 0.04714563
v -0.02996750 0.10437963 0.04716402
v -0.03104088 0.10552352 0.04707997
v -0.03104088 0.10552352 0.04707997
v -0.03023308 0.10413774 0.04718265
v -0.03223927 0.10717290 0.04718318
v -0.02554503 0.09886470 0.04718319
v -0.02800870 0.10139087 0.04717889
v -0.02668702 0.10015339 0.04708129
v -0.02526398 0.09907595 0.04714527
v -0.02668702 0.10015339 0.04708129
v -0.02776218 0.10164157 0.04716128
v -0.02526398 0.09907595 0.04714527
v -0.02255922 0.09683293 0.04721361
v -0.02257682 0.09666274 0.04707513
v -0.02526398 0.09907595 0.04714527
v -0.02257682 0.09666274 0.04707513
v -0.02668702 0.10015339 0.04708129
v -0.02668702 0.10015339 0.04708129
v -0.02257682 0.09666274 0.04707513
v -0.02276517 0.09651785 0.04718268
v -0.02668702 0.10015339 0.04708129
v -0.02276517 0.09651785 0.04718268
v -0.02554503 0.09886470 0.04718319
v -0.01678140 0.09277915 0.04718312
v -0.01985698 0.09450883 0.04717900
v -0.01807037 0.09360904 0.04707995
v -0.01807037 0.09360904 0.04707995
v -0.01967444 0.09479682 0.04714445
v -0.01660442 0.09309048 0.04716411
v -0.01660442 0.09309048 0.04716411
v -0.01336884 0.09167391 0.04719560
v -0.01331177 0.09148260 0.04707558
v -0.01660442 0.09309048 0.04716411
v -0.01331177 0.09148260 0.04707558
v -0.01807037 0.09360904 0.04707995
v -0.01807037 0.09360904 0.04707995
v -0.01331177 0.09148260 0.04707558
v -0.01345294 0.09131048 0.04718277
v -0.01807037 0.09360904 0.04707995
v -0.01345294 0.09131048 0.04718277
v -0.01678140 0.09277915 0.04718312
v -0.01001838 0.09053869 0.04714747
v -0.00658284 0.08975573 0.04716130
v -0.00481599 0.08925025 0.04708129
v -0.01001838 0.09053869 0.04714747
v -0.00481599 0.08925025 0.04708129
v -0.00998841 0.09033372 0.04708332
v -0.00998841 0.09033372 0.04708332
v -0.00481599 0.08925025 0.04708129
v -0.00665814 0.08940902 0.04718323
v -0.00998841 0.09033372 0.04708332
v -0.00665814 0.08940902 0.04718323
v -0.01009652 0.09020217 0.04717903
v 0.00048165 0.08919175 0.04721349
v 0.00400487 0.08937421 0.04714443
v 0.00057242 0.08904712 0.04707513
v 0.00057242 0.08904712 0.04707513
v 0.00400487 0.08937421 0.04714443
v 0.00409366 0.08919761 0.04708332
v 0.00057242 0.08904712 0.04707513
v 0.00409366 0.08919761 0.04708332
v 0.00407481 0.08903541 0.04718279
v 0.00057242 0.08904712 0.04707513
v 0.00407481 0.08903541 0.04718279
v 0.00051431 0.08881680 0.04718278
v 0.01085969 0.09078259 0.04714558
v 0.01422844 0.09199562 0.04714741
v 0.01280349 0.09119239 0.04708333
v 0.01280349 0.09119239 0.04708333
v 0.01440804 0.09169292 0.04718265
v 0.01105347 0.09048009 0.04718264
v 0.02063783 0.09500569 0.04718322
v 0.01760202 0.09320696 0.04717901
v 0.01759469 0.09343858 0.04707558
v 0.02063783 0.09500569 0.04718322
v 0.01759469 0.09343858 0.04707558
v 0.02063911 0.09519772 0.04708332
v 0.02063911 0.09519772 0.04708332
v 0.01759469 0.09343858 0.04707558
v 0.02050224 0.09533097 0.04714523
v 0.02050224 0.09533097 0.04714523
v 0.01759469 0.09343858 0.04707558
v 0.01741070 0.09352016 0.04719583
v 0.02050224 0.09533097 0.04714523
v 0.02332031 0.09742591 0.04719789
v 0.02349543 0.09736219 0.04707558
v 0.02050224 0.09533097 0.04714523
v 0.02349543 0.09736219 0.04707558
v 0.02063911 0.09519772 0.04708332
v 0.02063911 0.09519772 0.04708332
v 0.02349543 0.09736219 0.04707558
v 0.02357388 0.09715390 0.04718268
v 0.02063911 0.09519772 0.04708332
v 0.02357388 0.09715390 0.04718268
v 0.02063783 0.09500569 0.04718322
v 0.02861804 0.10208768 0.04718323
v 0.02621193 0.09950647 0.04717901
v 0.02615203 0.09966581 0.04708331
v 0.02861804 0.10208768 0.04718323
v 0.02615203 0.09966581 0.04708331
v 0.02854708 0.10233168 0.04707557
v 0.02854708 0.10233168 0.04707557
v 0.02615203 0.09966581 0.04708331
v 0.02597102 0.09974772 0.04714442
v 0.02854708 0.10233168 0.04707557
v 0.02597102 0.09974772 0.04714442
v 0.02833997 0.10233348 0.04719763
v 0.02833997 0.10233348 0.04719763
v 0.03049204 0.10509585 0.04714547
v 0.02854708 0.10233168 0.04707557
v 0.02854708 0.10233168 0.04707557
v 0.03049204 0.10509585 0.04714547
v 0.03071962 0.10509635 0.04708331
v 0.02854708 0.10233168 0.04707557
v 0.03071962 0.10509635 0.04708331
v 0.03082988 0.10497585 0.04718278
v 0.02854708 0.10233168 0.04707557
v 0.03082988 0.10497585 0.04718278
v 0.02861804 0.10208768 0.04718323
v 0.03238486 0.10814041 0.04716380
v 0.03394739 0.11129447 0.04719582
v 0.03414284 0.11134506 0.04707557
v 0.03238486 0.10814041 0.04716380
v 0.03414284 0.11134506 0.04707557
v 0.03261984 0.10811631 0.04707882
v 0.03261984 0.10811631 0.04707882
v 0.03414284 0.11134506 0.04707557
v 0.03429182 0.11116757 0.04717897
v 0.03261984 0.10811631 0.04707882
v 0.03429182 0.11116757 0.04717897
v 0.03271214 0.10797801 0.04721508
v 0.03619735 0.11800318 0.04714812
v 0.03682674 0.12147964 0.04714442
v 0.03724185 0.12344001 0.04707996
v 0.03619735 0.11800318 0.04714812
v 0.03724185 0.12344001 0.04707996
v 0.03602334 0.11636480 0.04708333
v 0.03602334 0.11636480 0.04708333
v 0.03724185 0.12344001 0.04707996
v 0.03716560 0.12144164 0.04717904
v 0.03602334 0.11636480 0.04708333
v 0.03716560 0.12144164 0.04717904
v 0.03654622 0.11796168 0.04718277
v 0.03704830 0.12852714 0.04719600
v 0.03668855 0.13207470 0.04714451
v 0.03719935 0.12865275 0.04707557
v 0.03719935 0.12865275 0.04707557
v 0.03668855 0.13207470 0.04714451
v 0.03657076 0.13397528 0.04708333
v 0.03719935 0.12865275 0.04707557
v 0.03657076 0.13397528 0.04708333
v 0.03702841 0.13210909 0.04717902
v 0.03719935 0.12865275 0.04707557
v 0.03702841 0.13210909 0.04717902
v 0.03741456 0.12859554 0.04718279
v 0.03527608 0.13897682 0.04718313
v 0.03632152 0.13556625 0.04718320
v 0.03657076 0.13397528 0.04708333
v 0.03527608 0.13897682 0.04718313
v 0.03657076 0.13397528 0.04708333
v 0.03506268 0.13904891 0.04707977
v 0.03506268 0.13904891 0.04707977
v 0.03657076 0.13397528 0.04708333
v 0.03597301 0.13552235 0.04714723
v 0.03506268 0.13904891 0.04707977
v 0.03597301 0.13552235 0.04714723
v 0.03492496 0.13890351 0.04716165
v 0.03492496 0.13890351 0.04716165
v 0.03358143 0.14215257 0.04714800
v 0.03506268 0.13904891 0.04707977
v 0.03506268 0.13904891 0.04707977
v 0.03358143 0.14215257 0.04714800
v 0.03292631 0.14396795 0.04708333
v 0.03506268 0.13904891 0.04707977
v 0.03292631 0.14396795 0.04708333
v 0.03389137 0.14230586 0.04717898
v 0.03506268 0.13904891 0.04707977
v 0.03389137 0.14230586 0.04717898
v 0.03527608 0.13897682 0.04718313
v 0.03027521 0.14840179 0.04718322
v 0.03223912 0.14542383 0.04718310
v 0.03292631 0.14396795 0.04708333
v 0.03027521 0.14840179 0.04718322
v 0.03292631 0.14396795 0.04708333
v 0.03002119 0.14839048 0.04707557
v 0.03002119 0.14839048 0.04707557
v 0.03292631 0.14396795 0.04708333
v 0.03192802 0.14527283 0.04714443
v 0.03002119 0.14839048 0.04707557
v 0.03192802 0.14527283 0.04714443
v 0.02996705 0.14819648 0.04719594
v 0.02996705 0.14819648 0.04719594
v 0.02774113 0.15097145 0.04716614
v 0.03002119 0.14839048 0.04707557
v 0.03002119 0.14839048 0.04707557
v 0.02774113 0.15097145 0.04716614
v 0.02781212 0.15116705 0.04707977
v 0.03002119 0.14839048 0.04707557
v 0.02781212 0.15116705 0.04707977
v 0.02798980 0.15123225 0.04718276
v 0.03002119 0.14839048 0.04707557
v 0.02798980 0.15123225 0.04718276
v 0.03027521 0.14840179 0.04718322
v 0.02529698 0.15348662 0.04714731
v 0.02261119 0.15576279 0.04714452
v 0.02400082 0.15493949 0.04708333
v 0.02400082 0.15493949 0.04708333
v 0.02278880 0.15605638 0.04717904
v 0.02549278 0.15378001 0.04718266
v 0.01655993 0.15954234 0.04714478
v 0.01336461 0.16092312 0.04719741
v 0.01331155 0.16111411 0.04707557
v 0.01655993 0.15954234 0.04714478
v 0.01331155 0.16111411 0.04707557
v 0.01814685 0.15896404 0.04708333
v 0.01814685 0.15896404 0.04708333
v 0.01331155 0.16111411 0.04707557
v 0.01348180 0.16127132 0.04717890
v 0.01814685 0.15896404 0.04708333
v 0.01348180 0.16127132 0.04717890
v 0.01671772 0.15984893 0.04718276
v 0.00308267 0.16365298 0.04717893
v 0.00658829 0.16319988 0.04718276
v 0.00812889 0.16275439 0.04707996
v 0.00308267 0.16365298 0.04717893
v 0.00812889 0.16275439 0.04707996
v 0.00296376 0.16345418 0.04707557
v 0.00296376 0.16345418 0.04707557
v 0.00812889 0.16275439 0.04707996
v 0.00655418 0.16284129 0.04716593
v 0.00296376 0.16345418 0.04707557
v 0.00655418 0.16284129 0.04716593
v 0.00305676 0.16328748 0.04719583
v -0.03080877 0.14764537 0.04717903
v -0.02866352 0.15045484 0.04718279
v -0.02746683 0.15163473 0.04708333
v -0.01743781 0.15908423 0.04714904
v -0.01921608 0.15834674 0.04708333
v -0.01426187 0.16058991 0.04714543
v -0.03746140 0.12758203 0.05299258
v -0.03747571 0.12750003 0.04719873
v -0.03741341 0.12403948 0.05299464
v -0.03741341 0.12403948 0.05299464
v -0.03747571 0.12750003 0.04719873
v -0.03741052 0.12399448 0.04718140
v -0.03741341 0.12403948 0.05299464
v -0.03741052 0.12399448 0.04718140
v -0.03703856 0.12053003 0.05299081
v -0.03703810 0.12052503 0.04718309
v -0.03703856 0.12053003 0.05299081
v -0.03703810 0.12052503 0.04718309
v -0.03631708 0.11698167 0.05295803
v -0.03630376 0.11696187 0.04718276
v -0.03631708 0.11698167 0.05295803
v -0.03630376 0.11696187 0.04718276
v -0.03526729 0.11359042 0.05297787
v -0.03525961 0.11358482 0.04717901
v -0.03526729 0.11359042 0.05297787
v -0.03525961 0.11358482 0.04717901
v -0.03391307 0.11032856 0.05299077
v -0.03391125 0.11032406 0.04718311
v -0.03391307 0.11032856 0.05299077
v -0.03391125 0.11032406 0.04718311
v -0.03224156 0.10717730 0.05299068
v -0.03223927 0.10717290 0.04718318
v -0.03224156 0.10717730 0.05299068
v -0.03223927 0.10717290 0.04718318
v -0.03023625 0.10414164 0.05299039
v -0.03023308 0.10413774 0.04718265
v -0.03023625 0.10414164 0.05299039
v -0.03023308 0.10413774 0.04718265
v -0.02801464 0.10140737 0.05301113
v -0.02800870 0.10139087 0.04717889
v -0.02801464 0.10140737 0.05301113
v -0.02800870 0.10139087 0.04717889
v -0.02555904 0.09888568 0.05300715
v -0.02554503 0.09886470 0.04718319
v -0.02555904 0.09888568 0.05300715
v -0.02554503 0.09886470 0.04718319
v -0.02276922 0.09652062 0.05299036
v -0.02276517 0.09651785 0.04718268
v -0.02276922 0.09652062 0.05299036
v -0.02276517 0.09651785 0.04718268
v -0.01983546 0.09449104 0.05299036
v -0.01985698 0.09450883 0.04717900
v -0.01983546 0.09449104 0.05299036
v -0.01985698 0.09450883 0.04717900
v -0.01678140 0.09277915 0.04718312
v -0.01675514 0.09277022 0.05299456
v -0.01675514 0.09277022 0.05299456
v -0.01678140 0.09277915 0.04718312
v -0.01348379 0.09131116 0.05294246
v -0.01348379 0.09131116 0.05294246
v -0.01678140 0.09277915 0.04718312
v -0.01345294 0.09131048 0.04718277
v -0.01348379 0.09131116 0.05294246
v -0.01345294 0.09131048 0.04718277
v -0.01009008 0.09018854 0.05295803
v -0.01009652 0.09020217 0.04717903
v -0.01009008 0.09018854 0.05295803
v -0.01009652 0.09020217 0.04717903
v -0.00665814 0.08940902 0.04718323
v -0.01009008 0.09018854 0.05295803
v -0.00665814 0.08940902 0.04718323
v -0.00662830 0.08940203 0.05297787
v -0.00662830 0.08940203 0.05297787
v -0.00665814 0.08940902 0.04718323
v -0.00314531 0.08895099 0.05300712
v -0.00312142 0.08894317 0.04718322
v -0.00314531 0.08895099 0.05300712
v -0.00312142 0.08894317 0.04718322
v 0.00049193 0.08880854 0.05295803
v 0.00049193 0.08880854 0.05295803
v -0.00312142 0.08894317 0.04718322
v 0.00051431 0.08881680 0.04718278
v 0.00049193 0.08880854 0.05295803
v 0.00051431 0.08881680 0.04718278
v 0.00405330 0.08902505 0.05295802
v 0.00407481 0.08903541 0.04718279
v 0.00405330 0.08902505 0.05295802
v 0.00407481 0.08903541 0.04718279
v 0.00755527 0.08958610 0.05299443
v 0.00756609 0.08958833 0.04717901
v 0.00755527 0.08958610 0.05299443
v 0.00756609 0.08958833 0.04717901
v 0.01106958 0.09049733 0.05302335
v 0.01105347 0.09048009 0.04718264
v 0.01106958 0.09049733 0.05302335
v 0.01105347 0.09048009 0.04718264
v 0.01442231 0.09171149 0.05302322
v 0.01440804 0.09169292 0.04718265
v 0.01442231 0.09171149 0.05302322
v 0.01440804 0.09169292 0.04718265
v 0.01759230 0.09320187 0.05299456
v 0.01760202 0.09320696 0.04717901
v 0.01759230 0.09320187 0.05299456
v 0.01760202 0.09320696 0.04717901
v 0.02063338 0.09500315 0.05299080
v 0.02063783 0.09500569 0.04718322
v 0.02063338 0.09500315 0.05299080
v 0.02063783 0.09500569 0.04718322
v 0.02356134 0.09713349 0.05295803
v 0.02357388 0.09715390 0.04718268
v 0.02356134 0.09713349 0.05295803
v 0.02357388 0.09715390 0.04718268
v 0.02620400 0.09949879 0.05299457
v 0.02621193 0.09950647 0.04717901
v 0.02620400 0.09949879 0.05299457
v 0.02621193 0.09950647 0.04717901
v 0.02859759 0.10207258 0.05300720
v 0.02861804 0.10208768 0.04718323
v 0.02859759 0.10207258 0.05300720
v 0.02861804 0.10208768 0.04718323
v 0.03082360 0.10495285 0.05295806
v 0.03082988 0.10497585 0.04718278
v 0.03082360 0.10495285 0.05295806
v 0.03082988 0.10497585 0.04718278
v 0.03271306 0.10797951 0.05295802
v 0.03271214 0.10797801 0.04721508
v 0.03271306 0.10797951 0.05295802
v 0.03271214 0.10797801 0.04721508
v 0.03428732 0.11115757 0.05299458
v 0.03429182 0.11116757 0.04717897
v 0.03428732 0.11115757 0.05299458
v 0.03429182 0.11116757 0.04717897
v 0.03556434 0.11445353 0.05299080
v 0.03556619 0.11445813 0.04718308
v 0.03556434 0.11445353 0.05299080
v 0.03556619 0.11445813 0.04718308
v 0.03654897 0.11793788 0.05295802
v 0.03654622 0.11796168 0.04718277
v 0.03654897 0.11793788 0.05295802
v 0.03654622 0.11796168 0.04718277
v 0.03716412 0.12143084 0.05299455
v 0.03716412 0.12143084 0.05299455
v 0.03654622 0.11796168 0.04718277
v 0.03716560 0.12144164 0.04717904
v 0.03716412 0.12143084 0.05299455
v 0.03716560 0.12144164 0.04717904
v 0.03746959 0.12497699 0.05295836
v 0.03746959 0.12497699 0.05295836
v 0.03716560 0.12144164 0.04717904
v 0.03746133 0.12495799 0.04718322
v 0.03746959 0.12497699 0.05295836
v 0.03746133 0.12495799 0.04718322
v 0.03740162 0.12861524 0.05302327
v 0.03740162 0.12861524 0.05302327
v 0.03746133 0.12495799 0.04718322
v 0.03741456 0.12859554 0.04718279
v 0.03740162 0.12861524 0.05302327
v 0.03741456 0.12859554 0.04718279
v 0.03703887 0.13210450 0.05296131
v 0.03703887 0.13210450 0.05296131
v 0.03741456 0.12859554 0.04718279
v 0.03702841 0.13210909 0.04717902
v 0.03703887 0.13210450 0.05296131
v 0.03702841 0.13210909 0.04717902
v 0.03632408 0.13558695 0.05295834
v 0.03632152 0.13556625 0.04718320
v 0.03632408 0.13558695 0.05295834
v 0.03632152 0.13556625 0.04718320
v 0.03527748 0.13897212 0.05299073
v 0.03527748 0.13897212 0.05299073
v 0.03632152 0.13556625 0.04718320
v 0.03527608 0.13897682 0.04718313
v 0.03527748 0.13897212 0.05299073
v 0.03527608 0.13897682 0.04718313
v 0.03389752 0.14231967 0.05295800
v 0.03389137 0.14230586 0.04717898
v 0.03389752 0.14231967 0.05295800
v 0.03389137 0.14230586 0.04717898
v 0.03223912 0.14542383 0.04718310
v 0.03221885 0.14543802 0.05301104
v 0.03221885 0.14543802 0.05301104
v 0.03223912 0.14542383 0.04718310
v 0.03026988 0.14842188 0.05295835
v 0.03026988 0.14842188 0.05295835
v 0.03223912 0.14542383 0.04718310
v 0.03027521 0.14840179 0.04718322
v 0.03026988 0.14842188 0.05295835
v 0.03027521 0.14840179 0.04718322
v 0.02801071 0.15122075 0.05295805
v 0.02798980 0.15123225 0.04718276
v 0.02801071 0.15122075 0.05295805
v 0.02798980 0.15123225 0.04718276
v 0.02549660 0.15377691 0.05299031
v 0.02549278 0.15378001 0.04718266
v 0.02549660 0.15377691 0.05299031
v 0.02549278 0.15378001 0.04718266
v 0.02279955 0.15606028 0.05296131
v 0.02279955 0.15606028 0.05296131
v 0.02549278 0.15378001 0.04718266
v 0.02278880 0.15605638 0.04717904
v 0.02279955 0.15606028 0.05296131
v 0.02278880 0.15605638 0.04717904
v 0.01990945 0.15805246 0.05300724
v 0.01989157 0.15807056 0.04718321
v 0.01990945 0.15805246 0.05300724
v 0.01989157 0.15807056 0.04718321
v 0.01670942 0.15984733 0.05300677
v 0.01671772 0.15984893 0.04718276
v 0.01670942 0.15984733 0.05300677
v 0.01671772 0.15984893 0.04718276
v 0.01349461 0.16125942 0.05301105
v 0.01348180 0.16127132 0.04717890
v 0.01349461 0.16125942 0.05301105
v 0.01348180 0.16127132 0.04717890
v 0.01012652 0.16239420 0.05297443
v 0.01013446 0.16238770 0.04718310
v 0.01012652 0.16239420 0.05297443
v 0.01013446 0.16238770 0.04718310
v 0.00656608 0.16319199 0.05302325
v 0.00656608 0.16319199 0.05302325
v 0.01013446 0.16238770 0.04718310
v 0.00658829 0.16319988 0.04718276
v 0.00656608 0.16319199 0.05302325
v 0.00658829 0.16319988 0.04718276
v 0.00310538 0.16363667 0.05302766
v 0.00308267 0.16365298 0.04717893
v 0.00310538 0.16363667 0.05302766
v 0.00308267 0.16365298 0.04717893
v -0.00047660 0.16378317 0.05298748
v -0.00044357 0.16378108 0.04718319
v -0.00047660 0.16378317 0.05298748
v -0.00044357 0.16378108 0.04718319
v -0.00400463 0.16356918 0.04718320
v -0.00047660 0.16378317 0.05298748
v -0.00400463 0.16356918 0.04718320
v -0.00401708 0.16354968 0.05302764
v -0.00401708 0.16354968 0.05302764
v -0.00400463 0.16356918 0.04718320
v -0.00757816 0.16301749 0.05295801
v -0.00757816 0.16301749 0.05295801
v -0.00400463 0.16356918 0.04718320
v -0.00759863 0.16300518 0.04718269
v -0.00757816 0.16301749 0.05295801
v -0.00759863 0.16300518 0.04718269
v -0.01101082 0.16212610 0.05299451
v -0.01105332 0.16211670 0.04718277
v -0.01101082 0.16212610 0.05299451
v -0.01105332 0.16211670 0.04718277
v -0.01436349 0.16093081 0.05295838
v -0.01437683 0.16091311 0.04717904
v -0.01436349 0.16093081 0.05295838
v -0.01437683 0.16091311 0.04717904
v -0.01761614 0.15939513 0.05295805
v -0.01763226 0.15937752 0.04718277
v -0.01761614 0.15939513 0.05295805
v -0.01763226 0.15937752 0.04718277
v -0.02066809 0.15757815 0.05296131
v -0.02069688 0.15755164 0.04718267
v -0.02066809 0.15757815 0.05296131
v -0.02069688 0.15755164 0.04718267
v -0.02353883 0.15548128 0.05295834
v -0.02354659 0.15546047 0.04717899
v -0.02353883 0.15548128 0.05295834
v -0.02354659 0.15546047 0.04717899
v -0.02621287 0.15310880 0.05294266
v -0.02618709 0.15311971 0.04718311
v -0.02621287 0.15310880 0.05294266
v -0.02618709 0.15311971 0.04718311
v -0.02866394 0.15044634 0.05300669
v -0.02866394 0.15044634 0.05300669
v -0.02618709 0.15311971 0.04718311
v -0.02866352 0.15045484 0.04718279
v -0.02866394 0.15044634 0.05300669
v -0.02866352 0.15045484 0.04718279
v -0.03081311 0.14765597 0.05296131
v -0.03080877 0.14764537 0.04717903
v -0.03081311 0.14765597 0.05296131
v -0.03080877 0.14764537 0.04717903
v -0.03268006 0.14465981 0.05299078
v -0.03268285 0.14465551 0.04718323
v -0.03268006 0.14465981 0.05299078
v -0.03268285 0.14465551 0.04718323
v -0.03430650 0.14140526 0.05299025
v -0.03430809 0.14140096 0.04718279
v -0.03430650 0.14140526 0.05299025
v -0.03430809 0.14140096 0.04718279
v -0.03556366 0.13811400 0.05301105
v -0.03557491 0.13810080 0.04717900
v -0.03556366 0.13811400 0.05301105
v -0.03557491 0.13810080 0.04717900
v -0.03652937 0.13470884 0.05299073
v -0.03653077 0.13470414 0.04718321
v -0.03652937 0.13470884 0.05299073
v -0.03653077 0.13470414 0.04718321
v -0.03716342 0.13119848 0.05299075
v -0.03716440 0.13119358 0.04718324
v -0.03716342 0.13119848 0.05299075
v -0.03716440 0.13119358 0.04718324
v -0.03746140 0.12758203 0.05299258
v -0.03747571 0.12750003 0.04719873
v -0.02842093 0.15041624 0.05309249
v -0.03051987 0.14744678 0.05301264
v -0.02836401 0.15024674 0.05299454
v -0.02603817 0.15307070 0.05310169
v -0.02842093 0.15041624 0.05309249
v -0.02836401 0.15024674 0.05299454
v -0.02603817 0.15307070 0.05310169
v -0.02836401 0.15024674 0.05299454
v -0.02595144 0.15283811 0.05299115
v -0.02335798 0.15541468 0.05310106
v -0.02603817 0.15307070 0.05310169
v -0.02595144 0.15283811 0.05299115
v -0.02335798 0.15541468 0.05310106
v -0.02595144 0.15283811 0.05299115
v -0.02331966 0.15517977 0.05299293
v -0.02048493 0.15750285 0.05310109
v -0.02335798 0.15541468 0.05310106
v -0.02331966 0.15517977 0.05299293
v -0.02048493 0.15750285 0.05310109
v -0.02331966 0.15517977 0.05299293
v -0.02048724 0.15725715 0.05299647
v -0.01742568 0.15930893 0.05310107
v -0.02048493 0.15750285 0.05310109
v -0.02048724 0.15725715 0.05299647
v -0.01742568 0.15930893 0.05310107
v -0.02048724 0.15725715 0.05299647
v -0.01742290 0.15907573 0.05299203
v -0.01423595 0.16082321 0.05309464
v -0.01742568 0.15930893 0.05310107
v -0.01423925 0.16058650 0.05300885
v -0.01423925 0.16058650 0.05300885
v -0.01742568 0.15930893 0.05310107
v -0.01742290 0.15907573 0.05299203
v -0.01101082 0.16212610 0.05299451
v -0.01423595 0.16082321 0.05309464
v -0.01089993 0.16199730 0.05309008
v -0.01089993 0.16199730 0.05309008
v -0.01423595 0.16082321 0.05309464
v -0.01091916 0.16179790 0.05302934
v -0.01091916 0.16179790 0.05302934
v -0.01423595 0.16082321 0.05309464
v -0.01423925 0.16058650 0.05300885
v -0.00757816 0.16301749 0.05295801
v -0.01101082 0.16212610 0.05299451
v -0.00744437 0.16289328 0.05309467
v -0.00744437 0.16289328 0.05309467
v -0.01101082 0.16212610 0.05299451
v -0.01089993 0.16199730 0.05309008
v -0.00744437 0.16289328 0.05309467
v -0.01089993 0.16199730 0.05309008
v -0.01091916 0.16179790 0.05302934
v -0.00744437 0.16289328 0.05309467
v -0.01091916 0.16179790 0.05302934
v -0.00747922 0.16266698 0.05301135
v -0.00401708 0.16354968 0.05302764
v -0.00757816 0.16301749 0.05295801
v -0.00744437 0.16289328 0.05309467
v -0.00401708 0.16354968 0.05302764
v -0.00744437 0.16289328 0.05309467
v -0.00402262 0.16323558 0.05305652
v -0.00402262 0.16323558 0.05305652
v -0.00744437 0.16289328 0.05309467
v -0.00747922 0.16266698 0.05301135
v -0.02621287 0.15310880 0.05294266
v -0.02866394 0.15044634 0.05300669
v -0.02603817 0.15307070 0.05310169
v -0.02603817 0.15307070 0.05310169
v -0.02866394 0.15044634 0.05300669
v -0.02842093 0.15041624 0.05309249
v -0.00047660 0.16378317 0.05298748
v -0.00401708 0.16354968 0.05302764
v 0.00109452 0.16360678 0.05309269
v 0.00109452 0.16360678 0.05309269
v -0.00401708 0.16354968 0.05302764
v -0.00402262 0.16323558 0.05305652
v 0.00109452 0.16360678 0.05309269
v -0.00402262 0.16323558 0.05305652
v -0.00046212 0.16342648 0.05301259
v -0.02353883 0.15548128 0.05295834
v -0.02621287 0.15310880 0.05294266
v -0.02603817 0.15307070 0.05310169
v -0.02353883 0.15548128 0.05295834
v -0.02603817 0.15307070 0.05310169
v -0.02335798 0.15541468 0.05310106
v -0.02066809 0.15757815 0.05296131
v -0.02353883 0.15548128 0.05295834
v -0.02335798 0.15541468 0.05310106
v -0.02066809 0.15757815 0.05296131
v -0.02335798 0.15541468 0.05310106
v -0.02048493 0.15750285 0.05310109
v 0.00310538 0.16363667 0.05302766
v -0.00047660 0.16378317 0.05298748
v 0.00109452 0.16360678 0.05309269
v 0.00109452 0.16360678 0.05309269
v -0.00046212 0.16342648 0.05301259
v 0.00304852 0.16329409 0.05299335
v -0.03238793 0.14444921 0.05300883
v -0.03064167 0.14764578 0.05309465
v -0.03337670 0.14306483 0.05309365
v -0.03337670 0.14306483 0.05309365
v -0.03064167 0.14764578 0.05309465
v -0.03268006 0.14465981 0.05299078
v -0.03268006 0.14465981 0.05299078
v -0.03064167 0.14764578 0.05309465
v -0.03081311 0.14765597 0.05296131
v -0.03395616 0.14131325 0.05300878
v -0.03238793 0.14444921 0.05300883
v -0.03337670 0.14306483 0.05309365
v -0.03337670 0.14306483 0.05309365
v -0.03268006 0.14465981 0.05299078
v -0.03430650 0.14140526 0.05299025
v -0.03619235 0.13458035 0.05300941
v -0.03523298 0.13797020 0.05297829
v -0.03533446 0.13811219 0.05309212
v -0.03619235 0.13458035 0.05300941
v -0.03533446 0.13811219 0.05309212
v -0.03674720 0.13298746 0.05309366
v -0.03674720 0.13298746 0.05309366
v -0.03533446 0.13811219 0.05309212
v -0.03556366 0.13811400 0.05301105
v -0.03674720 0.13298746 0.05309366
v -0.03556366 0.13811400 0.05301105
v -0.03652937 0.13470884 0.05299073
v -0.03704936 0.12403198 0.05299026
v -0.03710507 0.12745743 0.05299071
v -0.03726495 0.12771133 0.05309629
v -0.03704936 0.12403198 0.05299026
v -0.03726495 0.12771133 0.05309629
v -0.03723050 0.12416318 0.05309629
v -0.03723050 0.12416318 0.05309629
v -0.03726495 0.12771133 0.05309629
v -0.03746140 0.12758203 0.05299258
v -0.03723050 0.12416318 0.05309629
v -0.03746140 0.12758203 0.05299258
v -0.03741341 0.12403948 0.05299464
v -0.03493425 0.11368691 0.05302933
v -0.03596257 0.11709197 0.05299493
v -0.03618819 0.11714577 0.05310105
v -0.03493425 0.11368691 0.05302933
v -0.03618819 0.11714577 0.05310105
v -0.03473470 0.11250063 0.05308931
v -0.03473470 0.11250063 0.05308931
v -0.03618819 0.11714577 0.05310105
v -0.03526729 0.11359042 0.05297787
v -0.03526729 0.11359042 0.05297787
v -0.03618819 0.11714577 0.05310105
v -0.03631708 0.11698167 0.05295803
v -0.02773582 0.10163467 0.05297835
v -0.02997329 0.10438464 0.05301112
v -0.02789873 0.10160558 0.05309204
v -0.02789873 0.10160558 0.05309204
v -0.02997329 0.10438464 0.05301112
v -0.03017805 0.10436103 0.05309362
v -0.02789873 0.10160558 0.05309204
v -0.03017805 0.10436103 0.05309362
v -0.02801464 0.10140737 0.05301113
v -0.02801464 0.10140737 0.05301113
v -0.03017805 0.10436103 0.05309362
v -0.03023625 0.10414164 0.05299039
v -0.01965799 0.09480772 0.05299557
v -0.02261489 0.09683863 0.05302798
v -0.01985616 0.09473254 0.05309629
v -0.01985616 0.09473254 0.05309629
v -0.02261489 0.09683863 0.05302798
v -0.02416744 0.09785325 0.05309516
v -0.01985616 0.09473254 0.05309629
v -0.02416744 0.09785325 0.05309516
v -0.02276922 0.09652062 0.05299036
v -0.01985616 0.09473254 0.05309629
v -0.02276922 0.09652062 0.05299036
v -0.01983546 0.09449104 0.05299036
v -0.01003433 0.09054101 0.05302754
v -0.01337819 0.09167346 0.05299122
v -0.01353631 0.09149148 0.05310165
v -0.01003433 0.09054101 0.05302754
v -0.01353631 0.09149148 0.05310165
v -0.01012703 0.09033579 0.05308712
v -0.01012703 0.09033579 0.05308712
v -0.01353631 0.09149148 0.05310165
v -0.01009008 0.09018854 0.05295803
v -0.01009008 0.09018854 0.05295803
v -0.01353631 0.09149148 0.05310165
v -0.01348379 0.09131116 0.05294246
v -0.00306206 0.08930498 0.05299204
v -0.00657111 0.08974337 0.05302932
v -0.00535343 0.08932341 0.05309160
v -0.00314531 0.08895099 0.05300712
v -0.00535343 0.08932341 0.05309160
v -0.00662830 0.08940203 0.05297787
v 0.00043542 0.08916185 0.05302804
v -0.00306206 0.08930498 0.05299204
v -0.00535343 0.08932341 0.05309160
v 0.00043542 0.08916185 0.05302804
v -0.00535343 0.08932341 0.05309160
v 0.00041470 0.08893944 0.05308715
v 0.00041470 0.08893944 0.05308715
v -0.00535343 0.08932341 0.05309160
v -0.00314531 0.08895099 0.05300712
v 0.00041470 0.08893944 0.05308715
v -0.00314531 0.08895099 0.05300712
v 0.00049193 0.08880854 0.05295803
v 0.00748950 0.08994126 0.05299277
v 0.00401428 0.08938491 0.05301263
v 0.00741098 0.08975047 0.05309628
v 0.00741098 0.08975047 0.05309628
v 0.00401428 0.08938491 0.05301263
v 0.00393225 0.08916137 0.05309465
v 0.00741098 0.08975047 0.05309628
v 0.00393225 0.08916137 0.05309465
v 0.00755527 0.08958610 0.05299443
v 0.00755527 0.08958610 0.05299443
v 0.00393225 0.08916137 0.05309465
v 0.00405330 0.08902505 0.05295802
v 0.01076216 0.09073315 0.05305721
v 0.00748950 0.08994126 0.05299277
v 0.00741098 0.08975047 0.05309628
v 0.01076216 0.09073315 0.05305721
v 0.00741098 0.08975047 0.05309628
v 0.01106958 0.09049733 0.05302335
v 0.01106958 0.09049733 0.05302335
v 0.00741098 0.08975047 0.05309628
v 0.00755527 0.08958610 0.05299443
v 0.01740889 0.09350503 0.05300938
v 0.01416955 0.09194538 0.05305907
v 0.01914144 0.09423679 0.05309563
v 0.01914144 0.09423679 0.05309563
v 0.01416955 0.09194538 0.05305907
v 0.01442231 0.09171149 0.05302322
v 0.01914144 0.09423679 0.05309563
v 0.01442231 0.09171149 0.05302322
v 0.01759230 0.09320187 0.05299456
v 0.02597874 0.09975500 0.05302930
v 0.02330962 0.09739695 0.05301151
v 0.02338581 0.09718263 0.05309457
v 0.02597874 0.09975500 0.05302930
v 0.02338581 0.09718263 0.05309457
v 0.02730940 0.10082900 0.05309391
v 0.02730940 0.10082900 0.05309391
v 0.02338581 0.09718263 0.05309457
v 0.02620400 0.09949879 0.05299457
v 0.02620400 0.09949879 0.05299457
v 0.02338581 0.09718263 0.05309457
v 0.02356134 0.09713349 0.05295803
v 0.03238577 0.10813961 0.05301069
v 0.03047923 0.10508285 0.05302515
v 0.03253192 0.10795991 0.05309463
v 0.03253192 0.10795991 0.05309463
v 0.03047923 0.10508285 0.05302515
v 0.03067256 0.10496645 0.05308718
v 0.03253192 0.10795991 0.05309463
v 0.03067256 0.10496645 0.05308718
v 0.03082360 0.10495285 0.05295806
v 0.03271306 0.10797951 0.05295802
v 0.03522197 0.11460022 0.05297500
v 0.03396700 0.11129997 0.05301259
v 0.03534154 0.11445383 0.05309785
v 0.03534154 0.11445383 0.05309785
v 0.03396700 0.11129997 0.05301259
v 0.03408753 0.11113257 0.05309362
v 0.03534154 0.11445383 0.05309785
v 0.03408753 0.11113257 0.05309362
v 0.03428732 0.11115757 0.05299458
v 0.03534154 0.11445383 0.05309785
v 0.03428732 0.11115757 0.05299458
v 0.03556434 0.11445353 0.05299080
v 0.03618850 0.11799028 0.05301159
v 0.03522197 0.11460022 0.05297500
v 0.03534154 0.11445383 0.05309785
v 0.03618850 0.11799028 0.05301159
v 0.03534154 0.11445383 0.05309785
v 0.03638053 0.11786818 0.05309465
v 0.03638053 0.11786818 0.05309465
v 0.03534154 0.11445383 0.05309785
v 0.03556434 0.11445353 0.05299080
v 0.03638053 0.11786818 0.05309465
v 0.03556434 0.11445353 0.05299080
v 0.03654897 0.11793788 0.05295802
v 0.03710511 0.12500969 0.05300917
v 0.03682833 0.12149074 0.05302925
v 0.03731844 0.12490589 0.05309470
v 0.03731844 0.12490589 0.05309470
v 0.03682833 0.12149074 0.05302925
v 0.03700052 0.12138294 0.05309016
v 0.03731844 0.12490589 0.05309470
v 0.03700052 0.12138294 0.05309016
v 0.03716412 0.12143084 0.05299455
v 0.03731844 0.12490589 0.05309470
v 0.03716412 0.12143084 0.05299455
v 0.03746959 0.12497699 0.05295836
v 0.03709986 0.12837745 0.05305733
v 0.03710511 0.12500969 0.05300917
v 0.03731844 0.12490589 0.05309470
v 0.03709986 0.12837745 0.05305733
v 0.03731844 0.12490589 0.05309470
v 0.03740162 0.12861524 0.05302327
v 0.03740162 0.12861524 0.05302327
v 0.03731844 0.12490589 0.05309470
v 0.03746959 0.12497699 0.05295836
v 0.03595811 0.13551595 0.05299314
v 0.03667258 0.13207180 0.05299723
v 0.03689435 0.13196900 0.05310110
v 0.03595811 0.13551595 0.05299314
v 0.03689435 0.13196900 0.05310110
v 0.03618832 0.13545016 0.05310107
v 0.03618832 0.13545016 0.05310107
v 0.03689435 0.13196900 0.05310110
v 0.03703887 0.13210450 0.05296131
v 0.03618832 0.13545016 0.05310107
v 0.03703887 0.13210450 0.05296131
v 0.03632408 0.13558695 0.05295834
v 0.03190530 0.14527582 0.05299567
v 0.03358121 0.14213896 0.05301145
v 0.03208629 0.14526853 0.05309241
v 0.03208629 0.14526853 0.05309241
v 0.03358121 0.14213896 0.05301145
v 0.03380838 0.14216046 0.05309468
v 0.03208629 0.14526853 0.05309241
v 0.03380838 0.14216046 0.05309468
v 0.03221885 0.14543802 0.05301104
v 0.03221885 0.14543802 0.05301104
v 0.03380838 0.14216046 0.05309468
v 0.03389752 0.14231967 0.05295800
v 0.02526759 0.15352301 0.05303099
v 0.02775097 0.15095145 0.05299179
v 0.02797170 0.15101535 0.05310105
v 0.02526759 0.15352301 0.05303099
v 0.02797170 0.15101535 0.05310105
v 0.02546590 0.15358742 0.05309014
v 0.02546590 0.15358742 0.05309014
v 0.02797170 0.15101535 0.05310105
v 0.02549660 0.15377691 0.05299031
v 0.02549660 0.15377691 0.05299031
v 0.02797170 0.15101535 0.05310105
v 0.02801071 0.15122075 0.05295805
v 0.01967218 0.15776935 0.05297480
v 0.02256084 0.15579628 0.05302601
v 0.01981104 0.15785146 0.05309205
v 0.01981104 0.15785146 0.05309205
v 0.02256084 0.15579628 0.05302601
v 0.02276731 0.15592088 0.05308729
v 0.01981104 0.15785146 0.05309205
v 0.02276731 0.15592088 0.05308729
v 0.01990945 0.15805246 0.05300724
v 0.01990945 0.15805246 0.05300724
v 0.02276731 0.15592088 0.05308729
v 0.02279955 0.15606028 0.05296131
v 0.01657199 0.15950303 0.05296117
v 0.01967218 0.15776935 0.05297480
v 0.01670689 0.15957893 0.05309053
v 0.01670689 0.15957893 0.05309053
v 0.01967218 0.15776935 0.05297480
v 0.01981104 0.15785146 0.05309205
v 0.01670689 0.15957893 0.05309053
v 0.01981104 0.15785146 0.05309205
v 0.01990945 0.15805246 0.05300724
v 0.01670689 0.15957893 0.05309053
v 0.01990945 0.15805246 0.05300724
v 0.01670942 0.15984733 0.05300677
v 0.00999615 0.16206350 0.05302547
v 0.01334940 0.16093772 0.05299559
v 0.01349517 0.16104421 0.05309241
v 0.00999615 0.16206350 0.05302547
v 0.01349517 0.16104421 0.05309241
v 0.01012746 0.16224250 0.05308919
v 0.01012746 0.16224250 0.05308919
v 0.01349517 0.16104421 0.05309241
v 0.01349461 0.16125942 0.05301105
v 0.01012746 0.16224250 0.05308919
v 0.01349461 0.16125942 0.05301105
v 0.01012652 0.16239420 0.05297443
v 0.00671856 0.16284410 0.05305735
v 0.00999615 0.16206350 0.05302547
v 0.01012746 0.16224250 0.05308919
v 0.00671856 0.16284410 0.05305735
v 0.01012746 0.16224250 0.05308919
v 0.00656608 0.16319199 0.05302325
v 0.00656608 0.16319199 0.05302325
v 0.01012746 0.16224250 0.05308919
v 0.01012652 0.16239420 0.05297443
v -0.01101082 0.16212610 0.05299451
v -0.01436349 0.16093081 0.05295838
v -0.01423595 0.16082321 0.05309464
v -0.01423595 0.16082321 0.05309464
v -0.01436349 0.16093081 0.05295838
v -0.01742568 0.15930893 0.05310107
v -0.01761614 0.15939513 0.05295805
v -0.02048493 0.15750285 0.05310109
v -0.01742568 0.15930893 0.05310107
v -0.01761614 0.15939513 0.05295805
v -0.02048493 0.15750285 0.05310109
v -0.01761614 0.15939513 0.05295805
v -0.02066809 0.15757815 0.05296131
v -0.03064167 0.14764578 0.05309465
v -0.02842093 0.15041624 0.05309249
v -0.02866394 0.15044634 0.05300669
v -0.03064167 0.14764578 0.05309465
v -0.02866394 0.15044634 0.05300669
v -0.03081311 0.14765597 0.05296131
v -0.03523298 0.13797020 0.05297829
v -0.03395616 0.14131325 0.05300878
v -0.03533446 0.13811219 0.05309212
v -0.03533446 0.13811219 0.05309212
v -0.03395616 0.14131325 0.05300878
v -0.03337670 0.14306483 0.05309365
v -0.03533446 0.13811219 0.05309212
v -0.03337670 0.14306483 0.05309365
v -0.03556366 0.13811400 0.05301105
v -0.03556366 0.13811400 0.05301105
v -0.03337670 0.14306483 0.05309365
v -0.03430650 0.14140526 0.05299025
v -0.03681226 0.13111529 0.05300753
v -0.03619235 0.13458035 0.05300941
v -0.03674720 0.13298746 0.05309366
v -0.03674720 0.13298746 0.05309366
v -0.03652937 0.13470884 0.05299073
v -0.03716342 0.13119848 0.05299075
v -0.03716342 0.13119848 0.05299075
v -0.03746140 0.12758203 0.05299258
v -0.03726495 0.12771133 0.05309629
v -0.03716342 0.13119848 0.05299075
v -0.03726495 0.12771133 0.05309629
v -0.03674720 0.13298746 0.05309366
v -0.03674720 0.13298746 0.05309366
v -0.03726495 0.12771133 0.05309629
v -0.03681226 0.13111529 0.05300753
v -0.03681226 0.13111529 0.05300753
v -0.03726495 0.12771133 0.05309629
v -0.03710507 0.12745743 0.05299071
v -0.03667254 0.12055162 0.05299225
v -0.03704936 0.12403198 0.05299026
v -0.03723050 0.12416318 0.05309629
v -0.03667254 0.12055162 0.05299225
v -0.03723050 0.12416318 0.05309629
v -0.03685885 0.12063333 0.05309627
v -0.03685885 0.12063333 0.05309627
v -0.03723050 0.12416318 0.05309629
v -0.03741341 0.12403948 0.05299464
v -0.03685885 0.12063333 0.05309627
v -0.03741341 0.12403948 0.05299464
v -0.03703856 0.12053003 0.05299081
v -0.03703856 0.12053003 0.05299081
v -0.03631708 0.11698167 0.05295803
v -0.03618819 0.11714577 0.05310105
v -0.03703856 0.12053003 0.05299081
v -0.03618819 0.11714577 0.05310105
v -0.03685885 0.12063333 0.05309627
v -0.03685885 0.12063333 0.05309627
v -0.03618819 0.11714577 0.05310105
v -0.03596257 0.11709197 0.05299493
v -0.03685885 0.12063333 0.05309627
v -0.03596257 0.11709197 0.05299493
v -0.03667254 0.12055162 0.05299225
v -0.03357251 0.11042396 0.05302581
v -0.03493425 0.11368691 0.05302933
v -0.03473470 0.11250063 0.05308931
v -0.03391307 0.11032856 0.05299077
v -0.03473470 0.11250063 0.05308931
v -0.03526729 0.11359042 0.05297787
v -0.03190966 0.10733550 0.05299066
v -0.03357251 0.11042396 0.05302581
v -0.03211325 0.10734010 0.05309629
v -0.03211325 0.10734010 0.05309629
v -0.03357251 0.11042396 0.05302581
v -0.03473470 0.11250063 0.05308931
v -0.03211325 0.10734010 0.05309629
v -0.03473470 0.11250063 0.05308931
v -0.03391307 0.11032856 0.05299077
v -0.03211325 0.10734010 0.05309629
v -0.03391307 0.11032856 0.05299077
v -0.03224156 0.10717730 0.05299068
v -0.03224156 0.10717730 0.05299068
v -0.03023625 0.10414164 0.05299039
v -0.03017805 0.10436103 0.05309362
v -0.03224156 0.10717730 0.05299068
v -0.03017805 0.10436103 0.05309362
v -0.03211325 0.10734010 0.05309629
v -0.03211325 0.10734010 0.05309629
v -0.03017805 0.10436103 0.05309362
v -0.02997329 0.10438464 0.05301112
v -0.03211325 0.10734010 0.05309629
v -0.02997329 0.10438464 0.05301112
v -0.03190966 0.10733550 0.05299066
v -0.02527445 0.09911209 0.05299205
v -0.02773582 0.10163467 0.05297835
v -0.02789873 0.10160558 0.05309204
v -0.02527445 0.09911209 0.05299205
v -0.02789873 0.10160558 0.05309204
v -0.02416744 0.09785325 0.05309516
v -0.02416744 0.09785325 0.05309516
v -0.02789873 0.10160558 0.05309204
v -0.02801464 0.10140737 0.05301113
v -0.02416744 0.09785325 0.05309516
v -0.02801464 0.10140737 0.05301113
v -0.02555904 0.09888568 0.05300715
v -0.02555904 0.09888568 0.05300715
v -0.02276922 0.09652062 0.05299036
v -0.02416744 0.09785325 0.05309516
v -0.02416744 0.09785325 0.05309516
v -0.02261489 0.09683863 0.05302798
v -0.02527445 0.09911209 0.05299205
v -0.01658660 0.09308961 0.05299279
v -0.01965799 0.09480772 0.05299557
v -0.01985616 0.09473254 0.05309629
v -0.01658660 0.09308961 0.05299279
v -0.01985616 0.09473254 0.05309629
v -0.01676568 0.09298801 0.05309628
v -0.01676568 0.09298801 0.05309628
v -0.01985616 0.09473254 0.05309629
v -0.01983546 0.09449104 0.05299036
v -0.01676568 0.09298801 0.05309628
v -0.01983546 0.09449104 0.05299036
v -0.01675514 0.09277022 0.05299456
v -0.01675514 0.09277022 0.05299456
v -0.01348379 0.09131116 0.05294246
v -0.01353631 0.09149148 0.05310165
v -0.01675514 0.09277022 0.05299456
v -0.01353631 0.09149148 0.05310165
v -0.01676568 0.09298801 0.05309628
v -0.01676568 0.09298801 0.05309628
v -0.01353631 0.09149148 0.05310165
v -0.01337819 0.09167346 0.05299122
v -0.01676568 0.09298801 0.05309628
v -0.01337819 0.09167346 0.05299122
v -0.01658660 0.09308961 0.05299279
v -0.01009008 0.09018854 0.05295803
v -0.00662830 0.08940203 0.05297787
v -0.01012703 0.09033579 0.05308712
v -0.01012703 0.09033579 0.05308712
v -0.00662830 0.08940203 0.05297787
v -0.00535343 0.08932341 0.05309160
v -0.01012703 0.09033579 0.05308712
v -0.00535343 0.08932341 0.05309160
v -0.00657111 0.08974337 0.05302932
v -0.01012703 0.09033579 0.05308712
v -0.00657111 0.08974337 0.05302932
v -0.01003433 0.09054101 0.05302754
v 0.00049193 0.08880854 0.05295803
v 0.00405330 0.08902505 0.05295802
v 0.00393225 0.08916137 0.05309465
v 0.00041470 0.08893944 0.05308715
v 0.00041470 0.08893944 0.05308715
v 0.00393225 0.08916137 0.05309465
v 0.00043542 0.08916185 0.05302804
v 0.00043542 0.08916185 0.05302804
v 0.00393225 0.08916137 0.05309465
v 0.00401428 0.08938491 0.05301263
v 0.01106958 0.09049733 0.05302335
v 0.01106958 0.09049733 0.05302335
v 0.01416955 0.09194538 0.05305907
v 0.01076216 0.09073315 0.05305721
v 0.02044968 0.09531671 0.05299496
v 0.01740889 0.09350503 0.05300938
v 0.01914144 0.09423679 0.05309563
v 0.01914144 0.09423679 0.05309563
v 0.01759230 0.09320187 0.05299456
v 0.02063338 0.09500315 0.05299080
v 0.02063338 0.09500315 0.05299080
v 0.02356134 0.09713349 0.05295803
v 0.02338581 0.09718263 0.05309457
v 0.02063338 0.09500315 0.05299080
v 0.02338581 0.09718263 0.05309457
v 0.01914144 0.09423679 0.05309563
v 0.01914144 0.09423679 0.05309563
v 0.02338581 0.09718263 0.05309457
v 0.02330962 0.09739695 0.05301151
v 0.01914144 0.09423679 0.05309563
v 0.02330962 0.09739695 0.05301151
v 0.02044968 0.09531671 0.05299496
v 0.02836104 0.10234888 0.05299279
v 0.02597874 0.09975500 0.05302930
v 0.02730940 0.10082900 0.05309391
v 0.02859759 0.10207258 0.05300720
v 0.02730940 0.10082900 0.05309391
v 0.02620400 0.09949879 0.05299457
v 0.02859759 0.10207258 0.05300720
v 0.03082360 0.10495285 0.05295806
v 0.03067256 0.10496645 0.05308718
v 0.02859759 0.10207258 0.05300720
v 0.03067256 0.10496645 0.05308718
v 0.02730940 0.10082900 0.05309391
v 0.02730940 0.10082900 0.05309391
v 0.03067256 0.10496645 0.05308718
v 0.03047923 0.10508285 0.05302515
v 0.02730940 0.10082900 0.05309391
v 0.03047923 0.10508285 0.05302515
v 0.02836104 0.10234888 0.05299279
v 0.03271306 0.10797951 0.05295802
v 0.03428732 0.11115757 0.05299458
v 0.03253192 0.10795991 0.05309463
v 0.03253192 0.10795991 0.05309463
v 0.03428732 0.11115757 0.05299458
v 0.03408753 0.11113257 0.05309362
v 0.03253192 0.10795991 0.05309463
v 0.03408753 0.11113257 0.05309362
v 0.03396700 0.11129997 0.05301259
v 0.03253192 0.10795991 0.05309463
v 0.03396700 0.11129997 0.05301259
v 0.03238577 0.10813961 0.05301069
v 0.03654897 0.11793788 0.05295802
v 0.03716412 0.12143084 0.05299455
v 0.03638053 0.11786818 0.05309465
v 0.03638053 0.11786818 0.05309465
v 0.03716412 0.12143084 0.05299455
v 0.03700052 0.12138294 0.05309016
v 0.03638053 0.11786818 0.05309465
v 0.03700052 0.12138294 0.05309016
v 0.03682833 0.12149074 0.05302925
v 0.03638053 0.11786818 0.05309465
v 0.03682833 0.12149074 0.05302925
v 0.03618850 0.11799028 0.05301159
v 0.03740162 0.12861524 0.05302327
v 0.03703887 0.13210450 0.05296131
v 0.03689435 0.13196900 0.05310110
v 0.03740162 0.12861524 0.05302327
v 0.03689435 0.13196900 0.05310110
v 0.03709986 0.12837745 0.05305733
v 0.03709986 0.12837745 0.05305733
v 0.03689435 0.13196900 0.05310110
v 0.03667258 0.13207180 0.05299723
v 0.03492748 0.13888601 0.05300809
v 0.03595811 0.13551595 0.05299314
v 0.03618832 0.13545016 0.05310107
v 0.03492748 0.13888601 0.05300809
v 0.03618832 0.13545016 0.05310107
v 0.03513618 0.13884431 0.05309361
v 0.03513618 0.13884431 0.05309361
v 0.03618832 0.13545016 0.05310107
v 0.03527748 0.13897212 0.05299073
v 0.03527748 0.13897212 0.05299073
v 0.03618832 0.13545016 0.05310107
v 0.03632408 0.13558695 0.05295834
v 0.03527748 0.13897212 0.05299073
v 0.03389752 0.14231967 0.05295800
v 0.03380838 0.14216046 0.05309468
v 0.03527748 0.13897212 0.05299073
v 0.03380838 0.14216046 0.05309468
v 0.03513618 0.13884431 0.05309361
v 0.03513618 0.13884431 0.05309361
v 0.03380838 0.14216046 0.05309468
v 0.03358121 0.14213896 0.05301145
v 0.03513618 0.13884431 0.05309361
v 0.03358121 0.14213896 0.05301145
v 0.03492748 0.13888601 0.05300809
v 0.02996139 0.14821249 0.05299253
v 0.03190530 0.14527582 0.05299567
v 0.03208629 0.14526853 0.05309241
v 0.02996139 0.14821249 0.05299253
v 0.03208629 0.14526853 0.05309241
v 0.03019478 0.14824418 0.05310105
v 0.03019478 0.14824418 0.05310105
v 0.03208629 0.14526853 0.05309241
v 0.03221885 0.14543802 0.05301104
v 0.03019478 0.14824418 0.05310105
v 0.03221885 0.14543802 0.05301104
v 0.03026988 0.14842188 0.05295835
v 0.03026988 0.14842188 0.05295835
v 0.02801071 0.15122075 0.05295805
v 0.02797170 0.15101535 0.05310105
v 0.03026988 0.14842188 0.05295835
v 0.02797170 0.15101535 0.05310105
v 0.03019478 0.14824418 0.05310105
v 0.03019478 0.14824418 0.05310105
v 0.02797170 0.15101535 0.05310105
v 0.02775097 0.15095145 0.05299179
v 0.03019478 0.14824418 0.05310105
v 0.02775097 0.15095145 0.05299179
v 0.02996139 0.14821249 0.05299253
v 0.02549660 0.15377691 0.05299031
v 0.02279955 0.15606028 0.05296131
v 0.02276731 0.15592088 0.05308729
v 0.02549660 0.15377691 0.05299031
v 0.02276731 0.15592088 0.05308729
v 0.02546590 0.15358742 0.05309014
v 0.02546590 0.15358742 0.05309014
v 0.02276731 0.15592088 0.05308729
v 0.02256084 0.15579628 0.05302601
v 0.02546590 0.15358742 0.05309014
v 0.02256084 0.15579628 0.05302601
v 0.02526759 0.15352301 0.05303099
v 0.01670942 0.15984733 0.05300677
v 0.01349461 0.16125942 0.05301105
v 0.01349517 0.16104421 0.05309241
v 0.01670942 0.15984733 0.05300677
v 0.01349517 0.16104421 0.05309241
v 0.01670689 0.15957893 0.05309053
v 0.01670689 0.15957893 0.05309053
v 0.01349517 0.16104421 0.05309241
v 0.01334940 0.16093772 0.05299559
v 0.01670689 0.15957893 0.05309053
v 0.01334940 0.16093772 0.05299559
v 0.01657199 0.15950303 0.05296117
v 0.00304852 0.16329409 0.05299335
v 0.00671856 0.16284410 0.05305735
v 0.00109452 0.16360678 0.05309269
v 0.00109452 0.16360678 0.05309269
v 0.00671856 0.16284410 0.05305735
v 0.00656608 0.16319199 0.05302325
v 0.00109452 0.16360678 0.05309269
v 0.00656608 0.16319199 0.05302325
v 0.00310538 0.16363667 0.05302766
v -0.03238793 0.14444921 0.05300883
v -0.03051987 0.14744678 0.05301264
v -0.03064167 0.14764578 0.05309465
v -0.03064167 0.14764578 0.05309465
v -0.03051987 0.14744678 0.05301264
v -0.02842093 0.15041624 0.05309249
v -0.03710637 0.12629835 0.05358664
v -0.03710507 0.12745743 0.05299071
v -0.03704936 0.12403198 0.05299026
v -0.03710637 0.12629835 0.05358664
v -0.03704936 0.12403198 0.05299026
v -0.03677530 0.12135252 0.05358664
v -0.03704936 0.12403198 0.05299026
v -0.03667254 0.12055162 0.05299225
v -0.03677530 0.12135252 0.05358664
v -0.03677530 0.12135252 0.05358664
v -0.03667254 0.12055162 0.05299225
v -0.03578797 0.11649498 0.05358664
v -0.03578797 0.11649498 0.05358664
v -0.03667254 0.12055162 0.05299225
v -0.03596257 0.11709197 0.05299493
v -0.03578797 0.11649498 0.05358664
v -0.03596257 0.11709197 0.05299493
v -0.03493425 0.11368691 0.05302933
v -0.03578797 0.11649498 0.05358664
v -0.03493425 0.11368691 0.05302933
v -0.03416198 0.11181244 0.05358664
v -0.03493425 0.11368691 0.05302933
v -0.03357251 0.11042396 0.05302581
v -0.03416198 0.11181244 0.05358664
v -0.03416198 0.11181244 0.05358664
v -0.03357251 0.11042396 0.05302581
v -0.03192638 0.10738830 0.05358664
v -0.03357251 0.11042396 0.05302581
v -0.03190966 0.10733550 0.05299066
v -0.03192638 0.10738830 0.05358664
v -0.03192638 0.10738830 0.05358664
v -0.03190966 0.10733550 0.05299066
v -0.02912106 0.10330165 0.05358664
v -0.02912106 0.10330165 0.05358664
v -0.03190966 0.10733550 0.05299066
v -0.02997329 0.10438464 0.05301112
v -0.02912106 0.10330165 0.05358664
v -0.02997329 0.10438464 0.05301112
v -0.02773582 0.10163467 0.05297835
v -0.02912106 0.10330165 0.05358664
v -0.02773582 0.10163467 0.05297835
v -0.02579608 0.09962541 0.05358664
v -0.02773582 0.10163467 0.05297835
v -0.02527445 0.09911209 0.05299205
v -0.02579608 0.09962541 0.05358664
v -0.02579608 0.09962541 0.05358664
v -0.02527445 0.09911209 0.05299205
v -0.02201075 0.09642513 0.05358664
v -0.02201075 0.09642513 0.05358664
v -0.02527445 0.09911209 0.05299205
v -0.02261489 0.09683863 0.05302798
v -0.02201075 0.09642513 0.05358664
v -0.02261489 0.09683863 0.05302798
v -0.01965799 0.09480772 0.05299557
v -0.02201075 0.09642513 0.05358664
v -0.01965799 0.09480772 0.05299557
v -0.01783265 0.09375793 0.05358664
v -0.01965799 0.09480772 0.05299557
v -0.01658660 0.09308961 0.05299279
v -0.01783265 0.09375793 0.05358664
v -0.01783265 0.09375793 0.05358664
v -0.01658660 0.09308961 0.05299279
v -0.01333634 0.09167143 0.05358664
v -0.01658660 0.09308961 0.05299279
v -0.01337819 0.09167346 0.05299122
v -0.01333634 0.09167143 0.05358664
v -0.01333634 0.09167143 0.05358664
v -0.01337819 0.09167346 0.05299122
v -0.00860203 0.09020283 0.05358664
v -0.00860203 0.09020283 0.05358664
v -0.01337819 0.09167346 0.05299122
v -0.01003433 0.09054101 0.05302754
v -0.00860203 0.09020283 0.05358664
v -0.01003433 0.09054101 0.05302754
v -0.00657111 0.08974337 0.05302932
v -0.00860203 0.09020283 0.05358664
v -0.00657111 0.08974337 0.05302932
v -0.00371421 0.08937835 0.05358664
v -0.00657111 0.08974337 0.05302932
v -0.00306206 0.08930498 0.05299204
v -0.00371421 0.08937835 0.05358664
v -0.00371421 0.08937835 0.05358664
v -0.00306206 0.08930498 0.05299204
v 0.00123989 0.08921273 0.05358664
v 0.00123989 0.08921273 0.05358664
v -0.00306206 0.08930498 0.05299204
v 0.00043542 0.08916185 0.05302804
v 0.00123989 0.08921273 0.05358664
v 0.00043542 0.08916185 0.05302804
v 0.00401428 0.08938491 0.05301263
v 0.00123989 0.08921273 0.05358664
v 0.00401428 0.08938491 0.05301263
v 0.00617183 0.08970888 0.05358664
v 0.00401428 0.08938491 0.05301263
v 0.00748950 0.08994126 0.05299277
v 0.00617183 0.08970888 0.05358664
v 0.00617183 0.08970888 0.05358664
v 0.00748950 0.08994126 0.05299277
v 0.01099369 0.09085799 0.05358664
v 0.01076216 0.09073315 0.05305721
v 0.01099369 0.09085799 0.05358664
v 0.01076216 0.09073315 0.05305721
v 0.01561931 0.09263951 0.05358664
v 0.01561931 0.09263951 0.05358664
v 0.01076216 0.09073315 0.05305721
v 0.01416955 0.09194538 0.05305907
v 0.01561931 0.09263951 0.05358664
v 0.01416955 0.09194538 0.05305907
v 0.01740889 0.09350503 0.05300938
v 0.01561931 0.09263951 0.05358664
v 0.01740889 0.09350503 0.05300938
v 0.01996624 0.09502170 0.05358664
v 0.02330962 0.09739695 0.05301151
v 0.02395684 0.09796201 0.05358664
v 0.02044968 0.09531671 0.05299496
v 0.02044968 0.09531671 0.05299496
v 0.02395684 0.09796201 0.05358664
v 0.01996624 0.09502170 0.05358664
v 0.02044968 0.09531671 0.05299496
v 0.01996624 0.09502170 0.05358664
v 0.01740889 0.09350503 0.05300938
v 0.02395684 0.09796201 0.05358664
v 0.02330962 0.09739695 0.05301151
v 0.02597874 0.09975500 0.05302930
v 0.02395684 0.09796201 0.05358664
v 0.02597874 0.09975500 0.05302930
v 0.02751996 0.10140800 0.05358664
v 0.02597874 0.09975500 0.05302930
v 0.02836104 0.10234888 0.05299279
v 0.02751996 0.10140800 0.05358664
v 0.02751996 0.10140800 0.05358664
v 0.02836104 0.10234888 0.05299279
v 0.03059197 0.10529814 0.05358664
v 0.02836104 0.10234888 0.05299279
v 0.03047923 0.10508285 0.05302515
v 0.03059197 0.10529814 0.05358664
v 0.03059197 0.10529814 0.05358664
v 0.03047923 0.10508285 0.05302515
v 0.03311806 0.10956299 0.05358664
v 0.03311806 0.10956299 0.05358664
v 0.03047923 0.10508285 0.05302515
v 0.03238577 0.10813961 0.05301069
v 0.03311806 0.10956299 0.05358664
v 0.03238577 0.10813961 0.05301069
v 0.03396700 0.11129997 0.05301259
v 0.03311806 0.10956299 0.05358664
v 0.03396700 0.11129997 0.05301259
v 0.03505318 0.11412653 0.05358664
v 0.03618850 0.11799028 0.05301159
v 0.03636274 0.11890727 0.05358664
v 0.03522197 0.11460022 0.05297500
v 0.03522197 0.11460022 0.05297500
v 0.03636274 0.11890727 0.05358664
v 0.03505318 0.11412653 0.05358664
v 0.03522197 0.11460022 0.05297500
v 0.03505318 0.11412653 0.05358664
v 0.03396700 0.11129997 0.05301259
v 0.03636274 0.11890727 0.05358664
v 0.03618850 0.11799028 0.05301159
v 0.03682833 0.12149074 0.05302925
v 0.03636274 0.11890727 0.05358664
v 0.03682833 0.12149074 0.05302925
v 0.03702342 0.12381991 0.05358664
v 0.03682833 0.12149074 0.05302925
v 0.03710511 0.12500969 0.05300917
v 0.03702342 0.12381991 0.05358664
v 0.03702342 0.12381991 0.05358664
v 0.03710511 0.12500969 0.05300917
v 0.03702342 0.12877674 0.05358664
v 0.03709986 0.12837745 0.05305733
v 0.03702342 0.12877674 0.05358664
v 0.03709986 0.12837745 0.05305733
v 0.03636273 0.13368938 0.05358664
v 0.03636273 0.13368938 0.05358664
v 0.03709986 0.12837745 0.05305733
v 0.03667258 0.13207180 0.05299723
v 0.03667258 0.13207180 0.05299723
v 0.03595811 0.13551595 0.05299314
v 0.03636273 0.13368938 0.05358664
v 0.03636273 0.13368938 0.05358664
v 0.03595811 0.13551595 0.05299314
v 0.03505317 0.13847011 0.05358664
v 0.03595811 0.13551595 0.05299314
v 0.03492748 0.13888601 0.05300809
v 0.03505317 0.13847011 0.05358664
v 0.03505317 0.13847011 0.05358664
v 0.03492748 0.13888601 0.05300809
v 0.03311805 0.14303366 0.05358664
v 0.03311805 0.14303366 0.05358664
v 0.03492748 0.13888601 0.05300809
v 0.03358121 0.14213896 0.05301145
v 0.03311805 0.14303366 0.05358664
v 0.03358121 0.14213896 0.05301145
v 0.03190530 0.14527582 0.05299567
v 0.03311805 0.14303366 0.05358664
v 0.03190530 0.14527582 0.05299567
v 0.03059195 0.14729861 0.05358664
v 0.03190530 0.14527582 0.05299567
v 0.02996139 0.14821249 0.05299253
v 0.03059195 0.14729861 0.05358664
v 0.03059195 0.14729861 0.05358664
v 0.02996139 0.14821249 0.05299253
v 0.02751994 0.15118875 0.05358664
v 0.02996139 0.14821249 0.05299253
v 0.02775097 0.15095145 0.05299179
v 0.02751994 0.15118875 0.05358664
v 0.02751994 0.15118875 0.05358664
v 0.02775097 0.15095145 0.05299179
v 0.02395682 0.15463470 0.05358664
v 0.02395682 0.15463470 0.05358664
v 0.02775097 0.15095145 0.05299179
v 0.02526759 0.15352301 0.05303099
v 0.02526759 0.15352301 0.05303099
v 0.02256084 0.15579628 0.05302601
v 0.02395682 0.15463470 0.05358664
v 0.02395682 0.15463470 0.05358664
v 0.02256084 0.15579628 0.05302601
v 0.01996622 0.15757496 0.05358664
v 0.01657199 0.15950303 0.05296117
v 0.01561929 0.15995713 0.05358664
v 0.01967218 0.15776935 0.05297480
v 0.01967218 0.15776935 0.05297480
v 0.01561929 0.15995713 0.05358664
v 0.01996622 0.15757496 0.05358664
v 0.01967218 0.15776935 0.05297480
v 0.01996622 0.15757496 0.05358664
v 0.02256084 0.15579628 0.05302601
v 0.01561929 0.15995713 0.05358664
v 0.01657199 0.15950303 0.05296117
v 0.01334940 0.16093772 0.05299559
v 0.01561929 0.15995713 0.05358664
v 0.01334940 0.16093772 0.05299559
v 0.01099366 0.16173870 0.05358664
v 0.01334940 0.16093772 0.05299559
v 0.00999615 0.16206350 0.05302547
v 0.01099366 0.16173870 0.05358664
v 0.01099366 0.16173870 0.05358664
v 0.00999615 0.16206350 0.05302547
v 0.00617181 0.16288778 0.05358664
v 0.00999615 0.16206350 0.05302547
v 0.00671856 0.16284410 0.05305735
v 0.00617181 0.16288778 0.05358664
v 0.00617181 0.16288778 0.05358664
v 0.00671856 0.16284410 0.05305735
v 0.00123986 0.16338397 0.05358664
v 0.00123986 0.16338397 0.05358664
v 0.00671856 0.16284410 0.05305735
v 0.00304852 0.16329409 0.05299335
v 0.00123986 0.16338397 0.05358664
v 0.00304852 0.16329409 0.05299335
v -0.00046212 0.16342648 0.05301259
v 0.00123986 0.16338397 0.05358664
v -0.00046212 0.16342648 0.05301259
v -0.00371424 0.16321828 0.05358664
v -0.00046212 0.16342648 0.05301259
v -0.00402262 0.16323558 0.05305652
v -0.00371424 0.16321828 0.05358664
v -0.00371424 0.16321828 0.05358664
v -0.00402262 0.16323558 0.05305652
v -0.00860206 0.16239379 0.05358664
v -0.00860206 0.16239379 0.05358664
v -0.00402262 0.16323558 0.05305652
v -0.00747922 0.16266698 0.05301135
v -0.00860206 0.16239379 0.05358664
v -0.00747922 0.16266698 0.05301135
v -0.01091916 0.16179790 0.05302934
v -0.00860206 0.16239379 0.05358664
v -0.01091916 0.16179790 0.05302934
v -0.01333636 0.16092521 0.05358664
v -0.01091916 0.16179790 0.05302934
v -0.01423925 0.16058650 0.05300885
v -0.01333636 0.16092521 0.05358664
v -0.01333636 0.16092521 0.05358664
v -0.01423925 0.16058650 0.05300885
v -0.01783267 0.15883874 0.05358664
v -0.01423925 0.16058650 0.05300885
v -0.01742290 0.15907573 0.05299203
v -0.01783267 0.15883874 0.05358664
v -0.01783267 0.15883874 0.05358664
v -0.01742290 0.15907573 0.05299203
v -0.02201077 0.15617146 0.05358664
v -0.02201077 0.15617146 0.05358664
v -0.01742290 0.15907573 0.05299203
v -0.02048724 0.15725715 0.05299647
v -0.02048724 0.15725715 0.05299647
v -0.02331966 0.15517977 0.05299293
v -0.02201077 0.15617146 0.05358664
v -0.02201077 0.15617146 0.05358664
v -0.02331966 0.15517977 0.05299293
v -0.02579609 0.15297121 0.05358664
v -0.02331966 0.15517977 0.05299293
v -0.02595144 0.15283811 0.05299115
v -0.02579609 0.15297121 0.05358664
v -0.02579609 0.15297121 0.05358664
v -0.02595144 0.15283811 0.05299115
v -0.02912107 0.14929496 0.05358664
v -0.02912107 0.14929496 0.05358664
v -0.02595144 0.15283811 0.05299115
v -0.02836401 0.15024674 0.05299454
v -0.02912107 0.14929496 0.05358664
v -0.02836401 0.15024674 0.05299454
v -0.03051987 0.14744678 0.05301264
v -0.02912107 0.14929496 0.05358664
v -0.03051987 0.14744678 0.05301264
v -0.03192639 0.14520831 0.05358664
v -0.03051987 0.14744678 0.05301264
v -0.03238793 0.14444921 0.05300883
v -0.03192639 0.14520831 0.05358664
v -0.03192639 0.14520831 0.05358664
v -0.03238793 0.14444921 0.05300883
v -0.03416199 0.14078426 0.05358664
v -0.03238793 0.14444921 0.05300883
v -0.03395616 0.14131325 0.05300878
v -0.03416199 0.14078426 0.05358664
v -0.03416199 0.14078426 0.05358664
v -0.03395616 0.14131325 0.05300878
v -0.03578798 0.13610162 0.05358664
v -0.03578798 0.13610162 0.05358664
v -0.03395616 0.14131325 0.05300878
v -0.03523298 0.13797020 0.05297829
v -0.03523298 0.13797020 0.05297829
v -0.03619235 0.13458035 0.05300941
v -0.03578798 0.13610162 0.05358664
v -0.03578798 0.13610162 0.05358664
v -0.03619235 0.13458035 0.05300941
v -0.03677531 0.13124409 0.05358664
v -0.03619235 0.13458035 0.05300941
v -0.03681226 0.13111529 0.05300753
v -0.03677531 0.13124409 0.05358664
v -0.03677531 0.13124409 0.05358664
v -0.03681226 0.13111529 0.05300753
v -0.03710637 0.12629835 0.05358664
v -0.03710637 0.12629835 0.05358664
v -0.03681226 0.13111529 0.05300753
v -0.03710507 0.12745743 0.05299071
vn -0.00000467 -0.00000224 -1.00000000
vn 0.00000018 -0.00000065 -1.00000000
vn -0.00000616 -0.00000727 -1.00000000
vn 0.00000000 -0.00000004 -1.00000000
vn 0.00000000 -0.00000004 -1.00000000
vn 0.00000098 -0.00000055 -1.00000000
vn 0.00000089 -0.00000066 -1.00000000
vn 0.00000302 0.00001261 -1.00000000
vn 0.00000000 -0.00000004 -1.00000000
vn 0.00000113 0.00000082 -1.00000000
vn 0.00000000 -0.00000004 -1.00000000
vn 0.00000000 -0.00000004 -1.00000000
vn 0.00000135 0.00000020 -1.00000000
vn 0.00000129 0.00000002 -1.00000000
vn 0.00000122 -0.00000014 -1.00000000
vn 0.00000000 -0.00000004 -1.00000000
vn 0.00000000 -0.00000004 -1.00000000
vn 0.00000000 -0.00000004 -1.00000000
vn 0.00000141 0.00000041 -1.00000000
vn 0.00000114 -0.00000029 -1.00000000
vn 0.00000106 -0.00000042 -1.00000000
vn 0.00000000 -0.00000004 -1.00000000
vn 0.00000000 -0.00000004 -1.00000000
vn 0.00000000 -0.00000004 -1.00000000
vn 0.00000000 -0.00000004 -1.00000000
vn 0.00000000 -0.00000004 -1.00000000
vn 0.00000000 -0.00000004 -1.00000000
vn 0.00000000 -0.00000004 -1.00000000
vn 0.00000000 -0.00000004 -1.00000000
vn 0.00000000 -0.00000004 -1.00000000
vn 0.00000000 -0.00000004 -1.00000000
vn 0.00000000 -0.00000004 -1.00000000
vn 0.00000000 -0.00000004 -1.00000000
vn 0.00000000 -0.00000004 -1.00000000
vn 0.00000000 -0.00000004 -1.00000000
vn 0.00000000 -0.00000004 -1.00000000
vn 0.00000000 -0.00000004 -1.00000000
vn 0.00000000 -0.00000004 -1.00000000
vn 0.00000000 -0.00000004 -1.00000000
vn 0.00000000 -0.00000004 -1.00000000
vn 0.00000000 -0.00000004 -1.00000000
vn 0.00000000 -0.00000004 -1.00000000
vn 0.00000000 -0.00000004 -1.00000000
vn 0.00000000 -0.00000004 -1.00000000
vn 0.00000000 -0.00000004 -1.00000000
vn 0.00000000 -0.00000004 -1.00000000
vn 0.00000000 -0.00000004 -1.00000000
vn 0.67748546 -0.61274645 -0.40688480
vn 0.67748546 -0.61274645 -0.40688480
vn 0.67748546 -0.61274645 -0.40688480
vn 0.55169131 -0.65254655 -0.51944172
vn 0.55169131 -0.65254655 -0.51944172
vn 0.55169131 -0.65254655 -0.51944172
vn 0.56143114 -0.66012327 -0.49903140
vn 0.56143114 -0.66012327 -0.49903140
vn 0.56143114 -0.66012327 -0.49903140
vn 0.46626993 -0.73039793 -0.49911043
vn 0.46626984 -0.73039784 -0.49911064
vn 0.46627099 -0.73039895 -0.49910794
vn 0.46627109 -0.73039905 -0.49910771
vn 0.36475639 -0.78603070 -0.49910771
vn 0.36475651 -0.78603084 -0.49910741
vn 0.36475510 -0.78602906 -0.49911125
vn 0.36475498 -0.78602891 -0.49911157
vn 0.25673614 -0.82763341 -0.49910869
vn 0.25673641 -0.82763388 -0.49910778
vn 0.25673296 -0.82762805 -0.49911922
vn 0.25673267 -0.82762756 -0.49912018
vn 0.14412807 -0.85446451 -0.49911671
vn 0.14412780 -0.85446386 -0.49911792
vn 0.14413127 -0.85447203 -0.49910292
vn 0.14413156 -0.85447272 -0.49910166
vn 0.02895612 -0.86605941 -0.49910184
vn 0.02895622 -0.86605979 -0.49910118
vn 0.02895493 -0.86605509 -0.49910941
vn 0.02895482 -0.86605469 -0.49911010
vn -0.09928906 -0.86106593 -0.49870546
vn -0.09928906 -0.86106593 -0.49870546
vn -0.09928906 -0.86106593 -0.49870546
vn -0.09021306 -0.89677337 -0.43319641
vn -0.09021306 -0.89677337 -0.43319641
vn -0.09021306 -0.89677337 -0.43319641
vn -0.19993386 -0.88787867 -0.41436447
vn -0.19993386 -0.88787867 -0.41436447
vn -0.19993386 -0.88787867 -0.41436447
vn -0.20088259 -0.84293334 -0.49910878
vn -0.20088259 -0.84293334 -0.49910878
vn -0.20088259 -0.84293334 -0.49910878
vn -0.31144278 -0.80863813 -0.49910698
vn -0.31144272 -0.80863768 -0.49910774
vn -0.31144347 -0.80864328 -0.49909820
vn -0.31144353 -0.80864375 -0.49909740
vn -0.41644472 -0.75991829 -0.49909717
vn -0.41644494 -0.75991912 -0.49909572
vn -0.41644212 -0.75990880 -0.49911379
vn -0.41644189 -0.75990794 -0.49911530
vn -0.51401052 -0.69762174 -0.49911632
vn -0.51401033 -0.69762129 -0.49911713
vn -0.51401268 -0.69762686 -0.49910693
vn -0.51401288 -0.69762732 -0.49910608
vn -0.60241107 -0.62289100 -0.49910691
vn -0.60241200 -0.62289259 -0.49910380
vn -0.60240031 -0.62287283 -0.49914257
vn -0.60239933 -0.62287117 -0.49914581
vn -0.68005063 -0.53702446 -0.49913512
vn -0.68004799 -0.53702112 -0.49914231
vn -0.68008089 -0.53706283 -0.49905259
vn -0.68008365 -0.53706632 -0.49904509
vn -0.74559390 -0.44161955 -0.49906102
vn -0.74559586 -0.44162144 -0.49905642
vn -0.74557142 -0.44159778 -0.49911388
vn -0.74556937 -0.44159580 -0.49911869
vn -0.79777868 -0.33828451 -0.49911199
vn -0.79777710 -0.33828334 -0.49911529
vn -0.79779675 -0.33829784 -0.49907406
vn -0.79779839 -0.33829905 -0.49907061
vn -0.83576231 -0.22893993 -0.49908704
vn -0.83576264 -0.22894011 -0.49908639
vn -0.83575846 -0.22893782 -0.49909445
vn -0.83575811 -0.22893762 -0.49909513
vn -0.85881673 -0.11550366 -0.49909190
vn -0.85881849 -0.11550434 -0.49908872
vn -0.85879657 -0.11549589 -0.49912838
vn -0.85879474 -0.11549518 -0.49913170
vn -0.86652857 -0.00000030 -0.49912748
vn -0.86652857 -0.00000030 -0.49912748
vn -0.86652857 -0.00000030 -0.49912748
vn -0.86652857 -0.00000030 -0.49912748
vn -0.85879667 0.11550019 -0.49912722
vn -0.85879413 0.11550045 -0.49913154
vn -0.85882591 0.11549724 -0.49907760
vn -0.85882856 0.11549697 -0.49907309
vn -0.83577356 0.22893871 -0.49906876
vn -0.83577596 0.22893879 -0.49906470
vn -0.83574598 0.22893781 -0.49911536
vn -0.83574347 0.22893772 -0.49911959
vn -0.79777266 0.33828803 -0.49911922
vn -0.79777249 0.33828801 -0.49911951
vn -0.79777465 0.33828837 -0.49911581
vn -0.79777483 0.33828840 -0.49911550
vn -0.74556962 0.44159438 -0.49911957
vn -0.74557008 0.44159453 -0.49911875
vn -0.74556428 0.44159273 -0.49912900
vn -0.74556380 0.44159258 -0.49912986
vn -0.67913909 0.53821763 -0.49909106
vn -0.67913909 0.53821763 -0.49909106
vn -0.67913909 0.53821763 -0.49909106
vn -0.67594665 0.53664060 -0.50508711
vn -0.67594665 0.53664060 -0.50508711
vn -0.67594665 0.53664060 -0.50508711
vn -0.59433518 0.62180541 -0.51002326
vn -0.59433518 0.62180541 -0.51002326
vn -0.59433518 0.62180541 -0.51002326
vn 0.65143182 -0.57109424 -0.49948770
vn 0.65143182 -0.57109424 -0.49948770
vn 0.65143182 -0.57109424 -0.49948770
vn 0.71439184 -0.49041088 -0.49914073
vn 0.71438993 -0.49041015 -0.49914418
vn 0.71441282 -0.49041895 -0.49910277
vn 0.71441465 -0.49041965 -0.49909946
vn 0.77340707 -0.39081461 -0.49910464
vn 0.77340891 -0.39081505 -0.49910144
vn 0.77338684 -0.39080980 -0.49913976
vn 0.77338508 -0.39080938 -0.49914282
vn 0.81857966 -0.28424350 -0.49913223
vn 0.81857772 -0.28424330 -0.49913552
vn 0.81860097 -0.28424563 -0.49909605
vn 0.81860283 -0.28424582 -0.49909289
vn 0.84918201 -0.17260419 -0.49909689
vn 0.84918441 -0.17260411 -0.49909284
vn 0.84915564 -0.17260508 -0.49914144
vn 0.84915335 -0.17260516 -0.49914532
vn 0.86458779 -0.05787705 -0.49913745
vn 0.86458680 -0.05787721 -0.49913915
vn 0.86459871 -0.05787520 -0.49911875
vn 0.86459966 -0.05787504 -0.49911712
vn 0.86459887 0.05787849 -0.49911809
vn 0.86459947 0.05787867 -0.49911704
vn 0.86459229 0.05787644 -0.49912973
vn 0.86459172 0.05787626 -0.49913074
vn 0.84916919 0.17260509 -0.49911839
vn 0.84916805 0.17260456 -0.49912051
vn 0.84918171 0.17261091 -0.49909509
vn 0.84918280 0.17261141 -0.49909305
vn 0.81859904 0.28425124 -0.49909603
vn 0.81860068 0.28425229 -0.49909274
vn 0.81858097 0.28423970 -0.49913223
vn 0.81857940 0.28423869 -0.49913538
vn 0.77338757 0.39080418 -0.49914303
vn 0.77338757 0.39080418 -0.49914303
vn 0.77338757 0.39080418 -0.49914303
vn 0.81631957 0.42924801 -0.38648222
vn 0.81631957 0.42924801 -0.38648222
vn 0.81631957 0.42924801 -0.38648222
vn 0.74507381 0.51146212 -0.42810223
vn 0.74507381 0.51146212 -0.42810223
vn 0.74507381 0.51146212 -0.42810223
vn 0.72286249 0.47841116 -0.49859059
vn 0.72286249 0.47841116 -0.49859059
vn 0.72286249 0.47841116 -0.49859059
vn 0.64269068 0.58128061 -0.49906066
vn 0.64269298 0.58128397 -0.49905378
vn 0.64266536 0.58124369 -0.49913625
vn 0.64266316 0.58124048 -0.49914284
vn 0.55945056 0.66171918 -0.49914206
vn 0.55944913 0.66171633 -0.49914745
vn 0.55946638 0.66175053 -0.49908277
vn 0.55946776 0.66175326 -0.49907760
vn 0.46627476 0.73041581 -0.49907975
vn 0.46627509 0.73041674 -0.49907808
vn 0.46627120 0.73040552 -0.49909813
vn 0.46627089 0.73040463 -0.49909973
vn 0.36475989 0.78603540 -0.49909776
vn 0.36475977 0.78603480 -0.49909879
vn 0.36476123 0.78604199 -0.49908640
vn 0.36476135 0.78604257 -0.49908541
vn 0.25674011 0.82764834 -0.49908189
vn 0.25674017 0.82764932 -0.49908024
vn 0.25673939 0.82763756 -0.49910014
vn 0.25673933 0.82763663 -0.49910173
vn 0.14413897 0.85447318 -0.49909873
vn 0.14413900 0.85447285 -0.49909929
vn 0.14413873 0.85447682 -0.49909257
vn 0.14413871 0.85447713 -0.49909204
vn 0.02894629 0.86606749 -0.49908838
vn 0.02894665 0.86606576 -0.49909136
vn 0.02894242 0.86608649 -0.49905564
vn 0.02894209 0.86608814 -0.49905279
vn -0.08673934 0.86222084 -0.49905061
vn -0.08673895 0.86221972 -0.49905261
vn -0.08674362 0.86223313 -0.49902863
vn -0.08674399 0.86223420 -0.49902672
vn -0.20089124 0.84297905 -0.49902809
vn -0.20089158 0.84297971 -0.49902683
vn -0.20088754 0.84297175 -0.49904191
vn -0.20088722 0.84297111 -0.49904312
vn -0.31146313 0.80866455 -0.49905146
vn -0.31146543 0.80866790 -0.49904461
vn -0.31143785 0.80862777 -0.49912683
vn -0.31143565 0.80862456 -0.49913340
vn -0.41642989 0.75990953 -0.49912288
vn -0.41642711 0.75990646 -0.49912987
vn -0.41646043 0.75994327 -0.49904602
vn -0.41646310 0.75994621 -0.49903933
vn -0.51404124 0.69764857 -0.49904716
vn -0.51404124 0.69764857 -0.49904716
vn -0.51404124 0.69764857 -0.49904716
vn -0.54529848 0.72309080 -0.42401565
vn -0.54529848 0.72309080 -0.42401565
vn -0.54529848 0.72309080 -0.42401565
vn -0.62694819 0.68291433 -0.37491864
vn -0.62694819 0.68291433 -0.37491864
vn -0.62694819 0.68291433 -0.37491864
vn 0.97802774 -0.12775250 0.16474538
vn 0.97802774 -0.12775250 0.16474538
vn 0.97802774 -0.12775250 0.16474538
vn 0.94278288 -0.06310850 -0.32738013
vn 0.94278288 -0.06310850 -0.32738013
vn 0.94278288 -0.06310850 -0.32738013
vn 0.98786449 -0.01177292 0.15487140
vn 0.98786449 -0.01177292 0.15487140
vn 0.98786449 -0.01177292 0.15487140
vn 0.91891974 -0.18678638 -0.34741526
vn 0.91891974 -0.18678638 -0.34741526
vn 0.91891974 -0.18678638 -0.34741526
vn 0.95242532 -0.25016355 0.17408104
vn 0.95242532 -0.25016355 0.17408104
vn 0.95242532 -0.25016355 0.17408104
vn 0.88595234 -0.30763177 -0.34706071
vn 0.88595234 -0.30763177 -0.34706071
vn 0.88595234 -0.30763177 -0.34706071
vn 0.91192471 -0.37203116 0.17316504
vn 0.91192471 -0.37203116 0.17316504
vn 0.91192471 -0.37203116 0.17316504
vn 0.83772398 -0.42332131 -0.34498928
vn 0.83772398 -0.42332131 -0.34498928
vn 0.83772398 -0.42332131 -0.34498928
vn 0.85611117 -0.48857750 0.16842119
vn 0.85611117 -0.48857750 0.16842119
vn 0.85611117 -0.48857750 0.16842119
vn 0.77496337 -0.53198414 -0.34121056
vn 0.77496337 -0.53198414 -0.34121056
vn 0.77496337 -0.53198414 -0.34121056
vn 0.77282817 -0.59433281 0.22249750
vn 0.77282817 -0.59433281 0.22249750
vn 0.77282817 -0.59433281 0.22249750
vn 0.67146546 -0.60730171 -0.42463957
vn 0.67146546 -0.60730171 -0.42463957
vn 0.67146546 -0.60730171 -0.42463957
vn 0.64810655 -0.70142024 0.29659323
vn 0.64810655 -0.70142024 0.29659323
vn 0.64810655 -0.70142024 0.29659323
vn 0.61848919 -0.73155580 -0.28687495
vn 0.61848919 -0.73155580 -0.28687495
vn 0.61848919 -0.73155580 -0.28687495
vn 0.51153374 -0.80130240 -0.31023813
vn 0.51153374 -0.80130240 -0.31023813
vn 0.51153374 -0.80130240 -0.31023813
vn 0.56244863 -0.82256844 0.08386121
vn 0.56244863 -0.82256844 0.08386121
vn 0.56244863 -0.82256844 0.08386121
vn 0.39823669 -0.85817884 -0.32393921
vn 0.39823669 -0.85817884 -0.32393921
vn 0.39823669 -0.85817884 -0.32393921
vn 0.45176101 -0.88529666 0.11028061
vn 0.45176101 -0.88529666 0.11028061
vn 0.45176101 -0.88529666 0.11028061
vn 0.28036890 -0.90381726 -0.32327641
vn 0.28036890 -0.90381726 -0.32327641
vn 0.28036890 -0.90381726 -0.32327641
vn 0.33665492 -0.93295305 0.12752283
vn 0.33665492 -0.93295305 0.12752283
vn 0.33665492 -0.93295305 0.12752283
vn 0.15556693 -0.92228091 -0.35383166
vn 0.15556693 -0.92228091 -0.35383166
vn 0.15556693 -0.92228091 -0.35383166
vn 0.22460154 -0.96178535 0.15659848
vn 0.22460154 -0.96178535 0.15659848
vn 0.22460154 -0.96178535 0.15659848
vn 0.10880921 -0.98661483 0.12145671
vn 0.10880921 -0.98661483 0.12145671
vn 0.10880921 -0.98661483 0.12145671
vn 0.03248263 -0.97153231 -0.23466967
vn 0.03248263 -0.97153231 -0.23466967
vn 0.03248263 -0.97153231 -0.23466967
vn 0.01730485 -0.99925276 -0.03456102
vn 0.01730485 -0.99925276 -0.03456102
vn 0.01730485 -0.99925276 -0.03456102
vn -0.08898722 -0.99571220 -0.02526822
vn -0.08898722 -0.99571220 -0.02526822
vn -0.08898722 -0.99571220 -0.02526822
vn -0.19069961 -0.86088836 -0.47170424
vn -0.19069961 -0.86088836 -0.47170424
vn -0.19069961 -0.86088836 -0.47170424
vn -0.27706062 -0.94434951 0.17731727
vn -0.27706062 -0.94434951 0.17731727
vn -0.27706062 -0.94434951 0.17731727
vn -0.33184104 -0.86160038 -0.38409154
vn -0.33184104 -0.86160038 -0.38409154
vn -0.33184104 -0.86160038 -0.38409154
vn -0.40686316 -0.89742499 0.17056010
vn -0.40686316 -0.89742499 0.17056010
vn -0.40686316 -0.89742499 0.17056010
vn -0.45460592 -0.82955438 -0.32430387
vn -0.45460592 -0.82955438 -0.32430387
vn -0.45460592 -0.82955438 -0.32430387
vn -0.51531437 -0.84529474 0.14116625
vn -0.51531437 -0.84529474 0.14116625
vn -0.51531437 -0.84529474 0.14116625
vn -0.55968702 -0.75961427 -0.33126515
vn -0.55968702 -0.75961427 -0.33126515
vn -0.55968702 -0.75961427 -0.33126515
vn -0.62025031 -0.77346248 0.13055779
vn -0.62025031 -0.77346248 0.13055779
vn -0.62025031 -0.77346248 0.13055779
vn -0.65846575 -0.68085202 -0.32072321
vn -0.65846575 -0.68085202 -0.32072321
vn -0.65846575 -0.68085202 -0.32072321
vn -0.71642915 -0.68944669 0.10673581
vn -0.71642915 -0.68944669 0.10673581
vn -0.71642915 -0.68944669 0.10673581
vn -0.74787140 -0.59057999 -0.30315613
vn -0.74787140 -0.59057999 -0.30315613
vn -0.74787140 -0.59057999 -0.30315613
vn -0.79914825 -0.60108777 -0.00745425
vn -0.79914825 -0.60108777 -0.00745425
vn -0.79914825 -0.60108777 -0.00745425
vn -0.82099146 -0.48627875 -0.29917554
vn -0.82099146 -0.48627875 -0.29917554
vn -0.82099146 -0.48627875 -0.29917554
vn -0.84867062 -0.52880905 -0.01091617
vn -0.84867062 -0.52880905 -0.01091617
vn -0.84867062 -0.52880905 -0.01091617
vn -0.87333681 -0.37032310 -0.31645477
vn -0.87333681 -0.37032310 -0.31645477
vn -0.87333681 -0.37032310 -0.31645477
vn -0.90263465 -0.41949520 0.09630407
vn -0.90263465 -0.41949520 0.09630407
vn -0.90263465 -0.41949520 0.09630407
vn -0.91089358 -0.24952069 -0.32865227
vn -0.91089358 -0.24952069 -0.32865227
vn -0.91089358 -0.24952069 -0.32865227
vn -0.94618921 -0.30003929 0.12125344
vn -0.94618921 -0.30003929 0.12125344
vn -0.94618921 -0.30003929 0.12125344
vn -0.93228922 -0.12538557 -0.33928642
vn -0.93228922 -0.12538557 -0.33928642
vn -0.93228922 -0.12538557 -0.33928642
vn -0.97358012 -0.17643268 0.14495952
vn -0.97358012 -0.17643268 0.14495952
vn -0.97358012 -0.17643268 0.14495952
vn -0.93914785 -0.00000032 -0.34351319
vn -0.93914785 -0.00000032 -0.34351319
vn -0.93914785 -0.00000032 -0.34351319
vn -0.98583595 -0.04969479 0.16018083
vn -0.98583595 -0.04969479 0.16018083
vn -0.98583595 -0.04969479 0.16018083
vn -0.98217463 0.07720629 0.17138315
vn -0.98217463 0.07720629 0.17138315
vn -0.98217463 0.07720629 0.17138315
vn -0.92915661 0.12496361 -0.34792540
vn -0.92915661 0.12496361 -0.34792540
vn -0.92915661 0.12496361 -0.34792540
vn -0.96577122 0.20142978 0.16343804
vn -0.96577122 0.20142978 0.16343804
vn -0.96577122 0.20142978 0.16343804
vn -0.91147856 0.24967553 -0.32690818
vn -0.91147856 0.24967553 -0.32690818
vn -0.91147856 0.24967553 -0.32690818
vn -0.93538566 0.31451741 0.16165538
vn -0.93538566 0.31451741 0.16165538
vn -0.93538566 0.31451741 0.16165538
vn -0.86421184 0.36646101 -0.34473790
vn -0.86421184 0.36646101 -0.34473790
vn -0.86421184 0.36646101 -0.34473790
vn -0.88680092 0.43107189 0.16661680
vn -0.88680092 0.43107189 0.16661680
vn -0.88680092 0.43107189 0.16661680
vn -0.80791815 0.47852274 -0.34392476
vn -0.80791815 0.47852274 -0.34392476
vn -0.80791815 0.47852274 -0.34392476
vn -0.82300844 0.54368665 0.16450512
vn -0.82300844 0.54368665 0.16450512
vn -0.82300844 0.54368665 0.16450512
vn -0.65035647 0.70076793 -0.29319067
vn -0.65035647 0.70076793 -0.29319067
vn -0.65035647 0.70076793 -0.29319067
vn -0.73358370 0.58219166 -0.35058213
vn -0.73358370 0.58219166 -0.35058213
vn -0.73358370 0.58219166 -0.35058213
vn -0.75048072 0.64972126 0.12099988
vn -0.75048072 0.64972126 0.12099988
vn -0.75048072 0.64972126 0.12099988
vn -0.58126259 0.81195694 -0.05347635
vn -0.58126259 0.81195694 -0.05347635
vn -0.58126259 0.81195694 -0.05347635
vn -0.45574712 0.83163023 -0.31731012
vn -0.45574712 0.83163023 -0.31731012
vn -0.45574712 0.83163023 -0.31731012
vn -0.50549999 0.86243228 0.02608313
vn -0.50549999 0.86243228 0.02608313
vn -0.50549999 0.86243228 0.02608313
vn -0.34037816 0.88377212 -0.32107561
vn -0.34037816 0.88377212 -0.32107561
vn -0.34037816 0.88377212 -0.32107561
vn -0.39602324 0.91043077 0.11950482
vn -0.39602324 0.91043077 0.11950482
vn -0.39602324 0.91043077 0.11950482
vn -0.21441358 0.89973095 -0.38014608
vn -0.21441358 0.89973095 -0.38014608
vn -0.21441358 0.89973095 -0.38014608
vn -0.28363188 0.94525584 0.16138263
vn -0.28363188 0.94525584 0.16138263
vn -0.28363188 0.94525584 0.16138263
vn -0.15338912 0.97439927 0.16437105
vn -0.15338912 0.97439927 0.16437105
vn -0.15338912 0.97439927 0.16437105
vn -0.09461536 0.94047551 -0.32642571
vn -0.09461536 0.94047551 -0.32642571
vn -0.09461536 0.94047551 -0.32642571
vn -0.03680354 0.98620047 0.16141294
vn -0.03680354 0.98620047 0.16141294
vn -0.03680354 0.98620047 0.16141294
vn 0.03131139 0.93698942 -0.34795177
vn 0.03131139 0.93698942 -0.34795177
vn 0.03131139 0.93698942 -0.34795177
vn 0.08783678 0.98115837 0.17208412
vn 0.08783678 0.98115837 0.17208412
vn 0.08783678 0.98115837 0.17208412
vn 0.15613846 0.92561360 -0.34476115
vn 0.15613846 0.92561360 -0.34476115
vn 0.15613846 0.92561360 -0.34476115
vn 0.21389034 0.96271481 0.16562344
vn 0.21389034 0.96271481 0.16562344
vn 0.21389034 0.96271481 0.16562344
vn 0.27831405 0.89718589 -0.34292676
vn 0.27831405 0.89718589 -0.34292676
vn 0.27831405 0.89718589 -0.34292676
vn 0.33775314 0.92734535 0.16110067
vn 0.33775314 0.92734535 0.16110067
vn 0.33775314 0.92734535 0.16110067
vn 0.39617346 0.85373412 -0.33791217
vn 0.39617346 0.85373412 -0.33791217
vn 0.39617346 0.85373412 -0.33791217
vn 0.45634215 0.87712074 0.14970320
vn 0.45634215 0.87712074 0.14970320
vn 0.45634215 0.87712074 0.14970320
vn 0.50704958 0.79428370 -0.33468511
vn 0.50704958 0.79428370 -0.33468511
vn 0.50704958 0.79428370 -0.33468511
vn 0.56769831 0.81090285 0.14196901
vn 0.56769831 0.81090285 0.14196901
vn 0.56769831 0.81090285 0.14196901
vn 0.61026171 0.72183369 -0.32639971
vn 0.61026171 0.72183369 -0.32639971
vn 0.61026171 0.72183369 -0.32639971
vn 0.66967736 0.73282181 0.12043430
vn 0.66967736 0.73282181 0.12043430
vn 0.66967736 0.73282181 0.12043430
vn 0.70409729 0.63680304 -0.31421154
vn 0.70409729 0.63680304 -0.31421154
vn 0.70409729 0.63680304 -0.31421154
vn 0.76031482 0.64344474 0.08888326
vn 0.76031482 0.64344474 0.08888326
vn 0.76031482 0.64344474 0.08888326
vn 0.78749505 0.53754123 -0.30149788
vn 0.78749505 0.53754123 -0.30149788
vn 0.78749505 0.53754123 -0.30149788
vn 0.82539140 0.43252504 -0.36283761
vn 0.82539140 0.43252504 -0.36283761
vn 0.82539140 0.43252504 -0.36283761
vn 0.89361559 0.31029383 -0.32429757
vn 0.89361559 0.31029383 -0.32429757
vn 0.89361559 0.31029383 -0.32429757
vn 0.92603126 0.36065972 0.11131341
vn 0.92603126 0.36065972 0.11131341
vn 0.92603126 0.36065972 0.11131341
vn 0.92373631 0.18776574 -0.33384915
vn 0.92373631 0.18776574 -0.33384915
vn 0.92373631 0.18776574 -0.33384915
vn 0.96181506 0.23852790 0.13422455
vn 0.96181506 0.23852790 0.13422455
vn 0.96181506 0.23852790 0.13422455
vn 0.98189568 0.11319594 0.15188008
vn 0.98189568 0.11319594 0.15188008
vn 0.98189568 0.11319594 0.15188008
vn 0.93782990 0.06277888 -0.34137060
vn 0.93782990 0.06277888 -0.34137060
vn 0.93782990 0.06277888 -0.34137060
vn -0.01085860 0.00186024 0.99993931
vn -0.01105111 0.00244779 0.99993594
vn -0.00977302 0.00296320 0.99994785
vn -0.01010356 0.00374713 0.99994194
vn -0.00796437 0.00352931 0.99996206
vn -0.00819161 0.00346415 0.99996045
vn -0.01082127 0.00103370 0.99994091
vn -0.01181166 0.00148121 0.99992914
vn -0.00449934 0.00406859 0.99998160
vn -0.00456909 0.00412636 0.99998105
vn -0.00165855 0.00127456 0.99999781
vn -0.00030023 0.00034518 0.99999990
vn -0.00890653 0.00501947 0.99994774
vn -0.00890653 0.00501947 0.99994774
vn -0.00782741 0.00556524 0.99995388
vn -0.00698650 0.00413819 0.99996703
vn -0.00698650 0.00413819 0.99996703
vn -0.00484771 0.00382825 0.99998092
vn -0.00764040 0.00565982 0.99995479
vn -0.00764040 0.00565982 0.99995479
vn 0.00546789 0.00968404 0.99993816
vn 0.00546789 0.00968404 0.99993816
vn 0.00546789 0.00968404 0.99993816
vn 0.00312644 0.00489752 0.99998312
vn 0.00312644 0.00489752 0.99998312
vn 0.00302750 0.00454790 0.99998508
vn 0.00545635 0.00116176 0.99998444
vn 0.00592490 0.00162436 0.99998113
vn 0.00814061 0.00118187 0.99996617
vn 0.00761959 0.00062733 0.99997077
vn 0.00980279 0.00016520 0.99995194
vn 0.00926406 -0.00040887 0.99995700
vn -0.00432139 -0.00122378 0.99998991
vn -0.00463349 -0.00155887 0.99998805
vn -0.00425470 -0.00116545 0.99999027
vn -0.00659930 -0.00096907 0.99997775
vn -0.00718130 -0.00149980 0.99997309
vn -0.00905639 -0.00079944 0.99995867
vn 0.00261446 0.00746910 0.99996869
vn 0.00326254 0.00765998 0.99996534
vn 0.00432198 0.00906480 0.99994957
vn 0.00440137 0.00920742 0.99994792
vn 0.00304354 0.00324415 0.99999011
vn 0.00268105 0.00312475 0.99999152
vn 0.00418836 0.00548375 0.99997619
vn 0.00418836 0.00548375 0.99997619
vn 0.00418836 0.00548375 0.99997619
vn 0.00339836 0.00133378 0.99999334
vn 0.00326327 0.00115196 0.99999401
vn 0.00115223 0.00056380 0.99999918
vn 0.00092174 0.00040987 0.99999949
vn 0.00604884 0.00172750 0.99998021
vn 0.00323075 0.00112189 0.99999415
vn 0.01105952 -0.00131808 0.99993797
vn 0.01075149 -0.00184438 0.99994050
vn -0.00220442 -0.00092098 0.99999715
vn -0.00210818 -0.00089389 0.99999738
vn -0.00734738 -0.00163171 0.99997168
vn -0.01555786 0.00046234 0.99987886
vn -0.01555786 0.00046234 0.99987886
vn -0.01555786 0.00046234 0.99987886
vn -0.00866353 -0.00041505 0.99996238
vn -0.00118174 0.00210811 0.99999708
vn -0.00122004 0.00224625 0.99999673
vn -0.00214583 0.00473992 0.99998646
vn -0.00176183 0.00445601 0.99998852
vn -0.00301809 0.01024533 0.99994296
vn -0.00255645 0.00995614 0.99994717
vn -0.00322948 0.01038649 0.99994084
vn -0.00169125 0.00439127 0.99998893
vn -0.01274023 -0.20531442 0.97861314
vn -0.01274023 -0.20531442 0.97861314
vn -0.01274023 -0.20531442 0.97861314
vn 0.00169655 0.00874150 0.99996035
vn 0.00143781 0.00852387 0.99996264
vn 0.00243568 0.00930329 0.99995376
vn 0.00143483 0.00132467 0.99999809
vn 0.00112320 0.00111804 0.99999874
vn 0.00010174 0.00007626 0.99999999
vn 0.01451492 -0.00397051 0.99988677
vn 0.01483401 -0.00390558 0.99988234
vn 0.00845349 -0.00544309 0.99994945
vn 0.00845349 -0.00544309 0.99994945
vn 0.00845349 -0.00544309 0.99994945
vn 0.00601512 -0.00415174 0.99997329
vn 0.00745177 -0.00391941 0.99996455
vn 0.00606546 -0.00427706 0.99997246
vn 0.00607982 -0.00431280 0.99997222
vn -0.00012772 0.00011556 0.99999999
vn -0.00012772 0.00011556 0.99999999
vn -0.00012772 0.00011556 0.99999999
vn -0.01682754 0.01734485 0.99970795
vn -0.01943245 0.02281427 0.99955084
vn -0.01961883 0.02320561 0.99953819
vn -0.00417525 0.01022787 0.99993898
vn -0.00417525 0.01022787 0.99993898
vn -0.00417525 0.01022787 0.99993898
vn 0.00122205 -0.00288029 0.99999511
vn 0.00146523 -0.00319150 0.99999383
vn 0.00005853 -0.00014014 0.99999999
vn -0.00000000 0.00000004 1.00000000
vn -0.01657175 0.01680783 0.99972140
vn -0.00219800 0.00956742 0.99995182
vn -0.00220221 0.00957546 0.99995173
vn 0.00912059 -0.00341630 0.99995257
vn 0.00934546 -0.00422985 0.99994738
vn 0.00775859 -0.00391213 0.99996225
vn 0.00317983 -0.00876566 0.99995652
vn 0.00275446 -0.00847321 0.99996031
vn 0.00332963 -0.00887582 0.99995507
vn 0.00149152 -0.00321415 0.99999372
vn -0.00087877 -0.00303156 0.99999502
vn -0.00010213 -0.00035229 0.99999993
vn -0.00000000 0.00000004 1.00000000
vn -0.00211852 0.00958447 0.99995182
vn 0.00215135 -0.00789030 0.99996656
vn 0.00160293 -0.00781021 0.99996822
vn 0.00137528 -0.01421399 0.99989803
vn 0.00119090 -0.01447879 0.99989447
vn -0.00000189 -0.01088576 0.99994075
vn -0.00055332 -0.01109325 0.99993831
vn -0.00121076 -0.00961322 0.99995306
vn -0.00190857 -0.01008002 0.99994737
vn -0.00278314 -0.00686680 0.99997255
vn -0.00363460 -0.00738290 0.99996614
vn -0.00325168 -0.00575300 0.99997816
vn -0.00408843 -0.00622983 0.99997224
vn -0.00360415 -0.00426739 0.99998440
vn -0.00303488 -0.00402929 0.99998728
vn -0.00292902 -0.00397535 0.99998781
vn -0.00428641 -0.00635344 0.99997063
vn -0.00218466 -0.00226203 0.99999506
vn -0.00221493 -0.00218127 0.99999517
vn -0.00051743 -0.00040857 0.99999978
vn -0.00058264 -0.00047608 0.99999972
vn 0.01444182 0.01562206 0.99977367
vn 0.01444182 0.01562206 0.99977367
vn 0.01444182 0.01562206 0.99977367
vn 0.04615862 0.02733951 0.99855993
vn 0.04615862 0.02733951 0.99855993
vn 0.04615862 0.02733951 0.99855993
vn 0.02748349 0.00903157 0.99958146
vn 0.02748349 0.00903157 0.99958146
vn 0.02748349 0.00903157 0.99958146
vn -0.01934442 -0.09183596 0.99558623
vn -0.01934442 -0.09183596 0.99558623
vn -0.01934442 -0.09183596 0.99558623
vn -0.00026758 -0.00800392 0.99996793
vn -0.00026758 -0.00800392 0.99996793
vn -0.00026758 -0.00800392 0.99996793
vn -0.00100329 -0.00346109 0.99999351
vn -0.00213094 -0.00821019 0.99996403
vn -0.00291879 -0.00874144 0.99995753
vn -0.93335273 -0.06248093 -0.35348099
vn -0.93335273 -0.06248093 -0.35348099
vn -0.93335273 -0.06248093 -0.35348099
vn -0.99409462 -0.10826390 -0.00740402
vn -0.99409462 -0.10826390 -0.00740402
vn -0.99409462 -0.10826390 -0.00740402
vn -0.97478441 -0.19813834 -0.10264775
vn -0.97478441 -0.19813834 -0.10264775
vn -0.97478441 -0.19813834 -0.10264775
vn -0.93417245 -0.20686797 -0.29073608
vn -0.93417245 -0.20686797 -0.29073608
vn -0.93417245 -0.20686797 -0.29073608
vn -0.91677153 -0.31833863 -0.24122702
vn -0.91677153 -0.31833863 -0.24122702
vn -0.91677153 -0.31833863 -0.24122702
vn -0.95488236 -0.29232058 0.05242472
vn -0.95488236 -0.29232058 0.05242472
vn -0.95488236 -0.29232058 0.05242472
vn -0.88325522 -0.46102936 -0.08551108
vn -0.88325522 -0.46102936 -0.08551108
vn -0.88325522 -0.46102936 -0.08551108
vn -0.87284984 -0.44106357 -0.20879676
vn -0.87284984 -0.44106357 -0.20879676
vn -0.87284984 -0.44106357 -0.20879676
vn -0.92000022 -0.38181216 0.08842550
vn -0.92000022 -0.38181216 0.08842550
vn -0.92000022 -0.38181216 0.08842550
vn -0.82563478 -0.55083884 -0.12208105
vn -0.82563478 -0.55083884 -0.12208105
vn -0.82563478 -0.55083884 -0.12208105
vn -0.79631729 -0.54664122 -0.25896361
vn -0.79631729 -0.54664122 -0.25896361
vn -0.79631729 -0.54664122 -0.25896361
vn -0.77772207 -0.62645385 0.05199953
vn -0.77772207 -0.62645385 0.05199953
vn -0.77772207 -0.62645385 0.05199953
vn -0.70516931 -0.63779210 -0.30977006
vn -0.70516931 -0.63779210 -0.30977006
vn -0.70516931 -0.63779210 -0.30977006
vn -0.71646237 -0.69759368 -0.00668800
vn -0.71646237 -0.69759368 -0.00668800
vn -0.71646237 -0.69759368 -0.00668800
vn -0.64152498 -0.75880316 -0.11253205
vn -0.64152498 -0.75880316 -0.11253205
vn -0.64152498 -0.75880316 -0.11253205
vn -0.61005114 -0.74394282 -0.27273923
vn -0.61005114 -0.74394282 -0.27273923
vn -0.61005114 -0.74394282 -0.27273923
vn -0.50384446 -0.78925820 -0.35101603
vn -0.50384446 -0.78925820 -0.35101603
vn -0.50384446 -0.78925820 -0.35101603
vn -0.57527828 -0.81663779 0.04645023
vn -0.57527828 -0.81663779 0.04645023
vn -0.57527828 -0.81663779 0.04645023
vn -0.40063245 -0.91574908 -0.02995440
vn -0.40063245 -0.91574908 -0.02995440
vn -0.40063245 -0.91574908 -0.02995440
vn -0.40636825 -0.87570866 -0.26076656
vn -0.40636825 -0.87570866 -0.26076656
vn -0.40636825 -0.87570866 -0.26076656
vn -0.48559415 -0.87319448 0.04158994
vn -0.48559415 -0.87319448 0.04158994
vn -0.48559415 -0.87319448 0.04158994
vn -0.32111498 -0.94677197 -0.02253892
vn -0.32111498 -0.94677197 -0.02253892
vn -0.32111498 -0.94677197 -0.02253892
vn -0.28233508 -0.91015915 -0.30314553
vn -0.28233508 -0.91015915 -0.30314553
vn -0.28233508 -0.91015915 -0.30314553
vn -0.22217575 -0.97417571 0.04024438
vn -0.22217575 -0.97417571 0.04024438
vn -0.22217575 -0.97417571 0.04024438
vn -0.15825364 -0.93818424 -0.30784106
vn -0.15825364 -0.93818424 -0.30784106
vn -0.15825364 -0.93818424 -0.30784106
vn -0.13194042 -0.99116322 -0.01368179
vn -0.13194042 -0.99116322 -0.01368179
vn -0.13194042 -0.99116322 -0.01368179
vn -0.03316328 -0.99197834 -0.12198023
vn -0.03316328 -0.99197834 -0.12198023
vn -0.03316328 -0.99197834 -0.12198023
vn -0.02016104 -0.96689956 -0.25435954
vn -0.02016104 -0.96689956 -0.25435954
vn -0.02016104 -0.96689956 -0.25435954
vn 0.09365054 -0.93093252 -0.35297905
vn 0.09365054 -0.93093252 -0.35297905
vn 0.09365054 -0.93093252 -0.35297905
vn 0.05263896 -0.99734116 0.05039597
vn 0.05263896 -0.99734116 0.05039597
vn 0.05263896 -0.99734116 0.05039597
vn 0.23616732 -0.96262918 -0.13255207
vn 0.23616732 -0.96262918 -0.13255207
vn 0.23616732 -0.96262918 -0.13255207
vn 0.22728680 -0.95372524 -0.19684734
vn 0.22728680 -0.95372524 -0.19684734
vn 0.22728680 -0.95372524 -0.19684734
vn 0.16083360 -0.98507845 0.06126176
vn 0.16083360 -0.98507845 0.06126176
vn 0.16083360 -0.98507845 0.06126176
vn 0.33767687 -0.93764702 -0.08241597
vn 0.33767687 -0.93764702 -0.08241597
vn 0.33767687 -0.93764702 -0.08241597
vn 0.34180634 -0.88748056 -0.30910628
vn 0.34180634 -0.88748056 -0.30910628
vn 0.34180634 -0.88748056 -0.30910628
vn 0.43049627 -0.90053687 0.06087945
vn 0.43049627 -0.90053687 0.06087945
vn 0.43049627 -0.90053687 0.06087945
vn 0.46658058 -0.85139793 -0.23963332
vn 0.46658058 -0.85139793 -0.23963332
vn 0.46658058 -0.85139793 -0.23963332
vn 0.50521788 -0.86289751 -0.01275848
vn 0.50521788 -0.86289751 -0.01275848
vn 0.50521788 -0.86289751 -0.01275848
vn 0.58665661 -0.79622038 -0.14787538
vn 0.58665661 -0.79622038 -0.14787538
vn 0.58665661 -0.79622038 -0.14787538
vn 0.58303215 -0.77843183 -0.23263146
vn 0.58303215 -0.77843183 -0.23263146
vn 0.58303215 -0.77843183 -0.23263146
vn 0.65006137 -0.67214892 -0.35445175
vn 0.65006137 -0.67214892 -0.35445175
vn 0.65006137 -0.67214892 -0.35445175
vn 0.65871614 -0.75096520 0.04630669
vn 0.65871614 -0.75096520 0.04630669
vn 0.65871614 -0.75096520 0.04630669
vn 0.77889972 -0.60959830 -0.14732664
vn 0.77889972 -0.60959830 -0.14732664
vn 0.77889972 -0.60959830 -0.14732664
vn 0.77044619 -0.60841700 -0.19037181
vn 0.77044619 -0.60841700 -0.19037181
vn 0.77044619 -0.60841700 -0.19037181
vn 0.73540465 -0.67497352 0.05992282
vn 0.73540465 -0.67497352 0.05992282
vn 0.73540465 -0.67497352 0.05992282
vn 0.84732316 -0.52635866 -0.07064003
vn 0.84732316 -0.52635866 -0.07064003
vn 0.84732316 -0.52635866 -0.07064003
vn 0.82684336 -0.48974484 -0.27655028
vn 0.82684336 -0.48974484 -0.27655028
vn 0.82684336 -0.48974484 -0.27655028
vn 0.89328200 -0.44329190 0.07442827
vn 0.89328200 -0.44329190 0.07442827
vn 0.89328200 -0.44329190 0.07442827
vn 0.89443644 -0.37927086 -0.23693262
vn 0.89443644 -0.37927086 -0.23693262
vn 0.89443644 -0.37927086 -0.23693262
vn 0.93034662 -0.36602663 -0.02190150
vn 0.93034662 -0.36602663 -0.02190150
vn 0.93034662 -0.36602663 -0.02190150
vn 0.93460603 -0.25601559 -0.24691616
vn 0.93460603 -0.25601559 -0.24691616
vn 0.93460603 -0.25601559 -0.24691616
vn 0.94384616 -0.26245711 -0.20067557
vn 0.94384616 -0.26245711 -0.20067557
vn 0.94384616 -0.26245711 -0.20067557
vn 0.90599031 -0.11468257 -0.40746713
vn 0.90599031 -0.11468257 -0.40746713
vn 0.90599031 -0.11468257 -0.40746713
vn 0.98399041 -0.17813907 0.00541630
vn 0.98399041 -0.17813907 0.00541630
vn 0.98399041 -0.17813907 0.00541630
vn 0.99829118 0.02113197 -0.05448079
vn 0.99829118 0.02113197 -0.05448079
vn 0.99829118 0.02113197 -0.05448079
vn 0.99977664 0.01710226 -0.01241739
vn 0.99977664 0.01710226 -0.01241739
vn 0.99977664 0.01710226 -0.01241739
vn 0.99536607 -0.07932020 0.05435707
vn 0.99536607 -0.07932020 0.05435707
vn 0.99536607 -0.07932020 0.05435707
vn 0.99489529 0.10090579 0.00117595
vn 0.99489529 0.10090579 0.00117595
vn 0.99489529 0.10090579 0.00117595
vn 0.93546145 0.12580465 -0.33028029
vn 0.93546145 0.12580465 -0.33028029
vn 0.93546145 0.12580465 -0.33028029
vn 0.97871374 0.20310477 0.02945973
vn 0.97871374 0.20310477 0.02945973
vn 0.97871374 0.20310477 0.02945973
vn 0.91058886 0.24943761 -0.32955849
vn 0.91058886 0.24943761 -0.32955849
vn 0.91058886 0.24943761 -0.32955849
vn 0.95498669 0.29609055 -0.01818796
vn 0.95498669 0.29609055 -0.01818796
vn 0.95498669 0.29609055 -0.01818796
vn 0.88982656 0.37731552 -0.25659636
vn 0.88982656 0.37731552 -0.25659636
vn 0.88982656 0.37731552 -0.25659636
vn 0.91483764 0.37769924 -0.14288241
vn 0.91483764 0.37769924 -0.14288241
vn 0.91483764 0.37769924 -0.14288241
vn 0.82969048 0.55552888 0.05478475
vn 0.82969048 0.55552888 0.05478475
vn 0.82969048 0.55552888 0.05478475
vn 0.80405956 0.47623945 -0.35592727
vn 0.80405956 0.47623945 -0.35592727
vn 0.80405956 0.47623945 -0.35592727
vn 0.88356248 0.46820645 0.01000324
vn 0.88356248 0.46820645 0.01000324
vn 0.88356248 0.46820645 0.01000324
vn 0.76566685 0.61204823 -0.19786671
vn 0.76566685 0.61204823 -0.19786671
vn 0.76566685 0.61204823 -0.19786671
vn 0.77937367 0.61546779 -0.11737156
vn 0.77937367 0.61546779 -0.11737156
vn 0.77937367 0.61546779 -0.11737156
vn 0.71706755 0.69665717 -0.02197533
vn 0.71706755 0.69665717 -0.02197533
vn 0.71706755 0.69665717 -0.02197533
vn 0.65768390 0.68003733 -0.32403875
vn 0.65768390 0.68003733 -0.32403875
vn 0.65768390 0.68003733 -0.32403875
vn 0.64621534 0.76254748 0.03044782
vn 0.64621534 0.76254748 0.03044782
vn 0.64621534 0.76254748 0.03044782
vn 0.55858009 0.75812923 -0.33649421
vn 0.55858009 0.75812923 -0.33649421
vn 0.55858009 0.75812923 -0.33649421
vn 0.56849824 0.82110543 -0.05094727
vn 0.56849824 0.82110543 -0.05094727
vn 0.56849824 0.82110543 -0.05094727
vn 0.46197395 0.84299861 -0.27556017
vn 0.46197395 0.84299861 -0.27556017
vn 0.46197395 0.84299861 -0.27556017
vn 0.48101330 0.85971581 -0.17179910
vn 0.48101330 0.85971581 -0.17179910
vn 0.48101330 0.85971581 -0.17179910
vn 0.32080867 0.94661452 0.03166606
vn 0.32080867 0.94661452 0.03166606
vn 0.32080867 0.94661452 0.03166606
vn 0.34847846 0.90477894 -0.24482205
vn 0.34847846 0.90477894 -0.24482205
vn 0.34847846 0.90477894 -0.24482205
vn 0.39689078 0.91756315 0.02357042
vn 0.39689078 0.91756315 0.02357042
vn 0.39689078 0.91756315 0.02357042
vn 0.20616151 0.92521024 -0.31856466
vn 0.20616151 0.92521024 -0.31856466
vn 0.20616151 0.92521024 -0.31856466
vn 0.22982694 0.96441239 -0.13072227
vn 0.22982694 0.96441239 -0.13072227
vn 0.22982694 0.96441239 -0.13072227
vn 0.12649124 0.99194429 -0.00681850
vn 0.12649124 0.99194429 -0.00681850
vn 0.12649124 0.99194429 -0.00681850
vn 0.09735746 0.96769816 -0.23255493
vn 0.09735746 0.96769816 -0.23255493
vn 0.09735746 0.96769816 -0.23255493
vn 0.03481588 0.99521718 0.09127218
vn 0.03481588 0.99521718 0.09127218
vn 0.03481588 0.99521718 0.09127218
vn -0.03258263 0.97418678 -0.22337972
vn -0.03258263 0.97418678 -0.22337972
vn -0.03258263 0.97418678 -0.22337972
vn -0.05294980 0.99727415 -0.05138661
vn -0.05294980 0.99727415 -0.05138661
vn -0.05294980 0.99727415 -0.05138661
vn -0.15996226 0.94830980 -0.27408136
vn -0.15996226 0.94830980 -0.27408136
vn -0.15996226 0.94830980 -0.27408136
vn -0.15437097 0.97510637 -0.15917652
vn -0.15437097 0.97510637 -0.15917652
vn -0.15437097 0.97510637 -0.15917652
vn -0.24661090 0.96894952 0.01788541
vn -0.24661090 0.96894952 0.01788541
vn -0.24661090 0.96894952 0.01788541
vn -0.27688006 0.89258571 -0.35584853
vn -0.27688006 0.89258571 -0.35584853
vn -0.27688006 0.89258571 -0.35584853
vn -0.33966129 0.94054211 0.00327806
vn -0.33966129 0.94054211 0.00327806
vn -0.33966129 0.94054211 0.00327806
vn -0.41421122 0.89261823 -0.17793751
vn -0.41421122 0.89261823 -0.17793751
vn -0.41421122 0.89261823 -0.17793751
vn -0.41015188 0.86444280 -0.29071305
vn -0.41015188 0.86444280 -0.29071305
vn -0.41015188 0.86444280 -0.29071305
vn -0.50949873 0.85988616 -0.03173076
vn -0.50949873 0.85988616 -0.03173076
vn -0.50949873 0.85988616 -0.03173076
vn -0.50549856 0.79182775 -0.34275357
vn -0.50549856 0.79182775 -0.34275357
vn -0.50549856 0.79182775 -0.34275357
vn -0.59444239 0.80178928 0.06141819
vn -0.59444239 0.80178928 0.06141819
vn -0.59444239 0.80178928 0.06141819
vn -0.62994022 0.74510668 -0.21906930
vn -0.62994022 0.74510668 -0.21906930
vn -0.62994022 0.74510668 -0.21906930
vn -0.65758444 0.75079278 -0.06239319
vn -0.65758444 0.75079278 -0.06239319
vn -0.65758444 0.75079278 -0.06239319
vn -0.71150289 0.64351831 -0.28221947
vn -0.71150289 0.64351831 -0.28221947
vn -0.71150289 0.64351831 -0.28221947
vn -0.72554257 0.67247583 -0.14616511
vn -0.72554257 0.67247583 -0.14616511
vn -0.72554257 0.67247583 -0.14616511
vn -0.84838062 0.52938367 -0.00180237
vn -0.84838062 0.52938367 -0.00180237
vn -0.84838062 0.52938367 -0.00180237
vn -0.77076632 0.52910069 -0.35492499
vn -0.77076632 0.52910069 -0.35492499
vn -0.77076632 0.52910069 -0.35492499
vn -0.79276552 0.60916188 0.02108631
vn -0.79276552 0.60916188 0.02108631
vn -0.79276552 0.60916188 0.02108631
vn -0.86086870 0.42802441 -0.27513666
vn -0.86086870 0.42802441 -0.27513666
vn -0.86086870 0.42802441 -0.27513666
vn -0.87614175 0.44273621 -0.19068372
vn -0.87614175 0.44273621 -0.19068372
vn -0.87614175 0.44273621 -0.19068372
vn -0.93222813 0.36105048 -0.02435708
vn -0.93222813 0.36105048 -0.02435708
vn -0.93222813 0.36105048 -0.02435708
vn -0.88630322 0.30775065 -0.34605800
vn -0.88630322 0.30775065 -0.34605800
vn -0.88630322 0.30775065 -0.34605800
vn -0.96293089 0.26809407 0.02982719
vn -0.96293089 0.26809407 0.02982719
vn -0.96293089 0.26809407 0.02982719
vn -0.93128012 0.18929544 -0.31126287
vn -0.93128012 0.18929544 -0.31126287
vn -0.93128012 0.18929544 -0.31126287
vn -0.98123763 0.17626315 -0.07812821
vn -0.98123763 0.17626315 -0.07812821
vn -0.98123763 0.17626315 -0.07812821
vn -0.99813387 -0.00609097 0.06075911
vn -0.99813387 -0.00609097 0.06075911
vn -0.99813387 -0.00609097 0.06075911
vn -0.97853972 0.06550651 -0.19536864
vn -0.97853972 0.06550651 -0.19536864
vn -0.97853972 0.06550651 -0.19536864
vn -0.98778798 0.07193837 -0.13820196
vn -0.98778798 0.07193837 -0.13820196
vn -0.98778798 0.07193837 -0.13820196
vn -0.58961633 0.54799396 -0.59334240
vn -0.58961633 0.54799396 -0.59334240
vn -0.58961633 0.54799396 -0.59334240
vn -0.26426188 0.28955277 -0.91995916
vn -0.26426188 0.28955277 -0.91995916
vn -0.26426188 0.28955277 -0.91995916
vn -0.30225302 0.33938993 -0.89076236
vn -0.30225302 0.33938993 -0.89076236
vn -0.30225302 0.33938993 -0.89076236
vn -0.25576998 0.35393610 -0.89961712
vn -0.25576998 0.35393610 -0.89961712
vn -0.25576998 0.35393610 -0.89961712
vn -0.23292865 0.31903381 -0.91867387
vn -0.23292865 0.31903381 -0.91867387
vn -0.23292865 0.31903381 -0.91867387
vn -0.40879512 0.68617152 -0.60171022
vn -0.40879512 0.68617152 -0.60171022
vn -0.40879512 0.68617152 -0.60171022
vn 0.21527110 -0.45147168 -0.86592822
vn 0.21527110 -0.45147168 -0.86592822
vn 0.21527110 -0.45147168 -0.86592822
vn -0.15976231 0.33505724 -0.92855406
vn -0.15976231 0.33505724 -0.92855406
vn -0.15976231 0.33505724 -0.92855406
vn -0.16418263 0.34582017 -0.92382491
vn -0.16418263 0.34582017 -0.92382491
vn -0.16418263 0.34582017 -0.92382491
vn 0.07514686 -0.20889903 -0.97504571
vn 0.07514686 -0.20889903 -0.97504571
vn 0.07514686 -0.20889903 -0.97504571
vn -0.27081788 0.74969269 -0.60383652
vn -0.27081788 0.74969269 -0.60383652
vn -0.27081788 0.74969269 -0.60383652
vn 0.14414921 -0.56324117 -0.81362177
vn 0.14414921 -0.56324117 -0.81362177
vn 0.14414921 -0.56324117 -0.81362177
vn 0.12568108 -0.48308597 -0.86650575
vn 0.12568108 -0.48308597 -0.86650575
vn 0.12568108 -0.48308597 -0.86650575
vn -0.09346641 0.35926095 -0.92854488
vn -0.09346641 0.35926095 -0.92854488
vn -0.09346641 0.35926095 -0.92854488
vn -0.09729971 0.37824996 -0.92057576
vn -0.09729971 0.37824996 -0.92057576
vn -0.09729971 0.37824996 -0.92057576
vn 0.03485408 -0.22469736 -0.97380506
vn 0.03485408 -0.22469736 -0.97380506
vn 0.03485408 -0.22469736 -0.97380506
vn -0.12472233 0.79529875 -0.59324888
vn -0.12472233 0.79529875 -0.59324888
vn -0.12472233 0.79529875 -0.59324888
vn 0.16639764 -0.15512634 -0.97378008
vn 0.16639764 -0.15512634 -0.97378008
vn 0.16639764 -0.15512634 -0.97378008
vn 0.04336450 -0.58839205 -0.80741211
vn 0.04336450 -0.58839205 -0.80741211
vn 0.04336450 -0.58839205 -0.80741211
vn 0.03467584 -0.51271963 -0.85785556
vn 0.03467584 -0.51271963 -0.85785556
vn 0.03467584 -0.51271963 -0.85785556
vn -0.02873923 0.39116083 -0.91987350
vn -0.02873923 0.39116083 -0.91987350
vn -0.02873923 0.39116083 -0.91987350
vn -0.02761926 0.46412664 -0.88533815
vn -0.02761926 0.46412664 -0.88533815
vn -0.02761926 0.46412664 -0.88533815
vn 0.39771177 -0.43558604 -0.80752099
vn 0.39771177 -0.43558604 -0.80752099
vn 0.39771177 -0.43558604 -0.80752099
vn 0.34421857 -0.38159361 -0.85784608
vn 0.34421857 -0.38159361 -0.85784608
vn 0.34421857 -0.38159361 -0.85784608
vn 0.36432177 -0.51021940 -0.77906727
vn 0.36432177 -0.51021940 -0.77906727
vn 0.36432177 -0.51021940 -0.77906727
vn 0.28146922 -0.38483939 -0.87901861
vn 0.28146922 -0.38483939 -0.87901861
vn 0.28146922 -0.38483939 -0.87901861
vn -0.02209486 -0.62277484 -0.78208907
vn -0.02209486 -0.62277484 -0.78208907
vn -0.02209486 -0.62277484 -0.78208907
vn -0.01893156 -0.59187026 -0.80581089
vn -0.01893156 -0.59187026 -0.80581089
vn -0.01893156 -0.59187026 -0.80581089
vn 0.01416219 0.44276229 -0.89652718
vn 0.01416219 0.44276229 -0.89652718
vn 0.01416219 0.44276229 -0.89652718
vn 0.01541385 0.45395342 -0.89089208
vn 0.01541385 0.45395342 -0.89089208
vn 0.01541385 0.45395342 -0.89089208
vn -0.67470538 0.42206407 -0.60550356
vn -0.67470538 0.42206407 -0.60550356
vn -0.67470538 0.42206407 -0.60550356
vn 0.18799570 -0.11760032 -0.97510399
vn 0.18799570 -0.11760032 -0.97510399
vn 0.18799570 -0.11760032 -0.97510399
vn -0.35753814 0.17866866 -0.91664823
vn -0.35753814 0.17866866 -0.91664823
vn -0.35753814 0.17866866 -0.91664823
vn -0.33270860 0.16461909 -0.92855024
vn -0.33270860 0.16461909 -0.92855024
vn -0.33270860 0.16461909 -0.92855024
vn 0.44816283 -0.22174416 -0.86601363
vn 0.44816283 -0.22174416 -0.86601363
vn 0.44816283 -0.22174416 -0.86601363
vn 0.51721126 -0.25826590 -0.81596031
vn 0.51721126 -0.25826590 -0.81596031
vn 0.51721126 -0.25826590 -0.81596031
vn -0.37025331 0.10304892 -0.92319738
vn -0.37025331 0.10304892 -0.92319738
vn -0.37025331 0.10304892 -0.92319738
vn -0.35500034 0.09789676 -0.92972629
vn -0.35500034 0.09789676 -0.92972629
vn -0.35500034 0.09789676 -0.92972629
vn 0.48016113 -0.13241185 -0.86712882
vn 0.48016113 -0.13241185 -0.86712882
vn 0.48016113 -0.13241185 -0.86712882
vn 0.55508637 -0.15524185 -0.81717752
vn 0.55508637 -0.15524185 -0.81717752
vn 0.55508637 -0.15524185 -0.81717752
vn -0.48710340 -0.00473983 -0.87333144
vn -0.48710340 -0.00473983 -0.87333144
vn -0.48710340 -0.00473983 -0.87333144
vn -0.39561018 -0.01017793 -0.91836213
vn -0.39561018 -0.01017793 -0.91836213
vn -0.39561018 -0.01017793 -0.91836213
vn 0.52244191 0.01045028 -0.85261084
vn 0.52244191 0.01045028 -0.85261084
vn 0.52244191 0.01045028 -0.85261084
vn 0.59359377 0.01518240 -0.80462161
vn 0.59359377 0.01518240 -0.80462161
vn 0.59359377 0.01518240 -0.80462161
vn -0.41028650 -0.12585348 -0.90323081
vn -0.41028650 -0.12585348 -0.90323081
vn -0.41028650 -0.12585348 -0.90323081
vn -0.41817448 -0.12761935 -0.89935722
vn -0.41817448 -0.12761935 -0.89935722
vn -0.41817448 -0.12761935 -0.89935722
vn 0.59204756 0.18041432 -0.78544914
vn 0.59204756 0.18041432 -0.78544914
vn 0.59204756 0.18041432 -0.78544914
vn 0.64749005 0.20193221 -0.73483333
vn 0.64749005 0.20193221 -0.73483333
vn 0.64749005 0.20193221 -0.73483333
vn -0.30590936 -0.24646300 -0.91960614
vn -0.30590936 -0.24646300 -0.91960614
vn -0.30590936 -0.24646300 -0.91960614
vn -0.28589471 -0.23202073 -0.92974760
vn -0.28589471 -0.23202073 -0.92974760
vn -0.28589471 -0.23202073 -0.92974760
vn 0.46163957 0.37407819 -0.80433476
vn 0.46163957 0.37407819 -0.80433476
vn 0.46163957 0.37407819 -0.80433476
vn 0.49238617 0.39735791 -0.77437882
vn 0.49238617 0.39735791 -0.77437882
vn 0.49238617 0.39735791 -0.77437882
vn -0.24464126 -0.35247837 -0.90327717
vn -0.24464126 -0.35247837 -0.90327717
vn -0.24464126 -0.35247837 -0.90327717
vn -0.20391205 -0.30239039 -0.93111757
vn -0.20391205 -0.30239039 -0.93111757
vn -0.20391205 -0.30239039 -0.93111757
vn 0.34939862 0.51438313 -0.78315427
vn 0.34939862 0.51438313 -0.78315427
vn 0.34939862 0.51438313 -0.78315427
vn 0.37794626 0.56050723 -0.73687737
vn 0.37794626 0.56050723 -0.73687737
vn 0.37794626 0.56050723 -0.73687737
vn -0.14461116 -0.43494235 -0.88877037
vn -0.14461116 -0.43494235 -0.88877037
vn -0.14461116 -0.43494235 -0.88877037
vn -0.16639222 -0.48709768 -0.85735026
vn -0.16639222 -0.48709768 -0.85735026
vn -0.16639222 -0.48709768 -0.85735026
vn 0.10988772 0.31151272 -0.94386679
vn 0.10988772 0.31151272 -0.94386679
vn 0.10988772 0.31151272 -0.94386679
vn 0.17831511 0.56055850 -0.80868899
vn 0.17831511 0.56055850 -0.80868899
vn 0.17831511 0.56055850 -0.80868899
vn -0.10118916 -0.76821204 -0.63214794
vn -0.10118916 -0.76821204 -0.63214794
vn -0.10118916 -0.76821204 -0.63214794
vn 0.02990339 0.25740068 -0.96584195
vn 0.02990339 0.25740068 -0.96584195
vn 0.02990339 0.25740068 -0.96584195
vn -0.01333913 -0.38053428 -0.92467060
vn -0.01333913 -0.38053428 -0.92467060
vn -0.01333913 -0.38053428 -0.92467060
vn -0.01686592 -0.41986699 -0.90742892
vn -0.01686592 -0.41986699 -0.90742892
vn -0.01686592 -0.41986699 -0.90742892
vn 0.01982289 0.55112306 -0.83418849
vn 0.01982289 0.55112306 -0.83418849
vn 0.01982289 0.55112306 -0.83418849
vn 0.03203622 0.70134629 -0.71210046
vn 0.03203622 0.70134629 -0.71210046
vn 0.03203622 0.70134629 -0.71210046
vn 0.08270143 -0.52797168 -0.84522564
vn 0.08270143 -0.52797168 -0.84522564
vn 0.08270143 -0.52797168 -0.84522564
vn 0.07351483 -0.43334716 -0.89822370
vn 0.07351483 -0.43334716 -0.89822370
vn 0.07351483 -0.43334716 -0.89822370
vn -0.05467583 0.30191078 -0.95176701
vn -0.05467583 0.30191078 -0.95176701
vn -0.05467583 0.30191078 -0.95176701
vn -0.09003472 0.62103589 -0.77859372
vn -0.09003472 0.62103589 -0.77859372
vn -0.09003472 0.62103589 -0.77859372
vn 0.11349970 -0.44023243 -0.89068133
vn 0.11349970 -0.44023243 -0.89068133
vn 0.11349970 -0.44023243 -0.89068133
vn 0.10278824 -0.38066281 -0.91898335
vn 0.10278824 -0.38066281 -0.91898335
vn 0.10278824 -0.38066281 -0.91898335
vn -0.13505780 0.51173003 -0.84846436
vn -0.13505780 0.51173003 -0.84846436
vn -0.13505780 0.51173003 -0.84846436
vn -0.15329606 0.56960806 -0.80749426
vn -0.15329606 0.56960806 -0.80749426
vn -0.15329606 0.56960806 -0.80749426
vn 0.16832013 -0.35729124 -0.91870088
vn 0.16832013 -0.35729124 -0.91870088
vn 0.16832013 -0.35729124 -0.91870088
vn 0.18416297 -0.39593356 -0.89962249
vn 0.18416297 -0.39593356 -0.89962249
vn 0.18416297 -0.39593356 -0.89962249
vn -0.20373544 0.43153908 -0.87878660
vn -0.20373544 0.43153908 -0.87878660
vn -0.20373544 0.43153908 -0.87878660
vn -0.25967571 0.56686865 -0.78181102
vn -0.25967571 0.56686865 -0.78181102
vn -0.25967571 0.56686865 -0.78181102
vn 0.30420824 -0.34250907 -0.88890094
vn 0.30420824 -0.34250907 -0.88890094
vn 0.30420824 -0.34250907 -0.88890094
vn 0.33862595 -0.38763275 -0.85736417
vn 0.33862595 -0.38763275 -0.85736417
vn 0.33862595 -0.38763275 -0.85736417
vn -0.20910147 0.24432333 -0.94688050
vn -0.20910147 0.24432333 -0.94688050
vn -0.20910147 0.24432333 -0.94688050
vn -0.40128344 0.43962480 -0.80355562
vn -0.40128344 0.43962480 -0.80355562
vn -0.40128344 0.43962480 -0.80355562
vn 0.57122947 -0.35015738 -0.74235214
vn 0.57122947 -0.35015738 -0.74235214
vn 0.57122947 -0.35015738 -0.74235214
vn 0.45121148 -0.28516941 -0.84562794
vn 0.45121148 -0.28516941 -0.84562794
vn 0.45121148 -0.28516941 -0.84562794
vn -0.26032135 0.16238484 -0.95176886
vn -0.26032135 0.16238484 -0.95176886
vn -0.26032135 0.16238484 -0.95176886
vn -0.31479511 0.20129355 -0.92756938
vn -0.31479511 0.20129355 -0.92756938
vn -0.31479511 0.20129355 -0.92756938
vn 0.42398033 -0.16308598 -0.89086680
vn 0.42398033 -0.16308598 -0.89086680
vn 0.42398033 -0.16308598 -0.89086680
vn 0.36745038 -0.13623296 -0.92001131
vn 0.36745038 -0.13623296 -0.92001131
vn 0.36745038 -0.13623296 -0.92001131
vn -0.48159932 0.18174282 -0.85733986
vn -0.48159932 0.18174282 -0.85733986
vn -0.48159932 0.18174282 -0.85733986
vn -0.55077991 0.20422297 -0.80928021
vn -0.55077991 0.20422297 -0.80928021
vn -0.55077991 0.20422297 -0.80928021
vn 0.77530151 -0.21692255 -0.59317129
vn 0.77530151 -0.21692255 -0.59317129
vn 0.77530151 -0.21692255 -0.59317129
vn -0.21891829 0.06175825 -0.97378678
vn -0.21891829 0.06175825 -0.97378678
vn -0.21891829 0.06175825 -0.97378678
vn 0.74003450 -0.06144300 -0.66975644
vn 0.74003450 -0.06144300 -0.66975644
vn 0.74003450 -0.06144300 -0.66975644
vn -0.27413195 0.02643894 -0.96132859
vn -0.27413195 0.02643894 -0.96132859
vn -0.27413195 0.02643894 -0.96132859
vn 0.39718084 0.00499827 -0.91772676
vn 0.39718084 0.00499827 -0.91772676
vn 0.39718084 0.00499827 -0.91772676
vn 0.44653133 0.00288698 -0.89476334
vn 0.44653133 0.00288698 -0.89476334
vn 0.44653133 0.00288698 -0.89476334
vn -0.56520122 -0.00530309 -0.82493603
vn -0.56520122 -0.00530309 -0.82493603
vn -0.56520122 -0.00530309 -0.82493603
vn -0.62192895 -0.00288372 -0.78306836
vn -0.62192895 -0.00288372 -0.78306836
vn -0.62192895 -0.00288372 -0.78306836
vn 0.77960384 0.16013660 -0.60545365
vn 0.77960384 0.16013660 -0.60545365
vn 0.77960384 0.16013660 -0.60545365
vn -0.22072494 -0.04504198 -0.97429550
vn -0.22072494 -0.04504198 -0.97429550
vn -0.22072494 -0.04504198 -0.97429550
vn 0.70282317 0.37323477 -0.60558681
vn 0.70282317 0.37323477 -0.60558681
vn 0.70282317 0.37323477 -0.60558681
vn -0.19874076 -0.10642654 -0.97425638
vn -0.19874076 -0.10642654 -0.97425638
vn -0.19874076 -0.10642654 -0.97425638
vn 0.36606691 0.35874317 -0.85866079
vn 0.36606691 0.35874317 -0.85866079
vn 0.36606691 0.35874317 -0.85866079
vn 0.28613029 0.28993933 -0.91327140
vn 0.28613029 0.28993933 -0.91327140
vn 0.28613029 0.28993933 -0.91327140
vn -0.33487473 -0.33749436 -0.87974796
vn -0.33487473 -0.33749436 -0.87974796
vn -0.33487473 -0.33749436 -0.87974796
vn -0.29559924 -0.29405771 -0.90892857
vn -0.29559924 -0.29405771 -0.90892857
vn -0.29559924 -0.29405771 -0.90892857
vn 0.21853975 0.31626267 -0.92315671
vn 0.21853975 0.31626267 -0.92315671
vn 0.21853975 0.31626267 -0.92315671
vn 0.20863128 0.30346804 -0.92972046
vn 0.20863128 0.30346804 -0.92972046
vn 0.20863128 0.30346804 -0.92972046
vn -0.27765666 -0.40387012 -0.87166261
vn -0.27765666 -0.40387012 -0.87166261
vn -0.27765666 -0.40387012 -0.87166261
vn -0.32270601 -0.46578224 -0.82395857
vn -0.32270601 -0.46578224 -0.82395857
vn -0.32270601 -0.46578224 -0.82395857
vn 0.39364834 0.70239122 -0.59303251
vn 0.39364834 0.70239122 -0.59303251
vn 0.39364834 0.70239122 -0.59303251
vn -0.10857603 -0.19435153 -0.97490447
vn -0.10857603 -0.19435153 -0.97490447
vn -0.10857603 -0.19435153 -0.97490447
vn 0.14265692 0.43109408 -0.89095842
vn 0.14265692 0.43109408 -0.89095842
vn 0.14265692 0.43109408 -0.89095842
vn 0.11374498 0.36186682 -0.92526455
vn 0.11374498 0.36186682 -0.92526455
vn 0.11374498 0.36186682 -0.92526455
vn -0.17803874 -0.56036840 -0.80888161
vn -0.17900630 -0.56393278 -0.80618643
vn -0.17805737 -0.56043700 -0.80882999
vn -0.17902207 -0.56399090 -0.80614227
vn 0.16788955 0.73276536 -0.65944525
vn 0.16788955 0.73276536 -0.65944525
vn 0.16788955 0.73276536 -0.65944525
vn -0.06752764 -0.27486714 -0.95910796
vn -0.06752764 -0.27486714 -0.95910796
vn -0.06752764 -0.27486714 -0.95910796
vn 0.11649963 -0.19412680 -0.97403420
vn 0.11649963 -0.19412680 -0.97403420
vn 0.11649963 -0.19412680 -0.97403420
vn -0.28781846 0.21874302 -0.93236904
vn -0.28781846 0.21874302 -0.93236904
vn -0.28781846 0.21874302 -0.93236904
vn 0.39741544 -0.30203720 -0.86650707
vn 0.39741544 -0.30203720 -0.86650707
vn 0.39741544 -0.30203720 -0.86650707
vn 0.46244913 -0.35440198 -0.81273614
vn 0.46244913 -0.35440198 -0.81273614
vn 0.46244913 -0.35440198 -0.81273614
vn -0.74382018 0.28622161 -0.60399398
vn -0.74382018 0.28622161 -0.60399398
vn -0.74382018 0.28622161 -0.60399398
vn 0.21143643 -0.08058183 -0.97406427
vn 0.21143643 -0.08058183 -0.97406427
vn 0.21143643 -0.08058183 -0.97406427
vn -0.78536753 0.14174797 -0.60258224
vn -0.78536753 0.14174797 -0.60258224
vn -0.78536753 0.14174797 -0.60258224
vn 0.22164904 -0.03927735 -0.97433515
vn 0.22164904 -0.03927735 -0.97433515
vn 0.22164904 -0.03927735 -0.97433515
vn 0.61944164 -0.05801485 -0.78289612
vn 0.61944164 -0.05801485 -0.78289612
vn 0.61944164 -0.05801485 -0.78289612
vn 0.48054674 -0.03975561 -0.87606753
vn 0.48054674 -0.03975561 -0.87606753
vn 0.48054674 -0.03975561 -0.87606753
vn -0.48512311 0.04272096 -0.87340168
vn -0.48512311 0.04272096 -0.87340168
vn -0.48512311 0.04272096 -0.87340168
vn -0.37918206 0.02808050 -0.92489591
vn -0.37918206 0.02808050 -0.92489591
vn -0.37918206 0.02808050 -0.92489591
vn -0.79163905 -0.08527248 -0.60500927
vn -0.79163905 -0.08527248 -0.60500927
vn -0.79163905 -0.08527248 -0.60500927
vn 0.22042182 0.02376441 -0.97511511
vn 0.22042182 0.02376441 -0.97511511
vn 0.22042182 0.02376441 -0.97511511
vn 0.68976665 0.13430273 -0.71146662
vn 0.68976665 0.13430273 -0.71146662
vn 0.68976665 0.13430273 -0.71146662
vn 0.48729528 0.10206955 -0.86725147
vn 0.48729528 0.10206955 -0.86725147
vn 0.48729528 0.10206955 -0.86725147
vn -0.41181196 -0.08365774 -0.90742068
vn -0.41181196 -0.08365774 -0.90742068
vn -0.41181196 -0.08365774 -0.90742068
vn -0.39091815 -0.08048095 -0.91690011
vn -0.39091815 -0.08048095 -0.91690011
vn -0.39091815 -0.08048095 -0.91690011
vn -0.41956372 -0.17461357 -0.89077291
vn -0.41956372 -0.17461357 -0.89077291
vn -0.41956372 -0.17461357 -0.89077291
vn -0.40853364 -0.17099467 -0.89658300
vn -0.40853364 -0.17099467 -0.89658300
vn -0.40853364 -0.17099467 -0.89658300
vn 0.54622306 0.22862548 -0.80583544
vn 0.54622306 0.22862548 -0.80583544
vn 0.54622306 0.22862548 -0.80583544
vn 0.57605471 0.23872335 -0.78177499
vn 0.57605471 0.23872335 -0.78177499
vn 0.57605471 0.23872335 -0.78177499
vn -0.41064307 -0.21790340 -0.88537584
vn -0.41064307 -0.21790340 -0.88537584
vn -0.41064307 -0.21790340 -0.88537584
vn -0.33228941 -0.18353760 -0.92514739
vn -0.33228941 -0.18353760 -0.92514739
vn -0.33228941 -0.18353760 -0.92514739
vn 0.51176949 0.28061025 -0.81200362
vn 0.51176949 0.28061025 -0.81200362
vn 0.51176949 0.28061025 -0.81200362
vn 0.51695644 0.28374827 -0.80761560
vn 0.51695644 0.28374827 -0.80761560
vn 0.51695644 0.28374827 -0.80761560
vn 0.23677892 0.15166553 -0.95965270
vn 0.23677892 0.15166553 -0.95965270
vn 0.23677892 0.15166553 -0.95965270
vn -0.62729124 -0.41451420 -0.65930545
vn -0.62729124 -0.41451420 -0.65930545
vn -0.62729124 -0.41451420 -0.65930545
vn -0.55205896 -0.53948229 -0.63575920
vn -0.55205896 -0.53948229 -0.63575920
vn -0.55205896 -0.53948229 -0.63575920
vn 0.18263269 0.18386054 -0.96583674
vn 0.18263269 0.18386054 -0.96583674
vn 0.18263269 0.18386054 -0.96583674
vn 0.45893475 0.53172209 -0.71179387
vn 0.45893475 0.53172209 -0.71179387
vn 0.45893475 0.53172209 -0.71179387
vn 0.35609840 0.42077370 -0.83435210
vn 0.35609840 0.42077370 -0.83435210
vn 0.35609840 0.42077370 -0.83435210
vn -0.27257981 -0.31935739 -0.90758532
vn -0.27257981 -0.31935739 -0.90758532
vn -0.27257981 -0.31935739 -0.90758532
vn -0.24573921 -0.29087929 -0.92466290
vn -0.24573921 -0.29087929 -0.92466290
vn -0.24573921 -0.29087929 -0.92466290
vn -0.36319607 -0.64740185 -0.67004437
vn -0.36319607 -0.64740185 -0.67004437
vn -0.36319607 -0.64740185 -0.67004437
vn 0.14081887 0.24229876 -0.95992779
vn 0.14081887 0.24229876 -0.95992779
vn 0.14081887 0.24229876 -0.95992779
vn 0.25602737 0.56739348 -0.78263314
vn 0.25602737 0.56739348 -0.78263314
vn 0.25602737 0.56739348 -0.78263314
vn 0.23008293 0.51658284 -0.82474481
vn 0.23008293 0.51658284 -0.82474481
vn 0.23008293 0.51658284 -0.82474481
vn -0.18284518 -0.40733206 -0.89478949
vn -0.18284518 -0.40733206 -0.89478949
vn -0.18284518 -0.40733206 -0.89478949
vn -0.16030462 -0.36308391 -0.91786301
vn -0.16030462 -0.36308391 -0.91786301
vn -0.16030462 -0.36308391 -0.91786301
vn 0.14873009 0.63928915 -0.75444598
vn 0.14873009 0.63928915 -0.75444598
vn 0.14873009 0.63928915 -0.75444598
vn 0.06385330 0.30660547 -0.94969250
vn 0.06385330 0.30660547 -0.94969250
vn 0.06385330 0.30660547 -0.94969250
vn -0.08531630 -0.40559882 -0.91006084
vn -0.08531630 -0.40559882 -0.91006084
vn -0.08531630 -0.40559882 -0.91006084
vn -0.11860426 -0.51864061 -0.84672602
vn -0.11860426 -0.51864061 -0.84672602
vn -0.11860426 -0.51864061 -0.84672602
vn -0.04935654 0.67408821 -0.73700001
vn -0.04935654 0.67408821 -0.73700001
vn -0.04935654 0.67408821 -0.73700001
vn -0.01155557 0.32184375 -0.94672228
vn -0.01155557 0.32184375 -0.94672228
vn -0.01155557 0.32184375 -0.94672228
vn 0.02440287 -0.52470041 -0.85093712
vn 0.02440287 -0.52470041 -0.85093712
vn 0.02440287 -0.52470041 -0.85093712
vn 0.02632580 -0.42871916 -0.90305417
vn 0.02632580 -0.42871916 -0.90305417
vn 0.02632580 -0.42871916 -0.90305417
vn -0.07601104 0.21256274 -0.97418653
vn -0.07601104 0.21256274 -0.97418653
vn -0.07601104 0.21256274 -0.97418653
vn 0.27153082 -0.75102534 -0.60185709
vn 0.27153082 -0.75102534 -0.60185709
vn 0.27153082 -0.75102534 -0.60185709
vn 0.23257517 -0.39044552 -0.89076433
vn 0.23257517 -0.39044552 -0.89076433
vn 0.23257517 -0.39044552 -0.89076433
vn 0.26044725 -0.44697220 -0.85579383
vn 0.26044725 -0.44697220 -0.85579383
vn 0.26044725 -0.44697220 -0.85579383
vn -0.15814759 0.27786363 -0.94751314
vn -0.15814759 0.27786363 -0.94751314
vn -0.15814759 0.27786363 -0.94751314
vn -0.30674700 0.50108775 -0.80920785
vn -0.30674700 0.50108775 -0.80920785
vn -0.30674700 0.50108775 -0.80920785
vn -0.36208105 0.50672720 -0.78238408
vn -0.36208105 0.50672720 -0.78238408
vn -0.36208105 0.50672720 -0.78238408
vn -0.18962411 0.24683728 -0.95032313
vn -0.18962411 0.24683728 -0.95032313
vn -0.18962411 0.24683728 -0.95032313
vn 0.26911459 -0.35833118 -0.89396650
vn 0.26911459 -0.35833118 -0.89396650
vn 0.26911459 -0.35833118 -0.89396650
vn 0.32090598 -0.43880732 -0.83932562
vn 0.32090598 -0.43880732 -0.83932562
vn 0.32090598 -0.43880732 -0.83932562
vn 0.38983485 -0.36200538 -0.84674724
vn 0.38983485 -0.36200538 -0.84674724
vn 0.38983485 -0.36200538 -0.84674724
vn 0.32999921 -0.29907411 -0.89535200
vn 0.32999921 -0.29907411 -0.89535200
vn 0.32999921 -0.29907411 -0.89535200
vn -0.22935546 0.20329157 -0.95187636
vn -0.22935546 0.20329157 -0.95187636
vn -0.22935546 0.20329157 -0.95187636
vn -0.45492035 0.43279079 -0.77829276
vn -0.45492035 0.43279079 -0.77829276
vn -0.45492035 0.43279079 -0.77829276
vn -0.47275224 0.35306206 -0.80737383
vn -0.47275224 0.35306206 -0.80737383
vn -0.47275224 0.35306206 -0.80737383
vn -0.25827817 0.20560384 -0.94393826
vn -0.25827817 0.20560384 -0.94393826
vn -0.25827817 0.20560384 -0.94393826
vn 0.41432184 -0.32320227 -0.85081003
vn 0.41432184 -0.32320227 -0.85081003
vn 0.41432184 -0.32320227 -0.85081003
vn 0.36944869 -0.28307204 -0.88508637
vn 0.36944869 -0.28307204 -0.88508637
vn 0.36944869 -0.28307204 -0.88508637
vn -0.55466728 0.28272951 -0.78256516
vn -0.55466728 0.28272951 -0.78256516
vn -0.55466728 0.28272951 -0.78256516
vn -0.32242634 0.15114711 -0.93444947
vn -0.32242634 0.15114711 -0.93444947
vn -0.32242634 0.15114711 -0.93444947
vn 0.39817278 -0.18872084 -0.89768752
vn 0.39817278 -0.18872084 -0.89768752
vn 0.39817278 -0.18872084 -0.89768752
vn 0.61038986 -0.31055486 -0.72868367
vn 0.61038986 -0.31055486 -0.72868367
vn 0.61038986 -0.31055486 -0.72868367
vn -0.71358561 0.12845682 -0.68869037
vn -0.71358561 0.12845682 -0.68869037
vn -0.71358561 0.12845682 -0.68869037
vn -0.51637781 0.08852588 -0.85177293
vn -0.51637781 0.08852588 -0.85177293
vn -0.51637781 0.08852588 -0.85177293
vn 0.34330979 -0.05957165 -0.93733111
vn 0.34330979 -0.05957165 -0.93733111
vn 0.34330979 -0.05957165 -0.93733111
vn 0.38927701 -0.07027017 -0.91843645
vn 0.38927701 -0.07027017 -0.91843645
vn 0.38927701 -0.07027017 -0.91843645
vn -0.58503262 -0.07105199 -0.80789136
vn -0.58503262 -0.07105199 -0.80789136
vn -0.58503262 -0.07105199 -0.80789136
vn -0.51329373 -0.05937120 -0.85615688
vn -0.51329373 -0.05937120 -0.85615688
vn -0.51329373 -0.05937120 -0.85615688
vn 0.38272914 0.04654477 -0.92268737
vn 0.38272914 0.04654477 -0.92268737
vn 0.38272914 0.04654477 -0.92268737
vn 0.45581407 0.04914257 -0.88871736
vn 0.45581407 0.04914257 -0.88871736
vn 0.45581407 0.04914257 -0.88871736
vn 0.38373899 0.11760964 -0.91592159
vn 0.38373899 0.11760964 -0.91592159
vn 0.38373899 0.11760964 -0.91592159
vn 0.46929185 0.13888032 -0.87205356
vn 0.46929185 0.13888032 -0.87205356
vn 0.46929185 0.13888032 -0.87205356
vn -0.42285239 -0.12631796 -0.89735145
vn -0.42285239 -0.12631796 -0.89735145
vn -0.42285239 -0.12631796 -0.89735145
vn -0.40826977 -0.12269193 -0.90457862
vn -0.40826977 -0.12269193 -0.90457862
vn -0.40826977 -0.12269193 -0.90457862
vn -0.37513018 -0.15895855 -0.91324122
vn -0.37513018 -0.15895855 -0.91324122
vn -0.37513018 -0.15895855 -0.91324122
vn -0.43563841 -0.18856417 -0.88014926
vn -0.43563841 -0.18856417 -0.88014926
vn -0.43563841 -0.18856417 -0.88014926
vn 0.36523880 0.15928946 -0.91718454
vn 0.36523880 0.15928946 -0.91718454
vn 0.36523880 0.15928946 -0.91718454
vn 0.48081476 0.19892845 -0.85395822
vn 0.48081476 0.19892845 -0.85395822
vn 0.48081476 0.19892845 -0.85395822
vn 0.33466006 0.22074044 -0.91612024
vn 0.33466006 0.22074044 -0.91612024
vn 0.33466006 0.22074044 -0.91612024
vn 0.36955552 0.24118267 -0.89736260
vn 0.36955552 0.24118267 -0.89736260
vn 0.36955552 0.24118267 -0.89736260
vn -0.39549501 -0.26134125 -0.88050238
vn -0.39549501 -0.26134125 -0.88050238
vn -0.39549501 -0.26134125 -0.88050238
vn -0.52478363 -0.33822298 -0.78115770
vn -0.52478363 -0.33822298 -0.78115770
vn -0.52478363 -0.33822298 -0.78115770
vn -0.45553805 -0.37408087 -0.80780480
vn -0.45553805 -0.37408087 -0.80780480
vn -0.45553805 -0.37408087 -0.80780480
vn -0.34372465 -0.27211135 -0.89878183
vn -0.34372465 -0.27211135 -0.89878183
vn -0.34372465 -0.27211135 -0.89878183
vn 0.38878029 0.31062956 -0.86738640
vn 0.38878029 0.31062956 -0.86738640
vn 0.38878029 0.31062956 -0.86738640
vn 0.36210535 0.29223124 -0.88514441
vn 0.36210535 0.29223124 -0.88514441
vn 0.36210535 0.29223124 -0.88514441
vn -0.14492274 -0.17219717 -0.97434364
vn -0.14492274 -0.17219717 -0.97434364
vn -0.14492274 -0.17219717 -0.97434364
vn 0.51365360 0.60918092 -0.60420078
vn 0.51365360 0.60918092 -0.60420078
vn 0.51365360 0.60918092 -0.60420078
vn -0.25897651 -0.56957676 -0.78007274
vn -0.25897651 -0.56957676 -0.78007274
vn -0.25897651 -0.56957676 -0.78007274
vn -0.19445410 -0.44047190 -0.87645428
vn -0.19445410 -0.44047190 -0.87645428
vn -0.19445410 -0.44047190 -0.87645428
vn 0.17847230 0.39812023 -0.89980438
vn 0.17847230 0.39812023 -0.89980438
vn 0.17847230 0.39812023 -0.89980438
vn 0.16014080 0.36182586 -0.91838825
vn 0.16014080 0.36182586 -0.91838825
vn 0.16014080 0.36182586 -0.91838825
vn 0.05140053 0.38991037 -0.91941714
vn 0.05140053 0.38991037 -0.91941714
vn 0.05140053 0.38991037 -0.91941714
vn 0.05933447 0.43230160 -0.89977483
vn 0.05933447 0.43230160 -0.89977483
vn 0.05933447 0.43230160 -0.89977483
vn -0.07605668 -0.56652181 -0.82052935
vn -0.07605668 -0.56652181 -0.82052935
vn -0.07605668 -0.56652181 -0.82052935
vn -0.08500319 -0.61368794 -0.78495959
vn -0.08500319 -0.61368794 -0.78495959
vn -0.08500319 -0.61368794 -0.78495959
vn -0.31377733 0.24082301 -0.91844873
vn -0.31377733 0.24082301 -0.91844873
vn -0.31377733 0.24082301 -0.91844873
vn 0.24713747 -0.52324549 -0.81555946
vn 0.24713747 -0.52324549 -0.81555946
vn 0.24713747 -0.52324549 -0.81555946
vn -0.99990477 -0.01354157 0.00266105
vn -0.99990477 -0.01354157 0.00266105
vn -0.99990477 -0.01354157 0.00266105
vn -0.99982715 -0.01858897 -0.00035343
vn -0.99982715 -0.01858897 -0.00035343
vn -0.99982715 -0.01858897 -0.00035343
vn -0.99434375 -0.10620918 0.00032753
vn -0.99430737 -0.10654974 0.00012211
vn -0.99432459 -0.10638869 0.00021925
vn -0.99428794 -0.10673092 0.00001282
vn -0.97994807 -0.19925305 0.00009357
vn -0.97960624 -0.20092453 -0.00097468
vn -0.97975964 -0.20017692 -0.00049682
vn -0.97941518 -0.20185007 -0.00156643
vn -0.95527440 -0.29571848 -0.00118897
vn -0.95534041 -0.29550564 -0.00105334
vn -0.95530991 -0.29560401 -0.00111603
vn -0.95537586 -0.29539129 -0.00098047
vn -0.92356637 -0.38343766 -0.00085330
vn -0.92392096 -0.38258330 -0.00029246
vn -0.92375579 -0.38298165 -0.00055392
vn -0.92410963 -0.38212746 0.00000666
vn -0.88341597 -0.46858959 0.00008642
vn -0.88337723 -0.46866264 0.00003570
vn -0.88339506 -0.46862904 0.00005904
vn -0.88335630 -0.46870208 0.00000832
vn -0.83438632 -0.55118007 0.00009008
vn -0.83428692 -0.55133052 -0.00002274
vn -0.83433132 -0.55126333 0.00002765
vn -0.83423190 -0.55141376 -0.00008517
vn -0.77611075 -0.63059663 -0.00000029
vn -0.77678624 -0.62976401 0.00064686
vn -0.77647046 -0.63015356 0.00034419
vn -0.77714288 -0.62932342 0.00098900
vn -0.71643193 -0.69765589 0.00124420
vn -0.71608976 -0.69800756 0.00094922
vn -0.71625087 -0.69784204 0.00108808
vn -0.71590863 -0.69819353 0.00079315
vn -0.64664434 -0.76279071 0.00119248
vn -0.64564331 -0.76363903 0.00037156
vn -0.64609104 -0.76326000 0.00073857
vn -0.64508547 -0.76411042 -0.00008536
vn -0.56893002 -0.82238594 -0.00000447
vn -0.56857322 -0.82263261 -0.00027055
vn -0.56873873 -0.82251823 -0.00014713
vn -0.56838071 -0.82276558 -0.00041407
vn -0.48856816 -0.87252569 0.00026726
vn -0.49018869 -0.87161592 -0.00085318
vn -0.48932750 -0.87210007 -0.00025755
vn -0.48770572 -0.87300767 0.00086290
vn -0.40732856 -0.91328159 0.00043784
vn -0.40732856 -0.91328159 0.00043784
vn -0.40732856 -0.91328159 0.00043784
vn -0.40369192 -0.91489268 -0.00205503
vn -0.40369192 -0.91489268 -0.00205503
vn -0.40369192 -0.91489268 -0.00205503
vn -0.31404986 -0.94940519 -0.00157067
vn -0.31372909 -0.94951087 -0.00177798
vn -0.31387617 -0.94946244 -0.00168293
vn -0.31355456 -0.94956830 -0.00189077
vn -0.22477146 -0.97440936 -0.00204829
vn -0.22477146 -0.97440936 -0.00204829
vn -0.22477146 -0.97440936 -0.00204829
vn -0.22155198 -0.97514856 -0.00003519
vn -0.22155198 -0.97514856 -0.00003519
vn -0.22155198 -0.97514856 -0.00003519
vn -0.12842201 -0.99171947 -0.00053472
vn -0.12984096 -0.99153478 0.00033568
vn -0.12918439 -0.99162059 -0.00006709
vn -0.13059055 -0.99143607 0.00079559
vn -0.03911713 -0.99923393 0.00118130
vn -0.03911713 -0.99923393 0.00118130
vn -0.03911713 -0.99923393 0.00118130
vn -0.03473712 -0.99939526 -0.00156308
vn -0.03473712 -0.99939526 -0.00156308
vn -0.03473712 -0.99939526 -0.00156308
vn 0.06068266 -0.99815640 -0.00119150
vn 0.06107192 -0.99813234 -0.00143090
vn 0.06089418 -0.99814335 -0.00132159
vn 0.06128347 -0.99811918 -0.00156102
vn 0.15820265 -0.98740596 -0.00118088
vn 0.15704355 -0.98759157 -0.00046913
vn 0.15757996 -0.98750591 -0.00079850
vn 0.15642367 -0.98769005 -0.00008857
vn 0.25099074 -0.96798948 0.00009495
vn 0.24888916 -0.96853091 0.00143899
vn 0.24984125 -0.96828646 0.00083023
vn 0.24773677 -0.96882494 0.00217554
vn 0.34050095 -0.94024238 0.00183535
vn 0.34017791 -0.94035887 0.00204624
vn 0.34032764 -0.94030490 0.00194849
vn 0.34000461 -0.94042129 0.00215935
vn 0.42548671 -0.90496281 0.00183777
vn 0.42735666 -0.90408293 0.00058480
vn 0.42647510 -0.90449854 0.00117570
vn 0.42834175 -0.90361681 -0.00007593
vn 0.50962732 -0.86039525 0.00009780
vn 0.50970357 -0.86035008 0.00004406
vn 0.50966792 -0.86037121 0.00006919
vn 0.50974428 -0.86032597 0.00001538
vn 0.58833691 -0.80861590 0.00009815
vn 0.58972182 -0.80760586 -0.00097513
vn 0.58910261 -0.80805809 -0.00049502
vn 0.59048790 -0.80704496 -0.00156963
vn 0.66693226 -0.74511741 -0.00118481
vn 0.66604545 -0.74591102 -0.00046329
vn 0.66645601 -0.74554393 -0.00079720
vn 0.66557077 -0.74633474 -0.00007752
vn 0.73227659 -0.68100733 0.00009963
vn 0.73175648 -0.68156595 0.00055849
vn 0.73200072 -0.68130377 0.00034308
vn 0.73148151 -0.68186081 0.00080087
vn 0.79124648 -0.61149619 0.00119314
vn 0.79297016 -0.60926020 -0.00057457
vn 0.79219949 -0.61026218 0.00021691
vn 0.79392676 -0.60801140 -0.00155951
vn 0.84827597 -0.52955309 -0.00118800
vn 0.84761205 -0.53061629 -0.00041855
vn 0.84791602 -0.53013001 -0.00077058
vn 0.84724718 -0.53119885 0.00000341
vn 0.89608669 -0.44387909 -0.00002726
vn 0.89610668 -0.44383872 -0.00005492
vn 0.89609754 -0.44385719 -0.00004226
vn 0.89611736 -0.44381716 -0.00006969
vn 0.93245720 -0.36128046 0.00010039
vn 0.93249192 -0.36119083 0.00004211
vn 0.93247568 -0.36123274 0.00006936
vn 0.93251045 -0.36114299 0.00001100
vn 0.96231543 -0.27193566 0.00009116
vn 0.96277756 -0.27029321 -0.00097716
vn 0.96257131 -0.27102808 -0.00049926
vn 0.96303185 -0.26938298 -0.00156891
vn 0.98484551 -0.17342989 -0.00118382
vn 0.98484551 -0.17342989 -0.00118382
vn 0.98484551 -0.17342989 -0.00118382
vn 0.98452729 -0.17523128 -0.00007471
vn 0.98452729 -0.17523128 -0.00007471
vn 0.98452729 -0.17523128 -0.00007471
vn 0.99631030 -0.08582415 0.00009425
vn 0.99631030 -0.08582415 0.00009425
vn 0.99631030 -0.08582415 0.00009425
vn 0.99648143 -0.08380594 -0.00114934
vn 0.99648143 -0.08380594 -0.00114934
vn 0.99648143 -0.08380594 -0.00114934
vn 0.99982392 0.01870553 -0.00149133
vn 0.99982392 0.01870553 -0.00149133
vn 0.99982392 0.01870553 -0.00149133
vn 0.99991498 0.01285743 0.00217190
vn 0.99991498 0.01285743 0.00217190
vn 0.99991498 0.01285743 0.00217190
vn 0.99463435 0.10343630 0.00185469
vn 0.99463435 0.10343630 0.00185469
vn 0.99463435 0.10343630 0.00185469
vn 0.99401344 0.10924448 -0.00171265
vn 0.99401344 0.10924448 -0.00171265
vn 0.99401344 0.10924448 -0.00171265
vn 0.97957730 0.20106148 -0.00161359
vn 0.97967556 0.20058430 -0.00131446
vn 0.97963019 0.20080481 -0.00145269
vn 0.97972864 0.20032588 -0.00115248
vn 0.95537561 0.29538998 -0.00148253
vn 0.95537561 0.29538998 -0.00148253
vn 0.95537561 0.29538998 -0.00148253
vn 0.95609040 0.29307192 0.00000542
vn 0.95609040 0.29307192 0.00000542
vn 0.95609040 0.29307192 0.00000542
vn 0.92452625 0.38111836 0.00008431
vn 0.92374607 0.38300363 -0.00119324
vn 0.92409867 0.38215345 -0.00061694
vn 0.92331206 0.38404586 -0.00190016
vn 0.88160144 0.47199430 0.00053655
vn 0.88360197 0.46823426 -0.00205908
vn 0.88253517 0.47024591 -0.00067140
vn 0.88053508 0.47397715 0.00190861
vn 0.83721452 0.54687233 0.00158044
vn 0.83721452 0.54687233 0.00158044
vn 0.83721452 0.54687233 0.00158044
vn 0.83480685 0.55054175 -0.00114540
vn 0.83480685 0.55054175 -0.00114540
vn 0.83480685 0.55054175 -0.00114540
vn 0.77813757 0.62809217 -0.00146755
vn 0.77807407 0.62817067 -0.00153077
vn 0.77810237 0.62813569 -0.00150259
vn 0.77803916 0.62821383 -0.00156553
vn 0.71293957 0.70122448 -0.00118439
vn 0.71374547 0.70040501 -0.00047935
vn 0.71337826 0.70077872 -0.00080074
vn 0.71418254 0.69995950 -0.00009651
vn 0.64614926 0.76321106 -0.00001802
vn 0.64614926 0.76321106 -0.00001802
vn 0.64614926 0.76321106 -0.00001802
vn 0.64402608 0.76500161 -0.00171412
vn 0.64402608 0.76500161 -0.00171412
vn 0.64402608 0.76500161 -0.00171412
vn 0.56752198 0.82335667 -0.00161132
vn 0.56968198 0.82186522 -0.00003339
vn 0.56867496 0.82256197 -0.00076953
vn 0.57081912 0.82107545 0.00079888
vn 0.48919432 0.87217398 0.00120824
vn 0.48895127 0.87231049 0.00103378
vn 0.48905980 0.87224955 0.00111168
vn 0.48881591 0.87238646 0.00093664
vn 0.40216046 0.91556883 0.00082501
vn 0.40231869 0.91549921 0.00092936
vn 0.40224433 0.91553193 0.00088032
vn 0.40240202 0.91546253 0.00098432
vn 0.31927325 0.94766190 0.00123261
vn 0.31739342 0.94829395 0.00002184
vn 0.31827238 0.94799913 0.00058783
vn 0.31637903 0.94863265 -0.00063106
vn 0.21863972 0.97580533 -0.00079555
vn 0.21863972 0.97580533 -0.00079555
vn 0.21863972 0.97580533 -0.00079555
vn 0.22325033 0.97475874 0.00216570
vn 0.22325033 0.97475874 0.00216570
vn 0.22325033 0.97475874 0.00216570
vn 0.12744860 0.99184350 0.00182439
vn 0.12793034 0.99178090 0.00211613
vn 0.12770238 0.99181056 0.00197807
vn 0.12818133 0.99174815 0.00226814
vn 0.04083441 0.99916247 0.00262796
vn 0.03789792 0.99928127 0.00082592
vn 0.03926934 0.99922727 0.00166749
vn 0.03630198 0.99934085 -0.00015335
vn -0.05939886 0.99823409 -0.00069761
vn -0.05939886 0.99823409 -0.00069761
vn -0.05939886 0.99823409 -0.00069761
vn -0.06576899 0.99782978 0.00318927
vn -0.06576899 0.99782978 0.00318927
vn -0.06576899 0.99782978 0.00318927
vn -0.14786128 0.98900361 0.00298503
vn -0.14786128 0.98900361 0.00298503
vn -0.14786128 0.98900361 0.00298503
vn -0.15503202 0.98790822 -0.00155696
vn -0.15503202 0.98790822 -0.00155696
vn -0.15503202 0.98790822 -0.00155696
vn -0.25135499 0.96789426 -0.00117292
vn -0.24986997 0.96827937 -0.00024280
vn -0.25055175 0.96810297 -0.00066976
vn -0.24907484 0.96848421 0.00025502
vn -0.33582240 0.94192486 0.00093233
vn -0.33885925 0.94083651 -0.00103165
vn -0.33744774 0.94134426 -0.00011842
vn -0.34049950 0.94024237 -0.00209371
vn -0.42693948 0.90427844 -0.00178405
vn -0.42673466 0.90437538 -0.00164377
vn -0.42682703 0.90433167 -0.00170703
vn -0.42662216 0.90442859 -0.00156674
vn -0.51155547 0.85924943 -0.00119191
vn -0.51173665 0.85914135 -0.00132075
vn -0.51165368 0.85919085 -0.00126175
vn -0.51183448 0.85908296 -0.00139033
vn -0.58983577 0.80752286 -0.00076524
vn -0.59099270 0.80667524 -0.00163836
vn -0.59045831 0.80706719 -0.00123491
vn -0.59161685 0.80621650 -0.00210992
vn -0.66366320 0.74802935 -0.00180374
vn -0.66346579 0.74820482 -0.00164082
vn -0.66355665 0.74812408 -0.00171579
vn -0.66335781 0.74830074 -0.00155173
vn -0.73573217 0.67726962 -0.00201022
vn -0.73573217 0.67726962 -0.00201022
vn -0.73573217 0.67726962 -0.00201022
vn -0.73253189 0.68073207 0.00094037
vn -0.73253189 0.68073207 0.00094037
vn -0.73253189 0.68073207 0.00094037
vn -0.79225533 0.61018915 0.00083310
vn -0.79390796 0.60803739 -0.00082389
vn -0.79313529 0.60904549 -0.00004818
vn -0.79478793 0.60688485 -0.00170948
vn -0.84872245 0.52883610 -0.00160681
vn -0.84780002 0.53031578 -0.00054967
vn -0.84822908 0.52962850 -0.00104088
vn -0.84730685 0.53110366 0.00001386
vn -0.89451917 0.44702959 0.00009886
vn -0.89460418 0.44685945 -0.00002014
vn -0.89456621 0.44693545 0.00003302
vn -0.89465120 0.44676529 -0.00008599
vn -0.93417132 0.35682481 -0.00000852
vn -0.93378463 0.35783494 0.00064446
vn -0.93396564 0.35736266 0.00033912
vn -0.93357957 0.35836881 0.00098972
vn -0.96206017 0.27283457 0.00123824
vn -0.96241930 0.27156747 0.00043972
vn -0.96225118 0.27216171 0.00081416
vn -0.96261037 0.27088979 0.00001282
vn -0.98407632 0.17774642 0.00009338
vn -0.98409082 0.17766613 0.00004333
vn -0.98408415 0.17770307 0.00006636
vn -0.98409865 0.17762278 0.00001631
vn -0.99662273 0.08211654 0.00009898
vn -0.99652223 0.08332294 0.00085412
vn -0.99656661 0.08279318 0.00052250
vn -0.99646572 0.08399079 0.00127219
vn 0.44044459 -0.33373421 0.83344468
vn 0.44044459 -0.33373421 0.83344468
vn 0.44044459 -0.33373421 0.83344468
vn 0.39435969 -0.35693167 0.84680589
vn 0.39435969 -0.35693167 0.84680589
vn 0.39435969 -0.35693167 0.84680589
vn 0.32713153 -0.30338879 0.89495263
vn 0.32713153 -0.30338879 0.89495263
vn 0.32713153 -0.30338879 0.89495263
vn 0.28316419 -0.32353797 0.90285172
vn 0.28316419 -0.32353797 0.90285172
vn 0.28316419 -0.32353797 0.90285172
vn 0.31447894 -0.35411487 0.88074154
vn 0.31447894 -0.35411487 0.88074154
vn 0.31447894 -0.35411487 0.88074154
vn 0.26657635 -0.36678654 0.89129383
vn 0.26657635 -0.36678654 0.89129383
vn 0.26657635 -0.36678654 0.89129383
vn 0.27663781 -0.37868780 0.88321406
vn 0.27663781 -0.37868780 0.88321406
vn 0.27663781 -0.37868780 0.88321406
vn 0.22635829 -0.38340855 0.89541041
vn 0.22635829 -0.38340855 0.89541041
vn 0.22635829 -0.38340855 0.89541041
vn 0.24366894 -0.40843589 0.87966219
vn 0.24366894 -0.40843589 0.87966219
vn 0.24366894 -0.40843589 0.87966219
vn 0.16243455 -0.33822295 0.92694134
vn 0.16243455 -0.33822295 0.92694134
vn 0.16243455 -0.33822295 0.92694134
vn 0.19168841 -0.41385729 0.88993129
vn 0.19168841 -0.41385729 0.88993129
vn 0.19168841 -0.41385729 0.88993129
vn -0.17064827 0.48820026 0.85588531
vn -0.17064827 0.48820026 0.85588531
vn -0.17064827 0.48820026 0.85588531
vn 0.10656749 -0.29911259 0.94824840
vn 0.10656749 -0.29911259 0.94824840
vn 0.10656749 -0.29911259 0.94824840
vn 0.11822870 -0.33981415 0.93303179
vn 0.11822870 -0.33981415 0.93303179
vn 0.11822870 -0.33981415 0.93303179
vn -0.16018288 0.64735281 0.74516829
vn -0.16018288 0.64735281 0.74516829
vn -0.16018288 0.64735281 0.74516829
vn -0.13424232 0.51338923 0.84759099
vn -0.13424232 0.51338923 0.84759099
vn -0.13424232 0.51338923 0.84759099
vn 0.07580204 -0.29722550 0.95179360
vn 0.07580204 -0.29722550 0.95179360
vn 0.07580204 -0.29722550 0.95179360
vn 0.09500232 -0.35679364 0.92934001
vn 0.09500232 -0.35679364 0.92934001
vn 0.09500232 -0.35679364 0.92934001
vn -0.11529688 0.67630645 0.72754121
vn -0.11529688 0.67630645 0.72754121
vn -0.11529688 0.67630645 0.72754121
vn 0.00194651 0.09152759 0.99580064
vn 0.00194651 0.09152759 0.99580064
vn 0.00194651 0.09152759 0.99580064
vn 0.04557077 -0.35132002 0.93514574
vn 0.04557077 -0.35132002 0.93514574
vn 0.04557077 -0.35132002 0.93514574
vn -0.52218555 0.49738834 0.69276770
vn -0.52218555 0.49738834 0.69276770
vn -0.52218555 0.49738834 0.69276770
vn -0.29273780 0.25958142 0.92028369
vn -0.29273780 0.25958142 0.92028369
vn -0.29273780 0.25958142 0.92028369
vn -0.01614263 0.40222798 0.91539722
vn -0.01614263 0.40222798 0.91539722
vn -0.01614263 0.40222798 0.91539722
vn -0.01369664 0.09179290 0.99568392
vn -0.01369664 0.09179290 0.99568392
vn -0.01369664 0.09179290 0.99568392
vn 0.04694910 -0.71517031 0.69737164
vn 0.04694910 -0.71517031 0.69737164
vn 0.04694910 -0.71517031 0.69737164
vn -0.49284657 0.55103933 0.67339284
vn -0.49284657 0.55103933 0.67339284
vn -0.49284657 0.55103933 0.67339284
vn -0.42440268 0.48548306 0.76432229
vn -0.42440268 0.48548306 0.76432229
vn -0.42440268 0.48548306 0.76432229
vn -0.39238494 0.53613748 0.74738923
vn -0.39238494 0.53613748 0.74738923
vn -0.39238494 0.53613748 0.74738923
vn -0.37525043 0.51628339 0.76983022
vn -0.37525043 0.51628339 0.76983022
vn -0.37525043 0.51628339 0.76983022
vn 0.01633378 0.61549462 0.78797181
vn 0.01633378 0.61549462 0.78797181
vn 0.01633378 0.61549462 0.78797181
vn -0.00797389 -0.34769078 0.93757535
vn -0.00797389 -0.34769078 0.93757535
vn -0.00797389 -0.34769078 0.93757535
vn 0.44765654 -0.26745871 0.85326987
vn 0.44765654 -0.26745871 0.85326987
vn 0.44765654 -0.26745871 0.85326987
vn -0.36540955 0.21796710 0.90496752
vn -0.36540955 0.21796710 0.90496752
vn -0.36540955 0.21796710 0.90496752
vn -0.56031655 0.35649502 0.74763404
vn -0.56031655 0.35649502 0.74763404
vn -0.56031655 0.35649502 0.74763404
vn 0.27254297 -0.13631092 0.95243880
vn 0.27254297 -0.13631092 0.95243880
vn 0.27254297 -0.13631092 0.95243880
vn -0.67449464 0.33696691 0.65689442
vn -0.67449464 0.33696691 0.65689442
vn -0.67449464 0.33696691 0.65689442
vn 0.62163221 -0.16890710 0.76488155
vn 0.62163221 -0.16890710 0.76488155
vn 0.62163221 -0.16890710 0.76488155
vn 0.57885615 -0.15933222 0.79971170
vn 0.57885615 -0.15933222 0.79971170
vn 0.57885615 -0.15933222 0.79971170
vn -0.33140727 0.09164324 0.93902648
vn -0.33140727 0.09164324 0.93902648
vn -0.33140727 0.09164324 0.93902648
vn -0.38417176 0.10347688 0.91744460
vn -0.38417176 0.10347688 0.91744460
vn -0.38417176 0.10347688 0.91744460
vn 0.56096716 0.00901461 0.82778897
vn 0.56096716 0.00901461 0.82778897
vn 0.56096716 0.00901461 0.82778897
vn 0.50781541 0.00493020 0.86145180
vn 0.50781541 0.00493020 0.86145180
vn 0.50781541 0.00493020 0.86145180
vn -0.46449793 -0.00450957 0.88556272
vn -0.46449793 -0.00450957 0.88556272
vn -0.46449793 -0.00450957 0.88556272
vn -0.48262089 -0.00602940 0.87580861
vn -0.48262089 -0.00602940 0.87580861
vn -0.48262089 -0.00602940 0.87580861
vn 0.44914420 0.14454725 0.88168905
vn 0.44914420 0.14454725 0.88168905
vn 0.44914420 0.14454725 0.88168905
vn 0.34254376 0.10482411 0.93363573
vn 0.34254376 0.10482411 0.93363573
vn 0.34254376 0.10482411 0.93363573
vn -0.50535972 -0.16027328 0.84789388
vn -0.50535972 -0.16027328 0.84789388
vn -0.50535972 -0.16027328 0.84789388
vn -0.61443165 -0.18571531 0.76680087
vn -0.61443165 -0.18571531 0.76680087
vn -0.61443165 -0.18571531 0.76680087
vn 0.48181906 0.38262952 0.78831785
vn 0.48181906 0.38262952 0.78831785
vn 0.48181906 0.38262952 0.78831785
vn 0.33205717 0.27415889 0.90253805
vn 0.33205717 0.27415889 0.90253805
vn 0.33205717 0.27415889 0.90253805
vn -0.27030926 -0.22413979 0.93631953
vn -0.27030926 -0.22413979 0.93631953
vn -0.27030926 -0.22413979 0.93631953
vn -0.38593379 -0.30697559 0.86995465
vn -0.38593379 -0.30697559 0.86995465
vn -0.38593379 -0.30697559 0.86995465
vn 0.28755699 0.40481683 0.86800594
vn 0.28755699 0.40481683 0.86800594
vn 0.28755699 0.40481683 0.86800594
vn 0.35581031 0.49184144 0.79466409
vn 0.35581031 0.49184144 0.79466409
vn 0.35581031 0.49184144 0.79466409
vn -0.22035942 -0.30409237 0.92680611
vn -0.22035942 -0.30409237 0.92680611
vn -0.22035942 -0.30409237 0.92680611
vn -0.28061023 -0.40562086 0.86990207
vn -0.28061023 -0.40562086 0.86990207
vn -0.28061023 -0.40562086 0.86990207
vn 0.13455801 0.42601254 0.89465494
vn 0.13455801 0.42601254 0.89465494
vn 0.13455801 0.42601254 0.89465494
vn 0.08607165 0.24176108 0.96651086
vn 0.08607165 0.24176108 0.96651086
vn 0.08607165 0.24176108 0.96651086
vn -0.22534731 -0.67362744 0.70387830
vn -0.22534731 -0.67362744 0.70387830
vn -0.22534731 -0.67362744 0.70387830
vn -0.22842399 -0.68088146 0.69586127
vn -0.22842399 -0.68088146 0.69586127
vn -0.22842399 -0.68088146 0.69586127
vn 0.04396350 0.27010534 0.96182655
vn 0.04396350 0.27010534 0.96182655
vn 0.04396350 0.27010534 0.96182655
vn -0.10401894 -0.76177982 0.63943066
vn -0.10401894 -0.76177982 0.63943066
vn -0.10401894 -0.76177982 0.63943066
vn 0.02952447 0.85264184 0.52166100
vn 0.02952447 0.85264184 0.52166100
vn 0.02952447 0.85264184 0.52166100
vn 0.01773880 0.25527834 0.96670487
vn 0.01773880 0.25527834 0.96670487
vn 0.01773880 0.25527834 0.96670487
vn -0.02221571 -0.34460097 0.93848635
vn -0.02221571 -0.34460097 0.93848635
vn -0.02221571 -0.34460097 0.93848635
vn -0.01817634 -0.70755449 0.70642499
vn -0.01817634 -0.70755449 0.70642499
vn -0.01817634 -0.70755449 0.70642499
vn -0.07498224 0.49919280 0.86324053
vn -0.07498224 0.49919280 0.86324053
vn -0.07498224 0.49919280 0.86324053
vn -0.06204017 0.36379664 0.92941004
vn -0.06204017 0.36379664 0.92941004
vn -0.06204017 0.36379664 0.92941004
vn 0.07977314 -0.47348355 0.87718275
vn 0.07977314 -0.47348355 0.87718275
vn 0.07977314 -0.47348355 0.87718275
vn 0.09795980 -0.65980454 0.74502473
vn 0.09795980 -0.65980454 0.74502473
vn 0.09795980 -0.65980454 0.74502473
vn -0.14159618 0.51645595 0.84452577
vn -0.14159618 0.51645595 0.84452577
vn -0.14159618 0.51645595 0.84452577
vn 0.03869748 -0.09240989 0.99496880
vn 0.03869748 -0.09240989 0.99496880
vn 0.03869748 -0.09240989 0.99496880
vn 0.10991601 -0.45200226 0.88521886
vn 0.10991601 -0.45200226 0.88521886
vn 0.10991601 -0.45200226 0.88521886
vn -0.32716306 0.69974117 0.63508001
vn -0.32716306 0.69974117 0.63508001
vn -0.32716306 0.69974117 0.63508001
vn 0.04196683 -0.10691202 0.99338241
vn 0.04052414 -0.10845474 0.99327507
vn 0.04111974 -0.10781793 0.99331992
vn 0.17112301 -0.34623613 0.92240851
vn 0.17112301 -0.34623613 0.92240851
vn 0.17112301 -0.34623613 0.92240851
vn -0.24702029 0.27259077 0.92987916
vn -0.24702029 0.27259077 0.92987916
vn -0.24702029 0.27259077 0.92987916
vn -0.32528808 0.35017732 0.87838688
vn -0.32528808 0.35017732 0.87838688
vn -0.32528808 0.35017732 0.87838688
vn 0.27877479 -0.29980366 0.91236088
vn 0.27877479 -0.29980366 0.91236088
vn 0.27877479 -0.29980366 0.91236088
vn 0.43906362 -0.50205690 0.74509194
vn 0.43906362 -0.50205690 0.74509194
vn 0.43906362 -0.50205690 0.74509194
vn -0.30061819 0.19191957 0.93423529
vn -0.30061819 0.19191957 0.93423529
vn -0.30061819 0.19191957 0.93423529
vn -0.22622072 0.13811502 0.96423463
vn -0.22622072 0.13811502 0.96423463
vn -0.22622072 0.13811502 0.96423463
vn 0.58537660 -0.36542230 0.72374083
vn 0.58558188 -0.36552893 0.72352088
vn 0.58557561 -0.36552567 0.72352760
vn 0.58537112 -0.36541945 0.72374669
vn -0.55483272 0.22012040 0.80231394
vn -0.55483272 0.22012040 0.80231394
vn -0.55483272 0.22012040 0.80231394
vn -0.39985254 0.14981957 0.90425220
vn -0.39985254 0.14981957 0.90425220
vn -0.39985254 0.14981957 0.90425220
vn 0.45473277 -0.17280952 0.87370188
vn 0.45473277 -0.17280952 0.87370188
vn 0.45473277 -0.17280952 0.87370188
vn 0.42704071 -0.16443708 0.88915503
vn 0.42704071 -0.16443708 0.88915503
vn 0.42704071 -0.16443708 0.88915503
vn -0.60257813 0.16336916 0.78115946
vn -0.60257813 0.16336916 0.78115946
vn -0.60257813 0.16336916 0.78115946
vn -0.33847804 0.10387715 0.93522305
vn -0.33847804 0.10387715 0.93522305
vn -0.33847804 0.10387715 0.93522305
vn 0.42931005 -0.12979859 0.89378141
vn 0.42931005 -0.12979859 0.89378141
vn 0.42931005 -0.12979859 0.89378141
vn 0.66360837 -0.18069694 0.72592875
vn 0.66360837 -0.18069694 0.72592875
vn 0.66360837 -0.18069694 0.72592875
vn -0.35780701 0.03346557 0.93319569
vn -0.35780701 0.03346557 0.93319569
vn -0.35780701 0.03346557 0.93319569
vn -0.31802116 0.02747818 0.94768533
vn -0.31802116 0.02747818 0.94768533
vn -0.31802116 0.02747818 0.94768533
vn 0.51434498 -0.04751944 0.85626582
vn 0.51434498 -0.04751944 0.85626582
vn 0.51434498 -0.04751944 0.85626582
vn 0.68211455 -0.05131514 0.72944260
vn 0.68211455 -0.05131514 0.72944260
vn 0.68211455 -0.05131514 0.72944260
vn -0.37783930 -0.01382772 0.92576793
vn -0.37783930 -0.01382772 0.92576793
vn -0.37783930 -0.01382772 0.92576793
vn 0.09897862 0.01693980 0.99494536
vn 0.09897862 0.01693980 0.99494536
vn 0.09897862 0.01693980 0.99494536
vn 0.66998437 -0.00072789 0.74237485
vn 0.66998437 -0.00072789 0.74237485
vn 0.66998437 -0.00072789 0.74237485
vn -0.45763466 -0.09388429 0.88416981
vn -0.45763466 -0.09388429 0.88416981
vn -0.45763466 -0.09388429 0.88416981
vn -0.44372235 -0.08998482 0.89163513
vn -0.44372235 -0.08998482 0.89163513
vn -0.44372235 -0.08998482 0.89163513
vn 0.62558159 0.12688288 0.76977166
vn 0.62558159 0.12688288 0.76977166
vn 0.62558159 0.12688288 0.76977166
vn 0.65062201 0.13418108 0.74745330
vn 0.65062201 0.13418108 0.74745330
vn 0.65062201 0.13418108 0.74745330
vn -0.46474725 -0.24401554 0.85115593
vn -0.46474725 -0.24401554 0.85115593
vn -0.46474725 -0.24401554 0.85115593
vn -0.32353807 -0.17858210 0.92921018
vn -0.32353807 -0.17858210 0.92921018
vn -0.32353807 -0.17858210 0.92921018
vn 0.33186725 0.18455582 0.92509636
vn 0.33186725 0.18455582 0.92509636
vn 0.33186725 0.18455582 0.92509636
vn 0.59331387 0.30673424 0.74423972
vn 0.59331387 0.30673424 0.74423972
vn 0.59331387 0.30673424 0.74423972
vn -0.33681172 -0.33865198 0.87856286
vn -0.33681172 -0.33865198 0.87856286
vn -0.33681172 -0.33865198 0.87856286
vn -0.21711922 -0.20747961 0.95384037
vn -0.21711922 -0.20747961 0.95384037
vn -0.21711922 -0.20747961 0.95384037
vn 0.38645910 0.38006726 0.84035602
vn 0.38645910 0.38006726 0.84035602
vn 0.38645910 0.38006726 0.84035602
vn 0.46287889 0.44558983 0.76628509
vn 0.46287889 0.44558983 0.76628509
vn 0.46287889 0.44558983 0.76628509
vn -0.36060496 -0.50762701 0.78248251
vn -0.36060496 -0.50762701 0.78248251
vn -0.36060496 -0.50762701 0.78248251
vn -0.14768224 -0.22851714 0.96227328
vn -0.14768224 -0.22851714 0.96227328
vn -0.14768224 -0.22851714 0.96227328
vn 0.19619851 0.29813324 0.93414277
vn 0.19619851 0.29813324 0.93414277
vn 0.19619851 0.29813324 0.93414277
vn 0.39909057 0.56227383 0.72427540
vn 0.39909057 0.56227383 0.72427540
vn 0.39909057 0.56227383 0.72427540
vn -0.34349692 -0.60862254 0.71525413
vn -0.34349692 -0.60862254 0.71525413
vn -0.34349692 -0.60862254 0.71525413
vn -0.31342735 -0.56253413 0.76506120
vn -0.31342735 -0.56253413 0.76506120
vn -0.31342735 -0.56253413 0.76506120
vn 0.17218386 0.31022682 0.93493959
vn 0.17218386 0.31022682 0.93493959
vn 0.17218386 0.31022682 0.93493959
vn 0.16391429 0.29248547 0.94211695
vn 0.16391429 0.29248547 0.94211695
vn 0.16391429 0.29248547 0.94211695
vn -0.16921409 -0.52614316 0.83339065
vn -0.16921409 -0.52614316 0.83339065
vn -0.16921409 -0.52614316 0.83339065
vn -0.09695393 -0.26990350 0.95799376
vn -0.09695393 -0.26990350 0.95799376
vn -0.09695393 -0.26990350 0.95799376
vn 0.12406362 0.35117330 0.92805470
vn 0.12406362 0.35117330 0.92805470
vn 0.12406362 0.35117330 0.92805470
vn 0.19125417 0.59289751 0.78223679
vn 0.19125417 0.59289751 0.78223679
vn 0.19125417 0.59289751 0.78223679
vn -0.06092706 -0.29477566 0.95362215
vn -0.06092706 -0.29477566 0.95362215
vn -0.06092706 -0.29477566 0.95362215
vn 0.00858203 0.10126946 0.99482202
vn 0.00858203 0.10126946 0.99482202
vn 0.00858203 0.10126946 0.99482202
vn 0.14469786 0.59750149 0.78870432
vn 0.14469786 0.59750149 0.78870432
vn 0.14469786 0.59750149 0.78870432
vn -0.23684989 0.64231589 0.72892553
vn -0.23684989 0.64231589 0.72892553
vn -0.23684989 0.64231589 0.72892553
vn -0.28529021 0.60410336 0.74408912
vn -0.28529102 0.60410476 0.74408768
vn -0.28531441 0.60414524 0.74404584
vn -0.28531510 0.60414643 0.74404461
vn -0.32610054 0.55237942 0.76716062
vn -0.32610054 0.55237942 0.76716062
vn -0.32610054 0.55237942 0.76716062
vn -0.33803508 0.56914076 0.74954058
vn -0.33803508 0.56914076 0.74954058
vn -0.33803508 0.56914076 0.74954058
vn -0.29685612 0.23867676 0.92461335
vn -0.29685612 0.23867676 0.92461335
vn -0.29685612 0.23867676 0.92461335
vn -0.54527107 0.40806297 0.73223225
vn -0.54527107 0.40806297 0.73223225
vn -0.54527107 0.40806297 0.73223225
vn 0.57070983 -0.22517404 0.78967521
vn 0.57070983 -0.22517404 0.78967521
vn 0.57070983 -0.22517404 0.78967521
vn 0.58221828 -0.23038881 0.77970691
vn 0.58221828 -0.23038881 0.77970691
vn 0.58221828 -0.23038881 0.77970691
vn -0.32971068 0.13004424 0.93508254
vn -0.32971068 0.13004424 0.93508254
vn -0.32971068 0.13004424 0.93508254
vn -0.35558732 0.14166236 0.92384492
vn -0.35558732 0.14166236 0.92384492
vn -0.35558732 0.14166236 0.92384492
vn 0.30035054 -0.05425187 0.95228477
vn 0.30035054 -0.05425187 0.95228477
vn 0.30035054 -0.05425187 0.95228477
vn -0.73508677 0.13277692 0.66484414
vn -0.73508677 0.13277692 0.66484414
vn -0.73508677 0.13277692 0.66484414
vn -0.48720110 0.04058637 0.87234616
vn -0.48720110 0.04058637 0.87234616
vn -0.48720110 0.04058637 0.87234616
vn -0.39575096 0.03929098 0.91751697
vn -0.39575096 0.03929098 0.91751697
vn -0.39575096 0.03929098 0.91751697
vn 0.59061388 -0.05755736 0.80489899
vn 0.59061388 -0.05755736 0.80489899
vn 0.59061388 -0.05755736 0.80489899
vn 0.50085160 -0.04406815 0.86441060
vn 0.50085160 -0.04406815 0.86441060
vn 0.50085160 -0.04406815 0.86441060
vn 0.53549965 0.05845936 0.84250972
vn 0.53549965 0.05845936 0.84250972
vn 0.53549965 0.05845936 0.84250972
vn 0.50448924 0.05311330 0.86178280
vn 0.50448924 0.05311330 0.86178280
vn 0.50448924 0.05311330 0.86178280
vn -0.45995482 -0.04843001 0.88662060
vn -0.45995482 -0.04843001 0.88662060
vn -0.45995482 -0.04843001 0.88662060
vn -0.48279824 -0.05252116 0.87415524
vn -0.48279824 -0.05252116 0.87415524
vn -0.48279824 -0.05252116 0.87415524
vn -0.65087121 -0.13923711 0.74631072
vn -0.65087121 -0.13923711 0.74631072
vn -0.65087121 -0.13923711 0.74631072
vn -0.46586671 -0.08838206 0.88042991
vn -0.46586671 -0.08838206 0.88042991
vn -0.46586671 -0.08838206 0.88042991
vn 0.44073662 0.08597692 0.89350948
vn 0.44073662 0.08597692 0.89350948
vn 0.44073662 0.08597692 0.89350948
vn 0.52019472 0.10741019 0.84726649
vn 0.52019472 0.10741019 0.84726649
vn 0.52019472 0.10741019 0.84726649
vn 0.20226266 0.08335770 0.97577728
vn 0.20226266 0.08335770 0.97577728
vn 0.20226266 0.08335770 0.97577728
vn -0.76036273 -0.31342820 0.56886842
vn -0.76036273 -0.31342820 0.56886842
vn -0.76036273 -0.31342820 0.56886842
vn 0.45196885 0.23354466 0.86091873
vn 0.45196885 0.23354466 0.86091873
vn 0.45196885 0.23354466 0.86091873
vn 0.50781805 0.25907323 0.82158499
vn 0.50781805 0.25907323 0.82158499
vn 0.50781805 0.25907323 0.82158499
vn -0.33402513 -0.16842379 0.92739454
vn -0.33402513 -0.16842379 0.92739454
vn -0.33402513 -0.16842379 0.92739454
vn -0.42980487 -0.22800532 0.87365974
vn -0.42980487 -0.22800532 0.87365974
vn -0.42980487 -0.22800532 0.87365974
vn -0.43397485 -0.28675723 0.85407033
vn -0.43397485 -0.28675723 0.85407033
vn -0.43397485 -0.28675723 0.85407033
vn -0.39683462 -0.25857021 0.88071774
vn -0.39683462 -0.25857021 0.88071774
vn -0.39683462 -0.25857021 0.88071774
vn 0.34236067 0.22158085 0.91306686
vn 0.34236067 0.22158085 0.91306686
vn 0.34236067 0.22158085 0.91306686
vn 0.44494531 0.29783296 0.84458226
vn 0.44494531 0.29783296 0.84458226
vn 0.44494531 0.29783296 0.84458226
vn 0.45600581 0.44911308 0.76834637
vn 0.45600581 0.44911308 0.76834637
vn 0.45600581 0.44911308 0.76834637
vn 0.49980861 0.49759578 0.70893567
vn 0.49980861 0.49759578 0.70893567
vn 0.49980861 0.49759578 0.70893567
vn -0.24334276 -0.24119705 0.93947234
vn -0.24334276 -0.24119705 0.93947234
vn -0.24334276 -0.24119705 0.93947234
vn -0.22072746 -0.21644398 0.95101598
vn -0.22072746 -0.21644398 0.95101598
vn -0.22072746 -0.21644398 0.95101598
vn -0.41728238 -0.49762449 0.76042441
vn -0.41728238 -0.49762449 0.76042441
vn -0.41728238 -0.49762449 0.76042441
vn 0.21397812 0.26517765 0.94015646
vn 0.21397812 0.26517765 0.94015646
vn 0.21397812 0.26517765 0.94015646
vn 0.25773206 0.45935895 0.85003738
vn 0.25773206 0.45935895 0.85003738
vn 0.25773206 0.45935895 0.85003738
vn 0.24862860 0.44044683 0.86266471
vn 0.24862860 0.44044683 0.86266471
vn 0.24862860 0.44044683 0.86266471
vn -0.22996100 -0.40738803 0.88382857
vn -0.22996100 -0.40738803 0.88382857
vn -0.22996100 -0.40738803 0.88382857
vn -0.23614163 -0.42056349 0.87599285
vn -0.23614163 -0.42056349 0.87599285
vn -0.23614163 -0.42056349 0.87599285
vn -0.29228631 -0.67936551 0.67307594
vn -0.29228631 -0.67936551 0.67307594
vn -0.29228631 -0.67936551 0.67307594
vn -0.19734637 -0.42267507 0.88453388
vn -0.19734637 -0.42267507 0.88453388
vn -0.19734637 -0.42267507 0.88453388
vn 0.17987034 0.39138623 0.90247631
vn 0.17987034 0.39138623 0.90247631
vn 0.17987034 0.39138623 0.90247631
vn 0.21457477 0.48519725 0.84766815
vn 0.21457477 0.48519725 0.84766815
vn 0.21457477 0.48519725 0.84766815
vn -0.15705403 -0.67303229 0.72274585
vn -0.15705403 -0.67303229 0.72274585
vn -0.15705403 -0.67303229 0.72274585
vn -0.10752176 -0.50320096 0.85745429
vn -0.10752176 -0.50320096 0.85745429
vn -0.10752176 -0.50320096 0.85745429
vn 0.07391780 0.35265740 0.93282845
vn 0.07391780 0.35265740 0.93282845
vn 0.07391780 0.35265740 0.93282845
vn 0.05803037 0.25411409 0.96543177
vn 0.05803037 0.25411409 0.96543177
vn 0.05803037 0.25411409 0.96543177
vn 0.04192400 -0.68898013 0.72356669
vn 0.04186182 -0.68853811 0.72399092
vn 0.04186349 -0.68854995 0.72397957
vn 0.04192591 -0.68899368 0.72355368
vn -0.01836538 0.25841574 0.96585921
vn -0.01836538 0.25841574 0.96585921
vn -0.01836538 0.25841574 0.96585921
vn -0.01779380 0.35016854 0.93651769
vn -0.01779380 0.35016854 0.93651769
vn -0.01779380 0.35016854 0.93651769
vn 0.03965202 -0.10938700 0.99320804
vn 0.03433614 -0.09804091 0.99458987
vn 0.03433614 -0.09804091 0.99458987
vn 0.03433614 -0.09804091 0.99458987
vn -0.17159145 0.29548488 0.93981118
vn -0.17159145 0.29548488 0.93981118
vn -0.17159145 0.29548488 0.93981118
vn 0.36468797 -0.61423545 0.69979818
vn 0.36468797 -0.61423545 0.69979818
vn 0.36468797 -0.61423545 0.69979818
vn 0.40999757 -0.55234134 0.72582439
vn 0.40999757 -0.55234134 0.72582439
vn 0.40999757 -0.55234134 0.72582439
vn 0.24379636 -0.35093694 0.90410541
vn 0.24379636 -0.35093694 0.90410541
vn 0.24379636 -0.35093694 0.90410541
vn -0.20161928 0.29083033 0.93529000
vn -0.20161928 0.29083033 0.93529000
vn -0.20161928 0.29083033 0.93529000
vn -0.42786154 0.58273314 0.69090997
vn -0.42786154 0.58273314 0.69090997
vn -0.42786154 0.58273314 0.69090997
vn -0.22031774 0.21573633 0.95127174
vn -0.22031774 0.21573633 0.95127174
vn -0.22031774 0.21573633 0.95127174
vn 0.50701554 -0.47504660 0.71921205
vn 0.50701554 -0.47504660 0.71921205
vn 0.50701554 -0.47504660 0.71921205
vn 0.56570932 -0.42515607 0.70655168
vn 0.56570932 -0.42515607 0.70655168
vn 0.56570932 -0.42515607 0.70655168
vn 0.28427643 -0.22956079 0.93085378
vn 0.28427643 -0.22956079 0.93085378
vn 0.28427643 -0.22956079 0.93085378
vn -0.20692871 0.16977258 0.96351325
vn -0.20692871 0.16977258 0.96351325
vn -0.20692871 0.16977258 0.96351325
vn -0.60875137 0.46402474 0.64350821
vn -0.60875137 0.46402474 0.64350821
vn -0.60875137 0.46402474 0.64350821
vn 0.59450064 -0.30305576 0.74479943
vn 0.59450064 -0.30305576 0.74479943
vn 0.59450064 -0.30305576 0.74479943
vn 0.45521324 -0.22292412 0.86202421
vn 0.45521324 -0.22292412 0.86202421
vn 0.45521324 -0.22292412 0.86202421
vn -0.36512152 0.17931642 0.91352717
vn -0.36512152 0.17931642 0.91352717
vn -0.36512152 0.17931642 0.91352717
vn -0.33083698 0.16496970 0.92915655
vn -0.33083698 0.16496970 0.92915655
vn -0.33083698 0.16496970 0.92915655
vn 0.65541479 -0.12321853 0.74515008
vn 0.65541479 -0.12321853 0.74515008
vn 0.65541479 -0.12321853 0.74515008
vn 0.52222023 -0.09103505 0.84793788
vn 0.52222023 -0.09103505 0.84793788
vn 0.52222023 -0.09103505 0.84793788
vn -0.30244773 0.05456662 0.95160278
vn -0.30244773 0.05456662 0.95160278
vn -0.30244773 0.05456662 0.95160278
vn -0.36296376 0.06165303 0.92976138
vn -0.36296376 0.06165303 0.92976138
vn -0.36296376 0.06165303 0.92976138
vn 0.65254498 0.08121697 0.75338493
vn 0.65254498 0.08121697 0.75338493
vn 0.65254498 0.08121697 0.75338493
vn 0.11641538 -0.00544027 0.99318571
vn 0.11641538 -0.00544027 0.99318571
vn 0.11641538 -0.00544027 0.99318571
vn -0.43750475 -0.03598169 0.89849591
vn -0.43750475 -0.03598169 0.89849591
vn -0.43750475 -0.03598169 0.89849591
vn -0.45324301 -0.14251358 0.87992082
vn -0.45324301 -0.14251358 0.87992082
vn -0.45324301 -0.14251358 0.87992082
vn -0.39703609 -0.12107942 0.90978136
vn -0.39703609 -0.12107942 0.90978136
vn -0.39703609 -0.12107942 0.90978136
vn 0.48748393 0.15300099 0.85962208
vn 0.48748393 0.15300099 0.85962208
vn 0.48748393 0.15300099 0.85962208
vn 0.61821853 0.18382227 0.76420888
vn 0.61821853 0.18382227 0.76420888
vn 0.61821853 0.18382227 0.76420888
vn 0.63356418 0.26827112 0.72569073
vn 0.63356418 0.26827112 0.72569073
vn 0.63356418 0.26827112 0.72569073
vn 0.46337483 0.18525865 0.86658121
vn 0.46337483 0.18525865 0.86658121
vn 0.46337483 0.18525865 0.86658121
vn -0.32991303 -0.13239993 0.93468051
vn -0.32991303 -0.13239993 0.93468051
vn -0.32991303 -0.13239993 0.93468051
vn -0.40231479 -0.16743460 0.90006026
vn -0.40231479 -0.16743460 0.90006026
vn -0.40231479 -0.16743460 0.90006026
vn -0.45870620 -0.30274400 0.83542486
vn -0.45870620 -0.30274400 0.83542486
vn -0.45870620 -0.30274400 0.83542486
vn -0.38121647 -0.24491268 0.89145487
vn -0.38121647 -0.24491268 0.89145487
vn -0.38121647 -0.24491268 0.89145487
vn 0.31606339 0.19821508 0.92780101
vn 0.31606339 0.19821508 0.92780101
vn 0.31606339 0.19821508 0.92780101
vn 0.54757456 0.37090428 0.75006141
vn 0.54757456 0.37090428 0.75006141
vn 0.54757456 0.37090428 0.75006141
vn 0.51962945 0.41951150 0.74430863
vn 0.51962945 0.41951150 0.74430863
vn 0.51962945 0.41951150 0.74430863
vn 0.50188469 0.40262049 0.76551192
vn 0.50188469 0.40262049 0.76551192
vn 0.50188469 0.40262049 0.76551192
vn -0.35710661 -0.28647697 0.88904770
vn -0.35710661 -0.28647697 0.88904770
vn -0.35710661 -0.28647697 0.88904770
vn -0.36898583 -0.29754426 0.88052079
vn -0.36898583 -0.29754426 0.88052079
vn -0.36898583 -0.29754426 0.88052079
vn 0.44920521 0.53963260 0.71204729
vn 0.44920521 0.53963260 0.71204729
vn 0.44920521 0.53963260 0.71204729
vn 0.34024105 0.39451866 0.85357545
vn 0.34024105 0.39451866 0.85357545
vn 0.34024105 0.39451866 0.85357545
vn -0.16929714 -0.19461059 0.96616003
vn -0.16929714 -0.19461059 0.96616003
vn -0.16929714 -0.19461059 0.96616003
vn -0.20452655 -0.24145309 0.94861441
vn -0.20452655 -0.24145309 0.94861441
vn -0.20452655 -0.24145309 0.94861441
vn 0.15484105 0.34971056 0.92397336
vn 0.15484105 0.34971056 0.92397336
vn 0.15484105 0.34971056 0.92397336
vn 0.13470855 0.29405039 0.94624942
vn 0.13470855 0.29405039 0.94624942
vn 0.13470855 0.29405039 0.94624942
vn -0.21715896 -0.47707908 0.85160880
vn -0.21715896 -0.47707908 0.85160880
vn -0.21715896 -0.47707908 0.85160880
vn -0.28820441 -0.66391780 0.69003723
vn -0.28820441 -0.66391780 0.69003723
vn -0.28820441 -0.66391780 0.69003723
vn -0.11513470 -0.87112679 0.47737001
vn -0.11513470 -0.87112679 0.47737001
vn -0.11513470 -0.87112679 0.47737001
vn 0.02069047 0.10650560 0.99409681
vn 0.02069047 0.10650560 0.99409681
vn 0.02069047 0.10650560 0.99409681
vn 0.02844704 0.21169978 0.97692066
vn 0.02844704 0.21169978 0.97692066
vn 0.02844704 0.21169978 0.97692066
vn 0.30958598 -0.19411462 0.93084695
vn 0.30958598 -0.19411462 0.93084695
vn 0.30958598 -0.19411462 0.93084695
vn 0.27357716 -0.21856107 0.93668917
vn 0.27357716 -0.21856107 0.93668917
vn 0.27357716 -0.21856107 0.93668917
vn -0.99929714 -0.01624773 -0.03378228
vn -0.99929714 -0.01624773 -0.03378228
vn -0.99929714 -0.01624773 -0.03378228
vn -0.98547576 -0.06596635 0.15647992
vn -0.98547576 -0.06596635 0.15647992
vn -0.98547576 -0.06596635 0.15647992
vn -0.99383090 -0.10761677 -0.02681014
vn -0.99383090 -0.10761677 -0.02681014
vn -0.99383090 -0.10761677 -0.02681014
vn -0.97519787 -0.19821624 0.09848575
vn -0.97519787 -0.19821624 0.09848575
vn -0.97519787 -0.19821624 0.09848575
vn -0.97597132 -0.20021670 0.08598401
vn -0.97597132 -0.20021670 0.08598401
vn -0.97597132 -0.20021670 0.08598401
vn -0.95723022 -0.28917777 -0.00930207
vn -0.95723022 -0.28917777 -0.00930207
vn -0.95723022 -0.28917777 -0.00930207
vn -0.92529236 -0.32130340 0.20148988
vn -0.92529236 -0.32130340 0.20148988
vn -0.92529236 -0.32130340 0.20148988
vn -0.92273932 -0.38507033 -0.01652234
vn -0.92273932 -0.38507033 -0.01652234
vn -0.92273932 -0.38507033 -0.01652234
vn -0.87863471 -0.44399089 0.17570751
vn -0.87863471 -0.44399089 0.17570751
vn -0.87863471 -0.44399089 0.17570751
vn -0.88027678 -0.47414456 0.01731262
vn -0.88027678 -0.47414456 0.01731262
vn -0.88027678 -0.47414456 0.01731262
vn -0.82414096 -0.56574070 0.02700256
vn -0.82414096 -0.56574070 0.02700256
vn -0.82414096 -0.56574070 0.02700256
vn -0.81910599 -0.53608790 0.20414490
vn -0.81910599 -0.53608790 0.20414490
vn -0.81910599 -0.53608790 0.20414490
vn -0.77534238 -0.63039009 -0.03811198
vn -0.77534238 -0.63039009 -0.03811198
vn -0.77534238 -0.63039009 -0.03811198
vn -0.73351903 -0.66343153 0.14767682
vn -0.73351903 -0.66343153 0.14767682
vn -0.73351903 -0.66343153 0.14767682
vn -0.71544943 -0.69822206 -0.02486091
vn -0.71544943 -0.69822206 -0.02486091
vn -0.71544943 -0.69822206 -0.02486091
vn -0.64285890 -0.76038093 0.09248386
vn -0.64285890 -0.76038093 0.09248386
vn -0.64285890 -0.76038093 0.09248386
vn -0.64442132 -0.75164580 0.14053382
vn -0.64442132 -0.75164580 0.14053382
vn -0.64442132 -0.75164580 0.14053382
vn -0.56614079 -0.82430588 0.00210177
vn -0.56614079 -0.82430588 0.00210177
vn -0.56614079 -0.82430588 0.00210177
vn -0.53093483 -0.83169448 0.16245768
vn -0.53093483 -0.83169448 0.16245768
vn -0.53093483 -0.83169448 0.16245768
vn -0.48779377 -0.87193623 -0.04224275
vn -0.48779377 -0.87193623 -0.04224275
vn -0.48779377 -0.87193623 -0.04224275
vn -0.41700264 -0.89862308 0.13632810
vn -0.41700264 -0.89862308 0.13632810
vn -0.41700264 -0.89862308 0.13632810
vn -0.40366197 -0.91455958 0.02525443
vn -0.40366197 -0.91455958 0.02525443
vn -0.40366197 -0.91455958 0.02525443
vn -0.29623077 -0.95495485 0.01756593
vn -0.29623077 -0.95495485 0.01756593
vn -0.29623077 -0.95495485 0.01756593
vn -0.31318124 -0.91680802 0.24775103
vn -0.31318124 -0.91680802 0.24775103
vn -0.31318124 -0.91680802 0.24775103
vn -0.22441117 -0.97438690 -0.01448435
vn -0.22441117 -0.97438690 -0.01448435
vn -0.22441117 -0.97438690 -0.01448435
vn -0.16288464 -0.96563867 0.20251061
vn -0.16288464 -0.96563867 0.20251061
vn -0.16288464 -0.96563867 0.20251061
vn -0.12410029 -0.99217535 -0.01368187
vn -0.12410029 -0.99217535 -0.01368187
vn -0.12410029 -0.99217535 -0.01368187
vn -0.03328798 -0.99570815 0.08635508
vn -0.03328798 -0.99570815 0.08635508
vn -0.03328798 -0.99570815 0.08635508
vn -0.04197045 -0.98773241 0.15040999
vn -0.04197045 -0.98773241 0.15040999
vn -0.04197045 -0.98773241 0.15040999
vn 0.06221371 -0.99806199 0.00131109
vn 0.06221371 -0.99806199 0.00131109
vn 0.06221371 -0.99806199 0.00131109
vn 0.09841814 -0.97831964 0.18222115
vn 0.09841814 -0.97831964 0.18222115
vn 0.09841814 -0.97831964 0.18222115
vn 0.15777211 -0.98681624 -0.03607858
vn 0.15777211 -0.98681624 -0.03607858
vn 0.15777211 -0.98681624 -0.03607858
vn 0.22977586 -0.96417636 0.13254057
vn 0.22983855 -0.96420593 0.13221634
vn 0.23077348 -0.96463579 0.12736324
vn 0.23094281 -0.96471137 0.12648081
vn 0.35870000 -0.93134185 0.06274295
vn 0.35870000 -0.93134185 0.06274295
vn 0.35870000 -0.93134185 0.06274295
vn 0.31918111 -0.89763573 0.30393010
vn 0.31918111 -0.89763573 0.30393010
vn 0.31918111 -0.89763573 0.30393010
vn 0.43371969 -0.90102540 -0.00635985
vn 0.43371969 -0.90102540 -0.00635985
vn 0.43371969 -0.90102540 -0.00635985
vn 0.47338679 -0.86381950 0.17239726
vn 0.47338679 -0.86381950 0.17239726
vn 0.47338679 -0.86381950 0.17239726
vn 0.58254953 -0.80194883 0.13234090
vn 0.58254953 -0.80194883 0.13234090
vn 0.58254953 -0.80194883 0.13234090
vn 0.59113618 -0.80229207 0.08297867
vn 0.59113618 -0.80229207 0.08297867
vn 0.59113618 -0.80229207 0.08297867
vn 0.51177423 -0.85905979 -0.01016937
vn 0.51177423 -0.85905979 -0.01016937
vn 0.51177423 -0.85905979 -0.01016937
vn 0.66209371 -0.74936901 -0.00883249
vn 0.66209371 -0.74936901 -0.00883249
vn 0.66209371 -0.74936901 -0.00883249
vn 0.68041991 -0.70354874 0.20505587
vn 0.68041991 -0.70354874 0.20505587
vn 0.68041991 -0.70354874 0.20505587
vn 0.73598680 -0.67636471 -0.02922678
vn 0.73598680 -0.67636471 -0.02922678
vn 0.73598680 -0.67636471 -0.02922678
vn 0.77829055 -0.61460781 0.12853426
vn 0.77829055 -0.61460781 0.12853426
vn 0.77829055 -0.61460781 0.12853426
vn 0.78776821 -0.61123994 0.07620355
vn 0.78776821 -0.61123994 0.07620355
vn 0.78776821 -0.61123994 0.07620355
vn 0.86017869 -0.50948957 0.02264966
vn 0.86017869 -0.50948957 0.02264966
vn 0.86017869 -0.50948957 0.02264966
vn 0.82798663 -0.51538141 0.22095282
vn 0.82798663 -0.51538141 0.22095282
vn 0.82798663 -0.51538141 0.22095282
vn 0.89387839 -0.44721674 -0.03128287
vn 0.89387839 -0.44721674 -0.03128287
vn 0.89387839 -0.44721674 -0.03128287
vn 0.90604779 -0.38419823 0.17739536
vn 0.90604779 -0.38419823 0.17739536
vn 0.90604779 -0.38419823 0.17739536
vn 0.95085209 -0.27268008 0.14671697
vn 0.95085209 -0.27268008 0.14671697
vn 0.95085209 -0.27268008 0.14671697
vn 0.96264830 -0.26369333 0.06143351
vn 0.96264830 -0.26369333 0.06143351
vn 0.96264830 -0.26369333 0.06143351
vn 0.93449315 -0.35555182 -0.01747714
vn 0.93449315 -0.35555182 -0.01747714
vn 0.93449315 -0.35555182 -0.01747714
vn 0.98364815 -0.17973804 -0.01142643
vn 0.98364815 -0.17973804 -0.01142643
vn 0.98364815 -0.17973804 -0.01142643
vn 0.96990562 -0.13043846 0.20559398
vn 0.96990562 -0.13043846 0.20559398
vn 0.96990562 -0.13043846 0.20559398
vn 0.99669682 -0.07851121 -0.02077092
vn 0.99669682 -0.07851121 -0.02077092
vn 0.99669682 -0.07851121 -0.02077092
vn 0.99014256 0.00000033 0.14006324
vn 0.99011865 -0.00002608 0.14023215
vn 0.98975607 -0.00042270 0.14276817
vn 0.98967865 -0.00050645 0.14330354
vn 0.99018044 0.13316580 0.04253898
vn 0.99018044 0.13316580 0.04253898
vn 0.99018044 0.13316580 0.04253898
vn 0.97409832 0.11582081 0.19421121
vn 0.97409832 0.11582081 0.19421121
vn 0.97409832 0.11582081 0.19421121
vn 0.97827740 0.20288846 -0.04253954
vn 0.97827740 0.20288846 -0.04253954
vn 0.97827740 0.20288846 -0.04253954
vn 0.95300961 0.26105414 0.15369914
vn 0.95300961 0.26105414 0.15369914
vn 0.95300961 0.26105414 0.15369914
vn 0.95628131 0.29243791 0.00247497
vn 0.95628131 0.29243791 0.00247497
vn 0.95628131 0.29243791 0.00247497
vn 0.91767165 0.38912660 0.08036931
vn 0.91767165 0.38912660 0.08036931
vn 0.91767165 0.38912660 0.08036931
vn 0.91390028 0.37807522 0.14780190
vn 0.91390028 0.37807522 0.14780190
vn 0.91390028 0.37807522 0.14780190
vn 0.88183403 0.47101838 -0.02259255
vn 0.88183403 0.47101838 -0.02259255
vn 0.88183403 0.47101838 -0.02259255
vn 0.84853947 0.50258465 0.16549754
vn 0.84853947 0.50258465 0.16549754
vn 0.84853947 0.50258465 0.16549754
vn 0.83334110 0.55158545 -0.03600131
vn 0.83334110 0.55158545 -0.03600131
vn 0.83334110 0.55158545 -0.03600131
vn 0.77917547 0.61530746 0.11950864
vn 0.77917547 0.61530746 0.11950864
vn 0.77917547 0.61530746 0.11950864
vn 0.77714897 0.62719558 0.05162536
vn 0.77714897 0.62719558 0.05162536
vn 0.77714897 0.62719558 0.05162536
vn 0.69509128 0.71872613 -0.01675889
vn 0.69509128 0.71872613 -0.01675889
vn 0.69509128 0.71872613 -0.01675889
vn 0.68784999 0.65964760 0.30286537
vn 0.68784999 0.65964760 0.30286537
vn 0.68784999 0.65964760 0.30286537
vn 0.64306992 0.76566299 -0.01487475
vn 0.64306992 0.76566299 -0.01487475
vn 0.64306992 0.76566299 -0.01487475
vn 0.58263921 0.79077540 0.18763215
vn 0.58263921 0.79077540 0.18763215
vn 0.58263921 0.79077540 0.18763215
vn 0.48484205 0.86785344 0.10843705
vn 0.48484205 0.86785344 0.10843705
vn 0.48484205 0.86785344 0.10843705
vn 0.48003426 0.87595655 0.04761547
vn 0.48003426 0.87595655 0.04761547
vn 0.48003426 0.87595655 0.04761547
vn 0.56411088 0.82565245 -0.00877231
vn 0.56411088 0.82565245 -0.00877231
vn 0.56411088 0.82565245 -0.00877231
vn 0.40591493 0.91282993 -0.04443629
vn 0.40591493 0.91282993 -0.04443629
vn 0.40591493 0.91282993 -0.04443629
vn 0.35445597 0.92029670 0.16557458
vn 0.35445597 0.92029670 0.16557458
vn 0.35445597 0.92029670 0.16557458
vn 0.31808957 0.94791192 -0.01679337
vn 0.31808957 0.94791192 -0.01679337
vn 0.31808957 0.94791192 -0.01679337
vn 0.22921797 0.96186367 0.14925615
vn 0.22921797 0.96186367 0.14925615
vn 0.22921797 0.96186367 0.14925615
vn 0.23021113 0.96013582 0.15856244
vn 0.23021113 0.96013582 0.15856244
vn 0.23021113 0.96013582 0.15856244
vn 0.10007978 0.99475184 0.02127960
vn 0.10007978 0.99475184 0.02127960
vn 0.10007978 0.99475184 0.02127960
vn 0.11558759 0.97188625 0.20512586
vn 0.11558759 0.97188625 0.20512586
vn 0.11558759 0.97188625 0.20512586
vn 0.03745738 0.99860904 -0.03710711
vn 0.03745738 0.99860904 -0.03710711
vn 0.03745738 0.99860904 -0.03710711
vn -0.03293735 0.98479261 0.17058324
vn -0.03293735 0.98479261 0.17058324
vn -0.03293735 0.98479261 0.17058324
vn -0.05265561 0.99661329 0.06316114
vn -0.05265561 0.99661329 0.06316114
vn -0.05265561 0.99661329 0.06316114
vn -0.16496585 0.97797301 0.12788687
vn -0.16496585 0.97797301 0.12788687
vn -0.16496585 0.97797301 0.12788687
vn -0.16242884 0.97580504 0.14636047
vn -0.16242884 0.97580504 0.14636047
vn -0.16242884 0.97580504 0.14636047
vn -0.24499721 0.96935931 -0.01785774
vn -0.24499721 0.96935931 -0.01785774
vn -0.24499721 0.96935931 -0.01785774
vn -0.28991471 0.93460627 0.20605965
vn -0.28991471 0.93460627 0.20605965
vn -0.28991471 0.93460627 0.20605965
vn -0.34264270 0.93934241 -0.01522573
vn -0.34264270 0.93934241 -0.01522573
vn -0.34264270 0.93934241 -0.01522573
vn -0.41762649 0.89997580 0.12502672
vn -0.41762649 0.89997580 0.12502672
vn -0.41762649 0.89997580 0.12502672
vn -0.42810890 0.90143955 0.06426123
vn -0.42810890 0.90143955 0.06426123
vn -0.42810890 0.90143955 0.06426123
vn -0.53776649 0.84237320 -0.03485089
vn -0.53776649 0.84237320 -0.03485089
vn -0.53776649 0.84237320 -0.03485089
vn -0.49298348 0.83131554 0.25667441
vn -0.49298348 0.83131554 0.25667441
vn -0.49298348 0.83131554 0.25667441
vn -0.59082937 0.80564188 -0.04314876
vn -0.59082937 0.80564188 -0.04314876
vn -0.59082937 0.80564188 -0.04314876
vn -0.63868647 0.75545195 0.14619146
vn -0.63868647 0.75545195 0.14619146
vn -0.63868647 0.75545195 0.14619146
vn -0.66471646 0.74706807 0.00642844
vn -0.66471646 0.74706807 0.00642844
vn -0.66471646 0.74706807 0.00642844
vn -0.74094957 0.67014982 0.04350805
vn -0.74094957 0.67014982 0.04350805
vn -0.74094957 0.67014982 0.04350805
vn -0.72262886 0.67297527 0.15783480
vn -0.72262886 0.67297527 0.15783480
vn -0.72262886 0.67297527 0.15783480
vn -0.79202245 0.60961319 -0.03274424
vn -0.79202245 0.60961319 -0.03274424
vn -0.79202245 0.60961319 -0.03274424
vn -0.81041463 0.55631734 0.18368217
vn -0.81041463 0.55631734 0.18368217
vn -0.81041463 0.55631734 0.18368217
vn -0.84855579 0.52883407 -0.01695883
vn -0.84855579 0.52883407 -0.01695883
vn -0.84855579 0.52883407 -0.01695883
vn -0.88611771 0.44778152 0.11952873
vn -0.88611771 0.44778152 0.11952873
vn -0.88611771 0.44778152 0.11952873
vn -0.89072966 0.44543542 0.09048733
vn -0.89072966 0.44543542 0.09048733
vn -0.89072966 0.44543542 0.09048733
vn -0.94405102 0.32780856 -0.03618305
vn -0.94405102 0.32780856 -0.03618305
vn -0.94405102 0.32780856 -0.03618305
vn -0.90966306 0.34532363 0.23079147
vn -0.90966306 0.34532363 0.23079147
vn -0.90966306 0.34532363 0.23079147
vn -0.96143808 0.27170984 -0.04255099
vn -0.96143808 0.27170984 -0.04255099
vn -0.96143808 0.27170984 -0.04255099
vn -0.96741695 0.19663469 0.15949685
vn -0.96741695 0.19663469 0.15949685
vn -0.96741695 0.19663469 0.15949685
vn -0.98409866 0.17604325 0.02363462
vn -0.98409866 0.17604325 0.02363462
vn -0.98409866 0.17604325 0.02363462
vn -0.99658087 0.06671040 0.04874721
vn -0.99658087 0.06671040 0.04874721
vn -0.99658087 0.06671040 0.04874721
vn -0.98559348 0.07820816 0.14996324
vn -0.98559348 0.07820816 0.14996324
vn -0.98559348 0.07820816 0.14996324
f 1//1 2//2 3//3
f 3//3 2//2 4//4
f 3//3 4//4 5//5
f 6//6 7//7 1//1
f 1//1 7//7 2//2
f 8//8 9//9 10//10
f 10//10 9//9 11//11
f 10//10 11//11 12//12
f 13//13 14//14 1//1
f 1//1 14//14 15//15
f 16//16 17//17 12//12
f 12//12 17//17 18//18
f 12//12 18//18 10//10
f 8//8 10//10 1//1
f 1//1 10//10 19//19
f 1//1 19//19 13//13
f 15//15 20//20 1//1
f 1//1 20//20 21//21
f 1//1 21//21 6//6
f 4//4 22//22 23//23
f 24//24 25//25 26//26
f 26//26 25//25 27//27
f 16//16 28//28 17//17
f 17//17 28//28 25//25
f 17//17 25//25 29//29
f 29//29 25//25 24//24
f 23//23 30//30 4//4
f 4//4 30//30 31//31
f 4//4 31//31 5//5
f 32//32 33//33 34//34
f 34//34 33//33 35//35
f 32//32 36//36 33//33
f 33//33 36//36 37//37
f 33//33 37//37 4//4
f 4//4 37//37 38//38
f 4//4 38//38 22//22
f 33//33 39//39 35//35
f 35//35 39//39 40//40
f 35//35 40//40 41//41
f 42//42 43//43 44//44
f 44//44 43//43 45//45
f 41//41 46//46 35//35
f 35//35 46//46 43//43
f 35//35 43//43 47//47
f 47//47 43//43 42//42
f 48//48 49//49 50//50
f 51//51 52//52 53//53
f 54//54 55//55 56//56
f 57//57 58//58 59//59
f 57//57 59//59 60//60
f 61//61 62//62 63//63
f 61//61 63//63 64//64
f 65//65 66//66 67//67
f 65//65 67//67 68//68
f 69//69 70//70 71//71
f 69//69 71//71 72//72
f 73//73 74//74 75//75
f 73//73 75//75 76//76
f 77//77 78//78 79//79
f 80//80 81//81 82//82
f 83//83 84//84 85//85
f 86//86 87//87 88//88
f 89//89 90//90 91//91
f 89//89 91//91 92//92
f 93//93 94//94 95//95
f 93//93 95//95 96//96
f 97//97 98//98 99//99
f 97//97 99//99 100//100
f 101//101 102//102 103//103
f 101//101 103//103 104//104
f 105//105 106//106 107//107
f 105//105 107//107 108//108
f 109//109 110//110 111//111
f 109//109 111//111 112//112
f 113//113 114//114 115//115
f 113//113 115//115 116//116
f 117//117 118//118 119//119
f 117//117 119//119 120//120
f 121//121 122//122 123//123
f 121//121 123//123 124//124
f 125//125 126//126 127//127
f 125//125 127//127 128//128
f 129//129 130//130 131//131
f 129//129 131//131 132//132
f 133//133 134//134 135//135
f 133//133 135//135 136//136
f 137//137 138//138 139//139
f 137//137 139//139 140//140
f 141//141 142//142 143//143
f 141//141 143//143 144//144
f 145//145 146//146 147//147
f 148//148 149//149 150//150
f 151//151 152//152 153//153
f 154//154 155//155 156//156
f 157//157 158//158 159//159
f 157//157 159//159 160//160
f 161//161 162//162 163//163
f 161//161 163//163 164//164
f 165//165 166//166 167//167
f 165//165 167//167 168//168
f 169//169 170//170 171//171
f 169//169 171//171 172//172
f 173//173 174//174 175//175
f 173//173 175//175 176//176
f 177//177 178//178 179//179
f 177//177 179//179 180//180
f 181//181 182//182 183//183
f 181//181 183//183 184//184
f 185//185 186//186 187//187
f 185//185 187//187 188//188
f 189//189 190//190 191//191
f 192//192 193//193 194//194
f 195//195 196//196 197//197
f 198//198 199//199 200//200
f 201//201 202//202 203//203
f 201//201 203//203 204//204
f 205//205 206//206 207//207
f 205//205 207//207 208//208
f 209//209 210//210 211//211
f 209//209 211//211 212//212
f 213//213 214//214 215//215
f 213//213 215//215 216//216
f 217//217 218//218 219//219
f 217//217 219//219 220//220
f 221//221 222//222 223//223
f 221//221 223//223 224//224
f 225//225 226//226 227//227
f 225//225 227//227 228//228
f 229//229 230//230 231//231
f 229//229 231//231 232//232
f 233//233 234//234 235//235
f 233//233 235//235 236//236
f 237//237 238//238 239//239
f 237//237 239//239 240//240
f 241//241 242//242 243//243
f 241//241 243//243 244//244
f 245//245 246//246 247//247
f 248//248 249//249 250//250
f 251//251 252//252 253//253
f 254//254 255//255 256//256
f 257//257 258//258 259//259
f 260//260 261//261 262//262
f 263//263 264//264 265//265
f 266//266 267//267 268//268
f 269//269 270//270 271//271
f 272//272 273//273 274//274
f 275//275 276//276 277//277
f 278//278 279//279 280//280
f 281//281 282//282 283//283
f 284//284 285//285 286//286
f 287//287 288//288 289//289
f 290//290 291//291 292//292
f 293//293 294//294 295//295
f 296//296 297//297 298//298
f 299//299 300//300 301//301
f 302//302 303//303 304//304
f 305//305 306//306 307//307
f 308//308 309//309 310//310
f 311//311 312//312 313//313
f 314//314 315//315 316//316
f 317//317 318//318 319//319
f 320//320 321//321 322//322
f 323//323 324//324 325//325
f 326//326 327//327 328//328
f 329//329 330//330 331//331
f 332//332 333//333 334//334
f 335//335 336//336 337//337
f 338//338 339//339 340//340
f 341//341 342//342 343//343
f 344//344 345//345 346//346
f 347//347 348//348 349//349
f 350//350 351//351 352//352
f 353//353 354//354 355//355
f 356//356 357//357 358//358
f 359//359 360//360 361//361
f 362//362 363//363 364//364
f 365//365 366//366 367//367
f 368//368 369//369 370//370
f 371//371 372//372 373//373
f 374//374 375//375 376//376
f 377//377 378//378 379//379
f 380//380 381//381 382//382
f 383//383 384//384 385//385
f 386//386 387//387 388//388
f 389//389 390//390 391//391
f 392//392 393//393 394//394
f 395//395 396//396 397//397
f 398//398 399//399 400//400
f 401//401 402//402 403//403
f 404//404 405//405 406//406
f 407//407 408//408 409//409
f 410//410 411//411 412//412
f 413//413 414//414 415//415
f 416//416 417//417 418//418
f 419//419 420//420 421//421
f 422//422 423//423 424//424
f 425//425 426//426 427//427
f 428//428 429//429 430//430
f 431//431 432//432 433//433
f 434//434 435//435 436//436
f 437//437 438//438 439//439
f 440//440 441//441 442//442
f 443//443 444//444 445//445
f 446//446 447//447 448//448
f 449//449 450//450 451//451
f 452//452 453//453 454//454
f 455//455 456//456 457//457
f 458//458 459//459 460//460
f 461//461 462//462 463//463
f 464//464 465//465 466//466
f 467//467 468//468 469//469
f 470//470 471//471 472//472
f 473//473 474//474 475//475
f 476//476 477//477 478//478
f 479//479 480//480 481//481
f 482//482 483//483 484//484
f 485//485 486//486 487//487
f 488//488 489//489 490//490
f 491//491 492//492 493//493
f 494//494 495//495 496//496
f 497//497 498//498 499//499
f 500//500 501//501 502//502
f 503//503 504//504 505//505
f 506//506 507//507 508//508
f 509//509 510//510 511//511
f 512//512 513//513 514//514
f 515//515 516//516 517//517
f 518//518 519//519 520//520
f 521//521 522//522 523//523
f 524//524 525//525 526//526
f 527//527 528//528 529//529
f 530//530 531//531 532//532
f 532//532 531//531 533//533
f 534//534 535//535 533//533
f 533//533 535//535 532//532
f 531//531 530//530 536//536
f 536//536 530//530 537//537
f 538//538 539//539 540//540
f 538//538 540//540 541//541
f 542//542 543//543 544//544
f 545//545 534//534 546//546
f 539//539 538//538 547//547
f 548//548 549//549 544//544
f 550//550 551//551 552//552
f 553//553 554//554 555//555
f 556//556 557//557 558//558
f 556//556 558//558 559//559
f 560//560 561//561 559//559
f 560//560 559//559 558//558
f 562//562 563//563 564//564
f 565//565 566//566 567//567
f 568//568 569//569 570//570
f 568//568 570//570 571//571
f 572//572 573//573 555//555
f 574//574 575//575 576//576
f 577//577 578//578 579//579
f 577//577 579//579 580//580
f 557//557 556//556 581//581
f 582//582 578//578 577//577
f 583//583 584//584 561//561
f 583//583 561//561 560//560
f 563//563 585//585 586//586
f 563//563 562//562 585//585
f 566//566 565//565 587//587
f 588//588 589//589 590//590
f 536//536 591//591 567//567
f 567//567 591//591 565//565
f 592//592 593//593 541//541
f 592//592 541//541 540//540
f 594//594 595//595 593//593
f 594//594 593//593 592//592
f 596//596 597//597 598//598
f 599//599 595//595 594//594
f 600//600 601//601 602//602
f 603//603 604//604 605//605
f 569//569 568//568 605//605
f 605//605 568//568 603//603
f 573//573 572//572 606//606
f 606//606 572//572 607//607
f 579//579 608//608 580//580
f 580//580 608//608 607//607
f 607//607 608//608 606//606
f 609//609 610//610 584//584
f 609//609 584//584 583//583
f 611//611 612//612 613//613
f 614//614 615//615 616//616
f 614//614 616//616 617//617
f 618//618 619//619 620//620
f 621//621 622//622 623//623
f 624//624 625//625 626//626
f 627//627 628//628 629//629
f 627//627 629//629 630//630
f 621//621 631//631 622//622
f 632//632 633//633 596//596
f 596//596 633//633 597//597
f 610//610 609//609 634//634
f 634//634 609//609 635//635
f 615//615 636//636 635//635
f 635//635 636//636 634//634
f 637//637 638//638 639//639
f 640//640 628//628 627//627
f 641//641 642//642 643//643
f 632//632 644//644 633//633
f 645//645 646//646 637//637
f 637//637 646//646 638//638
f 647//647 648//648 646//646
f 647//647 646//646 645//645
f 649//649 650//650 651//651
f 651//651 650//650 652//652
f 653//653 654//654 655//655
f 655//655 654//654 656//656
f 657//657 658//658 659//659
f 656//656 660//660 655//655
f 658//658 657//657 661//661
f 661//661 657//657 662//662
f 663//663 664//664 662//662
f 662//662 664//664 661//661
f 665//665 666//666 667//667
f 668//668 669//669 670//670
f 671//671 672//672 673//673
f 674//674 675//675 676//676
f 677//677 678//678 679//679
f 641//641 680//680 642//642
f 650//650 649//649 647//647
f 647//647 649//649 648//648
f 651//651 652//652 681//681
f 681//681 652//652 682//682
f 654//654 653//653 682//682
f 682//682 653//653 681//681
f 683//683 684//684 685//685
f 686//686 687//687 688//688
f 689//689 690//690 691//691
f 692//692 693//693 694//694
f 695//695 696//696 697//697
f 698//698 699//699 700//700
f 701//701 702//702 703//703
f 704//704 705//705 706//706
f 707//707 708//708 709//709
f 710//710 711//711 712//712
f 713//713 714//714 715//715
f 716//716 717//717 718//718
f 719//719 720//720 721//721
f 722//722 723//723 724//724
f 725//725 726//726 727//727
f 728//728 729//729 730//730
f 731//731 732//732 733//733
f 734//734 735//735 736//736
f 737//737 738//738 739//739
f 740//740 741//741 742//742
f 743//743 744//744 745//745
f 746//746 747//747 748//748
f 749//749 750//750 751//751
f 752//752 753//753 754//754
f 755//755 756//756 757//757
f 758//758 759//759 760//760
f 761//761 762//762 763//763
f 764//764 765//765 766//766
f 767//767 768//768 769//769
f 770//770 771//771 772//772
f 773//773 774//774 775//775
f 776//776 777//777 778//778
f 779//779 780//780 781//781
f 782//782 783//783 784//784
f 785//785 786//786 787//787
f 788//788 789//789 790//790
f 791//791 792//792 793//793
f 794//794 795//795 796//796
f 797//797 798//798 799//799
f 800//800 801//801 802//802
f 803//803 804//804 805//805
f 806//806 807//807 808//808
f 809//809 810//810 811//811
f 812//812 813//813 814//814
f 815//815 816//816 817//817
f 818//818 819//819 820//820
f 821//821 822//822 823//823
f 824//824 825//825 826//826
f 827//827 828//828 829//829
f 830//830 831//831 832//832
f 833//833 834//834 835//835
f 836//836 837//837 838//838
f 839//839 840//840 841//841
f 842//842 843//843 844//844
f 845//845 846//846 847//847
f 848//848 849//849 850//850
f 851//851 852//852 853//853
f 854//854 855//855 856//856
f 857//857 858//858 859//859
f 860//860 861//861 862//862
f 863//863 864//864 865//865
f 866//866 867//867 868//868
f 869//869 870//870 871//871
f 872//872 873//873 874//874
f 875//875 876//876 877//877
f 878//878 879//879 880//880
f 881//881 882//882 883//883
f 884//884 885//885 886//886
f 887//887 888//888 889//889
f 890//890 891//891 892//892
f 893//893 894//894 895//895
f 896//896 897//897 898//898
f 899//899 900//900 901//901
f 902//902 903//903 904//904
f 905//905 906//906 907//907
f 908//908 909//909 910//910
f 911//911 912//912 913//913
f 914//914 915//915 916//916
f 917//917 918//918 919//919
f 920//920 921//921 922//922
f 923//923 924//924 925//925
f 926//926 927//927 928//928
f 929//929 930//930 931//931
f 932//932 933//933 934//934
f 935//935 936//936 937//937
f 938//938 939//939 940//940
f 941//941 942//942 943//943
f 944//944 945//945 946//946
f 947//947 948//948 949//949
f 950//950 951//951 952//952
f 953//953 954//954 955//955
f 956//956 957//957 958//958
f 959//959 960//960 961//961
f 962//962 963//963 964//964
f 965//965 966//966 967//967
f 968//968 969//969 970//970
f 971//971 972//972 973//973
f 974//974 975//975 976//976
f 977//977 978//978 979//979
f 980//980 981//981 982//982
f 983//983 984//984 985//985
f 986//986 987//987 988//988
f 989//989 990//990 991//991
f 992//992 993//993 994//994
f 995//995 996//996 997//997
f 998//998 999//999 1000//1000
f 1001//1001 1002//1002 1003//1003
f 1004//1004 1005//1005 1006//1006
f 1007//1007 1008//1008 1009//1009
f 1010//1010 1011//1011 1012//1012
f 1013//1013 1014//1014 1015//1015
f 1016//1016 1017//1017 1018//1018
f 1019//1019 1020//1020 1021//1021
f 1022//1022 1023//1023 1024//1024
f 1025//1025 1026//1026 1027//1027
f 1028//1028 1029//1029 1030//1030
f 1031//1031 1032//1032 1033//1033
f 1034//1034 1035//1035 1036//1036
f 1037//1037 1038//1038 1039//1039
f 1040//1040 1041//1041 1042//1042
f 1043//1043 1044//1044 1045//1045
f 1046//1046 1047//1047 1048//1048
f 1049//1049 1050//1050 1051//1051
f 1052//1052 1053//1053 1054//1054
f 1055//1055 1056//1056 1057//1057
f 1058//1058 1059//1059 1060//1060
f 1061//1061 1062//1062 1063//1063
f 1064//1064 1065//1065 1066//1066
f 1067//1067 1068//1068 1069//1069
f 1070//1070 1071//1071 1072//1072
f 1073//1073 1074//1074 1075//1075
f 1076//1076 1077//1077 1078//1078
f 1079//1079 1080//1080 1081//1081
f 1082//1082 1083//1083 1084//1084
f 1085//1085 1086//1086 1087//1087
f 1088//1088 1089//1089 1090//1090
f 1091//1091 1092//1092 1093//1093
f 1094//1094 1095//1095 1096//1096
f 1097//1097 1098//1098 1099//1099
f 1100//1100 1101//1101 1102//1102
f 1103//1103 1104//1104 1105//1105
f 1106//1106 1107//1107 1108//1108
f 1109//1109 1110//1110 1111//1111
f 1112//1112 1113//1113 1114//1114
f 1115//1115 1116//1116 1117//1117
f 1118//1118 1119//1119 1120//1120
f 1121//1121 1122//1122 1123//1123
f 1124//1124 1125//1125 1126//1126
f 1127//1127 1128//1128 1129//1129
f 1130//1130 1131//1131 1132//1132
f 1133//1133 1134//1134 1135//1135
f 1136//1136 1137//1137 1138//1138
f 1139//1139 1140//1140 1141//1141
f 1142//1142 1143//1143 1144//1144
f 1145//1145 1146//1146 1147//1147
f 1148//1148 1149//1149 1150//1150
f 1151//1151 1152//1152 1153//1153
f 1154//1154 1155//1155 1156//1156
f 1157//1157 1158//1158 1159//1159
f 1160//1160 1161//1161 1162//1162
f 1163//1163 1164//1164 1165//1165
f 1166//1166 1167//1167 1168//1168
f 1169//1169 1170//1170 1171//1171
f 1172//1172 1173//1173 1174//1174
f 1175//1175 1176//1176 1177//1177
f 1178//1178 1179//1179 1180//1180
f 1181//1181 1182//1182 1183//1183
f 1184//1184 1185//1185 1186//1186
f 1187//1187 1188//1188 1189//1189
f 1190//1190 1191//1191 1192//1192
f 1193//1193 1194//1194 1195//1195
f 1196//1196 1197//1197 1198//1198
f 1199//1199 1200//1200 1201//1201
f 1202//1202 1203//1203 1204//1204
f 1205//1205 1206//1206 1207//1207
f 1208//1208 1209//1209 1210//1210
f 1211//1211 1212//1212 1213//1213
f 1214//1214 1215//1215 1216//1216
f 1217//1217 1218//1218 1219//1219
f 1220//1220 1221//1221 1222//1222
f 1223//1223 1224//1224 1225//1225
f 1226//1226 1227//1227 1228//1228
f 1229//1229 1230//1230 1231//1231
f 1232//1232 1233//1233 1234//1234
f 1235//1235 1236//1236 1237//1237
f 1238//1238 1239//1239 1240//1240
f 1241//1241 1242//1242 1243//1243
f 1244//1244 1245//1245 1246//1246
f 1247//1247 1248//1248 1249//1249
f 1250//1250 1251//1251 1252//1252
f 1253//1253 1254//1254 1255//1255
f 1256//1256 1257//1257 1258//1258
f 1259//1259 1260//1260 1261//1261
f 1262//1262 1263//1263 1264//1264
f 1265//1265 1266//1266 1267//1267
f 1268//1268 1269//1269 1270//1270
f 1271//1271 1272//1272 1273//1273
f 1274//1274 1275//1275 1276//1276
f 1277//1277 1278//1278 1279//1279
f 1280//1280 1281//1281 1282//1282
f 1283//1283 1284//1284 1285//1285
f 1286//1286 1287//1287 1288//1288
f 1289//1289 1290//1290 1291//1291
f 1292//1292 1293//1293 1294//1294
f 1295//1295 1296//1296 1297//1297
f 1298//1298 1299//1299 1300//1300
f 1301//1301 1302//1302 1303//1303
f 1304//1304 1305//1305 1306//1306
f 1307//1307 1308//1308 1309//1309
f 1310//1310 1311//1311 1312//1312
f 1313//1313 1314//1314 1315//1315
f 1316//1316 1317//1317 1318//1318
f 1319//1319 1320//1320 1321//1321
f 1322//1322 1323//1323 1324//1324
f 1325//1325 1326//1326 1327//1327
f 1328//1328 1329//1329 1330//1330
f 1331//1331 1332//1332 1333//1333
f 1334//1334 1335//1335 1336//1336
f 1337//1337 1338//1338 1339//1339
f 1340//1340 1341//1341 1342//1342
f 1343//1343 1344//1344 1345//1345
f 1346//1346 1347//1347 1348//1348
f 1349//1349 1350//1350 1351//1351
f 1352//1352 1353//1353 1354//1354
f 1355//1355 1356//1356 1357//1357
f 1358//1358 1359//1359 1360//1360
f 1361//1361 1362//1362 1363//1363
f 1364//1364 1365//1365 1366//1366
f 1366//1366 1365//1365 1367//1367
f 1368//1368 1369//1369 1370//1370
f 1371//1371 1372//1372 1373//1373
f 1374//1374 1375//1375 1376//1376
f 1377//1377 1378//1378 1379//1379
f 1380//1380 1381//1381 1382//1382
f 1383//1383 1384//1384 1385//1385
f 1386//1386 1387//1387 1388//1388
f 1389//1389 1390//1390 1391//1391
f 1392//1392 1393//1393 1394//1394
f 1395//1395 1396//1396 1397//1397
f 1398//1398 1399//1399 1400//1400
f 1401//1401 1402//1402 1403//1403
f 1404//1404 1405//1405 1406//1406
f 1407//1407 1408//1408 1409//1409
f 1410//1410 1411//1411 1412//1412
f 1413//1413 1414//1414 1415//1415
f 1416//1416 1417//1417 1418//1418
f 1419//1419 1420//1420 1421//1421
f 1422//1422 1423//1423 1424//1424
f 1425//1425 1426//1426 1427//1427
f 1428//1428 1429//1429 1430//1430
f 1431//1431 1432//1432 1433//1433
f 1434//1434 1435//1435 1436//1436
f 1437//1437 1438//1438 1439//1439
f 1440//1440 1441//1441 1442//1442
f 1443//1443 1444//1444 1445//1445
f 1446//1446 1447//1447 1448//1448
f 1449//1449 1450//1450 1451//1451
f 1452//1452 1453//1453 1454//1454
f 1455//1455 1456//1456 1457//1457
f 1458//1458 1459//1459 1460//1460
f 1461//1461 1462//1462 1463//1463
f 1464//1464 1465//1465 1466//1466
f 1467//1467 1468//1468 1469//1469
f 1470//1470 1471//1471 1472//1472
f 1473//1473 1474//1474 1475//1475
f 1476//1476 1477//1477 1478//1478
f 1479//1479 1480//1480 1481//1481
f 1482//1482 1483//1483 1484//1484
f 1485//1485 1486//1486 1487//1487
f 1488//1488 1489//1489 1490//1490
f 1491//1491 1492//1492 1493//1493
f 1494//1494 1495//1495 1496//1496
f 1497//1497 1498//1498 1499//1499
f 1500//1500 1501//1501 1502//1502
f 1503//1503 1504//1504 1505//1505
f 1506//1506 1507//1507 1508//1508
f 1509//1509 1510//1510 1511//1511
f 1512//1512 1513//1513 1514//1514
f 1515//1515 1516//1516 1517//1517
f 1518//1518 1519//1519 1520//1520
f 1521//1521 1522//1522 1523//1523
f 1524//1524 1525//1525 1526//1526
f 1527//1527 1528//1528 1529//1529
f 1530//1530 1531//1531 1532//1532
f 1533//1533 1534//1534 1535//1535
f 1536//1536 1537//1537 1538//1538
f 1539//1539 1540//1540 1541//1541
f 1542//1542 1543//1543 1544//1544
f 1545//1545 1546//1546 1547//1547
f 1548//1548 1549//1549 1550//1550
f 1551//1551 1552//1552 1553//1553
f 1554//1554 1555//1555 1556//1556
f 1557//1557 1558//1558 1559//1559
f 1560//1560 1561//1561 1562//1562
f 1563//1563 1564//1564 1565//1565
f 1566//1566 1567//1567 1568//1568
f 1569//1569 1570//1570 1571//1571
f 1572//1572 1573//1573 1574//1574
f 1575//1575 1576//1576 1577//1577
f 1578//1578 1579//1579 1580//1580
f 1581//1581 1582//1582 1583//1583
f 1584//1584 1585//1585 1586//1586
f 1587//1587 1588//1588 1589//1589
f 1590//1590 1591//1591 1592//1592
f 1593//1593 1594//1594 1595//1595
f 1596//1596 1597//1597 1598//1598
f 1599//1599 1600//1600 1601//1601
f 1602//1602 1603//1603 1604//1604
f 1605//1605 1606//1606 1607//1607
f 1608//1608 1609//1609 1610//1610
f 1611//1611 1612//1612 1613//1613
f 1614//1614 1615//1615 1616//1616
f 1617//1617 1618//1618 1619//1619
f 1620//1620 1621//1621 1622//1622
f 1623//1623 1624//1624 1625//1625
f 1626//1626 1627//1627 1628//1628
f 1629//1629 1630//1630 1631//1631
f 1632//1632 1633//1633 1634//1634
f 1635//1635 1636//1636 1637//1637
f 1638//1638 1639//1639 1640//1640
f 1641//1641 1642//1642 1643//1643
f 1644//1644 1645//1645 1646//1646
f 1647//1647 1648//1648 1649//1649
f 1650//1650 1651//1651 1652//1652
f 1653//1653 1654//1654 1655//1655
f 1656//1656 1657//1657 1658//1658
f 1659//1659 1660//1660 1661//1661
f 1662//1662 1663//1663 1664//1664
f 1665//1665 1666//1666 1667//1667
f 1668//1668 1669//1669 1670//1670
f 1671//1671 1672//1672 1673//1673
f 1674//1674 1675//1675 1676//1676
f 1677//1677 1678//1678 1679//1679
f 1680//1680 1681//1681 1682//1682
f 1683//1683 1684//1684 1685//1685
f 1686//1686 1687//1687 1688//1688
f 1689//1689 1690//1690 1691//1691
f 1692//1692 1693//1693 1694//1694
f 1695//1695 1696//1696 1697//1697
f 1698//1698 1699//1699 1700//1700
f 1700//1700 1699//1699 1701//1701
f 1702//1702 1703//1703 1704//1704
f 1704//1704 1703//1703 1705//1705
f 1706//1706 1707//1707 1708//1708
f 1708//1708 1707//1707 1709//1709
f 1710//1710 1711//1711 1712//1712
f 1712//1712 1711//1711 1713//1713
f 1714//1714 1715//1715 1716//1716
f 1716//1716 1715//1715 1717//1717
f 1718//1718 1719//1719 1720//1720
f 1720//1720 1719//1719 1721//1721
f 1722//1722 1723//1723 1724//1724
f 1724//1724 1723//1723 1725//1725
f 1726//1726 1727//1727 1728//1728
f 1728//1728 1727//1727 1729//1729
f 1730//1730 1731//1731 1732//1732
f 1732//1732 1731//1731 1733//1733
f 1734//1734 1735//1735 1736//1736
f 1736//1736 1735//1735 1737//1737
f 1738//1738 1739//1739 1740//1740
f 1738//1738 1740//1740 1741//1741
f 1742//1742 1743//1743 1744//1744
f 1745//1745 1746//1746 1747//1747
f 1748//1748 1749//1749 1750//1750
f 1750//1750 1749//1749 1751//1751
f 1752//1752 1753//1753 1754//1754
f 1755//1755 1756//1756 1757//1757
f 1758//1758 1759//1759 1760//1760
f 1760//1760 1759//1759 1761//1761
f 1762//1762 1763//1763 1764//1764
f 1765//1765 1766//1766 1767//1767
f 1768//1768 1769//1769 1770//1770
f 1770//1770 1769//1769 1771//1771
f 1772//1772 1773//1773 1774//1774
f 1774//1774 1773//1773 1775//1775
f 1776//1776 1777//1777 1778//1778
f 1778//1778 1777//1777 1779//1779
f 1780//1780 1781//1781 1782//1782
f 1782//1782 1781//1781 1783//1783
f 1784//1784 1785//1785 1786//1786
f 1786//1786 1785//1785 1787//1787
f 1788//1788 1789//1789 1790//1790
f 1790//1790 1789//1789 1791//1791
f 1792//1792 1793//1793 1794//1794
f 1794//1794 1793//1793 1795//1795
f 1796//1796 1797//1797 1798//1798
f 1798//1798 1797//1797 1799//1799
f 1800//1800 1801//1801 1802//1802
f 1802//1802 1801//1801 1803//1803
f 1804//1804 1805//1805 1806//1806
f 1806//1806 1805//1805 1807//1807
f 1808//1808 1809//1809 1810//1810
f 1810//1810 1809//1809 1811//1811
f 1812//1812 1813//1813 1814//1814
f 1814//1814 1813//1813 1815//1815
f 1816//1816 1817//1817 1818//1818
f 1818//1818 1817//1817 1819//1819
f 1820//1820 1821//1821 1822//1822
f 1822//1822 1821//1821 1823//1823
f 1824//1824 1825//1825 1826//1826
f 1827//1827 1828//1828 1829//1829
f 1830//1830 1831//1831 1832//1832
f 1833//1833 1834//1834 1835//1835
f 1836//1836 1837//1837 1838//1838
f 1839//1839 1840//1840 1841//1841
f 1842//1842 1843//1843 1844//1844
f 1845//1845 1846//1846 1847//1847
f 1848//1848 1849//1849 1850//1850
f 1850//1850 1849//1849 1851//1851
f 1852//1852 1853//1853 1854//1854
f 1855//1855 1856//1856 1857//1857
f 1858//1858 1859//1859 1860//1860
f 1860//1860 1859//1859 1861//1861
f 1862//1862 1863//1863 1864//1864
f 1862//1862 1864//1864 1865//1865
f 1866//1866 1867//1867 1868//1868
f 1869//1869 1870//1870 1871//1871
f 1872//1872 1873//1873 1874//1874
f 1874//1874 1873//1873 1875//1875
f 1876//1876 1877//1877 1878//1878
f 1878//1878 1877//1877 1879//1879
f 1880//1880 1881//1881 1882//1882
f 1883//1883 1884//1884 1885//1885
f 1886//1886 1887//1887 1888//1888
f 1888//1888 1887//1887 1889//1889
f 1890//1890 1891//1891 1892//1892
f 1892//1892 1891//1891 1893//1893
f 1894//1894 1895//1895 1896//1896
f 1896//1896 1895//1895 1897//1897
f 1898//1898 1899//1899 1900//1900
f 1900//1900 1899//1899 1901//1901
f 1902//1902 1903//1903 1904//1904
f 1905//1905 1906//1906 1907//1907
f 1908//1908 1909//1909 1910//1910
f 1910//1910 1909//1909 1911//1911
f 1912//1912 1913//1913 1914//1914
f 1914//1914 1913//1913 1915//1915
f 1916//1916 1917//1917 1918//1918
f 1919//1919 1920//1920 1921//1921
f 1922//1922 1923//1923 1924//1924
f 1925//1925 1926//1926 1927//1927
f 1928//1928 1929//1929 1930//1930
f 1930//1930 1929//1929 1931//1931
f 1932//1932 1933//1933 1934//1934
f 1934//1934 1933//1933 1935//1935
f 1936//1936 1937//1937 1938//1938
f 1938//1938 1937//1937 1939//1939
f 1940//1940 1941//1941 1942//1942
f 1942//1942 1941//1941 1943//1943
f 1944//1944 1945//1945 1946//1946
f 1946//1946 1945//1945 1947//1947
f 1948//1948 1949//1949 1950//1950
f 1950//1950 1949//1949 1951//1951
f 1952//1952 1953//1953 1954//1954
f 1955//1955 1956//1956 1957//1957
f 1958//1958 1959//1959 1960//1960
f 1960//1960 1959//1959 1961//1961
f 1962//1962 1963//1963 1964//1964
f 1964//1964 1963//1963 1965//1965
f 1966//1966 1967//1967 1968//1968
f 1968//1968 1967//1967 1969//1969
f 1970//1970 1971//1971 1972//1972
f 1972//1972 1971//1971 1973//1973
f 1974//1974 1975//1975 1976//1976
f 1976//1976 1975//1975 1977//1977
f 1978//1978 1979//1979 1980//1980
f 1980//1980 1979//1979 1981//1981
f 1982//1982 1983//1983 1984//1984
f 1984//1984 1983//1983 1985//1985
f 1986//1986 1987//1987 1988//1988
f 1989//1989 1990//1990 1991//1991
f 1992//1992 1993//1993 1994//1994
f 1995//1995 1996//1996 1997//1997
f 1998//1998 1999//1999 2000//2000
f 2001//2001 2002//2002 2003//2003
f 2004//2004 2005//2005 2006//2006
f 2007//2007 2008//2008 2009//2009
f 2010//2010 2011//2011 2012//2012
f 2013//2013 2014//2014 2015//2015
f 2016//2016 2017//2017 2018//2018
f 2019//2019 2020//2020 2021//2021
f 2022//2022 2023//2023 2024//2024
f 2025//2025 2026//2026 2027//2027
f 2028//2028 2029//2029 2030//2030
f 2031//2031 2032//2032 2033//2033
f 2034//2034 2035//2035 2036//2036
f 2037//2037 2038//2038 2039//2039
f 2040//2040 2041//2041 2042//2042
f 2043//2043 2044//2044 2045//2045
f 2046//2046 2047//2047 2048//2048
f 2049//2049 2050//2050 2051//2051
f 2052//2052 2053//2053 2054//2054
f 2055//2055 2056//2056 2057//2057
f 2058//2058 2059//2059 2060//2060
f 2061//2061 2062//2062 2063//2063
f 2064//2064 2065//2065 2066//2066
f 2067//2067 2068//2068 2069//2069
f 2070//2070 2071//2071 2072//2072
f 2073//2073 2074//2074 2075//2075
f 2076//2076 2077//2077 2078//2078
f 2079//2079 2080//2080 2081//2081
f 2082//2082 2083//2083 2084//2084
f 2085//2085 2086//2086 2087//2087
f 2088//2088 2089//2089 2090//2090
f 2091//2091 2092//2092 2093//2093
f 2094//2094 2095//2095 2096//2096
f 2097//2097 2098//2098 2099//2099
f 2100//2100 2101//2101 2102//2102
f 2103//2103 2104//2104 2105//2105
f 2106//2106 2107//2107 2108//2108
f 2109//2109 2110//2110 2111//2111
f 2112//2112 2113//2113 2114//2114
f 2115//2115 2116//2116 2117//2117
f 2118//2118 2119//2119 2120//2120
f 2121//2121 2122//2122 2123//2123
f 2124//2124 2125//2125 2126//2126
f 2127//2127 2128//2128 2129//2129
f 2130//2130 2131//2131 2132//2132
f 2133//2133 2134//2134 2135//2135
f 2136//2136 2137//2137 2138//2138
f 2139//2139 2140//2140 2141//2141
f 2142//2142 2143//2143 2144//2144
f 2145//2145 2146//2146 2147//2147
f 2148//2148 2149//2149 2150//2150
f 2151//2151 2152//2152 2153//2153
f 2154//2154 2155//2155 2156//2156
f 2157//2157 2158//2158 2159//2159
f 2160//2160 2161//2161 2162//2162
f 2163//2163 2164//2164 2165//2165
f 2166//2166 2167//2167 2168//2168
f 2169//2169 2170//2170 2171//2171
f 2172//2172 2173//2173 2174//2174
f 2175//2175 2176//2176 2177//2177
f 2178//2178 2179//2179 2180//2180
f 2181//2181 2182//2182 2183//2183
f 2184//2184 2185//2185 2186//2186
f 2187//2187 2188//2188 2189//2189
f 2190//2190 2191//2191 2192//2192
f 2193//2193 2194//2194 2195//2195
f 2196//2196 2197//2197 2198//2198
f 2199//2199 2200//2200 2201//2201
f 2202//2202 2203//2203 2204//2204
f 2205//2205 2206//2206 2207//2207
f 2208//2208 2209//2209 2210//2210
f 2211//2211 2212//2212 2213//2213
f 2214//2214 2215//2215 2216//2216
f 2217//2217 2218//2218 2219//2219
f 2220//2220 2221//2221 2222//2222
f 2223//2223 2224//2224 2225//2225
f 2226//2226 2227//2227 2228//2228
f 2229//2229 2230//2230 2231//2231
f 2232//2232 2233//2233 2234//2234
f 2235//2235 2236//2236 2237//2237
f 2235//2235 2237//2237 2238//2238
f 2239//2239 2240//2240 2241//2241
f 2242//2242 2243//2243 2244//2244
f 2245//2245 2246//2246 2247//2247
f 2248//2248 2249//2249 2250//2250
f 2251//2251 2252//2252 2253//2253
f 2254//2254 2255//2255 2256//2256
f 2257//2257 2258//2258 2259//2259
f 2260//2260 2261//2261 2262//2262
f 2263//2263 2264//2264 2265//2265
f 2266//2266 2267//2267 2268//2268
f 2269//2269 2270//2270 2271//2271
f 2272//2272 2273//2273 2274//2274
f 2275//2275 2276//2276 2277//2277
f 2278//2278 2279//2279 2280//2280
f 2281//2281 2282//2282 2283//2283
f 2284//2284 2285//2285 2286//2286
f 2287//2287 2288//2288 2289//2289
f 2290//2290 2291//2291 2292//2292
f 2293//2293 2294//2294 2295//2295
f 2296//2296 2297//2297 2298//2298
f 2299//2299 2300//2300 2301//2301
f 2302//2302 2303//2303 2304//2304
f 2305//2305 2306//2306 2307//2307
f 2308//2308 2309//2309 2310//2310
f 2311//2311 2312//2312 2313//2313
f 2314//2314 2315//2315 2316//2316
f 2317//2317 2318//2318 2319//2319
f 2320//2320 2321//2321 2322//2322
f 2323//2323 2324//2324 2325//2325
f 2326//2326 2327//2327 2328//2328
f 2329//2329 2330//2330 2331//2331
f 2332//2332 2333//2333 2334//2334
f 2335//2335 2336//2336 2337//2337
f 2338//2338 2339//2339 2340//2340
f 2341//2341 2342//2342 2343//2343
f 2344//2344 2345//2345 2346//2346
f 2347//2347 2348//2348 2349//2349
f 2350//2350 2351//2351 2352//2352
f 2353//2353 2354//2354 2355//2355
f 2356//2356 2357//2357 2358//2358
f 2359//2359 2360//2360 2361//2361
f 2362//2362 2363//2363 2364//2364
f 2365//2365 2366//2366 2367//2367
f 2368//2368 2369//2369 2370//2370
f 2369//2369 2371//2371 2370//2370
f 2372//2372 2373//2373 2374//2374
f 2375//2375 2376//2376 2377//2377
f 2378//2378 2379//2379 2380//2380
f 2381//2381 2382//2382 2383//2383
f 2384//2384 2385//2385 2386//2386
f 2387//2387 2388//2388 2389//2389
f 2390//2390 2391//2391 2392//2392
f 2393//2393 2394//2394 2395//2395
f 2396//2396 2397//2397 2398//2398
f 2399//2399 2400//2400 2401//2401
f 2402//2402 2403//2403 2404//2404
f 2405//2405 2406//2406 2407//2407
f 2408//2408 2409//2409 2410//2410
f 2411//2411 2412//2412 2413//2413
f 2414//2414 2415//2415 2416//2416
f 2417//2417 2418//2418 2419//2419
f 2420//2420 2421//2421 2422//2422
f 2423//2423 2424//2424 2425//2425
f 2426//2426 2427//2427 2428//2428
f 2429//2429 2430//2430 2431//2431
f 2432//2432 2433//2433 2434//2434
f 2435//2435 2436//2436 2437//2437
f 2438//2438 2439//2439 2440//2440
f 2441//2441 2442//2442 2443//2443
f 2444//2444 2445//2445 2446//2446
f 2447//2447 2448//2448 2449//2449
f 2450//2450 2451//2451 2452//2452
f 2453//2453 2454//2454 2455//2455
f 2456//2456 2457//2457 2458//2458
f 2459//2459 2460//2460 2461//2461
f 2462//2462 2463//2463 2464//2464
f 2465//2465 2466//2466 2467//2467
f 2468//2468 2469//2469 2470//2470
f 2471//2471 2472//2472 2473//2473
f 2474//2474 2475//2475 2476//2476
f 2477//2477 2478//2478 2479//2479
f 2480//2480 2481//2481 2482//2482
f 2483//2483 2484//2484 2485//2485
f 2486//2486 2487//2487 2488//2488
f 2489//2489 2490//2490 2491//2491
f 2492//2492 2493//2493 2494//2494
f 2495//2495 2496//2496 2497//2497
f 2498//2498 2499//2499 2500//2500
f 2501//2501 2502//2502 2503//2503
f 2504//2504 2505//2505 2506//2506
f 2507//2507 2508//2508 2509//2509
f 2510//2510 2511//2511 2512//2512
f 2513//2513 2514//2514 2515//2515
f 2516//2516 2517//2517 2518//2518
f 2519//2519 2520//2520 2521//2521
f 2522//2522 2523//2523 2524//2524
f 2522//2522 2524//2524 2525//2525
f 2526//2526 2527//2527 2528//2528
f 2529//2529 2530//2530 2531//2531
f 2532//2532 2213//2213 2212//2212
f 2533//2533 2534//2534 2535//2535
f 2536//2536 2537//2537 2538//2538
f 2539//2539 2540//2540 2541//2541
f 2542//2542 2543//2543 2544//2544
f 2545//2545 2546//2546 2547//2547
f 2548//2548 2549//2549 2550//2550
f 2551//2551 2552//2552 2553//2553
f 2554//2554 2555//2555 2556//2556
f 2557//2557 2558//2558 2559//2559
f 2560//2560 2561//2561 2562//2562
f 2563//2563 2564//2564 2565//2565
f 2566//2566 2567//2567 2568//2568
f 2569//2569 2570//2570 2571//2571
f 2572//2572 2573//2573 2574//2574
f 2575//2575 2576//2576 2577//2577
f 2578//2578 2579//2579 2580//2580
f 2581//2581 2582//2582 2583//2583
f 2584//2584 2585//2585 2586//2586
f 2587//2587 2588//2588 2589//2589
f 2590//2590 2591//2591 2592//2592
f 2593//2593 2594//2594 2595//2595
f 2596//2596 2597//2597 2598//2598
f 2599//2599 2600//2600 2601//2601
f 2602//2602 2603//2603 2604//2604
f 2605//2605 2606//2606 2607//2607
f 2608//2608 2609//2609 2610//2610
f 2611//2611 2612//2612 2613//2613
f 2614//2614 2615//2615 2616//2616
f 2617//2617 2618//2618 2619//2619
f 2620//2620 2621//2621 2622//2622
f 2623//2623 2624//2624 2625//2625
f 2626//2626 2627//2627 2628//2628
f 2629//2629 2630//2630 2631//2631
f 2632//2632 2633//2633 2634//2634
f 2635//2635 2636//2636 2637//2637
f 2638//2638 2639//2639 2640//2640
f 2641//2641 2642//2642 2643//2643
f 2644//2644 2645//2645 2646//2646
f 2647//2647 2648//2648 2649//2649
f 2650//2650 2651//2651 2652//2652
f 2653//2653 2654//2654 2655//2655
f 2656//2656 2657//2657 2658//2658
f 2659//2659 2660//2660 2661//2661
f 2662//2662 2663//2663 2664//2664
f 2665//2665 2666//2666 2667//2667
f 2668//2668 2669//2669 2670//2670
f 2671//2671 2672//2672 2673//2673
f 2674//2674 2675//2675 2676//2676
f 2677//2677 2678//2678 2679//2679
f 2680//2680 2681//2681 2682//2682
f 2683//2683 2684//2684 2685//2685
f 2686//2686 2687//2687 2688//2688
f 2689//2689 2690//2690 2691//2691
f 2692//2692 2693//2693 2694//2694
f 2695//2695 2696//2696 2697//2697
f 2698//2698 2699//2699 2700//2700
f 2701//2701 2702//2702 2703//2703
f 2704//2704 2705//2705 2706//2706
f 2707//2707 2708//2708 2709//2709
f 2710//2710 2711//2711 2712//2712
f 2713//2713 2714//2714 2715//2715
f 2716//2716 2717//2717 2718//2718
f 2719//2719 2720//2720 2721//2721
f 2722//2722 2723//2723 2724//2724
f 2725//2725 2726//2726 2727//2727
f 2728//2728 2729//2729 2730//2730
f 2731//2731 2732//2732 2733//2733
f 2734//2734 2735//2735 2736//2736
f 2737//2737 2738//2738 2739//2739
f 2740//2740 2741//2741 2742//2742
f 2743//2743 2744//2744 2745//2745
f 2746//2746 2747//2747 2748//2748
f 2749//2749 2750//2750 2751//2751
f 2752//2752 2753//2753 2754//2754
f 2755//2755 2756//2756 2757//2757
f 2758//2758 2759//2759 2760//2760
f 2761//2761 2762//2762 2763//2763
f 2764//2764 2765//2765 2766//2766
f 2767//2767 2768//2768 2769//2769
f 2770//2770 2771//2771 2772//2772
f 2773//2773 2774//2774 2775//2775
f 2776//2776 2777//2777 2778//2778
f 2779//2779 2780//2780 2781//2781
f 2782//2782 2783//2783 2784//2784
f 2785//2785 2786//2786 2787//2787
f 2788//2788 2789//2789 2790//2790
f 2789//2789 2791//2791 2790//2790
f 2792//2792 2793//2793 2794//2794
f 2795//2795 2796//2796 2797//2797
f 2798//2798 2799//2799 2800//2800
f 2801//2801 2802//2802 2803//2803
f 2804//2804 2805//2805 2806//2806
f 2807//2807 2808//2808 2809//2809
f 2810//2810 2811//2811 2812//2812
f 2813//2813 2814//2814 2815//2815
f 2816//2816 2817//2817 2818//2818
f 2819//2819 2820//2820 2821//2821
f 2822//2822 2823//2823 2824//2824
f 2825//2825 2826//2826 2827//2827
f 2828//2828 2829//2829 2830//2830
f 2831//2831 2832//2832 2833//2833
f 2834//2834 2835//2835 2836//2836
f 2837//2837 2838//2838 2839//2839
f 2840//2840 2841//2841 2842//2842
f 2843//2843 2844//2844 2845//2845
f 2846//2846 2847//2847 2848//2848
f 2849//2849 2850//2850 2851//2851
f 2852//2852 2853//2853 2854//2854
f 2855//2855 2856//2856 2857//2857
f 2858//2858 2859//2859 2860//2860
f 2859//2859 2861//2861 2860//2860
f 2862//2862 2863//2863 2864//2864
f 2865//2865 2866//2866 2867//2867
f 2868//2868 2869//2869 2870//2870
f 2871//2871 2872//2872 2873//2873
f 2874//2874 2875//2875 2876//2876
f 2877//2877 2878//2878 2879//2879
f 2880//2880 2881//2881 2882//2882
f 2883//2883 2884//2884 2885//2885
f 2886//2886 2887//2887 2888//2888
f 2889//2889 2890//2890 2891//2891
f 2892//2892 2893//2893 2894//2894
f 2895//2895 2896//2896 2897//2897
f 2898//2898 2899//2899 2900//2900
f 2901//2901 2902//2902 2903//2903
f 2904//2904 2905//2905 2906//2906
f 2907//2907 2908//2908 2909//2909
f 2910//2910 2911//2911 2912//2912
f 2913//2913 2914//2914 2915//2915
f 2916//2916 2917//2917 2918//2918
f 2919//2919 2920//2920 2921//2921
f 2922//2922 2923//2923 2924//2924
f 2925//2925 2926//2926 2927//2927
f 2928//2928 2929//2929 2930//2930
f 2931//2931 2932//2932 2933//2933
f 2934//2934 2935//2935 2936//2936
f 2937//2937 2938//2938 2939//2939
f 2940//2940 2941//2941 2942//2942
f 2943//2943 2944//2944 2945//2945
f 2946//2946 2947//2947 2948//2948
f 2949//2949 2950//2950 2951//2951
f 2952//2952 2953//2953 2954//2954
f 2955//2955 2956//2956 2957//2957
f 2958//2958 2959//2959 2960//2960
f 2961//2961 2962//2962 2963//2963
f 2964//2964 2965//2965 2966//2966
f 2967//2967 2968//2968 2969//2969
f 2970//2970 2971//2971 2972//2972
f 2973//2973 2974//2974 2975//2975
f 2976//2976 2977//2977 2978//2978
f 2979//2979 2980//2980 2981//2981
f 2982//2982 2983//2983 2984//2984
f 2985//2985 2986//2986 2987//2987
f 2988//2988 2989//2989 2990//2990
f 2991//2991 2992//2992 2993//2993
f 2994//2994 2995//2995 2996//2996
f 2997//2997 2998//2998 2999//2999
f 3000//3000 3001//3001 3002//3002
f 3003//3003 3004//3004 3005//3005
f 3006//3006 3007//3007 3008//3008
f 3009//3009 3010//3010 3011//3011
f 3012//3012 3013//3013 3014//3014
f 3015//3015 3016//3016 3017//3017
f 3018//3018 3019//3019 3020//3020
f 3021//3021 3022//3022 3023//3023
f 3024//3024 3025//3025 3026//3026

